step,direction,divergence,bound,loss_gap
0,trajectory_aligned,0.0,0.0,0.0
1,trajectory_aligned,0.0,0.0,0.0
2,trajectory_aligned,0.0,0.0,0.0
3,trajectory_aligned,0.0,0.0,0.0
4,trajectory_aligned,0.0,0.0,0.0
5,trajectory_aligned,0.0,0.0,0.0
6,trajectory_aligned,0.0,0.0,0.0
7,trajectory_aligned,0.0,0.0,0.0
8,trajectory_aligned,0.0,0.0,0.0
9,trajectory_aligned,0.0,0.0,0.0
10,trajectory_aligned,0.0,0.0,0.0
11,trajectory_aligned,0.0,0.0,0.0
12,trajectory_aligned,0.0,0.0,0.0
13,trajectory_aligned,0.0,0.0,0.0
14,trajectory_aligned,0.0,0.0,0.0
15,trajectory_aligned,0.0,0.0,0.0
16,trajectory_aligned,0.0,0.0,0.0
17,trajectory_aligned,0.0,0.0,0.0
18,trajectory_aligned,0.0,0.0,0.0
19,trajectory_aligned,0.0,0.0,0.0
20,trajectory_aligned,0.0,0.0,0.0
21,trajectory_aligned,0.0,0.0,0.0
22,trajectory_aligned,0.0,0.0,0.0
23,trajectory_aligned,0.0,0.0,0.0
24,trajectory_aligned,0.0,0.0,0.0
25,trajectory_aligned,0.0,0.0,0.0
26,trajectory_aligned,0.0,0.0,0.0
27,trajectory_aligned,0.0,0.0,0.0
28,trajectory_aligned,0.0,0.0,0.0
29,trajectory_aligned,0.0,0.0,0.0
30,trajectory_aligned,0.0,0.0,0.0
31,trajectory_aligned,0.0,0.0,0.0
32,trajectory_aligned,0.0,0.0,0.0
33,trajectory_aligned,0.0,0.0,0.0
34,trajectory_aligned,0.0,0.0,0.0
35,trajectory_aligned,0.0,0.0,0.0
36,trajectory_aligned,0.0,0.0,0.0
37,trajectory_aligned,0.0,0.0,0.0
38,trajectory_aligned,0.0,0.0,0.0
39,trajectory_aligned,0.0,0.0,0.0
40,trajectory_aligned,0.0,0.0,0.0
41,trajectory_aligned,0.0,0.0,0.0
42,trajectory_aligned,0.0,0.0,0.0
43,trajectory_aligned,0.0,0.0,0.0
44,trajectory_aligned,0.0,0.0,0.0
45,trajectory_aligned,0.0,0.0,0.0
46,trajectory_aligned,0.0,0.0,0.0
47,trajectory_aligned,0.0,0.0,0.0
48,trajectory_aligned,0.0,0.0,0.0
49,trajectory_aligned,0.0,0.0,0.0
50,trajectory_aligned,0.0,0.0,0.0
51,trajectory_aligned,0.0,0.0,0.0
52,trajectory_aligned,0.0,0.0,0.0
53,trajectory_aligned,0.0,0.0,0.0
54,trajectory_aligned,0.0,0.0,0.0
55,trajectory_aligned,0.0,0.0,0.0
56,trajectory_aligned,0.0,0.0,0.0
57,trajectory_aligned,0.0,0.0,0.0
58,trajectory_aligned,0.0,0.0,0.0
59,trajectory_aligned,0.0,0.0,0.0
60,trajectory_aligned,0.0,0.0,0.0
61,trajectory_aligned,0.0,0.0,0.0
62,trajectory_aligned,0.0,0.0,0.0
63,trajectory_aligned,0.0,0.0,0.0
64,trajectory_aligned,0.0,0.0,0.0
65,trajectory_aligned,0.0,0.0,0.0
66,trajectory_aligned,0.0,0.0,0.0
67,trajectory_aligned,0.0,0.0,0.0
68,trajectory_aligned,0.0,0.0,0.0
69,trajectory_aligned,0.0,0.0,0.0
70,trajectory_aligned,0.0,0.0,0.0
71,trajectory_aligned,0.0,0.0,0.0
72,trajectory_aligned,0.0,0.0,0.0
73,trajectory_aligned,0.0,0.0,0.0
74,trajectory_aligned,0.0,0.0,0.0
75,trajectory_aligned,0.0,0.0,0.0
76,trajectory_aligned,0.0,0.0,0.0
77,trajectory_aligned,0.0,0.0,0.0
78,trajectory_aligned,0.0,0.0,0.0
79,trajectory_aligned,0.0,0.0,0.0
80,trajectory_aligned,0.0,0.0,0.0
81,trajectory_aligned,0.0,0.0,0.0
82,trajectory_aligned,0.0,0.0,0.0
83,trajectory_aligned,0.0,0.0,0.0
84,trajectory_aligned,0.0,0.0,0.0
85,trajectory_aligned,0.0,0.0,0.0
86,trajectory_aligned,0.0,0.0,0.0
87,trajectory_aligned,0.0,0.0,0.0
88,trajectory_aligned,0.0,0.0,0.0
89,trajectory_aligned,0.0,0.0,0.0
90,trajectory_aligned,0.0,0.0,0.0
91,trajectory_aligned,0.0,0.0,0.0
92,trajectory_aligned,0.0,0.0,0.0
93,trajectory_aligned,0.0,0.0,0.0
94,trajectory_aligned,0.0,0.0,0.0
95,trajectory_aligned,0.0,0.0,0.0
96,trajectory_aligned,0.0,0.0,0.0
97,trajectory_aligned,0.0,0.0,0.0
98,trajectory_aligned,0.0,0.0,0.0
99,trajectory_aligned,0.0,0.0,0.0
100,trajectory_aligned,0.0,0.0,0.0
101,trajectory_aligned,0.0,0.0,0.0
102,trajectory_aligned,0.0,0.0,0.0
103,trajectory_aligned,0.0,0.0,0.0
104,trajectory_aligned,0.0,0.0,0.0
105,trajectory_aligned,0.0,0.0,0.0
106,trajectory_aligned,0.0,0.0,0.0
107,trajectory_aligned,0.0,0.0,0.0
108,trajectory_aligned,0.0,0.0,0.0
109,trajectory_aligned,0.0,0.0,0.0
110,trajectory_aligned,0.0,0.0,0.0
111,trajectory_aligned,0.0,0.0,0.0
112,trajectory_aligned,0.0,0.0,0.0
113,trajectory_aligned,0.0,0.0,0.0
114,trajectory_aligned,0.0,0.0,0.0
115,trajectory_aligned,0.0,0.0,0.0
116,trajectory_aligned,0.0,0.0,0.0
117,trajectory_aligned,0.0,0.0,0.0
118,trajectory_aligned,0.0,0.0,0.0
119,trajectory_aligned,0.0,0.0,0.0
120,trajectory_aligned,0.0,0.0,0.0
121,trajectory_aligned,0.0,0.0,0.0
122,trajectory_aligned,0.0,0.0,0.0
123,trajectory_aligned,0.0,0.0,0.0
124,trajectory_aligned,0.0,0.0,0.0
125,trajectory_aligned,0.0,0.0,0.0
126,trajectory_aligned,0.0,0.0,0.0
127,trajectory_aligned,0.0,0.0,0.0
128,trajectory_aligned,0.0,0.0,0.0
129,trajectory_aligned,0.0,0.0,0.0
130,trajectory_aligned,0.0,0.0,0.0
131,trajectory_aligned,0.0,0.0,0.0
132,trajectory_aligned,0.0,0.0,0.0
133,trajectory_aligned,0.0,0.0,0.0
134,trajectory_aligned,0.0,0.0,0.0
135,trajectory_aligned,0.0,0.0,0.0
136,trajectory_aligned,0.0,0.0,0.0
137,trajectory_aligned,0.0,0.0,0.0
138,trajectory_aligned,0.0,0.0,0.0
139,trajectory_aligned,0.0,0.0,0.0
140,trajectory_aligned,0.0,0.0,0.0
141,trajectory_aligned,0.0,0.0,0.0
142,trajectory_aligned,0.0,0.0,0.0
143,trajectory_aligned,0.0,0.0,0.0
144,trajectory_aligned,0.0,0.0,0.0
145,trajectory_aligned,0.0,0.0,0.0
146,trajectory_aligned,0.0,0.0,0.0
147,trajectory_aligned,0.0,0.0,0.0
148,trajectory_aligned,0.0,0.0,0.0
149,trajectory_aligned,0.0,0.0,0.0
150,trajectory_aligned,0.0,0.0,0.0
151,trajectory_aligned,0.0,0.0,0.0
152,trajectory_aligned,0.0,0.0,0.0
153,trajectory_aligned,0.0,0.0,0.0
154,trajectory_aligned,0.0,0.0,0.0
155,trajectory_aligned,0.0,0.0,0.0
156,trajectory_aligned,0.0,0.0,0.0
157,trajectory_aligned,0.0,0.0,0.0
158,trajectory_aligned,0.0,0.0,0.0
159,trajectory_aligned,0.0,0.0,0.0
160,trajectory_aligned,0.0,0.0,0.0
161,trajectory_aligned,0.0,0.0,0.0
162,trajectory_aligned,0.0,0.0,0.0
163,trajectory_aligned,0.0,0.0,0.0
164,trajectory_aligned,0.0,0.0,0.0
165,trajectory_aligned,0.0,0.0,0.0
166,trajectory_aligned,0.0,0.0,0.0
167,trajectory_aligned,0.0,0.0,0.0
168,trajectory_aligned,0.0,0.0,0.0
169,trajectory_aligned,0.0,0.0,0.0
170,trajectory_aligned,0.0,0.0,0.0
171,trajectory_aligned,0.0,0.0,0.0
172,trajectory_aligned,0.0,0.0,0.0
173,trajectory_aligned,0.0,0.0,0.0
174,trajectory_aligned,0.0,0.0,0.0
175,trajectory_aligned,0.0,0.0,0.0
176,trajectory_aligned,0.0,0.0,0.0
177,trajectory_aligned,0.0,0.0,0.0
178,trajectory_aligned,0.0,0.0,0.0
179,trajectory_aligned,0.0,0.0,0.0
180,trajectory_aligned,0.0,0.0,0.0
181,trajectory_aligned,0.0,0.0,0.0
182,trajectory_aligned,0.0,0.0,0.0
183,trajectory_aligned,0.0,0.0,0.0
184,trajectory_aligned,0.0,0.0,0.0
185,trajectory_aligned,0.0,0.0,0.0
186,trajectory_aligned,0.0,0.0,0.0
187,trajectory_aligned,0.0,0.0,0.0
188,trajectory_aligned,0.0,0.0,0.0
189,trajectory_aligned,0.0,0.0,0.0
190,trajectory_aligned,0.0,0.0,0.0
191,trajectory_aligned,0.0,0.0,0.0
192,trajectory_aligned,0.0,0.0,0.0
193,trajectory_aligned,0.0,0.0,0.0
194,trajectory_aligned,0.0,0.0,0.0
195,trajectory_aligned,0.0,0.0,0.0
196,trajectory_aligned,0.0,0.0,0.0
197,trajectory_aligned,0.0,0.0,0.0
198,trajectory_aligned,0.0,0.0,0.0
199,trajectory_aligned,0.0,0.0,0.0
200,trajectory_aligned,0.0,0.0,0.0
201,trajectory_aligned,0.0,0.0,0.0
202,trajectory_aligned,0.0,0.0,0.0
203,trajectory_aligned,0.0,0.0,0.0
204,trajectory_aligned,0.0,0.0,0.0
205,trajectory_aligned,0.0,0.0,0.0
206,trajectory_aligned,0.0,0.0,0.0
207,trajectory_aligned,0.0,0.0,0.0
208,trajectory_aligned,0.0,0.0,0.0
209,trajectory_aligned,0.0,0.0,0.0
210,trajectory_aligned,0.0,0.0,0.0
211,trajectory_aligned,0.0,0.0,0.0
212,trajectory_aligned,0.0,0.0,0.0
213,trajectory_aligned,0.0,0.0,0.0
214,trajectory_aligned,0.0,0.0,0.0
215,trajectory_aligned,0.0,0.0,0.0
216,trajectory_aligned,0.0,0.0,0.0
217,trajectory_aligned,0.0,0.0,0.0
218,trajectory_aligned,0.0,0.0,0.0
219,trajectory_aligned,0.0,0.0,0.0
220,trajectory_aligned,0.0,0.0,0.0
221,trajectory_aligned,0.0,0.0,0.0
222,trajectory_aligned,0.0,0.0,0.0
223,trajectory_aligned,0.0,0.0,0.0
224,trajectory_aligned,0.0,0.0,0.0
225,trajectory_aligned,0.0,0.0,0.0
226,trajectory_aligned,0.0,0.0,0.0
227,trajectory_aligned,0.0,0.0,0.0
228,trajectory_aligned,0.0,0.0,0.0
229,trajectory_aligned,0.0,0.0,0.0
230,trajectory_aligned,0.0,0.0,0.0
231,trajectory_aligned,0.0,0.0,0.0
232,trajectory_aligned,0.0,0.0,0.0
233,trajectory_aligned,0.0,0.0,0.0
234,trajectory_aligned,0.0,0.0,0.0
235,trajectory_aligned,0.0,0.0,0.0
236,trajectory_aligned,0.0,0.0,0.0
237,trajectory_aligned,0.0,0.0,0.0
238,trajectory_aligned,0.0,0.0,0.0
239,trajectory_aligned,0.0,0.0,0.0
240,trajectory_aligned,0.0,0.0,0.0
241,trajectory_aligned,0.0,0.0,0.0
242,trajectory_aligned,0.0,0.0,0.0
243,trajectory_aligned,0.0,0.0,0.0
244,trajectory_aligned,0.0,0.0,0.0
245,trajectory_aligned,0.0,0.0,0.0
246,trajectory_aligned,0.0,0.0,0.0
247,trajectory_aligned,0.0,0.0,0.0
248,trajectory_aligned,0.0,0.0,0.0
249,trajectory_aligned,0.0,0.0,0.0
250,trajectory_aligned,0.030000001192092896,0.030000001192092896,0.0034755696542561054
251,trajectory_aligned,0.02997604012489319,0.031318044873378116,0.00343840173445642
252,trajectory_aligned,0.029930461198091507,0.032693996523888144,0.003400166053324938
253,trajectory_aligned,0.029865406453609467,0.03413040031795298,0.003361049573868513
254,trajectory_aligned,0.02978282980620861,0.03562991220766149,0.0033212231937795877
255,trajectory_aligned,0.0296845193952322,0.037195304833793554,0.0032808317337185144
256,trajectory_aligned,0.02957209199666977,0.038829472652512874,0.0032400034833699465
257,trajectory_aligned,0.029447028413414955,0.04053543728729999,0.0031988531118258834
258,trajectory_aligned,0.029310688376426697,0.04231635311602138,0.0031574793392792344
259,trajectory_aligned,0.029164297506213188,0.04417551310346521,0.0031159684294834733
260,trajectory_aligned,0.029008988291025162,0.04611635489012825,0.0030743989627808332
261,trajectory_aligned,0.028845777735114098,0.048142467148512454,0.0030328367138281465
262,trajectory_aligned,0.02867559716105461,0.05025759621868405,0.0029913419857621193
263,trajectory_aligned,0.028499284759163857,0.05246565303536444,0.0029499662341549993
264,trajectory_aligned,0.02831759676337242,0.05477072035936145,0.0029087545117363334
265,trajectory_aligned,0.02813122235238552,0.057177060326711965,0.002867747680284083
266,trajectory_aligned,0.027940791100263596,0.05968912232949447,0.0028269804315641522
267,trajectory_aligned,0.02774687670171261,0.06231155124288354,0.00278648262610659
268,trajectory_aligned,0.027549991384148598,0.06504919601365806,0.002746280748397112
269,trajectory_aligned,0.027350611984729767,0.06790711862604396,0.002706398954614997
270,trajectory_aligned,0.027149155735969543,0.07089060346146903,0.0026668563368730247
271,trajectory_aligned,0.02694600634276867,0.0740051670695369,0.0026276697171851993
272,trajectory_aligned,0.026741506531834602,0.0772565683682865,0.002588854928035289
273,trajectory_aligned,0.02653597481548786,0.08065081929259772,0.0025504237855784595
274,trajectory_aligned,0.02632969617843628,0.08419419591043276,0.002512387523893267
275,trajectory_aligned,0.026122931391000748,0.08789325002746674,0.0024747540010139346
276,trajectory_aligned,0.02591591700911522,0.09175482130156584,0.002437532239127904
277,trajectory_aligned,0.025708863511681557,0.09578604988951198,0.0024007270112633705
278,trajectory_aligned,0.025501957163214684,0.099994389649359,0.0023643437889404595
279,trajectory_aligned,0.02529536746442318,0.10438762192283128,0.0023283857735805213
280,trajectory_aligned,0.025089243426918983,0.10897386992324944,0.0022928566322661936
281,trajectory_aligned,0.024883726611733437,0.11376161375558616,0.0022577584604732692
282,trajectory_aligned,0.02467893250286579,0.11875970609642514,0.00222309137461707
283,trajectory_aligned,0.02447497472167015,0.12397738856281582,0.002188856538850814
284,trajectory_aligned,0.024271948263049126,0.12942430880029007,0.0021550541860051453
285,trajectory_aligned,0.024069931358098984,0.13511053832163725,0.0021216824534349144
286,trajectory_aligned,0.023868996649980545,0.14104659112942233,0.0020887411665171385
287,trajectory_aligned,0.023669201880693436,0.1472434431566801,0.002056229335721582
288,trajectory_aligned,0.02347061224281788,0.15371255256173214,0.0020241441088728607
289,trajectory_aligned,0.023273266851902008,0.16046588091465275,0.001992483506910503
290,trajectory_aligned,0.023077214136719704,0.16751591531455703,0.001961245434358716
291,trajectory_aligned,0.022882485762238503,0.17487569147860788,0.001930427795741707
292,trajectory_aligned,0.022689107805490494,0.1825588178454333,0.001900025934446603
293,trajectory_aligned,0.022497110068798065,0.1905795007375224,0.00187003705650568
294,trajectory_aligned,0.02230650745332241,0.19895257062912597,0.0018404590664431453
295,trajectory_aligned,0.02211732044816017,0.2076935095682313,0.0018112875986844301
296,trajectory_aligned,0.021929560229182243,0.21681847980331614,0.0017825193353928626
297,trajectory_aligned,0.02174324542284012,0.22634435366781286,0.0017541501438245177
298,trajectory_aligned,0.021558377891778946,0.23628874477753994,0.0017261768807657063
299,trajectory_aligned,0.021374966949224472,0.24667004059878606,0.0016985946567729115
300,trajectory_aligned,0.021193016320466995,0.2575074364472666,0.0016714009689167142
301,trajectory_aligned,0.021012522280216217,0.26882097098081625,0.0016445901128463447
302,trajectory_aligned,0.020833486691117287,0.28063156325144617,0.0016181591781787574
303,trajectory_aligned,0.020655909553170204,0.2929610513852751,0.0015921035665087402
304,trajectory_aligned,0.02047978900372982,0.30583223296185486,0.0015664201637264341
305,trajectory_aligned,0.020305117592215538,0.3192689071675536,0.001541103352792561
306,trajectory_aligned,0.02013188786804676,0.33329591880093784,0.0015161503106355667
307,trajectory_aligned,0.01996009238064289,0.3479392042115236,0.001491556118708104
308,trajectory_aligned,0.019789723679423332,0.3632258392568341,0.0014673166151624173
309,trajectory_aligned,0.01962077058851719,0.3791840893664433,0.0014434280747082084
310,trajectory_aligned,0.019453218206763268,0.3958434618055703,0.0014198858407326043
311,trajectory_aligned,0.01928705908358097,0.41323476023486566,0.0013966855185572058
312,trajectory_aligned,0.019122282043099403,0.4313901416672682,0.001373824052279815
313,trajectory_aligned,0.01895887777209282,0.45034317592725154,0.001351296406937763
314,trajectory_aligned,0.018796831369400024,0.47012890772239824,0.0013290990318637341
315,trajectory_aligned,0.018636129796504974,0.49078392144207605,0.001307228289078921
316,trajectory_aligned,0.018476761877536774,0.5123464088030301,0.0012856791727244854
317,trajectory_aligned,0.01831871084868908,0.53485623946697,0.001264448306756094
318,trajectory_aligned,0.018161967396736145,0.5583550347607258,0.0012435311800800264
319,trajectory_aligned,0.018006518483161926,0.5828862446352818,0.0012229241838213056
320,trajectory_aligned,0.017852352932095528,0.6084952280059924,0.0012026233889628202
321,trajectory_aligned,0.017699455842375755,0.6352293366225246,0.0011826249246951193
322,trajectory_aligned,0.017547814175486565,0.6631380026236111,0.0011629248911049217
323,trajectory_aligned,0.01739741861820221,0.6922728299385021,0.00114351962110959
324,trajectory_aligned,0.017248254269361496,0.7226876897041205,0.0011244048073422164
325,trajectory_aligned,0.01710030809044838,0.7544388198743482,0.0011055774230044335
326,trajectory_aligned,0.016953570768237114,0.7875849292056288,0.001087033044314012
327,trajectory_aligned,0.016808027401566505,0.8221873058111522,0.0010687684116419405
328,trajectory_aligned,0.01666366495192051,0.8583099304843449,0.001050779887009412
329,trajectory_aligned,0.01652047224342823,0.8960195950012056,0.0010330634249839932
330,trajectory_aligned,0.016378436237573624,0.9353860256202268,0.0010156160569749773
331,trajectory_aligned,0.016237543895840645,0.9764820120082606,0.000998433883069083
332,trajectory_aligned,0.016097785905003548,1.0193835418307124,0.0009815133234951645
333,trajectory_aligned,0.015959149226546288,1.0641699412549315,0.0009648512059357017
334,trajectory_aligned,0.01582162268459797,1.1109240216265819,0.0009484442707616836
335,trajectory_aligned,0.015685193240642548,1.159732232590214,0.0009322884434368461
336,trajectory_aligned,0.015549849718809128,1.2106848219371509,0.0009163803479168564
337,trajectory_aligned,0.015415582805871964,1.2638760024762634,0.0009007175976876169
338,trajectory_aligned,0.01528237946331501,1.3194041262361693,0.0008852962928358465
339,trajectory_aligned,0.015150228515267372,1.377371866320979,0.0008701130282133818
340,trajectory_aligned,0.015019121579825878,1.437886406755827,0.0008551646315027028
341,trajectory_aligned,0.014889047481119633,1.5010596406732293,0.0008404482796322554
342,trajectory_aligned,0.014759997837245464,1.5670083772067154,0.0008259605965577066
343,trajectory_aligned,0.014631960541009903,1.635854557474292,0.0008116983808577061
344,trajectory_aligned,0.014504925347864628,1.7077254800510846,0.0007976588094606996
345,trajectory_aligned,0.014378885738551617,1.7827540363480883,0.0007838385499780998
346,trajectory_aligned,0.01425382774323225,1.8610789563322137,0.0007702347647864372
347,trajectory_aligned,0.014129748567938805,1.942845065042005,0.0007568443979835138
348,trajectory_aligned,0.014006633311510086,2.0282035503733242,0.0007436646264977753
349,trajectory_aligned,0.013884476386010647,2.117312242630122,0.0007306924962904304
350,trajectory_aligned,0.013763265684247017,2.210335906357243,0.0007179250533226877
351,trajectory_aligned,0.013642996549606323,2.307446544994812,0.0007053596782498062
352,trajectory_aligned,0.013523655943572521,2.408823718917574,0.0006929932278580964
353,trajectory_aligned,0.013405240140855312,2.514654877447198,0.0006808232283219695
354,trajectory_aligned,0.013287736102938652,2.6251357054514943,0.0006688464927719906
355,trajectory_aligned,0.013171138241887093,2.7404704851713886,0.0006570611440110952
356,trajectory_aligned,0.013055438175797462,2.860872473944668,0.0006454635440604761
357,trajectory_aligned,0.01294062752276659,2.986564298524978,0.0006340517575154081
358,trajectory_aligned,0.012826699763536453,3.1177783667250933,0.000622822844889015
359,trajectory_aligned,0.012713644653558731,3.2547572971457,0.0006117741431808099
360,trajectory_aligned,0.012601458467543125,3.3977543677841697,0.0006009033968439326
361,trajectory_aligned,0.01249013002961874,3.5470339843529017,0.0005902079428778961
362,trajectory_aligned,0.012379655614495277,3.702872169173126,0.000579685132834129
363,trajectory_aligned,0.012270026840269566,3.865557071548125,0.000569332783925347
364,trajectory_aligned,0.012161234393715858,4.035389500559639,0.0005591481312876567
365,trajectory_aligned,0.012053274549543858,4.212683481272518,0.00054912906489335
366,trajectory_aligned,0.011946138925850391,4.3977668353761645,0.0005392728780861944
367,trajectory_aligned,0.011839821934700012,4.590981787336268,0.0005295778100844473
368,trajectory_aligned,0.011734318919479847,4.792685597177746,0.0005200409941608086
369,trajectory_aligned,0.011629618704319,5.00325122106885,0.0005106604949105531
370,trajectory_aligned,0.011525718495249748,5.223068000927857,0.0005014337366446853
371,trajectory_aligned,0.011422611773014069,5.452542384327566,0.0004923586384393275
372,trajectory_aligned,0.011320291087031364,5.69209867602855,0.00048343304661102593
373,trajectory_aligned,0.011218749918043613,5.942179822530929,0.00047465467650908977
374,trajectory_aligned,0.011117984540760517,6.203248231095253,0.00046602135989814997
375,trajectory_aligned,0.011017988435924053,6.475786624746839,0.0004575311322696507
376,trajectory_aligned,0.0109187550842762,6.760298934844637,0.0004491818108363077
377,trajectory_aligned,0.010820277966558933,7.057311232864797,0.0004409710818435997
378,trajectory_aligned,0.010722552426159382,7.3673727031220855,0.0004328972572693601
379,trajectory_aligned,0.010625573806464672,7.691056658227487,0.00042495822708588094
380,trajectory_aligned,0.010529336519539356,8.028961599159791,0.0004171519394731149
381,trajectory_aligned,0.010433833114802837,8.381712321911216,0.00040947638626676053
382,trajectory_aligned,0.010339059866964817,8.749961072753171,0.00040192979213315994
383,trajectory_aligned,0.010245011188089848,9.134388754258524,0.0003945099815609865
384,trajectory_aligned,0.01015168335288763,9.535706184310039,0.000387215317459777
385,trajectory_aligned,0.010059070773422718,9.954655410423237,0.0003800437261816114
386,trajectory_aligned,0.009967166930437088,10.392011081813623,0.00037299341056495905
387,trajectory_aligned,0.009875967167317867,10.848581881745472,0.00036606251524062827
388,trajectory_aligned,0.009785467758774757,11.325212022810561,0.00035924928670283407
389,trajectory_aligned,0.00969566311687231,11.822782807901563,0.00035255203692940995
390,trajectory_aligned,0.009606550447642803,12.342214259766624,0.0003459690196905285
391,trajectory_aligned,0.009518122300505638,12.884466822157904,0.0003394982049940154
392,trajectory_aligned,0.009430374950170517,13.450543135719856,0.00033313813037239015
393,trajectory_aligned,0.009343302808701992,14.041489891900742,0.0003268870495958254
394,trajectory_aligned,0.009256904013454914,14.658399768315276,0.00032074336195364594
395,trajectory_aligned,0.009171171113848686,15.302413449137164,0.00031470535759581253
396,trajectory_aligned,0.009086101315915585,15.974721734257,0.00030877135577611625
397,trajectory_aligned,0.00900169089436531,16.676567741105725,0.00030293987947516143
398,trajectory_aligned,0.008917934261262417,17.40924920321456,0.0002972091897390783
399,trajectory_aligned,0.008834825828671455,18.17412086976184,0.0002915778895840049
400,trajectory_aligned,0.008752364665269852,18.97259701054337,0.00028604439285118133
401,trajectory_aligned,0.008670545183122158,19.80615403099803,0.0002806071570375934
402,trajectory_aligned,0.008589360862970352,20.676333202124187,0.0002752646105363965
403,trajectory_aligned,0.008508811704814434,21.58474351033411,0.0002700153781916015
404,trajectory_aligned,0.008428890258073807,22.533064632516492,0.0002648580484674312
405,trajectory_aligned,0.008349593728780746,23.52305004180734,0.0002597910788608715
406,trajectory_aligned,0.008270918391644955,24.55653024981252,0.00025481300690444186
407,trajectory_aligned,0.008192860521376133,25.63541619127662,0.00024992257385747507
408,trajectory_aligned,0.008115414530038834,26.761702757456295,0.0002451182954246178
409,trajectory_aligned,0.008038579486310482,27.937472484732034,0.00024039879644988105
410,trajectory_aligned,0.007962348870933056,29.16489940527781,0.00023576292005600408
411,trajectory_aligned,0.007886719889938831,30.446253066909588,0.000231209174671676
412,trajectory_aligned,0.007811688352376223,31.783902729544536,0.00022673622152069584
413,trajectory_aligned,0.007737250998616219,33.180321746031154,0.00022234287462197244
414,trajectory_aligned,0.007663403637707233,34.638092135450144,0.00021802776609547436
415,trajectory_aligned,0.007590143475681543,36.15990935734206,0.00021378973906394094
416,trajectory_aligned,0.0075174663215875626,37.748587295690044,0.00020962747657904401
417,trajectory_aligned,0.007445367518812418,39.407063461872404,0.00020553982176352292
418,trajectory_aligned,0.007373844273388386,41.13840442620596,0.00020152552315266803
419,trajectory_aligned,0.0073028928600251675,42.94581148812329,0.0001975834384211339
420,trajectory_aligned,0.007232511416077614,44.832626595467545,0.00019371238522580825
421,trajectory_aligned,0.0071626934222877026,46.802338523850764,0.0001899111593957059
422,trajectory_aligned,0.007093437481671572,48.858589327500454,0.00018617866589920595
423,trajectory_aligned,0.007024738937616348,51.0051810735233,0.0001825138351705391
424,trajectory_aligned,0.006956594996154308,53.24608287203675,0.00017891548122861423
425,trajectory_aligned,0.006889001931995153,55.58543821516833,0.00017538254542159848
426,trajectory_aligned,0.00682195695117116,58.0275726384924,0.00017191395818372257
427,trajectory_aligned,0.006755455397069454,60.57700171906996,0.0001685086972429417
428,trajectory_aligned,0.0066894954070448875,63.23843942488142,0.00016516560935997404
429,trajectory_aligned,0.006624072324484587,66.0168068310891,0.00016188381050596945
430,trajectory_aligned,0.0065591828897595406,68.91724121924767,0.0001586621619935613
431,trajectory_aligned,0.0064948247745633125,71.94510557628581,0.00015549969975836575
432,trajectory_aligned,0.006430994253605604,75.1059985108239,0.00015239555432344787
433,trajectory_aligned,0.00636768713593483,78.40576460516327,0.00014934855425963178
434,trajectory_aligned,0.006304901093244553,81.85050522208728,0.00014635791012551636
435,trajectory_aligned,0.006242632400244474,85.44658978645758,0.0001434225996490568
436,trajectory_aligned,0.006180879194289446,89.20066756246432,0.00014054176062927581
437,trajectory_aligned,0.006119636353105307,93.11967994830778,0.00013771438170806505
438,trajectory_aligned,0.00605890154838562,97.21087331104387,0.00013493963342625648
439,trajectory_aligned,0.005998671054840088,101.48181238532668,0.00013221661356510594
440,trajectory_aligned,0.005938942544162273,105.94039426082033,0.00012954441626789048
441,trajectory_aligned,0.005879712291061878,110.59486298414637,0.00012692223390331492
442,trajectory_aligned,0.005820976570248604,115.45382480236391,0.00012434920427040197
443,trajectory_aligned,0.005762733984738588,120.52626407616867,0.00012182446153019555
444,trajectory_aligned,0.005704980343580246,125.82155989223618,0.0001193471580336336
445,trajectory_aligned,0.005647712387144566,131.34950340542255,0.00011691658437484875
446,trajectory_aligned,0.005590927321463823,137.1203159428934,0.00011453186380094849
447,trajectory_aligned,0.005534621886909008,143.14466790365242,0.00011219221050851047
448,trajectory_aligned,0.005478793755173683,149.4336984884182,0.00010989692600560375
449,trajectory_aligned,0.005423438269644976,155.9990362963265,0.00010764511171146296
450,trajectory_aligned,0.005368554499000311,162.8528208265469,0.00010543612370383926
451,trajectory_aligned,0.005314137786626816,170.00772492456673,0.00010326920892111957
452,trajectory_aligned,0.005260185804218054,177.4769782146484,0.00010114356336998753
453,trajectory_aligned,0.005206695757806301,185.2743915617875,9.905857587000355e-05
454,trajectory_aligned,0.005153663922101259,193.4143826083993,9.701345697976649e-05
455,trajectory_aligned,0.005101087968796492,201.91200243295705,9.500758824287914e-05
456,trajectory_aligned,0.0050489651039242744,210.78296337987032,9.304020568379201e-05
457,trajectory_aligned,0.004997291602194309,220.0436681120631,9.111066174227744e-05
458,trajectory_aligned,0.0049460651353001595,229.7112399399726,8.92183215910336e-05
459,trajectory_aligned,0.004895281977951527,239.8035544830426,8.736249947105534e-05
460,trajectory_aligned,0.004844939801841974,250.33927272226126,8.554253690817859e-05
461,trajectory_aligned,0.004795035347342491,261.3378755048528,8.375780998903792e-05
462,trajectory_aligned,0.004745566751807928,272.81969956492867,8.200775664590765e-05
463,trajectory_aligned,0.004696530289947987,284.8059751266932,8.029168930079322e-05
464,trajectory_aligned,0.0046479227021336555,297.31886515974287,7.860903497203253e-05
465,trajectory_aligned,0.004599741660058498,310.3815063590367,7.69591897551436e-05
466,trajectory_aligned,0.004551984835416079,324.0180519253125,7.534156611654907e-05
467,trajectory_aligned,0.004504648502916098,338.2537162250549,7.375559471256565e-05
468,trajectory_aligned,0.004457730334252119,353.1148214125837,7.220071529445704e-05
469,trajectory_aligned,0.004411227069795132,368.62884610047905,7.067636033752933e-05
470,trajectory_aligned,0.004365136381238699,384.8244761683293,6.918197141203564e-05
471,trajectory_aligned,0.004319455474615097,401.7316578037497,6.771703192498535e-05
472,trajectory_aligned,0.004274181090295315,419.3816528737511,6.628100891248323e-05
473,trajectory_aligned,0.004229310899972916,437.80709672882983,6.487334030680358e-05
474,trajectory_aligned,0.004184842575341463,457.0420585466767,6.349357681756373e-05
475,trajectory_aligned,0.004140771925449371,477.12210432706877,6.214115273905918e-05
476,trajectory_aligned,0.0040970975533127785,498.08436265442947,6.081559149606619e-05
477,trajectory_aligned,0.004053815733641386,519.9675933496563,5.951642197032925e-05
478,trajectory_aligned,0.004010925069451332,542.8122591381444,5.824313120683655e-05
479,trajectory_aligned,0.003968421835452318,566.6606004665363,5.6995284467120655e-05
480,trajectory_aligned,0.0039263032376766205,591.5567136065264,5.577237425313797e-05
481,trajectory_aligned,0.0038845667149871588,617.5466321901444,5.4573954912484623e-05
482,trajectory_aligned,0.0038432099390774965,644.6784123272641,5.339959170669317e-05
483,trajectory_aligned,0.0038022296503186226,673.002221462742,5.2248808060539886e-05
484,trajectory_aligned,0.0037616239860653877,702.5704311374699,5.11212110723136e-05
485,trajectory_aligned,0.0037213899195194244,733.4377138248658,5.0016325985779986e-05
486,trajectory_aligned,0.003681525122374296,765.6611440218602,4.893378627457423e-05
487,trajectory_aligned,0.0036420258693397045,799.3003037812812,4.7873125367914326e-05
488,trajectory_aligned,0.003602890996262431,834.4173928807962,4.683395400206791e-05
489,trajectory_aligned,0.0035641170106828213,871.077343832095,4.581588837027084e-05
490,trajectory_aligned,0.0035257013514637947,909.3479419429771,4.481851829041261e-05
491,trajectory_aligned,0.003487641690298915,949.2999506543491,4.384144449431915e-05
492,trajectory_aligned,0.0034499354660511017,991.0072423838619,4.2884300455625635e-05
493,trajectory_aligned,0.003412580117583275,1034.5469351181484,4.1946708734030835e-05
494,trajectory_aligned,0.0033755728509277105,1079.9995350062068,4.102831007912755e-05
495,trajectory_aligned,0.0033389111049473286,1127.4490852175932,4.012872432213044e-05
496,trajectory_aligned,0.003302592784166336,1176.983321340675,3.924760676454753e-05
497,trajectory_aligned,0.003266615094617009,1228.6938336082565,3.838460906990804e-05
498,trajectory_aligned,0.0032309754751622677,1282.6762362505715,3.753937835426768e-05
499,trajectory_aligned,0.003195671597495675,1339.0303442887512,3.6711587199533824e-05
500,trajectory_aligned,0.003160700434818864,1397.860358095689,
0,gradient_aligned,0.0,0.0,0.0
1,gradient_aligned,0.0,0.0,0.0
2,gradient_aligned,0.0,0.0,0.0
3,gradient_aligned,0.0,0.0,0.0
4,gradient_aligned,0.0,0.0,0.0
5,gradient_aligned,0.0,0.0,0.0
6,gradient_aligned,0.0,0.0,0.0
7,gradient_aligned,0.0,0.0,0.0
8,gradient_aligned,0.0,0.0,0.0
9,gradient_aligned,0.0,0.0,0.0
10,gradient_aligned,0.0,0.0,0.0
11,gradient_aligned,0.0,0.0,0.0
12,gradient_aligned,0.0,0.0,0.0
13,gradient_aligned,0.0,0.0,0.0
14,gradient_aligned,0.0,0.0,0.0
15,gradient_aligned,0.0,0.0,0.0
16,gradient_aligned,0.0,0.0,0.0
17,gradient_aligned,0.0,0.0,0.0
18,gradient_aligned,0.0,0.0,0.0
19,gradient_aligned,0.0,0.0,0.0
20,gradient_aligned,0.0,0.0,0.0
21,gradient_aligned,0.0,0.0,0.0
22,gradient_aligned,0.0,0.0,0.0
23,gradient_aligned,0.0,0.0,0.0
24,gradient_aligned,0.0,0.0,0.0
25,gradient_aligned,0.0,0.0,0.0
26,gradient_aligned,0.0,0.0,0.0
27,gradient_aligned,0.0,0.0,0.0
28,gradient_aligned,0.0,0.0,0.0
29,gradient_aligned,0.0,0.0,0.0
30,gradient_aligned,0.0,0.0,0.0
31,gradient_aligned,0.0,0.0,0.0
32,gradient_aligned,0.0,0.0,0.0
33,gradient_aligned,0.0,0.0,0.0
34,gradient_aligned,0.0,0.0,0.0
35,gradient_aligned,0.0,0.0,0.0
36,gradient_aligned,0.0,0.0,0.0
37,gradient_aligned,0.0,0.0,0.0
38,gradient_aligned,0.0,0.0,0.0
39,gradient_aligned,0.0,0.0,0.0
40,gradient_aligned,0.0,0.0,0.0
41,gradient_aligned,0.0,0.0,0.0
42,gradient_aligned,0.0,0.0,0.0
43,gradient_aligned,0.0,0.0,0.0
44,gradient_aligned,0.0,0.0,0.0
45,gradient_aligned,0.0,0.0,0.0
46,gradient_aligned,0.0,0.0,0.0
47,gradient_aligned,0.0,0.0,0.0
48,gradient_aligned,0.0,0.0,0.0
49,gradient_aligned,0.0,0.0,0.0
50,gradient_aligned,0.0,0.0,0.0
51,gradient_aligned,0.0,0.0,0.0
52,gradient_aligned,0.0,0.0,0.0
53,gradient_aligned,0.0,0.0,0.0
54,gradient_aligned,0.0,0.0,0.0
55,gradient_aligned,0.0,0.0,0.0
56,gradient_aligned,0.0,0.0,0.0
57,gradient_aligned,0.0,0.0,0.0
58,gradient_aligned,0.0,0.0,0.0
59,gradient_aligned,0.0,0.0,0.0
60,gradient_aligned,0.0,0.0,0.0
61,gradient_aligned,0.0,0.0,0.0
62,gradient_aligned,0.0,0.0,0.0
63,gradient_aligned,0.0,0.0,0.0
64,gradient_aligned,0.0,0.0,0.0
65,gradient_aligned,0.0,0.0,0.0
66,gradient_aligned,0.0,0.0,0.0
67,gradient_aligned,0.0,0.0,0.0
68,gradient_aligned,0.0,0.0,0.0
69,gradient_aligned,0.0,0.0,0.0
70,gradient_aligned,0.0,0.0,0.0
71,gradient_aligned,0.0,0.0,0.0
72,gradient_aligned,0.0,0.0,0.0
73,gradient_aligned,0.0,0.0,0.0
74,gradient_aligned,0.0,0.0,0.0
75,gradient_aligned,0.0,0.0,0.0
76,gradient_aligned,0.0,0.0,0.0
77,gradient_aligned,0.0,0.0,0.0
78,gradient_aligned,0.0,0.0,0.0
79,gradient_aligned,0.0,0.0,0.0
80,gradient_aligned,0.0,0.0,0.0
81,gradient_aligned,0.0,0.0,0.0
82,gradient_aligned,0.0,0.0,0.0
83,gradient_aligned,0.0,0.0,0.0
84,gradient_aligned,0.0,0.0,0.0
85,gradient_aligned,0.0,0.0,0.0
86,gradient_aligned,0.0,0.0,0.0
87,gradient_aligned,0.0,0.0,0.0
88,gradient_aligned,0.0,0.0,0.0
89,gradient_aligned,0.0,0.0,0.0
90,gradient_aligned,0.0,0.0,0.0
91,gradient_aligned,0.0,0.0,0.0
92,gradient_aligned,0.0,0.0,0.0
93,gradient_aligned,0.0,0.0,0.0
94,gradient_aligned,0.0,0.0,0.0
95,gradient_aligned,0.0,0.0,0.0
96,gradient_aligned,0.0,0.0,0.0
97,gradient_aligned,0.0,0.0,0.0
98,gradient_aligned,0.0,0.0,0.0
99,gradient_aligned,0.0,0.0,0.0
100,gradient_aligned,0.0,0.0,0.0
101,gradient_aligned,0.0,0.0,0.0
102,gradient_aligned,0.0,0.0,0.0
103,gradient_aligned,0.0,0.0,0.0
104,gradient_aligned,0.0,0.0,0.0
105,gradient_aligned,0.0,0.0,0.0
106,gradient_aligned,0.0,0.0,0.0
107,gradient_aligned,0.0,0.0,0.0
108,gradient_aligned,0.0,0.0,0.0
109,gradient_aligned,0.0,0.0,0.0
110,gradient_aligned,0.0,0.0,0.0
111,gradient_aligned,0.0,0.0,0.0
112,gradient_aligned,0.0,0.0,0.0
113,gradient_aligned,0.0,0.0,0.0
114,gradient_aligned,0.0,0.0,0.0
115,gradient_aligned,0.0,0.0,0.0
116,gradient_aligned,0.0,0.0,0.0
117,gradient_aligned,0.0,0.0,0.0
118,gradient_aligned,0.0,0.0,0.0
119,gradient_aligned,0.0,0.0,0.0
120,gradient_aligned,0.0,0.0,0.0
121,gradient_aligned,0.0,0.0,0.0
122,gradient_aligned,0.0,0.0,0.0
123,gradient_aligned,0.0,0.0,0.0
124,gradient_aligned,0.0,0.0,0.0
125,gradient_aligned,0.0,0.0,0.0
126,gradient_aligned,0.0,0.0,0.0
127,gradient_aligned,0.0,0.0,0.0
128,gradient_aligned,0.0,0.0,0.0
129,gradient_aligned,0.0,0.0,0.0
130,gradient_aligned,0.0,0.0,0.0
131,gradient_aligned,0.0,0.0,0.0
132,gradient_aligned,0.0,0.0,0.0
133,gradient_aligned,0.0,0.0,0.0
134,gradient_aligned,0.0,0.0,0.0
135,gradient_aligned,0.0,0.0,0.0
136,gradient_aligned,0.0,0.0,0.0
137,gradient_aligned,0.0,0.0,0.0
138,gradient_aligned,0.0,0.0,0.0
139,gradient_aligned,0.0,0.0,0.0
140,gradient_aligned,0.0,0.0,0.0
141,gradient_aligned,0.0,0.0,0.0
142,gradient_aligned,0.0,0.0,0.0
143,gradient_aligned,0.0,0.0,0.0
144,gradient_aligned,0.0,0.0,0.0
145,gradient_aligned,0.0,0.0,0.0
146,gradient_aligned,0.0,0.0,0.0
147,gradient_aligned,0.0,0.0,0.0
148,gradient_aligned,0.0,0.0,0.0
149,gradient_aligned,0.0,0.0,0.0
150,gradient_aligned,0.0,0.0,0.0
151,gradient_aligned,0.0,0.0,0.0
152,gradient_aligned,0.0,0.0,0.0
153,gradient_aligned,0.0,0.0,0.0
154,gradient_aligned,0.0,0.0,0.0
155,gradient_aligned,0.0,0.0,0.0
156,gradient_aligned,0.0,0.0,0.0
157,gradient_aligned,0.0,0.0,0.0
158,gradient_aligned,0.0,0.0,0.0
159,gradient_aligned,0.0,0.0,0.0
160,gradient_aligned,0.0,0.0,0.0
161,gradient_aligned,0.0,0.0,0.0
162,gradient_aligned,0.0,0.0,0.0
163,gradient_aligned,0.0,0.0,0.0
164,gradient_aligned,0.0,0.0,0.0
165,gradient_aligned,0.0,0.0,0.0
166,gradient_aligned,0.0,0.0,0.0
167,gradient_aligned,0.0,0.0,0.0
168,gradient_aligned,0.0,0.0,0.0
169,gradient_aligned,0.0,0.0,0.0
170,gradient_aligned,0.0,0.0,0.0
171,gradient_aligned,0.0,0.0,0.0
172,gradient_aligned,0.0,0.0,0.0
173,gradient_aligned,0.0,0.0,0.0
174,gradient_aligned,0.0,0.0,0.0
175,gradient_aligned,0.0,0.0,0.0
176,gradient_aligned,0.0,0.0,0.0
177,gradient_aligned,0.0,0.0,0.0
178,gradient_aligned,0.0,0.0,0.0
179,gradient_aligned,0.0,0.0,0.0
180,gradient_aligned,0.0,0.0,0.0
181,gradient_aligned,0.0,0.0,0.0
182,gradient_aligned,0.0,0.0,0.0
183,gradient_aligned,0.0,0.0,0.0
184,gradient_aligned,0.0,0.0,0.0
185,gradient_aligned,0.0,0.0,0.0
186,gradient_aligned,0.0,0.0,0.0
187,gradient_aligned,0.0,0.0,0.0
188,gradient_aligned,0.0,0.0,0.0
189,gradient_aligned,0.0,0.0,0.0
190,gradient_aligned,0.0,0.0,0.0
191,gradient_aligned,0.0,0.0,0.0
192,gradient_aligned,0.0,0.0,0.0
193,gradient_aligned,0.0,0.0,0.0
194,gradient_aligned,0.0,0.0,0.0
195,gradient_aligned,0.0,0.0,0.0
196,gradient_aligned,0.0,0.0,0.0
197,gradient_aligned,0.0,0.0,0.0
198,gradient_aligned,0.0,0.0,0.0
199,gradient_aligned,0.0,0.0,0.0
200,gradient_aligned,0.0,0.0,0.0
201,gradient_aligned,0.0,0.0,0.0
202,gradient_aligned,0.0,0.0,0.0
203,gradient_aligned,0.0,0.0,0.0
204,gradient_aligned,0.0,0.0,0.0
205,gradient_aligned,0.0,0.0,0.0
206,gradient_aligned,0.0,0.0,0.0
207,gradient_aligned,0.0,0.0,0.0
208,gradient_aligned,0.0,0.0,0.0
209,gradient_aligned,0.0,0.0,0.0
210,gradient_aligned,0.0,0.0,0.0
211,gradient_aligned,0.0,0.0,0.0
212,gradient_aligned,0.0,0.0,0.0
213,gradient_aligned,0.0,0.0,0.0
214,gradient_aligned,0.0,0.0,0.0
215,gradient_aligned,0.0,0.0,0.0
216,gradient_aligned,0.0,0.0,0.0
217,gradient_aligned,0.0,0.0,0.0
218,gradient_aligned,0.0,0.0,0.0
219,gradient_aligned,0.0,0.0,0.0
220,gradient_aligned,0.0,0.0,0.0
221,gradient_aligned,0.0,0.0,0.0
222,gradient_aligned,0.0,0.0,0.0
223,gradient_aligned,0.0,0.0,0.0
224,gradient_aligned,0.0,0.0,0.0
225,gradient_aligned,0.0,0.0,0.0
226,gradient_aligned,0.0,0.0,0.0
227,gradient_aligned,0.0,0.0,0.0
228,gradient_aligned,0.0,0.0,0.0
229,gradient_aligned,0.0,0.0,0.0
230,gradient_aligned,0.0,0.0,0.0
231,gradient_aligned,0.0,0.0,0.0
232,gradient_aligned,0.0,0.0,0.0
233,gradient_aligned,0.0,0.0,0.0
234,gradient_aligned,0.0,0.0,0.0
235,gradient_aligned,0.0,0.0,0.0
236,gradient_aligned,0.0,0.0,0.0
237,gradient_aligned,0.0,0.0,0.0
238,gradient_aligned,0.0,0.0,0.0
239,gradient_aligned,0.0,0.0,0.0
240,gradient_aligned,0.0,0.0,0.0
241,gradient_aligned,0.0,0.0,0.0
242,gradient_aligned,0.0,0.0,0.0
243,gradient_aligned,0.0,0.0,0.0
244,gradient_aligned,0.0,0.0,0.0
245,gradient_aligned,0.0,0.0,0.0
246,gradient_aligned,0.0,0.0,0.0
247,gradient_aligned,0.0,0.0,0.0
248,gradient_aligned,0.0,0.0,0.0
249,gradient_aligned,0.0,0.0,0.0
250,gradient_aligned,0.029999997466802597,0.029999999329447746,0.007417056709527969
251,gradient_aligned,0.03001285158097744,0.031318042928898046,0.007311265449970961
252,gradient_aligned,0.03013722598552704,0.03269399449397776,0.007185558322817087
253,gradient_aligned,0.03042653016746044,0.03413039819885891,0.00706481235101819
254,gradient_aligned,0.03083331324160099,0.035629909995465475,0.006958689074963331
255,gradient_aligned,0.03122260980308056,0.03719530252440518,0.006861228495836258
256,gradient_aligned,0.031503356993198395,0.03882947024166201,0.006765684578567743
257,gradient_aligned,0.03167591989040375,0.04053543477052891,0.006673842668533325
258,gradient_aligned,0.03177298232913017,0.04231635048867649,0.006590122357010841
259,gradient_aligned,0.03181953728199005,0.04417551036068848,0.00651564309373498
260,gradient_aligned,0.03182391822338104,0.0461163520268482,0.006446595303714275
261,gradient_aligned,0.03178104758262634,0.04814246415943481,0.006375791039317846
262,gradient_aligned,0.0316808745265007,0.050257593098281914,0.006296319421380758
263,gradient_aligned,0.031519439071416855,0.0524656497778681,0.006205325480550528
264,gradient_aligned,0.03130485489964485,0.0547707169587477,0.006105103064328432
265,gradient_aligned,0.031053651124238968,0.05717705677669297,0.006001076195389032
266,gradient_aligned,0.03078155592083931,0.05968911862350615,0.0058987748343497515
267,gradient_aligned,0.03049641288816929,0.0623115473740734,0.005801527528092265
268,gradient_aligned,0.03019820526242256,0.06504919197487258,0.005709880730137229
269,gradient_aligned,0.029885826632380486,0.06790711440981528,0.005622570868581533
270,gradient_aligned,0.02956428751349449,0.07089059906000124,0.005538088036701083
271,gradient_aligned,0.029246341437101364,0.07400516247469158,0.005455659003928304
272,gradient_aligned,0.02894861064851284,0.07725656357156761,0.005375168519094586
273,gradient_aligned,0.028685778379440308,0.08065081428513601,0.005296654067933559
274,gradient_aligned,0.02846606820821762,0.08419419068296928,0.005219724029302597
275,gradient_aligned,0.028289794921875,0.08789324457033576,0.005143444519490004
276,gradient_aligned,0.0281514935195446,0.09175481560467696,0.005066725425422192
277,gradient_aligned,0.0280440803617239,0.0957860439423315,0.004988974425941706
278,gradient_aligned,0.027962081134319305,0.09999438344089043,0.004910470452159643
279,gradient_aligned,0.027901969850063324,0.10438761544159496,0.004832219332456589
280,gradient_aligned,0.02786012925207615,0.10897386315726136,0.004755423404276371
281,gradient_aligned,0.027830522507429123,0.11376160669233584,0.004680939484387636
282,gradient_aligned,0.027803828939795494,0.11875969872285241,0.004608978750184178
283,gradient_aligned,0.02776881866157055,0.12397738086528674,0.004539181245490909
284,gradient_aligned,0.027715137228369713,0.1294243007645717,0.004470932297408581
285,gradient_aligned,0.027635881677269936,0.1351105299328713,0.00440371292643249
286,gradient_aligned,0.027528682723641396,0.14104658237209772,0.004337274469435215
287,gradient_aligned,0.027395039796829224,0.14724343401460427,0.004271580837666988
288,gradient_aligned,0.02723870985209942,0.15371254301800116,0.004206668119877577
289,gradient_aligned,0.02706412971019745,0.16046587095162,0.0041425032541155815
290,gradient_aligned,0.0268754493445158,0.16751590491380053,0.004078986123204231
291,gradient_aligned,0.026676297187805176,0.17487568062089637,0.004016016144305468
292,gradient_aligned,0.026469983160495758,0.18255880651069054,0.003953607752919197
293,gradient_aligned,0.02625962160527706,0.19057948890479012,0.003891902742907405
294,gradient_aligned,0.026047980412840843,0.1989525582765251,0.0038311223033815622
295,gradient_aligned,0.025837121531367302,0.20769349667292153,0.003771443385630846
296,gradient_aligned,0.02562820352613926,0.2168184663414537,0.0037129176780581474
297,gradient_aligned,0.025421567261219025,0.22634433961450634,0.003655456705018878
298,gradient_aligned,0.025217227637767792,0.2362887301068044,0.0035988842137157917
299,gradient_aligned,0.025015421211719513,0.24667002528349483,0.00354303908534348
300,gradient_aligned,0.024816907942295074,0.2575074204591013,0.0034878263249993324
301,gradient_aligned,0.024622894823551178,0.2688209542902143,0.0034332387149333954
302,gradient_aligned,0.02443467080593109,0.28063154582754624,0.0033793174661695957
303,gradient_aligned,0.02425314672291279,0.29296103319585975,0.0033261070493608713
304,gradient_aligned,0.024078557267785072,0.3058322139732914,0.0032736221328377724
305,gradient_aligned,0.02391044795513153,0.31926888734473163,0.0032218582928180695
306,gradient_aligned,0.023747801780700684,0.3332958981072045,0.003170805284753442
307,gradient_aligned,0.023589221760630608,0.34793918260861545,0.0031204717233777046
308,gradient_aligned,0.023433059453964233,0.36322581670480675,0.0030708828708156943
309,gradient_aligned,0.023277483880519867,0.3791840658235974,0.0030220607295632362
310,gradient_aligned,0.023120544850826263,0.39584343722837445,0.0029740092577412724
311,gradient_aligned,0.022960348054766655,0.41323473457787596,0.0029266986530274153
312,gradient_aligned,0.022795304656028748,0.4313901148830441,0.002880084444768727
313,gradient_aligned,0.022624429315328598,0.45034314796626823,0.002834120183251798
314,gradient_aligned,0.022447487339377403,0.4701288785329551,0.0027887782780453563
315,gradient_aligned,0.02226504497230053,0.4907838909702009,0.002744052209891379
316,gradient_aligned,0.022078271955251694,0.5123463769923795,0.0026999565307050943
317,gradient_aligned,0.021888669580221176,0.5348562062587253,0.0026565019506961107
318,gradient_aligned,0.021697822958230972,0.5583550000934839,0.002613695105537772
319,gradient_aligned,0.02150718681514263,0.5828862084449421,0.002571527729742229
320,gradient_aligned,0.021317975595593452,0.6084951902256378,0.0025299889966845512
321,gradient_aligned,0.021131129935383797,0.635229297182298,0.002489068196155131
322,gradient_aligned,0.02094729244709015,0.6631379614505867,0.002448759973049164
323,gradient_aligned,0.02076682634651661,0.6922727869565496,0.002409056993201375
324,gradient_aligned,0.020589830353856087,0.7226876448337649,0.0023699536686763167
325,gradient_aligned,0.020416202023625374,0.7544387730326232,0.002331438474357128
326,gradient_aligned,0.020245714113116264,0.7875848803059226,0.0022934959270060062
327,gradient_aligned,0.020078109577298164,0.8221872547630477,0.0022561110090464354
328,gradient_aligned,0.019913170486688614,0.8583098771934528,0.0022192735923454165
329,gradient_aligned,0.019750772044062614,0.8960195393689895,0.002182978205382824
330,gradient_aligned,0.019590847194194794,0.935385967543821,0.0021472234511747956
331,gradient_aligned,0.01943332888185978,0.9764819513802803,0.0021120068849995732
332,gradient_aligned,0.01927812583744526,1.0193834785390548,0.0020773247815668583
333,gradient_aligned,0.01912505552172661,1.0641698751825681,0.0020431699231266975
334,gradient_aligned,0.018973851576447487,1.1109239526513432,0.0020095310173928738
335,gradient_aligned,0.018824169412255287,1.159732160584563,0.00197640061378479
336,gradient_aligned,0.01867561601102352,1.210684746767947,0.001943768933415413
337,gradient_aligned,0.018527772277593613,1.2638759240045163,0.0019116300391033292
338,gradient_aligned,0.018380261957645416,1.3194040443167827,0.0018799775280058384
339,gradient_aligned,0.018232762813568115,1.3773717808024817,0.0018488045316189528
340,gradient_aligned,0.018085073679685593,1.4378863174800927,0.001818102435208857
341,gradient_aligned,0.017937134951353073,1.5010595474751842,0.0017878637881949544
342,gradient_aligned,0.017789054661989212,1.5670082799140341,0.0017580821877345443
343,gradient_aligned,0.017641080543398857,1.6358544559070773,0.0017287530936300755
344,gradient_aligned,0.01749356836080551,1.707725374021536,0.0016998715000227094
345,gradient_aligned,0.017346924170851707,1.7827539256601541,0.0016714314697310328
346,gradient_aligned,0.017201527953147888,1.8610788407812284,0.0016434276476502419
347,gradient_aligned,0.017057709395885468,1.942844944414312,0.001615853630937636
348,gradient_aligned,0.016915708780288696,2.028203424445879,0.0015887022018432617
349,gradient_aligned,0.016775652766227722,2.1173121111700812,0.0015619664918631315
350,gradient_aligned,0.016637569293379784,2.2103357691215337,0.0015356415533460677
351,gradient_aligned,0.01650138385593891,2.3074464017296807,0.001509721390902996
352,gradient_aligned,0.01636696420609951,2.4088235693581193,0.0014841999509371817
353,gradient_aligned,0.016234129667282104,2.5146547213168806,0.0014590724604204297
354,gradient_aligned,0.016102680936455727,2.6251355424616247,0.0014343338552862406
355,gradient_aligned,0.01597244292497635,2.7404703150205934,0.0014099774416536093
356,gradient_aligned,0.015843262895941734,2.860872296318334,0.0013859982718713582
357,gradient_aligned,0.015715034678578377,2.9865641130946683,0.0013623915147036314
358,gradient_aligned,0.015587680041790009,3.1177781731479426,0.0013391522807069123
359,gradient_aligned,0.015461156144738197,3.2547570950637783,0.001316274981945753
360,gradient_aligned,0.015335430391132832,3.397754156823822,0.0012937549618072808
361,gradient_aligned,0.015210473909974098,3.5470337641240555,0.0012715873890556395
362,gradient_aligned,0.015086247585713863,3.7028719392685723,0.0012497656280174851
363,gradient_aligned,0.014962710440158844,3.8655568315427637,0.0012282856041565537
364,gradient_aligned,0.014839821495115757,4.035389250009693,0.0012071429518982768
365,gradient_aligned,0.01471753604710102,4.212683219714713,0.0011863322579301894
366,gradient_aligned,0.014595824293792248,4.397766562326873,0.0011658499715849757
367,gradient_aligned,0.014474667608737946,4.590981502290615,0.0011456895153969526
368,gradient_aligned,0.014354079961776733,4.792685299608673,0.001125848270021379
369,gradient_aligned,0.014234097674489021,5.003250910426141,0.001106320763938129
370,gradient_aligned,0.014114785008132458,5.223067676637128,0.0010871027479879558
371,gradient_aligned,0.013996222987771034,5.452542045789193,0.0010681896819733083
372,gradient_aligned,0.013878499157726765,5.692098322616565,0.001049577142111957
373,gradient_aligned,0.01376169454306364,5.942179453591862,0.0010312612284906209
374,gradient_aligned,0.013645874336361885,6.203247845946927,0.0010132373427040875
375,gradient_aligned,0.013531075790524483,6.475786222677105,0.0009955012938007712
376,gradient_aligned,0.013417310081422329,6.760298515110053,0.0009780488908290863
377,gradient_aligned,0.013304555788636208,7.057310794689263,0.0009608764084987342
378,gradient_aligned,0.013192770071327686,7.367372245695403,0.0009439794230274856
379,gradient_aligned,0.013081890530884266,7.69105618070386,0.0009273536270484328
380,gradient_aligned,0.012971851974725723,8.028961100656266,0.0009109961101785302
381,gradient_aligned,0.012862585484981537,8.381711801506043,0.0008949023904278874
382,gradient_aligned,0.012754029594361782,8.749960529484108,0.0008790679858066142
383,gradient_aligned,0.012646145187318325,9.134388187121049,0.0008634906844235957
384,gradient_aligned,0.012538901530206203,9.5357055922555,0.0008481651893816888
385,gradient_aligned,0.012432286515831947,9.954654792356909,0.0008330889977514744
386,gradient_aligned,0.01232630293816328,10.392010436592681,0.0008182578021660447
387,gradient_aligned,0.012220955453813076,10.848581208176885,0.0008036685176193714
388,gradient_aligned,0.01211625523865223,11.325211319648881,0.000789317098679021
389,gradient_aligned,0.012012210674583912,11.822782073846625,0.000775200198404491
390,gradient_aligned,0.01190883107483387,12.342213493461138,0.0007613141788169742
391,gradient_aligned,0.011806119233369827,12.884466022184949,0.0007476562750525773
392,gradient_aligned,0.011704078875482082,13.45054230060026,0.0007342224416788667
393,gradient_aligned,0.011602707207202911,14.041489020090342,0.0007210098265204579
394,gradient_aligned,0.011502007022500038,14.658398858202071,0.0007080148789100349
395,gradient_aligned,0.011401984840631485,15.30241249903833,0.0006952343392185867
396,gradient_aligned,0.01130264438688755,15.974720742415775,0.0006826652970630676
397,gradient_aligned,0.011203998699784279,16.676566705688163,0.0006703042599838227
398,gradient_aligned,0.01110605988651514,17.409248122306153,0.0006581484631169587
399,gradient_aligned,0.01100884284824133,18.17411974136395,0.0006461947923526168
400,gradient_aligned,0.010912354104220867,18.972595832569557,0.0006344401044771075
401,gradient_aligned,0.010816598311066628,19.80615280127019,0.0006228815182112157
402,gradient_aligned,0.010721573606133461,20.67633191836851,0.0006115160649642348
403,gradient_aligned,0.01062727253884077,21.584742170176902,0.0006003407470416278
404,gradient_aligned,0.010533679276704788,22.533063233479762,0.0005893527413718402
405,gradient_aligned,0.010440775193274021,23.52304858130423,0.000578549224883318
406,gradient_aligned,0.010348541662096977,24.556528725142517,0.0005679275200236589
407,gradient_aligned,0.01025695726275444,25.63541459962056,0.0005574847164098173
408,gradient_aligned,0.010166007094085217,26.761701095871167,0.0005472182238008827
409,gradient_aligned,0.010075677186250687,27.937470750145515,0.000537125306436792
410,gradient_aligned,0.009985963813960552,29.164897594482603,0.0005272032285574824
411,gradient_aligned,0.00989686418324709,30.446251176557475,0.0005174494290258735
412,gradient_aligned,0.009808378294110298,31.78390075614021,0.0005078614049125463
413,gradient_aligned,0.00972051452845335,33.180319685925724,0.000498436507768929
414,gradient_aligned,0.009633277542889118,34.63808998483442,0.0004891724966000766
415,gradient_aligned,0.00954667292535305,36.15990711223949,0.00048006660654209554
416,gradient_aligned,0.00946070533245802,37.748584951949375,0.0004711167421191931
417,gradient_aligned,0.009375372901558876,39.40706101515998,0.0004623201093636453
418,gradient_aligned,0.009290680289268494,41.13840187199774,0.00045367443817667663
419,gradient_aligned,0.009206621907651424,42.94580882169648,0.00044517748756334186
420,gradient_aligned,0.009123194962739944,44.83262381189184,0.000436826900113374
421,gradient_aligned,0.00904039666056633,46.80233561797925,0.00042862052214331925
422,gradient_aligned,0.008958224207162857,48.858586293960094,0.00042055595258716494
423,gradient_aligned,0.008876673877239227,51.005177906704986,0.00041263121238444
424,gradient_aligned,0.008795742876827717,53.246079566084944,0.00040484368219040334
425,gradient_aligned,0.008715430274605751,55.58543476397024,0.0003971913974964991
426,gradient_aligned,0.008635731413960457,58.02756903566666,0.0003896725829690695
427,gradient_aligned,0.00855664536356926,60.57699795795483,0.00038228477933444083
428,gradient_aligned,0.008478167466819286,63.2384354985225,0.0003750260075321421
429,gradient_aligned,0.008400291204452515,66.01680273222642,0.0003678942157421261
430,gradient_aligned,0.008323010988533497,68.91723694030235,0.00036088746855966747
431,gradient_aligned,0.008246319368481636,71.94510110934591,0.00035400374326854944
432,gradient_aligned,0.00817020796239376,75.10599384762995,0.00034724090073723346
433,gradient_aligned,0.008094671182334423,78.4057597370929,0.0003405973402550444
434,gradient_aligned,0.008019703440368176,81.85050014013926,0.0003340709372423589
435,gradient_aligned,0.00794530101120472,85.44658448123526,0.0003276598290540278
436,gradient_aligned,0.007871460169553757,89.20066202415818,0.0003213621967006475
437,gradient_aligned,0.007798180915415287,93.11967416667733,0.0003151764831272885
438,gradient_aligned,0.007725462317466736,97.21086727539871,0.0003091006074100733
439,gradient_aligned,0.007653302513062954,101.48180608450674,0.00030313272145576775
440,gradient_aligned,0.007581702433526516,105.9403876831752,0.00029727139917667955
441,gradient_aligned,0.0075106630101799965,110.59485611751381,0.0002915146615123376
442,gradient_aligned,0.00744018005207181,115.4538176340473,0.0002858609223039821
443,gradient_aligned,0.007370252162218094,120.5262565929136,0.0002803084789775312
444,gradient_aligned,0.007300877012312412,125.82155208020588,0.00027485578902997077
445,gradient_aligned,0.007232048083096743,131.34949525017237,0.00026950104802381247
446,gradient_aligned,0.007163763977587223,137.12030742934402,0.0002642426552483812
447,gradient_aligned,0.0070960200391709805,143.14465901606206,0.00025907927192747593
448,gradient_aligned,0.007028812542557716,149.43368921035344,0.00025400904996786267
449,gradient_aligned,0.00696213636547327,155.99902661063194,0.0002490308688720688
450,gradient_aligned,0.0068959882482886314,162.85281071531338,0.00024414264771621674
451,gradient_aligned,0.006830364931374788,170.00771436909835,0.00023934336786624044
452,gradient_aligned,0.006765264086425304,177.47696719542773,0.00023463135585188866
453,gradient_aligned,0.006700682919472456,185.27438005843973,0.00023000534565653652
454,gradient_aligned,0.00663661677390337,193.41437059965438,0.0002254636347061023
455,gradient_aligned,0.006573062855750322,201.9119898966105,0.00022100505884736776
456,gradient_aligned,0.006510017439723015,210.78295029274204,0.00021662810468114913
457,gradient_aligned,0.006447477266192436,220.0436544499546,0.00021233147708699107
458,gradient_aligned,0.006385438144207001,229.71122567762228,0.00020811381546081975
459,gradient_aligned,0.006323897745460272,239.80353959407896,0.00020397383923409507
460,gradient_aligned,0.006262852810323238,250.33925717915415,0.00019991013687103987
461,gradient_aligned,0.006202299147844315,261.3378592788626,0.00019592158059822395
462,gradient_aligned,0.006142235826700926,272.819682626053,0.00019200675160391256
463,gradient_aligned,0.006082660052925348,284.80595744361165,0.00018816448573488742
464,gradient_aligned,0.006023569963872433,297.31884669975886,0.00018439356790622696
465,gradient_aligned,0.005964962299913168,310.3814870880172,0.00018069275392917916
466,gradient_aligned,0.005906836129724979,324.0180318076248,0.00017706086509861052
467,gradient_aligned,0.005849188193678856,338.2536952235009,0.0001734967590891756
468,gradient_aligned,0.005792015697807074,353.11479948833096,0.00016999927902361378
469,gradient_aligned,0.005735316313803196,368.6288232129889,0.00016656726074870676
470,gradient_aligned,0.005679084453731775,384.8244522752821,0.00016319958376698196
471,gradient_aligned,0.005623318254947662,401.7316328609666,0.00015989513485692441
472,gradient_aligned,0.005568014457821846,419.38162683511206,0.00015665281534893438
473,gradient_aligned,0.005513169337064028,437.80706954618876,0.00015347168664447963
474,gradient_aligned,0.005458780564367771,457.04203016977203,0.00015035055548651144
475,gradient_aligned,0.00540484394878149,477.1220747034308,0.00014728843234479427
476,gradient_aligned,0.005351357627660036,498.08433172928335,0.00014428438589675352
477,gradient_aligned,0.00529831787571311,519.9675610658204,0.0001413372010574676
478,gradient_aligned,0.005245722830295563,542.812225435925,0.0001384460920235142
479,gradient_aligned,0.005193569231778383,566.6605652836171,0.00013560996012529358
480,gradient_aligned,0.005141854751855135,591.5566768778531,0.0001328279249719344
481,gradient_aligned,0.005090576596558094,617.5465938478046,0.00013009899703320116
482,gradient_aligned,0.005039731506258249,644.6783723003618,0.00012742231774609536
483,gradient_aligned,0.004989317152649164,673.0021796772662,0.0001247968612005934
484,gradient_aligned,0.004939331207424402,702.5703875161581,0.00012222176155773923
485,gradient_aligned,0.00488976901397109,733.4376682870609,0.00011969621118623763
486,gradient_aligned,0.004840629640966654,765.6610964833615,0.00011721922783181071
487,gradient_aligned,0.004791910760104656,799.3002541541887,0.00011478999658720568
488,gradient_aligned,0.004743608180433512,834.417341073348,0.00011240774983889423
489,gradient_aligned,0.0046957205049693584,871.0772897484975,0.00011007149805664085
490,gradient_aligned,0.0046482449397444725,909.3478854832282,0.00010778058640426025
491,gradient_aligned,0.00460117869079113,949.2998917140532,0.00010553411266300827
492,gradient_aligned,0.004554519429802895,991.0071808540366,0.00010333129102946259
493,gradient_aligned,0.004508263897150755,1034.5468708850233,0.00010117137207998894
494,gradient_aligned,0.004462410695850849,1079.999467951013,9.905361366691068e-05
495,gradient_aligned,0.004416954703629017,1127.4490152163435,9.697717905510217e-05
496,gradient_aligned,0.0043718949891626835,1176.9832482639354,9.494134792475961e-05
497,gradient_aligned,0.0043272278271615505,1228.693757320906,9.294548362959176e-05
498,gradient_aligned,0.004282949957996607,1282.6761566115524,9.098873488255776e-05
499,gradient_aligned,0.004239060450345278,1339.0302611508087,8.907050505513325e-05
500,gradient_aligned,0.004195555578917265,1397.8602713050986,
0,random_gaussian,0.0,0.0,0.0
1,random_gaussian,0.0,0.0,0.0
2,random_gaussian,0.0,0.0,0.0
3,random_gaussian,0.0,0.0,0.0
4,random_gaussian,0.0,0.0,0.0
5,random_gaussian,0.0,0.0,0.0
6,random_gaussian,0.0,0.0,0.0
7,random_gaussian,0.0,0.0,0.0
8,random_gaussian,0.0,0.0,0.0
9,random_gaussian,0.0,0.0,0.0
10,random_gaussian,0.0,0.0,0.0
11,random_gaussian,0.0,0.0,0.0
12,random_gaussian,0.0,0.0,0.0
13,random_gaussian,0.0,0.0,0.0
14,random_gaussian,0.0,0.0,0.0
15,random_gaussian,0.0,0.0,0.0
16,random_gaussian,0.0,0.0,0.0
17,random_gaussian,0.0,0.0,0.0
18,random_gaussian,0.0,0.0,0.0
19,random_gaussian,0.0,0.0,0.0
20,random_gaussian,0.0,0.0,0.0
21,random_gaussian,0.0,0.0,0.0
22,random_gaussian,0.0,0.0,0.0
23,random_gaussian,0.0,0.0,0.0
24,random_gaussian,0.0,0.0,0.0
25,random_gaussian,0.0,0.0,0.0
26,random_gaussian,0.0,0.0,0.0
27,random_gaussian,0.0,0.0,0.0
28,random_gaussian,0.0,0.0,0.0
29,random_gaussian,0.0,0.0,0.0
30,random_gaussian,0.0,0.0,0.0
31,random_gaussian,0.0,0.0,0.0
32,random_gaussian,0.0,0.0,0.0
33,random_gaussian,0.0,0.0,0.0
34,random_gaussian,0.0,0.0,0.0
35,random_gaussian,0.0,0.0,0.0
36,random_gaussian,0.0,0.0,0.0
37,random_gaussian,0.0,0.0,0.0
38,random_gaussian,0.0,0.0,0.0
39,random_gaussian,0.0,0.0,0.0
40,random_gaussian,0.0,0.0,0.0
41,random_gaussian,0.0,0.0,0.0
42,random_gaussian,0.0,0.0,0.0
43,random_gaussian,0.0,0.0,0.0
44,random_gaussian,0.0,0.0,0.0
45,random_gaussian,0.0,0.0,0.0
46,random_gaussian,0.0,0.0,0.0
47,random_gaussian,0.0,0.0,0.0
48,random_gaussian,0.0,0.0,0.0
49,random_gaussian,0.0,0.0,0.0
50,random_gaussian,0.0,0.0,0.0
51,random_gaussian,0.0,0.0,0.0
52,random_gaussian,0.0,0.0,0.0
53,random_gaussian,0.0,0.0,0.0
54,random_gaussian,0.0,0.0,0.0
55,random_gaussian,0.0,0.0,0.0
56,random_gaussian,0.0,0.0,0.0
57,random_gaussian,0.0,0.0,0.0
58,random_gaussian,0.0,0.0,0.0
59,random_gaussian,0.0,0.0,0.0
60,random_gaussian,0.0,0.0,0.0
61,random_gaussian,0.0,0.0,0.0
62,random_gaussian,0.0,0.0,0.0
63,random_gaussian,0.0,0.0,0.0
64,random_gaussian,0.0,0.0,0.0
65,random_gaussian,0.0,0.0,0.0
66,random_gaussian,0.0,0.0,0.0
67,random_gaussian,0.0,0.0,0.0
68,random_gaussian,0.0,0.0,0.0
69,random_gaussian,0.0,0.0,0.0
70,random_gaussian,0.0,0.0,0.0
71,random_gaussian,0.0,0.0,0.0
72,random_gaussian,0.0,0.0,0.0
73,random_gaussian,0.0,0.0,0.0
74,random_gaussian,0.0,0.0,0.0
75,random_gaussian,0.0,0.0,0.0
76,random_gaussian,0.0,0.0,0.0
77,random_gaussian,0.0,0.0,0.0
78,random_gaussian,0.0,0.0,0.0
79,random_gaussian,0.0,0.0,0.0
80,random_gaussian,0.0,0.0,0.0
81,random_gaussian,0.0,0.0,0.0
82,random_gaussian,0.0,0.0,0.0
83,random_gaussian,0.0,0.0,0.0
84,random_gaussian,0.0,0.0,0.0
85,random_gaussian,0.0,0.0,0.0
86,random_gaussian,0.0,0.0,0.0
87,random_gaussian,0.0,0.0,0.0
88,random_gaussian,0.0,0.0,0.0
89,random_gaussian,0.0,0.0,0.0
90,random_gaussian,0.0,0.0,0.0
91,random_gaussian,0.0,0.0,0.0
92,random_gaussian,0.0,0.0,0.0
93,random_gaussian,0.0,0.0,0.0
94,random_gaussian,0.0,0.0,0.0
95,random_gaussian,0.0,0.0,0.0
96,random_gaussian,0.0,0.0,0.0
97,random_gaussian,0.0,0.0,0.0
98,random_gaussian,0.0,0.0,0.0
99,random_gaussian,0.0,0.0,0.0
100,random_gaussian,0.0,0.0,0.0
101,random_gaussian,0.0,0.0,0.0
102,random_gaussian,0.0,0.0,0.0
103,random_gaussian,0.0,0.0,0.0
104,random_gaussian,0.0,0.0,0.0
105,random_gaussian,0.0,0.0,0.0
106,random_gaussian,0.0,0.0,0.0
107,random_gaussian,0.0,0.0,0.0
108,random_gaussian,0.0,0.0,0.0
109,random_gaussian,0.0,0.0,0.0
110,random_gaussian,0.0,0.0,0.0
111,random_gaussian,0.0,0.0,0.0
112,random_gaussian,0.0,0.0,0.0
113,random_gaussian,0.0,0.0,0.0
114,random_gaussian,0.0,0.0,0.0
115,random_gaussian,0.0,0.0,0.0
116,random_gaussian,0.0,0.0,0.0
117,random_gaussian,0.0,0.0,0.0
118,random_gaussian,0.0,0.0,0.0
119,random_gaussian,0.0,0.0,0.0
120,random_gaussian,0.0,0.0,0.0
121,random_gaussian,0.0,0.0,0.0
122,random_gaussian,0.0,0.0,0.0
123,random_gaussian,0.0,0.0,0.0
124,random_gaussian,0.0,0.0,0.0
125,random_gaussian,0.0,0.0,0.0
126,random_gaussian,0.0,0.0,0.0
127,random_gaussian,0.0,0.0,0.0
128,random_gaussian,0.0,0.0,0.0
129,random_gaussian,0.0,0.0,0.0
130,random_gaussian,0.0,0.0,0.0
131,random_gaussian,0.0,0.0,0.0
132,random_gaussian,0.0,0.0,0.0
133,random_gaussian,0.0,0.0,0.0
134,random_gaussian,0.0,0.0,0.0
135,random_gaussian,0.0,0.0,0.0
136,random_gaussian,0.0,0.0,0.0
137,random_gaussian,0.0,0.0,0.0
138,random_gaussian,0.0,0.0,0.0
139,random_gaussian,0.0,0.0,0.0
140,random_gaussian,0.0,0.0,0.0
141,random_gaussian,0.0,0.0,0.0
142,random_gaussian,0.0,0.0,0.0
143,random_gaussian,0.0,0.0,0.0
144,random_gaussian,0.0,0.0,0.0
145,random_gaussian,0.0,0.0,0.0
146,random_gaussian,0.0,0.0,0.0
147,random_gaussian,0.0,0.0,0.0
148,random_gaussian,0.0,0.0,0.0
149,random_gaussian,0.0,0.0,0.0
150,random_gaussian,0.0,0.0,0.0
151,random_gaussian,0.0,0.0,0.0
152,random_gaussian,0.0,0.0,0.0
153,random_gaussian,0.0,0.0,0.0
154,random_gaussian,0.0,0.0,0.0
155,random_gaussian,0.0,0.0,0.0
156,random_gaussian,0.0,0.0,0.0
157,random_gaussian,0.0,0.0,0.0
158,random_gaussian,0.0,0.0,0.0
159,random_gaussian,0.0,0.0,0.0
160,random_gaussian,0.0,0.0,0.0
161,random_gaussian,0.0,0.0,0.0
162,random_gaussian,0.0,0.0,0.0
163,random_gaussian,0.0,0.0,0.0
164,random_gaussian,0.0,0.0,0.0
165,random_gaussian,0.0,0.0,0.0
166,random_gaussian,0.0,0.0,0.0
167,random_gaussian,0.0,0.0,0.0
168,random_gaussian,0.0,0.0,0.0
169,random_gaussian,0.0,0.0,0.0
170,random_gaussian,0.0,0.0,0.0
171,random_gaussian,0.0,0.0,0.0
172,random_gaussian,0.0,0.0,0.0
173,random_gaussian,0.0,0.0,0.0
174,random_gaussian,0.0,0.0,0.0
175,random_gaussian,0.0,0.0,0.0
176,random_gaussian,0.0,0.0,0.0
177,random_gaussian,0.0,0.0,0.0
178,random_gaussian,0.0,0.0,0.0
179,random_gaussian,0.0,0.0,0.0
180,random_gaussian,0.0,0.0,0.0
181,random_gaussian,0.0,0.0,0.0
182,random_gaussian,0.0,0.0,0.0
183,random_gaussian,0.0,0.0,0.0
184,random_gaussian,0.0,0.0,0.0
185,random_gaussian,0.0,0.0,0.0
186,random_gaussian,0.0,0.0,0.0
187,random_gaussian,0.0,0.0,0.0
188,random_gaussian,0.0,0.0,0.0
189,random_gaussian,0.0,0.0,0.0
190,random_gaussian,0.0,0.0,0.0
191,random_gaussian,0.0,0.0,0.0
192,random_gaussian,0.0,0.0,0.0
193,random_gaussian,0.0,0.0,0.0
194,random_gaussian,0.0,0.0,0.0
195,random_gaussian,0.0,0.0,0.0
196,random_gaussian,0.0,0.0,0.0
197,random_gaussian,0.0,0.0,0.0
198,random_gaussian,0.0,0.0,0.0
199,random_gaussian,0.0,0.0,0.0
200,random_gaussian,0.0,0.0,0.0
201,random_gaussian,0.0,0.0,0.0
202,random_gaussian,0.0,0.0,0.0
203,random_gaussian,0.0,0.0,0.0
204,random_gaussian,0.0,0.0,0.0
205,random_gaussian,0.0,0.0,0.0
206,random_gaussian,0.0,0.0,0.0
207,random_gaussian,0.0,0.0,0.0
208,random_gaussian,0.0,0.0,0.0
209,random_gaussian,0.0,0.0,0.0
210,random_gaussian,0.0,0.0,0.0
211,random_gaussian,0.0,0.0,0.0
212,random_gaussian,0.0,0.0,0.0
213,random_gaussian,0.0,0.0,0.0
214,random_gaussian,0.0,0.0,0.0
215,random_gaussian,0.0,0.0,0.0
216,random_gaussian,0.0,0.0,0.0
217,random_gaussian,0.0,0.0,0.0
218,random_gaussian,0.0,0.0,0.0
219,random_gaussian,0.0,0.0,0.0
220,random_gaussian,0.0,0.0,0.0
221,random_gaussian,0.0,0.0,0.0
222,random_gaussian,0.0,0.0,0.0
223,random_gaussian,0.0,0.0,0.0
224,random_gaussian,0.0,0.0,0.0
225,random_gaussian,0.0,0.0,0.0
226,random_gaussian,0.0,0.0,0.0
227,random_gaussian,0.0,0.0,0.0
228,random_gaussian,0.0,0.0,0.0
229,random_gaussian,0.0,0.0,0.0
230,random_gaussian,0.0,0.0,0.0
231,random_gaussian,0.0,0.0,0.0
232,random_gaussian,0.0,0.0,0.0
233,random_gaussian,0.0,0.0,0.0
234,random_gaussian,0.0,0.0,0.0
235,random_gaussian,0.0,0.0,0.0
236,random_gaussian,0.0,0.0,0.0
237,random_gaussian,0.0,0.0,0.0
238,random_gaussian,0.0,0.0,0.0
239,random_gaussian,0.0,0.0,0.0
240,random_gaussian,0.0,0.0,0.0
241,random_gaussian,0.0,0.0,0.0
242,random_gaussian,0.0,0.0,0.0
243,random_gaussian,0.0,0.0,0.0
244,random_gaussian,0.0,0.0,0.0
245,random_gaussian,0.0,0.0,0.0
246,random_gaussian,0.0,0.0,0.0
247,random_gaussian,0.0,0.0,0.0
248,random_gaussian,0.0,0.0,0.0
249,random_gaussian,0.0,0.0,0.0
250,random_gaussian,0.030000001192092896,0.030000001192092896,0.00398671068251133
251,random_gaussian,0.02910594642162323,0.031318044873378116,0.0038405503146350384
252,random_gaussian,0.027869610115885735,0.032693996523888144,0.0036491272039711475
253,random_gaussian,0.0265062116086483,0.03413040031795298,0.003448150586336851
254,random_gaussian,0.025188129395246506,0.03562991220766149,0.0032622390426695347
255,random_gaussian,0.02405124343931675,0.037195304833793554,0.00310625322163105
256,random_gaussian,0.02317361906170845,0.038829472652512874,0.002984898164868355
257,random_gaussian,0.022556668147444725,0.04053543728729999,0.002893745433539152
258,random_gaussian,0.022138573229312897,0.04231635311602138,0.0028234729543328285
259,random_gaussian,0.021837987005710602,0.04417551310346521,0.002765463665127754
260,random_gaussian,0.021590618416666985,0.04611635489012825,0.0027148048393428326
261,random_gaussian,0.021358005702495575,0.048142467148512454,0.0026697362773120403
262,random_gaussian,0.0211197379976511,0.05025759621868405,0.0026297755539417267
263,random_gaussian,0.020864414051175117,0.05246565303536444,0.002594325691461563
264,random_gaussian,0.02058449201285839,0.05477072035936145,0.0025621503591537476
265,random_gaussian,0.020274251699447632,0.057177060326711965,0.0025314288213849068
266,random_gaussian,0.019929545000195503,0.05968912232949447,0.0025001049507409334
267,random_gaussian,0.019548842683434486,0.06231155124288354,0.0024664022494107485
268,random_gaussian,0.01913517527282238,0.06504919601365806,0.002429328626021743
269,random_gaussian,0.018697965890169144,0.06790711862604396,0.0023889881558716297
270,random_gaussian,0.018253205344080925,0.07089060346146903,0.002346533117815852
271,random_gaussian,0.017821352928876877,0.0740051670695369,0.002303742105141282
272,random_gaussian,0.01742335595190525,0.0772565683682865,0.0022624225821346045
273,random_gaussian,0.017076171934604645,0.08065081929259772,0.0022238735109567642
274,random_gaussian,0.016789285466074944,0.08419419591043276,0.0021885856986045837
275,random_gaussian,0.01656329818069935,0.08789325002746674,0.0021562306210398674
276,random_gaussian,0.016390951350331306,0.09175482130156584,0.0021258858032524586
277,random_gaussian,0.01626000553369522,0.09578604988951198,0.002096401061862707
278,random_gaussian,0.016156816855072975,0.099994389649359,0.0020667524076998234
279,random_gaussian,0.016069339588284492,0.10438762192283128,0.0020363088697195053
280,random_gaussian,0.015988720580935478,0.10897386992324944,0.0020049093291163445
281,random_gaussian,0.01590941660106182,0.11376161375558616,0.001972784288227558
282,random_gaussian,0.01582827977836132,0.11875970609642514,0.0019403861369937658
283,random_gaussian,0.015743345022201538,0.12397738856281582,0.0019081926438957453
284,random_gaussian,0.015652883797883987,0.12942430880029007,0.0018765665590763092
285,random_gaussian,0.015555070713162422,0.13511053832163725,0.001845707418397069
286,random_gaussian,0.015448189340531826,0.14104659112942233,0.0018156715668737888
287,random_gaussian,0.015331150963902473,0.1472434431566801,0.0017864443361759186
288,random_gaussian,0.015203972347080708,0.15371255256173214,0.0017580119892954826
289,random_gaussian,0.015067985281348228,0.16046588091465275,0.0017303968779742718
290,random_gaussian,0.014925637282431126,0.16751591531455703,0.001703654881566763
291,random_gaussian,0.014779970049858093,0.17487569147860788,0.0016778321005403996
292,random_gaussian,0.01463394332677126,0.1825588178454333,0.0016529192216694355
293,random_gaussian,0.014489846304059029,0.1905795007375224,0.001628808444365859
294,random_gaussian,0.014348960481584072,0.19895257062912597,0.0016052995342761278
295,random_gaussian,0.014211556874215603,0.2076935095682313,0.0015821252018213272
296,random_gaussian,0.01407721545547247,0.21681847980331614,0.0015590174589306116
297,random_gaussian,0.013945264741778374,0.22634435366781286,0.0015357681550085545
298,random_gaussian,0.01381521113216877,0.23628874477753994,0.0015122797340154648
299,random_gaussian,0.01368696242570877,0.24667004059878606,0.0014885780401527882
300,random_gaussian,0.013560811057686806,0.2575074364472666,0.0014647964853793383
301,random_gaussian,0.013437214307487011,0.26882097098081625,0.0014411306474357843
302,random_gaussian,0.013316471129655838,0.28063156325144617,0.0014177828561514616
303,random_gaussian,0.013198445551097393,0.2929610513852751,0.0013949116691946983
304,random_gaussian,0.013082437217235565,0.30583223296185486,0.0013726053293794394
305,random_gaussian,0.012967264279723167,0.3192689071675536,0.001350875711068511
306,random_gaussian,0.01285149622708559,0.33329591880093784,0.001329668564721942
307,random_gaussian,0.012733783572912216,0.3479392042115236,0.0013089028652757406
308,random_gaussian,0.012613167054951191,0.3632258392568341,0.0012884902535006404
309,random_gaussian,0.012489285320043564,0.3791840893664433,0.001268360996618867
310,random_gaussian,0.012362419627606869,0.3958434618055703,0.00124847621191293
311,random_gaussian,0.012233422137796879,0.41323476023486566,0.001228824257850647
312,random_gaussian,0.01210351288318634,0.4313901416672682,0.0012094097910448909
313,random_gaussian,0.011974077671766281,0.45034317592725154,0.0011902461992576718
314,random_gaussian,0.011846461333334446,0.47012890772239824,0.001171340816654265
315,random_gaussian,0.011721824295818806,0.49078392144207605,0.0011526966700330377
316,random_gaussian,0.011601068079471588,0.5123464088030301,0.0011343085207045078
317,random_gaussian,0.011484818533062935,0.53485623946697,0.0011161679867655039
318,random_gaussian,0.011373433284461498,0.5583550347607258,0.0010982698295265436
319,random_gaussian,0.011267028748989105,0.5828862446352818,0.0010806123027577996
320,random_gaussian,0.011165483854711056,0.6084952280059924,0.0010631990153342485
321,random_gaussian,0.01106845960021019,0.6352293366225246,0.001046036253683269
322,random_gaussian,0.010975399985909462,0.6631380026236111,0.0010291282087564468
323,random_gaussian,0.010885563679039478,0.6922728299385021,0.0010124759282916784
324,random_gaussian,0.010798082686960697,0.7226876897041205,0.0009960761526599526
325,random_gaussian,0.010712021961808205,0.7544388198743482,0.000979920383542776
326,random_gaussian,0.010626483708620071,0.7875849292056288,0.0009639996569603682
327,random_gaussian,0.010540671646595001,0.8221873058111522,0.0009483031462877989
328,random_gaussian,0.010453964583575726,0.8583099304843449,0.0009328242158517241
329,random_gaussian,0.010365957394242287,0.8960195950012056,0.0009175608865916729
330,random_gaussian,0.01027645543217659,0.9353860256202268,0.0009025119943544269
331,random_gaussian,0.01018546149134636,0.9764820120082606,0.0008876790525391698
332,random_gaussian,0.010093136690557003,1.0193835418307124,0.0008730653207749128
333,random_gaussian,0.009999768808484077,1.0641699412549315,0.0008586703334003687
334,random_gaussian,0.009905719198286533,1.1109240216265819,0.0008444928098469973
335,random_gaussian,0.009811395779252052,1.159732232590214,0.0008305306546390057
336,random_gaussian,0.009717218577861786,1.2106848219371509,0.0008167801424860954
337,random_gaussian,0.009623597376048565,1.2638760024762634,0.000803235569037497
338,random_gaussian,0.009530904702842236,1.3194041262361693,0.0007898928597569466
339,random_gaussian,0.009439459070563316,1.377371866320979,0.0007767492206767201
340,random_gaussian,0.009349500760436058,1.437886406755827,0.0007637999951839447
341,random_gaussian,0.009261192753911018,1.5010596406732293,0.00075104262214154
342,random_gaussian,0.00917460210621357,1.5670083772067154,0.0007384741911664605
343,random_gaussian,0.009089723229408264,1.635854557474292,0.0007260915590450168
344,random_gaussian,0.009006479755043983,1.7077254800510846,0.0007138911169022322
345,random_gaussian,0.008924749679863453,1.7827540363480883,0.0007018718170002103
346,random_gaussian,0.008844375610351562,1.8610789563322137,0.0006900300504639745
347,random_gaussian,0.008765184320509434,1.942845065042005,0.0006783648859709501
348,random_gaussian,0.00868700910359621,2.0282035503733242,0.000666875159367919
349,random_gaussian,0.008609684184193611,2.117312242630122,0.0006555599393323064
350,random_gaussian,0.008533050306141376,2.210335906357243,0.0006444182363338768
351,random_gaussian,0.00845696683973074,2.307446544994812,0.0006334484787657857
352,random_gaussian,0.008381308987736702,2.408823718917574,0.0006226483383215964
353,random_gaussian,0.008305968716740608,2.514654877447198,0.0006120153702795506
354,random_gaussian,0.008230871520936489,2.6251357054514943,0.0006015469552949071
355,random_gaussian,0.008155971765518188,2.7404704851713886,0.000591239077039063
356,random_gaussian,0.008081257343292236,2.860872473944668,0.0005810901639051735
357,random_gaussian,0.008006750606000423,2.986564298524978,0.0005710966652259231
358,random_gaussian,0.007932503707706928,3.1177783667250933,0.0005612571840174496
359,random_gaussian,0.00785859115421772,3.2547572971457,0.0005515692755579948
360,random_gaussian,0.0077851018868386745,3.3977543677841697,0.0005420315428636968
361,random_gaussian,0.007712130900472403,3.5470339843529017,0.000532642297912389
362,random_gaussian,0.007639768533408642,3.702872169173126,0.0005233994452282786
363,random_gaussian,0.007568093482404947,3.865557071548125,0.0005143011221662164
364,random_gaussian,0.007497178856283426,4.035389500559639,0.0005053458735346794
365,random_gaussian,0.007427074946463108,4.212683481272518,0.000496530847158283
366,random_gaussian,0.0073578194715082645,4.3977668353761645,0.0004878547042608261
367,random_gaussian,0.007289431057870388,4.590981787336268,0.0004793150583282113
368,random_gaussian,0.007221910636872053,4.792685597177746,0.00047091045416891575
369,random_gaussian,0.00715524610131979,5.00325122106885,0.0004626386798918247
370,random_gaussian,0.007089405320584774,5.223068000927857,0.00045449851313605905
371,random_gaussian,0.007024343591183424,5.452542384327566,0.00044648785842582583
372,random_gaussian,0.006960009224712849,5.69209867602855,0.0004386049695312977
373,random_gaussian,0.006896342150866985,5.942179822530929,0.0004308478091843426
374,random_gaussian,0.006833279505372047,6.203248231095253,0.00042321503860875964
375,random_gaussian,0.006770758889615536,6.475786624746839,0.0004157042130827904
376,random_gaussian,0.006708730477839708,6.760298934844637,0.0004083139356225729
377,random_gaussian,0.0066471463069319725,7.057311232864797,0.00040104315849021077
378,random_gaussian,0.0065859719179570675,7.3673727031220855,0.00039388949517160654
379,random_gaussian,0.006525182630866766,7.691056658227487,0.00038685143226757646
380,random_gaussian,0.006464766338467598,8.028961599159791,0.00037992739817127585
381,random_gaussian,0.006404724437743425,8.381712321911216,0.00037311611231416464
382,random_gaussian,0.006345062516629696,8.749961072753171,0.0003664153628051281
383,random_gaussian,0.006285796873271465,9.134388754258524,0.00035982398549094796
384,random_gaussian,0.006226949859410524,9.535706184310039,0.00035334040876477957
385,random_gaussian,0.0061685461550951,9.954655410423237,0.0003469628863967955
386,random_gaussian,0.006110611837357283,10.392011081813623,0.00034068984678015113
387,random_gaussian,0.006053172051906586,10.848581881745472,0.00033452006755396724
388,random_gaussian,0.005996245425194502,11.325212022810561,0.000328451773384586
389,random_gaussian,0.005939844064414501,11.822782807901563,0.00032248342176899314
390,random_gaussian,0.005883977748453617,12.342214259766624,0.00031661381945014
391,random_gaussian,0.00582864647731185,12.884466822157904,0.0003108415985479951
392,random_gaussian,0.005773845594376326,13.450543135719856,0.00030516498372890055
393,random_gaussian,0.005719562526792288,14.041489891900742,0.00029958298546262085
394,random_gaussian,0.005665783770382404,14.658399768315276,0.00029409374110400677
395,random_gaussian,0.005612488836050034,15.302413449137164,0.0002886963775381446
396,random_gaussian,0.005559662822633982,15.974721734257,0.00028338932315818965
397,random_gaussian,0.00550728477537632,16.676567741105725,0.00027817123918794096
398,random_gaussian,0.005455339327454567,17.40924920321456,0.00027304093237034976
399,random_gaussian,0.00540381483733654,18.17412086976184,0.0002679968602024019
400,random_gaussian,0.005352701526135206,18.97259701054337,0.00026303797494620085
401,random_gaussian,0.005301994737237692,19.80615403099803,0.00025816267589107156
402,random_gaussian,0.005251695867627859,20.676333202124187,0.00025337020633742213
403,random_gaussian,0.005201806779950857,21.58474351033411,0.0002486588491592556
404,random_gaussian,0.0051523311994969845,22.533064632516492,0.00024402746930718422
405,random_gaussian,0.005103277042508125,23.52305004180734,0.00023947516456246376
406,random_gaussian,0.005054651293903589,24.55653024981252,0.00023500036331824958
407,random_gaussian,0.005006458610296249,25.63541619127662,0.00023060207604430616
408,random_gaussian,0.004958706442266703,26.761702757456295,0.0002262792841065675
409,random_gaussian,0.004911391064524651,27.937472484732034,0.0002220305905211717
410,random_gaussian,0.00486451480537653,29.16489940527781,0.00021785483113490045
411,random_gaussian,0.004818072076886892,30.446253066909588,0.00021375095820985734
412,random_gaussian,0.004772056359797716,31.783902729544536,0.00020971809863112867
413,random_gaussian,0.004726457875221968,33.180321746031154,0.00020575494272634387
414,random_gaussian,0.004681265447288752,34.638092135450144,0.00020186053006909788
415,random_gaussian,0.004636465571820736,36.15990935734206,0.00019803355098702013
416,random_gaussian,0.004592048469930887,37.748587295690044,0.0001942732196766883
417,random_gaussian,0.0045480020344257355,39.407063461872404,0.00019057831377722323
418,random_gaussian,0.0045043169520795345,41.13840442620596,0.00018694790196605027
419,random_gaussian,0.004460984840989113,42.94581148812329,0.00018338096560910344
420,random_gaussian,0.0044179982505738735,44.832626595467545,0.0001798766024876386
421,random_gaussian,0.00437535485252738,46.802338523850764,0.00017643373575992882
422,random_gaussian,0.004333052784204483,48.858589327500454,0.00017305144865531474
423,random_gaussian,0.004291092045605183,51.0051810735233,0.00016972875164356083
424,random_gaussian,0.004249474499374628,53.24608287203675,0.000166464684298262
425,random_gaussian,0.004208201542496681,55.58543821516833,0.00016325835895258933
426,random_gaussian,0.004167276434600353,58.0275726384924,0.00016010890249162912
427,random_gaussian,0.004126701969653368,60.57700171906996,0.00015701516531407833
428,random_gaussian,0.004086480941623449,63.23843942488142,0.00015397662355098873
429,random_gaussian,0.0040466138161718845,66.0168068310891,0.00015099209849722683
430,random_gaussian,0.004007101058959961,68.91724121924767,0.00014806093531660736
431,random_gaussian,0.003967940807342529,71.94510557628581,0.00014518218813464046
432,random_gaussian,0.003929131664335728,75.1059985108239,0.00014235494018066674
433,random_gaussian,0.003890668973326683,78.40576460516327,0.0001395784056512639
434,random_gaussian,0.003852549009025097,81.85050522208728,0.00013685188605450094
435,random_gaussian,0.003814766416326165,85.44658978645758,0.00013417439186014235
436,random_gaussian,0.0037773160729557276,89.20066756246432,0.0001315452391281724
437,random_gaussian,0.00374019262380898,93.11967994830778,0.00012896365660708398
438,random_gaussian,0.0037033907137811184,97.21087331104387,0.0001264287857338786
439,random_gaussian,0.003666904754936695,101.48181238532668,0.00012393991346471012
440,random_gaussian,0.0036307310219854116,105.94039426082033,0.0001214962248923257
441,random_gaussian,0.0035948650911450386,110.59486298414637,0.00011909705062862486
442,random_gaussian,0.0035593046341091394,115.45382480236391,0.00011674164852593094
443,random_gaussian,0.0035240466240793467,120.52626407616867,0.00011442924733273685
444,random_gaussian,0.003489090595394373,125.82155989223618,0.00011215926497243345
445,random_gaussian,0.003454433986917138,131.34950340542255,0.00010993082833010703
446,random_gaussian,0.003420074936002493,137.1203159428934,0.00010774335532914847
447,random_gaussian,0.0033860146068036556,143.14466790365242,0.00010559611837379634
448,random_gaussian,0.003352250438183546,149.4336984884182,0.00010348843352403492
449,random_gaussian,0.0033187828958034515,155.9990362963265,0.00010141977691091597
450,random_gaussian,0.003285609185695648,162.8528208265469,9.938924631569535e-05
451,random_gaussian,0.0032527288421988487,170.00772492456673,9.739643428474665e-05
452,random_gaussian,0.003220140002667904,177.4769782146484,9.544061322230846e-05
453,random_gaussian,0.0031878415029495955,185.2743915617875,9.352115739602596e-05
454,random_gaussian,0.003155830316245556,193.4143826083993,9.163748472929001e-05
455,random_gaussian,0.0031241043470799923,201.91200243295705,8.978891128208488e-05
456,random_gaussian,0.003092660568654537,210.78296337987032,8.797489863354713e-05
457,random_gaussian,0.0030614961870014668,220.0436681120631,8.619487925898284e-05
458,random_gaussian,0.0030306093394756317,229.7112399399726,8.444822015007958e-05
459,random_gaussian,0.00299999606795609,239.8035544830426,8.273442654171959e-05
460,random_gaussian,0.0029696538113057613,250.33927272226126,8.105288725346327e-05
461,random_gaussian,0.0029395809397101402,261.3378755048528,7.940307114040479e-05
462,random_gaussian,0.002909773262217641,272.81969956492867,7.778437429806218e-05
463,random_gaussian,0.002880229614675045,284.8059751266932,7.61963747208938e-05
464,random_gaussian,0.0028509467374533415,297.31886515974287,7.463841029675677e-05
465,random_gaussian,0.0028219223022460938,310.3815063590367,7.311003719223663e-05
466,random_gaussian,0.00279315491206944,324.0180519253125,7.161073153838515e-05
467,random_gaussian,0.002764643169939518,338.2537162250549,7.013999129412696e-05
468,random_gaussian,0.0027363847475498915,353.1148214125837,6.869731441838667e-05
469,random_gaussian,0.0027083782479166985,368.62884610047905,6.72822498017922e-05
470,random_gaussian,0.002680621575564146,384.8244761683293,6.589422991964966e-05
471,random_gaussian,0.0026531137991696596,401.7316578037497,6.453289825003594e-05
472,random_gaussian,0.0026258535217493773,419.3816528737511,6.319769454421476e-05
473,random_gaussian,0.002598837949335575,437.80709672882983,6.188818952068686e-05
474,random_gaussian,0.002572066616266966,457.0420585466767,6.0603902966249734e-05
475,random_gaussian,0.0025455367285758257,477.12210432706877,5.9344456531107426e-05
476,random_gaussian,0.0025192475877702236,498.08436265442947,5.8109355450142175e-05
477,random_gaussian,0.0024931966327130795,519.9675933496563,5.689815588993952e-05
478,random_gaussian,0.0024673824664205313,542.8122591381444,5.571050860453397e-05
479,random_gaussian,0.002441803691908717,566.6606004665363,5.4545940656680614e-05
480,random_gaussian,0.002416457049548626,591.5567136065264,5.340403731679544e-05
481,random_gaussian,0.0023913413751870394,617.5466321901444,5.228442023508251e-05
482,random_gaussian,0.0023664545733481646,644.6784123272641,5.118666013004258e-05
483,random_gaussian,0.0023417952470481396,673.002221462742,5.011040047975257e-05
484,random_gaussian,0.002317361067980528,702.5704311374699,4.9055233830586076e-05
485,random_gaussian,0.0022931494750082493,733.4377138248658,4.802081093657762e-05
486,random_gaussian,0.002269159536808729,765.6611440218602,4.7006709792185575e-05
487,random_gaussian,0.0022453893907368183,799.3003037812812,4.601259570335969e-05
488,random_gaussian,0.0022218371741473675,834.4173928807962,4.503810123424046e-05
489,random_gaussian,0.0021985010243952274,871.077343832095,4.408284803503193e-05
490,random_gaussian,0.002175380242988467,909.3479419429771,4.314650868764147e-05
491,random_gaussian,0.0021524722687900066,949.2999506543491,4.222874849801883e-05
492,random_gaussian,0.0021297759376466274,991.0072423838619,4.132921822019853e-05
493,random_gaussian,0.002107289619743824,1034.5469351181484,4.044759043608792e-05
494,random_gaussian,0.002085011685267091,1079.9995350062068,3.958351589972153e-05
495,random_gaussian,0.0020629409700632095,1127.4490852175932,3.8736703572794795e-05
496,random_gaussian,0.0020410753786563873,1176.983321340675,3.7906804209342226e-05
497,random_gaussian,0.0020194132812321186,1228.6938336082565,3.709353040903807e-05
498,random_gaussian,0.001997953047975898,1282.6762362505715,3.629659113357775e-05
499,random_gaussian,0.0019766930490732193,1339.0303442887512,3.551562986103818e-05
500,random_gaussian,0.001955631887540221,1397.860358095689,
0,top_hessian,0.0,0.0,0.0
1,top_hessian,0.0,0.0,0.0
2,top_hessian,0.0,0.0,0.0
3,top_hessian,0.0,0.0,0.0
4,top_hessian,0.0,0.0,0.0
5,top_hessian,0.0,0.0,0.0
6,top_hessian,0.0,0.0,0.0
7,top_hessian,0.0,0.0,0.0
8,top_hessian,0.0,0.0,0.0
9,top_hessian,0.0,0.0,0.0
10,top_hessian,0.0,0.0,0.0
11,top_hessian,0.0,0.0,0.0
12,top_hessian,0.0,0.0,0.0
13,top_hessian,0.0,0.0,0.0
14,top_hessian,0.0,0.0,0.0
15,top_hessian,0.0,0.0,0.0
16,top_hessian,0.0,0.0,0.0
17,top_hessian,0.0,0.0,0.0
18,top_hessian,0.0,0.0,0.0
19,top_hessian,0.0,0.0,0.0
20,top_hessian,0.0,0.0,0.0
21,top_hessian,0.0,0.0,0.0
22,top_hessian,0.0,0.0,0.0
23,top_hessian,0.0,0.0,0.0
24,top_hessian,0.0,0.0,0.0
25,top_hessian,0.0,0.0,0.0
26,top_hessian,0.0,0.0,0.0
27,top_hessian,0.0,0.0,0.0
28,top_hessian,0.0,0.0,0.0
29,top_hessian,0.0,0.0,0.0
30,top_hessian,0.0,0.0,0.0
31,top_hessian,0.0,0.0,0.0
32,top_hessian,0.0,0.0,0.0
33,top_hessian,0.0,0.0,0.0
34,top_hessian,0.0,0.0,0.0
35,top_hessian,0.0,0.0,0.0
36,top_hessian,0.0,0.0,0.0
37,top_hessian,0.0,0.0,0.0
38,top_hessian,0.0,0.0,0.0
39,top_hessian,0.0,0.0,0.0
40,top_hessian,0.0,0.0,0.0
41,top_hessian,0.0,0.0,0.0
42,top_hessian,0.0,0.0,0.0
43,top_hessian,0.0,0.0,0.0
44,top_hessian,0.0,0.0,0.0
45,top_hessian,0.0,0.0,0.0
46,top_hessian,0.0,0.0,0.0
47,top_hessian,0.0,0.0,0.0
48,top_hessian,0.0,0.0,0.0
49,top_hessian,0.0,0.0,0.0
50,top_hessian,0.0,0.0,0.0
51,top_hessian,0.0,0.0,0.0
52,top_hessian,0.0,0.0,0.0
53,top_hessian,0.0,0.0,0.0
54,top_hessian,0.0,0.0,0.0
55,top_hessian,0.0,0.0,0.0
56,top_hessian,0.0,0.0,0.0
57,top_hessian,0.0,0.0,0.0
58,top_hessian,0.0,0.0,0.0
59,top_hessian,0.0,0.0,0.0
60,top_hessian,0.0,0.0,0.0
61,top_hessian,0.0,0.0,0.0
62,top_hessian,0.0,0.0,0.0
63,top_hessian,0.0,0.0,0.0
64,top_hessian,0.0,0.0,0.0
65,top_hessian,0.0,0.0,0.0
66,top_hessian,0.0,0.0,0.0
67,top_hessian,0.0,0.0,0.0
68,top_hessian,0.0,0.0,0.0
69,top_hessian,0.0,0.0,0.0
70,top_hessian,0.0,0.0,0.0
71,top_hessian,0.0,0.0,0.0
72,top_hessian,0.0,0.0,0.0
73,top_hessian,0.0,0.0,0.0
74,top_hessian,0.0,0.0,0.0
75,top_hessian,0.0,0.0,0.0
76,top_hessian,0.0,0.0,0.0
77,top_hessian,0.0,0.0,0.0
78,top_hessian,0.0,0.0,0.0
79,top_hessian,0.0,0.0,0.0
80,top_hessian,0.0,0.0,0.0
81,top_hessian,0.0,0.0,0.0
82,top_hessian,0.0,0.0,0.0
83,top_hessian,0.0,0.0,0.0
84,top_hessian,0.0,0.0,0.0
85,top_hessian,0.0,0.0,0.0
86,top_hessian,0.0,0.0,0.0
87,top_hessian,0.0,0.0,0.0
88,top_hessian,0.0,0.0,0.0
89,top_hessian,0.0,0.0,0.0
90,top_hessian,0.0,0.0,0.0
91,top_hessian,0.0,0.0,0.0
92,top_hessian,0.0,0.0,0.0
93,top_hessian,0.0,0.0,0.0
94,top_hessian,0.0,0.0,0.0
95,top_hessian,0.0,0.0,0.0
96,top_hessian,0.0,0.0,0.0
97,top_hessian,0.0,0.0,0.0
98,top_hessian,0.0,0.0,0.0
99,top_hessian,0.0,0.0,0.0
100,top_hessian,0.0,0.0,0.0
101,top_hessian,0.0,0.0,0.0
102,top_hessian,0.0,0.0,0.0
103,top_hessian,0.0,0.0,0.0
104,top_hessian,0.0,0.0,0.0
105,top_hessian,0.0,0.0,0.0
106,top_hessian,0.0,0.0,0.0
107,top_hessian,0.0,0.0,0.0
108,top_hessian,0.0,0.0,0.0
109,top_hessian,0.0,0.0,0.0
110,top_hessian,0.0,0.0,0.0
111,top_hessian,0.0,0.0,0.0
112,top_hessian,0.0,0.0,0.0
113,top_hessian,0.0,0.0,0.0
114,top_hessian,0.0,0.0,0.0
115,top_hessian,0.0,0.0,0.0
116,top_hessian,0.0,0.0,0.0
117,top_hessian,0.0,0.0,0.0
118,top_hessian,0.0,0.0,0.0
119,top_hessian,0.0,0.0,0.0
120,top_hessian,0.0,0.0,0.0
121,top_hessian,0.0,0.0,0.0
122,top_hessian,0.0,0.0,0.0
123,top_hessian,0.0,0.0,0.0
124,top_hessian,0.0,0.0,0.0
125,top_hessian,0.0,0.0,0.0
126,top_hessian,0.0,0.0,0.0
127,top_hessian,0.0,0.0,0.0
128,top_hessian,0.0,0.0,0.0
129,top_hessian,0.0,0.0,0.0
130,top_hessian,0.0,0.0,0.0
131,top_hessian,0.0,0.0,0.0
132,top_hessian,0.0,0.0,0.0
133,top_hessian,0.0,0.0,0.0
134,top_hessian,0.0,0.0,0.0
135,top_hessian,0.0,0.0,0.0
136,top_hessian,0.0,0.0,0.0
137,top_hessian,0.0,0.0,0.0
138,top_hessian,0.0,0.0,0.0
139,top_hessian,0.0,0.0,0.0
140,top_hessian,0.0,0.0,0.0
141,top_hessian,0.0,0.0,0.0
142,top_hessian,0.0,0.0,0.0
143,top_hessian,0.0,0.0,0.0
144,top_hessian,0.0,0.0,0.0
145,top_hessian,0.0,0.0,0.0
146,top_hessian,0.0,0.0,0.0
147,top_hessian,0.0,0.0,0.0
148,top_hessian,0.0,0.0,0.0
149,top_hessian,0.0,0.0,0.0
150,top_hessian,0.0,0.0,0.0
151,top_hessian,0.0,0.0,0.0
152,top_hessian,0.0,0.0,0.0
153,top_hessian,0.0,0.0,0.0
154,top_hessian,0.0,0.0,0.0
155,top_hessian,0.0,0.0,0.0
156,top_hessian,0.0,0.0,0.0
157,top_hessian,0.0,0.0,0.0
158,top_hessian,0.0,0.0,0.0
159,top_hessian,0.0,0.0,0.0
160,top_hessian,0.0,0.0,0.0
161,top_hessian,0.0,0.0,0.0
162,top_hessian,0.0,0.0,0.0
163,top_hessian,0.0,0.0,0.0
164,top_hessian,0.0,0.0,0.0
165,top_hessian,0.0,0.0,0.0
166,top_hessian,0.0,0.0,0.0
167,top_hessian,0.0,0.0,0.0
168,top_hessian,0.0,0.0,0.0
169,top_hessian,0.0,0.0,0.0
170,top_hessian,0.0,0.0,0.0
171,top_hessian,0.0,0.0,0.0
172,top_hessian,0.0,0.0,0.0
173,top_hessian,0.0,0.0,0.0
174,top_hessian,0.0,0.0,0.0
175,top_hessian,0.0,0.0,0.0
176,top_hessian,0.0,0.0,0.0
177,top_hessian,0.0,0.0,0.0
178,top_hessian,0.0,0.0,0.0
179,top_hessian,0.0,0.0,0.0
180,top_hessian,0.0,0.0,0.0
181,top_hessian,0.0,0.0,0.0
182,top_hessian,0.0,0.0,0.0
183,top_hessian,0.0,0.0,0.0
184,top_hessian,0.0,0.0,0.0
185,top_hessian,0.0,0.0,0.0
186,top_hessian,0.0,0.0,0.0
187,top_hessian,0.0,0.0,0.0
188,top_hessian,0.0,0.0,0.0
189,top_hessian,0.0,0.0,0.0
190,top_hessian,0.0,0.0,0.0
191,top_hessian,0.0,0.0,0.0
192,top_hessian,0.0,0.0,0.0
193,top_hessian,0.0,0.0,0.0
194,top_hessian,0.0,0.0,0.0
195,top_hessian,0.0,0.0,0.0
196,top_hessian,0.0,0.0,0.0
197,top_hessian,0.0,0.0,0.0
198,top_hessian,0.0,0.0,0.0
199,top_hessian,0.0,0.0,0.0
200,top_hessian,0.0,0.0,0.0
201,top_hessian,0.0,0.0,0.0
202,top_hessian,0.0,0.0,0.0
203,top_hessian,0.0,0.0,0.0
204,top_hessian,0.0,0.0,0.0
205,top_hessian,0.0,0.0,0.0
206,top_hessian,0.0,0.0,0.0
207,top_hessian,0.0,0.0,0.0
208,top_hessian,0.0,0.0,0.0
209,top_hessian,0.0,0.0,0.0
210,top_hessian,0.0,0.0,0.0
211,top_hessian,0.0,0.0,0.0
212,top_hessian,0.0,0.0,0.0
213,top_hessian,0.0,0.0,0.0
214,top_hessian,0.0,0.0,0.0
215,top_hessian,0.0,0.0,0.0
216,top_hessian,0.0,0.0,0.0
217,top_hessian,0.0,0.0,0.0
218,top_hessian,0.0,0.0,0.0
219,top_hessian,0.0,0.0,0.0
220,top_hessian,0.0,0.0,0.0
221,top_hessian,0.0,0.0,0.0
222,top_hessian,0.0,0.0,0.0
223,top_hessian,0.0,0.0,0.0
224,top_hessian,0.0,0.0,0.0
225,top_hessian,0.0,0.0,0.0
226,top_hessian,0.0,0.0,0.0
227,top_hessian,0.0,0.0,0.0
228,top_hessian,0.0,0.0,0.0
229,top_hessian,0.0,0.0,0.0
230,top_hessian,0.0,0.0,0.0
231,top_hessian,0.0,0.0,0.0
232,top_hessian,0.0,0.0,0.0
233,top_hessian,0.0,0.0,0.0
234,top_hessian,0.0,0.0,0.0
235,top_hessian,0.0,0.0,0.0
236,top_hessian,0.0,0.0,0.0
237,top_hessian,0.0,0.0,0.0
238,top_hessian,0.0,0.0,0.0
239,top_hessian,0.0,0.0,0.0
240,top_hessian,0.0,0.0,0.0
241,top_hessian,0.0,0.0,0.0
242,top_hessian,0.0,0.0,0.0
243,top_hessian,0.0,0.0,0.0
244,top_hessian,0.0,0.0,0.0
245,top_hessian,0.0,0.0,0.0
246,top_hessian,0.0,0.0,0.0
247,top_hessian,0.0,0.0,0.0
248,top_hessian,0.0,0.0,0.0
249,top_hessian,0.0,0.0,0.0
250,top_hessian,0.030000001192092896,0.030000001192092896,0.0062161777168512344
251,top_hessian,0.028900865465402603,0.031318044873378116,0.0058752852492034435
252,top_hessian,0.027369868010282516,0.032693996523888144,0.005411161575466394
253,top_hessian,0.025691743940114975,0.03413040031795298,0.004911696072667837
254,top_hessian,0.023999279364943504,0.03562991220766149,0.004421575460582972
255,top_hessian,0.02228662185370922,0.037195304833793554,0.003952346742153168
256,top_hessian,0.02056124433875084,0.038829472652512874,0.003509326372295618
257,top_hessian,0.01893898844718933,0.04053543728729999,0.003106902353465557
258,top_hessian,0.017596326768398285,0.04231635311602138,0.0027615041472017765
259,top_hessian,0.016705110669136047,0.04417551310346521,0.002484829630702734
260,top_hessian,0.016367116943001747,0.04611635489012825,0.002281307242810726
261,top_hessian,0.01655852608382702,0.048142467148512454,0.0021473816595971584
262,top_hessian,0.017128577455878258,0.05025759621868405,0.002071930095553398
263,top_hessian,0.017864955589175224,0.05246565303536444,0.002038511447608471
264,top_hessian,0.018576692789793015,0.05477072035936145,0.0020294920541346073
265,top_hessian,0.01914028823375702,0.057177060326711965,0.002030089031904936
266,top_hessian,0.019500000402331352,0.05968912232949447,0.002030155388638377
267,top_hessian,0.01964663527905941,0.06231155124288354,0.002023786073550582
268,top_hessian,0.01959628239274025,0.06504919601365806,0.0020080667454749346
269,top_hessian,0.01937556080520153,0.06790711862604396,0.0019818521104753017
270,top_hessian,0.01901262067258358,0.07089060346146903,0.0019449254032224417
271,top_hessian,0.018532555550336838,0.0740051670695369,0.0018976035062223673
272,top_hessian,0.01795671321451664,0.0772565683682865,0.0018408012110739946
273,top_hessian,0.0173049233853817,0.08065081929259772,0.0017762808129191399
274,top_hessian,0.01659846492111683,0.08419419591043276,0.001706763170659542
275,top_hessian,0.01586143672466278,0.08789325002746674,0.0016356785781681538
276,top_hessian,0.015119604766368866,0.09175482130156584,0.0015665916725993156
277,top_hessian,0.014397291466593742,0.09578604988951198,0.00150255486369133
278,top_hessian,0.013714003376662731,0.099994389649359,0.00144563103094697
279,top_hessian,0.01308243814855814,0.10438762192283128,0.001396720763295889
280,top_hessian,0.012508979998528957,0.10897386992324944,0.001355714164674282
281,top_hessian,0.011996347457170486,0.11376161375558616,0.0013218605890870094
282,top_hessian,0.011546650901436806,0.11875970609642514,0.0012941511813551188
283,top_hessian,0.011163058690726757,0.12397738856281582,0.0012715824414044619
284,top_hessian,0.01084907166659832,0.12942430880029007,0.0012532416731119156
285,top_hessian,0.010606030933558941,0.13511053832163725,0.0012382480781525373
286,top_hessian,0.010430357418954372,0.14104659112942233,0.0012256712652742863
287,top_hessian,0.010312244296073914,0.1472434431566801,0.0012144837528467178
288,top_hessian,0.010236685164272785,0.15371255256173214,0.0012036156840622425
289,top_hessian,0.010186565108597279,0.16046588091465275,0.0011920840479433537
290,top_hessian,0.01014640647917986,0.16751591531455703,0.0011791461147367954
291,top_hessian,0.010105249471962452,0.17487569147860788,0.0011644121259450912
292,top_hessian,0.010057772509753704,0.1825588178454333,0.0011478690430521965
293,top_hessian,0.010003569535911083,0.1905795007375224,0.0011297967284917831
294,top_hessian,0.009945312514901161,0.19895257062912597,0.0011106431484222412
295,top_hessian,0.009886627085506916,0.2076935095682313,0.0010908888652920723
296,top_hessian,0.009830513037741184,0.21681847980331614,0.0010709499474614859
297,top_hessian,0.009778596460819244,0.22634435366781286,0.0010511402506381273
298,top_hessian,0.009731280617415905,0.23628874477753994,0.0010316853877156973
299,top_hessian,0.009688293561339378,0.24667004059878606,0.0010127536952495575
300,top_hessian,0.009649235755205154,0.2575074364472666,0.00099448231048882
301,top_hessian,0.009613784961402416,0.26882097098081625,0.0009769857861101627
302,top_hessian,0.009581555612385273,0.28063156325144617,0.0009603358339518309
303,top_hessian,0.009551781229674816,0.2929610513852751,0.0009445454925298691
304,top_hessian,0.009523075073957443,0.30583223296185486,0.0009295495692640543
305,top_hessian,0.009493478573858738,0.3192689071675536,0.0009152228012681007
306,top_hessian,0.0094607537612319,0.33329591880093784,0.0009013961534947157
307,top_hessian,0.009422815404832363,0.3479392042115236,0.0008879043161869049
308,top_hessian,0.009378086775541306,0.3632258392568341,0.0008746081730350852
309,top_hessian,0.009325646795332432,0.3791840893664433,0.000861417967826128
310,top_hessian,0.009265144355595112,0.3958434618055703,0.000848290859721601
311,top_hessian,0.009196561761200428,0.41323476023486566,0.0008352149743586779
312,top_hessian,0.009119974449276924,0.4313901416672682,0.0008221935713663697
313,top_hessian,0.009035445749759674,0.45034317592725154,0.0008092370117083192
314,top_hessian,0.008943065069615841,0.47012890772239824,0.0007963523967191577
315,top_hessian,0.008843122981488705,0.49078392144207605,0.0007835483411327004
316,top_hessian,0.008736299350857735,0.5123464088030301,0.0007708442863076925
317,top_hessian,0.00862376019358635,0.53485623946697,0.0007582681719213724
318,top_hessian,0.0085071362555027,0.5583550347607258,0.0007458569016307592
319,top_hessian,0.00838835071772337,0.5828862446352818,0.0007336499402299523
320,top_hessian,0.008269366808235645,0.6084952280059924,0.0007216772064566612
321,top_hessian,0.008151968941092491,0.6352293366225246,0.0007099568611010909
322,top_hessian,0.008037605322897434,0.6631380026236111,0.0006984916981309652
323,top_hessian,0.007927333004772663,0.6922728299385021,0.0006872725207358599
324,top_hessian,0.007821853272616863,0.7226876897041205,0.0006762832636013627
325,top_hessian,0.007721568923443556,0.7544388198743482,0.0006655051838606596
326,top_hessian,0.007626663893461227,0.7875849292056288,0.0006549220997840166
327,top_hessian,0.007537127938121557,0.8221873058111522,0.0006445189937949181
328,top_hessian,0.007452778983861208,0.8583099304843449,0.0006342841079458594
329,top_hessian,0.007373282685875893,0.8960195950012056,0.0006242047529667616
330,top_hessian,0.007298183161765337,0.9353860256202268,0.000614267191849649
331,top_hessian,0.007226964458823204,0.9764820120082606,0.0006044593174010515
332,top_hessian,0.007159131113439798,1.0193835418307124,0.0005947711179032922
333,top_hessian,0.007094266824424267,1.0641699412549315,0.0005851971218362451
334,top_hessian,0.00703206192702055,1.1109240216265819,0.0005757356993854046
335,top_hessian,0.006972312927246094,1.159732232590214,0.0005663908086717129
336,top_hessian,0.006914875935763121,1.2106848219371509,0.0005571662914007902
337,top_hessian,0.006859624292701483,1.2638760024762634,0.0005480682011693716
338,top_hessian,0.006806397810578346,1.3194041262361693,0.0005390996811911464
339,top_hessian,0.006754981353878975,1.377371866320979,0.0005302634090185165
340,top_hessian,0.006705105770379305,1.437886406755827,0.0005215597338974476
341,top_hessian,0.006656455807387829,1.5010596406732293,0.0005129877245053649
342,top_hessian,0.006608688272535801,1.5670083772067154,0.0005045464495196939
343,top_hessian,0.006561447400599718,1.635854557474292,0.0004962349776178598
344,top_hessian,0.0065143778920173645,1.7077254800510846,0.0004880513297393918
345,top_hessian,0.006467126775532961,1.7827540363480883,0.00047999434173107147
346,top_hessian,0.0064193676225841045,1.8610789563322137,0.00047206052113324404
347,top_hessian,0.006370813585817814,1.942845065042005,0.00046424707397818565
348,top_hessian,0.006321249064058065,2.0282035503733242,0.00045655027497559786
349,top_hessian,0.006270542740821838,2.117312242630122,0.0004489669809117913
350,top_hessian,0.006218662951141596,2.210335906357243,0.0004414944560267031
351,top_hessian,0.006165677215903997,2.307446544994812,0.0004341304302215576
352,top_hessian,0.006111734546720982,2.408823718917574,0.0004268743214197457
353,top_hessian,0.006057034712284803,2.514654877447198,0.00041972403414547443
354,top_hessian,0.0060018147341907024,2.6251357054514943,0.00041267997585237026
355,top_hessian,0.005946308374404907,2.7404704851713886,0.000405740225687623
356,top_hessian,0.005890735890716314,2.860872473944668,0.00039890414336696267
357,top_hessian,0.005835290998220444,2.986564298524978,0.0003921700408682227
358,top_hessian,0.005780134815722704,3.1177783667250933,0.000385538034606725
359,top_hessian,0.005725392140448093,3.2547572971457,0.0003790066111832857
360,top_hessian,0.00567115331068635,3.3977543677841697,0.0003725744900293648
361,top_hessian,0.0056174807250499725,3.5470339843529017,0.00036624149652197957
362,top_hessian,0.005564411170780659,3.702872169173126,0.00036000635009258986
363,top_hessian,0.005511961877346039,3.865557071548125,0.00035386800300329924
364,top_hessian,0.005460148677229881,4.035389500559639,0.0003478243015706539
365,top_hessian,0.0054089841432869434,4.212683481272518,0.00034187425626441836
366,top_hessian,0.005358491558581591,4.3977668353761645,0.0003360162954777479
367,top_hessian,0.005308701191097498,4.590981787336268,0.0003302488476037979
368,top_hessian,0.005259647499769926,4.792685597177746,0.00032457010820508003
369,top_hessian,0.005211370065808296,5.00325122106885,0.0003189792623743415
370,top_hessian,0.005163898691534996,5.223068000927857,0.00031347532058134675
371,top_hessian,0.005117249675095081,5.452542384327566,0.0003080564783886075
372,top_hessian,0.0050714267417788506,5.69209867602855,0.00030272145522758365
373,top_hessian,0.005026412196457386,5.942179822530929,0.00029746972722932696
374,top_hessian,0.004982168786227703,6.203248231095253,0.00029229960637167096
375,top_hessian,0.004938642028719187,6.475786624746839,0.0002872101031243801
376,top_hessian,0.004895767662674189,6.760298934844637,0.0002822002861648798
377,top_hessian,0.004853471647948027,7.057311232864797,0.0002772695152089
378,top_hessian,0.004811673890799284,7.3673727031220855,0.0002724163350649178
379,top_hessian,0.004770296160131693,7.691056658227487,0.00026764010544866323
380,top_hessian,0.004729269538074732,8.028961599159791,0.0002629395457915962
381,top_hessian,0.0046885316260159016,8.381712321911216,0.0002583137829788029
382,top_hessian,0.004648034460842609,8.749961072753171,0.0002537616528570652
383,top_hessian,0.004607743583619595,9.134388754258524,0.00024928204948082566
384,top_hessian,0.00456763943657279,9.535706184310039,0.0002448739833198488
385,top_hessian,0.004527713637799025,9.954655410423237,0.00024053675588220358
386,top_hessian,0.004487963858991861,10.392011081813623,0.00023626897018402815
387,top_hessian,0.004448393825441599,10.848581881745472,0.00023206992773339152
388,top_hessian,0.004409007262438536,11.325212022810561,0.0002279384934809059
389,top_hessian,0.004369806498289108,11.822782807901563,0.00022387370700016618
390,top_hessian,0.004330794792622328,12.342214259766624,0.00021987425861880183
391,top_hessian,0.0042919740080833435,12.884466822157904,0.00021593988640233874
392,top_hessian,0.004253345541656017,13.450543135719856,0.00021206939709372818
393,top_hessian,0.004214905202388763,14.041489891900742,0.0002082616847474128
394,top_hessian,0.004176653455942869,14.658399768315276,0.0002045159344561398
395,top_hessian,0.004138593096286058,15.302413449137164,0.00020083156414330006
396,top_hessian,0.004100731573998928,15.974721734257,0.0001972074678633362
397,top_hessian,0.004063079133629799,16.676567741105725,0.00019364277250133455
398,top_hessian,0.004025652073323727,17.40924920321456,0.00019013680866919458
399,top_hessian,0.003988470416516066,18.17412086976184,0.00018668844131752849
400,top_hessian,0.003951555583626032,18.97259701054337,0.0001832969137467444
401,top_hessian,0.003914932254701853,19.80615403099803,0.00017996173119172454
402,top_hessian,0.0038786218501627445,20.676333202124187,0.00017668172949925065
403,top_hessian,0.003842646023258567,21.58474351033411,0.0001734561810735613
404,top_hessian,0.0038070185109972954,22.533064632516492,0.00017028418369591236
405,top_hessian,0.0037717497907578945,23.52305004180734,0.00016716530080884695
406,top_hessian,0.003736843355000019,24.55653024981252,0.0001640983682591468
407,top_hessian,0.0037022994365543127,25.63541619127662,0.00016108283307403326
408,top_hessian,0.003668111516162753,26.761702757456295,0.00015811779303476214
409,top_hessian,0.0036342707462608814,27.937472484732034,0.00015520266606472433
410,top_hessian,0.0036007643211632967,29.16489940527781,0.0001523363753221929
411,top_hessian,0.0035675810649991035,30.446253066909588,0.00014951839693821967
412,top_hessian,0.0035347098018974066,31.783902729544536,0.00014674817794002593
413,top_hessian,0.0035021365620195866,33.180321746031154,0.00014402484521269798
414,top_hessian,0.003469852963462472,34.638092135450144,0.0001413476129528135
415,top_hessian,0.0034378496930003166,36.15990935734206,0.0001387158699799329
416,top_hessian,0.003406121162697673,37.748587295690044,0.00013612909242510796
417,top_hessian,0.0033746606204658747,39.407063461872404,0.0001335863198619336
418,top_hessian,0.0033434638753533363,41.13840442620596,0.00013108702842146158
419,top_hessian,0.00331252533942461,42.94581148812329,0.00012863054871559143
420,top_hessian,0.0032818391919136047,44.832626595467545,0.00012621621135622263
421,top_hessian,0.0032513998448848724,46.802338523850764,0.00012384349247440696
422,top_hessian,0.0032212012447416782,48.858589327500454,0.00012151153350714594
423,top_hessian,0.003191236173734069,51.0051810735233,0.00011921981058549136
424,top_hessian,0.0031614985782653093,53.24608287203675,0.00011696774163283408
425,top_hessian,0.003131982171908021,55.58543821516833,0.00011475473002064973
426,top_hessian,0.003102682065218687,58.0275726384924,0.0001125800481531769
427,top_hessian,0.003073594532907009,60.57700171906996,0.00011044321581721306
428,top_hessian,0.003044717013835907,63.23843942488142,0.0001083436218323186
429,top_hessian,0.0030160497408360243,66.0168068310891,0.00010628064046613872
430,top_hessian,0.002987594110891223,68.91724121924767,0.00010425376240164042
431,top_hessian,0.0029593505896627903,71.94510557628581,0.00010226242011412978
432,top_hessian,0.002931323368102312,75.1059985108239,0.00010030595876742154
433,top_hessian,0.0029035150073468685,78.40576460516327,9.838391270022839e-05
434,top_hessian,0.0028759296983480453,81.85050522208728,9.649575804360211e-05
435,top_hessian,0.0028485695365816355,85.44658978645758,9.46408836171031e-05
436,top_hessian,0.0028214366175234318,89.20066756246432,9.281883831135929e-05
437,top_hessian,0.0027945316396653652,93.11967994830778,9.10290254978463e-05
438,top_hessian,0.002767855767160654,97.21087331104387,8.927099406719208e-05
439,top_hessian,0.0027414076030254364,101.48181238532668,8.754420559853315e-05
440,top_hessian,0.002715185983106494,105.94039426082033,8.584825263824314e-05
441,top_hessian,0.002689189277589321,110.59486298414637,8.418246579822153e-05
442,top_hessian,0.0026634156238287687,115.45382480236391,8.254648128058761e-05
443,top_hessian,0.002637863392010331,120.52626407616867,8.093983342405409e-05
444,top_hessian,0.002612530719488859,125.82155989223618,7.936202746350318e-05
445,top_hessian,0.0025874152779579163,131.34950340542255,7.7812495874241e-05
446,top_hessian,0.0025625163689255714,137.1203159428934,7.62909185141325e-05
447,top_hessian,0.0025378339923918247,143.14466790365242,7.479681516997516e-05
448,top_hessian,0.0025133653543889523,149.4336984884182,7.332961831707507e-05
449,top_hessian,0.002489110454916954,155.9990362963265,7.188909512478858e-05
450,top_hessian,0.0024650655686855316,162.8528208265469,7.04746344126761e-05
451,top_hessian,0.002441229997202754,170.00772492456673,6.90858723828569e-05
452,top_hessian,0.0024176016449928284,177.4769782146484,6.772240158170462e-05
453,top_hessian,0.0023941772524267435,185.2743915617875,6.638375634793192e-05
454,top_hessian,0.002370953792706132,193.4143826083993,6.506964564323425e-05
455,top_hessian,0.0023479280062019825,201.91200243295705,6.377951649483293e-05
456,top_hessian,0.0023250970989465714,210.78296337987032,6.251301965676248e-05
457,top_hessian,0.0023024578113108873,220.0436681120631,6.12697476753965e-05
458,top_hessian,0.002280008513480425,229.7112399399726,6.004938768455759e-05
459,top_hessian,0.002257745945826173,239.8035544830426,5.8851503126788884e-05
460,top_hessian,0.0022356691770255566,250.33927272226126,5.767580296378583e-05
461,top_hessian,0.002213775645941496,261.3378755048528,5.6521785154473037e-05
462,top_hessian,0.002192063955590129,272.81969956492867,5.538915138458833e-05
463,top_hessian,0.0021705334074795246,284.8059751266932,5.4277508752420545e-05
464,top_hessian,0.0021491835359483957,297.31886515974287,5.3186558943707496e-05
465,top_hessian,0.0021280127111822367,310.3815063590367,5.211591633269563e-05
466,top_hessian,0.00210702046751976,324.0180519253125,5.1065246225334704e-05
467,top_hessian,0.002086206106469035,338.2537162250549,5.00342357554473e-05
468,top_hessian,0.002065567532554269,353.1148214125837,4.9022499297279865e-05
469,top_hessian,0.002045104978606105,368.62884610047905,4.8029745812527835e-05
470,top_hessian,0.0020248163491487503,384.8244761683293,4.705559695139527e-05
471,top_hessian,0.0020047009456902742,401.7316578037497,4.609982715919614e-05
472,top_hessian,0.0019847576040774584,419.3816528737511,4.516205081017688e-05
473,top_hessian,0.001964984927326441,437.80709672882983,4.424199869390577e-05
474,top_hessian,0.001945381984114647,457.0420585466767,4.3339292460586876e-05
475,top_hessian,0.0019259487744420767,477.12210432706877,4.2453757487237453e-05
476,top_hessian,0.0019066839013248682,498.08436265442947,4.158500087214634e-05
477,top_hessian,0.0018875866662710905,519.9675933496563,4.073274612892419e-05
478,top_hessian,0.0018686560215428472,542.8122591381444,3.98967313230969e-05
479,top_hessian,0.0018498923163861036,566.6606004665363,3.907665086444467e-05
480,top_hessian,0.001831292873248458,591.5567136065264,3.827222826657817e-05
481,top_hessian,0.0018128575757145882,617.5466321901444,3.748322342289612e-05
482,top_hessian,0.0017945854924619198,644.6784123272641,3.670935984700918e-05
483,top_hessian,0.0017764749936759472,673.002221462742,3.5950346500612795e-05
484,top_hessian,0.0017585246823728085,702.5704311374699,3.520591417327523e-05
485,top_hessian,0.0017407331615686417,733.4377138248658,3.4475859138183296e-05
486,top_hessian,0.001723098917864263,765.6611440218602,3.375984670128673e-05
487,top_hessian,0.0017056205542758107,799.3003037812812,3.305773134343326e-05
488,top_hessian,0.0016882966738194227,834.4173928807962,3.2369182008551434e-05
489,top_hessian,0.0016711256466805935,871.077343832095,3.169398769387044e-05
490,top_hessian,0.0016541064251214266,909.3479419429771,3.10319010168314e-05
491,top_hessian,0.001637237728573382,949.2999506543491,3.0382740078493953e-05
492,top_hessian,0.0016205180436372757,991.0072423838619,2.974619928863831e-05
493,top_hessian,0.0016039465554058552,1034.5469351181484,2.9122089472366497e-05
494,top_hessian,0.0015875219833105803,1079.9995350062068,2.8510185074992478e-05
495,top_hessian,0.0015712438616901636,1127.4490852175932,2.791028964566067e-05
496,top_hessian,0.0015551100950688124,1176.983321340675,2.73221630777698e-05
497,top_hessian,0.001539119752123952,1228.6938336082565,2.6745583454612643e-05
498,top_hessian,0.0015232720179483294,1282.6762362505715,2.618035432533361e-05
499,top_hessian,0.0015075659612193704,1339.0303442887512,2.562627923907712e-05
500,top_hessian,0.0014920001849532127,1397.860358095689,
0,bottom_hessian,0.0,0.0,0.0
1,bottom_hessian,0.0,0.0,0.0
2,bottom_hessian,0.0,0.0,0.0
3,bottom_hessian,0.0,0.0,0.0
4,bottom_hessian,0.0,0.0,0.0
5,bottom_hessian,0.0,0.0,0.0
6,bottom_hessian,0.0,0.0,0.0
7,bottom_hessian,0.0,0.0,0.0
8,bottom_hessian,0.0,0.0,0.0
9,bottom_hessian,0.0,0.0,0.0
10,bottom_hessian,0.0,0.0,0.0
11,bottom_hessian,0.0,0.0,0.0
12,bottom_hessian,0.0,0.0,0.0
13,bottom_hessian,0.0,0.0,0.0
14,bottom_hessian,0.0,0.0,0.0
15,bottom_hessian,0.0,0.0,0.0
16,bottom_hessian,0.0,0.0,0.0
17,bottom_hessian,0.0,0.0,0.0
18,bottom_hessian,0.0,0.0,0.0
19,bottom_hessian,0.0,0.0,0.0
20,bottom_hessian,0.0,0.0,0.0
21,bottom_hessian,0.0,0.0,0.0
22,bottom_hessian,0.0,0.0,0.0
23,bottom_hessian,0.0,0.0,0.0
24,bottom_hessian,0.0,0.0,0.0
25,bottom_hessian,0.0,0.0,0.0
26,bottom_hessian,0.0,0.0,0.0
27,bottom_hessian,0.0,0.0,0.0
28,bottom_hessian,0.0,0.0,0.0
29,bottom_hessian,0.0,0.0,0.0
30,bottom_hessian,0.0,0.0,0.0
31,bottom_hessian,0.0,0.0,0.0
32,bottom_hessian,0.0,0.0,0.0
33,bottom_hessian,0.0,0.0,0.0
34,bottom_hessian,0.0,0.0,0.0
35,bottom_hessian,0.0,0.0,0.0
36,bottom_hessian,0.0,0.0,0.0
37,bottom_hessian,0.0,0.0,0.0
38,bottom_hessian,0.0,0.0,0.0
39,bottom_hessian,0.0,0.0,0.0
40,bottom_hessian,0.0,0.0,0.0
41,bottom_hessian,0.0,0.0,0.0
42,bottom_hessian,0.0,0.0,0.0
43,bottom_hessian,0.0,0.0,0.0
44,bottom_hessian,0.0,0.0,0.0
45,bottom_hessian,0.0,0.0,0.0
46,bottom_hessian,0.0,0.0,0.0
47,bottom_hessian,0.0,0.0,0.0
48,bottom_hessian,0.0,0.0,0.0
49,bottom_hessian,0.0,0.0,0.0
50,bottom_hessian,0.0,0.0,0.0
51,bottom_hessian,0.0,0.0,0.0
52,bottom_hessian,0.0,0.0,0.0
53,bottom_hessian,0.0,0.0,0.0
54,bottom_hessian,0.0,0.0,0.0
55,bottom_hessian,0.0,0.0,0.0
56,bottom_hessian,0.0,0.0,0.0
57,bottom_hessian,0.0,0.0,0.0
58,bottom_hessian,0.0,0.0,0.0
59,bottom_hessian,0.0,0.0,0.0
60,bottom_hessian,0.0,0.0,0.0
61,bottom_hessian,0.0,0.0,0.0
62,bottom_hessian,0.0,0.0,0.0
63,bottom_hessian,0.0,0.0,0.0
64,bottom_hessian,0.0,0.0,0.0
65,bottom_hessian,0.0,0.0,0.0
66,bottom_hessian,0.0,0.0,0.0
67,bottom_hessian,0.0,0.0,0.0
68,bottom_hessian,0.0,0.0,0.0
69,bottom_hessian,0.0,0.0,0.0
70,bottom_hessian,0.0,0.0,0.0
71,bottom_hessian,0.0,0.0,0.0
72,bottom_hessian,0.0,0.0,0.0
73,bottom_hessian,0.0,0.0,0.0
74,bottom_hessian,0.0,0.0,0.0
75,bottom_hessian,0.0,0.0,0.0
76,bottom_hessian,0.0,0.0,0.0
77,bottom_hessian,0.0,0.0,0.0
78,bottom_hessian,0.0,0.0,0.0
79,bottom_hessian,0.0,0.0,0.0
80,bottom_hessian,0.0,0.0,0.0
81,bottom_hessian,0.0,0.0,0.0
82,bottom_hessian,0.0,0.0,0.0
83,bottom_hessian,0.0,0.0,0.0
84,bottom_hessian,0.0,0.0,0.0
85,bottom_hessian,0.0,0.0,0.0
86,bottom_hessian,0.0,0.0,0.0
87,bottom_hessian,0.0,0.0,0.0
88,bottom_hessian,0.0,0.0,0.0
89,bottom_hessian,0.0,0.0,0.0
90,bottom_hessian,0.0,0.0,0.0
91,bottom_hessian,0.0,0.0,0.0
92,bottom_hessian,0.0,0.0,0.0
93,bottom_hessian,0.0,0.0,0.0
94,bottom_hessian,0.0,0.0,0.0
95,bottom_hessian,0.0,0.0,0.0
96,bottom_hessian,0.0,0.0,0.0
97,bottom_hessian,0.0,0.0,0.0
98,bottom_hessian,0.0,0.0,0.0
99,bottom_hessian,0.0,0.0,0.0
100,bottom_hessian,0.0,0.0,0.0
101,bottom_hessian,0.0,0.0,0.0
102,bottom_hessian,0.0,0.0,0.0
103,bottom_hessian,0.0,0.0,0.0
104,bottom_hessian,0.0,0.0,0.0
105,bottom_hessian,0.0,0.0,0.0
106,bottom_hessian,0.0,0.0,0.0
107,bottom_hessian,0.0,0.0,0.0
108,bottom_hessian,0.0,0.0,0.0
109,bottom_hessian,0.0,0.0,0.0
110,bottom_hessian,0.0,0.0,0.0
111,bottom_hessian,0.0,0.0,0.0
112,bottom_hessian,0.0,0.0,0.0
113,bottom_hessian,0.0,0.0,0.0
114,bottom_hessian,0.0,0.0,0.0
115,bottom_hessian,0.0,0.0,0.0
116,bottom_hessian,0.0,0.0,0.0
117,bottom_hessian,0.0,0.0,0.0
118,bottom_hessian,0.0,0.0,0.0
119,bottom_hessian,0.0,0.0,0.0
120,bottom_hessian,0.0,0.0,0.0
121,bottom_hessian,0.0,0.0,0.0
122,bottom_hessian,0.0,0.0,0.0
123,bottom_hessian,0.0,0.0,0.0
124,bottom_hessian,0.0,0.0,0.0
125,bottom_hessian,0.0,0.0,0.0
126,bottom_hessian,0.0,0.0,0.0
127,bottom_hessian,0.0,0.0,0.0
128,bottom_hessian,0.0,0.0,0.0
129,bottom_hessian,0.0,0.0,0.0
130,bottom_hessian,0.0,0.0,0.0
131,bottom_hessian,0.0,0.0,0.0
132,bottom_hessian,0.0,0.0,0.0
133,bottom_hessian,0.0,0.0,0.0
134,bottom_hessian,0.0,0.0,0.0
135,bottom_hessian,0.0,0.0,0.0
136,bottom_hessian,0.0,0.0,0.0
137,bottom_hessian,0.0,0.0,0.0
138,bottom_hessian,0.0,0.0,0.0
139,bottom_hessian,0.0,0.0,0.0
140,bottom_hessian,0.0,0.0,0.0
141,bottom_hessian,0.0,0.0,0.0
142,bottom_hessian,0.0,0.0,0.0
143,bottom_hessian,0.0,0.0,0.0
144,bottom_hessian,0.0,0.0,0.0
145,bottom_hessian,0.0,0.0,0.0
146,bottom_hessian,0.0,0.0,0.0
147,bottom_hessian,0.0,0.0,0.0
148,bottom_hessian,0.0,0.0,0.0
149,bottom_hessian,0.0,0.0,0.0
150,bottom_hessian,0.0,0.0,0.0
151,bottom_hessian,0.0,0.0,0.0
152,bottom_hessian,0.0,0.0,0.0
153,bottom_hessian,0.0,0.0,0.0
154,bottom_hessian,0.0,0.0,0.0
155,bottom_hessian,0.0,0.0,0.0
156,bottom_hessian,0.0,0.0,0.0
157,bottom_hessian,0.0,0.0,0.0
158,bottom_hessian,0.0,0.0,0.0
159,bottom_hessian,0.0,0.0,0.0
160,bottom_hessian,0.0,0.0,0.0
161,bottom_hessian,0.0,0.0,0.0
162,bottom_hessian,0.0,0.0,0.0
163,bottom_hessian,0.0,0.0,0.0
164,bottom_hessian,0.0,0.0,0.0
165,bottom_hessian,0.0,0.0,0.0
166,bottom_hessian,0.0,0.0,0.0
167,bottom_hessian,0.0,0.0,0.0
168,bottom_hessian,0.0,0.0,0.0
169,bottom_hessian,0.0,0.0,0.0
170,bottom_hessian,0.0,0.0,0.0
171,bottom_hessian,0.0,0.0,0.0
172,bottom_hessian,0.0,0.0,0.0
173,bottom_hessian,0.0,0.0,0.0
174,bottom_hessian,0.0,0.0,0.0
175,bottom_hessian,0.0,0.0,0.0
176,bottom_hessian,0.0,0.0,0.0
177,bottom_hessian,0.0,0.0,0.0
178,bottom_hessian,0.0,0.0,0.0
179,bottom_hessian,0.0,0.0,0.0
180,bottom_hessian,0.0,0.0,0.0
181,bottom_hessian,0.0,0.0,0.0
182,bottom_hessian,0.0,0.0,0.0
183,bottom_hessian,0.0,0.0,0.0
184,bottom_hessian,0.0,0.0,0.0
185,bottom_hessian,0.0,0.0,0.0
186,bottom_hessian,0.0,0.0,0.0
187,bottom_hessian,0.0,0.0,0.0
188,bottom_hessian,0.0,0.0,0.0
189,bottom_hessian,0.0,0.0,0.0
190,bottom_hessian,0.0,0.0,0.0
191,bottom_hessian,0.0,0.0,0.0
192,bottom_hessian,0.0,0.0,0.0
193,bottom_hessian,0.0,0.0,0.0
194,bottom_hessian,0.0,0.0,0.0
195,bottom_hessian,0.0,0.0,0.0
196,bottom_hessian,0.0,0.0,0.0
197,bottom_hessian,0.0,0.0,0.0
198,bottom_hessian,0.0,0.0,0.0
199,bottom_hessian,0.0,0.0,0.0
200,bottom_hessian,0.0,0.0,0.0
201,bottom_hessian,0.0,0.0,0.0
202,bottom_hessian,0.0,0.0,0.0
203,bottom_hessian,0.0,0.0,0.0
204,bottom_hessian,0.0,0.0,0.0
205,bottom_hessian,0.0,0.0,0.0
206,bottom_hessian,0.0,0.0,0.0
207,bottom_hessian,0.0,0.0,0.0
208,bottom_hessian,0.0,0.0,0.0
209,bottom_hessian,0.0,0.0,0.0
210,bottom_hessian,0.0,0.0,0.0
211,bottom_hessian,0.0,0.0,0.0
212,bottom_hessian,0.0,0.0,0.0
213,bottom_hessian,0.0,0.0,0.0
214,bottom_hessian,0.0,0.0,0.0
215,bottom_hessian,0.0,0.0,0.0
216,bottom_hessian,0.0,0.0,0.0
217,bottom_hessian,0.0,0.0,0.0
218,bottom_hessian,0.0,0.0,0.0
219,bottom_hessian,0.0,0.0,0.0
220,bottom_hessian,0.0,0.0,0.0
221,bottom_hessian,0.0,0.0,0.0
222,bottom_hessian,0.0,0.0,0.0
223,bottom_hessian,0.0,0.0,0.0
224,bottom_hessian,0.0,0.0,0.0
225,bottom_hessian,0.0,0.0,0.0
226,bottom_hessian,0.0,0.0,0.0
227,bottom_hessian,0.0,0.0,0.0
228,bottom_hessian,0.0,0.0,0.0
229,bottom_hessian,0.0,0.0,0.0
230,bottom_hessian,0.0,0.0,0.0
231,bottom_hessian,0.0,0.0,0.0
232,bottom_hessian,0.0,0.0,0.0
233,bottom_hessian,0.0,0.0,0.0
234,bottom_hessian,0.0,0.0,0.0
235,bottom_hessian,0.0,0.0,0.0
236,bottom_hessian,0.0,0.0,0.0
237,bottom_hessian,0.0,0.0,0.0
238,bottom_hessian,0.0,0.0,0.0
239,bottom_hessian,0.0,0.0,0.0
240,bottom_hessian,0.0,0.0,0.0
241,bottom_hessian,0.0,0.0,0.0
242,bottom_hessian,0.0,0.0,0.0
243,bottom_hessian,0.0,0.0,0.0
244,bottom_hessian,0.0,0.0,0.0
245,bottom_hessian,0.0,0.0,0.0
246,bottom_hessian,0.0,0.0,0.0
247,bottom_hessian,0.0,0.0,0.0
248,bottom_hessian,0.0,0.0,0.0
249,bottom_hessian,0.0,0.0,0.0
250,bottom_hessian,0.030000001192092896,0.029999999329447746,0.0004320899024605751
251,bottom_hessian,0.029935674741864204,0.031318042928898046,0.0004264265298843384
252,bottom_hessian,0.02981402724981308,0.03269399449397776,0.0004189480096101761
253,bottom_hessian,0.029641926288604736,0.03413039819885891,0.0004099588841199875
254,bottom_hessian,0.02942594699561596,0.035629909995465475,0.000399742741137743
255,bottom_hessian,0.029172256588935852,0.03719530252440518,0.0003885645419359207
256,bottom_hessian,0.02888650633394718,0.03882947024166201,0.0003766492009162903
257,bottom_hessian,0.0285737793892622,0.04053543477052891,0.0003641759976744652
258,bottom_hessian,0.0282386913895607,0.04231635048867649,0.00035128742456436157
259,bottom_hessian,0.027885429561138153,0.04417551036068848,0.00033810222521424294
260,bottom_hessian,0.0275177713483572,0.0461163520268482,0.0003247186541557312
261,bottom_hessian,0.02713901177048683,0.04814246415943481,0.00031122472137212753
262,bottom_hessian,0.026751959696412086,0.050257593098281914,0.0002977023832499981
263,bottom_hessian,0.026358971372246742,0.0524656497778681,0.0002842308022081852
264,bottom_hessian,0.025961991399526596,0.0547707169587477,0.0002708868123590946
265,bottom_hessian,0.025562627241015434,0.05717705677669297,0.000257731880992651
266,bottom_hessian,0.025162223726511,0.05968911862350615,0.00024482072331011295
267,bottom_hessian,0.024761879816651344,0.0623115473740734,0.00023219711147248745
268,bottom_hessian,0.024362435564398766,0.06504919197487258,0.00021988758817315102
269,bottom_hessian,0.023964498192071915,0.06790711440981528,0.0002079065889120102
270,bottom_hessian,0.023568496108055115,0.07089059906000124,0.00019626296125352383
271,bottom_hessian,0.023174772039055824,0.07400516247469158,0.00018495530821383
272,bottom_hessian,0.022783631458878517,0.07725656357156761,0.0001739801373332739
273,bottom_hessian,0.0223954189568758,0.08065081428513601,0.00016333465464413166
274,bottom_hessian,0.022010549902915955,0.08419419068296928,0.00015301350504159927
275,bottom_hessian,0.02162950113415718,0.08789324457033576,0.0001430157572031021
276,bottom_hessian,0.021252766251564026,0.09175481560467696,0.0001333376858383417
277,bottom_hessian,0.02088082768023014,0.0957860439423315,0.00012397672981023788
278,bottom_hessian,0.02051411382853985,0.09999438344089043,0.00011493125930428505
279,bottom_hessian,0.020153002813458443,0.10438761544159496,0.00010619568638503551
280,bottom_hessian,0.019797824323177338,0.10897386315726136,9.776349179446697e-05
281,bottom_hessian,0.019448881968855858,0.11376160669233584,8.962908759713173e-05
282,bottom_hessian,0.019106436520814896,0.11875969872285241,8.178548887372017e-05
283,bottom_hessian,0.018770670518279076,0.12397738086528674,7.422617636620998e-05
284,bottom_hessian,0.018441645428538322,0.1294243007645717,6.694439798593521e-05
285,bottom_hessian,0.01811929978430271,0.1351105299328713,5.993456579744816e-05
286,bottom_hessian,0.01780347153544426,0.14104658237209772,5.3192488849163055e-05
287,bottom_hessian,0.01749393716454506,0.14724343401460427,4.6711182221770287e-05
288,bottom_hessian,0.017190460115671158,0.15371254301800116,4.048692062497139e-05
289,bottom_hessian,0.016892818734049797,0.16046587095162,3.4513650462031364e-05
290,bottom_hessian,0.01660076528787613,0.16751590491380053,2.8784852474927902e-05
291,bottom_hessian,0.016314025968313217,0.17487568062089637,2.3294473066926003e-05
292,bottom_hessian,0.016032297164201736,0.18255880651069054,1.8037157133221626e-05
293,bottom_hessian,0.015755269676446915,0.19057948890479012,1.3004755601286888e-05
294,bottom_hessian,0.015482672490179539,0.1989525582765251,8.192146196961403e-06
295,bottom_hessian,0.015214298851788044,0.20769349667292153,3.5923440009355545e-06
296,bottom_hessian,0.014950014650821686,0.2168184663414537,7.995404303073883e-07
297,bottom_hessian,0.014689741656184196,0.22634433961450634,4.989327862858772e-06
298,bottom_hessian,0.014433416537940502,0.2362887301068044,8.982373401522636e-06
299,bottom_hessian,0.014180966652929783,0.24667002528349483,1.2783566489815712e-05
300,bottom_hessian,0.013932324014604092,0.2575074204591013,1.6399892047047615e-05
301,bottom_hessian,0.013687423430383205,0.2688209542902143,1.9835075363516808e-05
302,bottom_hessian,0.01344622578471899,0.28063154582754624,2.309633418917656e-05
303,bottom_hessian,0.013208724558353424,0.29296103319585975,2.618972212076187e-05
304,bottom_hessian,0.012974916025996208,0.3058322139732914,2.912105992436409e-05
305,bottom_hessian,0.012744783423841,0.31926888734473163,3.1894538551568985e-05
306,bottom_hessian,0.012518278323113918,0.3332958981072045,3.4517841413617134e-05
307,bottom_hessian,0.012295328080654144,0.34793918260861545,3.699434455484152e-05
308,bottom_hessian,0.012075846083462238,0.36322581670480675,3.932940308004618e-05
309,bottom_hessian,0.01185975968837738,0.3791840658235974,4.152790643274784e-05
310,bottom_hessian,0.01164700835943222,0.39584343722837445,4.359334707260132e-05
311,bottom_hessian,0.01143753994256258,0.41323473457787596,4.55313129350543e-05
312,bottom_hessian,0.011231298558413982,0.4313901148830441,4.734692629426718e-05
313,bottom_hessian,0.01102821622043848,0.45034314796626823,4.904367960989475e-05
314,bottom_hessian,0.010828214697539806,0.4701288785329551,5.062634591013193e-05
315,bottom_hessian,0.010631224140524864,0.4907838909702009,5.209993105381727e-05
316,bottom_hessian,0.01043719332665205,0.5123463769923795,5.346734542399645e-05
317,bottom_hessian,0.010246091522276402,0.5348562062587253,5.473382771015167e-05
318,bottom_hessian,0.010057906620204449,0.5583550000934839,5.590217188000679e-05
319,bottom_hessian,0.009872627444565296,0.5828862084449421,5.697726737707853e-05
320,bottom_hessian,0.0096902409568429,0.6084951902256378,5.7962024584412575e-05
321,bottom_hessian,0.009510728530585766,0.635229297182298,5.886040162295103e-05
322,bottom_hessian,0.00933406688272953,0.6631379614505867,5.9675658121705055e-05
323,bottom_hessian,0.009160242974758148,0.6922727869565496,6.0411752201616764e-05
324,bottom_hessian,0.008989245630800724,0.7226876448337649,6.107066292315722e-05
325,bottom_hessian,0.008821061812341213,0.7544387730326232,6.165727972984314e-05
326,bottom_hessian,0.008655674755573273,0.7875848803059226,6.217346526682377e-05
327,bottom_hessian,0.008493054658174515,0.8221872547630477,6.262306123971939e-05
328,bottom_hessian,0.008333159610629082,0.8583098771934528,6.300874520093203e-05
329,bottom_hessian,0.008175943978130817,0.8960195393689895,6.3333660364151e-05
330,bottom_hessian,0.008021362125873566,0.935385967543821,6.360036786645651e-05
331,bottom_hessian,0.007869371213018894,0.9764819513802803,6.381177809089422e-05
332,bottom_hessian,0.007719934452325106,1.0193834785390548,6.397021934390068e-05
333,bottom_hessian,0.007573008071631193,1.0641698751825681,6.407871842384338e-05
334,bottom_hessian,0.007428550627082586,1.1109239526513432,6.413902156054974e-05
335,bottom_hessian,0.007286520674824715,1.159732160584563,6.415345706045628e-05
336,bottom_hessian,0.007146875374019146,1.210684746767947,6.412435322999954e-05
337,bottom_hessian,0.007009584456682205,1.2638759240045163,6.405438762158155e-05
338,bottom_hessian,0.006874621380120516,1.3194040443167827,6.394530646502972e-05
339,bottom_hessian,0.006741966120898724,1.3773717808024817,6.379920523613691e-05
340,bottom_hessian,0.0066116005182266235,1.4378863174800927,6.361794658005238e-05
341,bottom_hessian,0.006483505945652723,1.5010595474751842,6.340339314192533e-05
342,bottom_hessian,0.006357661448419094,1.5670082799140341,6.31572911515832e-05
343,bottom_hessian,0.006234049331396818,1.6358544559070773,6.288127042353153e-05
344,bottom_hessian,0.006112648174166679,1.707725374021536,6.257754284888506e-05
345,bottom_hessian,0.005993438884615898,1.7827539256601541,6.224692333489656e-05
346,bottom_hessian,0.005876400973647833,1.8610788407812284,6.189156556501985e-05
347,bottom_hessian,0.00576150743290782,1.942844944414312,6.151269190013409e-05
348,bottom_hessian,0.005648728925734758,2.028203424445879,6.111181573942304e-05
349,bottom_hessian,0.005538029596209526,2.1173121111700812,6.069033406674862e-05
350,bottom_hessian,0.005429373122751713,2.2103357691215337,6.0249411035329103e-05
351,bottom_hessian,0.005322721321135759,2.3074464017296807,5.979044362902641e-05
352,bottom_hessian,0.0052180360071361065,2.4088235693581193,5.9314421378076077e-05
353,bottom_hessian,0.005115278530865908,2.5146547213168806,5.882297409698367e-05
354,bottom_hessian,0.005014410708099604,2.6251355424616247,5.8316392824053764e-05
355,bottom_hessian,0.004915394354611635,2.7404703150205934,5.779688945040107e-05
356,bottom_hessian,0.00481819175183773,2.860872296318334,5.7264347560703754e-05
357,bottom_hessian,0.00472276983782649,2.9865641130946683,5.672074621543288e-05
358,bottom_hessian,0.004629096016287804,3.1177781731479426,5.616620182991028e-05
359,bottom_hessian,0.004537143744528294,3.2547570950637783,5.5602111387997866e-05
360,bottom_hessian,0.004446887411177158,3.397754156823822,5.502928979694843e-05
361,bottom_hessian,0.004358305595815182,3.5470337641240555,5.444837734103203e-05
362,bottom_hessian,0.004271374084055424,3.7028719392685723,5.3860247135162354e-05
363,bottom_hessian,0.00418607285246253,3.8655568315427637,5.3266005124896765e-05
364,bottom_hessian,0.004102381877601147,4.035389250009693,5.266559310257435e-05
365,bottom_hessian,0.004020282067358494,4.212683219714713,5.2060524467378855e-05
366,bottom_hessian,0.0039397538639605045,4.397766562326873,5.14508574269712e-05
367,bottom_hessian,0.003860777709633112,4.590981502290615,5.0837756134569645e-05
368,bottom_hessian,0.003783331485465169,4.792685299608673,5.022127879783511e-05
369,bottom_hessian,0.0037073916755616665,5.003250910426141,4.960253136232495e-05
370,bottom_hessian,0.003632934996858239,5.223067676637128,4.898157203570008e-05
371,bottom_hessian,0.003559935139492154,5.452542045789193,4.8359157517552376e-05
372,bottom_hessian,0.003488366026431322,5.692098322616565,4.773592809215188e-05
373,bottom_hessian,0.003418200882151723,5.942179453591862,4.7112058382481337e-05
374,bottom_hessian,0.003349413862451911,6.203247845946927,4.6488072257488966e-05
375,bottom_hessian,0.0032819765619933605,6.475786222677105,4.5864610001444817e-05
376,bottom_hessian,0.0032158626709133387,6.760298515110053,4.524184623733163e-05
377,bottom_hessian,0.0031510465778410435,7.057310794689263,4.461995558813214e-05
378,bottom_hessian,0.0030875029042363167,7.367372245695403,4.399975296109915e-05
379,bottom_hessian,0.00302520883269608,7.69105618070386,4.3381412979215384e-05
380,bottom_hessian,0.0029641420114785433,8.028961100656266,4.276522668078542e-05
381,bottom_hessian,0.0029042810201644897,8.381711801506043,4.2151426896452904e-05
382,bottom_hessian,0.002845606068149209,8.749960529484108,4.1540624806657434e-05
383,bottom_hessian,0.0027880980633199215,9.134388187121049,4.093270399607718e-05
384,bottom_hessian,0.002731738844886422,9.5357055922555,4.032813012599945e-05
385,bottom_hessian,0.002676510950550437,9.954654792356909,3.972704871557653e-05
386,bottom_hessian,0.002622396918013692,10.392010436592681,3.91298090107739e-05
387,bottom_hessian,0.0025693790521472692,10.848581208176885,3.853652742691338e-05
388,bottom_hessian,0.002517439890652895,11.325211319648881,3.794732037931681e-05
389,bottom_hessian,0.0024665617384016514,11.822782073846625,3.736262442544103e-05
390,bottom_hessian,0.0024167264346033335,12.342213493461138,3.678252687677741e-05
391,bottom_hessian,0.0023679158184677362,12.884466022184949,3.620691131800413e-05
392,bottom_hessian,0.00232011079788208,13.45054230060026,3.5636272514238954e-05
393,bottom_hessian,0.0022732920479029417,14.041489020090342,3.507052315399051e-05
394,bottom_hessian,0.0022274404764175415,14.658398858202071,3.4509983379393816e-05
395,bottom_hessian,0.002182536758482456,15.30241249903833,3.3954624086618423e-05
396,bottom_hessian,0.002138561801984906,15.974720742415775,3.340459079481661e-05
397,bottom_hessian,0.0020954967476427555,16.676566705688163,3.286008723080158e-05
398,bottom_hessian,0.0020533225033432245,17.409248122306153,3.232093877159059e-05
399,bottom_hessian,0.0020120213739573956,18.17411974136395,3.1787611078470945e-05
400,bottom_hessian,0.0019715754315257072,18.972595832569557,3.125987132079899e-05
401,bottom_hessian,0.0019319683779031038,19.80615280127019,3.0737894121557474e-05
402,bottom_hessian,0.0018931837985292077,20.67633191836851,3.0221708584576845e-05
403,bottom_hessian,0.001855205395258963,21.584742170176902,2.9711343813687563e-05
404,bottom_hessian,0.0018180182669311762,22.533063233479762,2.920703263953328e-05
405,bottom_hessian,0.001781607512384653,23.52304858130423,2.8708571335300803e-05
406,bottom_hessian,0.001745958928950131,24.556528725142517,2.8216076316311955e-05
407,bottom_hessian,0.0017110580811277032,25.63541459962056,2.7729693101719022e-05
408,bottom_hessian,0.0016768906498327851,26.761701095871167,2.7249305276200175e-05
409,bottom_hessian,0.0016434438293799758,27.937470750145515,2.6774854632094502e-05
410,bottom_hessian,0.0016107028350234032,29.164897594482603,2.6306661311537027e-05
411,bottom_hessian,0.0015786546282470226,30.446251176557475,2.5844521587714553e-05
412,bottom_hessian,0.0015472854720428586,31.78390075614021,2.5388319045305252e-05
413,bottom_hessian,0.0015165815129876137,33.180319685925724,2.4938315618783236e-05
414,bottom_hessian,0.0014865301782265306,34.63808998483442,2.4494249373674393e-05
415,bottom_hessian,0.0014571176143363118,36.15990711223949,2.405641134828329e-05
416,bottom_hessian,0.0014283312484622002,37.748584951949375,2.362453960813582e-05
417,bottom_hessian,0.0014001576928421855,39.40706101515998,2.319860504940152e-05
418,bottom_hessian,0.001372584723867476,41.13840187199774,2.2778811398893595e-05
419,bottom_hessian,0.001345600001513958,42.94580882169648,2.2364940377883613e-05
420,bottom_hessian,0.0013191914185881615,44.83262381189184,2.1957035642117262e-05
421,bottom_hessian,0.0012933473335579038,46.80233561797925,2.1555082639679313e-05
422,bottom_hessian,0.0012680561048910022,48.858586293960094,2.115895040333271e-05
423,bottom_hessian,0.001243307488039136,51.005177906704986,2.076875534839928e-05
424,bottom_hessian,0.0012190901907160878,53.246079566084944,2.038436650764197e-05
425,bottom_hessian,0.0011953935027122498,55.58543476397024,2.0005740225315094e-05
426,bottom_hessian,0.0011722072958946228,58.02756903566666,1.9632934709079564e-05
427,bottom_hessian,0.0011495213257148862,60.57699795795483,1.9265818991698325e-05
428,bottom_hessian,0.0011273255804553628,63.2384354985225,1.8904320313595235e-05
429,bottom_hessian,0.0011056101648136973,66.01680273222642,1.854849688243121e-05
430,bottom_hessian,0.0010843656491488218,68.91723694030235,1.8198174075223505e-05
431,bottom_hessian,0.0010635822545737028,71.94510110934591,1.785339554771781e-05
432,bottom_hessian,0.0010432502022013068,75.10599384762995,1.751416129991412e-05
433,bottom_hessian,0.0010233604116365314,78.4057597370929,1.7180282156914473e-05
434,bottom_hessian,0.0010039027547463775,81.85050014013926,1.685177267063409e-05
435,bottom_hessian,0.000984869198873639,85.44658448123526,1.6528618289157748e-05
436,bottom_hessian,0.0009662500233389437,89.20066202415818,1.621076080482453e-05
437,bottom_hessian,0.0009480362641625106,93.11967416667733,1.5898040146566927e-05
438,bottom_hessian,0.0009302189573645592,97.21086727539871,1.5590558177791536e-05
439,bottom_hessian,0.000912790244910866,101.48180608450674,1.528811117168516e-05
440,bottom_hessian,0.0008957412792369723,105.9403876831752,1.4990728232078254e-05
441,bottom_hessian,0.0008790642023086548,110.59485611751381,1.469832204747945e-05
442,bottom_hessian,0.0008627508068457246,115.4538176340473,1.4410892617888749e-05
443,bottom_hessian,0.0008467936422675848,120.5262565929136,1.4128323527984321e-05
444,bottom_hessian,0.0008311843848787248,125.82155208020588,1.3850527466274798e-05
445,bottom_hessian,0.0008159159915521741,131.34949525017237,1.3577548088505864e-05
446,bottom_hessian,0.0008009808952920139,137.12030742934402,1.3309239875525236e-05
447,bottom_hessian,0.0007863715291023254,143.14465901606206,1.3045588275417686e-05
448,bottom_hessian,0.0007720810826867819,149.43368921035344,1.2786549632437527e-05
449,bottom_hessian,0.0007581023382954299,155.99902661063194,1.253194932360202e-05
450,bottom_hessian,0.0007444282528012991,162.85281071531338,1.228184555657208e-05
451,bottom_hessian,0.0007310520159080625,170.00771436909835,1.2036151019856334e-05
452,bottom_hessian,0.0007179666426964104,177.47696719542773,1.1794742022175342e-05
453,bottom_hessian,0.0007051662541925907,185.27438005843973,1.1557720426935703e-05
454,bottom_hessian,0.0006926432834006846,193.41437059965438,1.1324846127536148e-05
455,bottom_hessian,0.0006803922588005662,201.9119898966105,1.1096206435468048e-05
456,bottom_hessian,0.0006684063118882477,210.78295029274204,1.0871655831579119e-05
457,bottom_hessian,0.000656679505482316,220.0436544499546,1.0651150660123676e-05
458,bottom_hessian,0.0006452057859860361,229.71122567762228,1.043463998939842e-05
459,bottom_hessian,0.0006339790998026729,239.80353959407896,1.0222094715572894e-05
460,bottom_hessian,0.0006229939172044396,250.33925717915415,1.0013369319494814e-05
461,bottom_hessian,0.0006122443592175841,261.3378592788626,9.808492904994637e-06
462,bottom_hessian,0.0006017255363985896,272.819682626053,9.607399988453835e-06
463,bottom_hessian,0.0005914316279813647,284.80595744361165,9.409995982423425e-06
464,bottom_hessian,0.0005813573370687664,297.31884669975886,9.216244507115334e-06
465,bottom_hessian,0.0005714982398785651,310.3814870880172,9.026101906783879e-06
466,bottom_hessian,0.0005618485738523304,324.0180318076248,8.839495421852916e-06
467,bottom_hessian,0.0005524037405848503,338.2536952235009,8.656374120619148e-06
468,bottom_hessian,0.0005431589088402689,353.11479948833096,8.476701623294502e-06
469,bottom_hessian,0.0005341091309674084,368.6288232129889,8.300383342429996e-06
470,bottom_hessian,0.0005252502160146832,384.8244522752821,8.12739017419517e-06
471,bottom_hessian,0.0005165772745385766,401.7316328609666,7.95769301475957e-06
472,bottom_hessian,0.0005080857081338763,419.38162683511206,7.791226380504668e-06
473,bottom_hessian,0.0004997715586796403,437.80706954618876,7.627895683981478e-06
474,bottom_hessian,0.0004916302859783173,457.04203016977203,7.467700925190002e-06
475,bottom_hessian,0.0004836576117668301,477.1220747034308,7.310583896469325e-06
476,bottom_hessian,0.0004758494906127453,498.08433172928335,7.156457286328077e-06
477,bottom_hessian,0.0004682021972257644,519.9675610658204,7.005313818808645e-06
478,bottom_hessian,0.00046071165706962347,542.812225435925,6.857073458377272e-06
479,bottom_hessian,0.0004533740575425327,566.6605652836171,6.711750756949186e-06
480,bottom_hessian,0.00044618581887334585,591.5566768778531,6.569214747287333e-06
481,bottom_hessian,0.00043914333218708634,617.5465938478046,6.429458153434098e-06
482,bottom_hessian,0.00043224263936281204,644.6783723003618,6.2924373196437955e-06
483,bottom_hessian,0.00042548065539449453,673.0021796772662,6.158079486340284e-06
484,bottom_hessian,0.00041885412065312266,702.5703875161581,6.02637737756595e-06
485,bottom_hessian,0.00041236000834032893,733.4376682870609,5.897240043850616e-06
486,bottom_hessian,0.00040599473868496716,765.6610964833615,5.770685675088316e-06
487,bottom_hessian,0.0003997549065388739,799.3002541541887,5.646605131914839e-06
488,bottom_hessian,0.00039363783434964716,834.417341073348,5.524976586457342e-06
489,bottom_hessian,0.00038764066994190216,871.0772897484975,5.405778210842982e-06
490,bottom_hessian,0.0003817603865172714,909.3478854832282,5.288962711347267e-06
491,bottom_hessian,0.00037599398638121784,949.2998917140532,5.174471880309284e-06
492,bottom_hessian,0.0003703387046698481,991.0071808540366,5.062251148046926e-06
493,bottom_hessian,0.0003647921548690647,1034.5468708850233,4.952304152539e-06
494,bottom_hessian,0.000359351426595822,1079.999467951013,4.844565410166979e-06
495,bottom_hessian,0.00035401363857090473,1127.4490152163435,4.738983989227563e-06
496,bottom_hessian,0.00034877678263001144,1176.9832482639354,4.63553806184791e-06
497,bottom_hessian,0.0003436383558437228,1228.693757320906,4.534187610261142e-06
498,bottom_hessian,0.00033859568065963686,1282.6761566115524,4.434896254679188e-06
499,bottom_hessian,0.0003336466324981302,1339.0302611508087,4.3376057874411345e-06
500,bottom_hessian,0.00032878885394893587,1397.8602713050986,
