model,dataset,seed,scenario,baseline_name,delta_theta,delta_optimizer,delta_schedule,delta_time,repaired_delta,loss_probe_gap,actual_max_divergence,actual_loss_gap,predicted_safe,actual_safe,false_positive,false_negative,abstained,runtime_seconds,notes
quadratic,"synthetic_quadratic(n=20,kappa=30)",0,exact_restore,A_param_norm,0.0,0.0,0.0,0.0,0.0,0.0,0.0,0.0,True,True,False,False,False,4.000003173132427e-07,threshold_theta=0.01694
quadratic,"synthetic_quadratic(n=20,kappa=30)",0,exact_restore,B_optimizer_norm,0.0,0.0,0.0,0.0,0.0,0.0,0.0,0.0,True,True,False,False,False,1e-06,threshold_M=0.2282
quadratic,"synthetic_quadratic(n=20,kappa=30)",0,exact_restore,C_raw_product,0.0,0.0,0.0,0.0,0.0,0.0,0.0,0.0,False,True,True,False,False,0.14177270000072895,bound_raw=0 L_pred=1.0192 regime=expansive danger=0.01694
quadratic,"synthetic_quadratic(n=20,kappa=30)",0,exact_restore,D_block_normalized,0.0,0.0,0.0,0.0,0.0,0.0,0.0,0.0,False,True,True,False,False,0.14177270000072895,bound_block=0 L_pred=1.0192
quadratic,"synthetic_quadratic(n=20,kappa=30)",0,exact_restore,E_loss_probe,0.0,0.0,0.0,0.0,0.0,0.0,0.0,0.0,True,True,False,False,False,0.0020218999998178333,probe_steps=5 loss_thr=0.05
quadratic,"synthetic_quadratic(n=20,kappa=30)",0,exact_restore,F_repaired_analyzer,0.0,0.0,0.0,0.0,0.0,0.0,0.0,0.0,True,True,False,False,False,0.2621889000001829,"decision=certified_safe; zero displacement (no-op): bound is identically zero; L_used=1.0202(clean=1.0192,rw=1.0202); bound=0"
quadratic,"synthetic_quadratic(n=20,kappa=30)",0,noop_restore,A_param_norm,0.0,0.0,0.0,0.0,0.0,0.0,0.0,0.0,True,True,False,False,False,2.999995558639057e-07,threshold_theta=0.01694
quadratic,"synthetic_quadratic(n=20,kappa=30)",0,noop_restore,B_optimizer_norm,0.0,0.0,0.0,0.0,0.0,0.0,0.0,0.0,True,True,False,False,False,1e-06,threshold_M=0.2282
quadratic,"synthetic_quadratic(n=20,kappa=30)",0,noop_restore,C_raw_product,0.0,0.0,0.0,0.0,0.0,0.0,0.0,0.0,False,True,True,False,False,0.14177270000072895,bound_raw=0 L_pred=1.0192 regime=expansive danger=0.01694
quadratic,"synthetic_quadratic(n=20,kappa=30)",0,noop_restore,D_block_normalized,0.0,0.0,0.0,0.0,0.0,0.0,0.0,0.0,False,True,True,False,False,0.14177270000072895,bound_block=0 L_pred=1.0192
quadratic,"synthetic_quadratic(n=20,kappa=30)",0,noop_restore,E_loss_probe,0.0,0.0,0.0,0.0,0.0,0.0,0.0,0.0,True,True,False,False,False,0.0019373999994058977,probe_steps=5 loss_thr=0.05
quadratic,"synthetic_quadratic(n=20,kappa=30)",0,noop_restore,F_repaired_analyzer,0.0,0.0,0.0,0.0,0.0,0.0,0.0,0.0,True,True,False,False,False,0.26052790000085224,"decision=certified_safe; zero displacement (no-op): bound is identically zero; L_used=1.0251(clean=1.0192,rw=1.0251); bound=0"
quadratic,"synthetic_quadratic(n=20,kappa=30)",0,stale_adam_moments,A_param_norm,0.0,1.5651813745498657,0.0,0.0,0.037023723125457764,0.046769849956035614,0.15064282715320587,0.07645254675298929,True,False,False,True,False,1.0999992809956893e-06,threshold_theta=0.01694
quadratic,"synthetic_quadratic(n=20,kappa=30)",0,stale_adam_moments,B_optimizer_norm,0.0,1.5651813745498657,0.0,0.0,0.037023723125457764,0.046769849956035614,0.15064282715320587,0.07645254675298929,False,False,False,False,False,1e-06,threshold_M=0.2282
quadratic,"synthetic_quadratic(n=20,kappa=30)",0,stale_adam_moments,C_raw_product,0.0,1.5651813745498657,0.0,0.0,0.037023723125457764,0.046769849956035614,0.15064282715320587,0.07645254675298929,False,False,False,False,False,0.14177270000072895,bound_raw=3.355 L_pred=1.0192 regime=expansive danger=0.01694
quadratic,"synthetic_quadratic(n=20,kappa=30)",0,stale_adam_moments,D_block_normalized,0.0,1.5651813745498657,0.0,0.0,0.037023723125457764,0.046769849956035614,0.15064282715320587,0.07645254675298929,False,False,False,False,False,0.14177270000072895,bound_block=1.379 L_pred=1.0192
quadratic,"synthetic_quadratic(n=20,kappa=30)",0,stale_adam_moments,E_loss_probe,0.0,1.5651813745498657,0.0,0.0,0.037023723125457764,0.046769849956035614,0.15064282715320587,0.07645254675298929,True,False,False,True,False,0.0020866000004389207,probe_steps=5 loss_thr=0.05
quadratic,"synthetic_quadratic(n=20,kappa=30)",0,stale_adam_moments,F_repaired_analyzer,0.0,1.5651813745498657,0.0,0.0,0.037023723125457764,0.046769849956035614,0.15064282715320587,0.07645254675298929,False,False,False,False,False,0.25755130000015924,"decision=flagged_dangerous; expansive regime, bound reaches danger threshold; L_used=1.0192(clean=1.0192,rw=1.0161); bound=0.07936"
quadratic,"synthetic_quadratic(n=20,kappa=30)",0,reset_first_moment,A_param_norm,0.0,0.4121025502681732,0.0,0.0,0.010832934640347958,0.002810075879096985,0.049525775015354156,0.002810075879096985,True,False,False,True,False,6.000000212225132e-07,threshold_theta=0.01694
quadratic,"synthetic_quadratic(n=20,kappa=30)",0,reset_first_moment,B_optimizer_norm,0.0,0.4121025502681732,0.0,0.0,0.010832934640347958,0.002810075879096985,0.049525775015354156,0.002810075879096985,False,False,False,False,False,1e-06,threshold_M=0.2282
quadratic,"synthetic_quadratic(n=20,kappa=30)",0,reset_first_moment,C_raw_product,0.0,0.4121025502681732,0.0,0.0,0.010832934640347958,0.002810075879096985,0.049525775015354156,0.002810075879096985,False,False,False,False,False,0.14177270000072895,bound_raw=0.8833 L_pred=1.0192 regime=expansive danger=0.01694
quadratic,"synthetic_quadratic(n=20,kappa=30)",0,reset_first_moment,D_block_normalized,0.0,0.4121025502681732,0.0,0.0,0.010832934640347958,0.002810075879096985,0.049525775015354156,0.002810075879096985,False,False,False,False,False,0.14177270000072895,bound_block=0.3631 L_pred=1.0192
quadratic,"synthetic_quadratic(n=20,kappa=30)",0,reset_first_moment,E_loss_probe,0.0,0.4121025502681732,0.0,0.0,0.010832934640347958,0.002810075879096985,0.049525775015354156,0.002810075879096985,True,False,False,True,False,0.002030399999966903,probe_steps=5 loss_thr=0.05
quadratic,"synthetic_quadratic(n=20,kappa=30)",0,reset_first_moment,F_repaired_analyzer,0.0,0.4121025502681732,0.0,0.0,0.010832934640347958,0.002810075879096985,0.049525775015354156,0.002810075879096985,False,False,False,False,False,0.2592324000006556,"decision=flagged_dangerous; expansive regime, bound reaches danger threshold; L_used=1.0192(clean=1.0192,rw=1.0183); bound=0.02322"
quadratic,"synthetic_quadratic(n=20,kappa=30)",0,reset_second_moment,A_param_norm,0.0,2.244577646255493,0.0,0.0,1.7150911092758179,98.37703265249729,4.140129089355469,98.37703265249729,True,False,False,True,False,6.000000212225132e-07,threshold_theta=0.01694
quadratic,"synthetic_quadratic(n=20,kappa=30)",0,reset_second_moment,B_optimizer_norm,0.0,2.244577646255493,0.0,0.0,1.7150911092758179,98.37703265249729,4.140129089355469,98.37703265249729,False,False,False,False,False,1e-06,threshold_M=0.2282
quadratic,"synthetic_quadratic(n=20,kappa=30)",0,reset_second_moment,C_raw_product,0.0,2.244577646255493,0.0,0.0,1.7150911092758179,98.37703265249729,4.140129089355469,98.37703265249729,False,False,False,False,False,0.14177270000072895,bound_raw=4.811 L_pred=1.0192 regime=expansive danger=0.01694
quadratic,"synthetic_quadratic(n=20,kappa=30)",0,reset_second_moment,D_block_normalized,0.0,2.244577646255493,0.0,0.0,1.7150911092758179,98.37703265249729,4.140129089355469,98.37703265249729,False,False,False,False,False,0.14177270000072895,bound_block=0.3631 L_pred=1.0192
quadratic,"synthetic_quadratic(n=20,kappa=30)",0,reset_second_moment,E_loss_probe,0.0,2.244577646255493,0.0,0.0,1.7150911092758179,98.37703265249729,4.140129089355469,98.37703265249729,False,False,False,False,False,0.001933399999870744,probe_steps=5 loss_thr=0.05
quadratic,"synthetic_quadratic(n=20,kappa=30)",0,reset_second_moment,F_repaired_analyzer,0.0,2.244577646255493,0.0,0.0,1.7150911092758179,98.37703265249729,4.140129089355469,98.37703265249729,False,False,False,False,False,0.25882170000113547,"decision=flagged_dangerous; expansive regime, bound reaches danger threshold; L_used=1.7306(clean=1.0192,rw=1.7306); bound=5.78e+09"
quadratic,"synthetic_quadratic(n=20,kappa=30)",0,scheduler_mismatch,A_param_norm,0.0,0.0,0.005416467785835266,0.0,0.005416467785835266,0.00499257817864418,0.041798628866672516,0.005014471709728241,True,False,False,True,False,5.000001692678779e-07,threshold_theta=0.01694
quadratic,"synthetic_quadratic(n=20,kappa=30)",0,scheduler_mismatch,B_optimizer_norm,0.0,0.0,0.005416467785835266,0.0,0.005416467785835266,0.00499257817864418,0.041798628866672516,0.005014471709728241,True,False,False,True,False,1e-06,threshold_M=0.2282
quadratic,"synthetic_quadratic(n=20,kappa=30)",0,scheduler_mismatch,C_raw_product,0.0,0.0,0.005416467785835266,0.0,0.005416467785835266,0.00499257817864418,0.041798628866672516,0.005014471709728241,False,False,False,False,False,0.14177270000072895,bound_raw=0 L_pred=1.0192 regime=expansive danger=0.01694
quadratic,"synthetic_quadratic(n=20,kappa=30)",0,scheduler_mismatch,D_block_normalized,0.0,0.0,0.005416467785835266,0.0,0.005416467785835266,0.00499257817864418,0.041798628866672516,0.005014471709728241,False,False,False,False,False,0.14177270000072895,bound_block=0 L_pred=1.0192
quadratic,"synthetic_quadratic(n=20,kappa=30)",0,scheduler_mismatch,E_loss_probe,0.0,0.0,0.005416467785835266,0.0,0.005416467785835266,0.00499257817864418,0.041798628866672516,0.005014471709728241,True,False,False,True,False,0.0020765000008395873,probe_steps=5 loss_thr=0.05
quadratic,"synthetic_quadratic(n=20,kappa=30)",0,scheduler_mismatch,F_repaired_analyzer,0.0,0.0,0.005416467785835266,0.0,0.005416467785835266,0.00499257817864418,0.041798628866672516,0.005014471709728241,,False,False,False,True,0.26095340000028955,"decision=abstained; expansive regime but bound below danger threshold (cannot certify); L_used=1.0192(clean=1.0192,rw=1.0156); bound=0.01161"
quadratic,"synthetic_quadratic(n=20,kappa=30)",0,ema_shadow_present_not_loaded,A_param_norm,0.0,0.0,0.0,0.0,0.0,0.0,0.0,0.0,True,True,False,False,False,3.9999940781854093e-07,threshold_theta=0.01694
quadratic,"synthetic_quadratic(n=20,kappa=30)",0,ema_shadow_present_not_loaded,B_optimizer_norm,0.0,0.0,0.0,0.0,0.0,0.0,0.0,0.0,True,True,False,False,False,1e-06,threshold_M=0.2282
quadratic,"synthetic_quadratic(n=20,kappa=30)",0,ema_shadow_present_not_loaded,C_raw_product,0.0,0.0,0.0,0.0,0.0,0.0,0.0,0.0,False,True,True,False,False,0.14177270000072895,bound_raw=0 L_pred=1.0192 regime=expansive danger=0.01694
quadratic,"synthetic_quadratic(n=20,kappa=30)",0,ema_shadow_present_not_loaded,D_block_normalized,0.0,0.0,0.0,0.0,0.0,0.0,0.0,0.0,False,True,True,False,False,0.14177270000072895,bound_block=0 L_pred=1.0192
quadratic,"synthetic_quadratic(n=20,kappa=30)",0,ema_shadow_present_not_loaded,E_loss_probe,0.0,0.0,0.0,0.0,0.0,0.0,0.0,0.0,True,True,False,False,False,0.002328300000044692,probe_steps=5 loss_thr=0.05
quadratic,"synthetic_quadratic(n=20,kappa=30)",0,ema_shadow_present_not_loaded,F_repaired_analyzer,0.0,0.0,0.0,0.0,0.0,0.0,0.0,0.0,True,True,False,False,False,0.2571772000010242,"decision=certified_safe; zero displacement (no-op): bound is identically zero; L_used=1.0204(clean=1.0192,rw=1.0204); bound=0"
quadratic,"synthetic_quadratic(n=20,kappa=30)",0,ema_loaded_as_parameters,A_param_norm,1.1700841188430786,0.0,0.0,0.0,1.1700841188430786,10.801208712160587,1.1700841188430786,10.801208712160587,False,False,False,False,False,5.000001692678779e-07,threshold_theta=0.01694
quadratic,"synthetic_quadratic(n=20,kappa=30)",0,ema_loaded_as_parameters,B_optimizer_norm,1.1700841188430786,0.0,0.0,0.0,1.1700841188430786,10.801208712160587,1.1700841188430786,10.801208712160587,True,False,False,True,False,1e-06,threshold_M=0.2282
quadratic,"synthetic_quadratic(n=20,kappa=30)",0,ema_loaded_as_parameters,C_raw_product,1.1700841188430786,0.0,0.0,0.0,1.1700841188430786,10.801208712160587,1.1700841188430786,10.801208712160587,False,False,False,False,False,0.14177270000072895,bound_raw=2.508 L_pred=1.0192 regime=expansive danger=0.01694
quadratic,"synthetic_quadratic(n=20,kappa=30)",0,ema_loaded_as_parameters,D_block_normalized,1.1700841188430786,0.0,0.0,0.0,1.1700841188430786,10.801208712160587,1.1700841188430786,10.801208712160587,False,False,False,False,False,0.14177270000072895,bound_block=2.508 L_pred=1.0192
quadratic,"synthetic_quadratic(n=20,kappa=30)",0,ema_loaded_as_parameters,E_loss_probe,1.1700841188430786,0.0,0.0,0.0,1.1700841188430786,10.801208712160587,1.1700841188430786,10.801208712160587,False,False,False,False,False,0.002001599999857717,probe_steps=5 loss_thr=0.05
quadratic,"synthetic_quadratic(n=20,kappa=30)",0,ema_loaded_as_parameters,F_repaired_analyzer,1.1700841188430786,0.0,0.0,0.0,1.1700841188430786,10.801208712160587,1.1700841188430786,10.801208712160587,False,False,False,False,False,0.25928790000034496,"decision=flagged_dangerous; expansive regime, bound reaches danger threshold; L_used=1.0226(clean=1.0192,rw=1.0226); bound=2.863"
quadratic,"synthetic_quadratic(n=20,kappa=30)",0,mild_lr_decrease,A_param_norm,0.0,0.0,0.005416467320173979,0.0,0.005416467320173979,0.007922060787677765,0.05845864117145538,0.010052710771560669,True,False,False,True,False,1.100000190490391e-06,threshold_theta=0.01694
quadratic,"synthetic_quadratic(n=20,kappa=30)",0,mild_lr_decrease,B_optimizer_norm,0.0,0.0,0.005416467320173979,0.0,0.005416467320173979,0.007922060787677765,0.05845864117145538,0.010052710771560669,True,False,False,True,False,1e-06,threshold_M=0.2282
quadratic,"synthetic_quadratic(n=20,kappa=30)",0,mild_lr_decrease,C_raw_product,0.0,0.0,0.005416467320173979,0.0,0.005416467320173979,0.007922060787677765,0.05845864117145538,0.010052710771560669,False,False,False,False,False,0.14177270000072895,bound_raw=0 L_pred=1.0192 regime=expansive danger=0.01694
quadratic,"synthetic_quadratic(n=20,kappa=30)",0,mild_lr_decrease,D_block_normalized,0.0,0.0,0.005416467320173979,0.0,0.005416467320173979,0.007922060787677765,0.05845864117145538,0.010052710771560669,False,False,False,False,False,0.14177270000072895,bound_block=0 L_pred=1.0192
quadratic,"synthetic_quadratic(n=20,kappa=30)",0,mild_lr_decrease,E_loss_probe,0.0,0.0,0.005416467320173979,0.0,0.005416467320173979,0.007922060787677765,0.05845864117145538,0.010052710771560669,True,False,False,True,False,0.002149999999346619,probe_steps=5 loss_thr=0.05
quadratic,"synthetic_quadratic(n=20,kappa=30)",0,mild_lr_decrease,F_repaired_analyzer,0.0,0.0,0.005416467320173979,0.0,0.005416467320173979,0.007922060787677765,0.05845864117145538,0.010052710771560669,,False,False,False,True,0.25949670000136393,"decision=abstained; expansive regime but bound below danger threshold (cannot certify); L_used=1.0256(clean=1.0192,rw=1.0256); bound=0.01488"
quadratic,"synthetic_quadratic(n=20,kappa=30)",0,severe_lr_increase,A_param_norm,0.0,0.0,0.0974964126944542,0.0,0.0974964126944542,0.10603534430265427,0.33392342925071716,0.18575167283415794,True,False,False,True,False,2.999995558639057e-07,threshold_theta=0.01694
quadratic,"synthetic_quadratic(n=20,kappa=30)",0,severe_lr_increase,B_optimizer_norm,0.0,0.0,0.0974964126944542,0.0,0.0974964126944542,0.10603534430265427,0.33392342925071716,0.18575167283415794,True,False,False,True,False,1e-06,threshold_M=0.2282
quadratic,"synthetic_quadratic(n=20,kappa=30)",0,severe_lr_increase,C_raw_product,0.0,0.0,0.0974964126944542,0.0,0.0974964126944542,0.10603534430265427,0.33392342925071716,0.18575167283415794,False,False,False,False,False,0.14177270000072895,bound_raw=0 L_pred=1.0192 regime=expansive danger=0.01694
quadratic,"synthetic_quadratic(n=20,kappa=30)",0,severe_lr_increase,D_block_normalized,0.0,0.0,0.0974964126944542,0.0,0.0974964126944542,0.10603534430265427,0.33392342925071716,0.18575167283415794,False,False,False,False,False,0.14177270000072895,bound_block=0 L_pred=1.0192
quadratic,"synthetic_quadratic(n=20,kappa=30)",0,severe_lr_increase,E_loss_probe,0.0,0.0,0.0974964126944542,0.0,0.0974964126944542,0.10603534430265427,0.33392342925071716,0.18575167283415794,False,False,False,False,False,0.0020721000000776257,probe_steps=5 loss_thr=0.05
quadratic,"synthetic_quadratic(n=20,kappa=30)",0,severe_lr_increase,F_repaired_analyzer,0.0,0.0,0.0974964126944542,0.0,0.0974964126944542,0.10603534430265427,0.33392342925071716,0.18575167283415794,False,False,False,False,False,0.26088370000070427,"decision=flagged_dangerous; expansive regime, bound reaches danger threshold; L_used=1.3333(clean=1.0192,rw=1.3333); bound=9692"
quadratic,"synthetic_quadratic(n=20,kappa=30)",0,optimizer_state_from_older_checkpoint,A_param_norm,0.0,5.2334442138671875,0.0,0.003636293113231659,0.0682404562830925,0.1853465661406517,0.2899182140827179,0.3325590053573251,True,False,False,True,False,1.5000005078036338e-06,threshold_theta=0.01694
quadratic,"synthetic_quadratic(n=20,kappa=30)",0,optimizer_state_from_older_checkpoint,B_optimizer_norm,0.0,5.2334442138671875,0.0,0.003636293113231659,0.0682404562830925,0.1853465661406517,0.2899182140827179,0.3325590053573251,False,False,False,False,False,1e-06,threshold_M=0.2282
quadratic,"synthetic_quadratic(n=20,kappa=30)",0,optimizer_state_from_older_checkpoint,C_raw_product,0.0,5.2334442138671875,0.0,0.003636293113231659,0.0682404562830925,0.1853465661406517,0.2899182140827179,0.3325590053573251,False,False,False,False,False,0.14177270000072895,bound_raw=11.22 L_pred=1.0192 regime=expansive danger=0.01694
quadratic,"synthetic_quadratic(n=20,kappa=30)",0,optimizer_state_from_older_checkpoint,D_block_normalized,0.0,5.2334442138671875,0.0,0.003636293113231659,0.0682404562830925,0.1853465661406517,0.2899182140827179,0.3325590053573251,False,False,False,False,False,0.14177270000072895,bound_block=4.61 L_pred=1.0192
quadratic,"synthetic_quadratic(n=20,kappa=30)",0,optimizer_state_from_older_checkpoint,E_loss_probe,0.0,5.2334442138671875,0.0,0.003636293113231659,0.0682404562830925,0.1853465661406517,0.2899182140827179,0.3325590053573251,False,False,False,False,False,0.002057300000160467,probe_steps=5 loss_thr=0.05
quadratic,"synthetic_quadratic(n=20,kappa=30)",0,optimizer_state_from_older_checkpoint,F_repaired_analyzer,0.0,5.2334442138671875,0.0,0.003636293113231659,0.0682404562830925,0.1853465661406517,0.2899182140827179,0.3325590053573251,False,False,False,False,False,0.2576096000002508,"decision=flagged_dangerous; expansive regime, bound reaches danger threshold; L_used=1.0204(clean=1.0192,rw=1.0204); bound=0.1533"
quadratic,"synthetic_quadratic(n=20,kappa=30)",0,params_current_optimizer_older,A_param_norm,0.0,5.2334442138671875,0.0,0.0,0.10239264369010925,0.37681595236063004,0.38311612606048584,0.5757124507799745,True,False,False,True,False,3.0000046535860747e-07,threshold_theta=0.01694
quadratic,"synthetic_quadratic(n=20,kappa=30)",0,params_current_optimizer_older,B_optimizer_norm,0.0,5.2334442138671875,0.0,0.0,0.10239264369010925,0.37681595236063004,0.38311612606048584,0.5757124507799745,False,False,False,False,False,1e-06,threshold_M=0.2282
quadratic,"synthetic_quadratic(n=20,kappa=30)",0,params_current_optimizer_older,C_raw_product,0.0,5.2334442138671875,0.0,0.0,0.10239264369010925,0.37681595236063004,0.38311612606048584,0.5757124507799745,False,False,False,False,False,0.14177270000072895,bound_raw=11.22 L_pred=1.0192 regime=expansive danger=0.01694
quadratic,"synthetic_quadratic(n=20,kappa=30)",0,params_current_optimizer_older,D_block_normalized,0.0,5.2334442138671875,0.0,0.0,0.10239264369010925,0.37681595236063004,0.38311612606048584,0.5757124507799745,False,False,False,False,False,0.14177270000072895,bound_block=4.61 L_pred=1.0192
quadratic,"synthetic_quadratic(n=20,kappa=30)",0,params_current_optimizer_older,E_loss_probe,0.0,5.2334442138671875,0.0,0.0,0.10239264369010925,0.37681595236063004,0.38311612606048584,0.5757124507799745,False,False,False,False,False,0.0019278999998277868,probe_steps=5 loss_thr=0.05
quadratic,"synthetic_quadratic(n=20,kappa=30)",0,params_current_optimizer_older,F_repaired_analyzer,0.0,5.2334442138671875,0.0,0.0,0.10239264369010925,0.37681595236063004,0.38311612606048584,0.5757124507799745,False,False,False,False,False,0.2569052000008014,"decision=flagged_dangerous; expansive regime, bound reaches danger threshold; L_used=1.0192(clean=1.0192,rw=1.0147); bound=0.2195"
quadratic,"synthetic_quadratic(n=20,kappa=30)",1,exact_restore,A_param_norm,0.0,0.0,0.0,0.0,0.0,0.0,0.0,0.0,True,True,False,False,False,2.999995558639057e-07,threshold_theta=0.03132
quadratic,"synthetic_quadratic(n=20,kappa=30)",1,exact_restore,B_optimizer_norm,0.0,0.0,0.0,0.0,0.0,0.0,0.0,0.0,True,True,False,False,False,1e-06,threshold_M=0.445
quadratic,"synthetic_quadratic(n=20,kappa=30)",1,exact_restore,C_raw_product,0.0,0.0,0.0,0.0,0.0,0.0,0.0,0.0,False,True,True,False,False,0.13290700000015931,bound_raw=0 L_pred=1.0283 regime=expansive danger=0.03132
quadratic,"synthetic_quadratic(n=20,kappa=30)",1,exact_restore,D_block_normalized,0.0,0.0,0.0,0.0,0.0,0.0,0.0,0.0,False,True,True,False,False,0.13290700000015931,bound_block=0 L_pred=1.0283
quadratic,"synthetic_quadratic(n=20,kappa=30)",1,exact_restore,E_loss_probe,0.0,0.0,0.0,0.0,0.0,0.0,0.0,0.0,True,True,False,False,False,0.0020559000004141126,probe_steps=5 loss_thr=0.05
quadratic,"synthetic_quadratic(n=20,kappa=30)",1,exact_restore,F_repaired_analyzer,0.0,0.0,0.0,0.0,0.0,0.0,0.0,0.0,True,True,False,False,False,0.24803700000029494,"decision=certified_safe; zero displacement (no-op): bound is identically zero; L_used=1.0283(clean=1.0283,rw=1.0202); bound=0"
quadratic,"synthetic_quadratic(n=20,kappa=30)",1,noop_restore,A_param_norm,0.0,0.0,0.0,0.0,0.0,0.0,0.0,0.0,True,True,False,False,False,1.9999970390927047e-07,threshold_theta=0.03132
quadratic,"synthetic_quadratic(n=20,kappa=30)",1,noop_restore,B_optimizer_norm,0.0,0.0,0.0,0.0,0.0,0.0,0.0,0.0,True,True,False,False,False,1e-06,threshold_M=0.445
quadratic,"synthetic_quadratic(n=20,kappa=30)",1,noop_restore,C_raw_product,0.0,0.0,0.0,0.0,0.0,0.0,0.0,0.0,False,True,True,False,False,0.13290700000015931,bound_raw=0 L_pred=1.0283 regime=expansive danger=0.03132
quadratic,"synthetic_quadratic(n=20,kappa=30)",1,noop_restore,D_block_normalized,0.0,0.0,0.0,0.0,0.0,0.0,0.0,0.0,False,True,True,False,False,0.13290700000015931,bound_block=0 L_pred=1.0283
quadratic,"synthetic_quadratic(n=20,kappa=30)",1,noop_restore,E_loss_probe,0.0,0.0,0.0,0.0,0.0,0.0,0.0,0.0,True,True,False,False,False,0.002172900000005029,probe_steps=5 loss_thr=0.05
quadratic,"synthetic_quadratic(n=20,kappa=30)",1,noop_restore,F_repaired_analyzer,0.0,0.0,0.0,0.0,0.0,0.0,0.0,0.0,True,True,False,False,False,0.24884950000068784,"decision=certified_safe; zero displacement (no-op): bound is identically zero; L_used=1.0283(clean=1.0283,rw=1.0210); bound=0"
quadratic,"synthetic_quadratic(n=20,kappa=30)",1,stale_adam_moments,A_param_norm,0.0,3.61255145072937,0.0,0.0,0.05040372163057327,0.15339532494544983,0.19634804129600525,0.2165636606514454,True,False,False,True,False,4.999992597731762e-07,threshold_theta=0.03132
quadratic,"synthetic_quadratic(n=20,kappa=30)",1,stale_adam_moments,B_optimizer_norm,0.0,3.61255145072937,0.0,0.0,0.05040372163057327,0.15339532494544983,0.19634804129600525,0.2165636606514454,False,False,False,False,False,1e-06,threshold_M=0.445
quadratic,"synthetic_quadratic(n=20,kappa=30)",1,stale_adam_moments,C_raw_product,0.0,3.61255145072937,0.0,0.0,0.05040372163057327,0.15339532494544983,0.19634804129600525,0.2165636606514454,False,False,False,False,False,0.13290700000015931,bound_raw=11.04 L_pred=1.0283 regime=expansive danger=0.03132
quadratic,"synthetic_quadratic(n=20,kappa=30)",1,stale_adam_moments,D_block_normalized,0.0,3.61255145072937,0.0,0.0,0.05040372163057327,0.15339532494544983,0.19634804129600525,0.2165636606514454,False,False,False,False,False,0.13290700000015931,bound_block=2.484 L_pred=1.0283
quadratic,"synthetic_quadratic(n=20,kappa=30)",1,stale_adam_moments,E_loss_probe,0.0,3.61255145072937,0.0,0.0,0.05040372163057327,0.15339532494544983,0.19634804129600525,0.2165636606514454,False,False,False,False,False,0.002143200000318757,probe_steps=5 loss_thr=0.05
quadratic,"synthetic_quadratic(n=20,kappa=30)",1,stale_adam_moments,F_repaired_analyzer,0.0,3.61255145072937,0.0,0.0,0.05040372163057327,0.15339532494544983,0.19634804129600525,0.2165636606514454,False,False,False,False,False,0.2514208000002327,"decision=flagged_dangerous; expansive regime, bound reaches danger threshold; L_used=1.0283(clean=1.0283,rw=1.0200); bound=0.154"
quadratic,"synthetic_quadratic(n=20,kappa=30)",1,reset_first_moment,A_param_norm,0.0,1.3917690515518188,0.0,0.0,0.017937932163476944,0.02433454990386963,0.08916588127613068,0.02811439335346222,True,False,False,True,False,5.000001692678779e-07,threshold_theta=0.03132
quadratic,"synthetic_quadratic(n=20,kappa=30)",1,reset_first_moment,B_optimizer_norm,0.0,1.3917690515518188,0.0,0.0,0.017937932163476944,0.02433454990386963,0.08916588127613068,0.02811439335346222,False,False,False,False,False,1e-06,threshold_M=0.445
quadratic,"synthetic_quadratic(n=20,kappa=30)",1,reset_first_moment,C_raw_product,0.0,1.3917690515518188,0.0,0.0,0.017937932163476944,0.02433454990386963,0.08916588127613068,0.02811439335346222,False,False,False,False,False,0.13290700000015931,bound_raw=4.253 L_pred=1.0283 regime=expansive danger=0.03132
quadratic,"synthetic_quadratic(n=20,kappa=30)",1,reset_first_moment,D_block_normalized,0.0,1.3917690515518188,0.0,0.0,0.017937932163476944,0.02433454990386963,0.08916588127613068,0.02811439335346222,False,False,False,False,False,0.13290700000015931,bound_block=0.957 L_pred=1.0283
quadratic,"synthetic_quadratic(n=20,kappa=30)",1,reset_first_moment,E_loss_probe,0.0,1.3917690515518188,0.0,0.0,0.017937932163476944,0.02433454990386963,0.08916588127613068,0.02811439335346222,True,False,False,True,False,0.002985199999784527,probe_steps=5 loss_thr=0.05
quadratic,"synthetic_quadratic(n=20,kappa=30)",1,reset_first_moment,F_repaired_analyzer,0.0,1.3917690515518188,0.0,0.0,0.017937932163476944,0.02433454990386963,0.08916588127613068,0.02811439335346222,False,False,False,False,False,0.2526651000007405,"decision=flagged_dangerous; expansive regime, bound reaches danger threshold; L_used=1.0283(clean=1.0283,rw=1.0238); bound=0.05481"
quadratic,"synthetic_quadratic(n=20,kappa=30)",1,reset_second_moment,A_param_norm,0.0,4.226723670959473,0.0,0.0,1.7076084613800049,80.38969683647156,3.560349225997925,80.38969683647156,True,False,False,True,False,6.000000212225132e-07,threshold_theta=0.03132
quadratic,"synthetic_quadratic(n=20,kappa=30)",1,reset_second_moment,B_optimizer_norm,0.0,4.226723670959473,0.0,0.0,1.7076084613800049,80.38969683647156,3.560349225997925,80.38969683647156,False,False,False,False,False,1e-06,threshold_M=0.445
quadratic,"synthetic_quadratic(n=20,kappa=30)",1,reset_second_moment,C_raw_product,0.0,4.226723670959473,0.0,0.0,1.7076084613800049,80.38969683647156,3.560349225997925,80.38969683647156,False,False,False,False,False,0.13290700000015931,bound_raw=12.92 L_pred=1.0283 regime=expansive danger=0.03132
quadratic,"synthetic_quadratic(n=20,kappa=30)",1,reset_second_moment,D_block_normalized,0.0,4.226723670959473,0.0,0.0,1.7076084613800049,80.38969683647156,3.560349225997925,80.38969683647156,False,False,False,False,False,0.13290700000015931,bound_block=0.957 L_pred=1.0283
quadratic,"synthetic_quadratic(n=20,kappa=30)",1,reset_second_moment,E_loss_probe,0.0,4.226723670959473,0.0,0.0,1.7076084613800049,80.38969683647156,3.560349225997925,80.38969683647156,False,False,False,False,False,0.0020033999999213847,probe_steps=5 loss_thr=0.05
quadratic,"synthetic_quadratic(n=20,kappa=30)",1,reset_second_moment,F_repaired_analyzer,0.0,4.226723670959473,0.0,0.0,1.7076084613800049,80.38969683647156,3.560349225997925,80.38969683647156,False,False,False,False,False,0.2511970999994446,"decision=flagged_dangerous; expansive regime, bound reaches danger threshold; L_used=1.6584(clean=1.0283,rw=1.6584); bound=1.048e+09"
quadratic,"synthetic_quadratic(n=20,kappa=30)",1,scheduler_mismatch,A_param_norm,0.0,0.0,0.008968967013061047,0.0,0.008968967013061047,0.011700354516506195,0.0774640366435051,0.012131884694099426,True,False,False,True,False,2.999995558639057e-07,threshold_theta=0.03132
quadratic,"synthetic_quadratic(n=20,kappa=30)",1,scheduler_mismatch,B_optimizer_norm,0.0,0.0,0.008968967013061047,0.0,0.008968967013061047,0.011700354516506195,0.0774640366435051,0.012131884694099426,True,False,False,True,False,1e-06,threshold_M=0.445
quadratic,"synthetic_quadratic(n=20,kappa=30)",1,scheduler_mismatch,C_raw_product,0.0,0.0,0.008968967013061047,0.0,0.008968967013061047,0.011700354516506195,0.0774640366435051,0.012131884694099426,False,False,False,False,False,0.13290700000015931,bound_raw=0 L_pred=1.0283 regime=expansive danger=0.03132
quadratic,"synthetic_quadratic(n=20,kappa=30)",1,scheduler_mismatch,D_block_normalized,0.0,0.0,0.008968967013061047,0.0,0.008968967013061047,0.011700354516506195,0.0774640366435051,0.012131884694099426,False,False,False,False,False,0.13290700000015931,bound_block=0 L_pred=1.0283
quadratic,"synthetic_quadratic(n=20,kappa=30)",1,scheduler_mismatch,E_loss_probe,0.0,0.0,0.008968967013061047,0.0,0.008968967013061047,0.011700354516506195,0.0774640366435051,0.012131884694099426,True,False,False,True,False,0.0019941999998991378,probe_steps=5 loss_thr=0.05
quadratic,"synthetic_quadratic(n=20,kappa=30)",1,scheduler_mismatch,F_repaired_analyzer,0.0,0.0,0.008968967013061047,0.0,0.008968967013061047,0.011700354516506195,0.0774640366435051,0.012131884694099426,,False,False,False,True,0.24930400000084774,"decision=abstained; expansive regime but bound below danger threshold (cannot certify); L_used=1.0283(clean=1.0283,rw=1.0173); bound=0.02741"
quadratic,"synthetic_quadratic(n=20,kappa=30)",1,ema_shadow_present_not_loaded,A_param_norm,0.0,0.0,0.0,0.0,0.0,0.0,0.0,0.0,True,True,False,False,False,3.0000046535860747e-07,threshold_theta=0.03132
quadratic,"synthetic_quadratic(n=20,kappa=30)",1,ema_shadow_present_not_loaded,B_optimizer_norm,0.0,0.0,0.0,0.0,0.0,0.0,0.0,0.0,True,True,False,False,False,1e-06,threshold_M=0.445
quadratic,"synthetic_quadratic(n=20,kappa=30)",1,ema_shadow_present_not_loaded,C_raw_product,0.0,0.0,0.0,0.0,0.0,0.0,0.0,0.0,False,True,True,False,False,0.13290700000015931,bound_raw=0 L_pred=1.0283 regime=expansive danger=0.03132
quadratic,"synthetic_quadratic(n=20,kappa=30)",1,ema_shadow_present_not_loaded,D_block_normalized,0.0,0.0,0.0,0.0,0.0,0.0,0.0,0.0,False,True,True,False,False,0.13290700000015931,bound_block=0 L_pred=1.0283
quadratic,"synthetic_quadratic(n=20,kappa=30)",1,ema_shadow_present_not_loaded,E_loss_probe,0.0,0.0,0.0,0.0,0.0,0.0,0.0,0.0,True,True,False,False,False,0.0027399000000514206,probe_steps=5 loss_thr=0.05
quadratic,"synthetic_quadratic(n=20,kappa=30)",1,ema_shadow_present_not_loaded,F_repaired_analyzer,0.0,0.0,0.0,0.0,0.0,0.0,0.0,0.0,True,True,False,False,False,0.27761350000037055,"decision=certified_safe; zero displacement (no-op): bound is identically zero; L_used=1.0283(clean=1.0283,rw=1.0184); bound=0"
quadratic,"synthetic_quadratic(n=20,kappa=30)",1,ema_loaded_as_parameters,A_param_norm,1.3281701803207397,0.0,0.0,0.0,1.3281701803207397,16.4494546353817,1.3281701803207397,16.4494546353817,False,False,False,False,False,1.9999970390927047e-07,threshold_theta=0.03132
quadratic,"synthetic_quadratic(n=20,kappa=30)",1,ema_loaded_as_parameters,B_optimizer_norm,1.3281701803207397,0.0,0.0,0.0,1.3281701803207397,16.4494546353817,1.3281701803207397,16.4494546353817,True,False,False,True,False,1e-06,threshold_M=0.445
quadratic,"synthetic_quadratic(n=20,kappa=30)",1,ema_loaded_as_parameters,C_raw_product,1.3281701803207397,0.0,0.0,0.0,1.3281701803207397,16.4494546353817,1.3281701803207397,16.4494546353817,False,False,False,False,False,0.13290700000015931,bound_raw=4.059 L_pred=1.0283 regime=expansive danger=0.03132
quadratic,"synthetic_quadratic(n=20,kappa=30)",1,ema_loaded_as_parameters,D_block_normalized,1.3281701803207397,0.0,0.0,0.0,1.3281701803207397,16.4494546353817,1.3281701803207397,16.4494546353817,False,False,False,False,False,0.13290700000015931,bound_block=4.059 L_pred=1.0283
quadratic,"synthetic_quadratic(n=20,kappa=30)",1,ema_loaded_as_parameters,E_loss_probe,1.3281701803207397,0.0,0.0,0.0,1.3281701803207397,16.4494546353817,1.3281701803207397,16.4494546353817,False,False,False,False,False,0.0019589000003179535,probe_steps=5 loss_thr=0.05
quadratic,"synthetic_quadratic(n=20,kappa=30)",1,ema_loaded_as_parameters,F_repaired_analyzer,1.3281701803207397,0.0,0.0,0.0,1.3281701803207397,16.4494546353817,1.3281701803207397,16.4494546353817,False,False,False,False,False,0.2911719000003359,"decision=flagged_dangerous; expansive regime, bound reaches danger threshold; L_used=1.0283(clean=1.0283,rw=1.0257); bound=4.059"
quadratic,"synthetic_quadratic(n=20,kappa=30)",1,mild_lr_decrease,A_param_norm,0.0,0.0,0.008968966081738472,0.0,0.008968966081738472,0.017971038818359375,0.10624025762081146,0.024853043258190155,True,False,False,True,False,1.100000190490391e-06,threshold_theta=0.03132
quadratic,"synthetic_quadratic(n=20,kappa=30)",1,mild_lr_decrease,B_optimizer_norm,0.0,0.0,0.008968966081738472,0.0,0.008968966081738472,0.017971038818359375,0.10624025762081146,0.024853043258190155,True,False,False,True,False,1e-06,threshold_M=0.445
quadratic,"synthetic_quadratic(n=20,kappa=30)",1,mild_lr_decrease,C_raw_product,0.0,0.0,0.008968966081738472,0.0,0.008968966081738472,0.017971038818359375,0.10624025762081146,0.024853043258190155,False,False,False,False,False,0.13290700000015931,bound_raw=0 L_pred=1.0283 regime=expansive danger=0.03132
quadratic,"synthetic_quadratic(n=20,kappa=30)",1,mild_lr_decrease,D_block_normalized,0.0,0.0,0.008968966081738472,0.0,0.008968966081738472,0.017971038818359375,0.10624025762081146,0.024853043258190155,False,False,False,False,False,0.13290700000015931,bound_block=0 L_pred=1.0283
quadratic,"synthetic_quadratic(n=20,kappa=30)",1,mild_lr_decrease,E_loss_probe,0.0,0.0,0.008968966081738472,0.0,0.008968966081738472,0.017971038818359375,0.10624025762081146,0.024853043258190155,True,False,False,True,False,0.0024798999993436155,probe_steps=5 loss_thr=0.05
quadratic,"synthetic_quadratic(n=20,kappa=30)",1,mild_lr_decrease,F_repaired_analyzer,0.0,0.0,0.008968966081738472,0.0,0.008968966081738472,0.017971038818359375,0.10624025762081146,0.024853043258190155,,False,False,False,True,0.2737989999995989,"decision=abstained; expansive regime but bound below danger threshold (cannot certify); L_used=1.0303(clean=1.0283,rw=1.0303); bound=0.02958"
quadratic,"synthetic_quadratic(n=20,kappa=30)",1,severe_lr_increase,A_param_norm,0.0,0.0,0.1614413857460022,0.0,0.1614413857460022,0.3240750879049301,0.6268767714500427,0.33143240958452225,True,False,False,True,False,3.0000046535860747e-07,threshold_theta=0.03132
quadratic,"synthetic_quadratic(n=20,kappa=30)",1,severe_lr_increase,B_optimizer_norm,0.0,0.0,0.1614413857460022,0.0,0.1614413857460022,0.3240750879049301,0.6268767714500427,0.33143240958452225,True,False,False,True,False,1e-06,threshold_M=0.445
quadratic,"synthetic_quadratic(n=20,kappa=30)",1,severe_lr_increase,C_raw_product,0.0,0.0,0.1614413857460022,0.0,0.1614413857460022,0.3240750879049301,0.6268767714500427,0.33143240958452225,False,False,False,False,False,0.13290700000015931,bound_raw=0 L_pred=1.0283 regime=expansive danger=0.03132
quadratic,"synthetic_quadratic(n=20,kappa=30)",1,severe_lr_increase,D_block_normalized,0.0,0.0,0.1614413857460022,0.0,0.1614413857460022,0.3240750879049301,0.6268767714500427,0.33143240958452225,False,False,False,False,False,0.13290700000015931,bound_block=0 L_pred=1.0283
quadratic,"synthetic_quadratic(n=20,kappa=30)",1,severe_lr_increase,E_loss_probe,0.0,0.0,0.1614413857460022,0.0,0.1614413857460022,0.3240750879049301,0.6268767714500427,0.33143240958452225,False,False,False,False,False,0.0019417000003159046,probe_steps=5 loss_thr=0.05
quadratic,"synthetic_quadratic(n=20,kappa=30)",1,severe_lr_increase,F_repaired_analyzer,0.0,0.0,0.1614413857460022,0.0,0.1614413857460022,0.3240750879049301,0.6268767714500427,0.33143240958452225,False,False,False,False,False,0.30591679999997723,"decision=flagged_dangerous; expansive regime, bound reaches danger threshold; L_used=1.2793(clean=1.0283,rw=1.2793); bound=3070"
quadratic,"synthetic_quadratic(n=20,kappa=30)",1,optimizer_state_from_older_checkpoint,A_param_norm,0.0,7.995499610900879,0.0,0.006021228153258562,0.0638786181807518,0.23145850002765656,0.27925047278404236,0.587429404258728,True,False,False,True,False,3.0000046535860747e-07,threshold_theta=0.03132
quadratic,"synthetic_quadratic(n=20,kappa=30)",1,optimizer_state_from_older_checkpoint,B_optimizer_norm,0.0,7.995499610900879,0.0,0.006021228153258562,0.0638786181807518,0.23145850002765656,0.27925047278404236,0.587429404258728,False,False,False,False,False,1e-06,threshold_M=0.445
quadratic,"synthetic_quadratic(n=20,kappa=30)",1,optimizer_state_from_older_checkpoint,C_raw_product,0.0,7.995499610900879,0.0,0.006021228153258562,0.0638786181807518,0.23145850002765656,0.27925047278404236,0.587429404258728,False,False,False,False,False,0.13290700000015931,bound_raw=24.43 L_pred=1.0283 regime=expansive danger=0.03132
quadratic,"synthetic_quadratic(n=20,kappa=30)",1,optimizer_state_from_older_checkpoint,D_block_normalized,0.0,7.995499610900879,0.0,0.006021228153258562,0.0638786181807518,0.23145850002765656,0.27925047278404236,0.587429404258728,False,False,False,False,False,0.13290700000015931,bound_block=5.493 L_pred=1.0283
quadratic,"synthetic_quadratic(n=20,kappa=30)",1,optimizer_state_from_older_checkpoint,E_loss_probe,0.0,7.995499610900879,0.0,0.006021228153258562,0.0638786181807518,0.23145850002765656,0.27925047278404236,0.587429404258728,False,False,False,False,False,0.002102800000102434,probe_steps=5 loss_thr=0.05
quadratic,"synthetic_quadratic(n=20,kappa=30)",1,optimizer_state_from_older_checkpoint,F_repaired_analyzer,0.0,7.995499610900879,0.0,0.006021228153258562,0.0638786181807518,0.23145850002765656,0.27925047278404236,0.587429404258728,False,False,False,False,False,0.25344680000034714,"decision=flagged_dangerous; expansive regime, bound reaches danger threshold; L_used=1.0283(clean=1.0283,rw=1.0248); bound=0.1952"
quadratic,"synthetic_quadratic(n=20,kappa=30)",1,params_current_optimizer_older,A_param_norm,0.0,7.995499610900879,0.0,0.0,0.09909094125032425,0.5604242533445358,0.3884899616241455,1.0638918280601501,True,False,False,True,False,2.999995558639057e-07,threshold_theta=0.03132
quadratic,"synthetic_quadratic(n=20,kappa=30)",1,params_current_optimizer_older,B_optimizer_norm,0.0,7.995499610900879,0.0,0.0,0.09909094125032425,0.5604242533445358,0.3884899616241455,1.0638918280601501,False,False,False,False,False,1e-06,threshold_M=0.445
quadratic,"synthetic_quadratic(n=20,kappa=30)",1,params_current_optimizer_older,C_raw_product,0.0,7.995499610900879,0.0,0.0,0.09909094125032425,0.5604242533445358,0.3884899616241455,1.0638918280601501,False,False,False,False,False,0.13290700000015931,bound_raw=24.43 L_pred=1.0283 regime=expansive danger=0.03132
quadratic,"synthetic_quadratic(n=20,kappa=30)",1,params_current_optimizer_older,D_block_normalized,0.0,7.995499610900879,0.0,0.0,0.09909094125032425,0.5604242533445358,0.3884899616241455,1.0638918280601501,False,False,False,False,False,0.13290700000015931,bound_block=5.493 L_pred=1.0283
quadratic,"synthetic_quadratic(n=20,kappa=30)",1,params_current_optimizer_older,E_loss_probe,0.0,7.995499610900879,0.0,0.0,0.09909094125032425,0.5604242533445358,0.3884899616241455,1.0638918280601501,False,False,False,False,False,0.0020404999995662365,probe_steps=5 loss_thr=0.05
quadratic,"synthetic_quadratic(n=20,kappa=30)",1,params_current_optimizer_older,F_repaired_analyzer,0.0,7.995499610900879,0.0,0.0,0.09909094125032425,0.5604242533445358,0.3884899616241455,1.0638918280601501,False,False,False,False,False,0.25012990000050195,"decision=flagged_dangerous; expansive regime, bound reaches danger threshold; L_used=1.0283(clean=1.0283,rw=1.0227); bound=0.3028"
quadratic,"synthetic_quadratic(n=20,kappa=30)",2,exact_restore,A_param_norm,0.0,0.0,0.0,0.0,0.0,0.0,0.0,0.0,True,True,False,False,False,4.000003173132427e-07,threshold_theta=0.06789
quadratic,"synthetic_quadratic(n=20,kappa=30)",2,exact_restore,B_optimizer_norm,0.0,0.0,0.0,0.0,0.0,0.0,0.0,0.0,True,True,False,False,False,1e-06,threshold_M=0.3275
quadratic,"synthetic_quadratic(n=20,kappa=30)",2,exact_restore,C_raw_product,0.0,0.0,0.0,0.0,0.0,0.0,0.0,0.0,False,True,True,False,False,0.13484520000019984,bound_raw=0 L_pred=1.0158 regime=expansive danger=0.06789
quadratic,"synthetic_quadratic(n=20,kappa=30)",2,exact_restore,D_block_normalized,0.0,0.0,0.0,0.0,0.0,0.0,0.0,0.0,False,True,True,False,False,0.13484520000019984,bound_block=0 L_pred=1.0158
quadratic,"synthetic_quadratic(n=20,kappa=30)",2,exact_restore,E_loss_probe,0.0,0.0,0.0,0.0,0.0,0.0,0.0,0.0,True,True,False,False,False,0.0019126999995933147,probe_steps=5 loss_thr=0.05
quadratic,"synthetic_quadratic(n=20,kappa=30)",2,exact_restore,F_repaired_analyzer,0.0,0.0,0.0,0.0,0.0,0.0,0.0,0.0,True,True,False,False,False,0.25067459999991115,"decision=certified_safe; zero displacement (no-op): bound is identically zero; L_used=1.0234(clean=1.0158,rw=1.0234); bound=0"
quadratic,"synthetic_quadratic(n=20,kappa=30)",2,noop_restore,A_param_norm,0.0,0.0,0.0,0.0,0.0,0.0,0.0,0.0,True,True,False,False,False,1.9999970390927047e-07,threshold_theta=0.06789
quadratic,"synthetic_quadratic(n=20,kappa=30)",2,noop_restore,B_optimizer_norm,0.0,0.0,0.0,0.0,0.0,0.0,0.0,0.0,True,True,False,False,False,1e-06,threshold_M=0.3275
quadratic,"synthetic_quadratic(n=20,kappa=30)",2,noop_restore,C_raw_product,0.0,0.0,0.0,0.0,0.0,0.0,0.0,0.0,False,True,True,False,False,0.13484520000019984,bound_raw=0 L_pred=1.0158 regime=expansive danger=0.06789
quadratic,"synthetic_quadratic(n=20,kappa=30)",2,noop_restore,D_block_normalized,0.0,0.0,0.0,0.0,0.0,0.0,0.0,0.0,False,True,True,False,False,0.13484520000019984,bound_block=0 L_pred=1.0158
quadratic,"synthetic_quadratic(n=20,kappa=30)",2,noop_restore,E_loss_probe,0.0,0.0,0.0,0.0,0.0,0.0,0.0,0.0,True,True,False,False,False,0.0019664999999804422,probe_steps=5 loss_thr=0.05
quadratic,"synthetic_quadratic(n=20,kappa=30)",2,noop_restore,F_repaired_analyzer,0.0,0.0,0.0,0.0,0.0,0.0,0.0,0.0,True,True,False,False,False,0.2509616000006645,"decision=certified_safe; zero displacement (no-op): bound is identically zero; L_used=1.0221(clean=1.0158,rw=1.0221); bound=0"
quadratic,"synthetic_quadratic(n=20,kappa=30)",2,stale_adam_moments,A_param_norm,0.0,3.2948663234710693,0.0,0.0,0.05428793281316757,0.11605499684810638,0.21789811551570892,0.17116130888462067,True,False,False,True,False,5.000001692678779e-07,threshold_theta=0.06789
quadratic,"synthetic_quadratic(n=20,kappa=30)",2,stale_adam_moments,B_optimizer_norm,0.0,3.2948663234710693,0.0,0.0,0.05428793281316757,0.11605499684810638,0.21789811551570892,0.17116130888462067,False,False,False,False,False,1e-06,threshold_M=0.3275
quadratic,"synthetic_quadratic(n=20,kappa=30)",2,stale_adam_moments,C_raw_product,0.0,3.2948663234710693,0.0,0.0,0.05428793281316757,0.11605499684810638,0.21789811551570892,0.17116130888462067,False,False,False,False,False,0.13484520000019984,bound_raw=6.166 L_pred=1.0158 regime=expansive danger=0.06789
quadratic,"synthetic_quadratic(n=20,kappa=30)",2,stale_adam_moments,D_block_normalized,0.0,3.2948663234710693,0.0,0.0,0.05428793281316757,0.11605499684810638,0.21789811551570892,0.17116130888462067,False,False,False,False,False,0.13484520000019984,bound_block=3.124 L_pred=1.0158
quadratic,"synthetic_quadratic(n=20,kappa=30)",2,stale_adam_moments,E_loss_probe,0.0,3.2948663234710693,0.0,0.0,0.05428793281316757,0.11605499684810638,0.21789811551570892,0.17116130888462067,False,False,False,False,False,0.00199129999964498,probe_steps=5 loss_thr=0.05
quadratic,"synthetic_quadratic(n=20,kappa=30)",2,stale_adam_moments,F_repaired_analyzer,0.0,3.2948663234710693,0.0,0.0,0.05428793281316757,0.11605499684810638,0.21789811551570892,0.17116130888462067,False,False,False,False,False,0.255280400000629,"decision=flagged_dangerous; expansive regime, bound reaches danger threshold; L_used=1.0184(clean=1.0158,rw=1.0184); bound=0.1126"
quadratic,"synthetic_quadratic(n=20,kappa=30)",2,reset_first_moment,A_param_norm,0.0,1.339661955833435,0.0,0.0,0.020576147362589836,0.02709287405014038,0.10924903303384781,0.045566730201244354,True,False,False,True,False,9.999985195463523e-08,threshold_theta=0.06789
quadratic,"synthetic_quadratic(n=20,kappa=30)",2,reset_first_moment,B_optimizer_norm,0.0,1.339661955833435,0.0,0.0,0.020576147362589836,0.02709287405014038,0.10924903303384781,0.045566730201244354,False,False,False,False,False,1e-06,threshold_M=0.3275
quadratic,"synthetic_quadratic(n=20,kappa=30)",2,reset_first_moment,C_raw_product,0.0,1.339661955833435,0.0,0.0,0.020576147362589836,0.02709287405014038,0.10924903303384781,0.045566730201244354,False,False,False,False,False,0.13484520000019984,bound_raw=2.507 L_pred=1.0158 regime=expansive danger=0.06789
quadratic,"synthetic_quadratic(n=20,kappa=30)",2,reset_first_moment,D_block_normalized,0.0,1.339661955833435,0.0,0.0,0.020576147362589836,0.02709287405014038,0.10924903303384781,0.045566730201244354,False,False,False,False,False,0.13484520000019984,bound_block=1.27 L_pred=1.0158
quadratic,"synthetic_quadratic(n=20,kappa=30)",2,reset_first_moment,E_loss_probe,0.0,1.339661955833435,0.0,0.0,0.020576147362589836,0.02709287405014038,0.10924903303384781,0.045566730201244354,True,False,False,True,False,0.0019294000003355904,probe_steps=5 loss_thr=0.05
quadratic,"synthetic_quadratic(n=20,kappa=30)",2,reset_first_moment,F_repaired_analyzer,0.0,1.339661955833435,0.0,0.0,0.020576147362589836,0.02709287405014038,0.10924903303384781,0.045566730201244354,,False,False,False,True,0.2540681999998924,"decision=abstained; expansive regime but bound below danger threshold (cannot certify); L_used=1.0158(clean=1.0158,rw=1.0154); bound=0.03851"
quadratic,"synthetic_quadratic(n=20,kappa=30)",2,reset_second_moment,A_param_norm,0.0,2.988950490951538,0.0,0.0,1.7047110795974731,1691.8962568044662,14.160714149475098,1691.8962568044662,True,False,False,True,False,6.000000212225132e-07,threshold_theta=0.06789
quadratic,"synthetic_quadratic(n=20,kappa=30)",2,reset_second_moment,B_optimizer_norm,0.0,2.988950490951538,0.0,0.0,1.7047110795974731,1691.8962568044662,14.160714149475098,1691.8962568044662,False,False,False,False,False,1e-06,threshold_M=0.3275
quadratic,"synthetic_quadratic(n=20,kappa=30)",2,reset_second_moment,C_raw_product,0.0,2.988950490951538,0.0,0.0,1.7047110795974731,1691.8962568044662,14.160714149475098,1691.8962568044662,False,False,False,False,False,0.13484520000019984,bound_raw=5.593 L_pred=1.0158 regime=expansive danger=0.06789
quadratic,"synthetic_quadratic(n=20,kappa=30)",2,reset_second_moment,D_block_normalized,0.0,2.988950490951538,0.0,0.0,1.7047110795974731,1691.8962568044662,14.160714149475098,1691.8962568044662,False,False,False,False,False,0.13484520000019984,bound_block=1.27 L_pred=1.0158
quadratic,"synthetic_quadratic(n=20,kappa=30)",2,reset_second_moment,E_loss_probe,0.0,2.988950490951538,0.0,0.0,1.7047110795974731,1691.8962568044662,14.160714149475098,1691.8962568044662,False,False,False,False,False,0.002070399999865913,probe_steps=5 loss_thr=0.05
quadratic,"synthetic_quadratic(n=20,kappa=30)",2,reset_second_moment,F_repaired_analyzer,0.0,2.988950490951538,0.0,0.0,1.7047110795974731,1691.8962568044662,14.160714149475098,1691.8962568044662,False,False,False,False,False,0.25574480000068434,"decision=flagged_dangerous; expansive regime, bound reaches danger threshold; L_used=1.8250(clean=1.0158,rw=1.8250); bound=4.812e+10"
quadratic,"synthetic_quadratic(n=20,kappa=30)",2,scheduler_mismatch,A_param_norm,0.0,0.0,0.010288073681294918,0.0,0.010288073681294918,0.011101707816123962,0.13275519013404846,0.03935091197490692,True,False,False,True,False,2.999995558639057e-07,threshold_theta=0.06789
quadratic,"synthetic_quadratic(n=20,kappa=30)",2,scheduler_mismatch,B_optimizer_norm,0.0,0.0,0.010288073681294918,0.0,0.010288073681294918,0.011101707816123962,0.13275519013404846,0.03935091197490692,True,False,False,True,False,1e-06,threshold_M=0.3275
quadratic,"synthetic_quadratic(n=20,kappa=30)",2,scheduler_mismatch,C_raw_product,0.0,0.0,0.010288073681294918,0.0,0.010288073681294918,0.011101707816123962,0.13275519013404846,0.03935091197490692,False,False,False,False,False,0.13484520000019984,bound_raw=0 L_pred=1.0158 regime=expansive danger=0.06789
quadratic,"synthetic_quadratic(n=20,kappa=30)",2,scheduler_mismatch,D_block_normalized,0.0,0.0,0.010288073681294918,0.0,0.010288073681294918,0.011101707816123962,0.13275519013404846,0.03935091197490692,False,False,False,False,False,0.13484520000019984,bound_block=0 L_pred=1.0158
quadratic,"synthetic_quadratic(n=20,kappa=30)",2,scheduler_mismatch,E_loss_probe,0.0,0.0,0.010288073681294918,0.0,0.010288073681294918,0.011101707816123962,0.13275519013404846,0.03935091197490692,True,False,False,True,False,0.002091400000608701,probe_steps=5 loss_thr=0.05
quadratic,"synthetic_quadratic(n=20,kappa=30)",2,scheduler_mismatch,F_repaired_analyzer,0.0,0.0,0.010288073681294918,0.0,0.010288073681294918,0.011101707816123962,0.13275519013404846,0.03935091197490692,,False,False,False,True,0.2530660000002172,"decision=abstained; expansive regime but bound below danger threshold (cannot certify); L_used=1.0217(clean=1.0158,rw=1.0217); bound=0.0243"
quadratic,"synthetic_quadratic(n=20,kappa=30)",2,ema_shadow_present_not_loaded,A_param_norm,0.0,0.0,0.0,0.0,0.0,0.0,0.0,0.0,True,True,False,False,False,3.0000046535860747e-07,threshold_theta=0.06789
quadratic,"synthetic_quadratic(n=20,kappa=30)",2,ema_shadow_present_not_loaded,B_optimizer_norm,0.0,0.0,0.0,0.0,0.0,0.0,0.0,0.0,True,True,False,False,False,1e-06,threshold_M=0.3275
quadratic,"synthetic_quadratic(n=20,kappa=30)",2,ema_shadow_present_not_loaded,C_raw_product,0.0,0.0,0.0,0.0,0.0,0.0,0.0,0.0,False,True,True,False,False,0.13484520000019984,bound_raw=0 L_pred=1.0158 regime=expansive danger=0.06789
quadratic,"synthetic_quadratic(n=20,kappa=30)",2,ema_shadow_present_not_loaded,D_block_normalized,0.0,0.0,0.0,0.0,0.0,0.0,0.0,0.0,False,True,True,False,False,0.13484520000019984,bound_block=0 L_pred=1.0158
quadratic,"synthetic_quadratic(n=20,kappa=30)",2,ema_shadow_present_not_loaded,E_loss_probe,0.0,0.0,0.0,0.0,0.0,0.0,0.0,0.0,True,True,False,False,False,0.0019239000002926332,probe_steps=5 loss_thr=0.05
quadratic,"synthetic_quadratic(n=20,kappa=30)",2,ema_shadow_present_not_loaded,F_repaired_analyzer,0.0,0.0,0.0,0.0,0.0,0.0,0.0,0.0,True,True,False,False,False,0.25430770000002667,"decision=certified_safe; zero displacement (no-op): bound is identically zero; L_used=1.0201(clean=1.0158,rw=1.0201); bound=0"
quadratic,"synthetic_quadratic(n=20,kappa=30)",2,ema_loaded_as_parameters,A_param_norm,1.4435858726501465,0.0,0.0,0.0,1.4435858726501465,16.167389273643494,1.4435858726501465,16.167389273643494,False,False,False,False,False,4.000003173132427e-07,threshold_theta=0.06789
quadratic,"synthetic_quadratic(n=20,kappa=30)",2,ema_loaded_as_parameters,B_optimizer_norm,1.4435858726501465,0.0,0.0,0.0,1.4435858726501465,16.167389273643494,1.4435858726501465,16.167389273643494,True,False,False,True,False,1e-06,threshold_M=0.3275
quadratic,"synthetic_quadratic(n=20,kappa=30)",2,ema_loaded_as_parameters,C_raw_product,1.4435858726501465,0.0,0.0,0.0,1.4435858726501465,16.167389273643494,1.4435858726501465,16.167389273643494,False,False,False,False,False,0.13484520000019984,bound_raw=2.701 L_pred=1.0158 regime=expansive danger=0.06789
quadratic,"synthetic_quadratic(n=20,kappa=30)",2,ema_loaded_as_parameters,D_block_normalized,1.4435858726501465,0.0,0.0,0.0,1.4435858726501465,16.167389273643494,1.4435858726501465,16.167389273643494,False,False,False,False,False,0.13484520000019984,bound_block=2.701 L_pred=1.0158
quadratic,"synthetic_quadratic(n=20,kappa=30)",2,ema_loaded_as_parameters,E_loss_probe,1.4435858726501465,0.0,0.0,0.0,1.4435858726501465,16.167389273643494,1.4435858726501465,16.167389273643494,False,False,False,False,False,0.002627300000312971,probe_steps=5 loss_thr=0.05
quadratic,"synthetic_quadratic(n=20,kappa=30)",2,ema_loaded_as_parameters,F_repaired_analyzer,1.4435858726501465,0.0,0.0,0.0,1.4435858726501465,16.167389273643494,1.4435858726501465,16.167389273643494,False,False,False,False,False,0.24979520000033517,"decision=flagged_dangerous; expansive regime, bound reaches danger threshold; L_used=1.0263(clean=1.0158,rw=1.0263); bound=4.083"
quadratic,"synthetic_quadratic(n=20,kappa=30)",2,mild_lr_decrease,A_param_norm,0.0,0.0,0.010288073681294918,0.0,0.010288073681294918,0.017844632267951965,0.19876359403133392,0.06379326432943344,True,False,False,True,False,1.9999970390927047e-07,threshold_theta=0.06789
quadratic,"synthetic_quadratic(n=20,kappa=30)",2,mild_lr_decrease,B_optimizer_norm,0.0,0.0,0.010288073681294918,0.0,0.010288073681294918,0.017844632267951965,0.19876359403133392,0.06379326432943344,True,False,False,True,False,1e-06,threshold_M=0.3275
quadratic,"synthetic_quadratic(n=20,kappa=30)",2,mild_lr_decrease,C_raw_product,0.0,0.0,0.010288073681294918,0.0,0.010288073681294918,0.017844632267951965,0.19876359403133392,0.06379326432943344,False,False,False,False,False,0.13484520000019984,bound_raw=0 L_pred=1.0158 regime=expansive danger=0.06789
quadratic,"synthetic_quadratic(n=20,kappa=30)",2,mild_lr_decrease,D_block_normalized,0.0,0.0,0.010288073681294918,0.0,0.010288073681294918,0.017844632267951965,0.19876359403133392,0.06379326432943344,False,False,False,False,False,0.13484520000019984,bound_block=0 L_pred=1.0158
quadratic,"synthetic_quadratic(n=20,kappa=30)",2,mild_lr_decrease,E_loss_probe,0.0,0.0,0.010288073681294918,0.0,0.010288073681294918,0.017844632267951965,0.19876359403133392,0.06379326432943344,True,False,False,True,False,0.0019001000000571366,probe_steps=5 loss_thr=0.05
quadratic,"synthetic_quadratic(n=20,kappa=30)",2,mild_lr_decrease,F_repaired_analyzer,0.0,0.0,0.010288073681294918,0.0,0.010288073681294918,0.017844632267951965,0.19876359403133392,0.06379326432943344,,False,False,False,True,0.2511074000003646,"decision=abstained; expansive regime but bound below danger threshold (cannot certify); L_used=1.0310(clean=1.0158,rw=1.0310); bound=0.03483"
quadratic,"synthetic_quadratic(n=20,kappa=30)",2,severe_lr_increase,A_param_norm,0.0,0.0,0.18518531322479248,0.0,0.18518531322479248,0.23437704145908356,0.9675938487052917,0.23437704145908356,True,False,False,True,False,1.9999970390927047e-07,threshold_theta=0.06789
quadratic,"synthetic_quadratic(n=20,kappa=30)",2,severe_lr_increase,B_optimizer_norm,0.0,0.0,0.18518531322479248,0.0,0.18518531322479248,0.23437704145908356,0.9675938487052917,0.23437704145908356,True,False,False,True,False,1e-06,threshold_M=0.3275
quadratic,"synthetic_quadratic(n=20,kappa=30)",2,severe_lr_increase,C_raw_product,0.0,0.0,0.18518531322479248,0.0,0.18518531322479248,0.23437704145908356,0.9675938487052917,0.23437704145908356,False,False,False,False,False,0.13484520000019984,bound_raw=0 L_pred=1.0158 regime=expansive danger=0.06789
quadratic,"synthetic_quadratic(n=20,kappa=30)",2,severe_lr_increase,D_block_normalized,0.0,0.0,0.18518531322479248,0.0,0.18518531322479248,0.23437704145908356,0.9675938487052917,0.23437704145908356,False,False,False,False,False,0.13484520000019984,bound_block=0 L_pred=1.0158
quadratic,"synthetic_quadratic(n=20,kappa=30)",2,severe_lr_increase,E_loss_probe,0.0,0.0,0.18518531322479248,0.0,0.18518531322479248,0.23437704145908356,0.9675938487052917,0.23437704145908356,False,False,False,False,False,0.001942800000506395,probe_steps=5 loss_thr=0.05
quadratic,"synthetic_quadratic(n=20,kappa=30)",2,severe_lr_increase,F_repaired_analyzer,0.0,0.0,0.18518531322479248,0.0,0.18518531322479248,0.23437704145908356,0.9675938487052917,0.23437704145908356,False,False,False,False,False,0.2504653000005419,"decision=flagged_dangerous; expansive regime, bound reaches danger threshold; L_used=1.2353(clean=1.0158,rw=1.2353); bound=867.8"
quadratic,"synthetic_quadratic(n=20,kappa=30)",2,optimizer_state_from_older_checkpoint,A_param_norm,0.0,6.8370585441589355,0.0,0.006906799040734768,0.07583688199520111,0.2747625857591629,0.36862844228744507,0.6290337145328522,True,False,False,True,False,4.000003173132427e-07,threshold_theta=0.06789
quadratic,"synthetic_quadratic(n=20,kappa=30)",2,optimizer_state_from_older_checkpoint,B_optimizer_norm,0.0,6.8370585441589355,0.0,0.006906799040734768,0.07583688199520111,0.2747625857591629,0.36862844228744507,0.6290337145328522,False,False,False,False,False,1e-06,threshold_M=0.3275
quadratic,"synthetic_quadratic(n=20,kappa=30)",2,optimizer_state_from_older_checkpoint,C_raw_product,0.0,6.8370585441589355,0.0,0.006906799040734768,0.07583688199520111,0.2747625857591629,0.36862844228744507,0.6290337145328522,False,False,False,False,False,0.13484520000019984,bound_raw=12.79 L_pred=1.0158 regime=expansive danger=0.06789
quadratic,"synthetic_quadratic(n=20,kappa=30)",2,optimizer_state_from_older_checkpoint,D_block_normalized,0.0,6.8370585441589355,0.0,0.006906799040734768,0.07583688199520111,0.2747625857591629,0.36862844228744507,0.6290337145328522,False,False,False,False,False,0.13484520000019984,bound_block=6.482 L_pred=1.0158
quadratic,"synthetic_quadratic(n=20,kappa=30)",2,optimizer_state_from_older_checkpoint,E_loss_probe,0.0,6.8370585441589355,0.0,0.006906799040734768,0.07583688199520111,0.2747625857591629,0.36862844228744507,0.6290337145328522,False,False,False,False,False,0.0020436000004337984,probe_steps=5 loss_thr=0.05
quadratic,"synthetic_quadratic(n=20,kappa=30)",2,optimizer_state_from_older_checkpoint,F_repaired_analyzer,0.0,6.8370585441589355,0.0,0.006906799040734768,0.07583688199520111,0.2747625857591629,0.36862844228744507,0.6290337145328522,False,False,False,False,False,0.25164940000013303,"decision=flagged_dangerous; expansive regime, bound reaches danger threshold; L_used=1.0279(clean=1.0158,rw=1.0279); bound=0.2276"
quadratic,"synthetic_quadratic(n=20,kappa=30)",2,params_current_optimizer_older,A_param_norm,0.0,6.8370585441589355,0.0,0.0,0.11641296744346619,0.5916570574045181,0.4911620318889618,1.0740337371826172,True,False,False,True,False,2.999995558639057e-07,threshold_theta=0.06789
quadratic,"synthetic_quadratic(n=20,kappa=30)",2,params_current_optimizer_older,B_optimizer_norm,0.0,6.8370585441589355,0.0,0.0,0.11641296744346619,0.5916570574045181,0.4911620318889618,1.0740337371826172,False,False,False,False,False,1e-06,threshold_M=0.3275
quadratic,"synthetic_quadratic(n=20,kappa=30)",2,params_current_optimizer_older,C_raw_product,0.0,6.8370585441589355,0.0,0.0,0.11641296744346619,0.5916570574045181,0.4911620318889618,1.0740337371826172,False,False,False,False,False,0.13484520000019984,bound_raw=12.79 L_pred=1.0158 regime=expansive danger=0.06789
quadratic,"synthetic_quadratic(n=20,kappa=30)",2,params_current_optimizer_older,D_block_normalized,0.0,6.8370585441589355,0.0,0.0,0.11641296744346619,0.5916570574045181,0.4911620318889618,1.0740337371826172,False,False,False,False,False,0.13484520000019984,bound_block=6.482 L_pred=1.0158
quadratic,"synthetic_quadratic(n=20,kappa=30)",2,params_current_optimizer_older,E_loss_probe,0.0,6.8370585441589355,0.0,0.0,0.11641296744346619,0.5916570574045181,0.4911620318889618,1.0740337371826172,False,False,False,False,False,0.0026857000002564746,probe_steps=5 loss_thr=0.05
quadratic,"synthetic_quadratic(n=20,kappa=30)",2,params_current_optimizer_older,F_repaired_analyzer,0.0,6.8370585441589355,0.0,0.0,0.11641296744346619,0.5916570574045181,0.4911620318889618,1.0740337371826172,False,False,False,False,False,0.25832249999984924,"decision=flagged_dangerous; expansive regime, bound reaches danger threshold; L_used=1.0196(clean=1.0158,rw=1.0196); bound=0.2531"
mnist_mlp,real MNIST train split,0,exact_restore,A_param_norm,0.0,0.0,0.0,0.0,0.0,0.0,0.0,0.0,True,True,False,False,False,1.9999970390927047e-07,threshold_theta=0.7196
mnist_mlp,real MNIST train split,0,exact_restore,B_optimizer_norm,0.0,0.0,0.0,0.0,0.0,0.0,0.0,0.0,True,True,False,False,False,1e-06,threshold_M=0.05949
mnist_mlp,real MNIST train split,0,exact_restore,C_raw_product,0.0,0.0,0.0,0.0,0.0,0.0,0.0,0.0,False,True,True,False,False,0.16783520000080898,bound_raw=0 L_pred=1.5405 regime=expansive danger=0.7196
mnist_mlp,real MNIST train split,0,exact_restore,D_block_normalized,0.0,0.0,0.0,0.0,0.0,0.0,0.0,0.0,False,True,True,False,False,0.16783520000080898,bound_block=0 L_pred=1.5405
mnist_mlp,real MNIST train split,0,exact_restore,E_loss_probe,0.0,0.0,0.0,0.0,0.0,0.0,0.0,0.0,True,True,False,False,False,0.03477089999978489,probe_steps=5 loss_thr=0.1
mnist_mlp,real MNIST train split,0,exact_restore,F_repaired_analyzer,0.0,0.0,0.0,0.0,0.0,0.0,0.0,0.0,True,True,False,False,False,0.3490919000005306,"decision=certified_safe; zero displacement (no-op): bound is identically zero; L_used=1.5405(clean=1.5405,rw=1.5403); bound=0"
mnist_mlp,real MNIST train split,0,noop_restore,A_param_norm,0.0,0.0,0.0,0.0,0.0,0.0,0.0,0.0,True,True,False,False,False,3.0000046535860747e-07,threshold_theta=0.7196
mnist_mlp,real MNIST train split,0,noop_restore,B_optimizer_norm,0.0,0.0,0.0,0.0,0.0,0.0,0.0,0.0,True,True,False,False,False,1e-06,threshold_M=0.05949
mnist_mlp,real MNIST train split,0,noop_restore,C_raw_product,0.0,0.0,0.0,0.0,0.0,0.0,0.0,0.0,False,True,True,False,False,0.16783520000080898,bound_raw=0 L_pred=1.5405 regime=expansive danger=0.7196
mnist_mlp,real MNIST train split,0,noop_restore,D_block_normalized,0.0,0.0,0.0,0.0,0.0,0.0,0.0,0.0,False,True,True,False,False,0.16783520000080898,bound_block=0 L_pred=1.5405
mnist_mlp,real MNIST train split,0,noop_restore,E_loss_probe,0.0,0.0,0.0,0.0,0.0,0.0,0.0,0.0,True,True,False,False,False,0.03467999999975291,probe_steps=5 loss_thr=0.1
mnist_mlp,real MNIST train split,0,noop_restore,F_repaired_analyzer,0.0,0.0,0.0,0.0,0.0,0.0,0.0,0.0,True,True,False,False,False,0.3506263000008403,"decision=certified_safe; zero displacement (no-op): bound is identically zero; L_used=1.5405(clean=1.5405,rw=1.5402); bound=0"
mnist_mlp,real MNIST train split,0,stale_adam_moments,A_param_norm,0.0,0.5523527264595032,0.0,0.0,0.10181882232427597,0.037890613079071045,0.5536357164382935,0.037890613079071045,True,True,False,False,False,4.000003173132427e-07,threshold_theta=0.7196
mnist_mlp,real MNIST train split,0,stale_adam_moments,B_optimizer_norm,0.0,0.5523527264595032,0.0,0.0,0.10181882232427597,0.037890613079071045,0.5536357164382935,0.037890613079071045,False,True,True,False,False,1e-06,threshold_M=0.05949
mnist_mlp,real MNIST train split,0,stale_adam_moments,C_raw_product,0.0,0.5523527264595032,0.0,0.0,0.10181882232427597,0.037890613079071045,0.5536357164382935,0.037890613079071045,False,True,True,False,False,0.16783520000080898,bound_raw=2.355e+05 L_pred=1.5405 regime=expansive danger=0.7196
mnist_mlp,real MNIST train split,0,stale_adam_moments,D_block_normalized,0.0,0.5523527264595032,0.0,0.0,0.10181882232427597,0.037890613079071045,0.5536357164382935,0.037890613079071045,False,True,True,False,False,0.16783520000080898,bound_block=3.306e+06 L_pred=1.5405
mnist_mlp,real MNIST train split,0,stale_adam_moments,E_loss_probe,0.0,0.5523527264595032,0.0,0.0,0.10181882232427597,0.037890613079071045,0.5536357164382935,0.037890613079071045,True,True,False,False,False,0.034950600000229315,probe_steps=5 loss_thr=0.1
mnist_mlp,real MNIST train split,0,stale_adam_moments,F_repaired_analyzer,0.0,0.5523527264595032,0.0,0.0,0.10181882232427597,0.037890613079071045,0.5536357164382935,0.037890613079071045,False,True,True,False,False,0.34337330000016664,"decision=flagged_dangerous; expansive regime, bound reaches danger threshold; L_used=1.5885(clean=1.5405,rw=1.5885); bound=1.09e+05"
mnist_mlp,real MNIST train split,0,reset_first_moment,A_param_norm,0.0,0.594875156879425,0.0,0.0,0.07724190503358841,0.013944923877716064,0.4868798851966858,0.08555787801742554,True,True,False,False,False,2.999995558639057e-07,threshold_theta=0.7196
mnist_mlp,real MNIST train split,0,reset_first_moment,B_optimizer_norm,0.0,0.594875156879425,0.0,0.0,0.07724190503358841,0.013944923877716064,0.4868798851966858,0.08555787801742554,False,True,True,False,False,1e-06,threshold_M=0.05949
mnist_mlp,real MNIST train split,0,reset_first_moment,C_raw_product,0.0,0.594875156879425,0.0,0.0,0.07724190503358841,0.013944923877716064,0.4868798851966858,0.08555787801742554,False,True,True,False,False,0.16783520000080898,bound_raw=2.536e+05 L_pred=1.5405 regime=expansive danger=0.7196
mnist_mlp,real MNIST train split,0,reset_first_moment,D_block_normalized,0.0,0.594875156879425,0.0,0.0,0.07724190503358841,0.013944923877716064,0.4868798851966858,0.08555787801742554,False,True,True,False,False,0.16783520000080898,bound_block=3.067e+06 L_pred=1.5405
mnist_mlp,real MNIST train split,0,reset_first_moment,E_loss_probe,0.0,0.594875156879425,0.0,0.0,0.07724190503358841,0.013944923877716064,0.4868798851966858,0.08555787801742554,True,True,False,False,False,0.03399950000039098,probe_steps=5 loss_thr=0.1
mnist_mlp,real MNIST train split,0,reset_first_moment,F_repaired_analyzer,0.0,0.594875156879425,0.0,0.0,0.07724190503358841,0.013944923877716064,0.4868798851966858,0.08555787801742554,False,True,True,False,False,0.34945240000070044,"decision=flagged_dangerous; expansive regime, bound reaches danger threshold; L_used=1.5405(clean=1.5405,rw=1.5380); bound=3.293e+04"
mnist_mlp,real MNIST train split,0,reset_second_moment,A_param_norm,0.0,0.0025042498018592596,0.0,0.0,1.4085023403167725,46.16862195730209,2428.059326171875,53.61759269237518,True,False,False,True,False,2.999995558639057e-07,threshold_theta=0.7196
mnist_mlp,real MNIST train split,0,reset_second_moment,B_optimizer_norm,0.0,0.0025042498018592596,0.0,0.0,1.4085023403167725,46.16862195730209,2428.059326171875,53.61759269237518,True,False,False,True,False,1e-06,threshold_M=0.05949
mnist_mlp,real MNIST train split,0,reset_second_moment,C_raw_product,0.0,0.0025042498018592596,0.0,0.0,1.4085023403167725,46.16862195730209,2428.059326171875,53.61759269237518,False,False,False,False,False,0.16783520000080898,bound_raw=1067 L_pred=1.5405 regime=expansive danger=0.7196
mnist_mlp,real MNIST train split,0,reset_second_moment,D_block_normalized,0.0,0.0025042498018592596,0.0,0.0,1.4085023403167725,46.16862195730209,2428.059326171875,53.61759269237518,False,False,False,False,False,0.16783520000080898,bound_block=3.067e+06 L_pred=1.5405
mnist_mlp,real MNIST train split,0,reset_second_moment,E_loss_probe,0.0,0.0025042498018592596,0.0,0.0,1.4085023403167725,46.16862195730209,2428.059326171875,53.61759269237518,False,False,False,False,False,0.034014200000456185,probe_steps=5 loss_thr=0.1
mnist_mlp,real MNIST train split,0,reset_second_moment,F_repaired_analyzer,0.0,0.0025042498018592596,0.0,0.0,1.4085023403167725,46.16862195730209,2428.059326171875,53.61759269237518,False,False,False,False,False,0.34346740000091813,"decision=flagged_dangerous; expansive regime, bound reaches danger threshold; L_used=6.8941(clean=1.5405,rw=6.8941); bound=2.009e+25"
mnist_mlp,real MNIST train split,0,scheduler_mismatch,A_param_norm,0.0,0.0,0.038620948791503906,0.0,0.038620948791503906,0.015827953815460205,0.7869607210159302,0.07153269648551941,True,False,False,True,False,3.0000046535860747e-07,threshold_theta=0.7196
mnist_mlp,real MNIST train split,0,scheduler_mismatch,B_optimizer_norm,0.0,0.0,0.038620948791503906,0.0,0.038620948791503906,0.015827953815460205,0.7869607210159302,0.07153269648551941,True,False,False,True,False,1e-06,threshold_M=0.05949
mnist_mlp,real MNIST train split,0,scheduler_mismatch,C_raw_product,0.0,0.0,0.038620948791503906,0.0,0.038620948791503906,0.015827953815460205,0.7869607210159302,0.07153269648551941,False,False,False,False,False,0.16783520000080898,bound_raw=0 L_pred=1.5405 regime=expansive danger=0.7196
mnist_mlp,real MNIST train split,0,scheduler_mismatch,D_block_normalized,0.0,0.0,0.038620948791503906,0.0,0.038620948791503906,0.015827953815460205,0.7869607210159302,0.07153269648551941,False,False,False,False,False,0.16783520000080898,bound_block=0 L_pred=1.5405
mnist_mlp,real MNIST train split,0,scheduler_mismatch,E_loss_probe,0.0,0.0,0.038620948791503906,0.0,0.038620948791503906,0.015827953815460205,0.7869607210159302,0.07153269648551941,True,False,False,True,False,0.03153350000047794,probe_steps=5 loss_thr=0.1
mnist_mlp,real MNIST train split,0,scheduler_mismatch,F_repaired_analyzer,0.0,0.0,0.038620948791503906,0.0,0.038620948791503906,0.015827953815460205,0.7869607210159302,0.07153269648551941,False,False,False,False,False,0.3413507000004756,"decision=flagged_dangerous; expansive regime, bound reaches danger threshold; L_used=1.6443(clean=1.5405,rw=1.6443); bound=1.165e+05"
mnist_mlp,real MNIST train split,0,ema_shadow_present_not_loaded,A_param_norm,0.0,0.0,0.0,0.0,0.0,0.0,0.0,0.0,True,True,False,False,False,3.9999940781854093e-07,threshold_theta=0.7196
mnist_mlp,real MNIST train split,0,ema_shadow_present_not_loaded,B_optimizer_norm,0.0,0.0,0.0,0.0,0.0,0.0,0.0,0.0,True,True,False,False,False,1e-06,threshold_M=0.05949
mnist_mlp,real MNIST train split,0,ema_shadow_present_not_loaded,C_raw_product,0.0,0.0,0.0,0.0,0.0,0.0,0.0,0.0,False,True,True,False,False,0.16783520000080898,bound_raw=0 L_pred=1.5405 regime=expansive danger=0.7196
mnist_mlp,real MNIST train split,0,ema_shadow_present_not_loaded,D_block_normalized,0.0,0.0,0.0,0.0,0.0,0.0,0.0,0.0,False,True,True,False,False,0.16783520000080898,bound_block=0 L_pred=1.5405
mnist_mlp,real MNIST train split,0,ema_shadow_present_not_loaded,E_loss_probe,0.0,0.0,0.0,0.0,0.0,0.0,0.0,0.0,True,True,False,False,False,0.03221959999973478,probe_steps=5 loss_thr=0.1
mnist_mlp,real MNIST train split,0,ema_shadow_present_not_loaded,F_repaired_analyzer,0.0,0.0,0.0,0.0,0.0,0.0,0.0,0.0,True,True,False,False,False,0.35036530000070343,"decision=certified_safe; zero displacement (no-op): bound is identically zero; L_used=1.5405(clean=1.5405,rw=1.5403); bound=0"
mnist_mlp,real MNIST train split,0,ema_loaded_as_parameters,A_param_norm,3.0628538131713867,0.0,0.0,0.0,3.0628538131713867,1.3379699885845184,3.0628538131713867,1.3379699885845184,False,False,False,False,False,3.9999940781854093e-07,threshold_theta=0.7196
mnist_mlp,real MNIST train split,0,ema_loaded_as_parameters,B_optimizer_norm,3.0628538131713867,0.0,0.0,0.0,3.0628538131713867,1.3379699885845184,3.0628538131713867,1.3379699885845184,True,False,False,True,False,1e-06,threshold_M=0.05949
mnist_mlp,real MNIST train split,0,ema_loaded_as_parameters,C_raw_product,3.0628538131713867,0.0,0.0,0.0,3.0628538131713867,1.3379699885845184,3.0628538131713867,1.3379699885845184,False,False,False,False,False,0.16783520000080898,bound_raw=1.306e+06 L_pred=1.5405 regime=expansive danger=0.7196
mnist_mlp,real MNIST train split,0,ema_loaded_as_parameters,D_block_normalized,3.0628538131713867,0.0,0.0,0.0,3.0628538131713867,1.3379699885845184,3.0628538131713867,1.3379699885845184,False,False,False,False,False,0.16783520000080898,bound_block=1.306e+06 L_pred=1.5405
mnist_mlp,real MNIST train split,0,ema_loaded_as_parameters,E_loss_probe,3.0628538131713867,0.0,0.0,0.0,3.0628538131713867,1.3379699885845184,3.0628538131713867,1.3379699885845184,False,False,False,False,False,0.035377400000470516,probe_steps=5 loss_thr=0.1
mnist_mlp,real MNIST train split,0,ema_loaded_as_parameters,F_repaired_analyzer,3.0628538131713867,0.0,0.0,0.0,3.0628538131713867,1.3379699885845184,3.0628538131713867,1.3379699885845184,False,False,False,False,False,0.3492593000009947,"decision=flagged_dangerous; expansive regime, bound reaches danger threshold; L_used=1.5464(clean=1.5405,rw=1.5464); bound=1.466e+06"
mnist_mlp,real MNIST train split,0,mild_lr_decrease,A_param_norm,0.0,0.0,0.038620952516794205,0.0,0.038620952516794205,0.022370338439941406,0.8143637180328369,0.13801932334899902,True,False,False,True,False,2.999995558639057e-07,threshold_theta=0.7196
mnist_mlp,real MNIST train split,0,mild_lr_decrease,B_optimizer_norm,0.0,0.0,0.038620952516794205,0.0,0.038620952516794205,0.022370338439941406,0.8143637180328369,0.13801932334899902,True,False,False,True,False,1e-06,threshold_M=0.05949
mnist_mlp,real MNIST train split,0,mild_lr_decrease,C_raw_product,0.0,0.0,0.038620952516794205,0.0,0.038620952516794205,0.022370338439941406,0.8143637180328369,0.13801932334899902,False,False,False,False,False,0.16783520000080898,bound_raw=0 L_pred=1.5405 regime=expansive danger=0.7196
mnist_mlp,real MNIST train split,0,mild_lr_decrease,D_block_normalized,0.0,0.0,0.038620952516794205,0.0,0.038620952516794205,0.022370338439941406,0.8143637180328369,0.13801932334899902,False,False,False,False,False,0.16783520000080898,bound_block=0 L_pred=1.5405
mnist_mlp,real MNIST train split,0,mild_lr_decrease,E_loss_probe,0.0,0.0,0.038620952516794205,0.0,0.038620952516794205,0.022370338439941406,0.8143637180328369,0.13801932334899902,True,False,False,True,False,0.03495389999989129,probe_steps=5 loss_thr=0.1
mnist_mlp,real MNIST train split,0,mild_lr_decrease,F_repaired_analyzer,0.0,0.0,0.038620952516794205,0.0,0.038620952516794205,0.022370338439941406,0.8143637180328369,0.13801932334899902,False,False,False,False,False,0.34706400000141,"decision=flagged_dangerous; expansive regime, bound reaches danger threshold; L_used=1.5405(clean=1.5405,rw=1.3754); bound=1.646e+04"
mnist_mlp,real MNIST train split,0,severe_lr_increase,A_param_norm,0.0,0.0,0.6951775550842285,0.0,0.6951775550842285,0.18866807222366333,10.215949058532715,0.24460339546203613,True,False,False,True,False,4.000003173132427e-07,threshold_theta=0.7196
mnist_mlp,real MNIST train split,0,severe_lr_increase,B_optimizer_norm,0.0,0.0,0.6951775550842285,0.0,0.6951775550842285,0.18866807222366333,10.215949058532715,0.24460339546203613,True,False,False,True,False,1e-06,threshold_M=0.05949
mnist_mlp,real MNIST train split,0,severe_lr_increase,C_raw_product,0.0,0.0,0.6951775550842285,0.0,0.6951775550842285,0.18866807222366333,10.215949058532715,0.24460339546203613,False,False,False,False,False,0.16783520000080898,bound_raw=0 L_pred=1.5405 regime=expansive danger=0.7196
mnist_mlp,real MNIST train split,0,severe_lr_increase,D_block_normalized,0.0,0.0,0.6951775550842285,0.0,0.6951775550842285,0.18866807222366333,10.215949058532715,0.24460339546203613,False,False,False,False,False,0.16783520000080898,bound_block=0 L_pred=1.5405
mnist_mlp,real MNIST train split,0,severe_lr_increase,E_loss_probe,0.0,0.0,0.6951775550842285,0.0,0.6951775550842285,0.18866807222366333,10.215949058532715,0.24460339546203613,False,False,False,False,False,0.03433320000021922,probe_steps=5 loss_thr=0.1
mnist_mlp,real MNIST train split,0,severe_lr_increase,F_repaired_analyzer,0.0,0.0,0.6951775550842285,0.0,0.6951775550842285,0.18866807222366333,10.215949058532715,0.24460339546203613,False,False,False,False,False,0.3544207000013557,"decision=flagged_dangerous; expansive regime, bound reaches danger threshold; L_used=2.3804(clean=1.5405,rw=2.3804); bound=1.385e+11"
mnist_mlp,real MNIST train split,0,optimizer_state_from_older_checkpoint,A_param_norm,0.0,0.48779040575027466,0.0,0.018813710659742355,0.10473567992448807,0.023813188076019287,0.6619843244552612,0.04071474075317383,True,True,False,False,False,4.000003173132427e-07,threshold_theta=0.7196
mnist_mlp,real MNIST train split,0,optimizer_state_from_older_checkpoint,B_optimizer_norm,0.0,0.48779040575027466,0.0,0.018813710659742355,0.10473567992448807,0.023813188076019287,0.6619843244552612,0.04071474075317383,False,True,True,False,False,1e-06,threshold_M=0.05949
mnist_mlp,real MNIST train split,0,optimizer_state_from_older_checkpoint,C_raw_product,0.0,0.48779040575027466,0.0,0.018813710659742355,0.10473567992448807,0.023813188076019287,0.6619843244552612,0.04071474075317383,False,True,True,False,False,0.16783520000080898,bound_raw=2.079e+05 L_pred=1.5405 regime=expansive danger=0.7196
mnist_mlp,real MNIST train split,0,optimizer_state_from_older_checkpoint,D_block_normalized,0.0,0.48779040575027466,0.0,0.018813710659742355,0.10473567992448807,0.023813188076019287,0.6619843244552612,0.04071474075317383,False,True,True,False,False,0.16783520000080898,bound_block=3.792e+06 L_pred=1.5405
mnist_mlp,real MNIST train split,0,optimizer_state_from_older_checkpoint,E_loss_probe,0.0,0.48779040575027466,0.0,0.018813710659742355,0.10473567992448807,0.023813188076019287,0.6619843244552612,0.04071474075317383,True,True,False,False,False,0.03551160000006348,probe_steps=5 loss_thr=0.1
mnist_mlp,real MNIST train split,0,optimizer_state_from_older_checkpoint,F_repaired_analyzer,0.0,0.48779040575027466,0.0,0.018813710659742355,0.10473567992448807,0.023813188076019287,0.6619843244552612,0.04071474075317383,False,True,True,False,False,0.3639974000006987,"decision=flagged_dangerous; expansive regime, bound reaches danger threshold; L_used=1.6118(clean=1.5405,rw=1.6118); bound=1.737e+05"
mnist_mlp,real MNIST train split,0,params_current_optimizer_older,A_param_norm,0.0,0.48779040575027466,0.0,0.0,0.13859011232852936,0.030849158763885498,0.9145557880401611,0.07247906923294067,True,False,False,True,False,1.7000002117129043e-06,threshold_theta=0.7196
mnist_mlp,real MNIST train split,0,params_current_optimizer_older,B_optimizer_norm,0.0,0.48779040575027466,0.0,0.0,0.13859011232852936,0.030849158763885498,0.9145557880401611,0.07247906923294067,False,False,False,False,False,1e-06,threshold_M=0.05949
mnist_mlp,real MNIST train split,0,params_current_optimizer_older,C_raw_product,0.0,0.48779040575027466,0.0,0.0,0.13859011232852936,0.030849158763885498,0.9145557880401611,0.07247906923294067,False,False,False,False,False,0.16783520000080898,bound_raw=2.079e+05 L_pred=1.5405 regime=expansive danger=0.7196
mnist_mlp,real MNIST train split,0,params_current_optimizer_older,D_block_normalized,0.0,0.48779040575027466,0.0,0.0,0.13859011232852936,0.030849158763885498,0.9145557880401611,0.07247906923294067,False,False,False,False,False,0.16783520000080898,bound_block=3.792e+06 L_pred=1.5405
mnist_mlp,real MNIST train split,0,params_current_optimizer_older,E_loss_probe,0.0,0.48779040575027466,0.0,0.0,0.13859011232852936,0.030849158763885498,0.9145557880401611,0.07247906923294067,True,False,False,True,False,0.03752559999975347,probe_steps=5 loss_thr=0.1
mnist_mlp,real MNIST train split,0,params_current_optimizer_older,F_repaired_analyzer,0.0,0.48779040575027466,0.0,0.0,0.13859011232852936,0.030849158763885498,0.9145557880401611,0.07247906923294067,False,False,False,False,False,0.35187020000103075,"decision=flagged_dangerous; expansive regime, bound reaches danger threshold; L_used=1.6906(clean=1.5405,rw=1.6906); bound=9.608e+05"
mnist_mlp,real MNIST train split,1,exact_restore,A_param_norm,0.0,0.0,0.0,0.0,0.0,0.0,0.0,0.0,True,True,False,False,False,3.9999940781854093e-07,threshold_theta=0.7106
mnist_mlp,real MNIST train split,1,exact_restore,B_optimizer_norm,0.0,0.0,0.0,0.0,0.0,0.0,0.0,0.0,True,True,False,False,False,1e-06,threshold_M=0.08301
mnist_mlp,real MNIST train split,1,exact_restore,C_raw_product,0.0,0.0,0.0,0.0,0.0,0.0,0.0,0.0,False,True,True,False,False,0.15823999999975058,bound_raw=0 L_pred=1.5447 regime=expansive danger=0.7106
mnist_mlp,real MNIST train split,1,exact_restore,D_block_normalized,0.0,0.0,0.0,0.0,0.0,0.0,0.0,0.0,False,True,True,False,False,0.15823999999975058,bound_block=0 L_pred=1.5447
mnist_mlp,real MNIST train split,1,exact_restore,E_loss_probe,0.0,0.0,0.0,0.0,0.0,0.0,0.0,0.0,True,True,False,False,False,0.033059899999898334,probe_steps=5 loss_thr=0.1
mnist_mlp,real MNIST train split,1,exact_restore,F_repaired_analyzer,0.0,0.0,0.0,0.0,0.0,0.0,0.0,0.0,True,True,False,False,False,0.33451359999980923,"decision=certified_safe; zero displacement (no-op): bound is identically zero; L_used=1.5447(clean=1.5447,rw=1.5446); bound=0"
mnist_mlp,real MNIST train split,1,noop_restore,A_param_norm,0.0,0.0,0.0,0.0,0.0,0.0,0.0,0.0,True,True,False,False,False,4.000003173132427e-07,threshold_theta=0.7106
mnist_mlp,real MNIST train split,1,noop_restore,B_optimizer_norm,0.0,0.0,0.0,0.0,0.0,0.0,0.0,0.0,True,True,False,False,False,1e-06,threshold_M=0.08301
mnist_mlp,real MNIST train split,1,noop_restore,C_raw_product,0.0,0.0,0.0,0.0,0.0,0.0,0.0,0.0,False,True,True,False,False,0.15823999999975058,bound_raw=0 L_pred=1.5447 regime=expansive danger=0.7106
mnist_mlp,real MNIST train split,1,noop_restore,D_block_normalized,0.0,0.0,0.0,0.0,0.0,0.0,0.0,0.0,False,True,True,False,False,0.15823999999975058,bound_block=0 L_pred=1.5447
mnist_mlp,real MNIST train split,1,noop_restore,E_loss_probe,0.0,0.0,0.0,0.0,0.0,0.0,0.0,0.0,True,True,False,False,False,0.04745610000009037,probe_steps=5 loss_thr=0.1
mnist_mlp,real MNIST train split,1,noop_restore,F_repaired_analyzer,0.0,0.0,0.0,0.0,0.0,0.0,0.0,0.0,True,True,False,False,False,0.3661776999997528,"decision=certified_safe; zero displacement (no-op): bound is identically zero; L_used=1.5453(clean=1.5447,rw=1.5453); bound=0"
mnist_mlp,real MNIST train split,1,stale_adam_moments,A_param_norm,0.0,0.5152265429496765,0.0,0.0,0.0845017209649086,0.011101245880126953,0.4991459548473358,0.041918396949768066,True,True,False,False,False,3.0000046535860747e-07,threshold_theta=0.7106
mnist_mlp,real MNIST train split,1,stale_adam_moments,B_optimizer_norm,0.0,0.5152265429496765,0.0,0.0,0.0845017209649086,0.011101245880126953,0.4991459548473358,0.041918396949768066,False,True,True,False,False,1e-06,threshold_M=0.08301
mnist_mlp,real MNIST train split,1,stale_adam_moments,C_raw_product,0.0,0.5152265429496765,0.0,0.0,0.0845017209649086,0.011101245880126953,0.4991459548473358,0.041918396949768066,False,True,True,False,False,0.15823999999975058,bound_raw=2.384e+05 L_pred=1.5447 regime=expansive danger=0.7106
mnist_mlp,real MNIST train split,1,stale_adam_moments,D_block_normalized,0.0,0.5152265429496765,0.0,0.0,0.0845017209649086,0.011101245880126953,0.4991459548473358,0.041918396949768066,False,True,True,False,False,0.15823999999975058,bound_block=2.737e+06 L_pred=1.5447
mnist_mlp,real MNIST train split,1,stale_adam_moments,E_loss_probe,0.0,0.5152265429496765,0.0,0.0,0.0845017209649086,0.011101245880126953,0.4991459548473358,0.041918396949768066,True,True,False,False,False,0.040625599999657425,probe_steps=5 loss_thr=0.1
mnist_mlp,real MNIST train split,1,stale_adam_moments,F_repaired_analyzer,0.0,0.5152265429496765,0.0,0.0,0.0845017209649086,0.011101245880126953,0.4991459548473358,0.041918396949768066,False,True,True,False,False,0.3728064999995695,"decision=flagged_dangerous; expansive regime, bound reaches danger threshold; L_used=1.6034(clean=1.5447,rw=1.6034); bound=1.197e+05"
mnist_mlp,real MNIST train split,1,reset_first_moment,A_param_norm,0.0,0.830117404460907,0.0,0.0,0.09065454453229904,0.04025787115097046,0.5413466691970825,0.11557364463806152,True,False,False,True,False,3.0000046535860747e-07,threshold_theta=0.7106
mnist_mlp,real MNIST train split,1,reset_first_moment,B_optimizer_norm,0.0,0.830117404460907,0.0,0.0,0.09065454453229904,0.04025787115097046,0.5413466691970825,0.11557364463806152,False,False,False,False,False,1e-06,threshold_M=0.08301
mnist_mlp,real MNIST train split,1,reset_first_moment,C_raw_product,0.0,0.830117404460907,0.0,0.0,0.09065454453229904,0.04025787115097046,0.5413466691970825,0.11557364463806152,False,False,False,False,False,0.15823999999975058,bound_raw=3.84e+05 L_pred=1.5447 regime=expansive danger=0.7106
mnist_mlp,real MNIST train split,1,reset_first_moment,D_block_normalized,0.0,0.830117404460907,0.0,0.0,0.09065454453229904,0.04025787115097046,0.5413466691970825,0.11557364463806152,False,False,False,False,False,0.15823999999975058,bound_block=3.288e+06 L_pred=1.5447
mnist_mlp,real MNIST train split,1,reset_first_moment,E_loss_probe,0.0,0.830117404460907,0.0,0.0,0.09065454453229904,0.04025787115097046,0.5413466691970825,0.11557364463806152,True,False,False,True,False,0.03517290000036155,probe_steps=5 loss_thr=0.1
mnist_mlp,real MNIST train split,1,reset_first_moment,F_repaired_analyzer,0.0,0.830117404460907,0.0,0.0,0.09065454453229904,0.04025787115097046,0.5413466691970825,0.11557364463806152,False,False,False,False,False,0.3327071000003343,"decision=flagged_dangerous; expansive regime, bound reaches danger threshold; L_used=1.5447(clean=1.5447,rw=1.5447); bound=4.194e+04"
mnist_mlp,real MNIST train split,1,reset_second_moment,A_param_norm,0.0,0.0038877814076840878,0.0,0.0,1.3962013721466064,1062.4755390882492,2290.9521484375,1063.8198994994164,True,False,False,True,False,3.0000046535860747e-07,threshold_theta=0.7106
mnist_mlp,real MNIST train split,1,reset_second_moment,B_optimizer_norm,0.0,0.0038877814076840878,0.0,0.0,1.3962013721466064,1062.4755390882492,2290.9521484375,1063.8198994994164,True,False,False,True,False,1e-06,threshold_M=0.08301
mnist_mlp,real MNIST train split,1,reset_second_moment,C_raw_product,0.0,0.0038877814076840878,0.0,0.0,1.3962013721466064,1062.4755390882492,2290.9521484375,1063.8198994994164,False,False,False,False,False,0.15823999999975058,bound_raw=1799 L_pred=1.5447 regime=expansive danger=0.7106
mnist_mlp,real MNIST train split,1,reset_second_moment,D_block_normalized,0.0,0.0038877814076840878,0.0,0.0,1.3962013721466064,1062.4755390882492,2290.9521484375,1063.8198994994164,False,False,False,False,False,0.15823999999975058,bound_block=3.288e+06 L_pred=1.5447
mnist_mlp,real MNIST train split,1,reset_second_moment,E_loss_probe,0.0,0.0038877814076840878,0.0,0.0,1.3962013721466064,1062.4755390882492,2290.9521484375,1063.8198994994164,False,False,False,False,False,0.03253839999979391,probe_steps=5 loss_thr=0.1
mnist_mlp,real MNIST train split,1,reset_second_moment,F_repaired_analyzer,0.0,0.0038877814076840878,0.0,0.0,1.3962013721466064,1062.4755390882492,2290.9521484375,1063.8198994994164,False,False,False,False,False,0.3320048000005045,"decision=flagged_dangerous; expansive regime, bound reaches danger threshold; L_used=6.7743(clean=1.5447,rw=6.7743); bound=1.177e+25"
mnist_mlp,real MNIST train split,1,scheduler_mismatch,A_param_norm,0.0,0.0,0.04532726854085922,0.0,0.04532726854085922,0.023053348064422607,0.8397902846336365,0.08852529525756836,True,False,False,True,False,3.0000046535860747e-07,threshold_theta=0.7106
mnist_mlp,real MNIST train split,1,scheduler_mismatch,B_optimizer_norm,0.0,0.0,0.04532726854085922,0.0,0.04532726854085922,0.023053348064422607,0.8397902846336365,0.08852529525756836,True,False,False,True,False,1e-06,threshold_M=0.08301
mnist_mlp,real MNIST train split,1,scheduler_mismatch,C_raw_product,0.0,0.0,0.04532726854085922,0.0,0.04532726854085922,0.023053348064422607,0.8397902846336365,0.08852529525756836,False,False,False,False,False,0.15823999999975058,bound_raw=0 L_pred=1.5447 regime=expansive danger=0.7106
mnist_mlp,real MNIST train split,1,scheduler_mismatch,D_block_normalized,0.0,0.0,0.04532726854085922,0.0,0.04532726854085922,0.023053348064422607,0.8397902846336365,0.08852529525756836,False,False,False,False,False,0.15823999999975058,bound_block=0 L_pred=1.5447
mnist_mlp,real MNIST train split,1,scheduler_mismatch,E_loss_probe,0.0,0.0,0.04532726854085922,0.0,0.04532726854085922,0.023053348064422607,0.8397902846336365,0.08852529525756836,True,False,False,True,False,0.03424350000022969,probe_steps=5 loss_thr=0.1
mnist_mlp,real MNIST train split,1,scheduler_mismatch,F_repaired_analyzer,0.0,0.0,0.04532726854085922,0.0,0.04532726854085922,0.023053348064422607,0.8397902846336365,0.08852529525756836,False,False,False,False,False,0.3401172999992923,"decision=flagged_dangerous; expansive regime, bound reaches danger threshold; L_used=1.6561(clean=1.5447,rw=1.6561); bound=1.695e+05"
mnist_mlp,real MNIST train split,1,ema_shadow_present_not_loaded,A_param_norm,0.0,0.0,0.0,0.0,0.0,0.0,0.0,0.0,True,True,False,False,False,5.000001692678779e-07,threshold_theta=0.7106
mnist_mlp,real MNIST train split,1,ema_shadow_present_not_loaded,B_optimizer_norm,0.0,0.0,0.0,0.0,0.0,0.0,0.0,0.0,True,True,False,False,False,1e-06,threshold_M=0.08301
mnist_mlp,real MNIST train split,1,ema_shadow_present_not_loaded,C_raw_product,0.0,0.0,0.0,0.0,0.0,0.0,0.0,0.0,False,True,True,False,False,0.15823999999975058,bound_raw=0 L_pred=1.5447 regime=expansive danger=0.7106
mnist_mlp,real MNIST train split,1,ema_shadow_present_not_loaded,D_block_normalized,0.0,0.0,0.0,0.0,0.0,0.0,0.0,0.0,False,True,True,False,False,0.15823999999975058,bound_block=0 L_pred=1.5447
mnist_mlp,real MNIST train split,1,ema_shadow_present_not_loaded,E_loss_probe,0.0,0.0,0.0,0.0,0.0,0.0,0.0,0.0,True,True,False,False,False,0.0345924000002924,probe_steps=5 loss_thr=0.1
mnist_mlp,real MNIST train split,1,ema_shadow_present_not_loaded,F_repaired_analyzer,0.0,0.0,0.0,0.0,0.0,0.0,0.0,0.0,True,True,False,False,False,0.33181129999957193,"decision=certified_safe; zero displacement (no-op): bound is identically zero; L_used=1.5447(clean=1.5447,rw=1.5443); bound=0"
mnist_mlp,real MNIST train split,1,ema_loaded_as_parameters,A_param_norm,2.9627602100372314,0.0,0.0,0.0,2.9627602100372314,1.3019917607307434,2.9627602100372314,1.3019917607307434,False,False,False,False,False,4.999992597731762e-07,threshold_theta=0.7106
mnist_mlp,real MNIST train split,1,ema_loaded_as_parameters,B_optimizer_norm,2.9627602100372314,0.0,0.0,0.0,2.9627602100372314,1.3019917607307434,2.9627602100372314,1.3019917607307434,True,False,False,True,False,1e-06,threshold_M=0.08301
mnist_mlp,real MNIST train split,1,ema_loaded_as_parameters,C_raw_product,2.9627602100372314,0.0,0.0,0.0,2.9627602100372314,1.3019917607307434,2.9627602100372314,1.3019917607307434,False,False,False,False,False,0.15823999999975058,bound_raw=1.371e+06 L_pred=1.5447 regime=expansive danger=0.7106
mnist_mlp,real MNIST train split,1,ema_loaded_as_parameters,D_block_normalized,2.9627602100372314,0.0,0.0,0.0,2.9627602100372314,1.3019917607307434,2.9627602100372314,1.3019917607307434,False,False,False,False,False,0.15823999999975058,bound_block=1.371e+06 L_pred=1.5447
mnist_mlp,real MNIST train split,1,ema_loaded_as_parameters,E_loss_probe,2.9627602100372314,0.0,0.0,0.0,2.9627602100372314,1.3019917607307434,2.9627602100372314,1.3019917607307434,False,False,False,False,False,0.03637960000014573,probe_steps=5 loss_thr=0.1
mnist_mlp,real MNIST train split,1,ema_loaded_as_parameters,F_repaired_analyzer,2.9627602100372314,0.0,0.0,0.0,2.9627602100372314,1.3019917607307434,2.9627602100372314,1.3019917607307434,False,False,False,False,False,0.3384080999994694,"decision=flagged_dangerous; expansive regime, bound reaches danger threshold; L_used=1.5779(clean=1.5447,rw=1.5779); bound=2.596e+06"
mnist_mlp,real MNIST train split,1,mild_lr_decrease,A_param_norm,0.0,0.0,0.04532727226614952,0.0,0.04532727226614952,0.02813929319381714,0.9257606267929077,0.14115571975708008,True,False,False,True,False,4.000003173132427e-07,threshold_theta=0.7106
mnist_mlp,real MNIST train split,1,mild_lr_decrease,B_optimizer_norm,0.0,0.0,0.04532727226614952,0.0,0.04532727226614952,0.02813929319381714,0.9257606267929077,0.14115571975708008,True,False,False,True,False,1e-06,threshold_M=0.08301
mnist_mlp,real MNIST train split,1,mild_lr_decrease,C_raw_product,0.0,0.0,0.04532727226614952,0.0,0.04532727226614952,0.02813929319381714,0.9257606267929077,0.14115571975708008,False,False,False,False,False,0.15823999999975058,bound_raw=0 L_pred=1.5447 regime=expansive danger=0.7106
mnist_mlp,real MNIST train split,1,mild_lr_decrease,D_block_normalized,0.0,0.0,0.04532727226614952,0.0,0.04532727226614952,0.02813929319381714,0.9257606267929077,0.14115571975708008,False,False,False,False,False,0.15823999999975058,bound_block=0 L_pred=1.5447
mnist_mlp,real MNIST train split,1,mild_lr_decrease,E_loss_probe,0.0,0.0,0.04532727226614952,0.0,0.04532727226614952,0.02813929319381714,0.9257606267929077,0.14115571975708008,True,False,False,True,False,0.034795999999914784,probe_steps=5 loss_thr=0.1
mnist_mlp,real MNIST train split,1,mild_lr_decrease,F_repaired_analyzer,0.0,0.0,0.04532727226614952,0.0,0.04532727226614952,0.02813929319381714,0.9257606267929077,0.14115571975708008,False,False,False,False,False,0.4246407000000545,"decision=flagged_dangerous; expansive regime, bound reaches danger threshold; L_used=1.5447(clean=1.5447,rw=1.3744); bound=2.097e+04"
mnist_mlp,real MNIST train split,1,severe_lr_increase,A_param_norm,0.0,0.0,0.8158888220787048,0.0,0.8158888220787048,0.1523529589176178,10.763010025024414,0.3954833745956421,True,False,False,True,False,7.999997251317836e-07,threshold_theta=0.7106
mnist_mlp,real MNIST train split,1,severe_lr_increase,B_optimizer_norm,0.0,0.0,0.8158888220787048,0.0,0.8158888220787048,0.1523529589176178,10.763010025024414,0.3954833745956421,True,False,False,True,False,1e-06,threshold_M=0.08301
mnist_mlp,real MNIST train split,1,severe_lr_increase,C_raw_product,0.0,0.0,0.8158888220787048,0.0,0.8158888220787048,0.1523529589176178,10.763010025024414,0.3954833745956421,False,False,False,False,False,0.15823999999975058,bound_raw=0 L_pred=1.5447 regime=expansive danger=0.7106
mnist_mlp,real MNIST train split,1,severe_lr_increase,D_block_normalized,0.0,0.0,0.8158888220787048,0.0,0.8158888220787048,0.1523529589176178,10.763010025024414,0.3954833745956421,False,False,False,False,False,0.15823999999975058,bound_block=0 L_pred=1.5447
mnist_mlp,real MNIST train split,1,severe_lr_increase,E_loss_probe,0.0,0.0,0.8158888220787048,0.0,0.8158888220787048,0.1523529589176178,10.763010025024414,0.3954833745956421,False,False,False,False,False,0.03806129999975383,probe_steps=5 loss_thr=0.1
mnist_mlp,real MNIST train split,1,severe_lr_increase,F_repaired_analyzer,0.0,0.0,0.8158888220787048,0.0,0.8158888220787048,0.1523529589176178,10.763010025024414,0.3954833745956421,False,False,False,False,False,0.36306619999959366,"decision=flagged_dangerous; expansive regime, bound reaches danger threshold; L_used=2.3892(clean=1.5447,rw=2.3892); bound=1.817e+11"
mnist_mlp,real MNIST train split,1,optimizer_state_from_older_checkpoint,A_param_norm,0.0,0.6646463871002197,0.0,0.022080568596720695,0.09775813668966293,0.010981917381286621,0.612322986125946,0.05076521635055542,True,True,False,False,False,4.000003173132427e-07,threshold_theta=0.7106
mnist_mlp,real MNIST train split,1,optimizer_state_from_older_checkpoint,B_optimizer_norm,0.0,0.6646463871002197,0.0,0.022080568596720695,0.09775813668966293,0.010981917381286621,0.612322986125946,0.05076521635055542,False,True,True,False,False,1e-06,threshold_M=0.08301
mnist_mlp,real MNIST train split,1,optimizer_state_from_older_checkpoint,C_raw_product,0.0,0.6646463871002197,0.0,0.022080568596720695,0.09775813668966293,0.010981917381286621,0.612322986125946,0.05076521635055542,False,True,True,False,False,0.15823999999975058,bound_raw=3.075e+05 L_pred=1.5447 regime=expansive danger=0.7106
mnist_mlp,real MNIST train split,1,optimizer_state_from_older_checkpoint,D_block_normalized,0.0,0.6646463871002197,0.0,0.022080568596720695,0.09775813668966293,0.010981917381286621,0.612322986125946,0.05076521635055542,False,True,True,False,False,0.15823999999975058,bound_block=4.052e+06 L_pred=1.5447
mnist_mlp,real MNIST train split,1,optimizer_state_from_older_checkpoint,E_loss_probe,0.0,0.6646463871002197,0.0,0.022080568596720695,0.09775813668966293,0.010981917381286621,0.612322986125946,0.05076521635055542,True,True,False,False,False,0.03153169999950478,probe_steps=5 loss_thr=0.1
mnist_mlp,real MNIST train split,1,optimizer_state_from_older_checkpoint,F_repaired_analyzer,0.0,0.6646463871002197,0.0,0.022080568596720695,0.09775813668966293,0.010981917381286621,0.612322986125946,0.05076521635055542,False,True,True,False,False,0.33657769999990705,"decision=flagged_dangerous; expansive regime, bound reaches danger threshold; L_used=1.6093(clean=1.5447,rw=1.6093); bound=1.547e+05"
mnist_mlp,real MNIST train split,1,params_current_optimizer_older,A_param_norm,0.0,0.6646463871002197,0.0,0.0,0.1242852658033371,0.00959157943725586,0.8476897478103638,0.056158244609832764,True,False,False,True,False,1.2000000424450263e-06,threshold_theta=0.7106
mnist_mlp,real MNIST train split,1,params_current_optimizer_older,B_optimizer_norm,0.0,0.6646463871002197,0.0,0.0,0.1242852658033371,0.00959157943725586,0.8476897478103638,0.056158244609832764,False,False,False,False,False,1e-06,threshold_M=0.08301
mnist_mlp,real MNIST train split,1,params_current_optimizer_older,C_raw_product,0.0,0.6646463871002197,0.0,0.0,0.1242852658033371,0.00959157943725586,0.8476897478103638,0.056158244609832764,False,False,False,False,False,0.15823999999975058,bound_raw=3.075e+05 L_pred=1.5447 regime=expansive danger=0.7106
mnist_mlp,real MNIST train split,1,params_current_optimizer_older,D_block_normalized,0.0,0.6646463871002197,0.0,0.0,0.1242852658033371,0.00959157943725586,0.8476897478103638,0.056158244609832764,False,False,False,False,False,0.15823999999975058,bound_block=4.052e+06 L_pred=1.5447
mnist_mlp,real MNIST train split,1,params_current_optimizer_older,E_loss_probe,0.0,0.6646463871002197,0.0,0.0,0.1242852658033371,0.00959157943725586,0.8476897478103638,0.056158244609832764,True,False,False,True,False,0.03393490000053134,probe_steps=5 loss_thr=0.1
mnist_mlp,real MNIST train split,1,params_current_optimizer_older,F_repaired_analyzer,0.0,0.6646463871002197,0.0,0.0,0.1242852658033371,0.00959157943725586,0.8476897478103638,0.056158244609832764,False,False,False,False,False,0.33300119999967137,"decision=flagged_dangerous; expansive regime, bound reaches danger threshold; L_used=1.6896(clean=1.5447,rw=1.6896); bound=8.467e+05"
mnist_mlp,real MNIST train split,2,exact_restore,A_param_norm,0.0,0.0,0.0,0.0,0.0,0.0,0.0,0.0,True,True,False,False,False,1.8999999156221747e-06,threshold_theta=0.722
mnist_mlp,real MNIST train split,2,exact_restore,B_optimizer_norm,0.0,0.0,0.0,0.0,0.0,0.0,0.0,0.0,True,True,False,False,False,1e-06,threshold_M=0.05992
mnist_mlp,real MNIST train split,2,exact_restore,C_raw_product,0.0,0.0,0.0,0.0,0.0,0.0,0.0,0.0,False,True,True,False,False,0.18163559999993595,bound_raw=0 L_pred=1.5509 regime=expansive danger=0.722
mnist_mlp,real MNIST train split,2,exact_restore,D_block_normalized,0.0,0.0,0.0,0.0,0.0,0.0,0.0,0.0,False,True,True,False,False,0.18163559999993595,bound_block=0 L_pred=1.5509
mnist_mlp,real MNIST train split,2,exact_restore,E_loss_probe,0.0,0.0,0.0,0.0,0.0,0.0,0.0,0.0,True,True,False,False,False,0.03529149999940273,probe_steps=5 loss_thr=0.1
mnist_mlp,real MNIST train split,2,exact_restore,F_repaired_analyzer,0.0,0.0,0.0,0.0,0.0,0.0,0.0,0.0,True,True,False,False,False,0.36159889999908046,"decision=certified_safe; zero displacement (no-op): bound is identically zero; L_used=1.5509(clean=1.5509,rw=1.5499); bound=0"
mnist_mlp,real MNIST train split,2,noop_restore,A_param_norm,0.0,0.0,0.0,0.0,0.0,0.0,0.0,0.0,True,True,False,False,False,3.0000046535860747e-07,threshold_theta=0.722
mnist_mlp,real MNIST train split,2,noop_restore,B_optimizer_norm,0.0,0.0,0.0,0.0,0.0,0.0,0.0,0.0,True,True,False,False,False,1e-06,threshold_M=0.05992
mnist_mlp,real MNIST train split,2,noop_restore,C_raw_product,0.0,0.0,0.0,0.0,0.0,0.0,0.0,0.0,False,True,True,False,False,0.18163559999993595,bound_raw=0 L_pred=1.5509 regime=expansive danger=0.722
mnist_mlp,real MNIST train split,2,noop_restore,D_block_normalized,0.0,0.0,0.0,0.0,0.0,0.0,0.0,0.0,False,True,True,False,False,0.18163559999993595,bound_block=0 L_pred=1.5509
mnist_mlp,real MNIST train split,2,noop_restore,E_loss_probe,0.0,0.0,0.0,0.0,0.0,0.0,0.0,0.0,True,True,False,False,False,0.03201170000011189,probe_steps=5 loss_thr=0.1
mnist_mlp,real MNIST train split,2,noop_restore,F_repaired_analyzer,0.0,0.0,0.0,0.0,0.0,0.0,0.0,0.0,True,True,False,False,False,0.3527113999998619,"decision=certified_safe; zero displacement (no-op): bound is identically zero; L_used=1.5509(clean=1.5509,rw=1.5501); bound=0"
mnist_mlp,real MNIST train split,2,stale_adam_moments,A_param_norm,0.0,0.41871774196624756,0.0,0.0,0.08497738093137741,0.016602635383605957,0.5405929088592529,0.05223125219345093,True,True,False,False,False,5.000001692678779e-07,threshold_theta=0.722
mnist_mlp,real MNIST train split,2,stale_adam_moments,B_optimizer_norm,0.0,0.41871774196624756,0.0,0.0,0.08497738093137741,0.016602635383605957,0.5405929088592529,0.05223125219345093,False,True,True,False,False,1e-06,threshold_M=0.05992
mnist_mlp,real MNIST train split,2,stale_adam_moments,C_raw_product,0.0,0.41871774196624756,0.0,0.0,0.08497738093137741,0.016602635383605957,0.5405929088592529,0.05223125219345093,False,True,True,False,False,0.18163559999993595,bound_raw=2.186e+05 L_pred=1.5509 regime=expansive danger=0.722
mnist_mlp,real MNIST train split,2,stale_adam_moments,D_block_normalized,0.0,0.41871774196624756,0.0,0.0,0.08497738093137741,0.016602635383605957,0.5405929088592529,0.05223125219345093,False,True,True,False,False,0.18163559999993595,bound_block=3.45e+06 L_pred=1.5509
mnist_mlp,real MNIST train split,2,stale_adam_moments,E_loss_probe,0.0,0.41871774196624756,0.0,0.0,0.08497738093137741,0.016602635383605957,0.5405929088592529,0.05223125219345093,True,True,False,False,False,0.03541769999992539,probe_steps=5 loss_thr=0.1
mnist_mlp,real MNIST train split,2,stale_adam_moments,F_repaired_analyzer,0.0,0.41871774196624756,0.0,0.0,0.08497738093137741,0.016602635383605957,0.5405929088592529,0.05223125219345093,False,True,True,False,False,0.36231229999975767,"decision=flagged_dangerous; expansive regime, bound reaches danger threshold; L_used=1.6165(clean=1.5509,rw=1.6165); bound=1.538e+05"
mnist_mlp,real MNIST train split,2,reset_first_moment,A_param_norm,0.0,0.5992427468299866,0.0,0.0,0.07926864176988602,0.01929175853729248,0.4889467656612396,0.08243507146835327,True,True,False,False,False,3.0000046535860747e-07,threshold_theta=0.722
mnist_mlp,real MNIST train split,2,reset_first_moment,B_optimizer_norm,0.0,0.5992427468299866,0.0,0.0,0.07926864176988602,0.01929175853729248,0.4889467656612396,0.08243507146835327,False,True,True,False,False,1e-06,threshold_M=0.05992
mnist_mlp,real MNIST train split,2,reset_first_moment,C_raw_product,0.0,0.5992427468299866,0.0,0.0,0.07926864176988602,0.01929175853729248,0.4889467656612396,0.08243507146835327,False,True,True,False,False,0.18163559999993595,bound_raw=3.129e+05 L_pred=1.5509 regime=expansive danger=0.722
mnist_mlp,real MNIST train split,2,reset_first_moment,D_block_normalized,0.0,0.5992427468299866,0.0,0.0,0.07926864176988602,0.01929175853729248,0.4889467656612396,0.08243507146835327,False,True,True,False,False,0.18163559999993595,bound_block=3.77e+06 L_pred=1.5509
mnist_mlp,real MNIST train split,2,reset_first_moment,E_loss_probe,0.0,0.5992427468299866,0.0,0.0,0.07926864176988602,0.01929175853729248,0.4889467656612396,0.08243507146835327,True,True,False,False,False,0.03413949999958277,probe_steps=5 loss_thr=0.1
mnist_mlp,real MNIST train split,2,reset_first_moment,F_repaired_analyzer,0.0,0.5992427468299866,0.0,0.0,0.07926864176988602,0.01929175853729248,0.4889467656612396,0.08243507146835327,False,True,True,False,False,0.3571610999997574,"decision=flagged_dangerous; expansive regime, bound reaches danger threshold; L_used=1.5510(clean=1.5509,rw=1.5510); bound=4.146e+04"
mnist_mlp,real MNIST train split,2,reset_second_moment,A_param_norm,0.0,0.0026395523454993963,0.0,0.0,1.4100302457809448,425.3090878725052,432.425537109375,425.3090878725052,True,False,False,True,False,3.9999940781854093e-07,threshold_theta=0.722
mnist_mlp,real MNIST train split,2,reset_second_moment,B_optimizer_norm,0.0,0.0026395523454993963,0.0,0.0,1.4100302457809448,425.3090878725052,432.425537109375,425.3090878725052,True,False,False,True,False,1e-06,threshold_M=0.05992
mnist_mlp,real MNIST train split,2,reset_second_moment,C_raw_product,0.0,0.0026395523454993963,0.0,0.0,1.4100302457809448,425.3090878725052,432.425537109375,425.3090878725052,False,False,False,False,False,0.18163559999993595,bound_raw=1378 L_pred=1.5509 regime=expansive danger=0.722
mnist_mlp,real MNIST train split,2,reset_second_moment,D_block_normalized,0.0,0.0026395523454993963,0.0,0.0,1.4100302457809448,425.3090878725052,432.425537109375,425.3090878725052,False,False,False,False,False,0.18163559999993595,bound_block=3.77e+06 L_pred=1.5509
mnist_mlp,real MNIST train split,2,reset_second_moment,E_loss_probe,0.0,0.0026395523454993963,0.0,0.0,1.4100302457809448,425.3090878725052,432.425537109375,425.3090878725052,False,False,False,False,False,0.030815000000075088,probe_steps=5 loss_thr=0.1
mnist_mlp,real MNIST train split,2,reset_second_moment,F_repaired_analyzer,0.0,0.0026395523454993963,0.0,0.0,1.4100302457809448,425.3090878725052,432.425537109375,425.3090878725052,False,False,False,False,False,0.3629959999998391,"decision=flagged_dangerous; expansive regime, bound reaches danger threshold; L_used=6.3479(clean=1.5509,rw=6.3479); bound=1.691e+24"
mnist_mlp,real MNIST train split,2,scheduler_mismatch,A_param_norm,0.0,0.0,0.03963430970907211,0.0,0.03963430970907211,0.007585585117340088,0.8261555433273315,0.08594247698783875,True,False,False,True,False,2.999995558639057e-07,threshold_theta=0.722
mnist_mlp,real MNIST train split,2,scheduler_mismatch,B_optimizer_norm,0.0,0.0,0.03963430970907211,0.0,0.03963430970907211,0.007585585117340088,0.8261555433273315,0.08594247698783875,True,False,False,True,False,1e-06,threshold_M=0.05992
mnist_mlp,real MNIST train split,2,scheduler_mismatch,C_raw_product,0.0,0.0,0.03963430970907211,0.0,0.03963430970907211,0.007585585117340088,0.8261555433273315,0.08594247698783875,False,False,False,False,False,0.18163559999993595,bound_raw=0 L_pred=1.5509 regime=expansive danger=0.722
mnist_mlp,real MNIST train split,2,scheduler_mismatch,D_block_normalized,0.0,0.0,0.03963430970907211,0.0,0.03963430970907211,0.007585585117340088,0.8261555433273315,0.08594247698783875,False,False,False,False,False,0.18163559999993595,bound_block=0 L_pred=1.5509
mnist_mlp,real MNIST train split,2,scheduler_mismatch,E_loss_probe,0.0,0.0,0.03963430970907211,0.0,0.03963430970907211,0.007585585117340088,0.8261555433273315,0.08594247698783875,True,False,False,True,False,0.03619979999984935,probe_steps=5 loss_thr=0.1
mnist_mlp,real MNIST train split,2,scheduler_mismatch,F_repaired_analyzer,0.0,0.0,0.03963430970907211,0.0,0.03963430970907211,0.007585585117340088,0.8261555433273315,0.08594247698783875,False,False,False,False,False,0.36241270000027725,"decision=flagged_dangerous; expansive regime, bound reaches danger threshold; L_used=1.6596(clean=1.5509,rw=1.6596); bound=1.579e+05"
mnist_mlp,real MNIST train split,2,ema_shadow_present_not_loaded,A_param_norm,0.0,0.0,0.0,0.0,0.0,0.0,0.0,0.0,True,True,False,False,False,7.999997251317836e-07,threshold_theta=0.722
mnist_mlp,real MNIST train split,2,ema_shadow_present_not_loaded,B_optimizer_norm,0.0,0.0,0.0,0.0,0.0,0.0,0.0,0.0,True,True,False,False,False,1e-06,threshold_M=0.05992
mnist_mlp,real MNIST train split,2,ema_shadow_present_not_loaded,C_raw_product,0.0,0.0,0.0,0.0,0.0,0.0,0.0,0.0,False,True,True,False,False,0.18163559999993595,bound_raw=0 L_pred=1.5509 regime=expansive danger=0.722
mnist_mlp,real MNIST train split,2,ema_shadow_present_not_loaded,D_block_normalized,0.0,0.0,0.0,0.0,0.0,0.0,0.0,0.0,False,True,True,False,False,0.18163559999993595,bound_block=0 L_pred=1.5509
mnist_mlp,real MNIST train split,2,ema_shadow_present_not_loaded,E_loss_probe,0.0,0.0,0.0,0.0,0.0,0.0,0.0,0.0,True,True,False,False,False,0.03513879999991332,probe_steps=5 loss_thr=0.1
mnist_mlp,real MNIST train split,2,ema_shadow_present_not_loaded,F_repaired_analyzer,0.0,0.0,0.0,0.0,0.0,0.0,0.0,0.0,True,True,False,False,False,0.4132521000001361,"decision=certified_safe; zero displacement (no-op): bound is identically zero; L_used=1.5509(clean=1.5509,rw=1.5499); bound=0"
mnist_mlp,real MNIST train split,2,ema_loaded_as_parameters,A_param_norm,3.0655479431152344,0.0,0.0,0.0,3.0655479431152344,1.366746038198471,3.0655479431152344,1.366746038198471,False,False,False,False,False,3.0000046535860747e-07,threshold_theta=0.722
mnist_mlp,real MNIST train split,2,ema_loaded_as_parameters,B_optimizer_norm,3.0655479431152344,0.0,0.0,0.0,3.0655479431152344,1.366746038198471,3.0655479431152344,1.366746038198471,True,False,False,True,False,1e-06,threshold_M=0.05992
mnist_mlp,real MNIST train split,2,ema_loaded_as_parameters,C_raw_product,3.0655479431152344,0.0,0.0,0.0,3.0655479431152344,1.366746038198471,3.0655479431152344,1.366746038198471,False,False,False,False,False,0.18163559999993595,bound_raw=1.601e+06 L_pred=1.5509 regime=expansive danger=0.722
mnist_mlp,real MNIST train split,2,ema_loaded_as_parameters,D_block_normalized,3.0655479431152344,0.0,0.0,0.0,3.0655479431152344,1.366746038198471,3.0655479431152344,1.366746038198471,False,False,False,False,False,0.18163559999993595,bound_block=1.601e+06 L_pred=1.5509
mnist_mlp,real MNIST train split,2,ema_loaded_as_parameters,E_loss_probe,3.0655479431152344,0.0,0.0,0.0,3.0655479431152344,1.366746038198471,3.0655479431152344,1.366746038198471,False,False,False,False,False,0.034483299999919836,probe_steps=5 loss_thr=0.1
mnist_mlp,real MNIST train split,2,ema_loaded_as_parameters,F_repaired_analyzer,3.0655479431152344,0.0,0.0,0.0,3.0655479431152344,1.366746038198471,3.0655479431152344,1.366746038198471,False,False,False,False,False,0.36407390000022133,"decision=flagged_dangerous; expansive regime, bound reaches danger threshold; L_used=1.5581(clean=1.5509,rw=1.5581); bound=1.839e+06"
mnist_mlp,real MNIST train split,2,mild_lr_decrease,A_param_norm,0.0,0.0,0.03963432088494301,0.0,0.03963432088494301,0.011973559856414795,0.8833543062210083,0.07868802547454834,True,False,False,True,False,1.8000000636675395e-06,threshold_theta=0.722
mnist_mlp,real MNIST train split,2,mild_lr_decrease,B_optimizer_norm,0.0,0.0,0.03963432088494301,0.0,0.03963432088494301,0.011973559856414795,0.8833543062210083,0.07868802547454834,True,False,False,True,False,1e-06,threshold_M=0.05992
mnist_mlp,real MNIST train split,2,mild_lr_decrease,C_raw_product,0.0,0.0,0.03963432088494301,0.0,0.03963432088494301,0.011973559856414795,0.8833543062210083,0.07868802547454834,False,False,False,False,False,0.18163559999993595,bound_raw=0 L_pred=1.5509 regime=expansive danger=0.722
mnist_mlp,real MNIST train split,2,mild_lr_decrease,D_block_normalized,0.0,0.0,0.03963432088494301,0.0,0.03963432088494301,0.011973559856414795,0.8833543062210083,0.07868802547454834,False,False,False,False,False,0.18163559999993595,bound_block=0 L_pred=1.5509
mnist_mlp,real MNIST train split,2,mild_lr_decrease,E_loss_probe,0.0,0.0,0.03963432088494301,0.0,0.03963432088494301,0.011973559856414795,0.8833543062210083,0.07868802547454834,True,False,False,True,False,0.03496069999982865,probe_steps=5 loss_thr=0.1
mnist_mlp,real MNIST train split,2,mild_lr_decrease,F_repaired_analyzer,0.0,0.0,0.03963432088494301,0.0,0.03963432088494301,0.011973559856414795,0.8833543062210083,0.07868802547454834,False,False,False,False,False,0.3592932000001383,"decision=flagged_dangerous; expansive regime, bound reaches danger threshold; L_used=1.5509(clean=1.5509,rw=1.3820); bound=2.07e+04"
mnist_mlp,real MNIST train split,2,severe_lr_increase,A_param_norm,0.0,0.0,0.713415801525116,0.0,0.713415801525116,0.16503673791885376,10.781786918640137,0.2879350483417511,True,False,False,True,False,2.999995558639057e-07,threshold_theta=0.722
mnist_mlp,real MNIST train split,2,severe_lr_increase,B_optimizer_norm,0.0,0.0,0.713415801525116,0.0,0.713415801525116,0.16503673791885376,10.781786918640137,0.2879350483417511,True,False,False,True,False,1e-06,threshold_M=0.05992
mnist_mlp,real MNIST train split,2,severe_lr_increase,C_raw_product,0.0,0.0,0.713415801525116,0.0,0.713415801525116,0.16503673791885376,10.781786918640137,0.2879350483417511,False,False,False,False,False,0.18163559999993595,bound_raw=0 L_pred=1.5509 regime=expansive danger=0.722
mnist_mlp,real MNIST train split,2,severe_lr_increase,D_block_normalized,0.0,0.0,0.713415801525116,0.0,0.713415801525116,0.16503673791885376,10.781786918640137,0.2879350483417511,False,False,False,False,False,0.18163559999993595,bound_block=0 L_pred=1.5509
mnist_mlp,real MNIST train split,2,severe_lr_increase,E_loss_probe,0.0,0.0,0.713415801525116,0.0,0.713415801525116,0.16503673791885376,10.781786918640137,0.2879350483417511,False,False,False,False,False,0.03580610000062734,probe_steps=5 loss_thr=0.1
mnist_mlp,real MNIST train split,2,severe_lr_increase,F_repaired_analyzer,0.0,0.0,0.713415801525116,0.0,0.713415801525116,0.16503673791885376,10.781786918640137,0.2879350483417511,False,False,False,False,False,0.36091749999923195,"decision=flagged_dangerous; expansive regime, bound reaches danger threshold; L_used=2.4281(clean=1.5509,rw=2.4281); bound=2.578e+11"
mnist_mlp,real MNIST train split,2,optimizer_state_from_older_checkpoint,A_param_norm,0.0,0.47975534200668335,0.0,0.019307255744934082,0.10884229093790054,0.016218364238739014,0.6616354584693909,0.05623471736907959,True,True,False,False,False,1.9999970390927047e-07,threshold_theta=0.722
mnist_mlp,real MNIST train split,2,optimizer_state_from_older_checkpoint,B_optimizer_norm,0.0,0.47975534200668335,0.0,0.019307255744934082,0.10884229093790054,0.016218364238739014,0.6616354584693909,0.05623471736907959,False,True,True,False,False,1e-06,threshold_M=0.05992
mnist_mlp,real MNIST train split,2,optimizer_state_from_older_checkpoint,C_raw_product,0.0,0.47975534200668335,0.0,0.019307255744934082,0.10884229093790054,0.016218364238739014,0.6616354584693909,0.05623471736907959,False,True,True,False,False,0.18163559999993595,bound_raw=2.505e+05 L_pred=1.5509 regime=expansive danger=0.722
mnist_mlp,real MNIST train split,2,optimizer_state_from_older_checkpoint,D_block_normalized,0.0,0.47975534200668335,0.0,0.019307255744934082,0.10884229093790054,0.016218364238739014,0.6616354584693909,0.05623471736907959,False,True,True,False,False,0.18163559999993595,bound_block=4.6e+06 L_pred=1.5509
mnist_mlp,real MNIST train split,2,optimizer_state_from_older_checkpoint,E_loss_probe,0.0,0.47975534200668335,0.0,0.019307255744934082,0.10884229093790054,0.016218364238739014,0.6616354584693909,0.05623471736907959,True,True,False,False,False,0.03412789999947563,probe_steps=5 loss_thr=0.1
mnist_mlp,real MNIST train split,2,optimizer_state_from_older_checkpoint,F_repaired_analyzer,0.0,0.47975534200668335,0.0,0.019307255744934082,0.10884229093790054,0.016218364238739014,0.6616354584693909,0.05623471736907959,False,True,True,False,False,0.36196019999988494,"decision=flagged_dangerous; expansive regime, bound reaches danger threshold; L_used=1.6323(clean=1.5509,rw=1.6323); bound=2.636e+05"
mnist_mlp,real MNIST train split,2,params_current_optimizer_older,A_param_norm,0.0,0.47975534200668335,0.0,0.0,0.14284905791282654,0.021962463855743408,0.9181088805198669,0.06885141134262085,True,False,False,True,False,2.999995558639057e-07,threshold_theta=0.722
mnist_mlp,real MNIST train split,2,params_current_optimizer_older,B_optimizer_norm,0.0,0.47975534200668335,0.0,0.0,0.14284905791282654,0.021962463855743408,0.9181088805198669,0.06885141134262085,False,False,False,False,False,1e-06,threshold_M=0.05992
mnist_mlp,real MNIST train split,2,params_current_optimizer_older,C_raw_product,0.0,0.47975534200668335,0.0,0.0,0.14284905791282654,0.021962463855743408,0.9181088805198669,0.06885141134262085,False,False,False,False,False,0.18163559999993595,bound_raw=2.505e+05 L_pred=1.5509 regime=expansive danger=0.722
mnist_mlp,real MNIST train split,2,params_current_optimizer_older,D_block_normalized,0.0,0.47975534200668335,0.0,0.0,0.14284905791282654,0.021962463855743408,0.9181088805198669,0.06885141134262085,False,False,False,False,False,0.18163559999993595,bound_block=4.6e+06 L_pred=1.5509
mnist_mlp,real MNIST train split,2,params_current_optimizer_older,E_loss_probe,0.0,0.47975534200668335,0.0,0.0,0.14284905791282654,0.021962463855743408,0.9181088805198669,0.06885141134262085,True,False,False,True,False,0.03453720000015892,probe_steps=5 loss_thr=0.1
mnist_mlp,real MNIST train split,2,params_current_optimizer_older,F_repaired_analyzer,0.0,0.47975534200668335,0.0,0.0,0.14284905791282654,0.021962463855743408,0.9181088805198669,0.06885141134262085,False,False,False,False,False,0.3988392000001113,"decision=flagged_dangerous; expansive regime, bound reaches danger threshold; L_used=1.7128(clean=1.5509,rw=1.7128); bound=1.467e+06"
