seed,checkpoint_age,source_checkpoint,source_checkpoint_sha256,protocol_sha256,batch_file_sha256,rewrite_family,row_id,continuation_step,loss,accuracy,examples
4101,500,checkpoints\seed_4101_age_500.pt,7fa34684acddbb4c0d6bbbcd7e9e4549dc3750be17a8389c462e06db32cb314a,5b0213c94acc2bf1a7ce1444f0a8c2598385ca2613f96b97d19de162d412094c,99f4ece8391fbeba8ad332dbf13935a29322adb8691e000d94ed76b5267b5411,clean,4101_500_clean,0,1.4292512819290162,0.4737,10000
4101,500,checkpoints\seed_4101_age_500.pt,7fa34684acddbb4c0d6bbbcd7e9e4549dc3750be17a8389c462e06db32cb314a,5b0213c94acc2bf1a7ce1444f0a8c2598385ca2613f96b97d19de162d412094c,99f4ece8391fbeba8ad332dbf13935a29322adb8691e000d94ed76b5267b5411,reset_m,4101_500_reset_m,0,1.4292512819290162,0.4737,10000
4101,500,checkpoints\seed_4101_age_500.pt,7fa34684acddbb4c0d6bbbcd7e9e4549dc3750be17a8389c462e06db32cb314a,5b0213c94acc2bf1a7ce1444f0a8c2598385ca2613f96b97d19de162d412094c,99f4ece8391fbeba8ad332dbf13935a29322adb8691e000d94ed76b5267b5411,reset_v,4101_500_reset_v,0,1.4292512819290162,0.4737,10000
4101,500,checkpoints\seed_4101_age_500.pt,7fa34684acddbb4c0d6bbbcd7e9e4549dc3750be17a8389c462e06db32cb314a,5b0213c94acc2bf1a7ce1444f0a8c2598385ca2613f96b97d19de162d412094c,99f4ece8391fbeba8ad332dbf13935a29322adb8691e000d94ed76b5267b5411,full_per_parameter_reset,4101_500_full_per_parameter_reset,0,1.4292512819290162,0.4737,10000
4101,500,checkpoints\seed_4101_age_500.pt,7fa34684acddbb4c0d6bbbcd7e9e4549dc3750be17a8389c462e06db32cb314a,5b0213c94acc2bf1a7ce1444f0a8c2598385ca2613f96b97d19de162d412094c,99f4ece8391fbeba8ad332dbf13935a29322adb8691e000d94ed76b5267b5411,clean,4101_500_clean,1,1.4306959794998169,0.4705,10000
4101,500,checkpoints\seed_4101_age_500.pt,7fa34684acddbb4c0d6bbbcd7e9e4549dc3750be17a8389c462e06db32cb314a,5b0213c94acc2bf1a7ce1444f0a8c2598385ca2613f96b97d19de162d412094c,99f4ece8391fbeba8ad332dbf13935a29322adb8691e000d94ed76b5267b5411,reset_m,4101_500_reset_m,1,1.4267610065460206,0.4752,10000
4101,500,checkpoints\seed_4101_age_500.pt,7fa34684acddbb4c0d6bbbcd7e9e4549dc3750be17a8389c462e06db32cb314a,5b0213c94acc2bf1a7ce1444f0a8c2598385ca2613f96b97d19de162d412094c,99f4ece8391fbeba8ad332dbf13935a29322adb8691e000d94ed76b5267b5411,reset_v,4101_500_reset_v,1,1558.7828025390625,0.1,10000
4101,500,checkpoints\seed_4101_age_500.pt,7fa34684acddbb4c0d6bbbcd7e9e4549dc3750be17a8389c462e06db32cb314a,5b0213c94acc2bf1a7ce1444f0a8c2598385ca2613f96b97d19de162d412094c,99f4ece8391fbeba8ad332dbf13935a29322adb8691e000d94ed76b5267b5411,full_per_parameter_reset,4101_500_full_per_parameter_reset,1,1.6129502166748046,0.397,10000
4101,500,checkpoints\seed_4101_age_500.pt,7fa34684acddbb4c0d6bbbcd7e9e4549dc3750be17a8389c462e06db32cb314a,5b0213c94acc2bf1a7ce1444f0a8c2598385ca2613f96b97d19de162d412094c,99f4ece8391fbeba8ad332dbf13935a29322adb8691e000d94ed76b5267b5411,clean,4101_500_clean,25,1.4389811567306519,0.4736,10000
4101,500,checkpoints\seed_4101_age_500.pt,7fa34684acddbb4c0d6bbbcd7e9e4549dc3750be17a8389c462e06db32cb314a,5b0213c94acc2bf1a7ce1444f0a8c2598385ca2613f96b97d19de162d412094c,99f4ece8391fbeba8ad332dbf13935a29322adb8691e000d94ed76b5267b5411,reset_m,4101_500_reset_m,25,1.4320947208404542,0.4746,10000
4101,500,checkpoints\seed_4101_age_500.pt,7fa34684acddbb4c0d6bbbcd7e9e4549dc3750be17a8389c462e06db32cb314a,5b0213c94acc2bf1a7ce1444f0a8c2598385ca2613f96b97d19de162d412094c,99f4ece8391fbeba8ad332dbf13935a29322adb8691e000d94ed76b5267b5411,reset_v,4101_500_reset_v,25,2.5949882190704345,0.1245,10000
4101,500,checkpoints\seed_4101_age_500.pt,7fa34684acddbb4c0d6bbbcd7e9e4549dc3750be17a8389c462e06db32cb314a,5b0213c94acc2bf1a7ce1444f0a8c2598385ca2613f96b97d19de162d412094c,99f4ece8391fbeba8ad332dbf13935a29322adb8691e000d94ed76b5267b5411,full_per_parameter_reset,4101_500_full_per_parameter_reset,25,1.4326535837173462,0.4686,10000
4101,500,checkpoints\seed_4101_age_500.pt,7fa34684acddbb4c0d6bbbcd7e9e4549dc3750be17a8389c462e06db32cb314a,5b0213c94acc2bf1a7ce1444f0a8c2598385ca2613f96b97d19de162d412094c,99f4ece8391fbeba8ad332dbf13935a29322adb8691e000d94ed76b5267b5411,clean,4101_500_clean,50,1.406852405166626,0.4866,10000
4101,500,checkpoints\seed_4101_age_500.pt,7fa34684acddbb4c0d6bbbcd7e9e4549dc3750be17a8389c462e06db32cb314a,5b0213c94acc2bf1a7ce1444f0a8c2598385ca2613f96b97d19de162d412094c,99f4ece8391fbeba8ad332dbf13935a29322adb8691e000d94ed76b5267b5411,reset_m,4101_500_reset_m,50,1.4091666097640991,0.4872,10000
4101,500,checkpoints\seed_4101_age_500.pt,7fa34684acddbb4c0d6bbbcd7e9e4549dc3750be17a8389c462e06db32cb314a,5b0213c94acc2bf1a7ce1444f0a8c2598385ca2613f96b97d19de162d412094c,99f4ece8391fbeba8ad332dbf13935a29322adb8691e000d94ed76b5267b5411,reset_v,4101_500_reset_v,50,2.1995148345947264,0.1584,10000
4101,500,checkpoints\seed_4101_age_500.pt,7fa34684acddbb4c0d6bbbcd7e9e4549dc3750be17a8389c462e06db32cb314a,5b0213c94acc2bf1a7ce1444f0a8c2598385ca2613f96b97d19de162d412094c,99f4ece8391fbeba8ad332dbf13935a29322adb8691e000d94ed76b5267b5411,full_per_parameter_reset,4101_500_full_per_parameter_reset,50,1.410172200012207,0.487,10000
4101,500,checkpoints\seed_4101_age_500.pt,7fa34684acddbb4c0d6bbbcd7e9e4549dc3750be17a8389c462e06db32cb314a,5b0213c94acc2bf1a7ce1444f0a8c2598385ca2613f96b97d19de162d412094c,99f4ece8391fbeba8ad332dbf13935a29322adb8691e000d94ed76b5267b5411,clean,4101_500_clean,75,1.4260965412139892,0.47,10000
4101,500,checkpoints\seed_4101_age_500.pt,7fa34684acddbb4c0d6bbbcd7e9e4549dc3750be17a8389c462e06db32cb314a,5b0213c94acc2bf1a7ce1444f0a8c2598385ca2613f96b97d19de162d412094c,99f4ece8391fbeba8ad332dbf13935a29322adb8691e000d94ed76b5267b5411,reset_m,4101_500_reset_m,75,1.4396480222702026,0.4624,10000
4101,500,checkpoints\seed_4101_age_500.pt,7fa34684acddbb4c0d6bbbcd7e9e4549dc3750be17a8389c462e06db32cb314a,5b0213c94acc2bf1a7ce1444f0a8c2598385ca2613f96b97d19de162d412094c,99f4ece8391fbeba8ad332dbf13935a29322adb8691e000d94ed76b5267b5411,reset_v,4101_500_reset_v,75,2.0910582843780516,0.2343,10000
4101,500,checkpoints\seed_4101_age_500.pt,7fa34684acddbb4c0d6bbbcd7e9e4549dc3750be17a8389c462e06db32cb314a,5b0213c94acc2bf1a7ce1444f0a8c2598385ca2613f96b97d19de162d412094c,99f4ece8391fbeba8ad332dbf13935a29322adb8691e000d94ed76b5267b5411,full_per_parameter_reset,4101_500_full_per_parameter_reset,75,1.42063599319458,0.4735,10000
4101,500,checkpoints\seed_4101_age_500.pt,7fa34684acddbb4c0d6bbbcd7e9e4549dc3750be17a8389c462e06db32cb314a,5b0213c94acc2bf1a7ce1444f0a8c2598385ca2613f96b97d19de162d412094c,99f4ece8391fbeba8ad332dbf13935a29322adb8691e000d94ed76b5267b5411,clean,4101_500_clean,100,1.3790866849899293,0.4881,10000
4101,500,checkpoints\seed_4101_age_500.pt,7fa34684acddbb4c0d6bbbcd7e9e4549dc3750be17a8389c462e06db32cb314a,5b0213c94acc2bf1a7ce1444f0a8c2598385ca2613f96b97d19de162d412094c,99f4ece8391fbeba8ad332dbf13935a29322adb8691e000d94ed76b5267b5411,reset_m,4101_500_reset_m,100,1.3845861991882324,0.486,10000
4101,500,checkpoints\seed_4101_age_500.pt,7fa34684acddbb4c0d6bbbcd7e9e4549dc3750be17a8389c462e06db32cb314a,5b0213c94acc2bf1a7ce1444f0a8c2598385ca2613f96b97d19de162d412094c,99f4ece8391fbeba8ad332dbf13935a29322adb8691e000d94ed76b5267b5411,reset_v,4101_500_reset_v,100,2.033321717071533,0.2395,10000
4101,500,checkpoints\seed_4101_age_500.pt,7fa34684acddbb4c0d6bbbcd7e9e4549dc3750be17a8389c462e06db32cb314a,5b0213c94acc2bf1a7ce1444f0a8c2598385ca2613f96b97d19de162d412094c,99f4ece8391fbeba8ad332dbf13935a29322adb8691e000d94ed76b5267b5411,full_per_parameter_reset,4101_500_full_per_parameter_reset,100,1.3804047971725464,0.4943,10000
4101,1500,checkpoints\seed_4101_age_1500.pt,9ddb64cbb9231e187b06be5652c8d2bdbf7e9743ec4708d3e45903b49660cf56,5b0213c94acc2bf1a7ce1444f0a8c2598385ca2613f96b97d19de162d412094c,99f4ece8391fbeba8ad332dbf13935a29322adb8691e000d94ed76b5267b5411,clean,4101_1500_clean,0,1.0738417385101318,0.6075,10000
4101,1500,checkpoints\seed_4101_age_1500.pt,9ddb64cbb9231e187b06be5652c8d2bdbf7e9743ec4708d3e45903b49660cf56,5b0213c94acc2bf1a7ce1444f0a8c2598385ca2613f96b97d19de162d412094c,99f4ece8391fbeba8ad332dbf13935a29322adb8691e000d94ed76b5267b5411,reset_m,4101_1500_reset_m,0,1.0738417385101318,0.6075,10000
4101,1500,checkpoints\seed_4101_age_1500.pt,9ddb64cbb9231e187b06be5652c8d2bdbf7e9743ec4708d3e45903b49660cf56,5b0213c94acc2bf1a7ce1444f0a8c2598385ca2613f96b97d19de162d412094c,99f4ece8391fbeba8ad332dbf13935a29322adb8691e000d94ed76b5267b5411,reset_v,4101_1500_reset_v,0,1.0738417385101318,0.6075,10000
4101,1500,checkpoints\seed_4101_age_1500.pt,9ddb64cbb9231e187b06be5652c8d2bdbf7e9743ec4708d3e45903b49660cf56,5b0213c94acc2bf1a7ce1444f0a8c2598385ca2613f96b97d19de162d412094c,99f4ece8391fbeba8ad332dbf13935a29322adb8691e000d94ed76b5267b5411,full_per_parameter_reset,4101_1500_full_per_parameter_reset,0,1.0738417385101318,0.6075,10000
4101,1500,checkpoints\seed_4101_age_1500.pt,9ddb64cbb9231e187b06be5652c8d2bdbf7e9743ec4708d3e45903b49660cf56,5b0213c94acc2bf1a7ce1444f0a8c2598385ca2613f96b97d19de162d412094c,99f4ece8391fbeba8ad332dbf13935a29322adb8691e000d94ed76b5267b5411,clean,4101_1500_clean,1,1.0774529678344726,0.6063,10000
4101,1500,checkpoints\seed_4101_age_1500.pt,9ddb64cbb9231e187b06be5652c8d2bdbf7e9743ec4708d3e45903b49660cf56,5b0213c94acc2bf1a7ce1444f0a8c2598385ca2613f96b97d19de162d412094c,99f4ece8391fbeba8ad332dbf13935a29322adb8691e000d94ed76b5267b5411,reset_m,4101_1500_reset_m,1,1.0517141578674316,0.6211,10000
4101,1500,checkpoints\seed_4101_age_1500.pt,9ddb64cbb9231e187b06be5652c8d2bdbf7e9743ec4708d3e45903b49660cf56,5b0213c94acc2bf1a7ce1444f0a8c2598385ca2613f96b97d19de162d412094c,99f4ece8391fbeba8ad332dbf13935a29322adb8691e000d94ed76b5267b5411,reset_v,4101_1500_reset_v,1,4048.276933203125,0.0999,10000
4101,1500,checkpoints\seed_4101_age_1500.pt,9ddb64cbb9231e187b06be5652c8d2bdbf7e9743ec4708d3e45903b49660cf56,5b0213c94acc2bf1a7ce1444f0a8c2598385ca2613f96b97d19de162d412094c,99f4ece8391fbeba8ad332dbf13935a29322adb8691e000d94ed76b5267b5411,full_per_parameter_reset,4101_1500_full_per_parameter_reset,1,1.300335735321045,0.5345,10000
4101,1500,checkpoints\seed_4101_age_1500.pt,9ddb64cbb9231e187b06be5652c8d2bdbf7e9743ec4708d3e45903b49660cf56,5b0213c94acc2bf1a7ce1444f0a8c2598385ca2613f96b97d19de162d412094c,99f4ece8391fbeba8ad332dbf13935a29322adb8691e000d94ed76b5267b5411,clean,4101_1500_clean,25,1.0348127769470215,0.6287,10000
4101,1500,checkpoints\seed_4101_age_1500.pt,9ddb64cbb9231e187b06be5652c8d2bdbf7e9743ec4708d3e45903b49660cf56,5b0213c94acc2bf1a7ce1444f0a8c2598385ca2613f96b97d19de162d412094c,99f4ece8391fbeba8ad332dbf13935a29322adb8691e000d94ed76b5267b5411,reset_m,4101_1500_reset_m,25,1.0362583980560303,0.6288,10000
4101,1500,checkpoints\seed_4101_age_1500.pt,9ddb64cbb9231e187b06be5652c8d2bdbf7e9743ec4708d3e45903b49660cf56,5b0213c94acc2bf1a7ce1444f0a8c2598385ca2613f96b97d19de162d412094c,99f4ece8391fbeba8ad332dbf13935a29322adb8691e000d94ed76b5267b5411,reset_v,4101_1500_reset_v,25,6.161370190429688,0.1245,10000
4101,1500,checkpoints\seed_4101_age_1500.pt,9ddb64cbb9231e187b06be5652c8d2bdbf7e9743ec4708d3e45903b49660cf56,5b0213c94acc2bf1a7ce1444f0a8c2598385ca2613f96b97d19de162d412094c,99f4ece8391fbeba8ad332dbf13935a29322adb8691e000d94ed76b5267b5411,full_per_parameter_reset,4101_1500_full_per_parameter_reset,25,1.0283342803955078,0.6298,10000
4101,1500,checkpoints\seed_4101_age_1500.pt,9ddb64cbb9231e187b06be5652c8d2bdbf7e9743ec4708d3e45903b49660cf56,5b0213c94acc2bf1a7ce1444f0a8c2598385ca2613f96b97d19de162d412094c,99f4ece8391fbeba8ad332dbf13935a29322adb8691e000d94ed76b5267b5411,clean,4101_1500_clean,50,1.0786885112762452,0.6157,10000
4101,1500,checkpoints\seed_4101_age_1500.pt,9ddb64cbb9231e187b06be5652c8d2bdbf7e9743ec4708d3e45903b49660cf56,5b0213c94acc2bf1a7ce1444f0a8c2598385ca2613f96b97d19de162d412094c,99f4ece8391fbeba8ad332dbf13935a29322adb8691e000d94ed76b5267b5411,reset_m,4101_1500_reset_m,50,1.0752056240081787,0.6166,10000
4101,1500,checkpoints\seed_4101_age_1500.pt,9ddb64cbb9231e187b06be5652c8d2bdbf7e9743ec4708d3e45903b49660cf56,5b0213c94acc2bf1a7ce1444f0a8c2598385ca2613f96b97d19de162d412094c,99f4ece8391fbeba8ad332dbf13935a29322adb8691e000d94ed76b5267b5411,reset_v,4101_1500_reset_v,50,2.464600606536865,0.1555,10000
4101,1500,checkpoints\seed_4101_age_1500.pt,9ddb64cbb9231e187b06be5652c8d2bdbf7e9743ec4708d3e45903b49660cf56,5b0213c94acc2bf1a7ce1444f0a8c2598385ca2613f96b97d19de162d412094c,99f4ece8391fbeba8ad332dbf13935a29322adb8691e000d94ed76b5267b5411,full_per_parameter_reset,4101_1500_full_per_parameter_reset,50,1.0736162975311279,0.6185,10000
4101,1500,checkpoints\seed_4101_age_1500.pt,9ddb64cbb9231e187b06be5652c8d2bdbf7e9743ec4708d3e45903b49660cf56,5b0213c94acc2bf1a7ce1444f0a8c2598385ca2613f96b97d19de162d412094c,99f4ece8391fbeba8ad332dbf13935a29322adb8691e000d94ed76b5267b5411,clean,4101_1500_clean,75,1.035961436843872,0.6272,10000
4101,1500,checkpoints\seed_4101_age_1500.pt,9ddb64cbb9231e187b06be5652c8d2bdbf7e9743ec4708d3e45903b49660cf56,5b0213c94acc2bf1a7ce1444f0a8c2598385ca2613f96b97d19de162d412094c,99f4ece8391fbeba8ad332dbf13935a29322adb8691e000d94ed76b5267b5411,reset_m,4101_1500_reset_m,75,1.0350710191726684,0.6285,10000
4101,1500,checkpoints\seed_4101_age_1500.pt,9ddb64cbb9231e187b06be5652c8d2bdbf7e9743ec4708d3e45903b49660cf56,5b0213c94acc2bf1a7ce1444f0a8c2598385ca2613f96b97d19de162d412094c,99f4ece8391fbeba8ad332dbf13935a29322adb8691e000d94ed76b5267b5411,reset_v,4101_1500_reset_v,75,2.23769825592041,0.202,10000
4101,1500,checkpoints\seed_4101_age_1500.pt,9ddb64cbb9231e187b06be5652c8d2bdbf7e9743ec4708d3e45903b49660cf56,5b0213c94acc2bf1a7ce1444f0a8c2598385ca2613f96b97d19de162d412094c,99f4ece8391fbeba8ad332dbf13935a29322adb8691e000d94ed76b5267b5411,full_per_parameter_reset,4101_1500_full_per_parameter_reset,75,1.029917573928833,0.6316,10000
4101,1500,checkpoints\seed_4101_age_1500.pt,9ddb64cbb9231e187b06be5652c8d2bdbf7e9743ec4708d3e45903b49660cf56,5b0213c94acc2bf1a7ce1444f0a8c2598385ca2613f96b97d19de162d412094c,99f4ece8391fbeba8ad332dbf13935a29322adb8691e000d94ed76b5267b5411,clean,4101_1500_clean,100,1.0601507560729981,0.6113,10000
4101,1500,checkpoints\seed_4101_age_1500.pt,9ddb64cbb9231e187b06be5652c8d2bdbf7e9743ec4708d3e45903b49660cf56,5b0213c94acc2bf1a7ce1444f0a8c2598385ca2613f96b97d19de162d412094c,99f4ece8391fbeba8ad332dbf13935a29322adb8691e000d94ed76b5267b5411,reset_m,4101_1500_reset_m,100,1.0535211591720581,0.614,10000
4101,1500,checkpoints\seed_4101_age_1500.pt,9ddb64cbb9231e187b06be5652c8d2bdbf7e9743ec4708d3e45903b49660cf56,5b0213c94acc2bf1a7ce1444f0a8c2598385ca2613f96b97d19de162d412094c,99f4ece8391fbeba8ad332dbf13935a29322adb8691e000d94ed76b5267b5411,reset_v,4101_1500_reset_v,100,2.1313898956298827,0.2264,10000
4101,1500,checkpoints\seed_4101_age_1500.pt,9ddb64cbb9231e187b06be5652c8d2bdbf7e9743ec4708d3e45903b49660cf56,5b0213c94acc2bf1a7ce1444f0a8c2598385ca2613f96b97d19de162d412094c,99f4ece8391fbeba8ad332dbf13935a29322adb8691e000d94ed76b5267b5411,full_per_parameter_reset,4101_1500_full_per_parameter_reset,100,1.0636316154479981,0.6092,10000
4101,3000,checkpoints\seed_4101_age_3000.pt,2bc0cef79c4b840f2901da5dd6431d9b0ea145fb3e0d8bc65f094c4fd51ccb3e,5b0213c94acc2bf1a7ce1444f0a8c2598385ca2613f96b97d19de162d412094c,99f4ece8391fbeba8ad332dbf13935a29322adb8691e000d94ed76b5267b5411,clean,4101_3000_clean,0,0.8605628704071044,0.6983,10000
4101,3000,checkpoints\seed_4101_age_3000.pt,2bc0cef79c4b840f2901da5dd6431d9b0ea145fb3e0d8bc65f094c4fd51ccb3e,5b0213c94acc2bf1a7ce1444f0a8c2598385ca2613f96b97d19de162d412094c,99f4ece8391fbeba8ad332dbf13935a29322adb8691e000d94ed76b5267b5411,reset_m,4101_3000_reset_m,0,0.8605628704071044,0.6983,10000
4101,3000,checkpoints\seed_4101_age_3000.pt,2bc0cef79c4b840f2901da5dd6431d9b0ea145fb3e0d8bc65f094c4fd51ccb3e,5b0213c94acc2bf1a7ce1444f0a8c2598385ca2613f96b97d19de162d412094c,99f4ece8391fbeba8ad332dbf13935a29322adb8691e000d94ed76b5267b5411,reset_v,4101_3000_reset_v,0,0.8605628704071044,0.6983,10000
4101,3000,checkpoints\seed_4101_age_3000.pt,2bc0cef79c4b840f2901da5dd6431d9b0ea145fb3e0d8bc65f094c4fd51ccb3e,5b0213c94acc2bf1a7ce1444f0a8c2598385ca2613f96b97d19de162d412094c,99f4ece8391fbeba8ad332dbf13935a29322adb8691e000d94ed76b5267b5411,full_per_parameter_reset,4101_3000_full_per_parameter_reset,0,0.8605628704071044,0.6983,10000
4101,3000,checkpoints\seed_4101_age_3000.pt,2bc0cef79c4b840f2901da5dd6431d9b0ea145fb3e0d8bc65f094c4fd51ccb3e,5b0213c94acc2bf1a7ce1444f0a8c2598385ca2613f96b97d19de162d412094c,99f4ece8391fbeba8ad332dbf13935a29322adb8691e000d94ed76b5267b5411,clean,4101_3000_clean,1,0.846970102405548,0.7034,10000
4101,3000,checkpoints\seed_4101_age_3000.pt,2bc0cef79c4b840f2901da5dd6431d9b0ea145fb3e0d8bc65f094c4fd51ccb3e,5b0213c94acc2bf1a7ce1444f0a8c2598385ca2613f96b97d19de162d412094c,99f4ece8391fbeba8ad332dbf13935a29322adb8691e000d94ed76b5267b5411,reset_m,4101_3000_reset_m,1,0.8461599746704102,0.7027,10000
4101,3000,checkpoints\seed_4101_age_3000.pt,2bc0cef79c4b840f2901da5dd6431d9b0ea145fb3e0d8bc65f094c4fd51ccb3e,5b0213c94acc2bf1a7ce1444f0a8c2598385ca2613f96b97d19de162d412094c,99f4ece8391fbeba8ad332dbf13935a29322adb8691e000d94ed76b5267b5411,reset_v,4101_3000_reset_v,1,622.5649927734376,0.0884,10000
4101,3000,checkpoints\seed_4101_age_3000.pt,2bc0cef79c4b840f2901da5dd6431d9b0ea145fb3e0d8bc65f094c4fd51ccb3e,5b0213c94acc2bf1a7ce1444f0a8c2598385ca2613f96b97d19de162d412094c,99f4ece8391fbeba8ad332dbf13935a29322adb8691e000d94ed76b5267b5411,full_per_parameter_reset,4101_3000_full_per_parameter_reset,1,1.2507835538864136,0.589,10000
4101,3000,checkpoints\seed_4101_age_3000.pt,2bc0cef79c4b840f2901da5dd6431d9b0ea145fb3e0d8bc65f094c4fd51ccb3e,5b0213c94acc2bf1a7ce1444f0a8c2598385ca2613f96b97d19de162d412094c,99f4ece8391fbeba8ad332dbf13935a29322adb8691e000d94ed76b5267b5411,clean,4101_3000_clean,25,0.9105285402297973,0.6794,10000
4101,3000,checkpoints\seed_4101_age_3000.pt,2bc0cef79c4b840f2901da5dd6431d9b0ea145fb3e0d8bc65f094c4fd51ccb3e,5b0213c94acc2bf1a7ce1444f0a8c2598385ca2613f96b97d19de162d412094c,99f4ece8391fbeba8ad332dbf13935a29322adb8691e000d94ed76b5267b5411,reset_m,4101_3000_reset_m,25,0.9160863540649414,0.6784,10000
4101,3000,checkpoints\seed_4101_age_3000.pt,2bc0cef79c4b840f2901da5dd6431d9b0ea145fb3e0d8bc65f094c4fd51ccb3e,5b0213c94acc2bf1a7ce1444f0a8c2598385ca2613f96b97d19de162d412094c,99f4ece8391fbeba8ad332dbf13935a29322adb8691e000d94ed76b5267b5411,reset_v,4101_3000_reset_v,25,2.8186800899505617,0.1339,10000
4101,3000,checkpoints\seed_4101_age_3000.pt,2bc0cef79c4b840f2901da5dd6431d9b0ea145fb3e0d8bc65f094c4fd51ccb3e,5b0213c94acc2bf1a7ce1444f0a8c2598385ca2613f96b97d19de162d412094c,99f4ece8391fbeba8ad332dbf13935a29322adb8691e000d94ed76b5267b5411,full_per_parameter_reset,4101_3000_full_per_parameter_reset,25,0.9177404127120972,0.6811,10000
4101,3000,checkpoints\seed_4101_age_3000.pt,2bc0cef79c4b840f2901da5dd6431d9b0ea145fb3e0d8bc65f094c4fd51ccb3e,5b0213c94acc2bf1a7ce1444f0a8c2598385ca2613f96b97d19de162d412094c,99f4ece8391fbeba8ad332dbf13935a29322adb8691e000d94ed76b5267b5411,clean,4101_3000_clean,50,0.8780662159919739,0.6922,10000
4101,3000,checkpoints\seed_4101_age_3000.pt,2bc0cef79c4b840f2901da5dd6431d9b0ea145fb3e0d8bc65f094c4fd51ccb3e,5b0213c94acc2bf1a7ce1444f0a8c2598385ca2613f96b97d19de162d412094c,99f4ece8391fbeba8ad332dbf13935a29322adb8691e000d94ed76b5267b5411,reset_m,4101_3000_reset_m,50,0.8731744892120361,0.6919,10000
4101,3000,checkpoints\seed_4101_age_3000.pt,2bc0cef79c4b840f2901da5dd6431d9b0ea145fb3e0d8bc65f094c4fd51ccb3e,5b0213c94acc2bf1a7ce1444f0a8c2598385ca2613f96b97d19de162d412094c,99f4ece8391fbeba8ad332dbf13935a29322adb8691e000d94ed76b5267b5411,reset_v,4101_3000_reset_v,50,2.298476243209839,0.1161,10000
4101,3000,checkpoints\seed_4101_age_3000.pt,2bc0cef79c4b840f2901da5dd6431d9b0ea145fb3e0d8bc65f094c4fd51ccb3e,5b0213c94acc2bf1a7ce1444f0a8c2598385ca2613f96b97d19de162d412094c,99f4ece8391fbeba8ad332dbf13935a29322adb8691e000d94ed76b5267b5411,full_per_parameter_reset,4101_3000_full_per_parameter_reset,50,0.8640290806770324,0.6934,10000
4101,3000,checkpoints\seed_4101_age_3000.pt,2bc0cef79c4b840f2901da5dd6431d9b0ea145fb3e0d8bc65f094c4fd51ccb3e,5b0213c94acc2bf1a7ce1444f0a8c2598385ca2613f96b97d19de162d412094c,99f4ece8391fbeba8ad332dbf13935a29322adb8691e000d94ed76b5267b5411,clean,4101_3000_clean,75,0.869390376663208,0.6884,10000
4101,3000,checkpoints\seed_4101_age_3000.pt,2bc0cef79c4b840f2901da5dd6431d9b0ea145fb3e0d8bc65f094c4fd51ccb3e,5b0213c94acc2bf1a7ce1444f0a8c2598385ca2613f96b97d19de162d412094c,99f4ece8391fbeba8ad332dbf13935a29322adb8691e000d94ed76b5267b5411,reset_m,4101_3000_reset_m,75,0.8706143920898437,0.6866,10000
4101,3000,checkpoints\seed_4101_age_3000.pt,2bc0cef79c4b840f2901da5dd6431d9b0ea145fb3e0d8bc65f094c4fd51ccb3e,5b0213c94acc2bf1a7ce1444f0a8c2598385ca2613f96b97d19de162d412094c,99f4ece8391fbeba8ad332dbf13935a29322adb8691e000d94ed76b5267b5411,reset_v,4101_3000_reset_v,75,2.2719879722595215,0.1408,10000
4101,3000,checkpoints\seed_4101_age_3000.pt,2bc0cef79c4b840f2901da5dd6431d9b0ea145fb3e0d8bc65f094c4fd51ccb3e,5b0213c94acc2bf1a7ce1444f0a8c2598385ca2613f96b97d19de162d412094c,99f4ece8391fbeba8ad332dbf13935a29322adb8691e000d94ed76b5267b5411,full_per_parameter_reset,4101_3000_full_per_parameter_reset,75,0.8777255382537842,0.6877,10000
4101,3000,checkpoints\seed_4101_age_3000.pt,2bc0cef79c4b840f2901da5dd6431d9b0ea145fb3e0d8bc65f094c4fd51ccb3e,5b0213c94acc2bf1a7ce1444f0a8c2598385ca2613f96b97d19de162d412094c,99f4ece8391fbeba8ad332dbf13935a29322adb8691e000d94ed76b5267b5411,clean,4101_3000_clean,100,0.8476789442062378,0.6974,10000
4101,3000,checkpoints\seed_4101_age_3000.pt,2bc0cef79c4b840f2901da5dd6431d9b0ea145fb3e0d8bc65f094c4fd51ccb3e,5b0213c94acc2bf1a7ce1444f0a8c2598385ca2613f96b97d19de162d412094c,99f4ece8391fbeba8ad332dbf13935a29322adb8691e000d94ed76b5267b5411,reset_m,4101_3000_reset_m,100,0.8463407231330872,0.6971,10000
4101,3000,checkpoints\seed_4101_age_3000.pt,2bc0cef79c4b840f2901da5dd6431d9b0ea145fb3e0d8bc65f094c4fd51ccb3e,5b0213c94acc2bf1a7ce1444f0a8c2598385ca2613f96b97d19de162d412094c,99f4ece8391fbeba8ad332dbf13935a29322adb8691e000d94ed76b5267b5411,reset_v,4101_3000_reset_v,100,2.244546646118164,0.1778,10000
4101,3000,checkpoints\seed_4101_age_3000.pt,2bc0cef79c4b840f2901da5dd6431d9b0ea145fb3e0d8bc65f094c4fd51ccb3e,5b0213c94acc2bf1a7ce1444f0a8c2598385ca2613f96b97d19de162d412094c,99f4ece8391fbeba8ad332dbf13935a29322adb8691e000d94ed76b5267b5411,full_per_parameter_reset,4101_3000_full_per_parameter_reset,100,0.8550119595527649,0.6947,10000
4102,500,checkpoints\seed_4102_age_500.pt,da1bb66616747478abdcbaccd070f5f5c080cf6119043897559bf4fc81014725,5b0213c94acc2bf1a7ce1444f0a8c2598385ca2613f96b97d19de162d412094c,7c5cbefe866ee50d39341250351e6170998b2a6aeedaf0fbc73fa23acd387fee,clean,4102_500_clean,0,1.5825040771484375,0.418,10000
4102,500,checkpoints\seed_4102_age_500.pt,da1bb66616747478abdcbaccd070f5f5c080cf6119043897559bf4fc81014725,5b0213c94acc2bf1a7ce1444f0a8c2598385ca2613f96b97d19de162d412094c,7c5cbefe866ee50d39341250351e6170998b2a6aeedaf0fbc73fa23acd387fee,reset_m,4102_500_reset_m,0,1.5825040771484375,0.418,10000
4102,500,checkpoints\seed_4102_age_500.pt,da1bb66616747478abdcbaccd070f5f5c080cf6119043897559bf4fc81014725,5b0213c94acc2bf1a7ce1444f0a8c2598385ca2613f96b97d19de162d412094c,7c5cbefe866ee50d39341250351e6170998b2a6aeedaf0fbc73fa23acd387fee,reset_v,4102_500_reset_v,0,1.5825040771484375,0.418,10000
4102,500,checkpoints\seed_4102_age_500.pt,da1bb66616747478abdcbaccd070f5f5c080cf6119043897559bf4fc81014725,5b0213c94acc2bf1a7ce1444f0a8c2598385ca2613f96b97d19de162d412094c,7c5cbefe866ee50d39341250351e6170998b2a6aeedaf0fbc73fa23acd387fee,full_per_parameter_reset,4102_500_full_per_parameter_reset,0,1.5825040771484375,0.418,10000
4102,500,checkpoints\seed_4102_age_500.pt,da1bb66616747478abdcbaccd070f5f5c080cf6119043897559bf4fc81014725,5b0213c94acc2bf1a7ce1444f0a8c2598385ca2613f96b97d19de162d412094c,7c5cbefe866ee50d39341250351e6170998b2a6aeedaf0fbc73fa23acd387fee,clean,4102_500_clean,1,1.5583294818878173,0.4244,10000
4102,500,checkpoints\seed_4102_age_500.pt,da1bb66616747478abdcbaccd070f5f5c080cf6119043897559bf4fc81014725,5b0213c94acc2bf1a7ce1444f0a8c2598385ca2613f96b97d19de162d412094c,7c5cbefe866ee50d39341250351e6170998b2a6aeedaf0fbc73fa23acd387fee,reset_m,4102_500_reset_m,1,1.492804640197754,0.4457,10000
4102,500,checkpoints\seed_4102_age_500.pt,da1bb66616747478abdcbaccd070f5f5c080cf6119043897559bf4fc81014725,5b0213c94acc2bf1a7ce1444f0a8c2598385ca2613f96b97d19de162d412094c,7c5cbefe866ee50d39341250351e6170998b2a6aeedaf0fbc73fa23acd387fee,reset_v,4102_500_reset_v,1,110.74886630859375,0.1,10000
4102,500,checkpoints\seed_4102_age_500.pt,da1bb66616747478abdcbaccd070f5f5c080cf6119043897559bf4fc81014725,5b0213c94acc2bf1a7ce1444f0a8c2598385ca2613f96b97d19de162d412094c,7c5cbefe866ee50d39341250351e6170998b2a6aeedaf0fbc73fa23acd387fee,full_per_parameter_reset,4102_500_full_per_parameter_reset,1,1.9451872547149658,0.3604,10000
4102,500,checkpoints\seed_4102_age_500.pt,da1bb66616747478abdcbaccd070f5f5c080cf6119043897559bf4fc81014725,5b0213c94acc2bf1a7ce1444f0a8c2598385ca2613f96b97d19de162d412094c,7c5cbefe866ee50d39341250351e6170998b2a6aeedaf0fbc73fa23acd387fee,clean,4102_500_clean,25,1.4827259170532228,0.4599,10000
4102,500,checkpoints\seed_4102_age_500.pt,da1bb66616747478abdcbaccd070f5f5c080cf6119043897559bf4fc81014725,5b0213c94acc2bf1a7ce1444f0a8c2598385ca2613f96b97d19de162d412094c,7c5cbefe866ee50d39341250351e6170998b2a6aeedaf0fbc73fa23acd387fee,reset_m,4102_500_reset_m,25,1.506125387573242,0.4487,10000
4102,500,checkpoints\seed_4102_age_500.pt,da1bb66616747478abdcbaccd070f5f5c080cf6119043897559bf4fc81014725,5b0213c94acc2bf1a7ce1444f0a8c2598385ca2613f96b97d19de162d412094c,7c5cbefe866ee50d39341250351e6170998b2a6aeedaf0fbc73fa23acd387fee,reset_v,4102_500_reset_v,25,2.2735837009429933,0.1146,10000
4102,500,checkpoints\seed_4102_age_500.pt,da1bb66616747478abdcbaccd070f5f5c080cf6119043897559bf4fc81014725,5b0213c94acc2bf1a7ce1444f0a8c2598385ca2613f96b97d19de162d412094c,7c5cbefe866ee50d39341250351e6170998b2a6aeedaf0fbc73fa23acd387fee,full_per_parameter_reset,4102_500_full_per_parameter_reset,25,1.459606937789917,0.4664,10000
4102,500,checkpoints\seed_4102_age_500.pt,da1bb66616747478abdcbaccd070f5f5c080cf6119043897559bf4fc81014725,5b0213c94acc2bf1a7ce1444f0a8c2598385ca2613f96b97d19de162d412094c,7c5cbefe866ee50d39341250351e6170998b2a6aeedaf0fbc73fa23acd387fee,clean,4102_500_clean,50,1.4307191801071166,0.4701,10000
4102,500,checkpoints\seed_4102_age_500.pt,da1bb66616747478abdcbaccd070f5f5c080cf6119043897559bf4fc81014725,5b0213c94acc2bf1a7ce1444f0a8c2598385ca2613f96b97d19de162d412094c,7c5cbefe866ee50d39341250351e6170998b2a6aeedaf0fbc73fa23acd387fee,reset_m,4102_500_reset_m,50,1.4335030641555786,0.4665,10000
4102,500,checkpoints\seed_4102_age_500.pt,da1bb66616747478abdcbaccd070f5f5c080cf6119043897559bf4fc81014725,5b0213c94acc2bf1a7ce1444f0a8c2598385ca2613f96b97d19de162d412094c,7c5cbefe866ee50d39341250351e6170998b2a6aeedaf0fbc73fa23acd387fee,reset_v,4102_500_reset_v,50,2.1988466072082518,0.2095,10000
4102,500,checkpoints\seed_4102_age_500.pt,da1bb66616747478abdcbaccd070f5f5c080cf6119043897559bf4fc81014725,5b0213c94acc2bf1a7ce1444f0a8c2598385ca2613f96b97d19de162d412094c,7c5cbefe866ee50d39341250351e6170998b2a6aeedaf0fbc73fa23acd387fee,full_per_parameter_reset,4102_500_full_per_parameter_reset,50,1.4297891998291015,0.4768,10000
4102,500,checkpoints\seed_4102_age_500.pt,da1bb66616747478abdcbaccd070f5f5c080cf6119043897559bf4fc81014725,5b0213c94acc2bf1a7ce1444f0a8c2598385ca2613f96b97d19de162d412094c,7c5cbefe866ee50d39341250351e6170998b2a6aeedaf0fbc73fa23acd387fee,clean,4102_500_clean,75,1.471659449195862,0.4516,10000
4102,500,checkpoints\seed_4102_age_500.pt,da1bb66616747478abdcbaccd070f5f5c080cf6119043897559bf4fc81014725,5b0213c94acc2bf1a7ce1444f0a8c2598385ca2613f96b97d19de162d412094c,7c5cbefe866ee50d39341250351e6170998b2a6aeedaf0fbc73fa23acd387fee,reset_m,4102_500_reset_m,75,1.5002004331588745,0.4311,10000
4102,500,checkpoints\seed_4102_age_500.pt,da1bb66616747478abdcbaccd070f5f5c080cf6119043897559bf4fc81014725,5b0213c94acc2bf1a7ce1444f0a8c2598385ca2613f96b97d19de162d412094c,7c5cbefe866ee50d39341250351e6170998b2a6aeedaf0fbc73fa23acd387fee,reset_v,4102_500_reset_v,75,2.0755693489074707,0.2362,10000
4102,500,checkpoints\seed_4102_age_500.pt,da1bb66616747478abdcbaccd070f5f5c080cf6119043897559bf4fc81014725,5b0213c94acc2bf1a7ce1444f0a8c2598385ca2613f96b97d19de162d412094c,7c5cbefe866ee50d39341250351e6170998b2a6aeedaf0fbc73fa23acd387fee,full_per_parameter_reset,4102_500_full_per_parameter_reset,75,1.4506893112182617,0.4608,10000
4102,500,checkpoints\seed_4102_age_500.pt,da1bb66616747478abdcbaccd070f5f5c080cf6119043897559bf4fc81014725,5b0213c94acc2bf1a7ce1444f0a8c2598385ca2613f96b97d19de162d412094c,7c5cbefe866ee50d39341250351e6170998b2a6aeedaf0fbc73fa23acd387fee,clean,4102_500_clean,100,1.4263553394317627,0.4759,10000
4102,500,checkpoints\seed_4102_age_500.pt,da1bb66616747478abdcbaccd070f5f5c080cf6119043897559bf4fc81014725,5b0213c94acc2bf1a7ce1444f0a8c2598385ca2613f96b97d19de162d412094c,7c5cbefe866ee50d39341250351e6170998b2a6aeedaf0fbc73fa23acd387fee,reset_m,4102_500_reset_m,100,1.4434992460250855,0.4687,10000
4102,500,checkpoints\seed_4102_age_500.pt,da1bb66616747478abdcbaccd070f5f5c080cf6119043897559bf4fc81014725,5b0213c94acc2bf1a7ce1444f0a8c2598385ca2613f96b97d19de162d412094c,7c5cbefe866ee50d39341250351e6170998b2a6aeedaf0fbc73fa23acd387fee,reset_v,4102_500_reset_v,100,2.0170251682281495,0.269,10000
4102,500,checkpoints\seed_4102_age_500.pt,da1bb66616747478abdcbaccd070f5f5c080cf6119043897559bf4fc81014725,5b0213c94acc2bf1a7ce1444f0a8c2598385ca2613f96b97d19de162d412094c,7c5cbefe866ee50d39341250351e6170998b2a6aeedaf0fbc73fa23acd387fee,full_per_parameter_reset,4102_500_full_per_parameter_reset,100,1.4394371417999268,0.4694,10000
4102,1500,checkpoints\seed_4102_age_1500.pt,a9563ab995f4aad0366306e42c54eb101d35861fd696564332b0277e8284ffc7,5b0213c94acc2bf1a7ce1444f0a8c2598385ca2613f96b97d19de162d412094c,7c5cbefe866ee50d39341250351e6170998b2a6aeedaf0fbc73fa23acd387fee,clean,4102_1500_clean,0,1.0756628452301025,0.61,10000
4102,1500,checkpoints\seed_4102_age_1500.pt,a9563ab995f4aad0366306e42c54eb101d35861fd696564332b0277e8284ffc7,5b0213c94acc2bf1a7ce1444f0a8c2598385ca2613f96b97d19de162d412094c,7c5cbefe866ee50d39341250351e6170998b2a6aeedaf0fbc73fa23acd387fee,reset_m,4102_1500_reset_m,0,1.0756628452301025,0.61,10000
4102,1500,checkpoints\seed_4102_age_1500.pt,a9563ab995f4aad0366306e42c54eb101d35861fd696564332b0277e8284ffc7,5b0213c94acc2bf1a7ce1444f0a8c2598385ca2613f96b97d19de162d412094c,7c5cbefe866ee50d39341250351e6170998b2a6aeedaf0fbc73fa23acd387fee,reset_v,4102_1500_reset_v,0,1.0756628452301025,0.61,10000
4102,1500,checkpoints\seed_4102_age_1500.pt,a9563ab995f4aad0366306e42c54eb101d35861fd696564332b0277e8284ffc7,5b0213c94acc2bf1a7ce1444f0a8c2598385ca2613f96b97d19de162d412094c,7c5cbefe866ee50d39341250351e6170998b2a6aeedaf0fbc73fa23acd387fee,full_per_parameter_reset,4102_1500_full_per_parameter_reset,0,1.0756628452301025,0.61,10000
4102,1500,checkpoints\seed_4102_age_1500.pt,a9563ab995f4aad0366306e42c54eb101d35861fd696564332b0277e8284ffc7,5b0213c94acc2bf1a7ce1444f0a8c2598385ca2613f96b97d19de162d412094c,7c5cbefe866ee50d39341250351e6170998b2a6aeedaf0fbc73fa23acd387fee,clean,4102_1500_clean,1,1.0611929639816284,0.6142,10000
4102,1500,checkpoints\seed_4102_age_1500.pt,a9563ab995f4aad0366306e42c54eb101d35861fd696564332b0277e8284ffc7,5b0213c94acc2bf1a7ce1444f0a8c2598385ca2613f96b97d19de162d412094c,7c5cbefe866ee50d39341250351e6170998b2a6aeedaf0fbc73fa23acd387fee,reset_m,4102_1500_reset_m,1,1.0320839120864869,0.6297,10000
4102,1500,checkpoints\seed_4102_age_1500.pt,a9563ab995f4aad0366306e42c54eb101d35861fd696564332b0277e8284ffc7,5b0213c94acc2bf1a7ce1444f0a8c2598385ca2613f96b97d19de162d412094c,7c5cbefe866ee50d39341250351e6170998b2a6aeedaf0fbc73fa23acd387fee,reset_v,4102_1500_reset_v,1,1372.1687671875,0.1,10000
4102,1500,checkpoints\seed_4102_age_1500.pt,a9563ab995f4aad0366306e42c54eb101d35861fd696564332b0277e8284ffc7,5b0213c94acc2bf1a7ce1444f0a8c2598385ca2613f96b97d19de162d412094c,7c5cbefe866ee50d39341250351e6170998b2a6aeedaf0fbc73fa23acd387fee,full_per_parameter_reset,4102_1500_full_per_parameter_reset,1,1.3206898891448975,0.5365,10000
4102,1500,checkpoints\seed_4102_age_1500.pt,a9563ab995f4aad0366306e42c54eb101d35861fd696564332b0277e8284ffc7,5b0213c94acc2bf1a7ce1444f0a8c2598385ca2613f96b97d19de162d412094c,7c5cbefe866ee50d39341250351e6170998b2a6aeedaf0fbc73fa23acd387fee,clean,4102_1500_clean,25,1.0243196117401123,0.6327,10000
4102,1500,checkpoints\seed_4102_age_1500.pt,a9563ab995f4aad0366306e42c54eb101d35861fd696564332b0277e8284ffc7,5b0213c94acc2bf1a7ce1444f0a8c2598385ca2613f96b97d19de162d412094c,7c5cbefe866ee50d39341250351e6170998b2a6aeedaf0fbc73fa23acd387fee,reset_m,4102_1500_reset_m,25,1.0236186096191406,0.6334,10000
4102,1500,checkpoints\seed_4102_age_1500.pt,a9563ab995f4aad0366306e42c54eb101d35861fd696564332b0277e8284ffc7,5b0213c94acc2bf1a7ce1444f0a8c2598385ca2613f96b97d19de162d412094c,7c5cbefe866ee50d39341250351e6170998b2a6aeedaf0fbc73fa23acd387fee,reset_v,4102_1500_reset_v,25,2.534774298477173,0.104,10000
4102,1500,checkpoints\seed_4102_age_1500.pt,a9563ab995f4aad0366306e42c54eb101d35861fd696564332b0277e8284ffc7,5b0213c94acc2bf1a7ce1444f0a8c2598385ca2613f96b97d19de162d412094c,7c5cbefe866ee50d39341250351e6170998b2a6aeedaf0fbc73fa23acd387fee,full_per_parameter_reset,4102_1500_full_per_parameter_reset,25,1.0455306217193603,0.6262,10000
4102,1500,checkpoints\seed_4102_age_1500.pt,a9563ab995f4aad0366306e42c54eb101d35861fd696564332b0277e8284ffc7,5b0213c94acc2bf1a7ce1444f0a8c2598385ca2613f96b97d19de162d412094c,7c5cbefe866ee50d39341250351e6170998b2a6aeedaf0fbc73fa23acd387fee,clean,4102_1500_clean,50,1.0213771530151368,0.6378,10000
4102,1500,checkpoints\seed_4102_age_1500.pt,a9563ab995f4aad0366306e42c54eb101d35861fd696564332b0277e8284ffc7,5b0213c94acc2bf1a7ce1444f0a8c2598385ca2613f96b97d19de162d412094c,7c5cbefe866ee50d39341250351e6170998b2a6aeedaf0fbc73fa23acd387fee,reset_m,4102_1500_reset_m,50,1.0247880382537842,0.6337,10000
4102,1500,checkpoints\seed_4102_age_1500.pt,a9563ab995f4aad0366306e42c54eb101d35861fd696564332b0277e8284ffc7,5b0213c94acc2bf1a7ce1444f0a8c2598385ca2613f96b97d19de162d412094c,7c5cbefe866ee50d39341250351e6170998b2a6aeedaf0fbc73fa23acd387fee,reset_v,4102_1500_reset_v,50,2.186387509918213,0.1813,10000
4102,1500,checkpoints\seed_4102_age_1500.pt,a9563ab995f4aad0366306e42c54eb101d35861fd696564332b0277e8284ffc7,5b0213c94acc2bf1a7ce1444f0a8c2598385ca2613f96b97d19de162d412094c,7c5cbefe866ee50d39341250351e6170998b2a6aeedaf0fbc73fa23acd387fee,full_per_parameter_reset,4102_1500_full_per_parameter_reset,50,1.0186737628936768,0.635,10000
4102,1500,checkpoints\seed_4102_age_1500.pt,a9563ab995f4aad0366306e42c54eb101d35861fd696564332b0277e8284ffc7,5b0213c94acc2bf1a7ce1444f0a8c2598385ca2613f96b97d19de162d412094c,7c5cbefe866ee50d39341250351e6170998b2a6aeedaf0fbc73fa23acd387fee,clean,4102_1500_clean,75,1.0625151527404786,0.6225,10000
4102,1500,checkpoints\seed_4102_age_1500.pt,a9563ab995f4aad0366306e42c54eb101d35861fd696564332b0277e8284ffc7,5b0213c94acc2bf1a7ce1444f0a8c2598385ca2613f96b97d19de162d412094c,7c5cbefe866ee50d39341250351e6170998b2a6aeedaf0fbc73fa23acd387fee,reset_m,4102_1500_reset_m,75,1.063946652984619,0.6228,10000
4102,1500,checkpoints\seed_4102_age_1500.pt,a9563ab995f4aad0366306e42c54eb101d35861fd696564332b0277e8284ffc7,5b0213c94acc2bf1a7ce1444f0a8c2598385ca2613f96b97d19de162d412094c,7c5cbefe866ee50d39341250351e6170998b2a6aeedaf0fbc73fa23acd387fee,reset_v,4102_1500_reset_v,75,1.994263233947754,0.2822,10000
4102,1500,checkpoints\seed_4102_age_1500.pt,a9563ab995f4aad0366306e42c54eb101d35861fd696564332b0277e8284ffc7,5b0213c94acc2bf1a7ce1444f0a8c2598385ca2613f96b97d19de162d412094c,7c5cbefe866ee50d39341250351e6170998b2a6aeedaf0fbc73fa23acd387fee,full_per_parameter_reset,4102_1500_full_per_parameter_reset,75,1.0491128757476806,0.6305,10000
4102,1500,checkpoints\seed_4102_age_1500.pt,a9563ab995f4aad0366306e42c54eb101d35861fd696564332b0277e8284ffc7,5b0213c94acc2bf1a7ce1444f0a8c2598385ca2613f96b97d19de162d412094c,7c5cbefe866ee50d39341250351e6170998b2a6aeedaf0fbc73fa23acd387fee,clean,4102_1500_clean,100,1.035914609527588,0.6306,10000
4102,1500,checkpoints\seed_4102_age_1500.pt,a9563ab995f4aad0366306e42c54eb101d35861fd696564332b0277e8284ffc7,5b0213c94acc2bf1a7ce1444f0a8c2598385ca2613f96b97d19de162d412094c,7c5cbefe866ee50d39341250351e6170998b2a6aeedaf0fbc73fa23acd387fee,reset_m,4102_1500_reset_m,100,1.0379063053131103,0.6305,10000
4102,1500,checkpoints\seed_4102_age_1500.pt,a9563ab995f4aad0366306e42c54eb101d35861fd696564332b0277e8284ffc7,5b0213c94acc2bf1a7ce1444f0a8c2598385ca2613f96b97d19de162d412094c,7c5cbefe866ee50d39341250351e6170998b2a6aeedaf0fbc73fa23acd387fee,reset_v,4102_1500_reset_v,100,1.9540305282592774,0.2984,10000
4102,1500,checkpoints\seed_4102_age_1500.pt,a9563ab995f4aad0366306e42c54eb101d35861fd696564332b0277e8284ffc7,5b0213c94acc2bf1a7ce1444f0a8c2598385ca2613f96b97d19de162d412094c,7c5cbefe866ee50d39341250351e6170998b2a6aeedaf0fbc73fa23acd387fee,full_per_parameter_reset,4102_1500_full_per_parameter_reset,100,1.0444924980163575,0.6232,10000
4102,3000,checkpoints\seed_4102_age_3000.pt,cd3b71846c92b204f3905ee1eadc5d069adf8ed0b150fb012045bad792731f29,5b0213c94acc2bf1a7ce1444f0a8c2598385ca2613f96b97d19de162d412094c,7c5cbefe866ee50d39341250351e6170998b2a6aeedaf0fbc73fa23acd387fee,clean,4102_3000_clean,0,0.912100159072876,0.6694,10000
4102,3000,checkpoints\seed_4102_age_3000.pt,cd3b71846c92b204f3905ee1eadc5d069adf8ed0b150fb012045bad792731f29,5b0213c94acc2bf1a7ce1444f0a8c2598385ca2613f96b97d19de162d412094c,7c5cbefe866ee50d39341250351e6170998b2a6aeedaf0fbc73fa23acd387fee,reset_m,4102_3000_reset_m,0,0.912100159072876,0.6694,10000
4102,3000,checkpoints\seed_4102_age_3000.pt,cd3b71846c92b204f3905ee1eadc5d069adf8ed0b150fb012045bad792731f29,5b0213c94acc2bf1a7ce1444f0a8c2598385ca2613f96b97d19de162d412094c,7c5cbefe866ee50d39341250351e6170998b2a6aeedaf0fbc73fa23acd387fee,reset_v,4102_3000_reset_v,0,0.912100159072876,0.6694,10000
4102,3000,checkpoints\seed_4102_age_3000.pt,cd3b71846c92b204f3905ee1eadc5d069adf8ed0b150fb012045bad792731f29,5b0213c94acc2bf1a7ce1444f0a8c2598385ca2613f96b97d19de162d412094c,7c5cbefe866ee50d39341250351e6170998b2a6aeedaf0fbc73fa23acd387fee,full_per_parameter_reset,4102_3000_full_per_parameter_reset,0,0.912100159072876,0.6694,10000
4102,3000,checkpoints\seed_4102_age_3000.pt,cd3b71846c92b204f3905ee1eadc5d069adf8ed0b150fb012045bad792731f29,5b0213c94acc2bf1a7ce1444f0a8c2598385ca2613f96b97d19de162d412094c,7c5cbefe866ee50d39341250351e6170998b2a6aeedaf0fbc73fa23acd387fee,clean,4102_3000_clean,1,0.8994209218978881,0.6758,10000
4102,3000,checkpoints\seed_4102_age_3000.pt,cd3b71846c92b204f3905ee1eadc5d069adf8ed0b150fb012045bad792731f29,5b0213c94acc2bf1a7ce1444f0a8c2598385ca2613f96b97d19de162d412094c,7c5cbefe866ee50d39341250351e6170998b2a6aeedaf0fbc73fa23acd387fee,reset_m,4102_3000_reset_m,1,0.8755427234649659,0.6844,10000
4102,3000,checkpoints\seed_4102_age_3000.pt,cd3b71846c92b204f3905ee1eadc5d069adf8ed0b150fb012045bad792731f29,5b0213c94acc2bf1a7ce1444f0a8c2598385ca2613f96b97d19de162d412094c,7c5cbefe866ee50d39341250351e6170998b2a6aeedaf0fbc73fa23acd387fee,reset_v,4102_3000_reset_v,1,4046.760525,0.1,10000
4102,3000,checkpoints\seed_4102_age_3000.pt,cd3b71846c92b204f3905ee1eadc5d069adf8ed0b150fb012045bad792731f29,5b0213c94acc2bf1a7ce1444f0a8c2598385ca2613f96b97d19de162d412094c,7c5cbefe866ee50d39341250351e6170998b2a6aeedaf0fbc73fa23acd387fee,full_per_parameter_reset,4102_3000_full_per_parameter_reset,1,1.0766775028228759,0.6306,10000
4102,3000,checkpoints\seed_4102_age_3000.pt,cd3b71846c92b204f3905ee1eadc5d069adf8ed0b150fb012045bad792731f29,5b0213c94acc2bf1a7ce1444f0a8c2598385ca2613f96b97d19de162d412094c,7c5cbefe866ee50d39341250351e6170998b2a6aeedaf0fbc73fa23acd387fee,clean,4102_3000_clean,25,0.8621817399024964,0.6909,10000
4102,3000,checkpoints\seed_4102_age_3000.pt,cd3b71846c92b204f3905ee1eadc5d069adf8ed0b150fb012045bad792731f29,5b0213c94acc2bf1a7ce1444f0a8c2598385ca2613f96b97d19de162d412094c,7c5cbefe866ee50d39341250351e6170998b2a6aeedaf0fbc73fa23acd387fee,reset_m,4102_3000_reset_m,25,0.8604570709228515,0.6943,10000
4102,3000,checkpoints\seed_4102_age_3000.pt,cd3b71846c92b204f3905ee1eadc5d069adf8ed0b150fb012045bad792731f29,5b0213c94acc2bf1a7ce1444f0a8c2598385ca2613f96b97d19de162d412094c,7c5cbefe866ee50d39341250351e6170998b2a6aeedaf0fbc73fa23acd387fee,reset_v,4102_3000_reset_v,25,4.554805023193359,0.0923,10000
4102,3000,checkpoints\seed_4102_age_3000.pt,cd3b71846c92b204f3905ee1eadc5d069adf8ed0b150fb012045bad792731f29,5b0213c94acc2bf1a7ce1444f0a8c2598385ca2613f96b97d19de162d412094c,7c5cbefe866ee50d39341250351e6170998b2a6aeedaf0fbc73fa23acd387fee,full_per_parameter_reset,4102_3000_full_per_parameter_reset,25,0.8754882236480713,0.6887,10000
4102,3000,checkpoints\seed_4102_age_3000.pt,cd3b71846c92b204f3905ee1eadc5d069adf8ed0b150fb012045bad792731f29,5b0213c94acc2bf1a7ce1444f0a8c2598385ca2613f96b97d19de162d412094c,7c5cbefe866ee50d39341250351e6170998b2a6aeedaf0fbc73fa23acd387fee,clean,4102_3000_clean,50,0.8629417119979859,0.6962,10000
4102,3000,checkpoints\seed_4102_age_3000.pt,cd3b71846c92b204f3905ee1eadc5d069adf8ed0b150fb012045bad792731f29,5b0213c94acc2bf1a7ce1444f0a8c2598385ca2613f96b97d19de162d412094c,7c5cbefe866ee50d39341250351e6170998b2a6aeedaf0fbc73fa23acd387fee,reset_m,4102_3000_reset_m,50,0.8625029077529908,0.6967,10000
4102,3000,checkpoints\seed_4102_age_3000.pt,cd3b71846c92b204f3905ee1eadc5d069adf8ed0b150fb012045bad792731f29,5b0213c94acc2bf1a7ce1444f0a8c2598385ca2613f96b97d19de162d412094c,7c5cbefe866ee50d39341250351e6170998b2a6aeedaf0fbc73fa23acd387fee,reset_v,4102_3000_reset_v,50,2.3471307586669923,0.1437,10000
4102,3000,checkpoints\seed_4102_age_3000.pt,cd3b71846c92b204f3905ee1eadc5d069adf8ed0b150fb012045bad792731f29,5b0213c94acc2bf1a7ce1444f0a8c2598385ca2613f96b97d19de162d412094c,7c5cbefe866ee50d39341250351e6170998b2a6aeedaf0fbc73fa23acd387fee,full_per_parameter_reset,4102_3000_full_per_parameter_reset,50,0.8633593282699585,0.6956,10000
4102,3000,checkpoints\seed_4102_age_3000.pt,cd3b71846c92b204f3905ee1eadc5d069adf8ed0b150fb012045bad792731f29,5b0213c94acc2bf1a7ce1444f0a8c2598385ca2613f96b97d19de162d412094c,7c5cbefe866ee50d39341250351e6170998b2a6aeedaf0fbc73fa23acd387fee,clean,4102_3000_clean,75,0.8713743579864502,0.692,10000
4102,3000,checkpoints\seed_4102_age_3000.pt,cd3b71846c92b204f3905ee1eadc5d069adf8ed0b150fb012045bad792731f29,5b0213c94acc2bf1a7ce1444f0a8c2598385ca2613f96b97d19de162d412094c,7c5cbefe866ee50d39341250351e6170998b2a6aeedaf0fbc73fa23acd387fee,reset_m,4102_3000_reset_m,75,0.8705779837608337,0.6913,10000
4102,3000,checkpoints\seed_4102_age_3000.pt,cd3b71846c92b204f3905ee1eadc5d069adf8ed0b150fb012045bad792731f29,5b0213c94acc2bf1a7ce1444f0a8c2598385ca2613f96b97d19de162d412094c,7c5cbefe866ee50d39341250351e6170998b2a6aeedaf0fbc73fa23acd387fee,reset_v,4102_3000_reset_v,75,2.2511392414093017,0.1684,10000
4102,3000,checkpoints\seed_4102_age_3000.pt,cd3b71846c92b204f3905ee1eadc5d069adf8ed0b150fb012045bad792731f29,5b0213c94acc2bf1a7ce1444f0a8c2598385ca2613f96b97d19de162d412094c,7c5cbefe866ee50d39341250351e6170998b2a6aeedaf0fbc73fa23acd387fee,full_per_parameter_reset,4102_3000_full_per_parameter_reset,75,0.8966715629577636,0.6826,10000
4102,3000,checkpoints\seed_4102_age_3000.pt,cd3b71846c92b204f3905ee1eadc5d069adf8ed0b150fb012045bad792731f29,5b0213c94acc2bf1a7ce1444f0a8c2598385ca2613f96b97d19de162d412094c,7c5cbefe866ee50d39341250351e6170998b2a6aeedaf0fbc73fa23acd387fee,clean,4102_3000_clean,100,0.880436834526062,0.6898,10000
4102,3000,checkpoints\seed_4102_age_3000.pt,cd3b71846c92b204f3905ee1eadc5d069adf8ed0b150fb012045bad792731f29,5b0213c94acc2bf1a7ce1444f0a8c2598385ca2613f96b97d19de162d412094c,7c5cbefe866ee50d39341250351e6170998b2a6aeedaf0fbc73fa23acd387fee,reset_m,4102_3000_reset_m,100,0.877517438697815,0.6903,10000
4102,3000,checkpoints\seed_4102_age_3000.pt,cd3b71846c92b204f3905ee1eadc5d069adf8ed0b150fb012045bad792731f29,5b0213c94acc2bf1a7ce1444f0a8c2598385ca2613f96b97d19de162d412094c,7c5cbefe866ee50d39341250351e6170998b2a6aeedaf0fbc73fa23acd387fee,reset_v,4102_3000_reset_v,100,2.187171951675415,0.1776,10000
4102,3000,checkpoints\seed_4102_age_3000.pt,cd3b71846c92b204f3905ee1eadc5d069adf8ed0b150fb012045bad792731f29,5b0213c94acc2bf1a7ce1444f0a8c2598385ca2613f96b97d19de162d412094c,7c5cbefe866ee50d39341250351e6170998b2a6aeedaf0fbc73fa23acd387fee,full_per_parameter_reset,4102_3000_full_per_parameter_reset,100,0.8803735637664795,0.6882,10000
4103,500,checkpoints\seed_4103_age_500.pt,c0ba81aa08f750938639413cd59f65c4ccc65ef431fbf6fcf58a78aa74071032,5b0213c94acc2bf1a7ce1444f0a8c2598385ca2613f96b97d19de162d412094c,686a3c24e1121883e4cc4f12f482619b9c042d6d83d2eb29f42aa8ea44145f24,clean,4103_500_clean,0,1.4501694236755371,0.4672,10000
4103,500,checkpoints\seed_4103_age_500.pt,c0ba81aa08f750938639413cd59f65c4ccc65ef431fbf6fcf58a78aa74071032,5b0213c94acc2bf1a7ce1444f0a8c2598385ca2613f96b97d19de162d412094c,686a3c24e1121883e4cc4f12f482619b9c042d6d83d2eb29f42aa8ea44145f24,reset_m,4103_500_reset_m,0,1.4501694236755371,0.4672,10000
4103,500,checkpoints\seed_4103_age_500.pt,c0ba81aa08f750938639413cd59f65c4ccc65ef431fbf6fcf58a78aa74071032,5b0213c94acc2bf1a7ce1444f0a8c2598385ca2613f96b97d19de162d412094c,686a3c24e1121883e4cc4f12f482619b9c042d6d83d2eb29f42aa8ea44145f24,reset_v,4103_500_reset_v,0,1.4501694236755371,0.4672,10000
4103,500,checkpoints\seed_4103_age_500.pt,c0ba81aa08f750938639413cd59f65c4ccc65ef431fbf6fcf58a78aa74071032,5b0213c94acc2bf1a7ce1444f0a8c2598385ca2613f96b97d19de162d412094c,686a3c24e1121883e4cc4f12f482619b9c042d6d83d2eb29f42aa8ea44145f24,full_per_parameter_reset,4103_500_full_per_parameter_reset,0,1.4501694236755371,0.4672,10000
4103,500,checkpoints\seed_4103_age_500.pt,c0ba81aa08f750938639413cd59f65c4ccc65ef431fbf6fcf58a78aa74071032,5b0213c94acc2bf1a7ce1444f0a8c2598385ca2613f96b97d19de162d412094c,686a3c24e1121883e4cc4f12f482619b9c042d6d83d2eb29f42aa8ea44145f24,clean,4103_500_clean,1,1.4524500389099122,0.4694,10000
4103,500,checkpoints\seed_4103_age_500.pt,c0ba81aa08f750938639413cd59f65c4ccc65ef431fbf6fcf58a78aa74071032,5b0213c94acc2bf1a7ce1444f0a8c2598385ca2613f96b97d19de162d412094c,686a3c24e1121883e4cc4f12f482619b9c042d6d83d2eb29f42aa8ea44145f24,reset_m,4103_500_reset_m,1,1.434148345565796,0.4698,10000
4103,500,checkpoints\seed_4103_age_500.pt,c0ba81aa08f750938639413cd59f65c4ccc65ef431fbf6fcf58a78aa74071032,5b0213c94acc2bf1a7ce1444f0a8c2598385ca2613f96b97d19de162d412094c,686a3c24e1121883e4cc4f12f482619b9c042d6d83d2eb29f42aa8ea44145f24,reset_v,4103_500_reset_v,1,609.2999009765625,0.1,10000
4103,500,checkpoints\seed_4103_age_500.pt,c0ba81aa08f750938639413cd59f65c4ccc65ef431fbf6fcf58a78aa74071032,5b0213c94acc2bf1a7ce1444f0a8c2598385ca2613f96b97d19de162d412094c,686a3c24e1121883e4cc4f12f482619b9c042d6d83d2eb29f42aa8ea44145f24,full_per_parameter_reset,4103_500_full_per_parameter_reset,1,1.973020057296753,0.3115,10000
4103,500,checkpoints\seed_4103_age_500.pt,c0ba81aa08f750938639413cd59f65c4ccc65ef431fbf6fcf58a78aa74071032,5b0213c94acc2bf1a7ce1444f0a8c2598385ca2613f96b97d19de162d412094c,686a3c24e1121883e4cc4f12f482619b9c042d6d83d2eb29f42aa8ea44145f24,clean,4103_500_clean,25,1.4494288890838622,0.4652,10000
4103,500,checkpoints\seed_4103_age_500.pt,c0ba81aa08f750938639413cd59f65c4ccc65ef431fbf6fcf58a78aa74071032,5b0213c94acc2bf1a7ce1444f0a8c2598385ca2613f96b97d19de162d412094c,686a3c24e1121883e4cc4f12f482619b9c042d6d83d2eb29f42aa8ea44145f24,reset_m,4103_500_reset_m,25,1.4768389120101928,0.4516,10000
4103,500,checkpoints\seed_4103_age_500.pt,c0ba81aa08f750938639413cd59f65c4ccc65ef431fbf6fcf58a78aa74071032,5b0213c94acc2bf1a7ce1444f0a8c2598385ca2613f96b97d19de162d412094c,686a3c24e1121883e4cc4f12f482619b9c042d6d83d2eb29f42aa8ea44145f24,reset_v,4103_500_reset_v,25,2.3287111503601072,0.1029,10000
4103,500,checkpoints\seed_4103_age_500.pt,c0ba81aa08f750938639413cd59f65c4ccc65ef431fbf6fcf58a78aa74071032,5b0213c94acc2bf1a7ce1444f0a8c2598385ca2613f96b97d19de162d412094c,686a3c24e1121883e4cc4f12f482619b9c042d6d83d2eb29f42aa8ea44145f24,full_per_parameter_reset,4103_500_full_per_parameter_reset,25,1.4576507905960083,0.4738,10000
4103,500,checkpoints\seed_4103_age_500.pt,c0ba81aa08f750938639413cd59f65c4ccc65ef431fbf6fcf58a78aa74071032,5b0213c94acc2bf1a7ce1444f0a8c2598385ca2613f96b97d19de162d412094c,686a3c24e1121883e4cc4f12f482619b9c042d6d83d2eb29f42aa8ea44145f24,clean,4103_500_clean,50,1.4295518913269043,0.4678,10000
4103,500,checkpoints\seed_4103_age_500.pt,c0ba81aa08f750938639413cd59f65c4ccc65ef431fbf6fcf58a78aa74071032,5b0213c94acc2bf1a7ce1444f0a8c2598385ca2613f96b97d19de162d412094c,686a3c24e1121883e4cc4f12f482619b9c042d6d83d2eb29f42aa8ea44145f24,reset_m,4103_500_reset_m,50,1.4393423530578613,0.461,10000
4103,500,checkpoints\seed_4103_age_500.pt,c0ba81aa08f750938639413cd59f65c4ccc65ef431fbf6fcf58a78aa74071032,5b0213c94acc2bf1a7ce1444f0a8c2598385ca2613f96b97d19de162d412094c,686a3c24e1121883e4cc4f12f482619b9c042d6d83d2eb29f42aa8ea44145f24,reset_v,4103_500_reset_v,50,2.2497150497436524,0.177,10000
4103,500,checkpoints\seed_4103_age_500.pt,c0ba81aa08f750938639413cd59f65c4ccc65ef431fbf6fcf58a78aa74071032,5b0213c94acc2bf1a7ce1444f0a8c2598385ca2613f96b97d19de162d412094c,686a3c24e1121883e4cc4f12f482619b9c042d6d83d2eb29f42aa8ea44145f24,full_per_parameter_reset,4103_500_full_per_parameter_reset,50,1.468542984199524,0.465,10000
4103,500,checkpoints\seed_4103_age_500.pt,c0ba81aa08f750938639413cd59f65c4ccc65ef431fbf6fcf58a78aa74071032,5b0213c94acc2bf1a7ce1444f0a8c2598385ca2613f96b97d19de162d412094c,686a3c24e1121883e4cc4f12f482619b9c042d6d83d2eb29f42aa8ea44145f24,clean,4103_500_clean,75,1.4049953189849853,0.4764,10000
4103,500,checkpoints\seed_4103_age_500.pt,c0ba81aa08f750938639413cd59f65c4ccc65ef431fbf6fcf58a78aa74071032,5b0213c94acc2bf1a7ce1444f0a8c2598385ca2613f96b97d19de162d412094c,686a3c24e1121883e4cc4f12f482619b9c042d6d83d2eb29f42aa8ea44145f24,reset_m,4103_500_reset_m,75,1.4187883098602294,0.4696,10000
4103,500,checkpoints\seed_4103_age_500.pt,c0ba81aa08f750938639413cd59f65c4ccc65ef431fbf6fcf58a78aa74071032,5b0213c94acc2bf1a7ce1444f0a8c2598385ca2613f96b97d19de162d412094c,686a3c24e1121883e4cc4f12f482619b9c042d6d83d2eb29f42aa8ea44145f24,reset_v,4103_500_reset_v,75,2.1021289291381837,0.241,10000
4103,500,checkpoints\seed_4103_age_500.pt,c0ba81aa08f750938639413cd59f65c4ccc65ef431fbf6fcf58a78aa74071032,5b0213c94acc2bf1a7ce1444f0a8c2598385ca2613f96b97d19de162d412094c,686a3c24e1121883e4cc4f12f482619b9c042d6d83d2eb29f42aa8ea44145f24,full_per_parameter_reset,4103_500_full_per_parameter_reset,75,1.4074459257125855,0.4703,10000
4103,500,checkpoints\seed_4103_age_500.pt,c0ba81aa08f750938639413cd59f65c4ccc65ef431fbf6fcf58a78aa74071032,5b0213c94acc2bf1a7ce1444f0a8c2598385ca2613f96b97d19de162d412094c,686a3c24e1121883e4cc4f12f482619b9c042d6d83d2eb29f42aa8ea44145f24,clean,4103_500_clean,100,1.3546530479431151,0.5063,10000
4103,500,checkpoints\seed_4103_age_500.pt,c0ba81aa08f750938639413cd59f65c4ccc65ef431fbf6fcf58a78aa74071032,5b0213c94acc2bf1a7ce1444f0a8c2598385ca2613f96b97d19de162d412094c,686a3c24e1121883e4cc4f12f482619b9c042d6d83d2eb29f42aa8ea44145f24,reset_m,4103_500_reset_m,100,1.3654301300048828,0.5023,10000
4103,500,checkpoints\seed_4103_age_500.pt,c0ba81aa08f750938639413cd59f65c4ccc65ef431fbf6fcf58a78aa74071032,5b0213c94acc2bf1a7ce1444f0a8c2598385ca2613f96b97d19de162d412094c,686a3c24e1121883e4cc4f12f482619b9c042d6d83d2eb29f42aa8ea44145f24,reset_v,4103_500_reset_v,100,2.005536043167114,0.2711,10000
4103,500,checkpoints\seed_4103_age_500.pt,c0ba81aa08f750938639413cd59f65c4ccc65ef431fbf6fcf58a78aa74071032,5b0213c94acc2bf1a7ce1444f0a8c2598385ca2613f96b97d19de162d412094c,686a3c24e1121883e4cc4f12f482619b9c042d6d83d2eb29f42aa8ea44145f24,full_per_parameter_reset,4103_500_full_per_parameter_reset,100,1.3730202793121338,0.4948,10000
4103,1500,checkpoints\seed_4103_age_1500.pt,8b4c589069acbed385cddb4a4a26dbda6fe8f9212d9ab307427aaf30dcc1531b,5b0213c94acc2bf1a7ce1444f0a8c2598385ca2613f96b97d19de162d412094c,686a3c24e1121883e4cc4f12f482619b9c042d6d83d2eb29f42aa8ea44145f24,clean,4103_1500_clean,0,1.0438219692230224,0.6238,10000
4103,1500,checkpoints\seed_4103_age_1500.pt,8b4c589069acbed385cddb4a4a26dbda6fe8f9212d9ab307427aaf30dcc1531b,5b0213c94acc2bf1a7ce1444f0a8c2598385ca2613f96b97d19de162d412094c,686a3c24e1121883e4cc4f12f482619b9c042d6d83d2eb29f42aa8ea44145f24,reset_m,4103_1500_reset_m,0,1.0438219692230224,0.6238,10000
4103,1500,checkpoints\seed_4103_age_1500.pt,8b4c589069acbed385cddb4a4a26dbda6fe8f9212d9ab307427aaf30dcc1531b,5b0213c94acc2bf1a7ce1444f0a8c2598385ca2613f96b97d19de162d412094c,686a3c24e1121883e4cc4f12f482619b9c042d6d83d2eb29f42aa8ea44145f24,reset_v,4103_1500_reset_v,0,1.0438219692230224,0.6238,10000
4103,1500,checkpoints\seed_4103_age_1500.pt,8b4c589069acbed385cddb4a4a26dbda6fe8f9212d9ab307427aaf30dcc1531b,5b0213c94acc2bf1a7ce1444f0a8c2598385ca2613f96b97d19de162d412094c,686a3c24e1121883e4cc4f12f482619b9c042d6d83d2eb29f42aa8ea44145f24,full_per_parameter_reset,4103_1500_full_per_parameter_reset,0,1.0438219692230224,0.6238,10000
4103,1500,checkpoints\seed_4103_age_1500.pt,8b4c589069acbed385cddb4a4a26dbda6fe8f9212d9ab307427aaf30dcc1531b,5b0213c94acc2bf1a7ce1444f0a8c2598385ca2613f96b97d19de162d412094c,686a3c24e1121883e4cc4f12f482619b9c042d6d83d2eb29f42aa8ea44145f24,clean,4103_1500_clean,1,1.0449057760238647,0.6251,10000
4103,1500,checkpoints\seed_4103_age_1500.pt,8b4c589069acbed385cddb4a4a26dbda6fe8f9212d9ab307427aaf30dcc1531b,5b0213c94acc2bf1a7ce1444f0a8c2598385ca2613f96b97d19de162d412094c,686a3c24e1121883e4cc4f12f482619b9c042d6d83d2eb29f42aa8ea44145f24,reset_m,4103_1500_reset_m,1,1.0291288986206055,0.631,10000
4103,1500,checkpoints\seed_4103_age_1500.pt,8b4c589069acbed385cddb4a4a26dbda6fe8f9212d9ab307427aaf30dcc1531b,5b0213c94acc2bf1a7ce1444f0a8c2598385ca2613f96b97d19de162d412094c,686a3c24e1121883e4cc4f12f482619b9c042d6d83d2eb29f42aa8ea44145f24,reset_v,4103_1500_reset_v,1,36524.5996875,0.1,10000
4103,1500,checkpoints\seed_4103_age_1500.pt,8b4c589069acbed385cddb4a4a26dbda6fe8f9212d9ab307427aaf30dcc1531b,5b0213c94acc2bf1a7ce1444f0a8c2598385ca2613f96b97d19de162d412094c,686a3c24e1121883e4cc4f12f482619b9c042d6d83d2eb29f42aa8ea44145f24,full_per_parameter_reset,4103_1500_full_per_parameter_reset,1,1.3009146759033203,0.5636,10000
4103,1500,checkpoints\seed_4103_age_1500.pt,8b4c589069acbed385cddb4a4a26dbda6fe8f9212d9ab307427aaf30dcc1531b,5b0213c94acc2bf1a7ce1444f0a8c2598385ca2613f96b97d19de162d412094c,686a3c24e1121883e4cc4f12f482619b9c042d6d83d2eb29f42aa8ea44145f24,clean,4103_1500_clean,25,1.00801225605011,0.6338,10000
4103,1500,checkpoints\seed_4103_age_1500.pt,8b4c589069acbed385cddb4a4a26dbda6fe8f9212d9ab307427aaf30dcc1531b,5b0213c94acc2bf1a7ce1444f0a8c2598385ca2613f96b97d19de162d412094c,686a3c24e1121883e4cc4f12f482619b9c042d6d83d2eb29f42aa8ea44145f24,reset_m,4103_1500_reset_m,25,1.019301948928833,0.6263,10000
4103,1500,checkpoints\seed_4103_age_1500.pt,8b4c589069acbed385cddb4a4a26dbda6fe8f9212d9ab307427aaf30dcc1531b,5b0213c94acc2bf1a7ce1444f0a8c2598385ca2613f96b97d19de162d412094c,686a3c24e1121883e4cc4f12f482619b9c042d6d83d2eb29f42aa8ea44145f24,reset_v,4103_1500_reset_v,25,216.3192001953125,0.1152,10000
4103,1500,checkpoints\seed_4103_age_1500.pt,8b4c589069acbed385cddb4a4a26dbda6fe8f9212d9ab307427aaf30dcc1531b,5b0213c94acc2bf1a7ce1444f0a8c2598385ca2613f96b97d19de162d412094c,686a3c24e1121883e4cc4f12f482619b9c042d6d83d2eb29f42aa8ea44145f24,full_per_parameter_reset,4103_1500_full_per_parameter_reset,25,1.0202281723022462,0.6322,10000
4103,1500,checkpoints\seed_4103_age_1500.pt,8b4c589069acbed385cddb4a4a26dbda6fe8f9212d9ab307427aaf30dcc1531b,5b0213c94acc2bf1a7ce1444f0a8c2598385ca2613f96b97d19de162d412094c,686a3c24e1121883e4cc4f12f482619b9c042d6d83d2eb29f42aa8ea44145f24,clean,4103_1500_clean,50,1.0322797325134276,0.6298,10000
4103,1500,checkpoints\seed_4103_age_1500.pt,8b4c589069acbed385cddb4a4a26dbda6fe8f9212d9ab307427aaf30dcc1531b,5b0213c94acc2bf1a7ce1444f0a8c2598385ca2613f96b97d19de162d412094c,686a3c24e1121883e4cc4f12f482619b9c042d6d83d2eb29f42aa8ea44145f24,reset_m,4103_1500_reset_m,50,1.0300507776260377,0.6319,10000
4103,1500,checkpoints\seed_4103_age_1500.pt,8b4c589069acbed385cddb4a4a26dbda6fe8f9212d9ab307427aaf30dcc1531b,5b0213c94acc2bf1a7ce1444f0a8c2598385ca2613f96b97d19de162d412094c,686a3c24e1121883e4cc4f12f482619b9c042d6d83d2eb29f42aa8ea44145f24,reset_v,4103_1500_reset_v,50,28.16078480834961,0.1282,10000
4103,1500,checkpoints\seed_4103_age_1500.pt,8b4c589069acbed385cddb4a4a26dbda6fe8f9212d9ab307427aaf30dcc1531b,5b0213c94acc2bf1a7ce1444f0a8c2598385ca2613f96b97d19de162d412094c,686a3c24e1121883e4cc4f12f482619b9c042d6d83d2eb29f42aa8ea44145f24,full_per_parameter_reset,4103_1500_full_per_parameter_reset,50,1.0217698616027833,0.6288,10000
4103,1500,checkpoints\seed_4103_age_1500.pt,8b4c589069acbed385cddb4a4a26dbda6fe8f9212d9ab307427aaf30dcc1531b,5b0213c94acc2bf1a7ce1444f0a8c2598385ca2613f96b97d19de162d412094c,686a3c24e1121883e4cc4f12f482619b9c042d6d83d2eb29f42aa8ea44145f24,clean,4103_1500_clean,75,1.0138127786636353,0.6313,10000
4103,1500,checkpoints\seed_4103_age_1500.pt,8b4c589069acbed385cddb4a4a26dbda6fe8f9212d9ab307427aaf30dcc1531b,5b0213c94acc2bf1a7ce1444f0a8c2598385ca2613f96b97d19de162d412094c,686a3c24e1121883e4cc4f12f482619b9c042d6d83d2eb29f42aa8ea44145f24,reset_m,4103_1500_reset_m,75,1.0073551586151124,0.6336,10000
4103,1500,checkpoints\seed_4103_age_1500.pt,8b4c589069acbed385cddb4a4a26dbda6fe8f9212d9ab307427aaf30dcc1531b,5b0213c94acc2bf1a7ce1444f0a8c2598385ca2613f96b97d19de162d412094c,686a3c24e1121883e4cc4f12f482619b9c042d6d83d2eb29f42aa8ea44145f24,reset_v,4103_1500_reset_v,75,6.0174163185119625,0.1398,10000
4103,1500,checkpoints\seed_4103_age_1500.pt,8b4c589069acbed385cddb4a4a26dbda6fe8f9212d9ab307427aaf30dcc1531b,5b0213c94acc2bf1a7ce1444f0a8c2598385ca2613f96b97d19de162d412094c,686a3c24e1121883e4cc4f12f482619b9c042d6d83d2eb29f42aa8ea44145f24,full_per_parameter_reset,4103_1500_full_per_parameter_reset,75,1.031851950454712,0.6275,10000
4103,1500,checkpoints\seed_4103_age_1500.pt,8b4c589069acbed385cddb4a4a26dbda6fe8f9212d9ab307427aaf30dcc1531b,5b0213c94acc2bf1a7ce1444f0a8c2598385ca2613f96b97d19de162d412094c,686a3c24e1121883e4cc4f12f482619b9c042d6d83d2eb29f42aa8ea44145f24,clean,4103_1500_clean,100,1.0235120729446412,0.6268,10000
4103,1500,checkpoints\seed_4103_age_1500.pt,8b4c589069acbed385cddb4a4a26dbda6fe8f9212d9ab307427aaf30dcc1531b,5b0213c94acc2bf1a7ce1444f0a8c2598385ca2613f96b97d19de162d412094c,686a3c24e1121883e4cc4f12f482619b9c042d6d83d2eb29f42aa8ea44145f24,reset_m,4103_1500_reset_m,100,1.02683490524292,0.6243,10000
4103,1500,checkpoints\seed_4103_age_1500.pt,8b4c589069acbed385cddb4a4a26dbda6fe8f9212d9ab307427aaf30dcc1531b,5b0213c94acc2bf1a7ce1444f0a8c2598385ca2613f96b97d19de162d412094c,686a3c24e1121883e4cc4f12f482619b9c042d6d83d2eb29f42aa8ea44145f24,reset_v,4103_1500_reset_v,100,3.659492321014404,0.1442,10000
4103,1500,checkpoints\seed_4103_age_1500.pt,8b4c589069acbed385cddb4a4a26dbda6fe8f9212d9ab307427aaf30dcc1531b,5b0213c94acc2bf1a7ce1444f0a8c2598385ca2613f96b97d19de162d412094c,686a3c24e1121883e4cc4f12f482619b9c042d6d83d2eb29f42aa8ea44145f24,full_per_parameter_reset,4103_1500_full_per_parameter_reset,100,1.0095275552749634,0.6318,10000
4103,3000,checkpoints\seed_4103_age_3000.pt,04b8f9f17948333384efe9da5b3bab5dbcb26c2828b9e3063ec79409894614db,5b0213c94acc2bf1a7ce1444f0a8c2598385ca2613f96b97d19de162d412094c,686a3c24e1121883e4cc4f12f482619b9c042d6d83d2eb29f42aa8ea44145f24,clean,4103_3000_clean,0,0.8463776109695434,0.6978,10000
4103,3000,checkpoints\seed_4103_age_3000.pt,04b8f9f17948333384efe9da5b3bab5dbcb26c2828b9e3063ec79409894614db,5b0213c94acc2bf1a7ce1444f0a8c2598385ca2613f96b97d19de162d412094c,686a3c24e1121883e4cc4f12f482619b9c042d6d83d2eb29f42aa8ea44145f24,reset_m,4103_3000_reset_m,0,0.8463776109695434,0.6978,10000
4103,3000,checkpoints\seed_4103_age_3000.pt,04b8f9f17948333384efe9da5b3bab5dbcb26c2828b9e3063ec79409894614db,5b0213c94acc2bf1a7ce1444f0a8c2598385ca2613f96b97d19de162d412094c,686a3c24e1121883e4cc4f12f482619b9c042d6d83d2eb29f42aa8ea44145f24,reset_v,4103_3000_reset_v,0,0.8463776109695434,0.6978,10000
4103,3000,checkpoints\seed_4103_age_3000.pt,04b8f9f17948333384efe9da5b3bab5dbcb26c2828b9e3063ec79409894614db,5b0213c94acc2bf1a7ce1444f0a8c2598385ca2613f96b97d19de162d412094c,686a3c24e1121883e4cc4f12f482619b9c042d6d83d2eb29f42aa8ea44145f24,full_per_parameter_reset,4103_3000_full_per_parameter_reset,0,0.8463776109695434,0.6978,10000
4103,3000,checkpoints\seed_4103_age_3000.pt,04b8f9f17948333384efe9da5b3bab5dbcb26c2828b9e3063ec79409894614db,5b0213c94acc2bf1a7ce1444f0a8c2598385ca2613f96b97d19de162d412094c,686a3c24e1121883e4cc4f12f482619b9c042d6d83d2eb29f42aa8ea44145f24,clean,4103_3000_clean,1,0.8994100746154785,0.6824,10000
4103,3000,checkpoints\seed_4103_age_3000.pt,04b8f9f17948333384efe9da5b3bab5dbcb26c2828b9e3063ec79409894614db,5b0213c94acc2bf1a7ce1444f0a8c2598385ca2613f96b97d19de162d412094c,686a3c24e1121883e4cc4f12f482619b9c042d6d83d2eb29f42aa8ea44145f24,reset_m,4103_3000_reset_m,1,0.8320727431297302,0.7046,10000
4103,3000,checkpoints\seed_4103_age_3000.pt,04b8f9f17948333384efe9da5b3bab5dbcb26c2828b9e3063ec79409894614db,5b0213c94acc2bf1a7ce1444f0a8c2598385ca2613f96b97d19de162d412094c,686a3c24e1121883e4cc4f12f482619b9c042d6d83d2eb29f42aa8ea44145f24,reset_v,4103_3000_reset_v,1,155548.83115,0.1,10000
4103,3000,checkpoints\seed_4103_age_3000.pt,04b8f9f17948333384efe9da5b3bab5dbcb26c2828b9e3063ec79409894614db,5b0213c94acc2bf1a7ce1444f0a8c2598385ca2613f96b97d19de162d412094c,686a3c24e1121883e4cc4f12f482619b9c042d6d83d2eb29f42aa8ea44145f24,full_per_parameter_reset,4103_3000_full_per_parameter_reset,1,1.1500672728538512,0.6182,10000
4103,3000,checkpoints\seed_4103_age_3000.pt,04b8f9f17948333384efe9da5b3bab5dbcb26c2828b9e3063ec79409894614db,5b0213c94acc2bf1a7ce1444f0a8c2598385ca2613f96b97d19de162d412094c,686a3c24e1121883e4cc4f12f482619b9c042d6d83d2eb29f42aa8ea44145f24,clean,4103_3000_clean,25,0.8367525204658508,0.6999,10000
4103,3000,checkpoints\seed_4103_age_3000.pt,04b8f9f17948333384efe9da5b3bab5dbcb26c2828b9e3063ec79409894614db,5b0213c94acc2bf1a7ce1444f0a8c2598385ca2613f96b97d19de162d412094c,686a3c24e1121883e4cc4f12f482619b9c042d6d83d2eb29f42aa8ea44145f24,reset_m,4103_3000_reset_m,25,0.8449484117507935,0.6975,10000
4103,3000,checkpoints\seed_4103_age_3000.pt,04b8f9f17948333384efe9da5b3bab5dbcb26c2828b9e3063ec79409894614db,5b0213c94acc2bf1a7ce1444f0a8c2598385ca2613f96b97d19de162d412094c,686a3c24e1121883e4cc4f12f482619b9c042d6d83d2eb29f42aa8ea44145f24,reset_v,4103_3000_reset_v,25,240.449817578125,0.1152,10000
4103,3000,checkpoints\seed_4103_age_3000.pt,04b8f9f17948333384efe9da5b3bab5dbcb26c2828b9e3063ec79409894614db,5b0213c94acc2bf1a7ce1444f0a8c2598385ca2613f96b97d19de162d412094c,686a3c24e1121883e4cc4f12f482619b9c042d6d83d2eb29f42aa8ea44145f24,full_per_parameter_reset,4103_3000_full_per_parameter_reset,25,0.8708515079498291,0.6896,10000
4103,3000,checkpoints\seed_4103_age_3000.pt,04b8f9f17948333384efe9da5b3bab5dbcb26c2828b9e3063ec79409894614db,5b0213c94acc2bf1a7ce1444f0a8c2598385ca2613f96b97d19de162d412094c,686a3c24e1121883e4cc4f12f482619b9c042d6d83d2eb29f42aa8ea44145f24,clean,4103_3000_clean,50,0.8197835536956787,0.7114,10000
4103,3000,checkpoints\seed_4103_age_3000.pt,04b8f9f17948333384efe9da5b3bab5dbcb26c2828b9e3063ec79409894614db,5b0213c94acc2bf1a7ce1444f0a8c2598385ca2613f96b97d19de162d412094c,686a3c24e1121883e4cc4f12f482619b9c042d6d83d2eb29f42aa8ea44145f24,reset_m,4103_3000_reset_m,50,0.8195955232620239,0.7103,10000
4103,3000,checkpoints\seed_4103_age_3000.pt,04b8f9f17948333384efe9da5b3bab5dbcb26c2828b9e3063ec79409894614db,5b0213c94acc2bf1a7ce1444f0a8c2598385ca2613f96b97d19de162d412094c,686a3c24e1121883e4cc4f12f482619b9c042d6d83d2eb29f42aa8ea44145f24,reset_v,4103_3000_reset_v,50,30.9446416015625,0.1027,10000
4103,3000,checkpoints\seed_4103_age_3000.pt,04b8f9f17948333384efe9da5b3bab5dbcb26c2828b9e3063ec79409894614db,5b0213c94acc2bf1a7ce1444f0a8c2598385ca2613f96b97d19de162d412094c,686a3c24e1121883e4cc4f12f482619b9c042d6d83d2eb29f42aa8ea44145f24,full_per_parameter_reset,4103_3000_full_per_parameter_reset,50,0.8324956088066101,0.7055,10000
4103,3000,checkpoints\seed_4103_age_3000.pt,04b8f9f17948333384efe9da5b3bab5dbcb26c2828b9e3063ec79409894614db,5b0213c94acc2bf1a7ce1444f0a8c2598385ca2613f96b97d19de162d412094c,686a3c24e1121883e4cc4f12f482619b9c042d6d83d2eb29f42aa8ea44145f24,clean,4103_3000_clean,75,0.8695070020675659,0.6904,10000
4103,3000,checkpoints\seed_4103_age_3000.pt,04b8f9f17948333384efe9da5b3bab5dbcb26c2828b9e3063ec79409894614db,5b0213c94acc2bf1a7ce1444f0a8c2598385ca2613f96b97d19de162d412094c,686a3c24e1121883e4cc4f12f482619b9c042d6d83d2eb29f42aa8ea44145f24,reset_m,4103_3000_reset_m,75,0.8702134109497071,0.6917,10000
4103,3000,checkpoints\seed_4103_age_3000.pt,04b8f9f17948333384efe9da5b3bab5dbcb26c2828b9e3063ec79409894614db,5b0213c94acc2bf1a7ce1444f0a8c2598385ca2613f96b97d19de162d412094c,686a3c24e1121883e4cc4f12f482619b9c042d6d83d2eb29f42aa8ea44145f24,reset_v,4103_3000_reset_v,75,10.892165634155273,0.1221,10000
4103,3000,checkpoints\seed_4103_age_3000.pt,04b8f9f17948333384efe9da5b3bab5dbcb26c2828b9e3063ec79409894614db,5b0213c94acc2bf1a7ce1444f0a8c2598385ca2613f96b97d19de162d412094c,686a3c24e1121883e4cc4f12f482619b9c042d6d83d2eb29f42aa8ea44145f24,full_per_parameter_reset,4103_3000_full_per_parameter_reset,75,0.8713647737503052,0.6899,10000
4103,3000,checkpoints\seed_4103_age_3000.pt,04b8f9f17948333384efe9da5b3bab5dbcb26c2828b9e3063ec79409894614db,5b0213c94acc2bf1a7ce1444f0a8c2598385ca2613f96b97d19de162d412094c,686a3c24e1121883e4cc4f12f482619b9c042d6d83d2eb29f42aa8ea44145f24,clean,4103_3000_clean,100,0.8403748505592347,0.7032,10000
4103,3000,checkpoints\seed_4103_age_3000.pt,04b8f9f17948333384efe9da5b3bab5dbcb26c2828b9e3063ec79409894614db,5b0213c94acc2bf1a7ce1444f0a8c2598385ca2613f96b97d19de162d412094c,686a3c24e1121883e4cc4f12f482619b9c042d6d83d2eb29f42aa8ea44145f24,reset_m,4103_3000_reset_m,100,0.8416295733451843,0.7022,10000
4103,3000,checkpoints\seed_4103_age_3000.pt,04b8f9f17948333384efe9da5b3bab5dbcb26c2828b9e3063ec79409894614db,5b0213c94acc2bf1a7ce1444f0a8c2598385ca2613f96b97d19de162d412094c,686a3c24e1121883e4cc4f12f482619b9c042d6d83d2eb29f42aa8ea44145f24,reset_v,4103_3000_reset_v,100,5.493209107208252,0.1361,10000
4103,3000,checkpoints\seed_4103_age_3000.pt,04b8f9f17948333384efe9da5b3bab5dbcb26c2828b9e3063ec79409894614db,5b0213c94acc2bf1a7ce1444f0a8c2598385ca2613f96b97d19de162d412094c,686a3c24e1121883e4cc4f12f482619b9c042d6d83d2eb29f42aa8ea44145f24,full_per_parameter_reset,4103_3000_full_per_parameter_reset,100,0.8470330374717713,0.7005,10000
4104,500,checkpoints\seed_4104_age_500.pt,3f2d0067648b35dabc5ca7e2fac6be26effb544000d6b83efdf409ea054e8617,5b0213c94acc2bf1a7ce1444f0a8c2598385ca2613f96b97d19de162d412094c,cd2618664616ac25b589c1f6edabb65e424d12b1a9d19fd9f40b0177cba60a68,clean,4104_500_clean,0,1.4983299167633057,0.4484,10000
4104,500,checkpoints\seed_4104_age_500.pt,3f2d0067648b35dabc5ca7e2fac6be26effb544000d6b83efdf409ea054e8617,5b0213c94acc2bf1a7ce1444f0a8c2598385ca2613f96b97d19de162d412094c,cd2618664616ac25b589c1f6edabb65e424d12b1a9d19fd9f40b0177cba60a68,reset_m,4104_500_reset_m,0,1.4983299167633057,0.4484,10000
4104,500,checkpoints\seed_4104_age_500.pt,3f2d0067648b35dabc5ca7e2fac6be26effb544000d6b83efdf409ea054e8617,5b0213c94acc2bf1a7ce1444f0a8c2598385ca2613f96b97d19de162d412094c,cd2618664616ac25b589c1f6edabb65e424d12b1a9d19fd9f40b0177cba60a68,reset_v,4104_500_reset_v,0,1.4983299167633057,0.4484,10000
4104,500,checkpoints\seed_4104_age_500.pt,3f2d0067648b35dabc5ca7e2fac6be26effb544000d6b83efdf409ea054e8617,5b0213c94acc2bf1a7ce1444f0a8c2598385ca2613f96b97d19de162d412094c,cd2618664616ac25b589c1f6edabb65e424d12b1a9d19fd9f40b0177cba60a68,full_per_parameter_reset,4104_500_full_per_parameter_reset,0,1.4983299167633057,0.4484,10000
4104,500,checkpoints\seed_4104_age_500.pt,3f2d0067648b35dabc5ca7e2fac6be26effb544000d6b83efdf409ea054e8617,5b0213c94acc2bf1a7ce1444f0a8c2598385ca2613f96b97d19de162d412094c,cd2618664616ac25b589c1f6edabb65e424d12b1a9d19fd9f40b0177cba60a68,clean,4104_500_clean,1,1.510986325263977,0.4422,10000
4104,500,checkpoints\seed_4104_age_500.pt,3f2d0067648b35dabc5ca7e2fac6be26effb544000d6b83efdf409ea054e8617,5b0213c94acc2bf1a7ce1444f0a8c2598385ca2613f96b97d19de162d412094c,cd2618664616ac25b589c1f6edabb65e424d12b1a9d19fd9f40b0177cba60a68,reset_m,4104_500_reset_m,1,1.4747476062774658,0.458,10000
4104,500,checkpoints\seed_4104_age_500.pt,3f2d0067648b35dabc5ca7e2fac6be26effb544000d6b83efdf409ea054e8617,5b0213c94acc2bf1a7ce1444f0a8c2598385ca2613f96b97d19de162d412094c,cd2618664616ac25b589c1f6edabb65e424d12b1a9d19fd9f40b0177cba60a68,reset_v,4104_500_reset_v,1,8008.144815625,0.1,10000
4104,500,checkpoints\seed_4104_age_500.pt,3f2d0067648b35dabc5ca7e2fac6be26effb544000d6b83efdf409ea054e8617,5b0213c94acc2bf1a7ce1444f0a8c2598385ca2613f96b97d19de162d412094c,cd2618664616ac25b589c1f6edabb65e424d12b1a9d19fd9f40b0177cba60a68,full_per_parameter_reset,4104_500_full_per_parameter_reset,1,1.856991492843628,0.3331,10000
4104,500,checkpoints\seed_4104_age_500.pt,3f2d0067648b35dabc5ca7e2fac6be26effb544000d6b83efdf409ea054e8617,5b0213c94acc2bf1a7ce1444f0a8c2598385ca2613f96b97d19de162d412094c,cd2618664616ac25b589c1f6edabb65e424d12b1a9d19fd9f40b0177cba60a68,clean,4104_500_clean,25,1.4958969333648682,0.4536,10000
4104,500,checkpoints\seed_4104_age_500.pt,3f2d0067648b35dabc5ca7e2fac6be26effb544000d6b83efdf409ea054e8617,5b0213c94acc2bf1a7ce1444f0a8c2598385ca2613f96b97d19de162d412094c,cd2618664616ac25b589c1f6edabb65e424d12b1a9d19fd9f40b0177cba60a68,reset_m,4104_500_reset_m,25,1.4767547410964965,0.4611,10000
4104,500,checkpoints\seed_4104_age_500.pt,3f2d0067648b35dabc5ca7e2fac6be26effb544000d6b83efdf409ea054e8617,5b0213c94acc2bf1a7ce1444f0a8c2598385ca2613f96b97d19de162d412094c,cd2618664616ac25b589c1f6edabb65e424d12b1a9d19fd9f40b0177cba60a68,reset_v,4104_500_reset_v,25,9.078458535766602,0.088,10000
4104,500,checkpoints\seed_4104_age_500.pt,3f2d0067648b35dabc5ca7e2fac6be26effb544000d6b83efdf409ea054e8617,5b0213c94acc2bf1a7ce1444f0a8c2598385ca2613f96b97d19de162d412094c,cd2618664616ac25b589c1f6edabb65e424d12b1a9d19fd9f40b0177cba60a68,full_per_parameter_reset,4104_500_full_per_parameter_reset,25,1.4681985649108886,0.4651,10000
4104,500,checkpoints\seed_4104_age_500.pt,3f2d0067648b35dabc5ca7e2fac6be26effb544000d6b83efdf409ea054e8617,5b0213c94acc2bf1a7ce1444f0a8c2598385ca2613f96b97d19de162d412094c,cd2618664616ac25b589c1f6edabb65e424d12b1a9d19fd9f40b0177cba60a68,clean,4104_500_clean,50,1.4212173931121825,0.4771,10000
4104,500,checkpoints\seed_4104_age_500.pt,3f2d0067648b35dabc5ca7e2fac6be26effb544000d6b83efdf409ea054e8617,5b0213c94acc2bf1a7ce1444f0a8c2598385ca2613f96b97d19de162d412094c,cd2618664616ac25b589c1f6edabb65e424d12b1a9d19fd9f40b0177cba60a68,reset_m,4104_500_reset_m,50,1.4458225923538208,0.47,10000
4104,500,checkpoints\seed_4104_age_500.pt,3f2d0067648b35dabc5ca7e2fac6be26effb544000d6b83efdf409ea054e8617,5b0213c94acc2bf1a7ce1444f0a8c2598385ca2613f96b97d19de162d412094c,cd2618664616ac25b589c1f6edabb65e424d12b1a9d19fd9f40b0177cba60a68,reset_v,4104_500_reset_v,50,2.9926127876281736,0.133,10000
4104,500,checkpoints\seed_4104_age_500.pt,3f2d0067648b35dabc5ca7e2fac6be26effb544000d6b83efdf409ea054e8617,5b0213c94acc2bf1a7ce1444f0a8c2598385ca2613f96b97d19de162d412094c,cd2618664616ac25b589c1f6edabb65e424d12b1a9d19fd9f40b0177cba60a68,full_per_parameter_reset,4104_500_full_per_parameter_reset,50,1.4280843395233154,0.4729,10000
4104,500,checkpoints\seed_4104_age_500.pt,3f2d0067648b35dabc5ca7e2fac6be26effb544000d6b83efdf409ea054e8617,5b0213c94acc2bf1a7ce1444f0a8c2598385ca2613f96b97d19de162d412094c,cd2618664616ac25b589c1f6edabb65e424d12b1a9d19fd9f40b0177cba60a68,clean,4104_500_clean,75,1.4480474060058595,0.4793,10000
4104,500,checkpoints\seed_4104_age_500.pt,3f2d0067648b35dabc5ca7e2fac6be26effb544000d6b83efdf409ea054e8617,5b0213c94acc2bf1a7ce1444f0a8c2598385ca2613f96b97d19de162d412094c,cd2618664616ac25b589c1f6edabb65e424d12b1a9d19fd9f40b0177cba60a68,reset_m,4104_500_reset_m,75,1.4577920232772827,0.4678,10000
4104,500,checkpoints\seed_4104_age_500.pt,3f2d0067648b35dabc5ca7e2fac6be26effb544000d6b83efdf409ea054e8617,5b0213c94acc2bf1a7ce1444f0a8c2598385ca2613f96b97d19de162d412094c,cd2618664616ac25b589c1f6edabb65e424d12b1a9d19fd9f40b0177cba60a68,reset_v,4104_500_reset_v,75,2.4762236358642578,0.1624,10000
4104,500,checkpoints\seed_4104_age_500.pt,3f2d0067648b35dabc5ca7e2fac6be26effb544000d6b83efdf409ea054e8617,5b0213c94acc2bf1a7ce1444f0a8c2598385ca2613f96b97d19de162d412094c,cd2618664616ac25b589c1f6edabb65e424d12b1a9d19fd9f40b0177cba60a68,full_per_parameter_reset,4104_500_full_per_parameter_reset,75,1.4199951917648315,0.4869,10000
4104,500,checkpoints\seed_4104_age_500.pt,3f2d0067648b35dabc5ca7e2fac6be26effb544000d6b83efdf409ea054e8617,5b0213c94acc2bf1a7ce1444f0a8c2598385ca2613f96b97d19de162d412094c,cd2618664616ac25b589c1f6edabb65e424d12b1a9d19fd9f40b0177cba60a68,clean,4104_500_clean,100,1.387938579940796,0.4829,10000
4104,500,checkpoints\seed_4104_age_500.pt,3f2d0067648b35dabc5ca7e2fac6be26effb544000d6b83efdf409ea054e8617,5b0213c94acc2bf1a7ce1444f0a8c2598385ca2613f96b97d19de162d412094c,cd2618664616ac25b589c1f6edabb65e424d12b1a9d19fd9f40b0177cba60a68,reset_m,4104_500_reset_m,100,1.3876236616134643,0.4821,10000
4104,500,checkpoints\seed_4104_age_500.pt,3f2d0067648b35dabc5ca7e2fac6be26effb544000d6b83efdf409ea054e8617,5b0213c94acc2bf1a7ce1444f0a8c2598385ca2613f96b97d19de162d412094c,cd2618664616ac25b589c1f6edabb65e424d12b1a9d19fd9f40b0177cba60a68,reset_v,4104_500_reset_v,100,2.311488892364502,0.1874,10000
4104,500,checkpoints\seed_4104_age_500.pt,3f2d0067648b35dabc5ca7e2fac6be26effb544000d6b83efdf409ea054e8617,5b0213c94acc2bf1a7ce1444f0a8c2598385ca2613f96b97d19de162d412094c,cd2618664616ac25b589c1f6edabb65e424d12b1a9d19fd9f40b0177cba60a68,full_per_parameter_reset,4104_500_full_per_parameter_reset,100,1.3937711238861084,0.4815,10000
4104,1500,checkpoints\seed_4104_age_1500.pt,5fde36cbd5f6fcee955e9fafc4d8fef644734b2bf036e717bc6a1f4ee186e62e,5b0213c94acc2bf1a7ce1444f0a8c2598385ca2613f96b97d19de162d412094c,cd2618664616ac25b589c1f6edabb65e424d12b1a9d19fd9f40b0177cba60a68,clean,4104_1500_clean,0,1.054212413597107,0.6259,10000
4104,1500,checkpoints\seed_4104_age_1500.pt,5fde36cbd5f6fcee955e9fafc4d8fef644734b2bf036e717bc6a1f4ee186e62e,5b0213c94acc2bf1a7ce1444f0a8c2598385ca2613f96b97d19de162d412094c,cd2618664616ac25b589c1f6edabb65e424d12b1a9d19fd9f40b0177cba60a68,reset_m,4104_1500_reset_m,0,1.054212413597107,0.6259,10000
4104,1500,checkpoints\seed_4104_age_1500.pt,5fde36cbd5f6fcee955e9fafc4d8fef644734b2bf036e717bc6a1f4ee186e62e,5b0213c94acc2bf1a7ce1444f0a8c2598385ca2613f96b97d19de162d412094c,cd2618664616ac25b589c1f6edabb65e424d12b1a9d19fd9f40b0177cba60a68,reset_v,4104_1500_reset_v,0,1.054212413597107,0.6259,10000
4104,1500,checkpoints\seed_4104_age_1500.pt,5fde36cbd5f6fcee955e9fafc4d8fef644734b2bf036e717bc6a1f4ee186e62e,5b0213c94acc2bf1a7ce1444f0a8c2598385ca2613f96b97d19de162d412094c,cd2618664616ac25b589c1f6edabb65e424d12b1a9d19fd9f40b0177cba60a68,full_per_parameter_reset,4104_1500_full_per_parameter_reset,0,1.054212413597107,0.6259,10000
4104,1500,checkpoints\seed_4104_age_1500.pt,5fde36cbd5f6fcee955e9fafc4d8fef644734b2bf036e717bc6a1f4ee186e62e,5b0213c94acc2bf1a7ce1444f0a8c2598385ca2613f96b97d19de162d412094c,cd2618664616ac25b589c1f6edabb65e424d12b1a9d19fd9f40b0177cba60a68,clean,4104_1500_clean,1,1.020089060974121,0.6365,10000
4104,1500,checkpoints\seed_4104_age_1500.pt,5fde36cbd5f6fcee955e9fafc4d8fef644734b2bf036e717bc6a1f4ee186e62e,5b0213c94acc2bf1a7ce1444f0a8c2598385ca2613f96b97d19de162d412094c,cd2618664616ac25b589c1f6edabb65e424d12b1a9d19fd9f40b0177cba60a68,reset_m,4104_1500_reset_m,1,1.0276935249328614,0.6374,10000
4104,1500,checkpoints\seed_4104_age_1500.pt,5fde36cbd5f6fcee955e9fafc4d8fef644734b2bf036e717bc6a1f4ee186e62e,5b0213c94acc2bf1a7ce1444f0a8c2598385ca2613f96b97d19de162d412094c,cd2618664616ac25b589c1f6edabb65e424d12b1a9d19fd9f40b0177cba60a68,reset_v,4104_1500_reset_v,1,395.26924267578124,0.0995,10000
4104,1500,checkpoints\seed_4104_age_1500.pt,5fde36cbd5f6fcee955e9fafc4d8fef644734b2bf036e717bc6a1f4ee186e62e,5b0213c94acc2bf1a7ce1444f0a8c2598385ca2613f96b97d19de162d412094c,cd2618664616ac25b589c1f6edabb65e424d12b1a9d19fd9f40b0177cba60a68,full_per_parameter_reset,4104_1500_full_per_parameter_reset,1,1.3761322357177734,0.5274,10000
4104,1500,checkpoints\seed_4104_age_1500.pt,5fde36cbd5f6fcee955e9fafc4d8fef644734b2bf036e717bc6a1f4ee186e62e,5b0213c94acc2bf1a7ce1444f0a8c2598385ca2613f96b97d19de162d412094c,cd2618664616ac25b589c1f6edabb65e424d12b1a9d19fd9f40b0177cba60a68,clean,4104_1500_clean,25,1.0838185926437378,0.6195,10000
4104,1500,checkpoints\seed_4104_age_1500.pt,5fde36cbd5f6fcee955e9fafc4d8fef644734b2bf036e717bc6a1f4ee186e62e,5b0213c94acc2bf1a7ce1444f0a8c2598385ca2613f96b97d19de162d412094c,cd2618664616ac25b589c1f6edabb65e424d12b1a9d19fd9f40b0177cba60a68,reset_m,4104_1500_reset_m,25,1.0766776473999022,0.6206,10000
4104,1500,checkpoints\seed_4104_age_1500.pt,5fde36cbd5f6fcee955e9fafc4d8fef644734b2bf036e717bc6a1f4ee186e62e,5b0213c94acc2bf1a7ce1444f0a8c2598385ca2613f96b97d19de162d412094c,cd2618664616ac25b589c1f6edabb65e424d12b1a9d19fd9f40b0177cba60a68,reset_v,4104_1500_reset_v,25,2.288958614730835,0.1666,10000
4104,1500,checkpoints\seed_4104_age_1500.pt,5fde36cbd5f6fcee955e9fafc4d8fef644734b2bf036e717bc6a1f4ee186e62e,5b0213c94acc2bf1a7ce1444f0a8c2598385ca2613f96b97d19de162d412094c,cd2618664616ac25b589c1f6edabb65e424d12b1a9d19fd9f40b0177cba60a68,full_per_parameter_reset,4104_1500_full_per_parameter_reset,25,1.0715750518798828,0.6217,10000
4104,1500,checkpoints\seed_4104_age_1500.pt,5fde36cbd5f6fcee955e9fafc4d8fef644734b2bf036e717bc6a1f4ee186e62e,5b0213c94acc2bf1a7ce1444f0a8c2598385ca2613f96b97d19de162d412094c,cd2618664616ac25b589c1f6edabb65e424d12b1a9d19fd9f40b0177cba60a68,clean,4104_1500_clean,50,1.053884756088257,0.6272,10000
4104,1500,checkpoints\seed_4104_age_1500.pt,5fde36cbd5f6fcee955e9fafc4d8fef644734b2bf036e717bc6a1f4ee186e62e,5b0213c94acc2bf1a7ce1444f0a8c2598385ca2613f96b97d19de162d412094c,cd2618664616ac25b589c1f6edabb65e424d12b1a9d19fd9f40b0177cba60a68,reset_m,4104_1500_reset_m,50,1.0504048236846923,0.6283,10000
4104,1500,checkpoints\seed_4104_age_1500.pt,5fde36cbd5f6fcee955e9fafc4d8fef644734b2bf036e717bc6a1f4ee186e62e,5b0213c94acc2bf1a7ce1444f0a8c2598385ca2613f96b97d19de162d412094c,cd2618664616ac25b589c1f6edabb65e424d12b1a9d19fd9f40b0177cba60a68,reset_v,4104_1500_reset_v,50,2.0939047388076784,0.2173,10000
4104,1500,checkpoints\seed_4104_age_1500.pt,5fde36cbd5f6fcee955e9fafc4d8fef644734b2bf036e717bc6a1f4ee186e62e,5b0213c94acc2bf1a7ce1444f0a8c2598385ca2613f96b97d19de162d412094c,cd2618664616ac25b589c1f6edabb65e424d12b1a9d19fd9f40b0177cba60a68,full_per_parameter_reset,4104_1500_full_per_parameter_reset,50,1.0304007846832275,0.6321,10000
4104,1500,checkpoints\seed_4104_age_1500.pt,5fde36cbd5f6fcee955e9fafc4d8fef644734b2bf036e717bc6a1f4ee186e62e,5b0213c94acc2bf1a7ce1444f0a8c2598385ca2613f96b97d19de162d412094c,cd2618664616ac25b589c1f6edabb65e424d12b1a9d19fd9f40b0177cba60a68,clean,4104_1500_clean,75,1.0408806396484376,0.6234,10000
4104,1500,checkpoints\seed_4104_age_1500.pt,5fde36cbd5f6fcee955e9fafc4d8fef644734b2bf036e717bc6a1f4ee186e62e,5b0213c94acc2bf1a7ce1444f0a8c2598385ca2613f96b97d19de162d412094c,cd2618664616ac25b589c1f6edabb65e424d12b1a9d19fd9f40b0177cba60a68,reset_m,4104_1500_reset_m,75,1.044672659301758,0.6225,10000
4104,1500,checkpoints\seed_4104_age_1500.pt,5fde36cbd5f6fcee955e9fafc4d8fef644734b2bf036e717bc6a1f4ee186e62e,5b0213c94acc2bf1a7ce1444f0a8c2598385ca2613f96b97d19de162d412094c,cd2618664616ac25b589c1f6edabb65e424d12b1a9d19fd9f40b0177cba60a68,reset_v,4104_1500_reset_v,75,2.012116997909546,0.277,10000
4104,1500,checkpoints\seed_4104_age_1500.pt,5fde36cbd5f6fcee955e9fafc4d8fef644734b2bf036e717bc6a1f4ee186e62e,5b0213c94acc2bf1a7ce1444f0a8c2598385ca2613f96b97d19de162d412094c,cd2618664616ac25b589c1f6edabb65e424d12b1a9d19fd9f40b0177cba60a68,full_per_parameter_reset,4104_1500_full_per_parameter_reset,75,1.0394547708511352,0.6226,10000
4104,1500,checkpoints\seed_4104_age_1500.pt,5fde36cbd5f6fcee955e9fafc4d8fef644734b2bf036e717bc6a1f4ee186e62e,5b0213c94acc2bf1a7ce1444f0a8c2598385ca2613f96b97d19de162d412094c,cd2618664616ac25b589c1f6edabb65e424d12b1a9d19fd9f40b0177cba60a68,clean,4104_1500_clean,100,1.0364446083068848,0.6309,10000
4104,1500,checkpoints\seed_4104_age_1500.pt,5fde36cbd5f6fcee955e9fafc4d8fef644734b2bf036e717bc6a1f4ee186e62e,5b0213c94acc2bf1a7ce1444f0a8c2598385ca2613f96b97d19de162d412094c,cd2618664616ac25b589c1f6edabb65e424d12b1a9d19fd9f40b0177cba60a68,reset_m,4104_1500_reset_m,100,1.0384685815811157,0.6268,10000
4104,1500,checkpoints\seed_4104_age_1500.pt,5fde36cbd5f6fcee955e9fafc4d8fef644734b2bf036e717bc6a1f4ee186e62e,5b0213c94acc2bf1a7ce1444f0a8c2598385ca2613f96b97d19de162d412094c,cd2618664616ac25b589c1f6edabb65e424d12b1a9d19fd9f40b0177cba60a68,reset_v,4104_1500_reset_v,100,1.913463108444214,0.2987,10000
4104,1500,checkpoints\seed_4104_age_1500.pt,5fde36cbd5f6fcee955e9fafc4d8fef644734b2bf036e717bc6a1f4ee186e62e,5b0213c94acc2bf1a7ce1444f0a8c2598385ca2613f96b97d19de162d412094c,cd2618664616ac25b589c1f6edabb65e424d12b1a9d19fd9f40b0177cba60a68,full_per_parameter_reset,4104_1500_full_per_parameter_reset,100,1.0188952648162841,0.6366,10000
4104,3000,checkpoints\seed_4104_age_3000.pt,a1088a7a1f6f2aeb01ca64abf5a5d60254730b16125ba680351ab93568ac144d,5b0213c94acc2bf1a7ce1444f0a8c2598385ca2613f96b97d19de162d412094c,cd2618664616ac25b589c1f6edabb65e424d12b1a9d19fd9f40b0177cba60a68,clean,4104_3000_clean,0,0.8417470142364502,0.7023,10000
4104,3000,checkpoints\seed_4104_age_3000.pt,a1088a7a1f6f2aeb01ca64abf5a5d60254730b16125ba680351ab93568ac144d,5b0213c94acc2bf1a7ce1444f0a8c2598385ca2613f96b97d19de162d412094c,cd2618664616ac25b589c1f6edabb65e424d12b1a9d19fd9f40b0177cba60a68,reset_m,4104_3000_reset_m,0,0.8417470142364502,0.7023,10000
4104,3000,checkpoints\seed_4104_age_3000.pt,a1088a7a1f6f2aeb01ca64abf5a5d60254730b16125ba680351ab93568ac144d,5b0213c94acc2bf1a7ce1444f0a8c2598385ca2613f96b97d19de162d412094c,cd2618664616ac25b589c1f6edabb65e424d12b1a9d19fd9f40b0177cba60a68,reset_v,4104_3000_reset_v,0,0.8417470142364502,0.7023,10000
4104,3000,checkpoints\seed_4104_age_3000.pt,a1088a7a1f6f2aeb01ca64abf5a5d60254730b16125ba680351ab93568ac144d,5b0213c94acc2bf1a7ce1444f0a8c2598385ca2613f96b97d19de162d412094c,cd2618664616ac25b589c1f6edabb65e424d12b1a9d19fd9f40b0177cba60a68,full_per_parameter_reset,4104_3000_full_per_parameter_reset,0,0.8417470142364502,0.7023,10000
4104,3000,checkpoints\seed_4104_age_3000.pt,a1088a7a1f6f2aeb01ca64abf5a5d60254730b16125ba680351ab93568ac144d,5b0213c94acc2bf1a7ce1444f0a8c2598385ca2613f96b97d19de162d412094c,cd2618664616ac25b589c1f6edabb65e424d12b1a9d19fd9f40b0177cba60a68,clean,4104_3000_clean,1,0.8380615928649903,0.7054,10000
4104,3000,checkpoints\seed_4104_age_3000.pt,a1088a7a1f6f2aeb01ca64abf5a5d60254730b16125ba680351ab93568ac144d,5b0213c94acc2bf1a7ce1444f0a8c2598385ca2613f96b97d19de162d412094c,cd2618664616ac25b589c1f6edabb65e424d12b1a9d19fd9f40b0177cba60a68,reset_m,4104_3000_reset_m,1,0.8403841075897217,0.7072,10000
4104,3000,checkpoints\seed_4104_age_3000.pt,a1088a7a1f6f2aeb01ca64abf5a5d60254730b16125ba680351ab93568ac144d,5b0213c94acc2bf1a7ce1444f0a8c2598385ca2613f96b97d19de162d412094c,cd2618664616ac25b589c1f6edabb65e424d12b1a9d19fd9f40b0177cba60a68,reset_v,4104_3000_reset_v,1,3365.592128125,0.0718,10000
4104,3000,checkpoints\seed_4104_age_3000.pt,a1088a7a1f6f2aeb01ca64abf5a5d60254730b16125ba680351ab93568ac144d,5b0213c94acc2bf1a7ce1444f0a8c2598385ca2613f96b97d19de162d412094c,cd2618664616ac25b589c1f6edabb65e424d12b1a9d19fd9f40b0177cba60a68,full_per_parameter_reset,4104_3000_full_per_parameter_reset,1,1.1322622886657714,0.6177,10000
4104,3000,checkpoints\seed_4104_age_3000.pt,a1088a7a1f6f2aeb01ca64abf5a5d60254730b16125ba680351ab93568ac144d,5b0213c94acc2bf1a7ce1444f0a8c2598385ca2613f96b97d19de162d412094c,cd2618664616ac25b589c1f6edabb65e424d12b1a9d19fd9f40b0177cba60a68,clean,4104_3000_clean,25,0.8707985855102539,0.6952,10000
4104,3000,checkpoints\seed_4104_age_3000.pt,a1088a7a1f6f2aeb01ca64abf5a5d60254730b16125ba680351ab93568ac144d,5b0213c94acc2bf1a7ce1444f0a8c2598385ca2613f96b97d19de162d412094c,cd2618664616ac25b589c1f6edabb65e424d12b1a9d19fd9f40b0177cba60a68,reset_m,4104_3000_reset_m,25,0.8573895017623901,0.6992,10000
4104,3000,checkpoints\seed_4104_age_3000.pt,a1088a7a1f6f2aeb01ca64abf5a5d60254730b16125ba680351ab93568ac144d,5b0213c94acc2bf1a7ce1444f0a8c2598385ca2613f96b97d19de162d412094c,cd2618664616ac25b589c1f6edabb65e424d12b1a9d19fd9f40b0177cba60a68,reset_v,4104_3000_reset_v,25,4.457046369934082,0.1257,10000
4104,3000,checkpoints\seed_4104_age_3000.pt,a1088a7a1f6f2aeb01ca64abf5a5d60254730b16125ba680351ab93568ac144d,5b0213c94acc2bf1a7ce1444f0a8c2598385ca2613f96b97d19de162d412094c,cd2618664616ac25b589c1f6edabb65e424d12b1a9d19fd9f40b0177cba60a68,full_per_parameter_reset,4104_3000_full_per_parameter_reset,25,0.8943767543792724,0.6831,10000
4104,3000,checkpoints\seed_4104_age_3000.pt,a1088a7a1f6f2aeb01ca64abf5a5d60254730b16125ba680351ab93568ac144d,5b0213c94acc2bf1a7ce1444f0a8c2598385ca2613f96b97d19de162d412094c,cd2618664616ac25b589c1f6edabb65e424d12b1a9d19fd9f40b0177cba60a68,clean,4104_3000_clean,50,0.9973376667022705,0.6533,10000
4104,3000,checkpoints\seed_4104_age_3000.pt,a1088a7a1f6f2aeb01ca64abf5a5d60254730b16125ba680351ab93568ac144d,5b0213c94acc2bf1a7ce1444f0a8c2598385ca2613f96b97d19de162d412094c,cd2618664616ac25b589c1f6edabb65e424d12b1a9d19fd9f40b0177cba60a68,reset_m,4104_3000_reset_m,50,0.9959992240905762,0.6524,10000
4104,3000,checkpoints\seed_4104_age_3000.pt,a1088a7a1f6f2aeb01ca64abf5a5d60254730b16125ba680351ab93568ac144d,5b0213c94acc2bf1a7ce1444f0a8c2598385ca2613f96b97d19de162d412094c,cd2618664616ac25b589c1f6edabb65e424d12b1a9d19fd9f40b0177cba60a68,reset_v,4104_3000_reset_v,50,2.5825651710510256,0.1371,10000
4104,3000,checkpoints\seed_4104_age_3000.pt,a1088a7a1f6f2aeb01ca64abf5a5d60254730b16125ba680351ab93568ac144d,5b0213c94acc2bf1a7ce1444f0a8c2598385ca2613f96b97d19de162d412094c,cd2618664616ac25b589c1f6edabb65e424d12b1a9d19fd9f40b0177cba60a68,full_per_parameter_reset,4104_3000_full_per_parameter_reset,50,0.9817039047241211,0.6564,10000
4104,3000,checkpoints\seed_4104_age_3000.pt,a1088a7a1f6f2aeb01ca64abf5a5d60254730b16125ba680351ab93568ac144d,5b0213c94acc2bf1a7ce1444f0a8c2598385ca2613f96b97d19de162d412094c,cd2618664616ac25b589c1f6edabb65e424d12b1a9d19fd9f40b0177cba60a68,clean,4104_3000_clean,75,0.841700280380249,0.703,10000
4104,3000,checkpoints\seed_4104_age_3000.pt,a1088a7a1f6f2aeb01ca64abf5a5d60254730b16125ba680351ab93568ac144d,5b0213c94acc2bf1a7ce1444f0a8c2598385ca2613f96b97d19de162d412094c,cd2618664616ac25b589c1f6edabb65e424d12b1a9d19fd9f40b0177cba60a68,reset_m,4104_3000_reset_m,75,0.8419457765579224,0.7036,10000
4104,3000,checkpoints\seed_4104_age_3000.pt,a1088a7a1f6f2aeb01ca64abf5a5d60254730b16125ba680351ab93568ac144d,5b0213c94acc2bf1a7ce1444f0a8c2598385ca2613f96b97d19de162d412094c,cd2618664616ac25b589c1f6edabb65e424d12b1a9d19fd9f40b0177cba60a68,reset_v,4104_3000_reset_v,75,2.4224404903411867,0.1502,10000
4104,3000,checkpoints\seed_4104_age_3000.pt,a1088a7a1f6f2aeb01ca64abf5a5d60254730b16125ba680351ab93568ac144d,5b0213c94acc2bf1a7ce1444f0a8c2598385ca2613f96b97d19de162d412094c,cd2618664616ac25b589c1f6edabb65e424d12b1a9d19fd9f40b0177cba60a68,full_per_parameter_reset,4104_3000_full_per_parameter_reset,75,0.8401294755935669,0.7031,10000
4104,3000,checkpoints\seed_4104_age_3000.pt,a1088a7a1f6f2aeb01ca64abf5a5d60254730b16125ba680351ab93568ac144d,5b0213c94acc2bf1a7ce1444f0a8c2598385ca2613f96b97d19de162d412094c,cd2618664616ac25b589c1f6edabb65e424d12b1a9d19fd9f40b0177cba60a68,clean,4104_3000_clean,100,0.8805422791481018,0.6917,10000
4104,3000,checkpoints\seed_4104_age_3000.pt,a1088a7a1f6f2aeb01ca64abf5a5d60254730b16125ba680351ab93568ac144d,5b0213c94acc2bf1a7ce1444f0a8c2598385ca2613f96b97d19de162d412094c,cd2618664616ac25b589c1f6edabb65e424d12b1a9d19fd9f40b0177cba60a68,reset_m,4104_3000_reset_m,100,0.878797601222992,0.6912,10000
4104,3000,checkpoints\seed_4104_age_3000.pt,a1088a7a1f6f2aeb01ca64abf5a5d60254730b16125ba680351ab93568ac144d,5b0213c94acc2bf1a7ce1444f0a8c2598385ca2613f96b97d19de162d412094c,cd2618664616ac25b589c1f6edabb65e424d12b1a9d19fd9f40b0177cba60a68,reset_v,4104_3000_reset_v,100,2.343272013092041,0.1615,10000
4104,3000,checkpoints\seed_4104_age_3000.pt,a1088a7a1f6f2aeb01ca64abf5a5d60254730b16125ba680351ab93568ac144d,5b0213c94acc2bf1a7ce1444f0a8c2598385ca2613f96b97d19de162d412094c,cd2618664616ac25b589c1f6edabb65e424d12b1a9d19fd9f40b0177cba60a68,full_per_parameter_reset,4104_3000_full_per_parameter_reset,100,0.8787431059837342,0.6914,10000
4105,500,checkpoints\seed_4105_age_500.pt,31c17decc01895c8b7b107b4297589638dd501322621816877a6b3d3fad5ff19,5b0213c94acc2bf1a7ce1444f0a8c2598385ca2613f96b97d19de162d412094c,9c5d4f5ce97d487b4a3d2cb91fc724d42f14ab031e00c07f4d53231d88da91f3,clean,4105_500_clean,0,1.413876121520996,0.4816,10000
4105,500,checkpoints\seed_4105_age_500.pt,31c17decc01895c8b7b107b4297589638dd501322621816877a6b3d3fad5ff19,5b0213c94acc2bf1a7ce1444f0a8c2598385ca2613f96b97d19de162d412094c,9c5d4f5ce97d487b4a3d2cb91fc724d42f14ab031e00c07f4d53231d88da91f3,reset_m,4105_500_reset_m,0,1.413876121520996,0.4816,10000
4105,500,checkpoints\seed_4105_age_500.pt,31c17decc01895c8b7b107b4297589638dd501322621816877a6b3d3fad5ff19,5b0213c94acc2bf1a7ce1444f0a8c2598385ca2613f96b97d19de162d412094c,9c5d4f5ce97d487b4a3d2cb91fc724d42f14ab031e00c07f4d53231d88da91f3,reset_v,4105_500_reset_v,0,1.413876121520996,0.4816,10000
4105,500,checkpoints\seed_4105_age_500.pt,31c17decc01895c8b7b107b4297589638dd501322621816877a6b3d3fad5ff19,5b0213c94acc2bf1a7ce1444f0a8c2598385ca2613f96b97d19de162d412094c,9c5d4f5ce97d487b4a3d2cb91fc724d42f14ab031e00c07f4d53231d88da91f3,full_per_parameter_reset,4105_500_full_per_parameter_reset,0,1.413876121520996,0.4816,10000
4105,500,checkpoints\seed_4105_age_500.pt,31c17decc01895c8b7b107b4297589638dd501322621816877a6b3d3fad5ff19,5b0213c94acc2bf1a7ce1444f0a8c2598385ca2613f96b97d19de162d412094c,9c5d4f5ce97d487b4a3d2cb91fc724d42f14ab031e00c07f4d53231d88da91f3,clean,4105_500_clean,1,1.4734604864120484,0.4484,10000
4105,500,checkpoints\seed_4105_age_500.pt,31c17decc01895c8b7b107b4297589638dd501322621816877a6b3d3fad5ff19,5b0213c94acc2bf1a7ce1444f0a8c2598385ca2613f96b97d19de162d412094c,9c5d4f5ce97d487b4a3d2cb91fc724d42f14ab031e00c07f4d53231d88da91f3,reset_m,4105_500_reset_m,1,1.4026834095001222,0.4842,10000
4105,500,checkpoints\seed_4105_age_500.pt,31c17decc01895c8b7b107b4297589638dd501322621816877a6b3d3fad5ff19,5b0213c94acc2bf1a7ce1444f0a8c2598385ca2613f96b97d19de162d412094c,9c5d4f5ce97d487b4a3d2cb91fc724d42f14ab031e00c07f4d53231d88da91f3,reset_v,4105_500_reset_v,1,1425.393796484375,0.1,10000
4105,500,checkpoints\seed_4105_age_500.pt,31c17decc01895c8b7b107b4297589638dd501322621816877a6b3d3fad5ff19,5b0213c94acc2bf1a7ce1444f0a8c2598385ca2613f96b97d19de162d412094c,9c5d4f5ce97d487b4a3d2cb91fc724d42f14ab031e00c07f4d53231d88da91f3,full_per_parameter_reset,4105_500_full_per_parameter_reset,1,1.6379625843048096,0.4137,10000
4105,500,checkpoints\seed_4105_age_500.pt,31c17decc01895c8b7b107b4297589638dd501322621816877a6b3d3fad5ff19,5b0213c94acc2bf1a7ce1444f0a8c2598385ca2613f96b97d19de162d412094c,9c5d4f5ce97d487b4a3d2cb91fc724d42f14ab031e00c07f4d53231d88da91f3,clean,4105_500_clean,25,1.3654015300750733,0.4978,10000
4105,500,checkpoints\seed_4105_age_500.pt,31c17decc01895c8b7b107b4297589638dd501322621816877a6b3d3fad5ff19,5b0213c94acc2bf1a7ce1444f0a8c2598385ca2613f96b97d19de162d412094c,9c5d4f5ce97d487b4a3d2cb91fc724d42f14ab031e00c07f4d53231d88da91f3,reset_m,4105_500_reset_m,25,1.3641179420471192,0.4996,10000
4105,500,checkpoints\seed_4105_age_500.pt,31c17decc01895c8b7b107b4297589638dd501322621816877a6b3d3fad5ff19,5b0213c94acc2bf1a7ce1444f0a8c2598385ca2613f96b97d19de162d412094c,9c5d4f5ce97d487b4a3d2cb91fc724d42f14ab031e00c07f4d53231d88da91f3,reset_v,4105_500_reset_v,25,2.3785096210479737,0.0906,10000
4105,500,checkpoints\seed_4105_age_500.pt,31c17decc01895c8b7b107b4297589638dd501322621816877a6b3d3fad5ff19,5b0213c94acc2bf1a7ce1444f0a8c2598385ca2613f96b97d19de162d412094c,9c5d4f5ce97d487b4a3d2cb91fc724d42f14ab031e00c07f4d53231d88da91f3,full_per_parameter_reset,4105_500_full_per_parameter_reset,25,1.383935838317871,0.4905,10000
4105,500,checkpoints\seed_4105_age_500.pt,31c17decc01895c8b7b107b4297589638dd501322621816877a6b3d3fad5ff19,5b0213c94acc2bf1a7ce1444f0a8c2598385ca2613f96b97d19de162d412094c,9c5d4f5ce97d487b4a3d2cb91fc724d42f14ab031e00c07f4d53231d88da91f3,clean,4105_500_clean,50,1.354360661315918,0.5122,10000
4105,500,checkpoints\seed_4105_age_500.pt,31c17decc01895c8b7b107b4297589638dd501322621816877a6b3d3fad5ff19,5b0213c94acc2bf1a7ce1444f0a8c2598385ca2613f96b97d19de162d412094c,9c5d4f5ce97d487b4a3d2cb91fc724d42f14ab031e00c07f4d53231d88da91f3,reset_m,4105_500_reset_m,50,1.3875209121704102,0.4962,10000
4105,500,checkpoints\seed_4105_age_500.pt,31c17decc01895c8b7b107b4297589638dd501322621816877a6b3d3fad5ff19,5b0213c94acc2bf1a7ce1444f0a8c2598385ca2613f96b97d19de162d412094c,9c5d4f5ce97d487b4a3d2cb91fc724d42f14ab031e00c07f4d53231d88da91f3,reset_v,4105_500_reset_v,50,2.290182506942749,0.1341,10000
4105,500,checkpoints\seed_4105_age_500.pt,31c17decc01895c8b7b107b4297589638dd501322621816877a6b3d3fad5ff19,5b0213c94acc2bf1a7ce1444f0a8c2598385ca2613f96b97d19de162d412094c,9c5d4f5ce97d487b4a3d2cb91fc724d42f14ab031e00c07f4d53231d88da91f3,full_per_parameter_reset,4105_500_full_per_parameter_reset,50,1.3527396743774414,0.5103,10000
4105,500,checkpoints\seed_4105_age_500.pt,31c17decc01895c8b7b107b4297589638dd501322621816877a6b3d3fad5ff19,5b0213c94acc2bf1a7ce1444f0a8c2598385ca2613f96b97d19de162d412094c,9c5d4f5ce97d487b4a3d2cb91fc724d42f14ab031e00c07f4d53231d88da91f3,clean,4105_500_clean,75,1.341676790046692,0.5159,10000
4105,500,checkpoints\seed_4105_age_500.pt,31c17decc01895c8b7b107b4297589638dd501322621816877a6b3d3fad5ff19,5b0213c94acc2bf1a7ce1444f0a8c2598385ca2613f96b97d19de162d412094c,9c5d4f5ce97d487b4a3d2cb91fc724d42f14ab031e00c07f4d53231d88da91f3,reset_m,4105_500_reset_m,75,1.3502904430389404,0.5165,10000
4105,500,checkpoints\seed_4105_age_500.pt,31c17decc01895c8b7b107b4297589638dd501322621816877a6b3d3fad5ff19,5b0213c94acc2bf1a7ce1444f0a8c2598385ca2613f96b97d19de162d412094c,9c5d4f5ce97d487b4a3d2cb91fc724d42f14ab031e00c07f4d53231d88da91f3,reset_v,4105_500_reset_v,75,2.2731853801727295,0.1559,10000
4105,500,checkpoints\seed_4105_age_500.pt,31c17decc01895c8b7b107b4297589638dd501322621816877a6b3d3fad5ff19,5b0213c94acc2bf1a7ce1444f0a8c2598385ca2613f96b97d19de162d412094c,9c5d4f5ce97d487b4a3d2cb91fc724d42f14ab031e00c07f4d53231d88da91f3,full_per_parameter_reset,4105_500_full_per_parameter_reset,75,1.367311905860901,0.5066,10000
4105,500,checkpoints\seed_4105_age_500.pt,31c17decc01895c8b7b107b4297589638dd501322621816877a6b3d3fad5ff19,5b0213c94acc2bf1a7ce1444f0a8c2598385ca2613f96b97d19de162d412094c,9c5d4f5ce97d487b4a3d2cb91fc724d42f14ab031e00c07f4d53231d88da91f3,clean,4105_500_clean,100,1.3223543523788452,0.5164,10000
4105,500,checkpoints\seed_4105_age_500.pt,31c17decc01895c8b7b107b4297589638dd501322621816877a6b3d3fad5ff19,5b0213c94acc2bf1a7ce1444f0a8c2598385ca2613f96b97d19de162d412094c,9c5d4f5ce97d487b4a3d2cb91fc724d42f14ab031e00c07f4d53231d88da91f3,reset_m,4105_500_reset_m,100,1.328307761001587,0.5165,10000
4105,500,checkpoints\seed_4105_age_500.pt,31c17decc01895c8b7b107b4297589638dd501322621816877a6b3d3fad5ff19,5b0213c94acc2bf1a7ce1444f0a8c2598385ca2613f96b97d19de162d412094c,9c5d4f5ce97d487b4a3d2cb91fc724d42f14ab031e00c07f4d53231d88da91f3,reset_v,4105_500_reset_v,100,2.198011107635498,0.175,10000
4105,500,checkpoints\seed_4105_age_500.pt,31c17decc01895c8b7b107b4297589638dd501322621816877a6b3d3fad5ff19,5b0213c94acc2bf1a7ce1444f0a8c2598385ca2613f96b97d19de162d412094c,9c5d4f5ce97d487b4a3d2cb91fc724d42f14ab031e00c07f4d53231d88da91f3,full_per_parameter_reset,4105_500_full_per_parameter_reset,100,1.3552412872314452,0.5047,10000
4105,1500,checkpoints\seed_4105_age_1500.pt,cd0a7c4a5971e1e1167105c265d639a97617c2c00c768863ec9c71508ab03d21,5b0213c94acc2bf1a7ce1444f0a8c2598385ca2613f96b97d19de162d412094c,9c5d4f5ce97d487b4a3d2cb91fc724d42f14ab031e00c07f4d53231d88da91f3,clean,4105_1500_clean,0,1.0148711448669434,0.6402,10000
4105,1500,checkpoints\seed_4105_age_1500.pt,cd0a7c4a5971e1e1167105c265d639a97617c2c00c768863ec9c71508ab03d21,5b0213c94acc2bf1a7ce1444f0a8c2598385ca2613f96b97d19de162d412094c,9c5d4f5ce97d487b4a3d2cb91fc724d42f14ab031e00c07f4d53231d88da91f3,reset_m,4105_1500_reset_m,0,1.0148711448669434,0.6402,10000
4105,1500,checkpoints\seed_4105_age_1500.pt,cd0a7c4a5971e1e1167105c265d639a97617c2c00c768863ec9c71508ab03d21,5b0213c94acc2bf1a7ce1444f0a8c2598385ca2613f96b97d19de162d412094c,9c5d4f5ce97d487b4a3d2cb91fc724d42f14ab031e00c07f4d53231d88da91f3,reset_v,4105_1500_reset_v,0,1.0148711448669434,0.6402,10000
4105,1500,checkpoints\seed_4105_age_1500.pt,cd0a7c4a5971e1e1167105c265d639a97617c2c00c768863ec9c71508ab03d21,5b0213c94acc2bf1a7ce1444f0a8c2598385ca2613f96b97d19de162d412094c,9c5d4f5ce97d487b4a3d2cb91fc724d42f14ab031e00c07f4d53231d88da91f3,full_per_parameter_reset,4105_1500_full_per_parameter_reset,0,1.0148711448669434,0.6402,10000
4105,1500,checkpoints\seed_4105_age_1500.pt,cd0a7c4a5971e1e1167105c265d639a97617c2c00c768863ec9c71508ab03d21,5b0213c94acc2bf1a7ce1444f0a8c2598385ca2613f96b97d19de162d412094c,9c5d4f5ce97d487b4a3d2cb91fc724d42f14ab031e00c07f4d53231d88da91f3,clean,4105_1500_clean,1,1.0193059116363525,0.6386,10000
4105,1500,checkpoints\seed_4105_age_1500.pt,cd0a7c4a5971e1e1167105c265d639a97617c2c00c768863ec9c71508ab03d21,5b0213c94acc2bf1a7ce1444f0a8c2598385ca2613f96b97d19de162d412094c,9c5d4f5ce97d487b4a3d2cb91fc724d42f14ab031e00c07f4d53231d88da91f3,reset_m,4105_1500_reset_m,1,0.9912068321228027,0.6449,10000
4105,1500,checkpoints\seed_4105_age_1500.pt,cd0a7c4a5971e1e1167105c265d639a97617c2c00c768863ec9c71508ab03d21,5b0213c94acc2bf1a7ce1444f0a8c2598385ca2613f96b97d19de162d412094c,9c5d4f5ce97d487b4a3d2cb91fc724d42f14ab031e00c07f4d53231d88da91f3,reset_v,4105_1500_reset_v,1,856.262309375,0.1,10000
4105,1500,checkpoints\seed_4105_age_1500.pt,cd0a7c4a5971e1e1167105c265d639a97617c2c00c768863ec9c71508ab03d21,5b0213c94acc2bf1a7ce1444f0a8c2598385ca2613f96b97d19de162d412094c,9c5d4f5ce97d487b4a3d2cb91fc724d42f14ab031e00c07f4d53231d88da91f3,full_per_parameter_reset,4105_1500_full_per_parameter_reset,1,1.5141120965957642,0.494,10000
4105,1500,checkpoints\seed_4105_age_1500.pt,cd0a7c4a5971e1e1167105c265d639a97617c2c00c768863ec9c71508ab03d21,5b0213c94acc2bf1a7ce1444f0a8c2598385ca2613f96b97d19de162d412094c,9c5d4f5ce97d487b4a3d2cb91fc724d42f14ab031e00c07f4d53231d88da91f3,clean,4105_1500_clean,25,1.0009791980743408,0.6461,10000
4105,1500,checkpoints\seed_4105_age_1500.pt,cd0a7c4a5971e1e1167105c265d639a97617c2c00c768863ec9c71508ab03d21,5b0213c94acc2bf1a7ce1444f0a8c2598385ca2613f96b97d19de162d412094c,9c5d4f5ce97d487b4a3d2cb91fc724d42f14ab031e00c07f4d53231d88da91f3,reset_m,4105_1500_reset_m,25,1.0022500602722169,0.6448,10000
4105,1500,checkpoints\seed_4105_age_1500.pt,cd0a7c4a5971e1e1167105c265d639a97617c2c00c768863ec9c71508ab03d21,5b0213c94acc2bf1a7ce1444f0a8c2598385ca2613f96b97d19de162d412094c,9c5d4f5ce97d487b4a3d2cb91fc724d42f14ab031e00c07f4d53231d88da91f3,reset_v,4105_1500_reset_v,25,2.452366645050049,0.1185,10000
4105,1500,checkpoints\seed_4105_age_1500.pt,cd0a7c4a5971e1e1167105c265d639a97617c2c00c768863ec9c71508ab03d21,5b0213c94acc2bf1a7ce1444f0a8c2598385ca2613f96b97d19de162d412094c,9c5d4f5ce97d487b4a3d2cb91fc724d42f14ab031e00c07f4d53231d88da91f3,full_per_parameter_reset,4105_1500_full_per_parameter_reset,25,1.023099619293213,0.6349,10000
4105,1500,checkpoints\seed_4105_age_1500.pt,cd0a7c4a5971e1e1167105c265d639a97617c2c00c768863ec9c71508ab03d21,5b0213c94acc2bf1a7ce1444f0a8c2598385ca2613f96b97d19de162d412094c,9c5d4f5ce97d487b4a3d2cb91fc724d42f14ab031e00c07f4d53231d88da91f3,clean,4105_1500_clean,50,1.0505430210113524,0.6248,10000
4105,1500,checkpoints\seed_4105_age_1500.pt,cd0a7c4a5971e1e1167105c265d639a97617c2c00c768863ec9c71508ab03d21,5b0213c94acc2bf1a7ce1444f0a8c2598385ca2613f96b97d19de162d412094c,9c5d4f5ce97d487b4a3d2cb91fc724d42f14ab031e00c07f4d53231d88da91f3,reset_m,4105_1500_reset_m,50,1.0451248706817626,0.6261,10000
4105,1500,checkpoints\seed_4105_age_1500.pt,cd0a7c4a5971e1e1167105c265d639a97617c2c00c768863ec9c71508ab03d21,5b0213c94acc2bf1a7ce1444f0a8c2598385ca2613f96b97d19de162d412094c,9c5d4f5ce97d487b4a3d2cb91fc724d42f14ab031e00c07f4d53231d88da91f3,reset_v,4105_1500_reset_v,50,2.242223522567749,0.1594,10000
4105,1500,checkpoints\seed_4105_age_1500.pt,cd0a7c4a5971e1e1167105c265d639a97617c2c00c768863ec9c71508ab03d21,5b0213c94acc2bf1a7ce1444f0a8c2598385ca2613f96b97d19de162d412094c,9c5d4f5ce97d487b4a3d2cb91fc724d42f14ab031e00c07f4d53231d88da91f3,full_per_parameter_reset,4105_1500_full_per_parameter_reset,50,1.01516622467041,0.637,10000
4105,1500,checkpoints\seed_4105_age_1500.pt,cd0a7c4a5971e1e1167105c265d639a97617c2c00c768863ec9c71508ab03d21,5b0213c94acc2bf1a7ce1444f0a8c2598385ca2613f96b97d19de162d412094c,9c5d4f5ce97d487b4a3d2cb91fc724d42f14ab031e00c07f4d53231d88da91f3,clean,4105_1500_clean,75,1.0019079553604127,0.644,10000
4105,1500,checkpoints\seed_4105_age_1500.pt,cd0a7c4a5971e1e1167105c265d639a97617c2c00c768863ec9c71508ab03d21,5b0213c94acc2bf1a7ce1444f0a8c2598385ca2613f96b97d19de162d412094c,9c5d4f5ce97d487b4a3d2cb91fc724d42f14ab031e00c07f4d53231d88da91f3,reset_m,4105_1500_reset_m,75,1.0056666696548462,0.6417,10000
4105,1500,checkpoints\seed_4105_age_1500.pt,cd0a7c4a5971e1e1167105c265d639a97617c2c00c768863ec9c71508ab03d21,5b0213c94acc2bf1a7ce1444f0a8c2598385ca2613f96b97d19de162d412094c,9c5d4f5ce97d487b4a3d2cb91fc724d42f14ab031e00c07f4d53231d88da91f3,reset_v,4105_1500_reset_v,75,2.2136368255615233,0.1508,10000
4105,1500,checkpoints\seed_4105_age_1500.pt,cd0a7c4a5971e1e1167105c265d639a97617c2c00c768863ec9c71508ab03d21,5b0213c94acc2bf1a7ce1444f0a8c2598385ca2613f96b97d19de162d412094c,9c5d4f5ce97d487b4a3d2cb91fc724d42f14ab031e00c07f4d53231d88da91f3,full_per_parameter_reset,4105_1500_full_per_parameter_reset,75,1.0171731519699097,0.6382,10000
4105,1500,checkpoints\seed_4105_age_1500.pt,cd0a7c4a5971e1e1167105c265d639a97617c2c00c768863ec9c71508ab03d21,5b0213c94acc2bf1a7ce1444f0a8c2598385ca2613f96b97d19de162d412094c,9c5d4f5ce97d487b4a3d2cb91fc724d42f14ab031e00c07f4d53231d88da91f3,clean,4105_1500_clean,100,1.0137141054153442,0.6385,10000
4105,1500,checkpoints\seed_4105_age_1500.pt,cd0a7c4a5971e1e1167105c265d639a97617c2c00c768863ec9c71508ab03d21,5b0213c94acc2bf1a7ce1444f0a8c2598385ca2613f96b97d19de162d412094c,9c5d4f5ce97d487b4a3d2cb91fc724d42f14ab031e00c07f4d53231d88da91f3,reset_m,4105_1500_reset_m,100,1.0181455993652344,0.6375,10000
4105,1500,checkpoints\seed_4105_age_1500.pt,cd0a7c4a5971e1e1167105c265d639a97617c2c00c768863ec9c71508ab03d21,5b0213c94acc2bf1a7ce1444f0a8c2598385ca2613f96b97d19de162d412094c,9c5d4f5ce97d487b4a3d2cb91fc724d42f14ab031e00c07f4d53231d88da91f3,reset_v,4105_1500_reset_v,100,2.1290730812072756,0.196,10000
4105,1500,checkpoints\seed_4105_age_1500.pt,cd0a7c4a5971e1e1167105c265d639a97617c2c00c768863ec9c71508ab03d21,5b0213c94acc2bf1a7ce1444f0a8c2598385ca2613f96b97d19de162d412094c,9c5d4f5ce97d487b4a3d2cb91fc724d42f14ab031e00c07f4d53231d88da91f3,full_per_parameter_reset,4105_1500_full_per_parameter_reset,100,1.000804263496399,0.6453,10000
4105,3000,checkpoints\seed_4105_age_3000.pt,380355c7827ad8ac2fdfca6dc751f2d90f7a99ac73c2ae18059c1ed903f17912,5b0213c94acc2bf1a7ce1444f0a8c2598385ca2613f96b97d19de162d412094c,9c5d4f5ce97d487b4a3d2cb91fc724d42f14ab031e00c07f4d53231d88da91f3,clean,4105_3000_clean,0,0.87846960105896,0.6937,10000
4105,3000,checkpoints\seed_4105_age_3000.pt,380355c7827ad8ac2fdfca6dc751f2d90f7a99ac73c2ae18059c1ed903f17912,5b0213c94acc2bf1a7ce1444f0a8c2598385ca2613f96b97d19de162d412094c,9c5d4f5ce97d487b4a3d2cb91fc724d42f14ab031e00c07f4d53231d88da91f3,reset_m,4105_3000_reset_m,0,0.87846960105896,0.6937,10000
4105,3000,checkpoints\seed_4105_age_3000.pt,380355c7827ad8ac2fdfca6dc751f2d90f7a99ac73c2ae18059c1ed903f17912,5b0213c94acc2bf1a7ce1444f0a8c2598385ca2613f96b97d19de162d412094c,9c5d4f5ce97d487b4a3d2cb91fc724d42f14ab031e00c07f4d53231d88da91f3,reset_v,4105_3000_reset_v,0,0.87846960105896,0.6937,10000
4105,3000,checkpoints\seed_4105_age_3000.pt,380355c7827ad8ac2fdfca6dc751f2d90f7a99ac73c2ae18059c1ed903f17912,5b0213c94acc2bf1a7ce1444f0a8c2598385ca2613f96b97d19de162d412094c,9c5d4f5ce97d487b4a3d2cb91fc724d42f14ab031e00c07f4d53231d88da91f3,full_per_parameter_reset,4105_3000_full_per_parameter_reset,0,0.87846960105896,0.6937,10000
4105,3000,checkpoints\seed_4105_age_3000.pt,380355c7827ad8ac2fdfca6dc751f2d90f7a99ac73c2ae18059c1ed903f17912,5b0213c94acc2bf1a7ce1444f0a8c2598385ca2613f96b97d19de162d412094c,9c5d4f5ce97d487b4a3d2cb91fc724d42f14ab031e00c07f4d53231d88da91f3,clean,4105_3000_clean,1,0.879245613861084,0.6874,10000
4105,3000,checkpoints\seed_4105_age_3000.pt,380355c7827ad8ac2fdfca6dc751f2d90f7a99ac73c2ae18059c1ed903f17912,5b0213c94acc2bf1a7ce1444f0a8c2598385ca2613f96b97d19de162d412094c,9c5d4f5ce97d487b4a3d2cb91fc724d42f14ab031e00c07f4d53231d88da91f3,reset_m,4105_3000_reset_m,1,0.840273884677887,0.7053,10000
4105,3000,checkpoints\seed_4105_age_3000.pt,380355c7827ad8ac2fdfca6dc751f2d90f7a99ac73c2ae18059c1ed903f17912,5b0213c94acc2bf1a7ce1444f0a8c2598385ca2613f96b97d19de162d412094c,9c5d4f5ce97d487b4a3d2cb91fc724d42f14ab031e00c07f4d53231d88da91f3,reset_v,4105_3000_reset_v,1,5273.45761796875,0.1,10000
4105,3000,checkpoints\seed_4105_age_3000.pt,380355c7827ad8ac2fdfca6dc751f2d90f7a99ac73c2ae18059c1ed903f17912,5b0213c94acc2bf1a7ce1444f0a8c2598385ca2613f96b97d19de162d412094c,9c5d4f5ce97d487b4a3d2cb91fc724d42f14ab031e00c07f4d53231d88da91f3,full_per_parameter_reset,4105_3000_full_per_parameter_reset,1,1.1594363739013671,0.6056,10000
4105,3000,checkpoints\seed_4105_age_3000.pt,380355c7827ad8ac2fdfca6dc751f2d90f7a99ac73c2ae18059c1ed903f17912,5b0213c94acc2bf1a7ce1444f0a8c2598385ca2613f96b97d19de162d412094c,9c5d4f5ce97d487b4a3d2cb91fc724d42f14ab031e00c07f4d53231d88da91f3,clean,4105_3000_clean,25,0.8310111713409424,0.7029,10000
4105,3000,checkpoints\seed_4105_age_3000.pt,380355c7827ad8ac2fdfca6dc751f2d90f7a99ac73c2ae18059c1ed903f17912,5b0213c94acc2bf1a7ce1444f0a8c2598385ca2613f96b97d19de162d412094c,9c5d4f5ce97d487b4a3d2cb91fc724d42f14ab031e00c07f4d53231d88da91f3,reset_m,4105_3000_reset_m,25,0.820610124206543,0.7077,10000
4105,3000,checkpoints\seed_4105_age_3000.pt,380355c7827ad8ac2fdfca6dc751f2d90f7a99ac73c2ae18059c1ed903f17912,5b0213c94acc2bf1a7ce1444f0a8c2598385ca2613f96b97d19de162d412094c,9c5d4f5ce97d487b4a3d2cb91fc724d42f14ab031e00c07f4d53231d88da91f3,reset_v,4105_3000_reset_v,25,5.821312728881836,0.1169,10000
4105,3000,checkpoints\seed_4105_age_3000.pt,380355c7827ad8ac2fdfca6dc751f2d90f7a99ac73c2ae18059c1ed903f17912,5b0213c94acc2bf1a7ce1444f0a8c2598385ca2613f96b97d19de162d412094c,9c5d4f5ce97d487b4a3d2cb91fc724d42f14ab031e00c07f4d53231d88da91f3,full_per_parameter_reset,4105_3000_full_per_parameter_reset,25,0.8327856128692627,0.7056,10000
4105,3000,checkpoints\seed_4105_age_3000.pt,380355c7827ad8ac2fdfca6dc751f2d90f7a99ac73c2ae18059c1ed903f17912,5b0213c94acc2bf1a7ce1444f0a8c2598385ca2613f96b97d19de162d412094c,9c5d4f5ce97d487b4a3d2cb91fc724d42f14ab031e00c07f4d53231d88da91f3,clean,4105_3000_clean,50,0.8380219625473022,0.7019,10000
4105,3000,checkpoints\seed_4105_age_3000.pt,380355c7827ad8ac2fdfca6dc751f2d90f7a99ac73c2ae18059c1ed903f17912,5b0213c94acc2bf1a7ce1444f0a8c2598385ca2613f96b97d19de162d412094c,9c5d4f5ce97d487b4a3d2cb91fc724d42f14ab031e00c07f4d53231d88da91f3,reset_m,4105_3000_reset_m,50,0.8341600727081299,0.7033,10000
4105,3000,checkpoints\seed_4105_age_3000.pt,380355c7827ad8ac2fdfca6dc751f2d90f7a99ac73c2ae18059c1ed903f17912,5b0213c94acc2bf1a7ce1444f0a8c2598385ca2613f96b97d19de162d412094c,9c5d4f5ce97d487b4a3d2cb91fc724d42f14ab031e00c07f4d53231d88da91f3,reset_v,4105_3000_reset_v,50,2.324250650024414,0.1602,10000
4105,3000,checkpoints\seed_4105_age_3000.pt,380355c7827ad8ac2fdfca6dc751f2d90f7a99ac73c2ae18059c1ed903f17912,5b0213c94acc2bf1a7ce1444f0a8c2598385ca2613f96b97d19de162d412094c,9c5d4f5ce97d487b4a3d2cb91fc724d42f14ab031e00c07f4d53231d88da91f3,full_per_parameter_reset,4105_3000_full_per_parameter_reset,50,0.8196107383728027,0.7095,10000
4105,3000,checkpoints\seed_4105_age_3000.pt,380355c7827ad8ac2fdfca6dc751f2d90f7a99ac73c2ae18059c1ed903f17912,5b0213c94acc2bf1a7ce1444f0a8c2598385ca2613f96b97d19de162d412094c,9c5d4f5ce97d487b4a3d2cb91fc724d42f14ab031e00c07f4d53231d88da91f3,clean,4105_3000_clean,75,0.8930897518157959,0.6821,10000
4105,3000,checkpoints\seed_4105_age_3000.pt,380355c7827ad8ac2fdfca6dc751f2d90f7a99ac73c2ae18059c1ed903f17912,5b0213c94acc2bf1a7ce1444f0a8c2598385ca2613f96b97d19de162d412094c,9c5d4f5ce97d487b4a3d2cb91fc724d42f14ab031e00c07f4d53231d88da91f3,reset_m,4105_3000_reset_m,75,0.8933449488639832,0.6824,10000
4105,3000,checkpoints\seed_4105_age_3000.pt,380355c7827ad8ac2fdfca6dc751f2d90f7a99ac73c2ae18059c1ed903f17912,5b0213c94acc2bf1a7ce1444f0a8c2598385ca2613f96b97d19de162d412094c,9c5d4f5ce97d487b4a3d2cb91fc724d42f14ab031e00c07f4d53231d88da91f3,reset_v,4105_3000_reset_v,75,2.1677465282440185,0.1991,10000
4105,3000,checkpoints\seed_4105_age_3000.pt,380355c7827ad8ac2fdfca6dc751f2d90f7a99ac73c2ae18059c1ed903f17912,5b0213c94acc2bf1a7ce1444f0a8c2598385ca2613f96b97d19de162d412094c,9c5d4f5ce97d487b4a3d2cb91fc724d42f14ab031e00c07f4d53231d88da91f3,full_per_parameter_reset,4105_3000_full_per_parameter_reset,75,0.8933248832702637,0.685,10000
4105,3000,checkpoints\seed_4105_age_3000.pt,380355c7827ad8ac2fdfca6dc751f2d90f7a99ac73c2ae18059c1ed903f17912,5b0213c94acc2bf1a7ce1444f0a8c2598385ca2613f96b97d19de162d412094c,9c5d4f5ce97d487b4a3d2cb91fc724d42f14ab031e00c07f4d53231d88da91f3,clean,4105_3000_clean,100,0.8662169322967529,0.6932,10000
4105,3000,checkpoints\seed_4105_age_3000.pt,380355c7827ad8ac2fdfca6dc751f2d90f7a99ac73c2ae18059c1ed903f17912,5b0213c94acc2bf1a7ce1444f0a8c2598385ca2613f96b97d19de162d412094c,9c5d4f5ce97d487b4a3d2cb91fc724d42f14ab031e00c07f4d53231d88da91f3,reset_m,4105_3000_reset_m,100,0.8712745958328247,0.6918,10000
4105,3000,checkpoints\seed_4105_age_3000.pt,380355c7827ad8ac2fdfca6dc751f2d90f7a99ac73c2ae18059c1ed903f17912,5b0213c94acc2bf1a7ce1444f0a8c2598385ca2613f96b97d19de162d412094c,9c5d4f5ce97d487b4a3d2cb91fc724d42f14ab031e00c07f4d53231d88da91f3,reset_v,4105_3000_reset_v,100,2.057678466796875,0.2372,10000
4105,3000,checkpoints\seed_4105_age_3000.pt,380355c7827ad8ac2fdfca6dc751f2d90f7a99ac73c2ae18059c1ed903f17912,5b0213c94acc2bf1a7ce1444f0a8c2598385ca2613f96b97d19de162d412094c,9c5d4f5ce97d487b4a3d2cb91fc724d42f14ab031e00c07f4d53231d88da91f3,full_per_parameter_reset,4105_3000_full_per_parameter_reset,100,0.849222712135315,0.6974,10000
