row_id,seed,checkpoint_age,rewrite_family,continuation_step,parameter_divergence,normalized_parameter_divergence,validation_loss_gap,perplexity_gap,lr,candidate_lr,source_task_loss,candidate_task_loss,clean_cumulative_update_distance,candidate_cumulative_update_distance,cumulative_update_discrepancy,mean_layer_relative_displacement,max_layer_relative_displacement,max_layer_update_divergence,calibration_kl,calibration_rms_logit,clean_update_norm,candidate_update_norm,delta_update_norm,update_cosine,clean_update_normalized_divergence
gpu_seed1101_ckpt75_optimizer_reset,1101,75,optimizer_reset,0,0.0,0.0,0.0,0.0,0.001,0.001,,,0.0,0.0,0.0,0.0,0.0,0.0,0.0,0.0,,,,,
gpu_seed1101_ckpt75_optimizer_reset,1101,75,optimizer_reset,1,3.5903375148773193,0.02113525843889661,9.613434791564941,28900759.690066945,0.001,0.001,7.566010475158691,17.179445266723633,0.44556429982185364,3.6302478313446045,3.5903375148773193,0.08317607448075258,0.45420337466460897,0.8233181238174438,29.313020706176758,9.228906631469727,0.44556429982185364,3.6302478313446045,3.5903375148773193,0.15044857561588287,8.057955981448147
gpu_seed1101_ckpt75_optimizer_reset,1101,75,optimizer_reset,2,5.384924411773682,0.031699462416877815,10.120753288269043,56088037.43866241,0.001,0.001,7.721720059712728,17.84247334798177,0.9728020131587982,6.347548961639404,6.282052516937256,0.11509715795820599,0.5689179692182899,0.6301789283752441,5.8431925773620605,9.938593864440918,0.5272377133369446,2.7173011302948,2.6917150020599365,0.1453149914741516,5.535478277108707
gpu_seed1101_ckpt75_optimizer_reset,1101,75,optimizer_reset,3,6.809746265411377,0.04008696860013686,8.66368865966797,32050186.558983605,0.001,0.001,8.619297663370768,17.282986323038738,1.4976043999195099,8.655180215835571,8.576424837112427,0.1374849186274812,0.6444883537119527,0.5153477191925049,19.071382522583008,10.550259590148926,0.5248023867607117,2.307631254196167,2.294372320175171,0.13890250027179718,4.547092854276353
gpu_seed1101_ckpt75_optimizer_reset,1101,75,optimizer_reset,4,8.051031112670898,0.04739404653763063,8.427030563354492,29959850.348662227,0.001,0.001,8.788557052612305,17.215587615966797,1.9997954666614532,10.73340892791748,10.652930736541748,0.1544394799888477,0.6654887702034469,0.4569419324398041,16.307558059692383,9.972418785095215,0.5021910667419434,2.078228712081909,2.0765058994293213,0.12425123900175095,4.025927274506537
gpu_seed1101_ckpt75_optimizer_reset,1101,75,optimizer_reset,5,9.198400497436523,0.05414827183578561,11.527745882670084,837718869.771226,0.001,0.001,9.018457094828287,20.54620297749837,2.471363604068756,12.6641845703125,12.585860848426819,0.16961745152584584,0.6789734947376833,0.4015260338783264,11.97804069519043,10.963732719421387,0.47156813740730286,1.9307756423950195,1.9329301118850708,0.11754772067070007,3.7219939964677455
gpu_seed1101_ckpt75_optimizer_reset,1101,75,optimizer_reset,6,10.240836143493652,0.06028478315095884,8.438241640726726,26587221.297039296,0.001,0.001,8.657916069030762,17.096157709757488,2.9245460629463196,14.441920757293701,14.375480890274048,0.1837003952040931,0.7131022466365221,0.36383265256881714,17.84421157836914,11.092435836791992,0.4531824588775635,1.7777361869812012,1.789620041847229,0.10115011036396027,3.5016839957627717
gpu_seed1101_ckpt75_optimizer_reset,1101,75,optimizer_reset,7,11.210573196411133,0.06599333928147774,4.5100005467732736,480215.07101926045,0.001,0.001,8.583048184712728,13.093048731486002,3.412401020526886,16.096534490585327,16.058889508247375,0.19643486879676894,0.7514010437926629,0.35124239325523376,11.452884674072266,9.448027610778809,0.4878549575805664,1.654613733291626,1.6834086179733276,0.08788558095693588,3.2852449430685313
gpu_seed1101_ckpt75_optimizer_reset,1101,75,optimizer_reset,8,12.098586082458496,0.0712208093357305,3.4721167882283535,164659.55800888306,0.001,0.001,8.571062088012695,12.043178876241049,3.924522280693054,17.669257044792175,17.673473238945007,0.207427509561923,0.8338624092515005,0.3484920561313629,4.146214485168457,8.569972038269043,0.5121212601661682,1.5727225542068481,1.6145837306976318,0.07998503744602203,3.082817529658375
gpu_seed1101_ckpt75_optimizer_reset,1101,75,optimizer_reset,9,12.947324752807617,0.07621708366107818,5.494066874186198,379142.42074831045,0.001,0.001,7.355719884236653,12.849786758422852,4.420509845018387,19.141448616981506,19.190795302391052,0.2186718801439294,0.9075148638112912,0.325414776802063,5.463305473327637,9.00156021118164,0.49598756432533264,1.472191572189331,1.517322063446045,0.07606639713048935,2.9289211441063614
gpu_seed1101_ckpt75_optimizer_reset,1101,75,optimizer_reset,10,13.770866394042969,0.08106503050467652,8.571414311726887,6998655.115650917,0.001,0.001,7.190003712972005,15.761418024698893,4.904073596000671,20.509608268737793,20.611494779586792,0.22935556675263732,0.9765576604973576,0.31015416979789734,10.786473274230957,8.723546028137207,0.48356375098228455,1.3681596517562866,1.4206994771957397,0.06598333269357681,2.8080464382244306
gpu_seed1101_ckpt75_optimizer_reset,1101,75,optimizer_reset,11,14.529236793518066,0.08552933346196079,6.230153401692709,426300.4590793255,0.001,0.001,6.73471736907959,12.964870770772299,5.421867489814758,21.758248329162598,21.93171465396881,0.23881859768970107,1.0264313558571618,0.28269249200820923,5.937771797180176,8.766339302062988,0.5177938938140869,1.2486400604248047,1.320219874382019,0.06514079868793488,2.6797476738059838
gpu_seed1101_ckpt75_optimizer_reset,1101,75,optimizer_reset,12,15.251114845275879,0.08977881672698744,4.7719771067301435,108661.08884177779,0.001,0.001,6.83251158396403,11.604488690694174,5.9668275117874146,22.96969974040985,23.230841636657715,0.2476022366639767,1.0716143220608851,0.28839388489723206,6.931522369384766,8.744400024414062,0.5449600219726562,1.2114514112472534,1.2991269826889038,0.05821407213807106,2.555983864984346
gpu_seed1101_ckpt75_optimizer_reset,1101,75,optimizer_reset,13,15.927260398864746,0.093759086258249,7.022468884785971,613480.2359566247,0.001,0.001,6.305326461791992,13.327795346577963,6.483333468437195,24.171628713607788,24.510711193084717,0.2551693214000399,1.1145502440720945,0.2953495681285858,13.882162094116211,7.7842206954956055,0.5165059566497803,1.201928973197937,1.279869556427002,0.05907312408089638,2.4566467969603836
gpu_seed1101_ckpt75_optimizer_reset,1101,75,optimizer_reset,14,16.56772804260254,0.09752933045285697,6.80047353108724,320778.2281647167,0.001,0.001,5.879145622253418,12.679619153340658,6.976281523704529,25.30835223197937,25.721441984176636,0.2612229231246481,1.1435792865628316,0.2755785584449768,6.369700908660889,7.224852085113525,0.492948055267334,1.136723518371582,1.210730791091919,0.06180915981531143,2.3748651751373715
gpu_seed1101_ckpt75_optimizer_reset,1101,75,optimizer_reset,15,17.166231155395508,0.10105254182586787,6.152159531911214,137095.6293805464,0.001,0.001,5.67840560277303,11.830565134684244,7.4514575600624084,26.42732298374176,26.909088015556335,0.26675732087372356,1.1674843839560163,0.2574078440666199,8.900467872619629,7.2592878341674805,0.47517603635787964,1.1189707517623901,1.1876460313796997,0.06336618214845657,2.3037413844237786
gpu_seed1101_ckpt75_optimizer_reset,1101,75,optimizer_reset,16,17.707218170166016,0.10423717288684281,9.416658878326416,3819008.474225105,0.001,0.001,5.738923867543538,15.155582745869955,7.896864175796509,27.5919189453125,28.131805896759033,0.27326695661009953,1.1694988781043159,0.27382978796958923,6.266129970550537,8.32821273803711,0.44540661573410034,1.1645959615707397,1.2227178812026978,0.057479921728372574,2.242310083594385
gpu_seed1101_ckpt75_optimizer_reset,1101,75,optimizer_reset,17,18.238887786865234,0.10736695517234782,10.199357032775879,11007871.669322131,0.001,0.001,6.0148013432820635,16.21415837605794,8.310236513614655,28.674023270606995,29.26752531528473,0.27927366140018206,1.163798396699735,0.25666338205337524,8.72600269317627,9.73747444152832,0.41337233781814575,1.0821043252944946,1.1357194185256958,0.05808907747268677,2.194749542565038
gpu_seed1101_ckpt75_optimizer_reset,1101,75,optimizer_reset,18,18.7496395111084,0.11037359999202298,7.329885641733806,857255.274050905,0.001,0.001,6.332261244455974,13.66214688618978,8.7064850628376,29.672562301158905,30.320555448532104,0.2848265095023806,1.1635648923798774,0.24591417610645294,4.990936756134033,10.263833045959473,0.39624854922294617,0.9985390305519104,1.0530301332473755,0.057144466787576675,2.1535257197116695
gpu_seed1101_ckpt75_optimizer_reset,1101,75,optimizer_reset,19,19.245452880859375,0.11329230712296111,8.197545051574707,1378525.6018572608,0.001,0.001,5.939255396525065,14.136800448099772,9.105526000261307,30.630091905593872,31.341909050941467,0.2901665920003695,1.1640829427777581,0.23825575411319733,6.517465114593506,10.38985538482666,0.39904093742370605,0.957529604434967,1.0213536024093628,0.043095920234918594,2.1136014416196236
gpu_seed1101_ckpt75_optimizer_reset,1101,75,optimizer_reset,20,19.712249755859375,0.1160402027040069,7.1138383547465,350676.74015910743,0.001,0.001,5.654595851898193,12.768434206644693,9.48240613937378,31.517659544944763,32.288822412490845,0.29524058638140843,1.1601198698436561,0.2256506383419037,7.889468669891357,10.13076400756836,0.37688013911247253,0.8875676393508911,0.9469133615493774,0.04958042874932289,2.078823609337524
gpu_seed1101_ckpt75_optimizer_reset,1101,75,optimizer_reset,21,20.155654907226562,0.11865039810442563,4.5775957107543945,13815.62270017574,0.001,0.001,4.966292381286621,9.543888092041016,9.866181194782257,32.40312969684601,33.23851680755615,0.3000285147999279,1.1522352478977904,0.23832184076309204,3.9299962520599365,9.62299633026123,0.3837750554084778,0.8854701519012451,0.9496943950653076,0.04328930750489235,2.0429033796666802
gpu_seed1101_ckpt75_optimizer_reset,1101,75,optimizer_reset,22,20.58411407470703,0.12117261090411101,5.269527912139893,24260.351648637876,0.001,0.001,4.832230091094971,10.101758003234863,10.232079714536667,33.241190791130066,34.13794159889221,0.304813415765,1.1458316876018326,0.22926105558872223,6.029415130615234,9.253952026367188,0.3658985197544098,0.8380610942840576,0.8994247913360596,0.04445390775799751,2.0117233884975767
gpu_seed1101_ckpt75_optimizer_reset,1101,75,optimizer_reset,23,20.98182487487793,0.12351381713074609,4.321595986684164,7834.928958716327,0.001,0.001,4.658118724822998,8.979714711507162,10.5819853246212,34.02589797973633,34.98150658607483,0.30902563108172126,1.1465554810723202,0.20926934480667114,7.547523021697998,8.819266319274902,0.3499056100845337,0.7847071886062622,0.8435649871826172,0.04843404144048691,1.982787183238418
gpu_seed1101_ckpt75_optimizer_reset,1101,75,optimizer_reset,24,21.355064392089844,0.12571096812927898,4.428389072418212,9840.169186560523,0.001,0.001,4.777844587961833,9.206233660380045,10.937055885791779,34.775484919548035,35.79584586620331,0.3125780494472346,1.1508100765669722,0.2048872709274292,7.084865570068359,8.239385604858398,0.355070561170578,0.7495869398117065,0.814339280128479,0.046602871268987656,1.9525423125824972
gpu_seed1101_ckpt75_optimizer_reset,1101,75,optimizer_reset,25,21.702606201171875,0.12775684429630596,1.4680705070495605,658.8007335644966,0.0005,0.0005,5.284195423126221,6.752265930175781,11.325968325138092,35.52344024181366,36.62195944786072,0.3156554303255332,1.1533616643319724,0.2219560146331787,5.563018798828125,7.7259135246276855,0.3889124393463135,0.747955322265625,0.8261135816574097,0.048517510294914246,1.9161810785750497
gpu_seed1101_ckpt75_optimizer_reset,1101,75,optimizer_reset,26,21.866003036499023,0.12871871329286327,1.2627965609232588,373.3807990412933,0.0005,0.0005,4.992289066314697,6.255085627237956,11.50406500697136,35.87613281607628,37.008934170007706,0.3171980382914139,1.1536650945595588,0.0978575125336647,5.45670747756958,7.522518157958984,0.1780966818332672,0.352692574262619,0.3869747221469879,0.05063442885875702,1.900719704143407
gpu_seed1101_ckpt75_optimizer_reset,1101,75,optimizer_reset,27,22.01850700378418,0.12961645918671663,1.0608959197998047,176.06895169837316,0.0005,0.0005,4.534850279490153,5.595746199289958,11.701091885566711,36.23708924651146,37.41233375668526,0.3187712203695362,1.1502351149947554,0.10582208633422852,5.304891586303711,7.2819976806640625,0.19702687859535217,0.36095643043518066,0.40339958667755127,0.04484010860323906,1.8817480641222988
gpu_seed1101_ckpt75_optimizer_reset,1101,75,optimizer_reset,28,22.161184310913086,0.1304563584293477,1.6456507047017412,364.6110517091935,0.0005,0.0005,4.467472076416016,6.113122781117757,11.894375428557396,36.581667482852936,37.801416367292404,0.32023901492737117,1.152629683187971,0.09946192055940628,3.9582273960113525,7.040040493011475,0.1932835429906845,0.34457823634147644,0.3890826106071472,0.03534025326371193,1.8631650265304458
gpu_seed1101_ckpt75_optimizer_reset,1101,75,optimizer_reset,29,22.291873931884766,0.13122568969780707,2.5811715126037598,938.2403601702318,0.0005,0.0005,4.341537316640218,6.922708829243978,12.080862492322922,36.90796020627022,38.17122942209244,0.32146896614222026,1.1577347312161066,0.09678719192743301,4.101257801055908,6.914286136627197,0.18648706376552582,0.3262927234172821,0.36981305480003357,0.0368339903652668,1.8452220564590347
gpu_seed1101_ckpt75_optimizer_reset,1101,75,optimizer_reset,30,22.41179084777832,0.13193160522750408,2.890964984893799,1049.1457324401006,0.0005,0.0005,4.121890068054199,7.012855052947998,12.256533712148666,37.213141053915024,38.51736342906952,0.32264170821556687,1.1615074625114725,0.08636920899152756,5.3928351402282715,6.820345878601074,0.17567121982574463,0.3051808476448059,0.3461340069770813,0.03904915973544121,1.828558658926703
gpu_seed1101_ckpt75_optimizer_reset,1101,75,optimizer_reset,31,22.52117919921875,0.13257554220232004,2.6131227016448975,655.8581506307997,0.0005,0.0005,3.9489529132843018,6.562075614929199,12.425278827548027,37.50473681092262,38.84751069545746,0.32348302364988657,1.1592886304498846,0.08358019590377808,5.243315696716309,6.687470436096191,0.16874511539936066,0.2915957570075989,0.33014726638793945,0.045785389840602875,1.812529079772869
gpu_seed1101_ckpt75_optimizer_reset,1101,75,optimizer_reset,32,22.62088394165039,0.13316247462584413,1.9614594777425132,260.6728175162724,0.0005,0.0005,3.753389040629069,5.714848518371582,12.594876617193222,37.80331435799599,39.18387934565544,0.32400246150271017,1.1521840098120775,0.08659213036298752,3.2363009452819824,6.436629295349121,0.169597789645195,0.29857754707336426,0.3363686501979828,0.047080203890800476,1.7960385503712601
gpu_seed1101_ckpt75_optimizer_reset,1101,75,optimizer_reset,33,22.714990615844727,0.13371645287208994,1.7769266764322915,181.31049484853446,0.0005,0.0005,3.6085990269978843,5.385525703430176,12.76882055401802,38.093500941991806,39.51609990000725,0.3244382730682854,1.1498851060644184,0.08607890456914902,1.9410817623138428,6.1356520652771,0.17394393682479858,0.2901865839958191,0.33222055435180664,0.04055621102452278,1.7789419562870372
gpu_seed1101_ckpt75_optimizer_reset,1101,75,optimizer_reset,34,22.804428100585938,0.1342429449766059,1.4951471487681074,161.15751125504465,0.0005,0.0005,3.841115713119507,5.336262861887614,12.943754374980927,38.37398773431778,39.84156611561775,0.32481104524281806,1.1537125324398783,0.08594301342964172,1.9096497297286987,5.851142406463623,0.17493382096290588,0.2804867923259735,0.32546621561050415,0.034100715070962906,1.761809397794431
gpu_seed1101_ckpt75_optimizer_reset,1101,75,optimizer_reset,35,22.887596130371094,0.13473253064817003,1.307143290837606,131.28753107681456,0.0005,0.0005,3.885768493016561,5.192911783854167,13.102997660636902,38.64353343844414,40.14842212200165,0.3251332148409294,1.1582064425774588,0.08150103688240051,2.003683090209961,5.622688293457031,0.15924328565597534,0.26954570412635803,0.3068560063838959,0.04487891495227814,1.7467450367580117
gpu_seed1101_ckpt75_optimizer_reset,1101,75,optimizer_reset,36,22.96510124206543,0.13518878039048746,1.2670441468556723,103.61149167990102,0.0005,0.0005,3.704420487085978,4.97146463394165,13.260896638035774,38.89160618185997,40.435744404792786,0.32556463098468463,1.1634543689343602,0.07681849598884583,2.0335404872894287,5.389702320098877,0.15789897739887238,0.24807274341583252,0.2873222827911377,0.050013329833745956,1.7317909843436745
gpu_seed1101_ckpt75_optimizer_reset,1101,75,optimizer_reset,37,23.037059783935547,0.1356123791115016,0.7632489999135337,47.32361196044438,0.0005,0.0005,3.721399704615275,4.484648704528809,13.425674170255661,39.147148966789246,40.7326075732708,0.32602006857532245,1.169650835694331,0.08053374290466309,2.0083236694335938,5.1279706954956055,0.16477753221988678,0.2555427849292755,0.2968631684780121,0.051368288695812225,1.7158959387657433
gpu_seed1101_ckpt75_optimizer_reset,1101,75,optimizer_reset,38,23.1038818359375,0.13600574083101305,0.5211619536081948,32.995045353052056,0.0005,0.0005,3.876179297765096,4.397341251373291,13.582103356719017,39.401515424251556,41.023597329854965,0.3263942235533052,1.1764743600412264,0.0821792408823967,1.6875591278076172,4.854776859283447,0.15642918646335602,0.2543664574623108,0.2909897565841675,0.05651284381747246,1.701053307366152
gpu_seed1101_ckpt75_optimizer_reset,1101,75,optimizer_reset,39,23.16571807861328,0.1363697525609486,0.6051510969797769,38.798568340146225,0.0005,0.0005,3.8428725401560464,4.448023637135823,13.736196428537369,39.640204414725304,41.30054494738579,0.3267020426798501,1.1829130130834449,0.07432379573583603,1.6472586393356323,4.6669745445251465,0.15409307181835175,0.23868899047374725,0.27694761753082275,0.054609667509794235,1.686472539842551
gpu_seed1101_ckpt75_optimizer_reset,1101,75,optimizer_reset,40,23.22269630432129,0.13670516657724607,0.8601135412851968,58.22736991457489,0.0005,0.0005,3.754352649052938,4.614466190338135,13.898304373025894,39.863161861896515,41.56907233595848,0.32696852324639947,1.1888654862801984,0.07616644352674484,1.7852704524993896,4.465282440185547,0.1621079444885254,0.22295744717121124,0.26852738857269287,0.05370381847023964,1.6709014050225213
gpu_seed1101_ckpt75_optimizer_reset,1101,75,optimizer_reset,41,23.275049209594727,0.13701335269579237,0.9532365798950195,57.83553608885642,0.0005,0.0005,3.591299057006836,4.5445356369018555,14.058680072426796,40.08234916627407,41.833600997924805,0.327272523052763,1.193933159011917,0.07501133531332016,1.8708096742630005,4.297718524932861,0.1603756994009018,0.21918730437755585,0.26452866196632385,0.05388008430600166,1.6555643267850075
gpu_seed1101_ckpt75_optimizer_reset,1101,75,optimizer_reset,42,23.32359504699707,0.13729912772818964,0.9144763946533208,46.96634222809971,0.0005,0.0005,3.4469918409983316,4.361468235651652,14.22450439631939,40.31255868077278,42.110762268304825,0.3274967904213035,1.199525353971854,0.07892236113548279,1.5812238454818726,4.181581497192383,0.16582432389259338,0.23020951449871063,0.27716127038002014,0.04814425855875015,1.6396771653450677
gpu_seed1101_ckpt75_optimizer_reset,1101,75,optimizer_reset,43,23.368072509765625,0.13756095343856492,0.4584992726643877,18.687542486903517,0.0005,0.0005,3.4696601231892905,3.9281593958536782,14.393263310194016,40.529515862464905,42.379032611846924,0.32786743470409546,1.2034452079695732,0.08053701370954514,1.2032139301300049,4.147533416748047,0.16875891387462616,0.2169571816921234,0.268270343542099,0.04890291392803192,1.6235423479825861
gpu_seed1101_ckpt75_optimizer_reset,1101,75,optimizer_reset,44,23.4099063873291,0.13780721714222552,0.25430878003438284,9.77964155380505,0.0005,0.0005,3.51966126759847,3.773970047632853,14.55261580646038,40.73649883270264,42.6337496638298,0.32832000910801035,1.2058890254213122,0.07448136806488037,1.3126263618469238,4.155146598815918,0.15935249626636505,0.20698297023773193,0.25471705198287964,0.05084993690252304,1.608639072085932
gpu_seed1101_ckpt75_optimizer_reset,1101,75,optimizer_reset,45,23.44906234741211,0.13803771673518808,0.23073569933573435,8.903421249469133,0.0005,0.0005,3.5353328386942544,3.7660685380299888,14.705908700823784,40.93873672187328,42.88096043467522,0.3289086899469766,1.2077240692176836,0.07831032574176788,1.6967617273330688,4.134627819061279,0.15329289436340332,0.20223788917064667,0.2472107708454132,0.05299258977174759,1.594533382768585
gpu_seed1101_ckpt75_optimizer_reset,1101,75,optimizer_reset,46,23.486101150512695,0.13825575324918002,0.2608483632405596,11.052484540979634,0.0005,0.0005,3.613213618596395,3.8740619818369546,14.854542389512062,41.13337768614292,43.11890545487404,0.3293711284986128,1.2092113397933821,0.07129881531000137,2.1877427101135254,4.112227439880371,0.1486336886882782,0.19464096426963806,0.23794502019882202,0.05805780738592148,1.581072007111663
gpu_seed1101_ckpt75_optimizer_reset,1101,75,optimizer_reset,47,23.521081924438477,0.13846167475217255,0.30694214502970407,13.094293876983919,0.0005,0.0005,3.595878998438517,3.902821143468221,14.998260974884033,41.322908878326416,43.34822475910187,0.3297029109692442,1.212461830741433,0.06644873321056366,2.550682783126831,4.0583062171936035,0.14371858537197113,0.18953119218349457,0.22931930422782898,0.07323568314313889,1.568253943828896
gpu_seed1101_ckpt75_optimizer_reset,1101,75,optimizer_reset,48,23.554256439208984,0.13865696334004327,0.5054664611816406,20.710921929618095,0.0005,0.0005,3.4495784441630044,3.955044905344645,15.142986819148064,41.500914961099625,43.57164914906025,0.3300579139045022,1.2161888529088174,0.06707510352134705,1.646538257598877,4.00603723526001,0.14472584426403046,0.17800608277320862,0.22342438995838165,0.05266014486551285,1.5554564446574999
gpu_seed1101_ckpt75_optimizer_reset,1101,75,optimizer_reset,49,23.585765838623047,0.13884244988472358,0.43100714683532715,16.361399620035744,0.0005,0.0005,3.4133235613505044,3.8443307081858316,15.29204511642456,41.693525433540344,43.809447064995766,0.3302148856414646,1.2207964508625708,0.07043051719665527,1.8281174898147583,4.061401844024658,0.1490582972764969,0.1926104724407196,0.23779791593551636,0.04822885990142822,1.5423552349638963
gpu_seed1101_ckpt75_optimizer_reset,1101,75,optimizer_reset,50,23.615116119384766,0.13901522633445362,0.2620791594187417,10.32681497550734,0.0005,0.0005,3.5399527549743652,3.802031914393107,15.448881909251213,41.882083997130394,44.0466455668211,0.3301304332569166,1.2241373556576773,0.07159766554832458,1.6043064594268799,4.050355911254883,0.15683679282665253,0.18855856359004974,0.23719850182533264,0.06575250625610352,1.5285971022434872
gpu_seed1101_ckpt75_optimizer_reset,1101,75,optimizer_reset,51,23.64297103881836,0.1391792000329107,0.167647997538249,7.47899304398954,0.0005,0.0005,3.7129921118418374,3.8806401093800864,15.593993827700615,42.07332594692707,44.27986493706703,0.3299209519493948,1.2268458004732514,0.06773366034030914,1.2094807624816895,3.9875824451446533,0.14511191844940186,0.19124194979667664,0.23321937024593353,0.05836937204003334,1.5161588044762664
gpu_seed1101_ckpt75_optimizer_reset,1101,75,optimizer_reset,52,23.669849395751953,0.1393374249958426,0.14007131258646632,6.423181744420511,0.0005,0.0005,3.754664182662964,3.89473549524943,15.73075819015503,42.25446370244026,44.500951036810875,0.3297758972648812,1.2299480937571936,0.064762182533741,0.9225574135780334,3.8979177474975586,0.13676436245441437,0.18113775551319122,0.22108609974384308,0.05320896953344345,1.5046858587251082
gpu_seed1101_ckpt75_optimizer_reset,1101,75,optimizer_reset,53,23.69565200805664,0.13948931736729747,0.2261950174967451,9.553420432412153,0.0005,0.0005,3.6280285517374673,3.8542235692342124,15.86234436929226,42.434765711426735,44.71789824962616,0.32977166202810737,1.2325732744459457,0.06688286364078522,0.7843902111053467,3.8201258182525635,0.13158617913722992,0.18030200898647308,0.21694721281528473,0.05811609700322151,1.4938303857484838
gpu_seed1101_ckpt75_optimizer_reset,1101,75,optimizer_reset,54,23.720584869384766,0.13963608977117525,0.5623311201731367,24.701003979044536,0.0005,0.0005,3.48820161819458,4.050532738367717,16.00755700469017,42.607779800891876,44.93719598650932,0.32982501642959766,1.2351184900903953,0.07129349559545517,0.8685888648033142,3.777772903442383,0.14521263539791107,0.1730140894651413,0.21929773688316345,0.058292947709560394,1.4818366639227472
gpu_seed1101_ckpt75_optimizer_reset,1101,75,optimizer_reset,55,23.742521286010742,0.13976522298850988,0.13412030537923192,4.9236067421201,0.0005,0.0005,3.535249869028727,3.669370174407959,16.143692061305046,42.772908449172974,45.14531423151493,0.3299739449373774,1.2370582392044838,0.06682997196912766,1.0342004299163818,3.7967655658721924,0.1361350566148758,0.1651286482810974,0.2081182450056076,0.05531672015786171,1.4706995894029673
gpu_seed1101_ckpt75_optimizer_reset,1101,75,optimizer_reset,56,23.762571334838867,0.13988325171476165,0.026839256286621094,0.8642198165880792,0.0005,0.0005,3.4853511651357016,3.4585119088490806,16.267328038811684,42.94837926328182,45.35417281091213,0.330056212804761,1.2374043137898683,0.05992746353149414,1.3941445350646973,3.84456729888916,0.12363597750663757,0.17547081410884857,0.20885857939720154,0.05655716732144356,1.4607544200340137
gpu_seed1101_ckpt75_optimizer_reset,1101,75,optimizer_reset,57,23.78154182434082,0.1399949253935383,0.20374846458435059,6.116745618563858,0.0005,0.0005,3.2982958952585855,3.502044359842936,16.40028192102909,43.116738736629486,45.562687918543816,0.3300820061839453,1.237044920657447,0.059951163828372955,1.4745641946792603,3.922624349594116,0.13295388221740723,0.16835947334766388,0.20851510763168335,0.05680595338344574,1.4500690865469659
gpu_seed1101_ckpt75_optimizer_reset,1101,75,optimizer_reset,58,23.799835205078125,0.14010261313264416,0.379871129989624,10.851526809549668,0.0005,0.0005,3.1562880674997964,3.5361591974894204,16.52578166127205,43.2719287276268,45.75755409896374,0.3300585593182839,1.2371233859449353,0.05706269294023514,1.3242090940475464,3.962449312210083,0.12549974024295807,0.15518999099731445,0.19486618041992188,0.0477835014462471,1.440163962764393
gpu_seed1101_ckpt75_optimizer_reset,1101,75,optimizer_reset,59,23.81665802001953,0.14020164408446498,0.4461931387583413,13.171645252903446,0.0005,0.0005,3.153691609700521,3.5998847484588623,16.649005450308323,43.4257552921772,45.94954161345959,0.3300899876018532,1.2374655155294843,0.057035893201828,1.308977723121643,3.9634153842926025,0.12322378903627396,0.15382656455039978,0.1919875144958496,0.052426718175411224,1.4305153596773579
gpu_seed1101_ckpt75_optimizer_reset,1101,75,optimizer_reset,60,23.83290672302246,0.14029729540856495,0.3775130907694497,11.108674317025283,0.0005,0.0005,3.1871886253356934,3.564701716105143,16.781506441533566,43.57751755416393,46.14498953521252,0.3299920792228071,1.2381144953683174,0.05746348574757576,0.8641048073768616,3.907715320587158,0.13250099122524261,0.15176226198673248,0.1954479217529297,0.05938755348324776,1.4201887539747649
gpu_seed1101_ckpt75_optimizer_reset,1101,75,optimizer_reset,61,23.848899841308594,0.1403914421807892,0.4752656618754072,15.817898479482452,0.0005,0.0005,3.2579967180887857,3.733262379964193,16.902666367590427,43.72541072964668,46.33072592318058,0.3299288590033473,1.2393282287068754,0.054876264184713364,1.101569652557373,3.8727867603302,0.12115992605686188,0.14789317548274994,0.18573638796806335,0.05731755122542381,1.4109548944914176
gpu_seed1101_ckpt75_optimizer_reset,1101,75,optimizer_reset,62,23.863439559936523,0.14047703321772004,0.328422705332438,10.403852796772252,0.0005,0.0005,3.286928415298462,3.6153511206309,17.028274200856686,43.874680906534195,46.51883400976658,0.3298812207835959,1.2411541449335555,0.05775424465537071,0.9449896812438965,3.834446668624878,0.12560783326625824,0.1492701768875122,0.18810808658599854,0.0713154673576355,1.4014009451841316
gpu_seed1101_ckpt75_optimizer_reset,1101,75,optimizer_reset,63,23.876821517944336,0.14055580885921382,0.09041682879130075,2.585968723006598,0.0005,0.0005,3.3078760306040444,3.398292859395345,17.150340110063553,44.03300838172436,46.712480410933495,0.3298449404402262,1.2428541673930387,0.058126162737607956,1.0074504613876343,3.788841485977173,0.12206590920686722,0.15832747519016266,0.1936464011669159,0.06386985629796982,1.3922068813044937
gpu_seed1101_ckpt75_optimizer_reset,1101,75,optimizer_reset,64,23.889232635498047,0.1406288694491796,0.03824353218078613,1.0296252910189168,0.0005,0.0005,3.2737930615743003,3.3120365937550864,17.273242443799973,44.18769805133343,46.904072895646095,0.3299304849223565,1.2434541980447729,0.05814656242728233,1.0979286432266235,3.7458462715148926,0.12290233373641968,0.15468966960906982,0.1915924847126007,0.061177998781204224,1.383019587273345
gpu_seed1101_ckpt75_optimizer_reset,1101,75,optimizer_reset,65,23.901548385620117,0.14070136863919175,0.03220589955647757,0.8498276865516416,0.0005,0.0005,3.25673778851827,3.2889436880747476,17.40597116947174,44.3514418900013,47.108632043004036,0.3302093996801637,1.243944049556127,0.059892162680625916,0.9960818290710449,3.6726748943328857,0.1327287256717682,0.16374383866786957,0.20455914735794067,0.05945916473865509,1.3731809706510125
gpu_seed1101_ckpt75_optimizer_reset,1101,75,optimizer_reset,66,23.913301467895508,0.14077055556947746,0.10496290524800633,2.7541738781707856,0.0005,0.0005,3.2143253485361734,3.3192882537841797,17.532189667224884,44.50521609187126,47.30303095281124,0.3303724828168604,1.2439314033108448,0.05927751958370209,1.0400103330612183,3.6266403198242188,0.1262184977531433,0.1537742018699646,0.1943989098072052,0.046026699244976044,1.363965478459218
gpu_seed1101_ckpt75_optimizer_reset,1101,75,optimizer_reset,67,23.924365997314453,0.14083568919209793,0.19544053077697754,5.106783363338483,0.0005,0.0005,3.163757562637329,3.3591980934143066,17.654664427042007,44.650275230407715,47.48865020275116,0.33031864548913553,1.2447535989915008,0.05780902877449989,1.0086578130722046,3.6218762397766113,0.12247475981712341,0.14505913853645325,0.18561924993991852,0.04468383640050888,1.355130033548962
gpu_seed1101_ckpt75_optimizer_reset,1101,75,optimizer_reset,68,23.9342098236084,0.14089363689531192,0.1673196156819663,4.427316474880993,0.0005,0.0005,3.19081703821818,3.3581366539001465,17.774093858897686,44.7902777493,47.66815000772476,0.33016182228411267,1.2454343082715136,0.057068515568971634,1.0535911321640015,3.647695302963257,0.11942943185567856,0.1400025188922882,0.1794998049736023,0.04915888234972954,1.3465783411302075
gpu_seed1101_ckpt75_optimizer_reset,1101,75,optimizer_reset,69,23.943462371826172,0.14094810391881338,0.04290127754211426,1.0849538663863747,0.0005,0.0005,3.2088638146718345,3.2517650922139487,17.894052743911743,44.929369404911995,47.848159089684486,0.3299510239524714,1.24573833340846,0.05837508663535118,1.026918888092041,3.634659767150879,0.11995888501405716,0.13909165561199188,0.18000908195972443,0.03995588794350624,1.3380681679264268
gpu_seed1101_ckpt75_optimizer_reset,1101,75,optimizer_reset,70,23.952497482299805,0.14100129095042055,0.1057882308959961,2.7208456287074796,0.0005,0.0005,3.299686590830485,3.193898359934489,18.015931896865368,45.07021215558052,48.02950477600098,0.3297529857549882,1.2457909397109126,0.05923004820942879,0.8545315265655518,3.5860702991485596,0.12187915295362473,0.1408427506685257,0.18134568631649017,0.05257410928606987,1.3295175414415297
gpu_seed1101_ckpt75_optimizer_reset,1101,75,optimizer_reset,71,23.96197509765625,0.14105708287781257,0.15993936856587698,4.4892804738902505,0.0005,0.0005,3.413556973139445,3.253617604573568,18.13749961555004,45.21321855485439,48.21164010465145,0.32980704504174324,1.2451069278122677,0.060447294265031815,0.8023756146430969,3.526169538497925,0.12156771868467331,0.14300639927387238,0.18213532865047455,0.05913921445608139,1.3211289100241426
gpu_seed1101_ckpt75_optimizer_reset,1101,75,optimizer_reset,72,23.971538543701172,0.14111338006516289,0.06526048978169774,1.9285329252310461,0.0005,0.0005,3.4185808499654136,3.353320360183716,18.255711749196053,45.35030294954777,48.386829882860184,0.32993079326053115,1.2439860639859979,0.05821996182203293,0.9082647562026978,3.461486577987671,0.11821213364601135,0.13708439469337463,0.1751897782087326,0.06401649117469788,1.3130979976584876
gpu_seed1101_ckpt75_optimizer_reset,1101,75,optimizer_reset,73,23.980602264404297,0.14116673551675615,0.01758265495300293,0.4791380082433534,0.0005,0.0005,3.313854217529297,3.296271562576294,18.383465498685837,45.491544008255005,48.56970553100109,0.3301205587578011,1.2439601548804355,0.05978833884000778,1.0329023599624634,3.404468059539795,0.12775374948978424,0.14124105870723724,0.1828756481409073,0.07832374423742294,1.3044658128314965
gpu_seed1101_ckpt75_optimizer_reset,1101,75,optimizer_reset,74,23.989505767822266,0.1412191478164273,0.0074178377787270655,0.18731861648248227,0.0005,0.0005,3.2326300144195557,3.2252121766408286,18.51010164618492,45.645785212516785,48.76217307150364,0.33030095307509155,1.244735241965344,0.06155449524521828,0.7668663263320923,3.394498825073242,0.12663614749908447,0.15424120426177979,0.19246754050254822,0.07124818861484528,1.2960223680222416
gpu_seed1101_ckpt75_optimizer_reset,1101,75,optimizer_reset,75,23.996641159057617,0.14126115176095813,0.08121871948242188,2.121524986523557,0.0005,0.0005,3.221860488255819,3.3030792077382407,18.632339529693127,45.80470767617226,48.9564246237278,0.3303815222130434,1.2450737309443622,0.060810450464487076,0.7961441278457642,3.3726253509521484,0.12223788350820541,0.1589224636554718,0.19425155222415924,0.06343917548656464,1.2879027414037014
gpu_seed1101_ckpt75_optimizer_reset,1101,75,optimizer_reset,76,24.003767013549805,0.14130309956549358,0.03965274492899562,1.0537039769379497,0.0005,0.0005,3.260014772415161,3.2996675173441568,18.75085224956274,45.95621770620346,49.14103277027607,0.33040903669053556,1.244901270512979,0.06134522333741188,0.8697088956832886,3.352997303009033,0.11851271986961365,0.15151003003120422,0.18460814654827118,0.08132115751504898,1.2801427206653118
gpu_seed1101_ckpt75_optimizer_reset,1101,75,optimizer_reset,77,24.00946807861328,0.14133666005472176,0.1378951072692871,3.658197365934857,0.0005,0.0005,3.2084927558898926,3.3463878631591797,18.877745114266872,46.110585138201714,49.330972373485565,0.3302185850562816,1.2437502315078663,0.0591285265982151,0.9217908382415771,3.306936264038086,0.12689286470413208,0.15436743199825287,0.18993960320949554,0.09837717562913895,1.271839826911681
gpu_seed1101_ckpt75_optimizer_reset,1101,75,optimizer_reset,78,24.015283584594727,0.1413708942238943,0.41164294878641794,11.685735502196579,0.0005,0.0005,3.133095900217692,3.54473884900411,18.99931737035513,46.25604735314846,49.51166769862175,0.3299906946060896,1.242725945324719,0.0560416616499424,1.2693136930465698,3.28312611579895,0.12157225608825684,0.14546221494674683,0.1806953251361847,0.09297201782464981,1.2640077070381912
gpu_seed1101_ckpt75_optimizer_reset,1101,75,optimizer_reset,79,24.021026611328125,0.14140470172910205,0.35284344355265285,8.857587447627488,0.0005,0.0005,3.041401465733846,3.394244909286499,19.11643297970295,46.3874534368515,49.67927122116089,0.3297972752155229,1.2430962358028326,0.05403390899300575,1.0164817571640015,3.234588861465454,0.11711560934782028,0.13140608370304108,0.1676035225391388,0.0939812883734703,1.2565642678647957
gpu_seed1101_ckpt75_optimizer_reset,1101,75,optimizer_reset,80,24.02642250061035,0.1414364657384786,0.17487947146097804,3.942574271611708,0.0005,0.0005,3.02677845954895,3.2016579310099282,19.2265677601099,46.52307325601578,49.84697583317757,0.32969021408023924,1.2435791946765733,0.05242740362882614,0.7254635691642761,3.1824069023132324,0.1101347804069519,0.13561981916427612,0.16770461201667786,0.0802588015794754,1.2496469884998218
gpu_seed1101_ckpt75_optimizer_reset,1101,75,optimizer_reset,81,24.030593872070312,0.1414610213724505,0.09250728289286281,1.9244147455948664,0.0005,0.0005,3.0809868971506753,2.9884796142578125,19.342544868588448,46.66729974746704,50.02584521472454,0.3295349674485254,1.243463437111617,0.05599057301878929,0.539363443851471,3.173520803451538,0.11597710847854614,0.14422649145126343,0.17886938154697418,0.06748723983764648,1.242369814072079
gpu_seed1101_ckpt75_optimizer_reset,1101,75,optimizer_reset,82,24.035438537597656,0.14148954049009504,0.14687593777974461,3.3170303123612577,0.0005,0.0005,3.1897761821746826,3.042900244394938,19.453359819948673,46.814240887761116,50.202388659119606,0.3293990584255373,1.2432923062731835,0.05259758234024048,0.6208004951477051,3.2031211853027344,0.11081495136022568,0.146941140294075,0.1765434443950653,0.08303187042474747,1.235541765538568
gpu_seed1101_ckpt75_optimizer_reset,1101,75,optimizer_reset,83,24.041088104248047,0.14152279782334826,0.05539162953694676,1.3601586014070328,0.0005,0.0005,3.2284960746765137,3.173104445139567,19.55999031662941,46.95672033727169,50.37173520028591,0.3293827110864837,1.2426267858024407,0.051521506160497665,0.6899682879447937,3.2425410747528076,0.10663049668073654,0.14247944951057434,0.16934654116630554,0.09847541153430939,1.2290950923328268
gpu_seed1101_ckpt75_optimizer_reset,1101,75,optimizer_reset,84,24.04705238342285,0.14155790777644844,0.187692085901896,5.0025056752337065,0.0005,0.0005,3.187577962875366,3.375270048777262,19.65970377624035,47.092555835843086,50.53191617131233,0.3294354397697128,1.2419527468174316,0.05010935664176941,0.8450419306755066,3.2936367988586426,0.09971345961093903,0.13583549857139587,0.1601809710264206,0.1010037511587143,1.2231645327476193
gpu_seed1101_ckpt75_optimizer_reset,1101,75,optimizer_reset,85,24.053302764892578,0.14159470192940954,0.3814586798350015,10.479791060977046,0.0005,0.0005,3.1164165337880454,3.497875213623047,19.76001587510109,47.23031057417393,50.69257555902004,0.3294677420454348,1.2412241806313375,0.05197213590145111,0.8537256121635437,3.2958412170410156,0.10031209886074066,0.13775473833084106,0.16065938770771027,0.11678025126457214,1.217271429179371
gpu_seed1101_ckpt75_optimizer_reset,1101,75,optimizer_reset,86,24.059268951416016,0.1416298231105088,0.35269999504089355,9.118732502930182,0.0005,0.0005,3.0709404150644937,3.423640410105387,19.863403648138046,47.36670522391796,50.85440234839916,0.32952698268865194,1.2410265688683284,0.05398600548505783,1.0631637573242188,3.31921124458313,0.10338777303695679,0.1363946497440338,0.16182678937911987,0.1100810319185257,1.2112359682964038
gpu_seed1101_ckpt75_optimizer_reset,1101,75,optimizer_reset,87,24.065248489379883,0.1416650228876016,0.4126265843709307,11.057619772621695,0.0005,0.0005,3.0749345620473227,3.4875611464182534,19.965753100812435,47.50317770242691,51.01586379110813,0.32956939838440524,1.2401436578478182,0.0522058941423893,1.3702092170715332,3.326782464981079,0.10234945267438889,0.13647247850894928,0.16146144270896912,0.10847567766904831,1.2053263589841463
gpu_seed1101_ckpt75_optimizer_reset,1101,75,optimizer_reset,88,24.071130752563477,0.14169965003674168,0.28977958361307765,7.422907260153551,0.0005,0.0005,3.0948193073272705,3.384598890940348,20.065272018313408,47.64018775522709,51.17934277653694,0.3295606113205493,1.2391189857941194,0.05211329460144043,1.1400189399719238,3.272726058959961,0.09951891750097275,0.13701005280017853,0.16347898542881012,0.07152098417282104,1.1996413868993532
gpu_seed1101_ckpt75_optimizer_reset,1101,75,optimizer_reset,89,24.07682991027832,0.14173319929797076,0.029636144638061523,0.6604237794597054,0.0005,0.0005,3.118668476740519,3.0890323321024575,20.16441871225834,47.79142354428768,51.35390990972519,0.3295060165474922,1.2385660305674473,0.05367128923535347,0.9619408249855042,3.201266050338745,0.09914669394493103,0.15123578906059265,0.17456713318824768,0.07431523501873016,1.1940254888498403
gpu_seed1101_ckpt75_optimizer_reset,1101,75,optimizer_reset,90,24.08249282836914,0.1417665352272175,0.11094021797180176,2.6736739315423392,0.0005,0.0005,3.126234451929728,3.23717466990153,20.25998917222023,47.93739511072636,51.52086065709591,0.329516866494416,1.2379214857722771,0.05013151466846466,1.045168399810791,3.156708240509033,0.09557045996189117,0.14597156643867493,0.1669507473707199,0.09206993132829666,1.1886725419078212
gpu_seed1101_ckpt75_optimizer_reset,1101,75,optimizer_reset,91,24.087928771972656,0.14179853502457457,0.22775864601135254,6.105796757930264,0.0005,0.0005,3.1726675828297934,3.400426228841146,20.35844825953245,48.07562218606472,51.68222172558308,0.3294063307453212,1.237011942537786,0.05271626636385918,0.8840886950492859,3.0763702392578125,0.09845908731222153,0.13822707533836365,0.16136106848716736,0.10152760148048401,1.1831908043724682
gpu_seed1101_ckpt75_optimizer_reset,1101,75,optimizer_reset,92,24.092140197753906,0.14182332644652698,0.269062121709188,7.8939409541349015,0.0005,0.0005,3.2413628101348877,3.5104249318440757,20.46004854887724,48.20691126585007,51.8416860550642,0.3292048896631665,1.2362241896498134,0.05277537554502487,0.7583546042442322,2.9830408096313477,0.1016002893447876,0.13128907978534698,0.15946432948112488,0.07986213266849518,1.1775211647322708
gpu_seed1101_ckpt75_optimizer_reset,1101,75,optimizer_reset,93,24.09551239013672,0.14184317754888745,0.16881338755289743,4.5647948197216905,0.0005,0.0005,3.2117411295572915,3.380554517110189,20.559216529130936,48.34572288393974,52.00617115199566,0.3289481485597111,1.234936170415169,0.052360232919454575,0.6059284806251526,2.8705711364746094,0.09916798025369644,0.1388116180896759,0.16448509693145752,0.07437339425086975,1.1720053804576616
gpu_seed1101_ckpt75_optimizer_reset,1101,75,optimizer_reset,94,24.098403930664062,0.1418601991954816,0.25595243771870946,6.374922357777152,0.0005,0.0005,3.0844311714172363,3.340383609135946,20.666436210274696,48.49709102511406,52.18468704819679,0.32877394059359616,1.233702113467525,0.0549929216504097,0.6158365607261658,2.783829689025879,0.10721968114376068,0.1513681411743164,0.17851589620113373,0.0782657116651535,1.1660648060202048
gpu_seed1101_ckpt75_optimizer_reset,1101,75,optimizer_reset,95,24.1008358001709,0.14187451489429923,0.19959497451782227,4.5794688642038786,0.0005,0.0005,3.031591256459554,3.2311862309773765,20.78195294737816,48.65031082928181,52.3699154406786,0.3288903312132224,1.2328310895306673,0.06066659837961197,0.5665563941001892,2.781233549118042,0.11551673710346222,0.1532198041677475,0.1852283924818039,0.07093047350645065,1.1597002390100344
gpu_seed1101_ckpt75_optimizer_reset,1101,75,optimizer_reset,96,24.103744506835938,0.14189163759288503,0.2056276798248291,5.0831984710501885,0.0005,0.0005,3.1030538082122803,3.3086814880371094,20.890178218483925,48.802038699388504,52.549662709236145,0.3290496621580579,1.232047856815226,0.0572771392762661,0.7641515731811523,2.865903377532959,0.1082252711057663,0.15172787010669708,0.17974726855754852,0.07383850961923599,1.1538314443630477
gpu_seed1101_ckpt75_optimizer_reset,1101,75,optimizer_reset,97,24.107542037963867,0.1419139925390387,0.40527478853861476,11.55979715630902,0.0005,0.0005,3.141251564025879,3.5465263525644937,20.9887378141284,48.94253474473953,52.71545968949795,0.32921427999357616,1.2313190587561682,0.05305870249867439,0.9916321635246277,2.9797587394714355,0.09855959564447403,0.14049604535102844,0.16579698026180267,0.07093454152345657,1.1485941770988688
gpu_seed1101_ckpt75_optimizer_reset,1101,75,optimizer_reset,98,24.111778259277344,0.14193892992497906,0.327339013417562,8.708977457332551,0.0005,0.0005,3.112983147303263,3.440322160720825,21.08775967359543,49.08372065424919,52.881858468055725,0.3292218590352595,1.2326242450230664,0.05350096896290779,0.9769567251205444,3.0679433345794678,0.09902185946702957,0.1411859095096588,0.1663987785577774,0.07332466542720795,1.143401605124855
gpu_seed1101_ckpt75_optimizer_reset,1101,75,optimizer_reset,99,24.116350173950195,0.14196584343875623,0.294135014216105,7.125324952196966,0.0005,0.0005,3.0367019971211753,3.3308370113372803,21.187438294291496,49.24199625849724,53.063038393855095,0.3293533700748045,1.2335018194585698,0.057521358132362366,0.9913095831871033,3.0885567665100098,0.09967862069606781,0.15827560424804688,0.1811799257993698,0.06848178058862686,1.1382381314331282
gpu_seed1101_ckpt75_optimizer_reset,1101,75,optimizer_reset,100,24.121387481689453,0.1419954965843071,0.333259423573812,7.938840987484454,0.0005,0.0005,2.9993483225504556,3.3326077461242676,21.289877884089947,49.395417392253876,53.239710703492165,0.32941810665145793,1.2346627335443423,0.05550571531057358,1.0623221397399902,3.1336705684661865,0.10243958979845047,0.15342113375663757,0.1766723096370697,0.08967738598585129,1.1329979257285632
gpu_seed1101_ckpt150_optimizer_reset,1101,150,optimizer_reset,0,0.0,0.0,0.0,0.0,0.0005,0.0005,,,0.0,0.0,0.0,0.0,0.0,0.0,0.0,0.0,,,,,
gpu_seed1101_ckpt150_optimizer_reset,1101,150,optimizer_reset,1,1.7156426906585693,0.01009489992401639,10.355008204778036,818305.6030887977,0.0005,0.0005,3.260014772415161,13.615022977193197,0.11851271986961365,1.7356780767440796,1.7156425714492798,0.04009197360495293,0.23847357750293993,0.38495156168937683,12.728135108947754,4.155428886413574,0.11851271986961365,1.7356780767440796,1.7156425714492798,0.20222210884094238,14.476443478232746
gpu_seed1101_ckpt150_optimizer_reset,1101,150,optimizer_reset,2,2.4087133407592773,0.014172951193744324,7.30788246790568,36890.33104138638,0.0005,0.0005,3.2084927558898926,10.516375223795572,0.24540558457374573,3.038740038871765,3.0136622190475464,0.04846923013128466,0.25049572136835796,0.3000088632106781,7.35915470123291,4.417722225189209,0.12689286470413208,1.3030619621276855,1.2980196475982666,0.08834989368915558,9.815234420737603
gpu_seed1101_ckpt150_optimizer_reset,1101,150,optimizer_reset,3,3.0262694358825684,0.01780667225447575,5.8037063280741386,7583.888300547268,0.0005,0.0005,3.133095900217692,8.93680222829183,0.36697784066200256,4.121613144874573,4.0973193645477295,0.05592094496167809,0.27013584731533347,0.24581973254680634,4.962802410125732,4.568331241607666,0.12157225608825684,1.0828731060028076,1.083657145500183,0.04968297854065895,8.246463684060982
gpu_seed1101_ckpt150_optimizer_reset,1101,150,optimizer_reset,4,3.632742166519165,0.021375178421730937,4.11597752571106,1262.6077830618176,0.0005,0.0005,3.041401465733846,7.157378991444905,0.48409345000982285,5.05403870344162,5.031573295593262,0.06498062715186917,0.310845109354342,0.20481379330158234,3.8527755737304688,4.939599514007568,0.11711560934782028,0.9324255585670471,0.9342539310455322,0.04717472568154335,7.5042167301333
gpu_seed1101_ckpt150_optimizer_reset,1101,150,optimizer_reset,5,4.1736273765563965,0.02455776538779115,3.9387420813242597,1038.835606506686,0.0005,0.0005,3.02677845954895,6.96552054087321,0.5942282304167747,5.8839720487594604,5.8620800375938416,0.07378629090036769,0.3572454263390256,0.17809653282165527,4.0135955810546875,5.235816478729248,0.1101347804069519,0.8299333453178406,0.8305067420005798,0.06114340201020241,7.023610059088088
gpu_seed1101_ckpt150_optimizer_reset,1101,150,optimizer_reset,6,4.655672550201416,0.027394135579147036,3.6681023438771567,831.5013886500735,0.0005,0.0005,3.0809868971506753,6.749089241027832,0.7102053388953209,6.660660624504089,6.639269053936005,0.08181883138258543,0.39958895605383354,0.17189982533454895,3.8802754878997803,5.454699516296387,0.11597710847854614,0.7766885757446289,0.7771890163421631,0.07034506648778915,6.5553893996861
gpu_seed1101_ckpt150_optimizer_reset,1101,150,optimizer_reset,7,5.092085838317871,0.02996200620455997,3.2918935616811114,628.7774882525554,0.0005,0.0005,3.1897761821746826,6.481669743855794,0.8210202902555466,7.374132990837097,7.3526265025138855,0.08903423496828582,0.44124728639540195,0.15563572943210602,3.3913300037384033,5.6630964279174805,0.11081495136022568,0.7134723663330078,0.7133574485778809,0.07869605720043182,6.202143721352773
gpu_seed1101_ckpt150_optimizer_reset,1101,150,optimizer_reset,8,5.507676601409912,0.032407356384759396,3.4636677106221514,780.8228502434065,0.0005,0.0005,3.2284960746765137,6.692163785298665,0.9276507869362831,8.039143979549408,8.016861379146576,0.09571930985405655,0.47495424070883735,0.1405715048313141,3.4555838108062744,5.83484411239624,0.10663049668073654,0.6650109887123108,0.6642348766326904,0.08744671195745468,5.937230560213255
gpu_seed1101_ckpt150_optimizer_reset,1101,150,optimizer_reset,9,5.896369934082031,0.03469444116985019,3.8527389367421465,1117.5196980893231,0.0005,0.0005,3.187577962875366,7.040316899617513,1.0273642465472221,8.652863621711731,8.630024135112762,0.10184602595955,0.5045990852681196,0.13474369049072266,4.284153461456299,5.907885551452637,0.09971345961093903,0.613719642162323,0.6131627559661865,0.08681940287351608,5.739317826070822
gpu_seed1101_ckpt150_optimizer_reset,1101,150,optimizer_reset,10,6.250621795654297,0.036778871167972814,3.45776359240214,693.7926879716109,0.0005,0.0005,3.1164165337880454,6.5741801261901855,1.1276763454079628,9.249618411064148,9.227364242076874,0.10701462303274466,0.5283762779908581,0.12689612805843353,4.276159763336182,5.669769287109375,0.10031209886074066,0.596754789352417,0.5973401069641113,0.0782105103135109,5.542921797643496
gpu_seed1101_ckpt150_optimizer_reset,1101,150,optimizer_reset,11,6.584759712219238,0.03874495002979434,2.882575591405233,363.5428225703448,0.0005,0.0005,3.0709404150644937,5.953516006469727,1.2310641184449196,9.826347172260284,9.806593537330627,0.11173550838304279,0.5494706460191162,0.1248476505279541,3.584271192550659,5.380346775054932,0.10338777303695679,0.5767287611961365,0.5792292952537537,0.06539493799209595,5.348835705269161
gpu_seed1101_ckpt150_optimizer_reset,1101,150,optimizer_reset,12,6.904916286468506,0.040628762198062114,2.4572649796803794,231.05065722479588,0.0005,0.0005,3.0749345620473227,5.532199541727702,1.3334135711193085,10.388754487037659,10.37350708246231,0.11602101958506728,0.563793536493081,0.11754406243562698,3.2712576389312744,5.030792236328125,0.10234945267438889,0.5624073147773743,0.5669135451316833,0.04678791016340256,5.17837558880335
gpu_seed1101_ckpt150_optimizer_reset,1101,150,optimizer_reset,13,7.188424587249756,0.04229693467919573,1.739185730616252,103.63019296167766,0.0005,0.0005,3.0948193073272705,4.834005037943522,1.4329324886202812,10.926043033599854,10.91310840845108,0.11977344298031989,0.5858682356887919,0.11523835361003876,2.8475213050842285,4.727855682373047,0.09951891750097275,0.5372885465621948,0.5396013259887695,0.0693223625421524,5.016582877652675
gpu_seed1101_ckpt150_optimizer_reset,1101,150,optimizer_reset,14,7.459120273590088,0.04388971730132763,1.6512633164723716,95.2949538137949,0.0005,0.0005,3.118668476740519,4.769931793212891,1.5320791825652122,11.434534013271332,11.424721717834473,0.12306019217666292,0.6006409815005733,0.11394508183002472,3.0219860076904297,4.433659553527832,0.09914669394493103,0.5084909796714783,0.5116133093833923,0.06590249389410019,4.868625824610553
gpu_seed1101_ckpt150_optimizer_reset,1101,150,optimizer_reset,15,7.7084760665893555,0.04535693526548023,0.9640672206878667,36.96990787361726,0.0005,0.0005,3.126234451929728,4.090301672617595,1.6276496425271034,11.936318039894104,11.926976919174194,0.12596297056507277,0.6093578913287714,0.1075410544872284,2.232691764831543,4.13429594039917,0.09557045996189117,0.5017840266227722,0.5022552013397217,0.09029839932918549,4.735955370970604
gpu_seed1101_ckpt150_optimizer_reset,1101,150,optimizer_reset,16,7.952486038208008,0.04679269823487033,1.3044582207997641,64.11035542900949,0.0005,0.0005,3.1726675828297934,4.477125803629558,1.726108729839325,12.418623358011246,12.411064445972443,0.12868585404942703,0.612688659554189,0.10321415215730667,2.1245646476745605,3.906663656234741,0.09845908731222153,0.4823053181171417,0.4840875267982483,0.08393684774637222,4.607175608771563
gpu_seed1101_ckpt150_optimizer_reset,1101,150,optimizer_reset,17,8.184076309204102,0.048155383263525094,2.002673228581746,163.86457790998003,0.0005,0.0005,3.2413628101348877,5.244036038716634,1.8277090191841125,12.885889828205109,12.878835678100586,0.13108826970131426,0.6124911099351311,0.10696100443601608,2.8047657012939453,3.810610771179199,0.1016002893447876,0.4672664701938629,0.4677712321281433,0.10374714434146881,4.477778586907115
gpu_seed1101_ckpt150_optimizer_reset,1101,150,optimizer_reset,18,8.396374702453613,0.04940455422759141,1.4234278996785483,78.22306679223828,0.0005,0.0005,3.2117411295572915,4.63516902923584,1.926876999437809,13.36519330739975,13.358493745326996,0.1331979803075573,0.6129964637908033,0.10293649882078171,1.9547638893127441,3.7427566051483154,0.09916798025369644,0.4793034791946411,0.4796580672264099,0.09987324476242065,4.357504243861443
gpu_seed1101_ckpt150_optimizer_reset,1101,150,optimizer_reset,19,8.602191925048828,0.050615589763166796,1.9649249712626142,134.06700907430374,0.0005,0.0005,3.0844311714172363,5.049356142679851,2.0340966805815697,13.836535215377808,13.831663429737091,0.1352514064297799,0.6158861624345445,0.10043852031230927,2.567639112472534,3.767455816268921,0.10721968114376068,0.47134190797805786,0.4731696844100952,0.09665881097316742,4.228998556049529
gpu_seed1101_ckpt150_optimizer_reset,1101,150,optimizer_reset,20,8.791779518127441,0.051731129606855976,1.7131114006042476,94.24342041606556,0.0005,0.0005,3.031591256459554,4.744702657063802,2.149613417685032,14.320830911397934,14.319141626358032,0.1371387379213495,0.625075674165283,0.10392499715089798,2.8228063583374023,3.739382743835449,0.11551673710346222,0.48429569602012634,0.48747819662094116,0.09162222594022751,4.089935169641535
gpu_seed1101_ckpt150_optimizer_reset,1101,150,optimizer_reset,21,8.966902732849121,0.05276156055650131,1.1176634629567461,45.816457072260995,0.0005,0.0005,3.1030538082122803,4.220717271169026,2.257838688790798,14.83676889538765,14.83742606639862,0.13911354217439795,0.64263540957443,0.1180276870727539,1.4760843515396118,3.683262586593628,0.1082252711057663,0.5159379839897156,0.5182844400405884,0.08315148949623108,3.971454106691492
gpu_seed1101_ckpt150_optimizer_reset,1101,150,optimizer_reset,22,9.144190788269043,0.05380472950242011,1.0540060997009277,43.238029799895955,0.0005,0.0005,3.141251564025879,4.195257663726807,2.356398284435272,15.311988890171051,15.314528435468674,0.1410223034944124,0.6555779912287579,0.10991476476192474,1.2085144519805908,3.8781776428222656,0.09855959564447403,0.4752199947834015,0.4771023690700531,0.08456216752529144,3.8805794625914154
gpu_seed1101_ckpt150_optimizer_reset,1101,150,optimizer_reset,23,9.317904472351074,0.05482686672585744,1.3912099997202554,67.90734929377062,0.0005,0.0005,3.112983147303263,4.504193147023519,2.455420143902302,15.76718720793724,15.771822184324265,0.14266917475607402,0.6617367202972424,0.11345840990543365,1.7374284267425537,4.1172356605529785,0.09902185946702957,0.4551983177661896,0.4572937488555908,0.08755788207054138,3.794830996840607
gpu_seed1101_ckpt150_optimizer_reset,1101,150,optimizer_reset,24,9.487739562988281,0.0558261821735925,1.6686460177103677,89.7003354325783,0.0005,0.0005,3.0367019971211753,4.705348014831543,2.5550987645983696,16.189495593309402,16.19681477546692,0.1439829737842357,0.6609149935474482,0.10681607574224472,2.1773808002471924,4.228574752807617,0.09967862069606781,0.42230838537216187,0.4249925911426544,0.09100238233804703,3.7132574655977826
gpu_seed1101_ckpt150_optimizer_reset,1101,150,optimizer_reset,25,9.650073051452637,0.05678135793908659,1.3678396542867026,58.749219505577564,0.0005,0.0005,2.9993483225504556,4.367187976837158,2.65753835439682,16.594633370637894,16.605692148208618,0.1450064420363907,0.6540747615220004,0.1011066734790802,1.7500766515731812,4.241394519805908,0.10243958979845047,0.4051377773284912,0.4088773727416992,0.0897517129778862,3.6312074425880776
gpu_seed1101_ckpt150_optimizer_reset,1101,150,optimizer_reset,26,9.806612014770508,0.0577024385216038,1.4366613229115806,65.57394314034838,0.0005,0.0005,3.0179585615793862,4.454619884490967,2.756566196680069,16.980328261852264,16.995377480983734,0.14585298168290012,0.6449312939490407,0.09596970677375793,1.7841377258300781,4.1953043937683105,0.0990278422832489,0.3856948912143707,0.38968533277511597,0.08787153661251068,3.5575463511733396
gpu_seed1101_ckpt150_optimizer_reset,1101,150,optimizer_reset,27,9.958967208862305,0.058598901663745824,1.7172149022420249,103.17013308994142,0.0005,0.0005,3.1170857747395835,4.834300676981608,2.8546022921800613,17.339993089437485,17.359862983226776,0.14671782345812012,0.6373109097582206,0.08919530361890793,1.8282489776611328,4.080428123474121,0.09803609549999237,0.35966482758522034,0.364485502243042,0.08678631484508514,3.4887407034389883
gpu_seed1101_ckpt150_optimizer_reset,1101,150,optimizer_reset,28,10.102532386779785,0.05944364405185593,1.4630604585011802,77.48409822660356,0.0005,0.0005,3.1503616174062095,4.61342207590739,2.9421683624386787,17.688229382038116,17.71140018105507,0.14758589717122,0.6350775628353096,0.08491185307502747,1.5642421245574951,3.966440439224243,0.0875660702586174,0.3482362926006317,0.35153719782829285,0.08785311877727509,3.433703018410086
gpu_seed1101_ckpt150_optimizer_reset,1101,150,optimizer_reset,29,10.242241859436035,0.06026569933911424,1.2464528878529868,52.59067358246568,0.0005,0.0005,3.0550933678944907,4.3015462557474775,3.0333615615963936,18.02158033847809,18.048432171344757,0.14858901838239708,0.634460924840583,0.08162494748830795,1.5183945894241333,3.832460880279541,0.09119319915771484,0.3333509564399719,0.3370319902896881,0.09619437903165817,3.3765318282870256
gpu_seed1101_ckpt150_optimizer_reset,1101,150,optimizer_reset,30,10.376681327819824,0.061056745742052235,0.8576275507609048,27.02579615433042,0.0005,0.0005,2.9911022186279297,3.8487297693888345,3.125680945813656,18.346959799528122,18.377290278673172,0.1495731869354046,0.6329582632303657,0.07740156352519989,1.38908052444458,3.696605682373047,0.09231938421726227,0.32537946105003357,0.3288581073284149,0.10398213565349579,3.319814628461805
gpu_seed1101_ckpt150_optimizer_reset,1101,150,optimizer_reset,31,10.503023147583008,0.06180014530518497,0.6652880509694414,18.0400086330926,0.0005,0.0005,2.949108680089315,3.6143967310587564,3.217719577252865,18.67741870880127,18.70982798933983,0.15039593202827506,0.630130081956721,0.07822909206151962,1.0522691011428833,3.6033334732055664,0.09203863143920898,0.3304589092731476,0.3325377106666565,0.11660130321979523,3.26412009978406
gpu_seed1101_ckpt150_optimizer_reset,1101,150,optimizer_reset,32,10.6226224899292,0.0625038719019506,0.9967219034830728,32.91007376242443,0.0005,0.0005,2.957644780476888,3.954366683959961,3.3119379356503487,18.995327651500702,19.032329469919205,0.15116058734499804,0.6289606169383262,0.07474134117364883,1.1329461336135864,3.667365789413452,0.09421835839748383,0.3179089426994324,0.3225014805793762,0.0990886315703392,3.207373657453542
gpu_seed1101_ckpt150_optimizer_reset,1101,150,optimizer_reset,33,10.735360145568848,0.06316722410083626,1.097943147023519,39.040128758372376,0.0005,0.0005,2.9724467595418296,4.070389906565349,3.4092085510492325,19.30065628886223,19.344174325466156,0.1519856064541356,0.6296810286696286,0.0747482180595398,1.1850359439849854,3.8034610748291016,0.09727061539888382,0.3053286373615265,0.3118448555469513,0.09158315509557724,3.1489303117762444
gpu_seed1101_ckpt150_optimizer_reset,1101,150,optimizer_reset,34,10.839073181152344,0.0637774751284727,1.0231290658315024,36.18192128978299,0.0005,0.0005,3.010887304941813,4.034016370773315,3.503336824476719,19.632946997880936,19.67997071146965,0.15276589453606162,0.6300103238982133,0.08687092363834381,1.0247845649719238,3.899834156036377,0.09412827342748642,0.3322907090187073,0.33579638600349426,0.10419543832540512,3.0939283672126625
gpu_seed1101_ckpt150_optimizer_reset,1101,150,optimizer_reset,35,10.938438415527344,0.06436214354597228,0.8173303604125977,26.42849421115102,0.0005,0.0005,3.0398082733154297,3.8571386337280273,3.596921883523464,19.94305983185768,19.99356573820114,0.1533559893840493,0.626827459445499,0.08219441026449203,0.9734209775924683,3.8850455284118652,0.0935850590467453,0.3101128339767456,0.3135950267314911,0.11347101628780365,3.0410553161108
gpu_seed1101_ckpt150_optimizer_reset,1101,150,optimizer_reset,36,11.0324068069458,0.06491505675602185,0.7973953882853193,25.20948000757498,0.0005,0.0005,3.0285727183024087,3.825968106587728,3.69291652739048,20.26379093527794,20.31669607758522,0.1537618437630735,0.6219958280672896,0.09066899120807648,1.0376754999160767,3.8652327060699463,0.09599464386701584,0.32073110342025757,0.323130339384079,0.12456304579973221,2.987450900965429
gpu_seed1101_ckpt150_optimizer_reset,1101,150,optimizer_reset,37,11.120343208312988,0.06543247753152094,0.7276260852813721,23.28962009995458,0.0005,0.0005,3.0801992416381836,3.8078253269195557,3.792505420744419,20.586590379476547,20.64319059252739,0.1540472443380385,0.6175997563407842,0.08630337566137314,1.0387903451919556,3.7688426971435547,0.09958889335393906,0.3227994441986084,0.3264945149421692,0.11694257706403732,2.9321891400559363
gpu_seed1101_ckpt150_optimizer_reset,1101,150,optimizer_reset,38,11.20564079284668,0.06593437141905145,0.5886686642964682,17.555356127958166,0.0005,0.0005,3.086519241333008,3.675187905629476,3.891236498951912,20.90434291958809,20.96472892165184,0.1544228962512978,0.6164167125830847,0.08307335525751114,1.0554680824279785,3.710949182510376,0.09873107820749283,0.31775254011154175,0.3215383291244507,0.11678571254014969,2.879712090452994
gpu_seed1101_ckpt150_optimizer_reset,1101,150,optimizer_reset,39,11.289090156555176,0.06642539031240666,0.7560644149780273,23.402742087890825,0.0005,0.0005,3.0307440757751465,3.786808490753174,3.9924014285206795,21.207878023386,21.27260172367096,0.15488545290636407,0.6156887075806932,0.0796550065279007,1.0512495040893555,3.6506311893463135,0.10116492956876755,0.3035351037979126,0.30787280201911926,0.12346063554286957,2.8276440530017894
gpu_seed1101_ckpt150_optimizer_reset,1101,150,optimizer_reset,40,11.369202613830566,0.066896774734854,0.5613755385080976,14.721802086518199,0.0005,0.0005,2.9729103247324624,3.53428586324056,4.090218171477318,21.50868195295334,21.577697306871414,0.1553432009495745,0.6143927049919631,0.07709058374166489,0.9407116770744324,3.6249425411224365,0.09781674295663834,0.30080392956733704,0.3050955832004547,0.1184048056602478,2.779607868624138
gpu_seed1101_ckpt150_optimizer_reset,1101,150,optimizer_reset,41,11.446277618408203,0.0673502866823538,0.5003786881764731,12.409706241160603,0.0005,0.0005,2.9502689043680825,3.4506475925445557,4.187864027917385,21.78614190220833,21.859339326620102,0.15579907055054842,0.613163627578882,0.07318011671304703,0.8985632658004761,3.637308359146118,0.09764585644006729,0.2774599492549896,0.28164201974868774,0.13281218707561493,2.7332018284504036
gpu_seed1101_ckpt150_optimizer_reset,1101,150,optimizer_reset,42,11.520071983337402,0.0677844952346198,0.3731804688771563,8.600809713792579,0.0005,0.0005,2.9451633294423423,3.3183437983194985,4.285732172429562,22.05418437719345,22.131977885961533,0.15623690601002826,0.6108124761300745,0.06922744959592819,0.8573819994926453,3.5945885181427,0.09786814451217651,0.2680424749851227,0.27263855934143066,0.135196253657341,2.688005577540334
gpu_seed1101_ckpt150_optimizer_reset,1101,150,optimizer_reset,43,11.590927124023438,0.06820140929150484,0.38318792978922556,8.964873134038559,0.0005,0.0005,2.9548391501108804,3.338027079900106,4.382305592298508,22.309181809425354,22.392047494649887,0.1565686933655542,0.6060261183442809,0.06496570259332657,0.9238473176956177,3.50801944732666,0.09657341986894608,0.2549974322319031,0.2600696086883545,0.136317640542984,2.6449381221589756
gpu_seed1101_ckpt150_optimizer_reset,1101,150,optimizer_reset,44,11.657013893127441,0.06859026608787566,0.39211781819661473,9.57197422451323,0.0005,0.0005,2.992575168609619,3.384692986806234,4.494908161461353,22.563801288604736,22.65937888622284,0.15689178877179508,0.6024634143930818,0.06743231415748596,0.8011444211006165,3.3650424480438232,0.11260256916284561,0.2546194791793823,0.26733139157295227,0.105409637093544,2.5933819945578156
gpu_seed1101_ckpt150_optimizer_reset,1101,150,optimizer_reset,45,11.72050666809082,0.06896385973452673,0.2741861343383789,6.741513543896694,0.0005,0.0005,3.06200901667277,3.336195151011149,4.601366549730301,22.812102675437927,22.919035762548447,0.1572128604033922,0.5990448255448588,0.06396695226430893,0.6533907055854797,3.2426419258117676,0.1064583882689476,0.24830138683319092,0.2596568763256073,0.10526823252439499,2.5471795262160204
gpu_seed1101_ckpt150_optimizer_reset,1101,150,optimizer_reset,46,11.780296325683594,0.06931566411266248,0.28651324907938625,7.198573743293057,0.0005,0.0005,3.077178716659546,3.363691965738932,4.703864395618439,23.078005105257034,23.192231565713882,0.1575193618892435,0.5941954830772431,0.06655732542276382,0.6869590878486633,3.144832134246826,0.10249784588813782,0.26590242981910706,0.2731958031654358,0.12060361355543137,2.504386890203343
gpu_seed1101_ckpt150_optimizer_reset,1101,150,optimizer_reset,47,11.837601661682129,0.0696528506580703,0.21137332916259766,5.186206058889756,0.0005,0.0005,3.092584212621053,3.303957541783651,4.806031301617622,23.326002061367035,23.448597997426987,0.15774551097555342,0.5870977504099875,0.0642617866396904,0.6049750447273254,3.058234453201294,0.10216690599918365,0.2479969561100006,0.25636643171310425,0.12268231809139252,2.4630721105988935
gpu_seed1101_ckpt150_optimizer_reset,1101,150,optimizer_reset,48,11.893757820129395,0.06998327540369419,0.14157573382059718,3.4159836081755763,0.0005,0.0005,3.111763079961141,3.2533388137817383,4.903392896056175,23.572189584374428,23.70106914639473,0.15800711671392711,0.5803195569909029,0.06319423764944077,0.6320589780807495,2.9644856452941895,0.09736159443855286,0.24618752300739288,0.2524711489677429,0.1323757916688919,2.425617949092593
gpu_seed1101_ckpt150_optimizer_reset,1101,150,optimizer_reset,49,11.947405815124512,0.07029894203028761,0.1660975615183511,4.025964478569833,0.0005,0.0005,3.1037464141845703,3.2698439757029214,4.997945658862591,23.808023661375046,23.94250862300396,0.15833563847448381,0.5753813938668758,0.060191839933395386,0.7863665223121643,2.9282491207122803,0.09455276280641556,0.23583407700061798,0.24143947660923004,0.14047680795192719,2.3904633284550467
gpu_seed1101_ckpt150_optimizer_reset,1101,150,optimizer_reset,50,11.998976707458496,0.07060238691420102,0.11325510342915868,2.6193239342891808,0.00025,0.00025,3.083866755167643,3.1971218585968018,5.097389779984951,24.041552305221558,24.18336896598339,0.15867470537529252,0.5741543610575737,0.05967007204890251,0.7241061329841614,2.900808572769165,0.09944412112236023,0.23352864384651184,0.24086034297943115,0.1380322426557541,2.3539452985468117
gpu_seed1101_ckpt150_optimizer_reset,1101,150,optimizer_reset,51,12.023455619812012,0.07074642166677683,0.04558785756429007,1.0015606643020156,0.00025,0.00025,3.0667928059895835,3.1123806635538735,5.147795110940933,24.160724714398384,24.306115962564945,0.15884786511213247,0.5746074028937583,0.03038313426077366,0.6071479916572571,2.8997175693511963,0.05040533095598221,0.11917240917682648,0.12274699658155441,0.13950031995773315,2.3356515480298485
gpu_seed1101_ckpt150_optimizer_reset,1101,150,optimizer_reset,52,12.045936584472656,0.07087870042719718,0.008951584498087417,0.18694359635555458,0.00025,0.00025,3.0344972610473633,3.0434488455454507,5.201503708958626,24.283016838133335,24.43131274729967,0.15903954925673203,0.575936291486005,0.030466314405202866,0.5271355509757996,2.8911707401275635,0.053708598017692566,0.12229212373495102,0.12519678473472595,0.16486749053001404,2.3158565788818812
gpu_seed1101_ckpt150_optimizer_reset,1101,150,optimizer_reset,53,12.06706714630127,0.07100303337143991,0.020710229873657227,0.4220352180697091,0.00025,0.00025,3.0040880044301352,3.0247982343037925,5.253480315208435,24.400876738131046,24.552482463419437,0.1592477439264255,0.5773936875657545,0.029172934591770172,0.5034293532371521,2.8914387226104736,0.051976606249809265,0.11785989999771118,0.12116971611976624,0.15592855215072632,2.2969662818314385
gpu_seed1101_ckpt150_optimizer_reset,1101,150,optimizer_reset,54,12.08615779876709,0.07111536341963466,0.07116905848185251,1.4458183205818287,0.00025,0.00025,2.9755770365397134,3.046746095021566,5.305111430585384,24.512500397861004,24.667832240462303,0.15941541431916229,0.578942995739454,0.02822100557386875,0.50053870677948,2.898841142654419,0.05163111537694931,0.11162365972995758,0.11534977704286575,0.15790049731731415,2.2782099786038206
gpu_seed1101_ckpt150_optimizer_reset,1101,150,optimizer_reset,55,12.104317665100098,0.07122221669057702,0.07578587532043457,1.5395812040132206,0.00025,0.00025,2.97322154045105,3.0490074157714844,5.357349179685116,24.625219963490963,24.784220919013023,0.1595705257872447,0.5787280328001035,0.028916900977492332,0.44202566146850586,2.8887851238250732,0.052237749099731445,0.1127195656299591,0.11638867855072021,0.16033360362052917,2.2593856138772876
gpu_seed1101_ckpt150_optimizer_reset,1101,150,optimizer_reset,56,12.121051788330078,0.07132068084062564,0.11504960060119629,2.3923188231898607,0.00025,0.00025,2.9765787919362388,3.091628392537435,5.40996840596199,24.741868391633034,24.904137924313545,0.15965814768930192,0.5762011097720335,0.02922087348997593,0.3705294728279114,2.864400625228882,0.05261922627687454,0.11664842814207077,0.11991700530052185,0.1625583916902542,2.2405032485901355
gpu_seed1101_ckpt150_optimizer_reset,1101,150,optimizer_reset,57,12.136138916015625,0.07140945401289263,0.11069997151692723,2.29684052620728,0.00025,0.00025,2.9766056537628174,3.0873056252797446,5.460968021303415,24.853160120546818,25.01889595389366,0.15968357041592365,0.5742699095204071,0.028314080089330673,0.3378531336784363,2.8458099365234375,0.05099961534142494,0.11129172891378403,0.11475802958011627,0.16010019183158875,2.2223420588932083
gpu_seed1101_ckpt150_optimizer_reset,1101,150,optimizer_reset,58,12.15026569366455,0.07149257645289207,0.10024189949035645,2.0574960749681424,0.00025,0.00025,2.9711191654205322,3.0713610649108887,5.511818286031485,24.961602464318275,25.131462238729,0.15965407171085105,0.571124134848959,0.02824135310947895,0.3213902711868286,2.832576274871826,0.050850264728069305,0.10844234377145767,0.11256628483533859,0.15181592106819153,2.204402442739191
gpu_seed1101_ckpt150_optimizer_reset,1101,150,optimizer_reset,59,12.163649559020996,0.07157132757170338,0.05420041084289551,1.0739980981815869,0.00025,0.00025,2.9592324097951255,3.013432820638021,5.560802944004536,25.06835551559925,25.242015905678272,0.15964032821371263,0.5690352763149414,0.02750580757856369,0.3381708860397339,2.828122854232788,0.04898465797305107,0.10675305128097534,0.11055366694927216,0.15046076476573944,2.1873908645033415
gpu_seed1101_ckpt150_optimizer_reset,1101,150,optimizer_reset,60,12.175816535949707,0.07164291847763148,0.04209669431050589,0.807428368380581,0.00025,0.00025,2.932762940724691,2.974859635035197,5.610141951590776,25.176556959748268,25.35392450541258,0.15965271310523166,0.5673969288117512,0.02746162936091423,0.4067416489124298,2.8400228023529053,0.04933900758624077,0.10820144414901733,0.11190859973430634,0.15157251060009003,2.1703223627871018
gpu_seed1101_ckpt150_optimizer_reset,1101,150,optimizer_reset,61,12.187088966369629,0.07170924584148711,0.1202155749003091,2.314736491462135,0.00025,0.00025,2.897054672241211,3.01727024714152,5.661215055733919,25.28273791819811,25.463368594646454,0.1597149364405295,0.5663855150545327,0.02686740830540657,0.5192095637321472,2.845407247543335,0.0510731041431427,0.10618095844984055,0.10944408923387527,0.1756271868944168,2.1527337941391
gpu_seed1101_ckpt150_optimizer_reset,1101,150,optimizer_reset,62,12.196829795837402,0.07176656121326555,0.23929619789123535,4.810366186102627,0.00025,0.00025,2.878793478012085,3.1180896759033203,5.721022825688124,25.418431274592876,25.601428419351578,0.15968673151779197,0.5639646607071862,0.04690591245889664,0.6079429388046265,2.8532094955444336,0.05980776995420456,0.13569335639476776,0.1380598247051239,0.18046550452709198,2.131931678557538
gpu_seed1101_ckpt150_optimizer_reset,1101,150,optimizer_reset,63,12.205528259277344,0.0718177432678956,0.20723183949788382,4.161498987485501,0.00025,0.00025,2.8943878014882407,3.1016196409861245,5.777229066938162,25.54669748991728,25.732791393995285,0.15962160587451008,0.5611542776238497,0.043274540454149246,0.5018467903137207,2.851424217224121,0.05620624125003815,0.12826621532440186,0.13136297464370728,0.16333840787410736,2.1126959166505688
gpu_seed1101_ckpt150_optimizer_reset,1101,150,optimizer_reset,64,12.214118957519531,0.07186829122843802,0.10314607620239258,1.9862396760433185,0.00025,0.00025,2.90583602587382,3.0089821020762124,5.827982779592276,25.6716161519289,25.860351875424385,0.15954667429149186,0.5583910561398496,0.03993977606296539,0.3919793367385864,2.828770399093628,0.05075371265411377,0.12491866201162338,0.12756048142910004,0.15054498612880707,2.0957712847552257
gpu_seed1101_ckpt150_optimizer_reset,1101,150,optimizer_reset,65,12.222663879394531,0.07191856983927951,0.05697067578633597,1.062697547348673,0.00025,0.00025,2.8974085648854575,2.9543792406717935,5.877789683640003,25.791414283216,25.98254258185625,0.15948769127469933,0.5561566446156256,0.03650018572807312,0.39519038796424866,2.8027052879333496,0.049806904047727585,0.11979813128709793,0.12219070643186569,0.15936176478862762,2.0794660131192697
gpu_seed1101_ckpt150_optimizer_reset,1101,150,optimizer_reset,66,12.230823516845703,0.07196658142347145,0.07757321993509914,1.4413375348786062,0.00025,0.00025,2.8830672105153403,2.9606404304504395,5.925599619746208,25.902713298797607,26.096557296812534,0.15945910294861515,0.5548196849108408,0.03328746184706688,0.425841748714447,2.786353349685669,0.04780993610620499,0.11129901558160782,0.11401471495628357,0.15728642046451569,2.064065124495786
gpu_seed1101_ckpt150_optimizer_reset,1101,150,optimizer_reset,67,12.238664627075195,0.07201271878266104,0.10162289937337254,1.8955174823268628,0.00025,0.00025,2.8747365474700928,2.9763594468434653,5.971193339675665,26.009288482367992,26.20565814524889,0.15944900255780606,0.5544587080110499,0.030654968693852425,0.41578006744384766,2.765770673751831,0.04559371992945671,0.10657518357038498,0.10910084843635559,0.15785259008407593,2.0496178788506465
gpu_seed1101_ckpt150_optimizer_reset,1101,150,optimizer_reset,68,12.246598243713379,0.0720594004527046,0.11882662773132324,2.211668009148518,0.00025,0.00025,2.863835175832113,2.982661803563436,6.014412946999073,26.114178709685802,26.31218360364437,0.1594763988855597,0.5540460389480905,0.028697527945041656,0.3639915883541107,2.7580771446228027,0.04321960732340813,0.10489022731781006,0.10652545839548111,0.16789263486862183,2.036208413295242
gpu_seed1101_ckpt150_optimizer_reset,1101,150,optimizer_reset,69,12.254659652709961,0.07210683405732994,0.14317448933919286,2.664686761650067,0.00025,0.00025,2.8513364791870117,2.9945109685262046,6.058207504451275,26.219651713967323,26.419294960796833,0.15952134879287247,0.5530260482704895,0.02688237465918064,0.315334677696228,2.7629573345184326,0.04379455745220184,0.10547300428152084,0.107111357152462,0.16990973055362701,2.0228193972728423
gpu_seed1101_ckpt150_optimizer_reset,1101,150,optimizer_reset,70,12.262125015258789,0.07215076050439101,0.17077056566874171,3.166309001264125,0.00025,0.00025,2.8334008057912192,3.004171371459961,6.102854810655117,26.322675719857216,26.524439968168736,0.15958407974467764,0.5524998651807037,0.025145018473267555,0.28810107707977295,2.807982921600342,0.04464730620384216,0.10302400588989258,0.10514500737190247,0.16868942975997925,2.0092440989826676
gpu_seed1101_ckpt150_optimizer_reset,1101,150,optimizer_reset,71,12.26914119720459,0.07219204395751164,0.17957448959350586,3.31471102977169,0.00025,0.00025,2.8244051138559976,3.0039796034495034,6.147645886987448,26.420060977339745,26.624914221465588,0.1596462094674977,0.5521911490733649,0.024299103766679764,0.27259325981140137,2.868494749069214,0.044791076332330704,0.09738525748252869,0.10047425329685211,0.15991023182868958,1.995746245432312
gpu_seed1101_ckpt150_optimizer_reset,1101,150,optimizer_reset,72,12.276127815246582,0.07223315345561708,0.16481192906697606,3.010765402034316,0.00025,0.00025,2.8216071128845215,2.9864190419514975,6.193324010819197,26.5135630145669,26.722229555249214,0.1597293889980689,0.5518675936841558,0.024207698181271553,0.26095616817474365,2.915391206741333,0.04567812383174896,0.09350203722715378,0.09731533378362656,0.15907850861549377,1.98215494519571
gpu_seed1101_ckpt150_optimizer_reset,1101,150,optimizer_reset,73,12.28271198272705,0.07227189492093511,0.12250518798828125,2.2034611951631646,0.00025,0.00025,2.8277534643809,2.950258652369181,6.236454870551825,26.60565025359392,26.816775634884834,0.1597838298291918,0.5514507537339326,0.024351779371500015,0.26406431198120117,2.9222445487976074,0.04313085973262787,0.09208723902702332,0.09454607963562012,0.1764148473739624,1.9695022633328638
gpu_seed1101_ckpt150_optimizer_reset,1101,150,optimizer_reset,74,12.289032936096191,0.07230908762547276,0.10966030756632472,1.9473592581185102,0.00025,0.00025,2.8215108712514243,2.931171178817749,6.276531677693129,26.6970020160079,26.909122198820114,0.1597972196846676,0.5506220330496018,0.024074159562587738,0.294961154460907,2.9159679412841797,0.040076807141304016,0.09135176241397858,0.09234656393527985,0.19439688324928284,1.957933707204826
gpu_seed1101_ckpt150_optimizer_reset,1101,150,optimizer_reset,75,12.294549942016602,0.07234154987588773,0.08299032847086574,1.4442315901692062,0.00025,0.00025,2.814826488494873,2.897816816965739,6.317692365497351,26.785478197038174,26.99855227023363,0.15976069936370196,0.5485211480947383,0.023729907348752022,0.2973565459251404,2.8973734378814697,0.04116068780422211,0.08847618103027344,0.089430071413517,0.20930901169776917,1.9460507461804506
gpu_seed1101_ckpt150_optimizer_reset,1101,150,optimizer_reset,76,12.299824714660645,0.07237258681746855,0.05542429288228323,0.9374072353141507,0.00025,0.00025,2.8002596696217856,2.855683962504069,6.361301105469465,26.87446527928114,27.088839262723923,0.1597349452061728,0.5470039320752343,0.023737028241157532,0.2582017183303833,2.8682475090026855,0.04360873997211456,0.0889870822429657,0.0902869924902916,0.21500226855278015,1.933539147216799
gpu_seed1101_ckpt150_optimizer_reset,1101,150,optimizer_reset,77,12.304959297180176,0.07240279887559027,0.06573764483133937,1.1117502918532622,0.00025,0.00025,2.7949702739715576,2.860707918802897,6.40517745539546,26.96361967921257,27.179711066186428,0.1596895825746425,0.544629359943695,0.02357369102537632,0.23677855730056763,2.8425750732421875,0.04387634992599487,0.08915439993143082,0.09087180346250534,0.20655038952827454,1.9210957671146267
gpu_seed1101_ckpt150_optimizer_reset,1101,150,optimizer_reset,78,12.309789657592773,0.07243122088049118,0.07351835568745946,1.2709366615070756,0.00025,0.00025,2.8129899501800537,2.886508305867513,6.448820944875479,27.048978582024574,27.267618149518967,0.15969231355607316,0.5437342020818178,0.024143671616911888,0.21600666642189026,2.8280482292175293,0.043643489480018616,0.08535890281200409,0.0879070833325386,0.19638922810554504,1.9088434556975524
gpu_seed1101_ckpt150_optimizer_reset,1101,150,optimizer_reset,79,12.31496810913086,0.07246169106540963,0.06547832489013672,1.1521227560231786,0.00025,0.00025,2.8347244262695312,2.900202751159668,6.491966512054205,27.14338718354702,27.363705717027187,0.15970385116252295,0.5426251885661046,0.024955788627266884,0.2230425477027893,2.799298048019409,0.043145567178726196,0.09440860152244568,0.09608756750822067,0.1892443597316742,1.8969549652270508
gpu_seed1101_ckpt150_optimizer_reset,1101,150,optimizer_reset,80,12.319799423217773,0.07249011868176264,0.0439747174580889,0.7699914798810106,0.00025,0.00025,2.840696652730306,2.884671370188395,6.5353575758636,27.234981320798397,27.456476412713528,0.1596990852117011,0.5422201140855033,0.024759111925959587,0.23253343999385834,2.782205820083618,0.043391063809394836,0.0915941372513771,0.09277069568634033,0.20957642793655396,1.8850995190707551
gpu_seed1101_ckpt150_optimizer_reset,1101,150,optimizer_reset,81,12.324270248413086,0.07251642516922077,0.01883308092753122,0.3277254604260307,0.00025,0.00025,2.847129980723063,2.8659630616505942,6.576866902410984,27.326256461441517,27.547964073717594,0.15968058318753287,0.5419428237656793,0.024852627888321877,0.2448042333126068,2.789663553237915,0.04150932654738426,0.09127514064311981,0.09148766100406647,0.22226017713546753,1.8738816569168084
gpu_seed1101_ckpt150_optimizer_reset,1101,150,optimizer_reset,82,12.32884693145752,0.07254335452786231,0.031078418095906724,0.5475657258580142,0.00025,0.00025,2.8533894220987954,2.884467840194702,6.617363728582859,27.413832880556583,27.635692037642002,0.1596462260279448,0.5412159740548526,0.02438925765454769,0.27621686458587646,2.8139193058013916,0.040496826171875,0.08757641911506653,0.08772796392440796,0.22746321558952332,1.863105526178465
gpu_seed1101_ckpt150_optimizer_reset,1101,150,optimizer_reset,83,12.333178520202637,0.07256884174331343,0.022754669189453125,0.40213481229386616,0.00025,0.00025,2.8606181144714355,2.8833727836608887,6.658791605383158,27.50678078830242,27.729745253920555,0.15959910388243806,0.5404548110146544,0.0265349093824625,0.26955896615982056,2.8461756706237793,0.04142787680029869,0.09294790774583817,0.09405321627855301,0.19601652026176453,1.8521646645662089
gpu_seed1101_ckpt150_optimizer_reset,1101,150,optimizer_reset,84,12.337616920471191,0.07259495744140008,0.06024082501729344,1.0767529519828294,0.00025,0.00025,2.853083372116089,2.9133241971333823,6.700149014592171,27.595604948699474,27.819833748042583,0.15953405149218336,0.5392478062090835,0.025540294125676155,0.2612481117248535,2.874566078186035,0.041357409209012985,0.08882416039705276,0.09008849412202835,0.20201650261878967,1.8413944068407149
gpu_seed1101_ckpt150_optimizer_reset,1101,150,optimizer_reset,85,12.342219352722168,0.0726220383092484,0.10070506731669093,1.8127770223652888,0.00025,0.00025,2.8396440347035727,2.9403491020202637,6.741191942244768,27.68154428899288,27.90772008895874,0.15946779388206625,0.537035036002375,0.024834835901856422,0.2460503727197647,2.8973772525787354,0.04104292765259743,0.08593934029340744,0.08788634091615677,0.19081461429595947,1.8308660335534768
gpu_seed1101_ckpt150_optimizer_reset,1101,150,optimizer_reset,86,12.347004890441895,0.07265019657590048,0.1111593246459961,1.9937948653532906,0.00025,0.00025,2.8307360808054605,2.9418954054514566,6.781546678394079,27.76615372300148,27.99471290409565,0.15947229764100765,0.5347777104231741,0.0252817552536726,0.2394466996192932,2.8916990756988525,0.040354736149311066,0.08460943400859833,0.08699281513690948,0.1785839945077896,1.8206768272756233
gpu_seed1101_ckpt150_optimizer_reset,1101,150,optimizer_reset,87,12.35141658782959,0.07267615515332825,0.12950364748636867,2.3119944576769456,0.00025,0.00025,2.8167062600453696,2.9462099075317383,6.820958897471428,27.858180336654186,28.08788239210844,0.1595032679070345,0.5329369619890661,0.02482260949909687,0.2867836356163025,2.869080066680908,0.03941221907734871,0.09202661365270615,0.09316948801279068,0.184956893324852,1.8108035502759774
gpu_seed1101_ckpt150_optimizer_reset,1101,150,optimizer_reset,88,12.355569839477539,0.07270059302723612,0.15458814303080226,2.759035581933901,0.00025,0.00025,2.8035824298858643,2.9581705729166665,6.861825663596392,27.944407261908054,28.17563533782959,0.15956555030118394,0.5319300810690143,0.024381466209888458,0.3225572109222412,2.834925651550293,0.04086676612496376,0.0862269252538681,0.08775294572114944,0.19930040836334229,1.8006242719084162
gpu_seed1101_ckpt150_optimizer_reset,1101,150,optimizer_reset,89,12.359711647033691,0.07272496356371878,0.15583443641662598,2.734780079376037,0.00025,0.00025,2.7860833009084067,2.9419177373250327,6.902877077460289,28.028155721724033,28.2612167224288,0.15968512119402128,0.5319006170748891,0.024174125865101814,0.3051149249076843,2.8029062747955322,0.041051413863897324,0.083748459815979,0.08558138459920883,0.19994956254959106,1.7905159701292688
gpu_seed1101_ckpt150_optimizer_reset,1101,150,optimizer_reset,90,12.363876342773438,0.0727494687750519,0.13690074284871434,2.3493905357742406,0.00025,0.00025,2.773423910140991,2.9103246529897056,6.945709731429815,28.116921722888947,28.35126445442438,0.1598006000403003,0.5331693894227956,0.024207916110754013,0.2534676492214203,2.7575950622558594,0.04283265396952629,0.08876600116491318,0.09004773199558258,0.21112698316574097,1.7800738615413576
gpu_seed1101_ckpt150_optimizer_reset,1101,150,optimizer_reset,91,12.367692947387695,0.07277192580636749,0.11331836382548,1.8868084767565296,0.00025,0.00025,2.755246639251709,2.868565003077189,6.99003553763032,28.208525359630585,28.444042682647705,0.15988941796580208,0.5358897904522772,0.024939220398664474,0.19408056139945984,2.707885980606079,0.0443258062005043,0.09160363674163818,0.09277822822332382,0.2152743637561798,1.7693319126641631
gpu_seed1101_ckpt150_optimizer_reset,1101,150,optimizer_reset,92,12.371026992797852,0.07279154344291904,0.10202455520629883,1.6621892178093631,0.00025,0.00025,2.7392313480377197,2.8412559032440186,7.036533486098051,28.304025903344154,28.540587827563286,0.15993744020131753,0.5396473800477848,0.024704324081540108,0.19144433736801147,2.684105396270752,0.046497948467731476,0.09550054371356964,0.09654514491558075,0.22085481882095337,1.7581138521172823
gpu_seed1101_ckpt150_optimizer_reset,1101,150,optimizer_reset,93,12.37471866607666,0.07281326537400915,0.1390461126963296,2.343661778781861,0.00025,0.00025,2.7543357213338218,2.8933818340301514,7.083906799554825,28.395792610943317,28.633274540305138,0.16000271201654592,0.5423936908425152,0.02388572506606579,0.22049333155155182,2.681767225265503,0.04737331345677376,0.09176670759916306,0.0926867127418518,0.23860050737857819,1.7468776786917326
gpu_seed1101_ckpt150_optimizer_reset,1101,150,optimizer_reset,94,12.378539085388184,0.07283574485113313,0.14545718828837062,2.5267603328389647,0.00025,0.00025,2.781201442082723,2.9266586303710938,7.1310089863836765,28.48706016689539,28.725816383957863,0.16005670303518277,0.5440821018092322,0.024944979697465897,0.2180289328098297,2.6992075443267822,0.0471021868288517,0.09126755595207214,0.09254184365272522,0.23080186545848846,1.7358748402957676
gpu_seed1101_ckpt150_optimizer_reset,1101,150,optimizer_reset,95,12.382417678833008,0.0728585666268354,0.11697125434875488,2.06201405189433,0.00025,0.00025,2.8104546070098877,2.9274258613586426,7.1771779879927635,28.577492713928223,28.81729206442833,0.1601226660465818,0.544197009481115,0.024030471220612526,0.1981038600206375,2.720695734024048,0.04616900160908699,0.0904325470328331,0.09147568047046661,0.23254349827766418,1.7252487954940998
gpu_seed1101_ckpt150_optimizer_reset,1101,150,optimizer_reset,96,12.385682106018066,0.07287777462738344,0.08656104405721043,1.5032973744020204,0.00025,0.00025,2.810973644256592,2.8975346883138022,7.21997544169426,28.667847834527493,28.908246390521526,0.16015158926203446,0.543716893561019,0.024117855355143547,0.22192548215389252,2.7572033405303955,0.042797453701496124,0.09035512059926987,0.09095432609319687,0.2227819263935089,1.7154742707975046
gpu_seed1101_ckpt150_optimizer_reset,1101,150,optimizer_reset,97,12.388934135437012,0.07289690967905414,0.09859156608581543,1.7143116430604053,0.00025,0.00025,2.806080420811971,2.9046719868977866,7.262943420559168,28.758005373179913,28.998456545174122,0.16018697921713101,0.5425867131104463,0.02379867061972618,0.2760748565196991,2.7953572273254395,0.04296797886490822,0.09015753865242004,0.09021015465259552,0.23706893622875214,1.7057731856159073
gpu_seed1101_ckpt150_optimizer_reset,1101,150,optimizer_reset,98,12.39205551147461,0.07291527596178675,0.09466131528218602,1.619404820910912,0.00025,0.00025,2.791804552078247,2.886465867360433,7.304354805499315,28.84442600607872,29.0854314789176,0.1601851965015601,0.5406215453861202,0.023338837549090385,0.2831994593143463,2.827725410461426,0.0414113849401474,0.08642063289880753,0.08697493374347687,0.22616377472877502,1.696529788249492
gpu_seed1101_ckpt150_optimizer_reset,1101,150,optimizer_reset,99,12.395734786987305,0.07293692494399953,0.11098551750183105,1.90532325128153,0.00025,0.00025,2.787001291910807,2.897986809412638,7.348978523164988,28.934807151556015,29.176184475421906,0.1602031716065103,0.5385071280444019,0.024519886821508408,0.26183536648750305,2.8398239612579346,0.0446237176656723,0.09038114547729492,0.0907529965043068,0.2385137677192688,1.6867289444257543
gpu_seed1101_ckpt150_optimizer_reset,1101,150,optimizer_reset,100,12.39873218536377,0.07295456173795876,0.15422614415486668,2.672015252573562,0.00025,0.00025,2.774064302444458,2.9282904465993247,7.397000268101692,29.025851748883724,29.268783271312714,0.1601888259017933,0.5379192865142383,0.025472406297922134,0.24792368710041046,2.8413031101226807,0.048021744936704636,0.0910445973277092,0.0925987958908081,0.2310858815908432,1.6761838226273318
gpu_seed1101_ckpt300_optimizer_reset,1101,300,optimizer_reset,0,0.0,0.0,0.0,0.0,0.000125,0.000125,,,0.0,0.0,0.0,0.0,0.0,0.0,0.0,0.0,,,,,
gpu_seed1101_ckpt300_optimizer_reset,1101,300,optimizer_reset,1,0.4198574423789978,0.002471990426013017,0.3640885353088379,7.345748952341513,0.000125,0.000125,2.81691845258077,3.181006987889608,0.022198202088475227,0.4247950315475464,0.4198574423789978,0.010010915107717297,0.060426537158741606,0.09587792307138443,0.8484406471252441,0.9152962565422058,0.022198202088475227,0.4247950315475464,0.4198574423789978,0.2472691684961319,18.914029194196033
gpu_seed1101_ckpt300_optimizer_reset,1101,300,optimizer_reset,2,0.6046357154846191,0.0035599075996712044,0.13992619514465332,2.438375926151565,0.000125,0.000125,2.7871936162312827,2.927119811375936,0.04532191716134548,0.721214771270752,0.7114810645580292,0.013074044201021706,0.077232296562463,0.06529223918914795,0.8380907773971558,1.1898205280303955,0.023123715072870255,0.29641973972320557,0.29162362217903137,0.24473856389522552,13.340912153357996
gpu_seed1101_ckpt300_optimizer_reset,1101,300,optimizer_reset,3,0.7529640197753906,0.004433218659815637,0.14208682378133108,2.36358702010482,0.000125,0.000125,2.739612897237142,2.881699721018473,0.072093416005373,0.9612488895654678,0.9484952837228775,0.015047082638694533,0.0853521826397333,0.0518285296857357,0.7322631478309631,1.3414933681488037,0.02677149884402752,0.24003411829471588,0.23701421916484833,0.16785986721515656,10.444282730462227
gpu_seed1101_ckpt300_optimizer_reset,1101,300,optimizer_reset,4,0.8644347786903381,0.005089523922041803,0.15845855077107762,2.539693298861293,0.000125,0.000125,2.694030284881592,2.8524888356526694,0.09989219158887863,1.1827756315469742,1.1660550385713577,0.015899785898519467,0.08624032314334928,0.056572575122117996,0.6363679766654968,1.3594659566879272,0.02779877558350563,0.22152674198150635,0.21755975484848022,0.20416966080665588,8.653677178686758
gpu_seed1101_ckpt300_optimizer_reset,1101,300,optimizer_reset,5,0.9627091884613037,0.005668133172599317,0.01614030202229788,0.2293659106009649,0.000125,0.000125,2.6620585123697915,2.6459182103474936,0.12870819121599197,1.3798821866512299,1.3591476827859879,0.01622017549276236,0.08208859020039382,0.04932898283004761,0.4161352813243866,1.3017946481704712,0.028815999627113342,0.19710655510425568,0.19309264421463013,0.21097399294376373,7.479781817757434
gpu_seed1101_ckpt300_optimizer_reset,1101,300,optimizer_reset,6,1.0582653284072876,0.006230738093342883,0.01527372996012355,0.21619227484337067,0.000125,0.000125,2.6423872311909995,2.657660961151123,0.15524918213486671,1.5652117431163788,1.5404567420482635,0.01673258156773333,0.07921528869547947,0.043469417840242386,0.47225645184516907,1.295302152633667,0.02654099091887474,0.18532955646514893,0.1813090592622757,0.22144483029842377,6.816559764425322
gpu_seed1101_ckpt300_optimizer_reset,1101,300,optimizer_reset,7,1.1469734907150269,0.006753024245260121,0.015839656194051255,0.22127484820776466,0.000125,0.000125,2.6289586226145425,2.6447982788085938,0.18116717040538788,1.7338119894266129,1.7043185979127884,0.01733089505712577,0.0771845167210655,0.039571795612573624,0.5327949523925781,1.3370388746261597,0.025917988270521164,0.16860024631023407,0.16386185586452484,0.2571157217025757,6.331022823518057
gpu_seed1101_ckpt300_optimizer_reset,1101,300,optimizer_reset,8,1.2300505638122559,0.007242156290065352,0.08305056889851903,1.1932199674814967,0.000125,0.000125,2.6231484413146973,2.7061990102132163,0.20645726658403873,1.889103814959526,1.8545004725456238,0.017985206298612427,0.07655866741700981,0.03600582480430603,0.6098010540008545,1.370632290840149,0.025290096178650856,0.1552918255329132,0.1501818746328354,0.28015702962875366,5.957894261404474
gpu_seed1101_ckpt300_optimizer_reset,1101,300,optimizer_reset,9,1.3035434484481812,0.0076748596051969984,0.031475146611531724,0.4382744334224338,0.000125,0.000125,2.617868185043335,2.6493433316548667,0.23046435602009296,2.0359754264354706,1.9967009127140045,0.0184975364990303,0.07631843108280764,0.0334104485809803,0.5016264319419861,1.3614528179168701,0.02400708943605423,0.14687161147594452,0.14220044016838074,0.2732088565826416,5.656160765827389
gpu_seed1101_ckpt300_optimizer_reset,1101,300,optimizer_reset,10,1.3697937726974487,0.008064920970636878,0.04928708076477051,0.657877611400405,0.000125,0.000125,2.6158992449442544,2.566612164179484,0.2546339426189661,2.1811350136995316,2.1362742483615875,0.018872539105761085,0.07513559270868612,0.031912218779325485,0.4060301184654236,1.315505862236023,0.02416958659887314,0.14515958726406097,0.139573335647583,0.30993205308914185,5.3794626066086835
gpu_seed1101_ckpt300_optimizer_reset,1101,300,optimizer_reset,11,1.4318674802780151,0.008430391712269652,0.07145826021830226,0.9377566221552733,0.000125,0.000125,2.609893321990967,2.5384350617726645,0.2782211136072874,2.3248778730630875,2.27354496717453,0.01922847293743391,0.07392108574751459,0.03033699467778206,0.3791525661945343,1.2573320865631104,0.023587170988321304,0.1437428593635559,0.1372707188129425,0.3502615988254547,5.1465090542839524
gpu_seed1101_ckpt300_optimizer_reset,1101,300,optimizer_reset,12,1.490986943244934,0.008778468777706864,0.06227389971415187,0.8127231296089104,0.000125,0.000125,2.599823474884033,2.5375495751698813,0.3008287660777569,2.458485558629036,2.4008838087320328,0.0195462142384011,0.07246198903884057,0.027999846264719963,0.3883041441440582,1.2116533517837524,0.022607652470469475,0.1336076855659485,0.12733884155750275,0.3553880751132965,4.956264531080762
gpu_seed1101_ckpt300_optimizer_reset,1101,300,optimizer_reset,13,1.5462141036987305,0.00910362917292128,0.1358350118001299,1.68179628692711,0.000125,0.000125,2.5833255449930825,2.4474905331929526,0.3240313231945038,2.5911554098129272,2.5276529788970947,0.01979139137233436,0.07075237858728056,0.026897432282567024,0.37442487478256226,1.1811498403549194,0.023202557116746902,0.1326698511838913,0.12676917016506195,0.3361009657382965,4.771804430665565
gpu_seed1101_ckpt300_optimizer_reset,1101,300,optimizer_reset,14,1.5992240905761719,0.00941573553764739,0.15765651067097997,1.9048299243503646,0.000125,0.000125,2.5695221424102783,2.4118656317392984,0.34867276437580585,2.720638155937195,2.6516196727752686,0.020069987914220648,0.0695441509076484,0.025623001158237457,0.37446048855781555,1.1790781021118164,0.02464144118130207,0.12948274612426758,0.12396669387817383,0.3142377734184265,4.58660455867414
gpu_seed1101_ckpt300_optimizer_reset,1101,300,optimizer_reset,15,1.6494523286819458,0.00971146382820582,0.12894336382548,1.5653829741700225,0.000125,0.000125,2.5602915287017822,2.4313481648763022,0.3735027965158224,2.8465424478054047,2.7722131237387657,0.02044328164153431,0.06927730106347105,0.024956868961453438,0.40075886249542236,1.2239519357681274,0.024830032140016556,0.12590429186820984,0.12059345096349716,0.3079836964607239,4.416171295273435
gpu_seed1101_ckpt300_optimizer_reset,1101,300,optimizer_reset,16,1.6977790594100952,0.009995996632968292,0.10824473698933934,1.3193701808030962,0.000125,0.000125,2.5541492303212485,2.445904493331909,0.3976159282028675,2.9674544483423233,2.88827333599329,0.02081240115718027,0.06883164269940296,0.02404005639255047,0.4104534387588501,1.2713985443115234,0.024113131687045097,0.12091200053691864,0.11606021225452423,0.2968859076499939,4.269897001056764
gpu_seed1101_ckpt300_optimizer_reset,1101,300,optimizer_reset,17,1.743860125541687,0.01026730766095036,0.128921826680501,1.5561790934034327,0.000125,0.000125,2.554551045099894,2.425629218419393,0.4209430869668722,3.086180128157139,3.0021771118044853,0.021121474984140114,0.06871626723169197,0.02368573285639286,0.3566683828830719,1.2862602472305298,0.023327158764004707,0.11872567981481552,0.11390377581119537,0.3007497489452362,4.142745609870971
gpu_seed1101_ckpt300_optimizer_reset,1101,300,optimizer_reset,18,1.7875694036483765,0.010524654336515879,0.14527408281962062,1.746629958230681,0.000125,0.000125,2.558579126993815,2.4133050441741943,0.4440300650894642,3.2073829397559166,3.1176555454730988,0.021429008171923523,0.06888564234316588,0.02421555481851101,0.3232864737510681,1.2980400323867798,0.023086978122591972,0.12120281159877777,0.11547843366861343,0.33733412623405457,4.025784612769829
gpu_seed1101_ckpt300_optimizer_reset,1101,300,optimizer_reset,19,1.8306069374084473,0.010778045989671504,0.125677982966105,1.5360076206970419,0.000125,0.000125,2.5653998851776123,2.4397219022115073,0.4656585603952408,3.3260171189904213,3.2302408441901207,0.021793346267877413,0.06954413267046466,0.02315540239214897,0.33917513489723206,1.3204445838928223,0.021628495305776596,0.1186341792345047,0.11258529871702194,0.36369848251342773,3.9312214852245755
gpu_seed1101_ckpt300_optimizer_reset,1101,300,optimizer_reset,20,1.8719842433929443,0.011021662736509012,0.0816570917765298,1.0335773709350118,0.000125,0.000125,2.578803300857544,2.497146209081014,0.4895837791264057,3.445604093372822,3.34160365909338,0.022117018565077452,0.07010058178167623,0.022749120369553566,0.3603360056877136,1.3115588426589966,0.023925218731164932,0.11958697438240051,0.11136281490325928,0.43195727467536926,3.823623909128315
gpu_seed1101_ckpt300_optimizer_reset,1101,300,optimizer_reset,21,1.9114915132522583,0.011254269290525934,0.053156375885009766,0.6913801865135163,0.000125,0.000125,2.591912269592285,2.5387558937072754,0.512927507981658,3.563858576118946,3.4521210193634033,0.022374553551761513,0.07030713350179647,0.023122919723391533,0.35435089468955994,1.2828373908996582,0.023343728855252266,0.11825448274612427,0.11051736027002335,0.41930195689201355,3.72663092445587
gpu_seed1101_ckpt300_optimizer_reset,1101,300,optimizer_reset,22,1.949558973312378,0.01147839869091966,0.05859986941019679,0.7557237283740257,0.000125,0.000125,2.5861002604166665,2.5275003910064697,0.5355111584067345,3.674663670361042,3.5564616844058037,0.022635357011854974,0.07065547964091412,0.022292044013738632,0.3448306918144226,1.273157000541687,0.022583650425076485,0.11080509424209595,0.10434066504240036,0.37980103492736816,3.6405571437747657
gpu_seed1101_ckpt300_optimizer_reset,1101,300,optimizer_reset,23,1.9860528707504272,0.01169326344254487,0.05868069330851222,0.746305010507859,0.000125,0.000125,2.57222048441569,2.5135397911071777,0.5585364829748869,3.786145955324173,3.66108775138855,0.02289229149661251,0.07098693575425319,0.022268248721957207,0.32506832480430603,1.276764988899231,0.023025324568152428,0.11148228496313095,0.10462606698274612,0.39188095927238464,3.5558158352856766
gpu_seed1101_ckpt300_optimizer_reset,1101,300,optimizer_reset,24,2.0219929218292236,0.011904867318550493,0.02678028742472316,0.3416915637422804,0.000125,0.000125,2.559602657953898,2.532822370529175,0.5820934660732746,3.8939918130636215,3.762199357151985,0.023161517045306498,0.0711952104080361,0.021321527659893036,0.3251318037509918,1.2817625999450684,0.023556983098387718,0.10784585773944855,0.10111160576343536,0.38616159558296204,3.473656791693345
gpu_seed1101_ckpt300_optimizer_reset,1101,300,optimizer_reset,25,2.0566649436950684,0.012109005431756819,0.008046706517537139,0.10332766794475745,0.000125,0.000125,2.5566629568735757,2.5486162503560386,0.6057920828461647,3.9980064257979393,3.860480897128582,0.02341270142843967,0.07203672726929673,0.0210467129945755,0.2975952625274658,1.28855562210083,0.02369861677289009,0.10401461273431778,0.09828153997659683,0.3491691052913666,3.395001357609265
gpu_seed1101_ckpt300_optimizer_reset,1101,300,optimizer_reset,26,2.0900931358337402,0.01230582026123203,0.03449201583862305,0.4385439046164805,0.000125,0.000125,2.5599284966786704,2.5254364808400473,0.6303407121449709,4.103781796991825,3.9611333683133125,0.023637597528754547,0.0730250371455798,0.021797513589262962,0.23651936650276184,1.2885198593139648,0.02454862929880619,0.1057753711938858,0.10065247118473053,0.319671630859375,3.315814916536325
gpu_seed1101_ckpt300_optimizer_reset,1101,300,optimizer_reset,27,2.1213395595550537,0.012489789514816222,0.059210141499836944,0.7504339548468941,0.000125,0.000125,2.5690178076426187,2.5098076661427817,0.6543024089187384,4.220854461193085,4.072920449078083,0.02382155788672144,0.07394093328986646,0.030986284837126732,0.20534054934978485,1.2800911664962769,0.02396169677376747,0.11707266420125961,0.11178708076477051,0.31794196367263794,3.2421393084237797
gpu_seed1101_ckpt300_optimizer_reset,1101,300,optimizer_reset,28,2.1534156799316406,0.012678643765023817,0.04141004880269383,0.5343917599406272,0.000125,0.000125,2.5782392024993896,2.536829153696696,0.6771387457847595,4.33105294406414,4.177730828523636,0.02405087039265923,0.07505757104044523,0.028395358473062515,0.21330411732196808,1.2970354557037354,0.022836336866021156,0.1101984828710556,0.10481037944555283,0.33379051089286804,3.1801690470876727
gpu_seed1101_ckpt300_optimizer_reset,1101,300,optimizer_reset,29,2.1854729652404785,0.012867387120193122,0.03649187088012695,0.47564596638101087,0.000125,0.000125,2.5857747395833335,2.5492828687032065,0.701121661812067,4.443744271993637,4.28378538787365,0.02425579838468051,0.07620940579919608,0.028283266350626945,0.2273833304643631,1.303711175918579,0.02398291602730751,0.11269132792949677,0.10605455935001373,0.37498989701271057,3.1171094608444276
gpu_seed1101_ckpt300_optimizer_reset,1101,300,optimizer_reset,30,2.216963052749634,0.013052790990601774,0.05333113670349121,0.68982482018205,0.000125,0.000125,2.5864644050598145,2.5331332683563232,0.725733395665884,4.552396863698959,4.384976491332054,0.024422899643827396,0.07710823383591643,0.026634348556399345,0.24074287712574005,1.278360366821289,0.024611733853816986,0.10865259170532227,0.10119110345840454,0.40601682662963867,3.054789907680138
gpu_seed1101_ckpt300_optimizer_reset,1101,300,optimizer_reset,31,2.2475926876068115,0.013233128782615641,0.09204610188802098,1.1653472929477733,0.000125,0.000125,2.5841549237569175,2.4921088218688965,0.7491629682481289,4.658491730690002,4.48411487787962,0.024584691335329985,0.07785869082854442,0.025502309203147888,0.23806209862232208,1.2737258672714233,0.023429572582244873,0.10609486699104309,0.09913838654756546,0.39759403467178345,3.000138531753201
gpu_seed1101_ckpt300_optimizer_reset,1101,300,optimizer_reset,32,2.2777247428894043,0.013410536980390131,0.14051055908203125,1.7332396985257397,0.000125,0.000125,2.581897735595703,2.441387176513672,0.7721703741699457,4.760922759771347,4.579645708203316,0.02473778765255432,0.07864430346739448,0.023718569427728653,0.2091355174779892,1.2719918489456177,0.023007405921816826,0.1024310290813446,0.09553083032369614,0.4021167755126953,2.949769661047827
gpu_seed1101_ckpt300_optimizer_reset,1101,300,optimizer_reset,33,2.3071908950805664,0.013584024547253942,0.177300532658895,2.137165953272266,0.000125,0.000125,2.576730489730835,2.39942995707194,0.7953378334641457,4.862610727548599,4.674226388335228,0.02492498165290478,0.0793660394678653,0.02284345030784607,0.19330798089504242,1.2649743556976318,0.023167459294199944,0.1016879677772522,0.09458068013191223,0.40997233986854553,2.9008941835805113
gpu_seed1101_ckpt300_optimizer_reset,1101,300,optimizer_reset,34,2.335649013519287,0.013751577123967254,0.16454903284708644,1.982101513410223,0.000125,0.000125,2.5698509216308594,2.405301888783773,0.8218067958950996,4.969857081770897,4.773384682834148,0.025156857844628226,0.08015894081373688,0.024981200695037842,0.19500812888145447,1.2811682224273682,0.02646896243095398,0.10724635422229767,0.09915829449892044,0.4174478054046631,2.84209016667049
gpu_seed1101_ckpt300_optimizer_reset,1101,300,optimizer_reset,35,2.364088773727417,0.0139190216131116,0.10902468363443996,1.3460991175115744,0.000125,0.000125,2.5674089590708413,2.4583842754364014,0.8507971204817295,5.085374139249325,4.879482001066208,0.025416936546444155,0.08100919818841482,0.031587257981300354,0.2173565775156021,1.2978183031082153,0.028990324586629868,0.11551705747842789,0.10609731823205948,0.43715977668762207,2.7786750998711285
gpu_seed1101_ckpt300_optimizer_reset,1101,300,optimizer_reset,36,2.3928284645080566,0.014088232000460612,0.08460569381713867,1.0589123750808263,0.000125,0.000125,2.5690006415049234,2.4843949476877847,0.8785013984888792,5.193646818399429,4.978873245418072,0.025682693324053183,0.08195418608024149,0.0290677510201931,0.2204005867242813,1.3190102577209473,0.027704278007149696,0.10827267915010452,0.09939124435186386,0.435369074344635,2.7237617021683356
gpu_seed1101_ckpt300_optimizer_reset,1101,300,optimizer_reset,37,2.4214367866516113,0.014256668930010919,0.0658125082651777,0.838456825870562,0.000125,0.000125,2.5774789651234946,2.511666456858317,0.9047869388014078,5.296267330646515,5.0737568736076355,0.025899003376436462,0.08293772047749219,0.026937730610370636,0.20211026072502136,1.3219430446624756,0.02628554031252861,0.10262051224708557,0.09488362818956375,0.41131535172462463,2.6762508197307406
gpu_seed1101_ckpt300_optimizer_reset,1101,300,optimizer_reset,38,2.4494476318359375,0.014421588100498513,0.07189647356669138,0.9250071129547219,0.000125,0.000125,2.590307076772054,2.518410603205363,0.9297968111932278,5.396578326821327,5.166851870715618,0.02607608031162579,0.08372689016545468,0.024927493184804916,0.18798217177391052,1.3197846412658691,0.025009872391819954,0.10031099617481232,0.09309499710798264,0.40280967950820923,2.63439022627952
gpu_seed1101_ckpt300_optimizer_reset,1101,300,optimizer_reset,39,2.476177215576172,0.014578963600913075,0.06886967023213675,0.899062103488685,0.000125,0.000125,2.6033734480539956,2.534503777821859,0.9537857007235289,5.4962082877755165,5.2590866684913635,0.026217450541334196,0.08450697769852106,0.02312837913632393,0.21689020097255707,1.3218789100646973,0.023988889530301094,0.0996299609541893,0.09223479777574539,0.41722342371940613,2.596156782068741
gpu_seed1101_ckpt300_optimizer_reset,1101,300,optimizer_reset,40,2.5024592876434326,0.014733704291367255,0.04791394869486476,0.6366759005113796,0.000125,0.000125,2.610715389251709,2.5628014405568442,0.9784895144402981,5.597931660711765,5.352116599678993,0.02636001810798364,0.08530961410163929,0.02179896831512451,0.2769230008125305,1.3379648923873901,0.02470381371676922,0.10172337293624878,0.0930299311876297,0.4582955539226532,2.557471746717998
gpu_seed1101_ckpt300_optimizer_reset,1101,300,optimizer_reset,41,2.5282483100891113,0.014885542058540634,0.0302736759185791,0.4100668290191649,0.000125,0.000125,2.621140241622925,2.5908665657043457,1.0035234149545431,5.697350971400738,5.44289293885231,0.0265011534201786,0.08635299468882669,0.02070929855108261,0.2826307415962219,1.3378076553344727,0.025033900514245033,0.09941931068897247,0.09077633917331696,0.45614391565322876,2.5193715188011976
gpu_seed1101_ckpt300_optimizer_reset,1101,300,optimizer_reset,42,2.5530004501342773,0.015031274983669424,0.024429718653360855,0.3345878404073872,0.000125,0.000125,2.6292890707651773,2.6048593521118164,1.0288791991770267,5.797507964074612,5.534836620092392,0.026633306644168412,0.08752789276275652,0.020315565168857574,0.25206229090690613,1.3315221071243286,0.025355784222483635,0.1001569926738739,0.09194368124008179,0.4372209310531616,2.4813413004887974
gpu_seed1101_ckpt300_optimizer_reset,1101,300,optimizer_reset,43,2.577263593673706,0.015174128849006664,0.04947264989217093,0.6735136083621782,0.000125,0.000125,2.635722557703654,2.586249907811483,1.0532285831868649,5.896648243069649,5.6269495487213135,0.026754357665136053,0.0887520765426438,0.020339040085673332,0.2169138789176941,1.328619360923767,0.024349384009838104,0.09914027899503708,0.09211292862892151,0.4011788070201874,2.447012580947016
gpu_seed1101_ckpt300_optimizer_reset,1101,300,optimizer_reset,44,2.6011769771575928,0.015314923435594902,0.09456499417622899,1.2551147548047812,0.000125,0.000125,2.6326048374176025,2.5380398432413735,1.077794635668397,5.996626436710358,5.719585865736008,0.02689975260209803,0.08984185557487442,0.019752999767661095,0.18313230574131012,1.3268488645553589,0.024566052481532097,0.09997819364070892,0.09263631701469421,0.41074615716934204,2.4134254254680467
gpu_seed1101_ckpt300_optimizer_reset,1101,300,optimizer_reset,45,2.625270128250122,0.01545677643811821,0.1249462763468423,1.6159644721214175,0.000125,0.000125,2.621626138687134,2.4966798623402915,1.1047323681414127,6.098830737173557,5.813079237937927,0.027109780693377654,0.09103369701863637,0.019796617329120636,0.18015295267105103,1.3312095403671265,0.026937732473015785,0.10220430046319962,0.09349337220191956,0.4413757622241974,2.376385633259271
gpu_seed1101_ckpt300_optimizer_reset,1101,300,optimizer_reset,46,2.649371862411499,0.015598679975089345,0.13652308781941747,1.7428634413343786,0.000125,0.000125,2.6142760117848716,2.477752923965454,1.1324936617165804,6.206458240747452,5.910974361002445,0.027351241566214494,0.09205634566616307,0.021058976650238037,0.21677644550800323,1.338470458984375,0.027761293575167656,0.1076275035738945,0.09789512306451797,0.4636923372745514,2.3394142960529836
gpu_seed1101_ckpt300_optimizer_reset,1101,300,optimizer_reset,47,2.6738479137420654,0.01574278737547966,0.0841898123423257,1.0933435975151085,0.000125,0.000125,2.6057214736938477,2.521531661351522,1.1629276983439922,6.31442116945982,6.00773711502552,0.02766752794877184,0.09312352292667246,0.020728133618831635,0.2765882909297943,1.3679198026657104,0.030434036627411842,0.10796292871236801,0.0967627540230751,0.4898720681667328,2.2992383082347443
gpu_seed1101_ckpt300_optimizer_reset,1101,300,optimizer_reset,48,2.697950839996338,0.015884697931124105,0.04875485102335597,0.6409444157275921,0.000125,0.000125,2.600416421890259,2.551661570866903,1.1940159816294909,6.420998103916645,6.103864721953869,0.027962239977712914,0.09410326197536205,0.02117932215332985,0.2875712811946869,1.3882094621658325,0.03108828328549862,0.10657693445682526,0.09612760692834854,0.46548911929130554,2.2595600741559134
gpu_seed1101_ckpt300_optimizer_reset,1101,300,optimizer_reset,49,2.7214112281799316,0.01602282542185474,0.06851458549499512,0.8914740842030522,0.000125,0.000125,2.599891424179077,2.531376838684082,1.2225002236664295,6.5232362523674965,6.198014281690121,0.02819544018053134,0.09493156899830521,0.020971089601516724,0.2578189969062805,1.3996537923812866,0.028484242036938667,0.10223814845085144,0.09414955973625183,0.4120374619960785,2.2261028468492676
gpu_seed1101_ckpt300_optimizer_reset,1101,300,optimizer_reset,50,2.744065284729004,0.016156205481958837,0.09513417879740382,1.2195606147401463,0.000125,0.000125,2.5981476306915283,2.5030134518941245,1.2492219265550375,6.623054876923561,6.290742874145508,0.028397066663845942,0.09549257815074967,0.02114090695977211,0.2359921634197235,1.4291319847106934,0.02672170288860798,0.0998186245560646,0.09272859245538712,0.3897567689418793,2.1966195328431986
gpu_seed1101_ckpt300_optimizer_reset,1101,300,optimizer_reset,51,2.766294002532959,0.016287081279426113,0.0953073501586914,1.214732671443059,0.000125,0.000125,2.592447598775228,2.4971402486165366,1.2754841521382332,6.723468646407127,6.384307071566582,0.028621411174936075,0.09598313967188801,0.02093602903187275,0.2341020107269287,1.4856653213500977,0.026262225583195686,0.10041376948356628,0.09356419742107391,0.38268905878067017,2.168818795508631
gpu_seed1101_ckpt300_optimizer_reset,1101,300,optimizer_reset,52,2.7883520126342773,0.016416952002875473,0.07737445831298828,0.994290249262022,0.000125,0.000125,2.5918102264404297,2.5144357681274414,1.3009387739002705,6.821575477719307,6.47582396119833,0.028825937952704682,0.0963274900659136,0.020423421636223793,0.22675089538097382,1.550236701965332,0.025454621762037277,0.09810683131217957,0.0915168896317482,0.37992364168167114,2.1433383865349285
gpu_seed1101_ckpt300_optimizer_reset,1101,300,optimizer_reset,53,2.8094441890716553,0.016541136197209486,0.06564553578694676,0.8431479400923152,0.000125,0.000125,2.5855160554250083,2.5198705196380615,1.3259987328201532,6.9236104637384415,6.571281246840954,0.029002755798978295,0.09681799174533504,0.021764468401670456,0.21507476270198822,1.6185762882232666,0.025059958919882774,0.10203498601913452,0.0954572856426239,0.37681883573532104,2.118738215604754
gpu_seed1101_ckpt300_optimizer_reset,1101,300,optimizer_reset,54,2.830209970474243,0.016663398678791363,0.050217707951863755,0.6427486255216408,0.000125,0.000125,2.5743897755940757,2.524172067642212,1.3509505819529295,7.021086446940899,6.66229635477066,0.02918735788766072,0.09719169910254266,0.020508747547864914,0.229840949177742,1.6867724657058716,0.02495184913277626,0.09747598320245743,0.09101510792970657,0.3783421218395233,2.0949766840329618
gpu_seed1101_ckpt300_optimizer_reset,1101,300,optimizer_reset,55,2.8500893115997314,0.016780442074900308,0.06829730669657419,0.8572738812669751,0.000125,0.000125,2.5638414223988852,2.495544115702311,1.3749478999525309,7.117810070514679,6.752806082367897,0.02934949534899978,0.09724792217505386,0.020302455872297287,0.2292708456516266,1.7433196306228638,0.023997317999601364,0.09672362357378006,0.09050972759723663,0.37467461824417114,2.0728707696459305
gpu_seed1101_ckpt300_optimizer_reset,1101,300,optimizer_reset,56,2.8703465461730957,0.01689971039044836,0.07156650225321481,0.8920486576136124,0.000125,0.000125,2.5584634145100913,2.4868969122568765,1.3989356756210327,7.212387643754482,6.840623311698437,0.029547882585978676,0.0974742924618295,0.019724717363715172,0.24020621180534363,1.813835620880127,0.023987775668501854,0.09457757323980331,0.0878172293305397,0.3985673487186432,2.0518073819918876
gpu_seed1101_ckpt300_optimizer_reset,1101,300,optimizer_reset,57,2.8901543617248535,0.017016332666158738,0.05630660057067871,0.7042366687165984,0.000125,0.000125,2.55432391166687,2.4980173110961914,1.4226990807801485,7.303942754864693,6.925579383969307,0.02976335722256803,0.09773009879246036,0.018969446420669556,0.24776998162269592,1.8871315717697144,0.02376340515911579,0.09155511111021042,0.08495607227087021,0.39746612310409546,2.031458655429778
gpu_seed1101_ckpt300_optimizer_reset,1101,300,optimizer_reset,58,2.9087092876434326,0.017125578316220847,0.09267520904541016,1.139125884063045,0.000125,0.000125,2.5548952420552573,2.462220033009847,1.449049947783351,7.413416065275669,7.027863897383213,0.029944154427244494,0.09770876995914426,0.027313420549035072,0.20906119048595428,1.9112414121627808,0.02635086700320244,0.10947331041097641,0.1022845134139061,0.3842061161994934,2.0073216193071555
gpu_seed1101_ckpt300_optimizer_reset,1101,300,optimizer_reset,59,2.927788019180298,0.017237907971335144,0.10171246528625488,1.2439879336214563,0.000125,0.000125,2.5543529192606607,2.4526404539744058,1.476389903575182,7.521281331777573,7.128334179520607,0.030160659623211128,0.09815452612030698,0.02576834335923195,0.21030321717262268,1.9267005920410156,0.027339955791831017,0.10786526650190353,0.10047028213739395,0.3879428505897522,1.9830723659708522
gpu_seed1101_ckpt300_optimizer_reset,1101,300,optimizer_reset,60,2.947934627532959,0.017356524954000075,0.07307688395182277,0.9089761505824061,0.000125,0.000125,2.5571227073669434,2.4840458234151206,1.5045702569186687,7.626114100217819,7.224659822881222,0.030462101982467227,0.09888943863851785,0.023898907005786896,0.25123468041419983,1.9472148418426514,0.028180353343486786,0.10483276844024658,0.09632564336061478,0.42403894662857056,1.9593200210991233
gpu_seed1101_ckpt300_optimizer_reset,1101,300,optimizer_reset,61,2.9679722785949707,0.01747450042992452,0.03905963897705078,0.49815804153582377,0.000125,0.000125,2.5652939478556314,2.5262343088785806,1.532722545787692,7.724352531135082,7.3151672556996346,0.030757541837549297,0.09972487825309874,0.022314593195915222,0.2986033260822296,1.9762264490127563,0.028152288869023323,0.09823843091726303,0.09050743281841278,0.4070934057235718,1.9364054419045182
gpu_seed1101_ckpt300_optimizer_reset,1101,300,optimizer_reset,62,2.9873080253601074,0.01758834331100434,0.027070681254069306,0.35282439695171597,0.000125,0.000125,2.5810240109761557,2.5539533297220864,1.5607934072613716,7.823510125279427,7.407321326434612,0.0310001422949704,0.10059315528241519,0.026114191859960556,0.31660011410713196,2.021555185317993,0.028070861473679543,0.09915759414434433,0.09215407073497772,0.38223016262054443,1.9139676086919404
gpu_seed1101_ckpt300_optimizer_reset,1101,300,optimizer_reset,63,3.0060830116271973,0.017698884608159382,0.06519842147827148,0.8438485539859499,0.000125,0.000125,2.5929598808288574,2.527761459350586,1.5871740318834782,7.922497831285,7.499845437705517,0.031178687105030047,0.10150325696244676,0.024320872500538826,0.30136215686798096,2.071894407272339,0.026380624622106552,0.09898770600557327,0.09252411127090454,0.3702656328678131,1.893984497754178
gpu_seed1101_ckpt300_optimizer_reset,1101,300,optimizer_reset,64,3.024535894393921,0.017807529459786198,0.10866999626159668,1.391527576472246,0.000125,0.000125,2.603684663772583,2.4950146675109863,1.6125911083072424,8.017702423036098,7.588698610663414,0.03131112394991028,0.10248144343641793,0.02249123342335224,0.2790188491344452,2.1106088161468506,0.02541707642376423,0.09520459175109863,0.08885317295789719,0.37503910064697266,1.875575202424959
gpu_seed1101_ckpt300_optimizer_reset,1101,300,optimizer_reset,65,3.0424256324768066,0.017912858690141618,0.14082590738932277,1.7846876114948511,0.000125,0.000125,2.6090610027313232,2.4682350953420005,1.6379745174199343,8.112452939152718,7.676787547767162,0.031410768336002565,0.10342471957772192,0.02183895744383335,0.2582375109195709,2.149038791656494,0.02538340911269188,0.09475051611661911,0.08808893710374832,0.38716161251068115,1.8574316023348425
gpu_seed1101_ckpt300_optimizer_reset,1101,300,optimizer_reset,66,3.060109853744507,0.01801697790121848,0.15399622917175293,1.9538866419067134,0.000125,0.000125,2.6166578928629556,2.4626616636912027,1.6622880920767784,8.204719446599483,7.762733697891235,0.031509469386068,0.1044567015420298,0.02021295763552189,0.2506278455257416,2.1928133964538574,0.02431357465684414,0.0922665074467659,0.08594615012407303,0.38280561566352844,1.8409022288787016
gpu_seed1101_ckpt300_optimizer_reset,1101,300,optimizer_reset,67,3.0767102241516113,0.01811471573452236,0.14371609687805176,1.8447305020692042,0.000125,0.000125,2.6232462724049888,2.479530175526937,1.6893749590963125,8.305431470274925,7.855322137475014,0.0315488343127543,0.10588011858512723,0.02081817016005516,0.2595515251159668,2.1879780292510986,0.02708686701953411,0.10071202367544174,0.09258843958377838,0.4222896993160248,1.8212121634593166
gpu_seed1101_ckpt300_optimizer_reset,1101,300,optimizer_reset,68,3.093266248703003,0.01821219247317913,0.1321009794871011,1.7123455571991055,0.000125,0.000125,2.6273762385050454,2.4952752590179443,1.715308502316475,8.40291939675808,7.945530146360397,0.03162733866085589,0.10717275357821526,0.020762469619512558,0.2495483011007309,2.187023639678955,0.02593354322016239,0.0974879264831543,0.0902080088853836,0.40324193239212036,1.8033293979035445
gpu_seed1101_ckpt300_optimizer_reset,1101,300,optimizer_reset,69,3.1097984313964844,0.018309528838369706,0.1270678838094077,1.647408778221319,0.000125,0.000125,2.625098705291748,2.4980308214823403,1.7415868882089853,8.496945463120937,8.032532319426537,0.03173856321864855,0.10821117865698686,0.020114094018936157,0.2195432037115097,2.1806318759918213,0.026278385892510414,0.09402606636285782,0.08700217306613922,0.3970441520214081,1.7856119912528488
gpu_seed1101_ckpt300_optimizer_reset,1101,300,optimizer_reset,70,3.126227378845215,0.018406257386451682,0.129029194513957,1.6603984638107772,0.000125,0.000125,2.6185952027638755,2.4895660082499185,1.7657973058521748,8.589750871062279,8.118758462369442,0.03188415839083152,0.10912613158259901,0.019076574593782425,0.1828552633523941,2.1543924808502197,0.02421041764318943,0.0928054079413414,0.08622614294290543,0.3925573527812958,1.770433881897178
gpu_seed1101_ckpt300_optimizer_reset,1101,300,optimizer_reset,71,3.1430394649505615,0.01850524173613533,0.09157292048136378,1.1865898714761034,0.000125,0.000125,2.607140302658081,2.5155673821767173,1.7917643673717976,8.690055720508099,8.211390517652035,0.0321018019954256,0.11021291400093199,0.026086756959557533,0.18116642534732819,2.1259069442749023,0.025967061519622803,0.10030484944581985,0.09263205528259277,0.4136210083961487,1.7541589297029565
gpu_seed1101_ckpt300_optimizer_reset,1101,300,optimizer_reset,72,3.159940242767334,0.018604748275113197,0.06474439303080226,0.8401912531967408,0.000125,0.000125,2.5953799883524575,2.5306355953216553,1.818177543580532,8.784412145614624,8.297488301992416,0.03234721450810114,0.11142046926204102,0.024089213460683823,0.19587242603302002,2.1140542030334473,0.026413176208734512,0.09435642510652542,0.08609778434038162,0.43895262479782104,1.7379712195447834
gpu_seed1101_ckpt300_optimizer_reset,1101,300,optimizer_reset,73,3.1771061420440674,0.0187058157670351,0.05506722132364894,0.7101494750009376,0.000125,0.000125,2.5843280951182046,2.5292608737945557,1.8452402595430613,8.881371714174747,8.385722413659096,0.03259935804592645,0.112237736973126,0.024847904220223427,0.19538524746894836,2.08992075920105,0.027062715962529182,0.09695956856012344,0.08823411166667938,0.4474652409553528,1.7217845348925431
gpu_seed1101_ckpt300_optimizer_reset,1101,300,optimizer_reset,74,3.19368577003479,0.018803431475423394,0.0525066057840986,0.6716464028934777,0.000125,0.000125,2.5749314626057944,2.522424856821696,1.8720492012798786,8.974032692611217,8.470115512609482,0.03282642480476455,0.11256964638745355,0.023010095581412315,0.17927955090999603,2.046602249145508,0.02680894173681736,0.09266097843647003,0.08439309895038605,0.43930256366729736,1.7059838853859353
gpu_seed1101_ckpt300_optimizer_reset,1101,300,optimizer_reset,75,3.2097387313842773,0.01889794633394356,0.06334924697875977,0.8003572968609287,0.000125,0.000125,2.5679026444753013,2.5045533974965415,1.8984273374080658,9.065227650105953,8.553705662488937,0.03301713540827538,0.11271408578861206,0.02211015671491623,0.16842202842235565,1.9987597465515137,0.02637813612818718,0.09119495749473572,0.08359014987945557,0.42090389132499695,1.6907356252912276
gpu_seed1101_ckpt300_optimizer_reset,1101,300,optimizer_reset,76,3.225146532058716,0.018988662686468632,0.07978177070617676,0.997448907768371,0.000125,0.000125,2.565531571706136,2.4857498009999595,1.9240188505500555,9.154061533510685,8.635745652019978,0.03318858273584117,0.11273806646064041,0.020543426275253296,0.1784672737121582,1.97126042842865,0.025591513141989708,0.08883388340473175,0.08203998953104019,0.39936429262161255,1.6762551630588265
gpu_seed1101_ckpt300_optimizer_reset,1101,300,optimizer_reset,77,3.239931583404541,0.01907571248405683,0.09674700101216649,1.1971137597106374,0.000125,0.000125,2.5635529359181723,2.466805934906006,1.9487191196531057,9.246053777635098,8.721684098243713,0.03333428955663242,0.1125716422228087,0.021739311516284943,0.1942771077156067,1.956906795501709,0.024700269103050232,0.09199224412441254,0.08593844622373581,0.37127748131752014,1.662595471419002
gpu_seed1101_ckpt300_optimizer_reset,1101,300,optimizer_reset,78,3.254431962966919,0.019161086222458726,0.09607195854187012,1.1860840649191466,0.000125,0.000125,2.560966412226359,2.464894453684489,1.9739126320928335,9.342361502349377,8.811594158411026,0.03347045625152878,0.11225550065164931,0.02096853032708168,0.22129091620445251,1.9285991191864014,0.025193512439727783,0.09630772471427917,0.08991006016731262,0.37630313634872437,1.6487213821185038
gpu_seed1101_ckpt300_optimizer_reset,1101,300,optimizer_reset,79,3.269326686859131,0.019248781737991397,0.04986174901326512,0.6266803739050619,0.000125,0.000125,2.5560097694396973,2.506148020426432,2.000777630135417,9.43650807440281,8.898314535617828,0.033666031805640435,0.11237273535915003,0.020021723583340645,0.27606329321861267,1.9237240552902222,0.026864998042583466,0.09414657205343246,0.08672037720680237,0.40820083022117615,1.634028008717901
gpu_seed1101_ckpt300_optimizer_reset,1101,300,optimizer_reset,80,3.2840616703033447,0.0193355367513006,0.01829536755879735,0.23348156248114904,0.000125,0.000125,2.555588960647583,2.5372935930887857,2.0274410378187895,9.525445826351643,8.980773828923702,0.033828342809410605,0.11284803008233614,0.019191795960068703,0.29627805948257446,1.9239531755447388,0.026663407683372498,0.08893775194883347,0.08245929330587387,0.38402190804481506,1.6198062528293613
gpu_seed1101_ckpt300_optimizer_reset,1101,300,optimizer_reset,81,3.2984769344329834,0.019420409356428196,0.009084622065226089,0.11731674956679328,0.000125,0.000125,2.562833309173584,2.553748687108358,2.0542878210544586,9.613454043865204,9.062540583312511,0.033971895945378264,0.11317603835606396,0.018451590090990067,0.27840912342071533,1.9127230644226074,0.026846783235669136,0.08800821751356125,0.0817667543888092,0.3767651617527008,1.6056547191806263
gpu_seed1101_ckpt300_optimizer_reset,1101,300,optimizer_reset,82,3.3127355575561523,0.019504359707882928,0.007779598236083984,0.10279809138325291,0.000125,0.000125,2.577369769414266,2.58514936765035,2.0806441083550453,9.701231487095356,9.144081138074398,0.034111499433245596,0.11338379249183707,0.017930714413523674,0.2688349187374115,1.8988217115402222,0.0263562873005867,0.08777744323015213,0.0815405547618866,0.3783619701862335,1.5921682830100168
gpu_seed1101_ckpt300_optimizer_reset,1101,300,optimizer_reset,83,3.326978921890259,0.019588220220319297,0.012663284937540542,0.16727908745075837,0.000125,0.000125,2.5872817039489746,2.574618419011434,2.1059194039553404,9.789835952222347,9.226976566016674,0.03424255229347826,0.11346323432246569,0.01809096708893776,0.2568075954914093,1.901413917541504,0.025275295600295067,0.08860446512699127,0.082895427942276,0.3612271547317505,1.579822530548863
gpu_seed1101_ckpt300_optimizer_reset,1101,300,optimizer_reset,84,3.340773105621338,0.019669436096652653,0.05467788378397609,0.7161925962945901,0.000125,0.000125,2.5997041861216226,2.5450263023376465,2.130449013784528,9.87469632178545,9.306923598051071,0.03436397645085849,0.11344646365467215,0.017498256638646126,0.2363937795162201,1.9203537702560425,0.024529609829187393,0.08486036956310272,0.07994703203439713,0.33903300762176514,1.5681075134885407
gpu_seed1101_ckpt300_optimizer_reset,1101,300,optimizer_reset,85,3.3537380695343018,0.019745769783831933,0.08909185727437308,1.1592796460350474,0.000125,0.000125,2.6101013819376626,2.5210095246632895,2.1541521660983562,9.961061291396618,9.388476312160492,0.03445876721779368,0.11336720023444932,0.01786680333316326,0.20623797178268433,1.960753083229065,0.02370315231382847,0.08636496961116791,0.08155271410942078,0.33459216356277466,1.5568714793287342
gpu_seed1101_ckpt300_optimizer_reset,1101,300,optimizer_reset,86,3.366574287414551,0.01982134545429379,0.10310697555541992,1.3416425253554696,0.000125,0.000125,2.6169934272766113,2.5138864517211914,2.178001645952463,10.050523214042187,9.472859226167202,0.034583165572525346,0.11370936682942782,0.018632737919688225,0.177819162607193,2.0113866329193115,0.023849479854106903,0.08946192264556885,0.08438291400671005,0.3402101397514343,1.5457170538274623
gpu_seed1101_ckpt300_optimizer_reset,1101,300,optimizer_reset,87,3.379993438720703,0.01990035325600398,0.0762019952138262,1.0049490907939695,0.000125,0.000125,2.61716357866923,2.540961583455404,2.204440163448453,10.140234962105751,9.556330233812332,0.03473120115391228,0.11424538321405786,0.017911195755004883,0.17237620055675507,2.0264666080474854,0.0264385174959898,0.0897117480635643,0.08347100764513016,0.375189870595932,1.5332661302231827
gpu_seed1101_ckpt300_optimizer_reset,1101,300,optimizer_reset,88,3.3933558464050293,0.019979026968864645,0.0679562886555991,0.9035453685089401,0.000125,0.000125,2.6212473710378013,2.553291082382202,2.2309049498289824,10.224033892154694,9.633846372365952,0.034883659804138094,0.11486173347240164,0.01684381626546383,0.16843277215957642,2.0346128940582275,0.026464786380529404,0.08379893004894257,0.07751613855361938,0.3864087760448456,1.5210669762795754
gpu_seed1101_ckpt300_optimizer_reset,1101,300,optimizer_reset,89,3.4058494567871094,0.020052585472617353,0.10727230707804347,1.4105139515901648,0.000125,0.000125,2.629495620727539,2.5222233136494956,2.257916057482362,10.309053525328636,9.712157368659973,0.034998526987795174,0.11532397436337938,0.01643550582230091,0.1614508330821991,1.987841010093689,0.02701110765337944,0.08501963317394257,0.0783109962940216,0.39741915464401245,1.5084039309163761
gpu_seed1101_ckpt300_optimizer_reset,1101,300,optimizer_reset,90,3.418390989303589,0.020126426127037106,0.12592180569966605,1.648376343897418,0.000125,0.000125,2.634185234705607,2.508263429005941,2.284412257373333,10.390642069280148,9.788001306355,0.035132451755259655,0.1159852224900335,0.016537878662347794,0.1700868010520935,1.9492337703704834,0.026496199890971184,0.08158854395151138,0.0758439376950264,0.37155288457870483,1.4963984623478745
gpu_seed1101_ckpt300_optimizer_reset,1101,300,optimizer_reset,91,3.430821418762207,0.02019961264110441,0.12430040041605617,1.619136665158658,0.000125,0.000125,2.6284536520640054,2.504153251647949,2.3110815808176994,10.471415787935257,9.862867265939713,0.03528074204975622,0.11673926590244706,0.016141574829816818,0.1937256008386612,1.909445881843567,0.026669323444366455,0.0807737186551094,0.07486595958471298,0.37850451469421387,1.4845090053233172
gpu_seed1101_ckpt300_optimizer_reset,1101,300,optimizer_reset,92,3.443234920501709,0.020272699490010725,0.1190042495727539,1.5436593227263167,0.000125,0.000125,2.621663967768351,2.502659718195597,2.3384202271699905,10.556640267372131,9.941921889781952,0.035395871430607975,0.11733811016389571,0.017302077263593674,0.20054470002651215,1.8601956367492676,0.027338646352291107,0.08522447943687439,0.07905462384223938,0.37790536880493164,1.4724619982727902
gpu_seed1101_ckpt300_optimizer_reset,1101,300,optimizer_reset,93,3.455791473388672,0.020346628579714178,0.10634986559549953,1.3784271418726668,0.000125,0.000125,2.614667812983195,2.5083179473876953,2.3667288199067116,10.645429268479347,10.02412697672844,0.03548681947964621,0.11815526435050944,0.017968522384762764,0.1869196891784668,1.8166182041168213,0.02830859273672104,0.08878900110721588,0.08220508694648743,0.3833684027194977,1.4601552338063923
gpu_seed1101_ckpt300_optimizer_reset,1101,300,optimizer_reset,94,3.468139410018921,0.020419329401588467,0.09017324447631836,1.1726441548397553,0.000125,0.000125,2.610031525293986,2.5198582808176675,2.394192775711417,10.731750190258026,10.104733511805534,0.03559944475305266,0.11880793058745422,0.01754920929670334,0.17545078694820404,1.7819682359695435,0.02746395580470562,0.0863209217786789,0.08060653507709503,0.360262006521225,1.4485631421166323
gpu_seed1101_ckpt300_optimizer_reset,1101,300,optimizer_reset,95,3.4804470539093018,0.0204917929923049,0.06320444742838527,0.8291562304464364,0.000125,0.000125,2.6054697036743164,2.542265256245931,2.422031469643116,10.818650931119919,10.185541033744812,0.03573823625647894,0.11954348532461728,0.018108081072568893,0.1839006096124649,1.771891474723816,0.0278386939316988,0.0869007408618927,0.08080752193927765,0.37137770652770996,1.4369949761308036
gpu_seed1101_ckpt300_optimizer_reset,1101,300,optimizer_reset,96,3.4929471015930176,0.02056538939689348,0.03447556495666504,0.4607593292692922,0.000125,0.000125,2.6098132928212485,2.5753377278645835,2.4509376976639032,10.911432720720768,10.271355412900448,0.035875201605670176,0.1202635591971469,0.018954196944832802,0.20571684837341309,1.781563401222229,0.02890622802078724,0.09278178960084915,0.08581437915563583,0.38775986433029175,1.425147242592447
gpu_seed1101_ckpt300_optimizer_reset,1101,300,optimizer_reset,97,3.505364179611206,0.02063849730181972,0.012467384338378906,0.169566088638744,0.000125,0.000125,2.616353988647461,2.603886604309082,2.4802947361022234,11.003143072128296,10.355945505201817,0.03600015769664391,0.12112030431416494,0.018996989354491234,0.21831347048282623,1.8069782257080078,0.02935703843832016,0.09171035140752792,0.08459009230136871,0.39317792654037476,1.4132853360477888
gpu_seed1101_ckpt300_optimizer_reset,1101,300,optimizer_reset,98,3.5178110599517822,0.0207117806735787,0.020820220311482895,0.2849787661137544,0.000125,0.000125,2.6268820762634277,2.606061855951945,2.5086391009390354,11.092123687267303,10.43820209801197,0.03610973979476461,0.12181094959050473,0.018628420308232307,0.20350487530231476,1.8347175121307373,0.02834436483681202,0.08898061513900757,0.08225659281015396,0.38753536343574524,1.402278653248126
gpu_seed1101_ckpt300_optimizer_reset,1101,300,optimizer_reset,99,3.5301873683929443,0.020784648539877756,0.09126750628153513,1.2104733487220916,0.000125,0.000125,2.630258639653524,2.538991133371989,2.5359515603631735,11.185029551386833,10.524171002209187,0.036187398873699456,0.12236805640264431,0.019871797412633896,0.17769084870815277,1.8698060512542725,0.02731245942413807,0.09290586411952972,0.08596890419721603,0.39149290323257446,1.3920563087908486
gpu_seed1101_ckpt300_optimizer_reset,1101,300,optimizer_reset,100,3.5424537658691406,0.02085686928449768,0.15343387921651175,1.9721762491604693,6.25e-05,6.25e-05,2.629359404246012,2.4759255250295005,2.563133455812931,11.282975852489471,10.614056661725044,0.03626656294167252,0.1227706816795515,0.02055654302239418,0.18009236454963684,1.8967397212982178,0.027181895449757576,0.09794630110263824,0.0898856595158577,0.4231010377407074,1.3820793286568152
gpu_seed1102_ckpt75_optimizer_reset,1102,75,optimizer_reset,0,0.0,0.0,0.0,0.0,0.001,0.001,,,0.0,0.0,0.0,0.0,0.0,0.0,0.0,0.0,,,,,
gpu_seed1102_ckpt75_optimizer_reset,1102,75,optimizer_reset,1,3.698697328567505,0.02178360509537814,17.087776025136314,3445646328.678362,0.001,0.001,4.872601350148519,21.960377375284832,0.41614481806755066,3.742893695831299,3.698697566986084,0.08408255924216124,0.40475017179022293,0.863122820854187,20.057401657104492,8.779296875,0.41614481806755066,3.742893695831299,3.698697566986084,0.16116778552532196,8.888005251955887
gpu_seed1102_ckpt75_optimizer_reset,1102,75,optimizer_reset,2,5.353747844696045,0.031531082018614,11.166267395019531,5943647.00723515,0.001,0.001,4.431580225626628,15.597847620646158,0.8521266877651215,6.557976245880127,6.5106353759765625,0.11081776333346496,0.518973418911473,0.6169233918190002,19.44457244873047,10.807875633239746,0.4359818696975708,2.815082550048828,2.8119378089904785,0.08464601635932922,6.282807382469236
gpu_seed1102_ckpt75_optimizer_reset,1102,75,optimizer_reset,3,6.885549545288086,0.04055268080486805,12.418973048528034,17327567.007665705,0.001,0.001,4.248840252558391,16.667813301086426,1.2895227074623108,8.886821031570435,8.838760137557983,0.1373072655374468,0.6235170105316005,0.493500292301178,21.48548126220703,12.070596694946289,0.43739601969718933,2.3288447856903076,2.328124761581421,0.09555412828922272,5.339610931577171
gpu_seed1102_ckpt75_optimizer_reset,1102,75,optimizer_reset,4,8.194541931152344,0.048262036470790415,15.22718938191732,259968836.448021,0.001,0.001,4.1488831837972,19.37607256571452,1.7122268378734589,10.962440729141235,10.921322345733643,0.16068278742191205,0.7071439528582906,0.44327595829963684,15.600987434387207,12.076696395874023,0.42270413041114807,2.075619697570801,2.082562208175659,0.08537474274635315,4.785897376380904
gpu_seed1102_ckpt75_optimizer_reset,1102,75,optimizer_reset,5,9.384973526000977,0.055273124281343206,15.261850595474243,241439967.26503855,0.001,0.001,4.040281057357788,19.30213165283203,2.151135355234146,12.82995080947876,12.810251712799072,0.18193894339434055,0.7997737769431947,0.4114704132080078,17.238924026489258,11.461615562438965,0.43890851736068726,1.8675100803375244,1.8889293670654297,0.06843056529760361,4.362800092128596
gpu_seed1102_ckpt75_optimizer_reset,1102,75,optimizer_reset,6,10.465827941894531,0.06163885352865626,14.677431106567381,127229574.70026039,0.001,0.001,3.984073003133138,18.66150410970052,2.5947089791297913,14.571777105331421,14.574678897857666,0.2003983707304359,0.8714542584286432,0.38417157530784607,19.13312530517578,10.38618278503418,0.44357362389564514,1.7418262958526611,1.7644271850585938,0.07604774087667465,4.033526698397023
gpu_seed1102_ckpt75_optimizer_reset,1102,75,optimizer_reset,7,11.472197532653809,0.06756590183719895,12.409325281778973,25638490.944819182,0.001,0.001,4.650284131368001,17.059609413146973,3.0158956944942474,16.209906816482544,16.23407530784607,0.21686706105675965,0.9235852693087779,0.3569863736629486,18.11305809020996,8.774922370910645,0.4211867153644562,1.638129711151123,1.6593964099884033,0.07773687690496445,3.8039105774093565
gpu_seed1102_ckpt75_optimizer_reset,1102,75,optimizer_reset,8,12.3956298828125,0.07300448841544828,10.744911988576252,2495509.359705894,0.001,0.001,3.985112984975179,14.730024973551432,3.438205987215042,17.773691654205322,17.8253732919693,0.23096918396812696,0.9546900749044227,0.35411426424980164,11.917899131774902,8.106935501098633,0.4223102927207947,1.5637848377227783,1.59129798412323,0.06930602341890335,3.6052609788075536
gpu_seed1102_ckpt75_optimizer_reset,1102,75,optimizer_reset,9,13.227657318115234,0.07790474260471837,11.242352644602459,4238497.736741075,0.001,0.001,4.017379919687907,15.259732564290365,3.8358074724674225,19.295862555503845,19.375118136405945,0.243728572902004,0.996514616051844,0.33106645941734314,12.019021987915039,8.837818145751953,0.39760148525238037,1.522170901298523,1.5497448444366455,0.060624610632658005,3.4484674773322133
gpu_seed1102_ckpt75_optimizer_reset,1102,75,optimizer_reset,10,14.026534080505371,0.08260975476599217,10.173630158106487,1629726.8039582754,0.001,0.001,4.1303309599558515,14.303961118062338,4.224838554859161,20.68912100791931,20.797437071800232,0.2558792155833856,1.0457110554359108,0.3067837953567505,13.325927734375,9.25964641571045,0.3890310823917389,1.3932584524154663,1.422318935394287,0.06413322687149048,3.3200165872301923
gpu_seed1102_ckpt75_optimizer_reset,1102,75,optimizer_reset,11,14.765000343322754,0.08695897721283234,7.353301207224528,140951.63767121703,0.001,0.001,4.5035115877787275,11.856812795003256,4.599171549081802,22.02905833721161,22.169078707695007,0.2662515511293263,1.0890119541828112,0.3044893741607666,10.251087188720703,8.706912994384766,0.374332994222641,1.3399373292922974,1.3716416358947754,0.05398569628596306,3.210360862983528
gpu_seed1102_ckpt75_optimizer_reset,1102,75,optimizer_reset,12,15.463407516479492,0.09107227027369441,4.579653104146321,7293.326281437662,0.001,0.001,4.3253733317057295,8.90502643585205,4.98940110206604,23.299266695976257,23.480366706848145,0.275441358403774,1.1253281228178316,0.28878161311149597,5.626542568206787,8.700480461120605,0.39022955298423767,1.2702083587646484,1.3112879991531372,0.04663563519716263,3.0992512327928927
gpu_seed1102_ckpt75_optimizer_reset,1102,75,optimizer_reset,13,16.13550567626953,0.09503061549570446,4.194197495778402,5142.875141730999,0.001,0.001,4.366367816925049,8.560565312703451,5.405175119638443,24.490946173667908,24.727587461471558,0.2841886302590745,1.1497024175118447,0.27491533756256104,5.922245979309082,9.33863639831543,0.41577401757240295,1.1916794776916504,1.247220754623413,0.03775067627429962,2.985195728005546
gpu_seed1102_ckpt75_optimizer_reset,1102,75,optimizer_reset,14,16.776174545288086,0.09880385682902759,4.717779795328776,8490.195408780257,0.001,0.001,4.337862650553386,9.055642445882162,5.787556409835815,25.600170373916626,25.887727737426758,0.2929966516340878,1.1757810363772003,0.2517775297164917,4.087881565093994,10.332778930664062,0.38238129019737244,1.1092242002487183,1.1601402759552002,0.036152854561805725,2.8986628133376766
gpu_seed1102_ckpt75_optimizer_reset,1102,75,optimizer_reset,15,17.387020111083984,0.10240145279255408,6.165700435638427,26353.48227643735,0.001,0.001,4.0157577196757,10.181458155314127,6.150029927492142,26.612660765647888,26.95086920261383,0.30145468990123647,1.2032399396476672,0.23340065777301788,6.95418119430542,11.002325057983398,0.3624735176563263,1.0124903917312622,1.0631414651870728,0.035768359899520874,2.8271439840246817
gpu_seed1102_ckpt75_optimizer_reset,1102,75,optimizer_reset,16,17.955665588378906,0.10575050988381463,6.592386960983276,52574.48543853945,0.001,0.001,4.278970956802368,10.871357917785645,6.480844795703888,27.599949181079865,27.980059385299683,0.30933740182942326,1.2279701224118666,0.24169081449508667,9.041833877563477,11.143478393554688,0.3308148682117462,0.9872884154319763,1.029190182685852,0.03818682208657265,2.770574848556601
gpu_seed1102_ckpt75_optimizer_reset,1102,75,optimizer_reset,17,18.492450714111328,0.10891192433903761,10.19161613782247,1513012.6163475148,0.001,0.001,4.038034677505493,14.229650815327963,6.81414532661438,28.60598760843277,29.0308039188385,0.3171753190378893,1.268688235392035,0.23719562590122223,9.185274124145508,11.615499496459961,0.33330053091049194,1.0060384273529053,1.0507445335388184,0.02853824570775032,2.71383274464101
gpu_seed1102_ckpt75_optimizer_reset,1102,75,optimizer_reset,18,18.998048782348633,0.11188966154678397,10.002240022023518,1542392.3754226805,0.001,0.001,4.2466505368550616,14.24889055887858,7.1526943147182465,29.541996657848358,30.01476103067398,0.3239225026522505,1.3000547924520667,0.2365035116672516,14.47568130493164,11.700541496276855,0.3385489881038666,0.9360090494155884,0.9839571118354797,0.035591453313827515,2.656068880680851
gpu_seed1102_ckpt75_optimizer_reset,1102,75,optimizer_reset,19,19.47408676147461,0.1146933035932929,11.365085999170939,5296439.633527116,0.001,0.001,4.117470979690552,15.48255697886149,7.496750116348267,30.42163246870041,30.946761548519135,0.32979628450897264,1.3236804330218392,0.22199344635009766,17.085004806518555,11.37964153289795,0.34405580163002014,0.8796358108520508,0.9320005178451538,0.038838714361190796,2.597670518456338
gpu_seed1102_ckpt75_optimizer_reset,1102,75,optimizer_reset,20,19.9193172454834,0.11731550383800117,9.50157109896342,820149.1631002962,0.001,0.001,4.115745147069295,13.617316246032715,7.831652402877808,31.310253381729126,31.885284900665283,0.3346669223155289,1.3389781807620769,0.22828587889671326,13.520329475402832,10.461657524108887,0.334902286529541,0.888620913028717,0.9385233521461487,0.03524923697113991,2.5434373515046875
gpu_seed1102_ckpt75_optimizer_reset,1102,75,optimizer_reset,21,20.341630935668945,0.11980273483749924,9.406599283218384,605266.9605273862,0.001,0.001,3.906907796859741,13.313507080078125,8.146750122308731,32.159553706645966,32.780308187007904,0.3393011024518388,1.354409956154714,0.2203938364982605,12.548059463500977,9.66983699798584,0.31509771943092346,0.8493003249168396,0.8950232863426208,0.03649110719561577,2.4969012956422647
gpu_seed1102_ckpt75_optimizer_reset,1102,75,optimizer_reset,22,20.74234390258789,0.12216274763458322,8.149294137954712,144023.52616406424,0.001,0.001,3.728726784388224,11.878020922342936,8.460103660821915,32.95624387264252,33.62665271759033,0.3433388833968942,1.3621260986069483,0.21090298891067505,6.813576698303223,8.826089859008789,0.3133535385131836,0.7966901659965515,0.846344530582428,0.03326045721769333,2.4517836582359656
gpu_seed1102_ckpt75_optimizer_reset,1102,75,optimizer_reset,23,21.12379264831543,0.124409303138565,8.108309745788574,151774.3747725226,0.001,0.001,3.822141647338867,11.930451393127441,8.75994336605072,33.729610443115234,34.44855171442032,0.34698204489211115,1.3598972341097746,0.20326808094978333,4.298945903778076,8.30009937286377,0.29983970522880554,0.7733665704727173,0.8218989968299866,0.026913825422525406,2.411407444730586
gpu_seed1102_ckpt75_optimizer_reset,1102,75,optimizer_reset,24,21.482582092285156,0.12652240590570973,7.977118571599323,155218.74535222913,0.001,0.001,3.9758153756459556,11.95293394724528,9.038417935371399,34.46695500612259,35.229098439216614,0.3504091121052486,1.3557850777203715,0.19495876133441925,7.34942626953125,7.794070243835449,0.2784745693206787,0.7373445630073547,0.7805467247962952,0.029152585193514824,2.376807782721771
gpu_seed1102_ckpt75_optimizer_reset,1102,75,optimizer_reset,25,21.821136474609375,0.12851633358151573,6.922857681910196,44076.07798863764,0.0005,0.0005,3.7718002796173096,10.694657961527506,9.322368174791336,35.210561633110046,36.014993131160736,0.3536541332803894,1.3515221864495601,0.19772472977638245,8.693624496459961,7.134184837341309,0.28395023941993713,0.7436066269874573,0.7858946919441223,0.0377652607858181,2.34072888620873
gpu_seed1102_ckpt75_optimizer_reset,1102,75,optimizer_reset,26,21.978118896484375,0.12944088695294972,5.636670351028442,9792.532137148593,0.0005,0.0005,3.5562760829925537,9.192946434020996,9.473933145403862,35.61937540769577,36.4456552863121,0.3550909003487387,1.348221045945415,0.11206631362438202,7.126559257507324,6.742743968963623,0.15156497061252594,0.4088137745857239,0.4306621551513672,0.03736790642142296,2.3198515926982672
gpu_seed1102_ckpt75_optimizer_reset,1102,75,optimizer_reset,27,22.12384605407715,0.13029915205838413,4.375460068384806,2553.8163779156143,0.0005,0.0005,3.482546250025431,7.858006318410237,9.61767940223217,36.026755809783936,36.87302166223526,0.35642478219190876,1.3460375612710853,0.10988692939281464,5.096156597137451,6.275866508483887,0.1437462568283081,0.4073804020881653,0.42736637592315674,0.0339803472161293,2.300330997614676
gpu_seed1102_ckpt75_optimizer_reset,1102,75,optimizer_reset,28,22.25959587097168,0.13109865527270786,3.8056131998697915,1309.7190701998718,0.0005,0.0005,3.394451459248861,7.200064659118652,9.759447261691093,36.4533614218235,37.31798854470253,0.35773029660596256,1.3478369337622855,0.11221487820148468,4.839540958404541,5.8741912841796875,0.14176785945892334,0.42660561203956604,0.4449668824672699,0.033854302018880844,2.280825468297301
gpu_seed1102_ckpt75_optimizer_reset,1102,75,optimizer_reset,29,22.386341094970703,0.13184512562755285,3.8747936884562173,1268.1415607553197,0.0005,0.0005,3.2914911905924478,7.166284879048665,9.899761661887169,36.883171647787094,37.765487015247345,0.3589291116118959,1.3522384367638838,0.10907644778490067,6.025033950805664,5.678164005279541,0.14031440019607544,0.42981022596359253,0.44749847054481506,0.03457259386777878,2.2613010150691837
gpu_seed1102_ckpt75_optimizer_reset,1102,75,optimizer_reset,30,22.504545211791992,0.13254129283799074,3.0661763350168862,567.9685718827772,0.0005,0.0005,3.3236094315846763,6.3897857666015625,10.038711994886398,37.286462247371674,38.18790212273598,0.3599357917686993,1.3525999300144698,0.10364022850990295,5.000457286834717,5.620865345001221,0.13895033299922943,0.40329059958457947,0.4224151074886322,0.03137187287211418,2.241776158460697
gpu_seed1102_ckpt75_optimizer_reset,1102,75,optimizer_reset,31,22.615875244140625,0.13319697489156326,2.5062039693196616,317.19874960071536,0.0005,0.0005,3.3384221394856772,5.844626108805339,10.174635648727417,37.69491711258888,38.614869862794876,0.3608090246258837,1.3504497525776424,0.09934132546186447,4.2501115798950195,5.62890100479126,0.13592365384101868,0.40845486521720886,0.4269677400588989,0.0271002110093832,2.222770035698238
gpu_seed1102_ckpt75_optimizer_reset,1102,75,optimizer_reset,32,22.720102310180664,0.1338108237808276,2.1852581501007085,210.93081684618414,0.0005,0.0005,3.2855610052744546,5.470819155375163,10.313848748803139,38.097589522600174,39.03695887327194,0.3616957416116364,1.3501610526016528,0.1013316661119461,3.6045663356781006,5.757585525512695,0.13921310007572174,0.4026724100112915,0.42208901047706604,0.030024757608771324,2.20287332726447
gpu_seed1102_ckpt75_optimizer_reset,1102,75,optimizer_reset,33,22.820180892944336,0.1344002400351912,2.374069452285767,272.9339644898977,0.0005,0.0005,3.3328847090403237,5.706954161326091,10.45790059864521,38.48774403333664,39.449593394994736,0.3625748709025291,1.3505077217809922,0.09832591563463211,3.8118252754211426,5.848014831542969,0.14405184984207153,0.39015451073646545,0.4126345217227936,0.024058040231466293,2.182099617192617
gpu_seed1102_ckpt75_optimizer_reset,1102,75,optimizer_reset,34,22.913122177124023,0.1349476209241302,2.5652016003926597,325.0090096903046,0.0005,0.0005,3.2986729939778647,5.863874594370524,10.593055382370949,38.8690285384655,39.85273164510727,0.3633665470598053,1.3466414393642612,0.09494192898273468,3.839731216430664,5.728846549987793,0.13515478372573853,0.3812845051288605,0.40313825011253357,0.01090797409415245,2.16303241605383
gpu_seed1102_ckpt75_optimizer_reset,1102,75,optimizer_reset,35,23.002731323242188,0.13547537707138113,2.1949447790781655,217.75741883220658,0.0005,0.0005,3.30650528271993,5.501450061798096,10.73728047311306,39.23987251520157,40.24786853790283,0.3642463664902112,1.3443420182089407,0.0938989445567131,5.948668003082275,5.679415702819824,0.1442250907421112,0.3708439767360687,0.39513689279556274,0.02050059475004673,2.1423237830883317
gpu_seed1102_ckpt75_optimizer_reset,1102,75,optimizer_reset,36,23.085752487182617,0.1359643330710702,1.8287227153778072,174.76783278060645,0.0005,0.0005,3.5098257859547934,5.338548501332601,10.877277046442032,39.58714887499809,40.61818167567253,0.3650175509309525,1.3416617599676688,0.09515660256147385,5.668862819671631,5.644619464874268,0.13999657332897186,0.34727635979652405,0.3703131377696991,0.03155353665351868,2.122383422672117
gpu_seed1102_ckpt75_optimizer_reset,1102,75,optimizer_reset,37,23.165193557739258,0.1364322039876748,1.517326196034749,128.96323087165496,0.0005,0.0005,3.5897622108459473,5.107088406880696,11.025851011276245,39.93054175376892,40.98771575093269,0.36559473704283624,1.3377392313972796,0.09471619874238968,3.0489742755889893,5.572206974029541,0.14857396483421326,0.34339287877082825,0.36953407526016235,0.033688053488731384,2.1009891693662364
gpu_seed1102_ckpt75_optimizer_reset,1102,75,optimizer_reset,38,23.239151000976562,0.13686777889262905,1.5659643014272056,105.7118337142654,0.0005,0.0005,3.329066356023153,4.895030657450358,11.176809147000313,40.26309636235237,41.34856966137886,0.36610809438463476,1.3346593274042362,0.09526681900024414,2.837418556213379,5.513441562652588,0.1509581357240677,0.3325546085834503,0.360853910446167,0.03152627870440483,2.079229473754727
gpu_seed1102_ckpt75_optimizer_reset,1102,75,optimizer_reset,39,23.309080123901367,0.13727962886659004,1.8113354047139487,115.4555798810534,0.0005,0.0005,3.116002400716146,4.927337805430095,11.324199706315994,40.591772228479385,41.705116003751755,0.3666198288333139,1.3336122967118256,0.0905897319316864,1.8741437196731567,5.29964542388916,0.14739055931568146,0.32867586612701416,0.3565463423728943,0.027108967304229736,2.058342375479199
gpu_seed1102_ckpt75_optimizer_reset,1102,75,optimizer_reset,40,23.375627517700195,0.13767156203058367,1.8420698642730708,105.58948353580078,0.0005,0.0005,2.990045150121053,4.832115014394124,11.46536423265934,40.90680614113808,42.046618551015854,0.3671481082273492,1.3327338410241834,0.08564553409814835,1.557950496673584,5.123124599456787,0.14116452634334564,0.3150339126586914,0.3415025472640991,0.028667835518717766,2.038803743461736
gpu_seed1102_ckpt75_optimizer_reset,1102,75,optimizer_reset,41,23.437700271606445,0.1380371416490706,2.151529550552368,165.1018232553695,0.0005,0.0005,3.0786774158477783,5.2302069664001465,11.610338002443314,41.22808527946472,42.39524865150452,0.36776034763320425,1.3338464468080395,0.09252772480249405,1.7802090644836426,4.867593288421631,0.1449737697839737,0.3212791383266449,0.3486301004886627,0.02892765961587429,2.0186923297730117
gpu_seed1102_ckpt75_optimizer_reset,1102,75,optimizer_reset,42,23.496253967285156,0.13838199565312453,1.8553200562795005,129.33824067341857,0.0005,0.0005,3.177191178003947,5.032511234283447,11.743019670248032,41.58588624000549,42.77332603931427,0.3684643877991948,1.3412500203160098,0.10367035865783691,2.6165947914123535,4.6958112716674805,0.13268166780471802,0.3578009605407715,0.3780773878097534,0.028262479230761528,2.0008698466896866
gpu_seed1102_ckpt75_optimizer_reset,1102,75,optimizer_reset,43,23.552738189697266,0.13871466142321645,1.8860219319661455,141.4576561923449,0.0005,0.0005,3.23046875,5.1164906819661455,11.871488198637962,41.92213496565819,43.12979078292847,0.3690139451646062,1.3468591369764562,0.09406819939613342,3.1586754322052,4.621567249298096,0.12846852838993073,0.3362487256526947,0.3564647436141968,0.02893977053463459,1.9839752013902967
gpu_seed1102_ckpt75_optimizer_reset,1102,75,optimizer_reset,44,23.605566024780273,0.13902579277440968,1.9952861467997232,168.3770983223887,0.0005,0.0005,3.2770732243855796,5.272359371185303,11.996705740690231,42.2468663752079,43.47439432144165,0.3693666480499446,1.3481403682200894,0.08820273727178574,2.845834732055664,4.531042575836182,0.12521754205226898,0.32473140954971313,0.3446035385131836,0.029244940727949142,1.9676706701835096
gpu_seed1102_ckpt75_optimizer_reset,1102,75,optimizer_reset,45,23.657167434692383,0.1393297010523886,1.852561473846435,138.13755206935727,0.0005,0.0005,3.2462809880574546,5.09884246190389,12.12121594697237,42.56709665060043,43.81352359056473,0.36954598995190496,1.342969200072421,0.09013460576534271,2.9501636028289795,4.37636137008667,0.12451020628213882,0.32023027539253235,0.3391292691230774,0.038141559809446335,1.951715697351263
gpu_seed1102_ckpt75_optimizer_reset,1102,75,optimizer_reset,46,23.705541610717773,0.13961460242542403,1.9075638453165693,145.1716968740763,0.0005,0.0005,3.2310404777526855,5.138604323069255,12.244543492794037,42.87706711888313,44.14322254061699,0.36960316078972827,1.334730595154882,0.08648562431335449,2.3311076164245605,4.224389553070068,0.12332754582166672,0.3099704682826996,0.32969895005226135,0.03387559950351715,1.9360086086236408
gpu_seed1102_ckpt75_optimizer_reset,1102,75,optimizer_reset,47,23.7513427734375,0.13988434994812335,1.5570474465688071,89.31323906074955,0.0005,0.0005,3.1717838446299234,4.7288312911987305,12.367346361279488,43.18677639961243,44.47346514463425,0.3697567152170916,1.3264596429819544,0.09018298238515854,1.8925353288650513,4.141602516174316,0.12280286848545074,0.3097092807292938,0.3302426040172577,0.025507014244794846,1.9204882017210956
gpu_seed1102_ckpt75_optimizer_reset,1102,75,optimizer_reset,48,23.796051025390625,0.1401476607352833,1.5235946973164878,88.51119489855581,0.0005,0.0005,3.205341657002767,4.728936354319255,12.488863557577133,43.48384767770767,44.79018598794937,0.36988359332575316,1.3182099298611656,0.08328856527805328,2.1128809452056885,4.114314079284668,0.12151719629764557,0.29707127809524536,0.3167208433151245,0.03747544810175896,1.9053816158437722
gpu_seed1102_ckpt75_optimizer_reset,1102,75,optimizer_reset,49,23.839723587036133,0.14040487178876462,1.5563626289367671,79.58295654562173,0.0005,0.0005,3.0573018391927085,4.613664468129476,12.61436228454113,43.767178893089294,45.095188558101654,0.37007368572551164,1.313665113674056,0.08037027716636658,2.0739080905914307,4.089640140533447,0.1254987269639969,0.2833312153816223,0.3050025701522827,0.04218398034572601,1.8898873402621206
gpu_seed1102_ckpt75_optimizer_reset,1102,75,optimizer_reset,50,23.882049560546875,0.1406541520651241,1.5772545337676998,79.81259371179453,0.0005,0.0005,3.033780654271444,4.611035188039144,12.738410599529743,44.04297596216202,45.394030421972275,0.3702758838403286,1.3110974375166704,0.07965852320194244,1.8583621978759766,4.078432559967041,0.12404831498861313,0.2757970690727234,0.2988418638706207,0.0313563235104084,1.874806073642079
gpu_seed1102_ckpt75_optimizer_reset,1102,75,optimizer_reset,51,23.921518325805664,0.14088660471523934,1.3593760331471758,57.1323690137394,0.0005,0.0005,2.9828131198883057,4.3421891530354815,12.86459781974554,44.31688314676285,45.69295451045036,0.3704143394036338,1.3091324789881726,0.08082646876573563,1.6063255071640015,4.054774284362793,0.12618722021579742,0.2739071846008301,0.2989240884780884,0.023040737956762314,1.8594843508506174
gpu_seed1102_ckpt75_optimizer_reset,1102,75,optimizer_reset,52,23.957841873168945,0.14110053349641144,1.2706204255421958,52.30150570611846,0.0005,0.0005,3.0158223311106362,4.286442756652832,12.98296769708395,44.5893916785717,45.986671179533005,0.3705598210730227,1.3073958504009295,0.08038827031850815,1.979080080986023,4.128695964813232,0.11836987733840942,0.27250853180885315,0.2937166690826416,0.031045328825712204,1.8453286207088206
gpu_seed1102_ckpt75_optimizer_reset,1102,75,optimizer_reset,53,23.9929256439209,0.14130716057060175,1.415197372436523,64.91678764850552,0.0005,0.0005,3.0361393292744956,4.451336701711019,13.102641835808754,44.87734121084213,46.29424560070038,0.37081454456766944,1.308163427964634,0.08813991397619247,2.2142410278320312,4.2334771156311035,0.11967413872480392,0.2879495322704315,0.30757442116737366,0.03822966665029526,1.83115175890314
gpu_seed1102_ckpt75_optimizer_reset,1102,75,optimizer_reset,54,24.027158737182617,0.14150877755046296,1.4587647120157876,69.96705656753772,0.0005,0.0005,3.0539069970448813,4.512671709060669,13.216272182762623,45.17791286110878,46.61203268170357,0.3713537921805116,1.3166181694300836,0.09465906023979187,1.863195776939392,4.336826801300049,0.11363034695386887,0.30057165026664734,0.3177870810031891,0.03318105265498161,1.8179981771651403
gpu_seed1102_ckpt75_optimizer_reset,1102,75,optimizer_reset,55,24.06071662902832,0.1417064179083679,1.6119705835978193,87.79062086227492,0.0005,0.0005,3.0854954719543457,4.697466055552165,13.327456086874008,45.45009604096413,46.90232014656067,0.3717841105324771,1.321311215373516,0.08191711455583572,2.0347585678100586,4.506620407104492,0.11118390411138535,0.2721831798553467,0.29028746485710144,0.0359974205493927,1.8053495334885041
gpu_seed1102_ckpt75_optimizer_reset,1102,75,optimizer_reset,56,24.091516494750977,0.14188781477658716,1.8942073186238608,122.75422098599776,0.0005,0.0005,3.0790106455485025,4.973217964172363,13.442831382155418,45.703593254089355,47.17602491378784,0.37205558959411034,1.3226155093743637,0.07500030845403671,2.378584861755371,4.645009517669678,0.11537529528141022,0.2534972131252289,0.27370476722717285,0.04544009268283844,1.7921460003380896
gpu_seed1102_ckpt75_optimizer_reset,1102,75,optimizer_reset,57,24.119787216186523,0.14205431616256348,2.128870248794555,157.97594355797378,0.0005,0.0005,3.0602379639943442,5.189108212788899,13.570354834198952,45.944368436932564,47.44411391019821,0.3722196780676687,1.3207018059020614,0.07452580332756042,2.6609723567962646,4.629024982452393,0.12752345204353333,0.2407751828432083,0.2680889964103699,0.038483284413814545,1.7773881015550115
gpu_seed1102_ckpt75_optimizer_reset,1102,75,optimizer_reset,58,24.147645950317383,0.14221839113514276,2.0923838615417476,164.3995371827486,0.0005,0.0005,3.141611893971761,5.233995755513509,13.690433092415333,46.17819279432297,47.701448172330856,0.3724219617228924,1.3182891868517561,0.07247135788202286,2.79386043548584,4.553749084472656,0.12007825821638107,0.23382435739040375,0.25733426213264465,0.051139168441295624,1.7638336046281626
gpu_seed1102_ckpt75_optimizer_reset,1102,75,optimizer_reset,59,24.17306900024414,0.1423681210618516,2.001070976257324,141.82700744739276,0.0005,0.0005,3.098783016204834,5.099853992462158,13.807061038911343,46.40924113988876,47.95510071516037,0.37246168429128146,1.3153062743521544,0.07478748261928558,3.1527771949768066,4.4939703941345215,0.11662794649600983,0.2310483455657959,0.25365254282951355,0.04909324273467064,1.7507758481053535
gpu_seed1102_ckpt75_optimizer_reset,1102,75,optimizer_reset,60,24.196855545043945,0.14250821273534442,1.659918705622355,83.10822228486887,0.0005,0.0005,2.9711366494496665,4.6310553550720215,13.931750431656837,46.644253358244896,48.216750264167786,0.37243769214479494,1.3121263797002116,0.08591548353433609,2.7116029262542725,4.391933917999268,0.12468939274549484,0.2350122183561325,0.26164954900741577,0.03954647108912468,1.736813738068418
gpu_seed1102_ckpt75_optimizer_reset,1102,75,optimizer_reset,61,24.219215393066406,0.14263990182911046,1.303981781005859,49.901637092048894,0.0005,0.0005,2.92276938756307,4.226751168568929,14.056030549108982,46.8827812820673,48.482030272483826,0.3723795430352647,1.3077585610295956,0.08343297243118286,1.823203682899475,4.253116607666016,0.12428011745214462,0.23852792382240295,0.26528000831604004,0.03318747133016586,1.7230480048010388
gpu_seed1102_ckpt75_optimizer_reset,1102,75,optimizer_reset,62,24.23985481262207,0.1427614584002648,1.248260815938314,45.89185493670915,0.0005,0.0005,2.9163056214650473,4.164566437403361,14.181059308350086,47.139660343527794,48.76497110724449,0.3723236661846029,1.3039995827386133,0.08195872604846954,1.7714940309524536,4.198314189910889,0.12502875924110413,0.256879061460495,0.2829408347606659,0.024340812116861343,1.7093119974716882
gpu_seed1102_ckpt75_optimizer_reset,1102,75,optimizer_reset,63,24.260194778442383,0.14288125132834817,1.213167349497477,44.31629442339503,0.0005,0.0005,2.9309452374776206,4.144112586975098,14.29755974560976,47.37600316107273,49.02435681223869,0.37227918805422194,1.2997397411284979,0.07719839364290237,1.6739023923873901,4.252553939819336,0.11650043725967407,0.23634281754493713,0.25938570499420166,0.03903036564588547,1.696806672613491
gpu_seed1102_ckpt75_optimizer_reset,1102,75,optimizer_reset,64,24.279939651489258,0.14299753943708024,1.3620613416035972,51.60909033565788,0.0005,0.0005,2.877528508504232,4.239589850107829,14.408098764717579,47.608974277973175,49.27696815133095,0.37227278835158284,1.2953452511757215,0.07550320029258728,1.4696159362792969,4.343847751617432,0.1105390191078186,0.23297111690044403,0.25261133909225464,0.05207115784287453,1.6851591627719869
gpu_seed1102_ckpt75_optimizer_reset,1102,75,optimizer_reset,65,24.29889678955078,0.14310918815353002,1.5321886539459224,61.180772033583985,0.0005,0.0005,2.8250699838002524,4.357258637746175,14.518349699676037,47.83561538159847,49.5228331387043,0.3723165902066195,1.295261499448202,0.07252007722854614,1.795193076133728,4.429576873779297,0.11025093495845795,0.22664110362529755,0.24586498737335205,0.061468455940485,1.673667964485751
gpu_seed1102_ckpt75_optimizer_reset,1102,75,optimizer_reset,66,24.317346572875977,0.14321784878681493,1.40065328280131,53.8496810328206,0.0005,0.0005,2.8684844175974527,4.269137700398763,14.626402609050274,48.05243496596813,49.75854076445103,0.37229901884915045,1.2986801925251985,0.06973884999752045,1.7299187183380127,4.412845611572266,0.10805290937423706,0.21681958436965942,0.235707625746727,0.06675940006971359,1.6625651038641343
gpu_seed1102_ckpt75_optimizer_reset,1102,75,optimizer_reset,67,24.33490753173828,0.14332127465786365,1.116633971532186,38.04737956496065,0.0005,0.0005,2.9187728563944497,4.035406827926636,14.728760339319706,48.26441265642643,49.98905326426029,0.372278353595408,1.3013832338828857,0.07086258381605148,1.4906871318817139,4.342024803161621,0.10235773026943207,0.21197769045829773,0.23051249980926514,0.052439816296100616,1.6522033742902638
gpu_seed1102_ckpt75_optimizer_reset,1102,75,optimizer_reset,68,24.35304832458496,0.14342811548110077,0.8956413269042969,28.16873858595229,0.0005,0.0005,2.9674041271209717,3.8630454540252686,14.836116783320904,48.475517600774765,50.22223433852196,0.37230362869240485,1.3056909177233362,0.07269959151744843,1.3835264444351196,4.254474639892578,0.10735644400119781,0.21110494434833527,0.23318107426166534,0.03788664937019348,1.6414705195608574
gpu_seed1102_ckpt75_optimizer_reset,1102,75,optimizer_reset,69,24.3714599609375,0.14353655144647853,0.9466066360473633,33.79878599170537,0.0005,0.0005,3.064932107925415,4.011538743972778,14.949678771197796,48.692060738801956,50.462079256772995,0.3724219437700446,1.309058755078652,0.07217901945114136,0.982265055179596,4.1800055503845215,0.11356198787689209,0.21654313802719116,0.2398449182510376,0.04598557949066162,1.6302330193134433
gpu_seed1102_ckpt75_optimizer_reset,1102,75,optimizer_reset,70,24.388874053955078,0.14363911234608479,1.1383109887440996,51.751146053995626,0.0005,0.0005,3.1943271160125732,4.332638104756673,15.053278267383575,48.89484195411205,50.68559876084328,0.37267618799139934,1.3132456062352953,0.070159412920475,1.2558461427688599,4.142185688018799,0.10359949618577957,0.20278121531009674,0.22351950407028198,0.045032840222120285,1.6201702792406103
gpu_seed1102_ckpt75_optimizer_reset,1102,75,optimizer_reset,71,24.404266357421875,0.14372976584661298,1.0622081756591797,46.97882927943335,0.0005,0.0005,3.211665391921997,4.273873567581177,15.150156259536743,49.08465655148029,50.893122524023056,0.3727963801259113,1.3183903822561704,0.06809914112091064,1.3515774011611938,4.1143622398376465,0.09687799215316772,0.18981459736824036,0.20752376317977905,0.06386508792638779,1.6108260495371611
gpu_seed1102_ckpt75_optimizer_reset,1102,75,optimizer_reset,72,24.418508529663086,0.1438136456097411,0.82563845316569,28.881666262244675,0.0005,0.0005,3.1137424310048423,3.9393808841705322,15.25216469913721,49.28256456553936,51.108842477202415,0.3728747398113813,1.323967892982838,0.06785644590854645,1.0131102800369263,4.067397594451904,0.10200843960046768,0.19790801405906677,0.21571995317935944,0.07524657249450684,1.600986418081546
gpu_seed1102_ckpt75_optimizer_reset,1102,75,optimizer_reset,73,24.43154525756836,0.14389042586700385,1.018889745076497,37.65210813570465,0.0005,0.0005,3.057343006134033,4.07623275121053,15.360603138804436,49.47194726765156,51.320537745952606,0.37286660306556374,1.327867904049689,0.06581743061542511,1.0207628011703491,4.048746585845947,0.10843843966722488,0.18938270211219788,0.21169526875019073,0.06841088831424713,1.5905329391556922
gpu_seed1102_ckpt75_optimizer_reset,1102,75,optimizer_reset,74,24.44361686706543,0.1439615220262161,1.2476566632588706,51.980887938978825,0.0005,0.0005,3.0417415301005044,4.289398193359375,15.474142611026764,49.65206000208855,51.526932179927826,0.3727351401705629,1.3307155866012739,0.06367038935422897,1.2118854522705078,4.062163352966309,0.11353947222232819,0.18011273443698883,0.20639443397521973,0.06682538986206055,1.579642729261491
gpu_seed1102_ckpt75_optimizer_reset,1102,75,optimizer_reset,75,24.454870223999023,0.14402779905882035,1.0999580224355059,42.54625932541967,0.0005,0.0005,3.055426836013794,4.1553848584493,15.580450542271137,49.83163042366505,51.73020252585411,0.3725574235380046,1.3340769477249939,0.06387899816036224,1.243504285812378,4.051997184753418,0.10630793124437332,0.17957042157649994,0.2032703459262848,0.05835793539881706,1.5695868458777384
gpu_seed1102_ckpt75_optimizer_reset,1102,75,optimizer_reset,76,24.46549415588379,0.14409036907095693,0.7497318585713706,23.348056532606446,0.0005,0.0005,3.0403754711151123,3.790107329686483,15.686552099883556,50.023053139448166,51.943330600857735,0.37238572658594987,1.3368449742707114,0.06232529506087303,1.2688348293304443,4.021305561065674,0.10610155761241913,0.1914227157831192,0.21312807500362396,0.06096969172358513,1.559647652339346
gpu_seed1102_ckpt75_optimizer_reset,1102,75,optimizer_reset,77,24.47660255432129,0.14415579236551407,0.6984959443410239,20.401050082388178,0.0005,0.0005,3.00491730372111,3.703413248062134,15.791577406227589,50.20589406788349,52.148047521710396,0.3722637266170582,1.3389893306518093,0.059483036398887634,1.4525349140167236,4.020281791687012,0.10502530634403229,0.18284092843532562,0.20471692085266113,0.06645090132951736,1.5499783159513318
gpu_seed1102_ckpt75_optimizer_reset,1102,75,optimizer_reset,78,24.48777198791504,0.14422157512872263,0.897599776585897,28.65489644731686,0.0005,0.0005,2.981207768122355,3.878807544708252,15.901980102062225,50.37977284193039,52.34714114665985,0.37212873873344626,1.3399354828752892,0.05808630958199501,1.225523829460144,4.014237403869629,0.11040269583463669,0.1738787740468979,0.19909362494945526,0.07252070307731628,1.5399196723141313
gpu_seed1102_ckpt75_optimizer_reset,1102,75,optimizer_reset,79,24.49856185913086,0.14428512244625522,0.779687325159709,24.236486697303846,0.0005,0.0005,3.0216752688090005,3.8013625939687095,16.016426920890808,50.54499699175358,52.540529280900955,0.372013379828586,1.3410196773445493,0.059775929898023605,0.8888243436813354,3.9828662872314453,0.11444681882858276,0.16522414982318878,0.19338813424110413,0.07927606999874115,1.5295897131197824
gpu_seed1102_ckpt75_optimizer_reset,1102,75,optimizer_reset,80,24.508939743041992,0.14434624335039078,0.5707685152689614,17.05076825378822,0.0005,0.0005,3.0980451901753745,3.668813705444336,16.126378513872623,50.71519570052624,52.73626461625099,0.3719987925769219,1.3413794240115744,0.0618552565574646,0.6899423599243164,3.9457285404205322,0.10995159298181534,0.1701987087726593,0.19573533535003662,0.07333234697580338,1.5198043207256238
gpu_seed1102_ckpt75_optimizer_reset,1102,75,optimizer_reset,81,24.518587112426758,0.14440306186410473,0.7792477607727051,24.99450633193652,0.0005,0.0005,3.0532840887705484,3.8325318495432534,16.22963808476925,50.88475501537323,52.92912010848522,0.37200743473802045,1.3411399294317727,0.06037675589323044,0.9478055238723755,3.960392475128174,0.10325957089662552,0.1695593148469925,0.19285549223423004,0.06338765472173691,1.5107291354472525
gpu_seed1102_ckpt75_optimizer_reset,1102,75,optimizer_reset,82,24.527830123901367,0.14445749889800308,0.9349811871846518,31.030522936490335,0.0005,0.0005,2.998546759287516,3.933527946472168,16.33544373512268,51.046802297234535,53.117923468351364,0.37206349025962354,1.3406633732079638,0.0601358637213707,1.36851167678833,4.008894920349121,0.1058056503534317,0.16204728186130524,0.18880335986614227,0.05270897597074509,1.501509877638819
gpu_seed1102_ckpt75_optimizer_reset,1102,75,optimizer_reset,83,24.536367416381836,0.14450777957561944,0.6208826700846353,17.416485084875948,0.0005,0.0005,3.007577975591024,3.628460645675659,16.44101845473051,51.20914478600025,53.30628655850887,0.3720189620577711,1.3388246848370333,0.05941815301775932,1.3359514474868774,3.996471405029297,0.10557471960783005,0.16234248876571655,0.18836309015750885,0.05894215777516365,1.4923873167553432
gpu_seed1102_ckpt75_optimizer_reset,1102,75,optimizer_reset,84,24.543277740478516,0.14454847816699662,0.516497453053792,13.400036918749876,0.0005,0.0005,2.986602862675985,3.503100315729777,16.542017973959446,51.3806192278862,53.500294119119644,0.3719094525235796,1.3381954301967893,0.061017099767923355,1.3113869428634644,4.016539096832275,0.10099951922893524,0.17147444188594818,0.19400756061077118,0.056743163615465164,1.4836930886614452
gpu_seed1102_ckpt75_optimizer_reset,1102,75,optimizer_reset,85,24.550148010253906,0.14458894085707127,0.6571760177612305,17.772593706055844,0.0005,0.0005,2.950942277908325,3.6081182956695557,16.64794120937586,51.55375561118126,53.6966588050127,0.3717564293788424,1.3382594815731044,0.059372469782829285,1.5020030736923218,4.071788787841797,0.10592323541641235,0.1731363832950592,0.19636468589305878,0.07189126312732697,1.4746657079991474
gpu_seed1102_ckpt75_optimizer_reset,1102,75,optimizer_reset,86,24.556852340698242,0.1446284262417499,0.7633565266927085,20.796000678298274,0.0005,0.0005,2.89894962310791,3.6623061498006186,16.760524049401283,51.72227707505226,53.89084027707577,0.3716140821077694,1.3377286220770048,0.058319948613643646,1.3649286031723022,4.105523586273193,0.11258284002542496,0.1685214638710022,0.19418147206306458,0.0887577161192894,1.465160174485952
gpu_seed1102_ckpt75_optimizer_reset,1102,75,optimizer_reset,87,24.564334869384766,0.14467249485173406,0.7698115507761636,24.795523969562183,0.0005,0.0005,3.062795639038086,3.8326071898142495,16.879747450351715,51.89223416149616,54.09020172059536,0.37156467754990535,1.3372900991475865,0.05845150724053383,1.6045255661010742,4.1277689933776855,0.11922340095043182,0.16995708644390106,0.19936144351959229,0.0827779695391655,1.4552548811310253
gpu_seed1102_ckpt75_optimizer_reset,1102,75,optimizer_reset,88,24.571582794189453,0.14471518175408934,0.5223626295725508,16.218539584506736,0.0005,0.0005,3.1630233923594155,3.6853860219319663,16.988707043230534,52.06859678030014,54.29267716407776,0.3715063675885062,1.3381386591864184,0.06354682147502899,1.9712245464324951,4.148244857788086,0.10895959287881851,0.17636261880397797,0.202475443482399,0.0515095517039299,1.4463480199912573
gpu_seed1102_ckpt75_optimizer_reset,1102,75,optimizer_reset,89,24.579437255859375,0.14476144087616805,0.4351393381754556,11.938090035476918,0.0005,0.0005,3.086376428604126,3.5215157667795816,17.09879520535469,52.26217111945152,54.5122736543417,0.37139519568456303,1.3395039322961912,0.06782230734825134,1.3177133798599243,4.058103084564209,0.11008816212415695,0.19357433915138245,0.2195964902639389,0.032092805951833725,1.4374952714891045
gpu_seed1102_ckpt75_optimizer_reset,1102,75,optimizer_reset,90,24.588010787963867,0.1448119349882962,0.7490733464558921,22.632035183356233,0.0005,0.0005,3.01047682762146,3.759550174077352,17.207711279392242,52.449958488345146,54.72439004480839,0.37139781896573354,1.3403733870151133,0.06662169098854065,1.5075230598449707,3.9878106117248535,0.10891607403755188,0.18778736889362335,0.21211639046669006,0.0521545335650444,1.4288948941983215
gpu_seed1102_ckpt75_optimizer_reset,1102,75,optimizer_reset,91,24.5972843170166,0.14486655175652025,0.8937192757924399,27.766950669029693,0.0005,0.0005,2.9562885761260986,3.8500078519185386,17.318913459777832,52.619671642780304,54.92083203792572,0.371417192607257,1.3394435190256795,0.06285019218921661,1.2752360105514526,3.912989616394043,0.1112021803855896,0.16971315443515778,0.19644199311733246,0.06832756847143173,1.4202556282841268
gpu_seed1102_ckpt75_optimizer_reset,1102,75,optimizer_reset,92,24.606487274169922,0.1449207528891161,0.8149555524190264,22.033773598169798,0.0005,0.0005,2.8621989091237388,3.677154461542765,17.424257345497608,52.79230399429798,55.117870569229126,0.37141820357959,1.3364814039569841,0.06336416304111481,1.217623233795166,3.854485511779785,0.10534388571977615,0.1726323515176773,0.19703853130340576,0.05705227330327034,1.4121971907472302
gpu_seed1102_ckpt75_optimizer_reset,1102,75,optimizer_reset,93,24.615192413330078,0.14497202210552387,0.7147274812062583,17.518822896302414,0.0005,0.0005,2.820571184158325,3.5352986653645835,17.52756081521511,52.96768954396248,55.31396293640137,0.3715038237776634,1.3338149163989221,0.0614391528069973,1.2958860397338867,3.803556203842163,0.1033034697175026,0.17538554966449738,0.1960923671722412,0.08222443610429764,1.4043706750092129
gpu_seed1102_ckpt75_optimizer_reset,1102,75,optimizer_reset,94,24.623735427856445,0.14502233648332633,0.6913518110911054,17.036149251259904,0.0005,0.0005,2.8389314810434976,3.530283292134603,17.621818333864212,53.13579648733139,55.49975800514221,0.3715960741693932,1.3332700553419903,0.059856563806533813,1.4964278936386108,3.7389330863952637,0.09425751864910126,0.16810694336891174,0.18579506874084473,0.08281980454921722,1.397343620353588
gpu_seed1102_ckpt75_optimizer_reset,1102,75,optimizer_reset,95,24.63111686706543,0.14506580972335656,0.5412229696909585,12.683927754376061,0.0005,0.0005,2.8714726765950522,3.4126956462860107,17.717545114457607,53.297933891415596,55.68146666884422,0.37158087412757584,1.3336385879814163,0.05812012031674385,1.5060806274414062,3.6539196968078613,0.09572678059339523,0.16213740408420563,0.1817086637020111,0.07841406017541885,1.3902104782544014
gpu_seed1102_ckpt75_optimizer_reset,1102,75,optimizer_reset,96,24.637832641601562,0.14510536250840736,0.3032667636871338,6.992107686191176,0.0005,0.0005,2.982461929321289,3.285728693008423,17.80790014564991,53.48782193660736,55.88685488700867,0.37149143020815195,1.33448515987152,0.06250051409006119,1.2634005546569824,3.5478339195251465,0.0903550311923027,0.18988804519176483,0.20538821816444397,0.05936763808131218,1.3835338495885872
gpu_seed1102_ckpt75_optimizer_reset,1102,75,optimizer_reset,97,24.644800186157227,0.1451463981016452,0.14816077550252293,3.324571640255215,0.0005,0.0005,3.035803238550822,3.1839640140533447,17.893318586051464,53.667463555932045,56.08126354217529,0.37150206036861816,1.336332852401709,0.05908149480819702,1.26411771774292,3.501004695892334,0.08541844040155411,0.17964161932468414,0.19440865516662598,0.05776241049170494,1.3773185822202612
gpu_seed1102_ckpt75_optimizer_reset,1102,75,optimizer_reset,98,24.651615142822266,0.14518653502325451,0.10579093297322606,2.2021875233582477,0.0005,0.0005,2.982379913330078,3.088170846303304,17.987549483776093,53.84868533909321,56.28172531723976,0.37165321398535467,1.3380491576329485,0.059495583176612854,0.8901135921478271,3.4651107788085938,0.09423089772462845,0.18122178316116333,0.20046177506446838,0.044969767332077026,1.3704821307124393
gpu_seed1102_ckpt75_optimizer_reset,1102,75,optimizer_reset,99,24.6591796875,0.145231086669239,0.10924720764160156,2.2472933458056232,0.0005,0.0005,2.968747695287069,3.0779949029286704,18.09563908725977,54.021877095103264,56.4814728051424,0.3718669980332428,1.3392149191789346,0.06080789119005203,0.7816957235336304,3.4462273120880127,0.10808960348367691,0.17319175601005554,0.1997474879026413,0.04753384739160538,1.362713942767566
gpu_seed1102_ckpt75_optimizer_reset,1102,75,optimizer_reset,100,24.66737174987793,0.14527933410229585,0.1335814793904624,2.9415780266836293,0.0005,0.0005,3.024455706278483,3.1580371856689453,18.194061137735844,54.182852774858475,56.66533820331097,0.372124832684136,1.3409737778617243,0.05750197544693947,0.7906402349472046,3.4373269081115723,0.09842205047607422,0.16097567975521088,0.18386539816856384,0.05660299211740494,1.3557925063093583
gpu_seed1102_ckpt150_optimizer_reset,1102,150,optimizer_reset,0,0.0,0.0,0.0,0.0,0.0005,0.0005,,,0.0,0.0,0.0,0.0,0.0,0.0,0.0,0.0,,,,,
gpu_seed1102_ckpt150_optimizer_reset,1102,150,optimizer_reset,1,1.7159655094146729,0.01010455522127536,6.058470010757446,8924.04652770879,0.0005,0.0005,3.0403754711151123,9.098845481872559,0.10610155761241913,1.7385023832321167,1.7159656286239624,0.0407546634052717,0.2017410727196214,0.3977826237678528,6.824061870574951,3.816986560821533,0.10610155761241913,1.7385023832321167,1.7159656286239624,0.24154631793498993,16.172858796915975
gpu_seed1102_ckpt150_optimizer_reset,1102,150,optimizer_reset,2,2.3932979106903076,0.014093063506726433,6.855604966481527,19138.70839501026,0.0005,0.0005,3.00491730372111,9.860522270202637,0.21112686395645142,3.0373966693878174,3.005763292312622,0.0524438303266663,0.24894946356797465,0.2997872531414032,8.038688659667969,4.634914398193359,0.10502530634403229,1.2988942861557007,1.2897976636886597,0.126739963889122,11.335828448494508
gpu_seed1102_ckpt150_optimizer_reset,1102,150,optimizer_reset,3,2.990037202835083,0.01760699493314447,5.942202965418499,7485.933769417307,0.0005,0.0005,2.981207768122355,8.923410733540853,0.3215295597910881,4.103941440582275,4.063226699829102,0.0611968788889428,0.2847272389191366,0.23930326104164124,6.69252872467041,5.015347957611084,0.11040269583463669,1.066544771194458,1.0574634075164795,0.1336638480424881,9.299416217807602
gpu_seed1102_ckpt150_optimizer_reset,1102,150,optimizer_reset,4,3.540510416030884,0.020848486064552574,6.092517058054607,9062.769674785757,0.0005,0.0005,3.0216752688090005,9.114192326863607,0.43597637861967087,5.048733055591583,4.99691778421402,0.0696870306166536,0.30911969684142304,0.21042360365390778,7.2494120597839355,5.48673152923584,0.11444681882858276,0.9447916150093079,0.9336910843849182,0.15699036419391632,8.120876702614591
gpu_seed1102_ckpt150_optimizer_reset,1102,150,optimizer_reset,5,4.008704662322998,0.02360547307273306,5.039371808369953,3397.9177961046644,0.0005,0.0005,3.0980451901753745,8.137416998545328,0.5459279716014862,5.906098902225494,5.847308039665222,0.07642786828262772,0.3348447958267831,0.19603843986988068,5.805752754211426,5.234438896179199,0.10995159298181534,0.8573658466339111,0.8503902554512024,0.12730582058429718,7.342918609859964
gpu_seed1102_ckpt150_optimizer_reset,1102,150,optimizer_reset,6,4.456185817718506,0.02624048993080287,3.8074680169423423,932.8995669391619,0.0005,0.0005,3.0532840887705484,6.860752105712891,0.6491875424981117,6.712752163410187,6.649180054664612,0.08275564064028539,0.35895078570330796,0.1820899099111557,4.364189624786377,4.844061851501465,0.10325957089662552,0.8066532611846924,0.8018720149993896,0.11017053574323654,6.864250352931878
gpu_seed1102_ckpt150_optimizer_reset,1102,150,optimizer_reset,7,4.896814346313477,0.028835154727285824,2.966111977895101,369.3637417857768,0.0005,0.0005,2.998546759287516,5.964658737182617,0.7549931928515434,7.480431020259857,7.4123587012290955,0.0890529114658646,0.3782767478461804,0.16793130338191986,4.221584320068359,4.848209381103516,0.1058056503534317,0.7676788568496704,0.7631786465644836,0.11132079362869263,6.485905293810863
gpu_seed1102_ckpt150_optimizer_reset,1102,150,optimizer_reset,8,5.299347400665283,0.031205492274148226,2.553670962651571,239.90921892141307,0.0005,0.0005,3.007577975591024,5.561248938242595,0.8605679124593735,8.214832425117493,8.14379346370697,0.09512616758966481,0.3918611040136108,0.1566731482744217,3.388502597808838,5.025262355804443,0.10557471960783005,0.7344014048576355,0.7314347624778748,0.09992092847824097,6.157965366747627
gpu_seed1102_ckpt150_optimizer_reset,1102,150,optimizer_reset,9,5.674987316131592,0.03341746812583026,1.8279955387115474,103.47904363363646,0.0005,0.0005,2.986602862675985,4.814598401387532,0.9615674316883087,8.907299101352692,8.8336683511734,0.10049219723992271,0.42820245425834824,0.14705529808998108,2.892786741256714,5.029250621795654,0.10099951922893524,0.692466676235199,0.6898748874664307,0.09854067862033844,5.901808993428173
gpu_seed1102_ckpt150_optimizer_reset,1102,150,optimizer_reset,10,6.021546840667725,0.035458202530992515,2.291345516840617,169.9782696711103,0.0005,0.0005,2.950942277908325,5.242287794748942,1.067490667104721,9.592832744121552,9.515970230102539,0.10551142034866122,0.4652350167556537,0.14837226271629333,3.5381550788879395,5.075514793395996,0.10592323541641235,0.6855336427688599,0.6823018789291382,0.10769428312778473,5.640842609888006
gpu_seed1102_ckpt150_optimizer_reset,1102,150,optimizer_reset,11,6.350560188293457,0.03739561532943209,2.2969764073689776,162.38018086464857,0.0005,0.0005,2.89894962310791,5.195926030476888,1.180073507130146,10.2291619181633,10.152432382106781,0.1103348525421164,0.5063111585578747,0.14090487360954285,4.188167095184326,5.263287544250488,0.11258284002542496,0.636329174041748,0.6364621520042419,0.08728158473968506,5.381495432205898
gpu_seed1102_ckpt150_optimizer_reset,1102,150,optimizer_reset,12,6.670783042907715,0.03928126483684435,2.5896662076314287,263.60494529577136,0.0005,0.0005,3.062795639038086,5.652461846669515,1.2992969080805779,10.821588099002838,10.742987275123596,0.11478344657115219,0.5393970536344929,0.13425134122371674,4.7331342697143555,5.3779425621032715,0.11922340095043182,0.5924261808395386,0.5905548930168152,0.1162939965724945,5.134148323924805
gpu_seed1102_ckpt150_optimizer_reset,1102,150,optimizer_reset,13,6.974435806274414,0.041069340470473066,2.715730587641398,333.7217149580594,0.0005,0.0005,3.1630233923594155,5.8787539800008135,1.4082565009593964,11.382639467716217,11.302432000637054,0.11856877088721113,0.5684225903426446,0.12978656589984894,3.8991363048553467,5.118310451507568,0.10895959287881851,0.5610513687133789,0.5594447255134583,0.11182694137096405,4.952532298993841
gpu_seed1102_ckpt150_optimizer_reset,1102,150,optimizer_reset,14,7.25370979309082,0.04271386036680518,2.3172744909922285,200.31864403898464,0.0005,0.0005,3.086376428604126,5.4036509195963545,1.5183446630835533,11.93134194612503,11.851572275161743,0.12161646032655674,0.5826556082416826,0.13211023807525635,2.228083848953247,4.937231540679932,0.11008816212415695,0.5487024784088135,0.5491402745246887,0.09633823484182358,4.777380241423404
gpu_seed1102_ckpt150_optimizer_reset,1102,150,optimizer_reset,15,7.527126312255859,0.04432388824973998,2.492901086807251,225.22280242631496,0.0005,0.0005,3.01047682762146,5.503377914428711,1.6272607371211052,12.45532512664795,12.376627564430237,0.12443098858701328,0.5956839843361237,0.12927810847759247,2.3594484329223633,4.895671367645264,0.10891607403755188,0.5239831805229187,0.5250552892684937,0.09407737851142883,4.625642431198808
gpu_seed1102_ckpt150_optimizer_reset,1102,150,optimizer_reset,16,7.785434246063232,0.045844948414953006,2.814196030298869,301.4666233865034,0.0005,0.0005,2.9562885761260986,5.770484606424968,1.7384629175066948,12.96697473526001,12.892141580581665,0.1269998077522244,0.6071345585492148,0.12370430678129196,2.6312429904937744,4.832485198974609,0.1112021803855896,0.5116496086120605,0.5155140161514282,0.0737878605723381,4.478343580215465
gpu_seed1102_ckpt150_optimizer_reset,1102,150,optimizer_reset,17,8.025742530822754,0.047260016678365144,2.231072664260864,145.42203690413888,0.0005,0.0005,2.8621989091237388,5.093271573384603,1.843806803226471,13.45577558875084,13.384155243635178,0.1291849296830443,0.6127377626881352,0.11692584306001663,2.4826319217681885,4.641046047210693,0.10534388571977615,0.48880085349082947,0.4920136630535126,0.0771588459610939,4.35281099775431
gpu_seed1102_ckpt150_optimizer_reset,1102,150,optimizer_reset,18,8.258012771606445,0.048627752487378176,2.445831537246704,176.93141438889577,0.0005,0.0005,2.820571184158325,5.266402721405029,1.9471102729439735,13.934380114078522,13.865852266550064,0.131374752489163,0.6147322439929491,0.11249919980764389,3.233859062194824,4.539053916931152,0.1033034697175026,0.4786045253276825,0.4816970229148865,0.07788898795843124,4.2411633723838
gpu_seed1102_ckpt150_optimizer_reset,1102,150,optimizer_reset,19,8.47931957244873,0.04993092949046225,2.2842193444569907,150.76595888715104,0.0005,0.0005,2.8389314810434976,5.123150825500488,2.041367791593075,14.378316968679428,14.311294972896576,0.13323572202322143,0.6149217237525122,0.10356173664331436,3.379662275314331,4.365242958068848,0.09425751864910126,0.44393685460090637,0.44544270634651184,0.09015802294015884,4.153744174550413
gpu_seed1102_ckpt150_optimizer_reset,1102,150,optimizer_reset,20,8.689987182617188,0.051171457046874154,1.9631830851236978,108.13226124584232,0.0005,0.0005,2.8714726765950522,4.83465576171875,2.13709457218647,14.823542326688766,14.75834733247757,0.134929286297988,0.6165999938281085,0.10340680181980133,3.1662838459014893,4.163381576538086,0.09572678059339523,0.4452253580093384,0.44705235958099365,0.08837898820638657,4.066262343141118
gpu_seed1102_ckpt150_optimizer_reset,1102,150,optimizer_reset,21,8.892115592956543,0.05236170106568273,2.075377305348714,137.5140214505475,0.0005,0.0005,2.982461929321289,5.057839234670003,2.2274496033787727,15.250587791204453,15.186589032411575,0.13647803742669873,0.619664152659129,0.09981752932071686,3.3149523735046387,3.864616632461548,0.0903550311923027,0.42704546451568604,0.42824169993400574,0.09253308922052383,3.9920614048750114
gpu_seed1102_ckpt150_optimizer_reset,1102,150,optimizer_reset,22,9.080320358276367,0.05346995495170054,1.6158055464426675,83.93568298899568,0.0005,0.0005,3.035803238550822,4.651608784993489,2.312868043780327,15.66767430305481,15.605504125356674,0.13763711404356613,0.6213916395046108,0.09549087285995483,2.596013307571411,3.5625417232513428,0.08541844040155411,0.41708651185035706,0.4189150929450989,0.08094488829374313,3.9260001808969944
gpu_seed1102_ckpt150_optimizer_reset,1102,150,optimizer_reset,23,9.25622272491455,0.054505765501211424,1.362966537475586,57.38402296287288,0.0005,0.0005,2.982379913330078,4.345346450805664,2.4070989415049553,16.08960047364235,16.031129390001297,0.13859871764120096,0.6213677002516141,0.09506317973136902,1.1655350923538208,3.3860771656036377,0.09423089772462845,0.4219261705875397,0.4256252646446228,0.07223978638648987,3.8453852333645964
gpu_seed1102_ckpt150_optimizer_reset,1102,150,optimizer_reset,24,9.425658226013184,0.05550349556507477,1.9254502455393472,114.04535337863504,0.0005,0.0005,2.968747695287069,4.894197940826416,2.515188544988632,16.497468292713165,16.44693750143051,0.13966759265296605,0.6249067110590102,0.09817369282245636,1.193967342376709,3.518444776535034,0.10808960348367691,0.40786781907081604,0.4158081114292145,0.058330461382865906,3.747495687665052
gpu_seed1102_ckpt150_optimizer_reset,1102,150,optimizer_reset,25,9.587295532226562,0.05645530553881276,2.2276167869567876,170.37882673284275,0.0005,0.0005,3.024455706278483,5.2520724932352705,2.6136105954647064,16.87560412287712,16.82879811525345,0.14079168155887672,0.628387304225305,0.0929068773984909,1.7435640096664429,3.702951669692993,0.09842205047607422,0.3781358301639557,0.381860613822937,0.09211008250713348,3.6682188038491055
gpu_seed1102_ckpt150_optimizer_reset,1102,150,optimizer_reset,26,9.7394437789917,0.057351238675477596,2.0341583093007407,127.03703924206671,0.0005,0.0005,2.950491507848104,4.984649817148845,2.7111700996756554,17.253537476062775,17.207376718521118,0.1418434555273252,0.6269649424214323,0.09007465839385986,2.3190619945526123,3.7187085151672363,0.09755950421094894,0.3779333531856537,0.3785786032676697,0.12245014309883118,3.5923396249292003
gpu_seed1102_ckpt150_optimizer_reset,1102,150,optimizer_reset,27,9.884170532226562,0.05820346994821245,2.0239826043446856,115.08193727520509,0.0005,0.0005,2.863373041152954,4.88735564549764,2.81264665722847,17.62327241897583,17.58167266845703,0.14291315414749137,0.6214574382787487,0.08024200797080994,2.04468035697937,3.5177385807037354,0.10147655755281448,0.3697349429130554,0.3742959499359131,0.09200510382652283,3.51418849816092
gpu_seed1102_ckpt150_optimizer_reset,1102,150,optimizer_reset,28,10.024029731750488,0.059027038369045645,1.6463831265767417,73.59070596779425,0.0005,0.0005,2.8662522633870444,4.512635389963786,2.9097929149866104,17.979070127010345,17.94212171435356,0.14390593503367513,0.616135465662234,0.0785321444272995,1.6351805925369263,3.2840282917022705,0.09714625775814056,0.3557977080345154,0.36044904589653015,0.08832620829343796,3.4449289088990613
gpu_seed1102_ckpt150_optimizer_reset,1102,150,optimizer_reset,29,10.159049987792969,0.059822112410852786,0.9425791899363203,29.27219834146581,0.0005,0.0005,2.9277352492014566,3.870314439137777,3.0033609718084335,18.330059349536896,18.297439008951187,0.14483970926173498,0.6131119563584937,0.07447212189435959,1.0577387809753418,3.139084577560425,0.09356805682182312,0.3509892225265503,0.35531729459762573,0.08675086498260498,3.3825604325118634
gpu_seed1102_ckpt150_optimizer_reset,1102,150,optimizer_reset,30,10.287412643432617,0.0605779828145084,0.9103163878122964,27.942001202109086,0.0005,0.0005,2.934643030166626,3.8449594179789224,3.102027155458927,18.672188013792038,18.645040333271027,0.14591636472770864,0.6119702589075364,0.07244005054235458,1.2427698373794556,3.1127021312713623,0.09866618365049362,0.3421286642551422,0.3476013243198395,0.08828450739383698,3.3163515752354322
gpu_seed1102_ckpt150_optimizer_reset,1102,150,optimizer_reset,31,10.408772468566895,0.061292616673980276,0.6919414202372236,19.082354587833652,0.0005,0.0005,2.9511770407358804,3.643118460973104,3.2011553049087524,19.00920256972313,18.987140715122223,0.14705527266271842,0.6098139758345975,0.07888738811016083,1.4324654340744019,3.069500684738159,0.09912814944982529,0.3370145559310913,0.3421003818511963,0.09537520259618759,3.251567473968696
gpu_seed1102_ckpt150_optimizer_reset,1102,150,optimizer_reset,32,10.525126457214355,0.06197777339598511,0.8383265336354571,25.542693024076936,0.0005,0.0005,2.968422253926595,3.8067487875620523,3.2962009757757187,19.331717759370804,19.313754200935364,0.1481188962536537,0.609579256125583,0.07535471022129059,1.5847986936569214,3.063547372817993,0.09504567086696625,0.32251518964767456,0.32661348581314087,0.10395746678113937,3.1931082280971075
gpu_seed1102_ckpt150_optimizer_reset,1102,150,optimizer_reset,33,10.636632919311523,0.06263438519710121,0.8251991271972656,26.375141743162786,0.0005,0.0005,3.0237391789754233,3.848938306172689,3.3902475386857986,19.647020608186722,19.63278517127037,0.14908227118083722,0.6093977244197963,0.07566828280687332,1.3842693567276,3.0588784217834473,0.09404656291007996,0.31530284881591797,0.3190309703350067,0.10926125943660736,3.137420733422784
gpu_seed1102_ckpt150_optimizer_reset,1102,150,optimizer_reset,34,10.74081802368164,0.06324788478935192,0.8849808375040689,28.954826978220133,0.0005,0.0005,3.0130132039388022,3.897994041442871,3.4868441224098206,19.95298594236374,19.944879204034805,0.1496577211442119,0.6084975771225337,0.07316267490386963,1.1752979755401611,3.053337812423706,0.09659658372402191,0.3059653341770172,0.3120940327644348,0.09377379715442657,3.080383764403953
gpu_seed1102_ckpt150_optimizer_reset,1102,150,optimizer_reset,35,10.839247703552246,0.06382749325479495,0.8995322386423745,29.15631605001908,0.0005,0.0005,2.9952953656514487,3.8948276042938232,3.580308146774769,20.23879462480545,20.237098336219788,0.1500805881664899,0.6062217013798953,0.06994057446718216,1.1891915798187256,3.061723470687866,0.09346402436494827,0.2858086824417114,0.2922191321849823,0.0941513404250145,3.0274622348675444
gpu_seed1102_ckpt150_optimizer_reset,1102,150,optimizer_reset,36,10.931310653686523,0.06436961088965501,0.644157886505127,17.713275585838662,0.0005,0.0005,2.9748171170552573,3.6189750035603843,3.6737421303987503,20.52629566192627,20.528708666563034,0.15035682163301192,0.6035475479248138,0.07317019253969193,0.9751695990562439,3.0624711513519287,0.09343398362398148,0.2875010371208191,0.29161033034324646,0.11819809675216675,2.9755247553254525
gpu_seed1102_ckpt150_optimizer_reset,1102,150,optimizer_reset,37,11.019116401672363,0.06488665976062617,0.6271219253540039,15.709358625961503,0.0005,0.0005,2.890976587931315,3.518098513285319,3.770971365272999,20.80722025036812,20.814962774515152,0.15066540287090044,0.6012777176429013,0.06667528301477432,0.8182348012924194,3.045478343963623,0.0972292348742485,0.28092458844184875,0.2862541079521179,0.1177181527018547,2.922089651261967
gpu_seed1102_ckpt150_optimizer_reset,1102,150,optimizer_reset,38,11.103081703186035,0.06538109395592963,0.6138830184936523,14.936876995108612,0.0005,0.0005,2.8691893418629966,3.483072360356649,3.8700838834047318,21.081069260835648,21.094519555568695,0.15094441174603407,0.5976820579033312,0.06684380024671555,0.9945538640022278,3.1035871505737305,0.09911251813173294,0.2738490104675293,0.2795567810535431,0.12277323007583618,2.8689511746229015
gpu_seed1102_ckpt150_optimizer_reset,1102,150,optimizer_reset,39,11.18195629119873,0.06584555121090177,0.3719414075215659,8.105522540553267,0.0005,0.0005,2.889836311340332,3.261777718861898,3.9650583267211914,21.35076594352722,21.37051898241043,0.15123639321385415,0.5950751655331638,0.0675167590379715,1.0469956398010254,3.202148914337158,0.09497444331645966,0.2696966826915741,0.27599942684173584,0.10893848538398743,2.8201240359665927
gpu_seed1102_ckpt150_optimizer_reset,1102,150,optimizer_reset,40,11.256171226501465,0.06628256985020162,0.45346943537394235,10.17779008709265,0.0005,0.0005,2.8757471243540444,3.329216559727987,4.059875957667828,21.625156968832016,21.650631219148636,0.1514826102313072,0.5945502134042238,0.07493845373392105,1.1343350410461426,3.3192193508148193,0.0948176309466362,0.2743910253047943,0.28011223673820496,0.11181005835533142,2.772540674608378
gpu_seed1102_ckpt150_optimizer_reset,1102,150,optimizer_reset,41,11.32673168182373,0.06669806888752514,0.6329263051350913,15.005145145315439,0.0005,0.0005,2.832695166269938,3.4656214714050293,4.161058031022549,21.886116445064545,21.919984489679337,0.1517945827998364,0.5939654018341838,0.0705631896853447,1.2316874265670776,3.405332326889038,0.10118207335472107,0.2609594762325287,0.2693532705307007,0.10957372933626175,2.722079720440128
gpu_seed1102_ckpt150_optimizer_reset,1102,150,optimizer_reset,42,11.393571853637695,0.06709166083525847,0.5123291015625,12.106886703974183,0.0005,0.0005,2.8954850832621255,3.4078141848246255,4.259287349879742,22.139988154172897,22.181452304124832,0.15213577124818903,0.5943377866272004,0.06514250487089157,1.1481664180755615,3.444608449935913,0.098229318857193,0.25387170910835266,0.2614678144454956,0.11497505009174347,2.67499488006056
gpu_seed1102_ckpt150_optimizer_reset,1102,150,optimizer_reset,43,11.455595970153809,0.06745689318226623,0.5798150698343916,13.442820681814815,0.0005,0.0005,2.8396150271097818,3.4194300969441733,4.356033205986023,22.37975712120533,22.42848564684391,0.152340207618899,0.5943651230873931,0.061372771859169006,1.2918286323547363,3.458559036254883,0.09674585610628128,0.23976896703243256,0.24703334271907806,0.12552347779273987,2.6298229210945863
gpu_seed1102_ckpt150_optimizer_reset,1102,150,optimizer_reset,44,11.513473510742188,0.06779770819383739,0.6596797307332354,14.971067781758872,0.0005,0.0005,2.7742133935292563,3.4338931242624917,4.460133291780949,22.629121139645576,22.68607796728611,0.15236028702177684,0.5953901294679641,0.06460677087306976,1.0587319135665894,3.400087356567383,0.10410008579492569,0.24936401844024658,0.2575923204421997,0.1283847689628601,2.5814191544356806
gpu_seed1102_ckpt150_optimizer_reset,1102,150,optimizer_reset,45,11.569254875183105,0.06812617975938978,0.39012837409973145,8.132998086197894,0.0005,0.0005,2.835811217625936,3.2259395917256675,4.564423128962517,22.875368788838387,22.940725579857826,0.15234688247461514,0.5956203490403711,0.06400159001350403,0.9701010584831238,3.3464291095733643,0.10428983718156815,0.24624764919281006,0.2546476125717163,0.1298399120569229,2.5346587177184507
gpu_seed1102_ckpt150_optimizer_reset,1102,150,optimizer_reset,46,11.624872207641602,0.06845368541378875,0.47197111447652196,9.72086639769294,0.0005,0.0005,2.779862324396769,3.251833438873291,4.672905474901199,23.11356194317341,23.189873531460762,0.152535215704693,0.5950820121930309,0.06198274344205856,1.0726443529129028,3.338010311126709,0.10848234593868256,0.23819315433502197,0.2491479516029358,0.12441479414701462,2.48771824512134
gpu_seed1102_ckpt150_optimizer_reset,1102,150,optimizer_reset,47,11.677733421325684,0.06876496151450516,0.6106069087982178,14.453206281444398,0.0005,0.0005,2.8434276580810547,3.4540345668792725,4.776245787739754,23.338691294193268,23.424118623137474,0.1528100814562202,0.5934189412724258,0.059918828308582306,1.1628363132476807,3.3283884525299072,0.10334031283855438,0.22512935101985931,0.23424509167671204,0.1395164132118225,2.444960737007936
gpu_seed1102_ckpt150_optimizer_reset,1102,150,optimizer_reset,48,11.726995468139648,0.0690550437274714,0.473542769749959,10.973399943603976,0.0005,0.0005,2.8968897660573325,3.3704325358072915,4.867542393505573,23.554634898900986,23.647651091217995,0.15304706044459554,0.5927489088474346,0.0584612712264061,0.8500643968582153,3.242706298828125,0.09129660576581955,0.2159436047077179,0.22353246808052063,0.12680603563785553,2.4092230781151
gpu_seed1102_ckpt150_optimizer_reset,1102,150,optimizer_reset,49,11.773730278015137,0.06933024416975987,0.7240862846374512,17.331783229419113,0.0005,0.0005,2.7915923595428467,3.515678644180298,4.9619384706020355,23.795340836048126,23.89247101545334,0.15327269597263699,0.5929424964350225,0.06164949759840965,1.0025177001953125,3.1196539402008057,0.09439607709646225,0.2407059371471405,0.24481992423534393,0.15212726593017578,2.372808600463006
gpu_seed1102_ckpt150_optimizer_reset,1102,150,optimizer_reset,50,11.818913459777832,0.06959630776642844,1.0549330711364746,27.96904951026312,0.00025,0.00025,2.704207102457682,3.7591401735941568,5.061846688389778,24.032394349575043,24.13870970904827,0.1534721418486219,0.5939040148730484,0.06392363458871841,0.9641240239143372,3.022505521774292,0.09990821778774261,0.2370535135269165,0.24623869359493256,0.11701200157403946,2.334901506773056
gpu_seed1102_ckpt150_optimizer_reset,1102,150,optimizer_reset,51,11.839844703674316,0.06971956252221555,0.9550646146138506,24.019729912105767,0.00025,0.00025,2.7095981438954673,3.664662758509318,5.109531372785568,24.151898749172688,24.261855728924274,0.15359669291964761,0.5930082608073836,0.03198786824941635,0.7626948952674866,2.9865407943725586,0.0476846843957901,0.1195043995976448,0.12314601987600327,0.1219777911901474,2.317207555810986
gpu_seed1102_ckpt150_optimizer_reset,1102,150,optimizer_reset,52,11.85822868347168,0.06982781757631196,0.666441043217977,14.489087530852975,0.00025,0.00025,2.727540890375773,3.39398193359375,5.15641612559557,24.2683207988739,24.382135182619095,0.15365304727166926,0.5919393237504185,0.030963482335209846,0.5754069685935974,2.959653854370117,0.04688475281000137,0.11642204970121384,0.1202794536948204,0.11771971732378006,2.299703591532723
gpu_seed1102_ckpt150_optimizer_reset,1102,150,optimizer_reset,53,11.875277519226074,0.0699282105628805,0.3657212257385254,6.734642810590486,0.00025,0.00025,2.7247212727864585,3.090442498524984,5.202473163604736,24.39672563970089,24.51138147711754,0.15374411902909144,0.5908516383120935,0.032729677855968475,0.5302672386169434,2.9435677528381348,0.04605703800916672,0.12840484082698822,0.1292462944984436,0.1610131412744522,2.282621581270309
gpu_seed1102_ckpt150_optimizer_reset,1102,150,optimizer_reset,54,11.891275405883789,0.07002241497915208,0.4306027889251709,8.102459322631784,0.00025,0.00025,2.711721579233805,3.142324368158976,5.2497191317379475,24.51956942677498,24.63459997624159,0.1538564672899215,0.5902596141116571,0.031680941581726074,0.7314023971557617,2.9620373249053955,0.047245968133211136,0.12284378707408905,0.12321849912405014,0.1843579262495041,2.265126020550523
gpu_seed1102_ckpt150_optimizer_reset,1102,150,optimizer_reset,55,11.906274795532227,0.07011073969206531,0.6435407797495523,13.564683292070667,0.00025,0.00025,2.7092722256978354,3.3528130054473877,5.298489283770323,24.633367851376534,24.75021006911993,0.15398227089126149,0.5897690602760212,0.029111633077263832,0.9470602869987488,2.9849486351013184,0.048770152032375336,0.11379842460155487,0.11561009287834167,0.17684030532836914,2.247107459856493
gpu_seed1102_ckpt150_optimizer_reset,1102,150,optimizer_reset,56,11.919703483581543,0.07018981524410825,0.5091137091318769,10.003751146041678,0.00025,0.00025,2.7127105394999185,3.2218242486317954,5.347145721316338,24.74442481994629,24.86527043581009,0.15409399502153573,0.5896120468511766,0.03033035807311535,0.7457388639450073,2.990079641342163,0.048656437546014786,0.11105696856975555,0.11506036669015884,0.1352987140417099,2.2291712447748613
gpu_seed1102_ckpt150_optimizer_reset,1102,150,optimizer_reset,57,11.932353019714355,0.07026430271817241,0.3625023365020752,6.646451233465042,0.00025,0.00025,2.7220869064331055,3.0845892429351807,5.393272388726473,24.859649263322353,24.98386638611555,0.15424406649918893,0.5891201032576426,0.03126269578933716,0.551197350025177,2.9860682487487793,0.04612666741013527,0.1152244433760643,0.11859595030546188,0.12599842250347137,2.2124513949368243
gpu_seed1102_ckpt150_optimizer_reset,1102,150,optimizer_reset,58,11.944564819335938,0.07033621255723993,0.5165576140085855,10.239641277415691,0.00025,0.00025,2.7174628575642905,3.234020471572876,5.4375869408249855,24.974225744605064,25.10073259472847,0.15439706698590072,0.5891716190164163,0.030942000448703766,0.7319663763046265,2.9880504608154297,0.04431455209851265,0.11457648128271103,0.11686620861291885,0.1411980539560318,2.196666453211969
gpu_seed1102_ckpt150_optimizer_reset,1102,150,optimizer_reset,59,11.956077575683594,0.07040400604238035,0.5185096263885498,10.162418249740787,0.00025,0.00025,2.705061117808024,3.2235707441965737,5.480702791363001,25.07797557860613,25.206303782761097,0.15439265256924864,0.5896148637710837,0.02974635362625122,0.8176210522651672,2.979093074798584,0.043115850538015366,0.1037498340010643,0.1055711880326271,0.16517354547977448,2.181486212776016
gpu_seed1102_ckpt150_optimizer_reset,1102,150,optimizer_reset,60,11.966939926147461,0.07046796957748219,0.43906847635904933,8.172448826529015,0.00025,0.00025,2.696314573287964,3.135383049647013,5.524850655347109,25.180836230516434,25.311665289103985,0.1543229037047393,0.5904629978401972,0.029318973422050476,0.7905594110488892,2.9635279178619385,0.04414786398410797,0.10286065191030502,0.10536150634288788,0.15726444125175476,2.166020526647783
gpu_seed1102_ckpt150_optimizer_reset,1102,150,optimizer_reset,61,11.977090835571289,0.07052774375374418,0.3206214904785156,5.598011978555302,0.00025,0.00025,2.69531520207723,3.0159366925557456,5.567923426628113,25.28736238926649,25.42052549868822,0.15420462221839742,0.5924415406256812,0.02940300665795803,0.6836381554603577,2.9629271030426025,0.04307277128100395,0.10652615875005722,0.10886020958423615,0.14738762378692627,2.151087563146026
gpu_seed1102_ckpt150_optimizer_reset,1102,150,optimizer_reset,62,11.987017631530762,0.07058619822581398,0.3444998264312744,6.004837851823806,0.00025,0.00025,2.681037108103434,3.0255369345347085,5.611315164715052,25.395648442208767,25.530930683016777,0.1541202064749842,0.5945882683992579,0.0298469141125679,0.6607301235198975,2.983847141265869,0.04339173808693886,0.108286052942276,0.11040518432855606,0.1510419398546219,2.136222486112547
gpu_seed1102_ckpt150_optimizer_reset,1102,150,optimizer_reset,63,11.996648788452148,0.0706429118115026,0.47210582097371434,8.785841819102492,0.00025,0.00025,2.6783711115519204,3.1504769325256348,5.652935266494751,25.497578755021095,25.63524254411459,0.15410011533072493,0.5965597674916544,0.02915767766535282,0.6849101781845093,3.010063886642456,0.041620101779699326,0.10193031281232834,0.10431186109781265,0.14627015590667725,2.1221981542146438
gpu_seed1102_ckpt150_optimizer_reset,1102,150,optimizer_reset,64,12.005842208862305,0.0706970477621946,0.5167551040649414,9.782976905199906,0.00025,0.00025,2.671350638071696,3.188105742136637,5.695912264287472,25.599826253950596,25.73887497931719,0.15415101952182503,0.5976623943725127,0.028514401987195015,0.6828106641769409,3.048258066177368,0.042976997792720795,0.10224749892950058,0.10363243520259857,0.17771810293197632,2.107799708246044
gpu_seed1102_ckpt150_optimizer_reset,1102,150,optimizer_reset,65,12.014077186584473,0.07074553987155408,0.47008244196573923,8.693654590732129,0.00025,0.00025,2.6732088724772134,3.1432913144429526,5.739637967199087,25.702466435730457,25.843548379838467,0.15425538272017766,0.59871602208491,0.02910630777478218,0.5826994180679321,3.0771286487579346,0.04372570291161537,0.10264018177986145,0.10467340052127838,0.16604465246200562,2.093176826698912
gpu_seed1102_ckpt150_optimizer_reset,1102,150,optimizer_reset,66,12.0218505859375,0.0707913139518539,0.3678460121154785,6.360353935597589,0.00025,0.00025,2.6606202920277915,3.02846630414327,5.783640716224909,25.807071901857853,25.949428223073483,0.15438628544143992,0.5994264177514889,0.02978089638054371,0.5068157911300659,3.075624704360962,0.044002749025821686,0.10460546612739563,0.10587984323501587,0.18118944764137268,2.0785956762857687
gpu_seed1102_ckpt150_optimizer_reset,1102,150,optimizer_reset,67,12.029231071472168,0.07083477433799552,0.2934773763020835,4.843158393257141,0.00025,0.00025,2.6531969706217446,2.946674346923828,5.833380091935396,25.910698115825653,26.05528984963894,0.15452100490137038,0.5993664810672993,0.02954421564936638,0.46397778391838074,3.0482845306396484,0.049739375710487366,0.10362621396780014,0.10586162656545639,0.19456693530082703,2.0621373683673427
gpu_seed1102_ckpt150_optimizer_reset,1102,150,optimizer_reset,68,12.036787033081055,0.07087926802444082,0.22235957781473825,3.629565628991852,0.00025,0.00025,2.6793333689371743,2.9016929467519126,5.886717859655619,26.01602380722761,26.16303799301386,0.15464760883317574,0.5988003461235395,0.029198361560702324,0.4116927981376648,3.0032427310943604,0.05333776772022247,0.10532569140195847,0.10774814337491989,0.20726437866687775,2.0447365272204805
gpu_seed1102_ckpt150_optimizer_reset,1102,150,optimizer_reset,69,12.043761253356934,0.07092033609574896,0.14963038762410497,2.417698899818415,0.00025,0.00025,2.706655422846476,2.856285810470581,5.935074515640736,26.121652081608772,26.2704755961895,0.1547627466002792,0.597921979880007,0.0292868223041296,0.35543927550315857,2.9567513465881348,0.04835665598511696,0.10562827438116074,0.1074376031756401,0.1911633461713791,2.029251902670457
gpu_seed1102_ckpt150_optimizer_reset,1102,150,optimizer_reset,70,12.050470352172852,0.07095984298507657,0.14574376742045114,2.3888331876100235,0.00025,0.00025,2.72295347849528,2.868697245915731,5.981923077255487,26.231864042580128,26.381738372147083,0.15488897506614277,0.5972895776893944,0.029857592657208443,0.36473342776298523,2.908630847930908,0.046848561614751816,0.11021196097135544,0.11126277595758438,0.19000153243541718,2.0144809949143654
gpu_seed1102_ckpt150_optimizer_reset,1102,150,optimizer_reset,71,12.056683540344238,0.07099642967789382,0.1880129178365073,3.1466466402859457,0.00025,0.00025,2.7221030394236245,2.910115957260132,6.026317480951548,26.33903407305479,26.489227935671806,0.1549648246516481,0.5972906629639232,0.029107211157679558,0.42154496908187866,2.8554930686950684,0.04439440369606018,0.10717003047466278,0.10748956352472305,0.1999131590127945,2.000671816320985
gpu_seed1102_ckpt150_optimizer_reset,1102,150,optimizer_reset,72,12.062156677246094,0.07102865853899562,0.2709447542826333,4.672032790988052,0.00025,0.00025,2.708905299504598,2.9798500537872314,6.070806097239256,26.44300875067711,26.593603514134884,0.15499320157844593,0.5975237917847928,0.02887541987001896,0.48910292983055115,2.8149752616882324,0.04448861628770828,0.10397467762231827,0.10437557846307755,0.20491082966327667,1.9869118670631667
gpu_seed1102_ckpt150_optimizer_reset,1102,150,optimizer_reset,73,12.06710147857666,0.07105777626766138,0.3185856342315674,5.54052539480322,0.00025,0.00025,2.6924350261688232,3.0110206604003906,6.114839944988489,26.542696334421635,26.694878824055195,0.15499196865384587,0.5980743552126948,0.02780708484351635,0.46764084696769714,2.7829859256744385,0.044033847749233246,0.09968758374452591,0.10127530992031097,0.18451499938964844,1.9734124829325197
gpu_seed1102_ckpt150_optimizer_reset,1102,150,optimizer_reset,74,12.071619033813477,0.07108437813471823,0.3541097640991211,6.125431870380407,0.00025,0.00025,2.6683234373728433,3.0224332014719644,6.161456383764744,26.64205428957939,26.797339528799057,0.15497361632327056,0.5984677033978675,0.02714991383254528,0.41480493545532227,2.7518386840820312,0.046616438776254654,0.0993579551577568,0.10246070474386215,0.16698986291885376,1.9592152052913785
gpu_seed1102_ckpt150_optimizer_reset,1102,150,optimizer_reset,75,12.075987815856934,0.07111010394282195,0.3336461385091143,5.640060648383267,0.00025,0.00025,2.65611203511556,2.9897581736246743,6.209039814770222,26.740900292992592,26.90011151880026,0.15493441190195814,0.5989198764748582,0.026986191049218178,0.3294750452041626,2.733563184738159,0.047583431005477905,0.09884600341320038,0.10277199000120163,0.15654899179935455,1.9449042325559456
gpu_seed1102_ckpt150_optimizer_reset,1102,150,optimizer_reset,76,12.080482482910156,0.07113657103157832,0.3023345470428467,5.021942269061508,0.00025,0.00025,2.655064900716146,2.9573994477589927,6.252834107726812,26.83883634954691,27.000684268772602,0.15491580500120106,0.5990173764489681,0.026600174605846405,0.30610424280166626,2.7279715538024902,0.04379429295659065,0.09793605655431747,0.10057274997234344,0.16256941854953766,1.9320011173781204
gpu_seed1102_ckpt150_optimizer_reset,1102,150,optimizer_reset,77,12.084514617919922,0.07116031447551252,0.2680856386820478,4.393640414359226,0.00025,0.00025,2.659571329752604,2.927656968434652,6.298121642321348,26.93759773671627,27.101998016238213,0.15487890925466796,0.5991710570517671,0.02652958407998085,0.3290214538574219,2.7517848014831543,0.04528753459453583,0.09876138716936111,0.1013137474656105,0.1721903681755066,1.918749002355553
gpu_seed1102_ckpt150_optimizer_reset,1102,150,optimizer_reset,78,12.088573455810547,0.07118421516079729,0.25107622146606445,4.105232151676692,0.00025,0.00025,2.666097640991211,2.9171738624572754,6.3412837609648705,27.032171860337257,27.198654264211655,0.15483541980981522,0.5999344679160777,0.026979960501194,0.37430474162101746,2.7695484161376953,0.04316211864352226,0.09457412362098694,0.09665624797344208,0.1794213056564331,1.90632905125969
gpu_seed1102_ckpt150_optimizer_reset,1102,150,optimizer_reset,79,12.09209156036377,0.07120493170873325,0.19708824157714844,3.2446785921537415,0.00025,0.00025,2.700957934061686,2.8980461756388345,6.386236868798733,27.12798608839512,27.296384893357754,0.15477684277039297,0.6016616192612838,0.028015797957777977,0.3715354800224304,2.7674643993377686,0.044953107833862305,0.09581422805786133,0.09773062914609909,0.1915273815393448,1.8934611742073433
gpu_seed1102_ckpt150_optimizer_reset,1102,150,optimizer_reset,80,12.095884323120117,0.07122726559627496,0.1517937183380127,2.544256472750037,0.00025,0.00025,2.7422145207722983,2.894008239110311,6.430503062903881,27.22151643782854,27.39142319560051,0.1547273427458812,0.6037911742261278,0.02743798866868019,0.3589349687099457,2.7519516944885254,0.044266194105148315,0.09353034943342209,0.09503830224275589,0.20230063796043396,1.881016804563341
gpu_seed1102_ckpt150_optimizer_reset,1102,150,optimizer_reset,81,12.099925994873047,0.07125106519783436,0.10825069745381688,1.7943751198989268,0.00025,0.00025,2.7533487478892007,2.8615994453430176,6.4723787643015385,27.31236521154642,27.48310185968876,0.15467682516889825,0.6056637459611857,0.026590989902615547,0.35146385431289673,2.7257468700408936,0.041875701397657394,0.09084877371788025,0.0916786640882492,0.21056079864501953,1.8694712462763188
gpu_seed1102_ckpt150_optimizer_reset,1102,150,optimizer_reset,82,12.104249954223633,0.07127652706509965,0.08195360501607274,1.3283417167457081,0.00025,0.00025,2.744276682535807,2.82623028755188,6.512404724955559,27.40412637591362,27.575461462140083,0.15464445352306186,0.607292972411216,0.026406612247228622,0.3671099841594696,2.7058351039886475,0.04002596065402031,0.09176116436719894,0.09235960245132446,0.20309843122959137,1.8586452263690314
gpu_seed1102_ckpt150_optimizer_reset,1102,150,optimizer_reset,83,12.108589172363281,0.07130207878456528,0.09870068232218454,1.5736409880016513,0.00025,0.00025,2.71929923693339,2.8179999192555747,6.554228994995356,27.495580509305,27.667291291058064,0.15458828349175785,0.6086370159777353,0.025979677215218544,0.42980366945266724,2.6800715923309326,0.04182427003979683,0.09145413339138031,0.0918298289179802,0.21966126561164856,1.8474467678207838
gpu_seed1102_ckpt150_optimizer_reset,1102,150,optimizer_reset,84,12.112512588500977,0.0713251820315722,0.12841089566548636,2.030552055733434,0.00025,0.00025,2.695935328801473,2.8243462244669595,6.597262822091579,27.586208038032055,27.759110622107983,0.15453225269869542,0.6096480363918751,0.02560320496559143,0.44400355219841003,2.668250799179077,0.04303382709622383,0.0906275287270546,0.09181933104991913,0.20954471826553345,1.8359906093083345
gpu_seed1102_ckpt150_optimizer_reset,1102,150,optimizer_reset,85,12.11648178100586,0.0713485548351801,0.14287813504536917,2.195596461443193,0.00025,0.00025,2.6599274476369223,2.8028055826822915,6.642268314957619,27.677062898874283,27.852472379803658,0.15451710782692743,0.6097058639157104,0.026275677606463432,0.4134916067123413,2.6755716800689697,0.045005492866039276,0.09085486084222794,0.0933617576956749,0.19120731949806213,1.8241481985482462
gpu_seed1102_ckpt150_optimizer_reset,1102,150,optimizer_reset,86,12.120444297790527,0.07137188832845034,0.12993280092875148,1.9898476788673118,0.00025,0.00025,2.663126230239868,2.7930590311686196,6.686165232211351,27.770580261945724,27.94796684384346,0.15448775730917266,0.6090341617130355,0.02839869074523449,0.34081387519836426,2.6850666999816895,0.04389691725373268,0.09351736307144165,0.09549446403980255,0.18918366730213165,1.8127646979762202
gpu_seed1102_ckpt150_optimizer_reset,1102,150,optimizer_reset,87,12.124761581420898,0.071397310885378,0.17904527982076024,2.8406721261807366,0.00025,0.00025,2.673299233118693,2.852344512939453,6.728864673525095,27.868566192686558,28.04661874473095,0.1544921431584193,0.6075944204420136,0.028822535648941994,0.32296091318130493,2.6938371658325195,0.04269944131374359,0.09798593074083328,0.09865190088748932,0.2022358477115631,1.8019030207464728
gpu_seed1102_ckpt150_optimizer_reset,1102,150,optimizer_reset,88,12.128338813781738,0.07141837561059021,0.2539432843526206,4.1425746015678975,0.00025,0.00025,2.662304639816284,2.9162479241689048,6.772968046367168,27.960813745856285,28.14092593640089,0.1544656934414586,0.6058746270753728,0.02777879126369953,0.3003136217594147,2.71760892868042,0.04410337284207344,0.09224755316972733,0.09430719166994095,0.19182747602462769,1.7906977754435518
gpu_seed1102_ckpt150_optimizer_reset,1102,150,optimizer_reset,89,12.131872177124023,0.07143918201072649,0.2847642103830976,4.707010783495619,0.00025,0.00025,2.659388224283854,2.9441524346669516,6.818098224699497,28.050801880657673,28.23400527238846,0.15444378678550502,0.6039842907544157,0.029356801882386208,0.2843792140483856,2.730170249938965,0.045130178332328796,0.08998813480138779,0.0930793359875679,0.18108470737934113,1.7793630683073574
gpu_seed1102_ckpt150_optimizer_reset,1102,150,optimizer_reset,90,12.135744094848633,0.07146198200655736,0.2765783468882246,4.582076718075049,0.00025,0.00025,2.6659390131632485,2.942517360051473,6.862413983792067,28.141386218369007,28.32717303186655,0.15447491832170154,0.6023403393027024,0.0301731638610363,0.271068811416626,2.7398855686187744,0.04431575909256935,0.09058433771133423,0.0931677594780922,0.18548326194286346,1.768436606055765
gpu_seed1102_ckpt150_optimizer_reset,1102,150,optimizer_reset,91,12.139486312866211,0.0714840182586855,0.286028067270915,4.821349387958849,0.00025,0.00025,2.6782986323038735,2.9643266995747886,6.911521531641483,28.236504770815372,28.424248158931732,0.15449543980968206,0.6008542272447868,0.029849091544747353,0.300117552280426,2.740269899368286,0.04910754784941673,0.09511855244636536,0.09707512706518173,0.21788626909255981,1.7564130064977648
gpu_seed1102_ckpt150_optimizer_reset,1102,150,optimizer_reset,92,12.14323616027832,0.07150609943691381,0.2816128730773926,4.7967274979993455,0.00025,0.00025,2.691047191619873,2.9726600646972656,6.9598758071660995,28.333510100841522,28.522633127868176,0.15449962628939617,0.6000117824588311,0.032859791070222855,0.3250095546245575,2.7390475273132324,0.04835427552461624,0.09700533002614975,0.09838496893644333,0.22050027549266815,1.7447489720683709
gpu_seed1102_ckpt150_optimizer_reset,1102,150,optimizer_reset,93,12.146990776062012,0.07152820869395472,0.2504284381866455,4.169278770018613,0.00025,0.00025,2.684499184290568,2.9349276224772134,7.007963813841343,28.430115692317486,28.620609372854233,0.15447367937029574,0.5995634108615184,0.03512055426836014,0.3099828362464905,2.7279741764068604,0.04808800667524338,0.09660559147596359,0.09797624498605728,0.22018301486968994,1.7333124283645567
gpu_seed1102_ckpt150_optimizer_reset,1102,150,optimizer_reset,94,12.150736808776855,0.07155026740913295,0.21119165420532227,3.4672265717635753,0.00025,0.00025,2.6908907095591226,2.902082363764445,7.054692082107067,28.525637961924076,28.717716969549656,0.15444015749509876,0.5996174059746013,0.03276880830526352,0.2779756784439087,2.726970672607422,0.04672826826572418,0.09552226960659027,0.09710759669542313,0.21038541197776794,1.7223624599567213
gpu_seed1102_ckpt150_optimizer_reset,1102,150,optimizer_reset,95,12.154593467712402,0.07157297755276348,0.15628345807393362,2.5734163030936372,0.00025,0.00025,2.722158988316854,2.8784424463907876,7.105821114033461,28.630331501364708,28.822979368269444,0.15445625881758968,0.5997499398591987,0.03698110207915306,0.25086045265197754,2.757655620574951,0.05112903192639351,0.10469353944063187,0.1052623987197876,0.2330281138420105,1.7105121663851468
gpu_seed1102_ckpt150_optimizer_reset,1102,150,optimizer_reset,96,12.158923149108887,0.0715984731146039,0.12493888537089015,2.0972825180522197,0.00025,0.00025,2.757453282674154,2.882392168045044,7.153588902205229,28.73195169121027,28.925926961004734,0.15447587181596947,0.6000886572724329,0.04149726405739784,0.24016176164150238,2.806713104248047,0.04776778817176819,0.10162018984556198,0.10294759273529053,0.2070607841014862,1.6996955395855875
gpu_seed1102_ckpt150_optimizer_reset,1102,150,optimizer_reset,97,12.16337776184082,0.07162470434133443,0.08756136894226074,1.4588833189252703,0.00025,0.00025,2.768986543019613,2.8565479119618735,7.1987518928945065,28.828512854874134,29.023808546364307,0.15450941105780594,0.6006285378154886,0.03963558003306389,0.26523494720458984,2.854282855987549,0.04516299068927765,0.09656116366386414,0.09788158535957336,0.20442013442516327,1.6896509204387131
gpu_seed1102_ckpt150_optimizer_reset,1102,150,optimizer_reset,98,12.167927742004395,0.07165149714431696,0.06985934575398778,1.1270651490703187,0.00025,0.00025,2.745755434036255,2.8156147797902427,7.243484124541283,28.924637839198112,29.121352821588516,0.15452066674443068,0.6009871206421341,0.043524641543626785,0.321648508310318,2.8884541988372803,0.0447322316467762,0.09612498432397842,0.09754427522420883,0.20071455836296082,1.679844606931238
gpu_seed1102_ckpt150_optimizer_reset,1102,150,optimizer_reset,99,12.172743797302246,0.07167985674504253,0.08207098642985011,1.2601194319709776,0.00025,0.00025,2.690061092376709,2.772132078806559,7.290590353310108,29.022996298968792,29.220680601894855,0.1545623270252075,0.6011042807718998,0.046074531972408295,0.3373635709285736,2.909749984741211,0.04710622876882553,0.09835845977067947,0.09932778030633926,0.21878311038017273,1.6696513186718618
gpu_seed1102_ckpt150_optimizer_reset,1102,150,optimizer_reset,100,12.17732048034668,0.0717068067893756,0.08788736661275243,1.3083869928828928,0.00025,0.00025,2.65622878074646,2.7441161473592124,7.343858376145363,29.120607420802116,29.322029821574688,0.1545859077081205,0.6009594601693069,0.04107366129755974,0.28265199065208435,2.905540704727173,0.05326802283525467,0.09761112183332443,0.10134921967983246,0.20133931934833527,1.6581638502043992
gpu_seed1102_ckpt300_optimizer_reset,1102,300,optimizer_reset,0,0.0,0.0,0.0,0.0,0.000125,0.000125,,,0.0,0.0,0.0,0.0,0.0,0.0,0.0,0.0,,,,,
gpu_seed1102_ckpt300_optimizer_reset,1102,300,optimizer_reset,1,0.4199416935443878,0.0024744898901021242,0.5973142782847085,12.178830198016094,0.000125,0.000125,2.7015318870544434,3.298846165339152,0.02620740421116352,0.42662546038627625,0.41994166374206543,0.010144185887582553,0.05081973873995048,0.09551914036273956,0.9556843042373657,0.988480269908905,0.02620740421116352,0.42662546038627625,0.41994166374206543,0.2837500274181366,16.02378053716141
gpu_seed1102_ckpt300_optimizer_reset,1102,300,optimizer_reset,2,0.5745269060134888,0.003385377166346456,0.3156201044718423,5.351094718741731,0.000125,0.000125,2.6685598691304526,2.984179973602295,0.05285990610718727,0.71885085105896,0.7082158923149109,0.012138119976453086,0.05749050424840655,0.06472105532884598,0.8338446617126465,1.0854768753051758,0.02665250189602375,0.2922253906726837,0.28827422857284546,0.19284795224666595,10.868859752372932
gpu_seed1102_ckpt300_optimizer_reset,1102,300,optimizer_reset,3,0.7007517218589783,0.004129151922440427,0.18671234448750829,2.852505430916123,0.000125,0.000125,2.6315755049387612,2.8182878494262695,0.08159421570599079,0.9498231410980225,0.9370826780796051,0.013435298205231221,0.059745899517175315,0.052080463618040085,0.7590904831886292,1.2108705043792725,0.02873430959880352,0.2309722900390625,0.2288667857646942,0.1351442188024521,8.588252436611626
gpu_seed1102_ckpt300_optimizer_reset,1102,300,optimizer_reset,4,0.8058298230171204,0.004748320495087686,0.26947871843973825,4.138127213391094,0.000125,0.000125,2.5937458674112954,2.8632245858510337,0.10916121862828732,1.1599837094545364,1.1460947692394257,0.014498148061765765,0.060410008470082675,0.046763256192207336,0.866883397102356,1.3153272867202759,0.027567002922296524,0.21016056835651398,0.20901209115982056,0.1071334108710289,7.3820156382984985
gpu_seed1102_ckpt300_optimizer_reset,1102,300,optimizer_reset,5,0.891882598400116,0.005255383084903965,0.2752724488576255,4.108945567408703,0.000125,0.000125,2.562368869781494,2.8376413186391196,0.13730626367032528,1.350863665342331,1.3343376070261002,0.015127953524428058,0.06125067195993437,0.04706503078341484,0.7346014380455017,1.2801119089126587,0.028145045042037964,0.1908799558877945,0.1882428377866745,0.16677525639533997,6.495571101803819
gpu_seed1102_ckpt300_optimizer_reset,1102,300,optimizer_reset,6,0.9674214720726013,0.005700492922973685,0.18025596936543753,2.5122595727371966,0.000125,0.000125,2.5430785020192466,2.723334471384684,0.16756150498986244,1.5304536074399948,1.5093322545289993,0.015543718066899168,0.061491816823314,0.04309608042240143,0.6901237964630127,1.2011713981628418,0.030255241319537163,0.17958994209766388,0.17499464750289917,0.23417554795742035,5.773530573894984
gpu_seed1102_ckpt300_optimizer_reset,1102,300,optimizer_reset,7,1.0396279096603394,0.006125966512659682,0.16595220565795898,2.2792287531037516,0.000125,0.000125,2.53576922416687,2.701721429824829,0.19666795246303082,1.695294588804245,1.6704236567020416,0.015844250914641488,0.06078045016720773,0.04050101339817047,0.6176258325576782,1.1051899194717407,0.029106447473168373,0.16484098136425018,0.1610914021730423,0.2156444787979126,5.286209047457694
gpu_seed1102_ckpt300_optimizer_reset,1102,300,optimizer_reset,8,1.106446385383606,0.00651969174926037,0.07875140508015965,1.032320850980696,0.000125,0.000125,2.533634583155314,2.6123859882354736,0.22281507216393948,1.848950743675232,1.8218134343624115,0.016074567399111124,0.05899049025787583,0.037748198956251144,0.4814487099647522,1.0119342803955078,0.02614711970090866,0.15365615487098694,0.15138977766036987,0.17112217843532562,4.965760954288388
gpu_seed1102_ckpt300_optimizer_reset,1102,300,optimizer_reset,9,1.1719673871994019,0.006905771671961383,0.06326119105021144,0.8246791285498691,0.000125,0.000125,2.5359249909718833,2.5991861820220947,0.24878289550542831,1.9947778433561325,1.9655791521072388,0.016481583654619398,0.05841584439728955,0.03660847619175911,0.43351373076438904,0.979133129119873,0.025967823341488838,0.14582709968090057,0.14376571774482727,0.16785785555839539,4.710803710253944
gpu_seed1102_ckpt300_optimizer_reset,1102,300,optimizer_reset,10,1.2353304624557495,0.007279136097399267,0.04441714286804199,0.5778213973932846,0.000125,0.000125,2.543348550796509,2.587765693664551,0.2746450658887625,2.1325092911720276,2.1009075194597244,0.01691123819214288,0.058075060470746655,0.03420412167906761,0.40678703784942627,0.9800529479980469,0.02586217038333416,0.13773144781589508,0.13532836735248566,0.18599514663219452,4.497916095647568
gpu_seed1102_ckpt300_optimizer_reset,1102,300,optimizer_reset,11,1.2961621284484863,0.007637584293449098,0.08621835708618164,1.0531723278902145,0.000125,0.000125,2.5454785029093423,2.4592601458231607,0.29918920062482357,2.2650056630373,2.230179876089096,0.01725972761258626,0.05711445264996266,0.03230955824255943,0.34445875883102417,0.9890954494476318,0.024544134736061096,0.13249637186527252,0.12927235662937164,0.2223796397447586,4.332249044207688
gpu_seed1102_ckpt300_optimizer_reset,1102,300,optimizer_reset,12,1.3564329147338867,0.0079927275279133,0.1048807303110757,1.2534948398094254,0.000125,0.000125,2.532849073410034,2.4279683430989585,0.3248662408441305,2.396904766559601,2.3566688299179077,0.017747472572774245,0.057233155026160096,0.030463524162769318,0.43176209926605225,1.035933256149292,0.025677040219306946,0.13189910352230072,0.12648895382881165,0.3037141263484955,4.175358175737695
gpu_seed1102_ckpt300_optimizer_reset,1102,300,optimizer_reset,13,1.4132436513900757,0.008327482556208996,0.04058972994486476,0.4975784543751338,0.000125,0.000125,2.5264643828074136,2.485874652862549,0.34991979226469994,2.5203493535518646,2.4743039458990097,0.018247918168400455,0.058201457822654984,0.028490589931607246,0.5372451543807983,1.0763158798217773,0.02505355142056942,0.1234445869922638,0.11763511598110199,0.32790234684944153,4.038764547267953
gpu_seed1102_ckpt300_optimizer_reset,1102,300,optimizer_reset,14,1.466821312904358,0.008643186816563396,0.05223965644836426,0.6683154243917766,0.000125,0.000125,2.5226848125457764,2.5749244689941406,0.37849192693829536,2.6414996832609177,2.587166912853718,0.018746400176752987,0.05941632019792159,0.027881721034646034,0.5476310849189758,1.1036182641983032,0.02857213467359543,0.12115032970905304,0.1128629669547081,0.39804980158805847,3.875436194282725
gpu_seed1102_ckpt300_optimizer_reset,1102,300,optimizer_reset,15,1.5151758193969727,0.008928113841662906,0.07247718175252249,0.9423567200213618,0.000125,0.000125,2.5286546548207602,2.6011318365732827,0.4064809139817953,2.756413869559765,2.69505725055933,0.019036431449058002,0.05938688266036545,0.02630431577563286,0.4842776656150818,1.0995497703552246,0.027988987043499947,0.1149141862988472,0.10789033770561218,0.3650631010532379,3.7275448053659512
gpu_seed1102_ckpt300_optimizer_reset,1102,300,optimizer_reset,16,1.5605357885360718,0.009195395673344573,0.05318403244018555,0.6894281109470821,0.000125,0.000125,2.5353943506876626,2.588578383127848,0.43192453123629093,2.8683250844478607,2.802195407450199,0.019192936092846398,0.05891496735224308,0.026259608566761017,0.3707113564014435,1.0806254148483276,0.02544361725449562,0.11191121488809586,0.10713815689086914,0.2972707748413086,3.612982536707886
gpu_seed1102_ckpt300_optimizer_reset,1102,300,optimizer_reset,17,1.604624629020691,0.009455187429492225,0.006989876429239761,0.08800835961208975,0.000125,0.000125,2.53646183013916,2.5294719537099204,0.4558563306927681,2.9782131016254425,2.9081107079982758,0.019366278440481024,0.05842961302498282,0.024918142706155777,0.2959153354167938,1.0910059213638306,0.023931799456477165,0.10988801717758179,0.10591530054807663,0.2718929648399353,3.5200226935065517
gpu_seed1102_ckpt300_optimizer_reset,1102,300,optimizer_reset,18,1.6476489305496216,0.009708706431769598,0.052845319112142075,0.6483590395575014,0.000125,0.000125,2.533381779988607,2.480536460876465,0.4796846453100443,3.0877784937620163,3.0128785371780396,0.019630995675647602,0.05843900544268627,0.023832594975829124,0.2921832799911499,1.1357057094573975,0.02382831461727619,0.10956539213657379,0.1047678291797638,0.3056708574295044,3.4348586027414503
gpu_seed1102_ckpt300_optimizer_reset,1102,300,optimizer_reset,19,1.689953088760376,0.009957982017906958,0.05920688311258937,0.7187721154338167,0.000125,0.000125,2.5259639422098794,2.46675705909729,0.5032906085252762,3.1950934156775475,3.1144909486174583,0.019989895936851496,0.059200009642156305,0.022871794179081917,0.32966312766075134,1.198441982269287,0.023605963215231895,0.10731492191553116,0.10161241143941879,0.3451369106769562,3.3578077161202295
gpu_seed1102_ckpt300_optimizer_reset,1102,300,optimizer_reset,20,1.731167197227478,0.010200834528860689,0.042021751403808594,0.5100066889630117,0.000125,0.000125,2.5171737670898438,2.475152015686035,0.5282489620149136,3.300048254430294,3.213177427649498,0.020392982639270568,0.060676724051718936,0.023455720394849777,0.35922205448150635,1.2534245252609253,0.024958353489637375,0.10495483875274658,0.09868647903203964,0.3625532388687134,3.2771804995526455
gpu_seed1102_ckpt300_optimizer_reset,1102,300,optimizer_reset,21,1.7699308395385742,0.010429247764500039,0.034760475158691406,0.4179988214350878,0.000125,0.000125,2.5043275356292725,2.469567060470581,0.5527450293302536,3.400997020304203,3.3079870715737343,0.02075856558072439,0.06197984570972249,0.02230866812169552,0.34669387340545654,1.2884217500686646,0.024496067315340042,0.100948765873909,0.0948096439242363,0.36432546377182007,3.2020746377040243
gpu_seed1102_ckpt300_optimizer_reset,1102,300,optimizer_reset,22,1.806213617324829,0.010643042603633867,0.03098750114440918,0.3692098952067564,0.000125,0.000125,2.4932351112365723,2.462247610092163,0.5781160872429609,3.500888094305992,3.4015911668539047,0.021065269494475625,0.0633000306195444,0.021257365122437477,0.31433534622192383,1.301794409751892,0.02537105791270733,0.09989107400178909,0.09360409528017044,0.3669966459274292,3.1243095585448044
gpu_seed1102_ckpt300_optimizer_reset,1102,300,optimizer_reset,23,1.8410552740097046,0.010848345693435358,0.0004915396372475733,0.0059114297072557775,0.000125,0.000125,2.486854632695516,2.4873461723327637,0.6032088566571474,3.601336218416691,3.4951887503266335,0.02134751759243865,0.06444967384075388,0.021976377815008163,0.29532116651535034,1.3147248029708862,0.025092769414186478,0.1004481241106987,0.09359758347272873,0.38860297203063965,3.0521025241727737
gpu_seed1102_ckpt300_optimizer_reset,1102,300,optimizer_reset,24,1.8750325441360474,0.011048555419483951,0.04177276293436716,0.5104566341231696,0.000125,0.000125,2.482102076212565,2.523874839146932,0.6273530200123787,3.7007031738758087,3.5873831138014793,0.02157817495449478,0.06537737686383031,0.021732155233621597,0.2927824854850769,1.3206804990768433,0.024144163355231285,0.09936695545911789,0.09219436347484589,0.40784144401550293,2.988799741644762
gpu_seed1102_ckpt300_optimizer_reset,1102,300,optimizer_reset,25,1.9079046249389648,0.011242252860971365,0.06528941790262888,0.8046406327180033,0.000125,0.000125,2.4787434736887612,2.54403289159139,0.6526221819221973,3.797813192009926,3.677246429026127,0.02178111151907985,0.06621920868315775,0.021183012053370476,0.30918094515800476,1.3292580842971802,0.02526916190981865,0.09711001813411713,0.08986331522464752,0.40618592500686646,2.923444341589194
gpu_seed1102_ckpt300_optimizer_reset,1102,300,optimizer_reset,26,1.939428448677063,0.011428005750804486,0.0565566221872964,0.6942545982981798,0.000125,0.000125,2.479184865951538,2.5357414881388345,0.679821752011776,3.896785505115986,3.768967315554619,0.021916450023071635,0.0670964416480826,0.022489428520202637,0.2766624391078949,1.3384535312652588,0.02719957008957863,0.09897231310606003,0.09172088652849197,0.39424389600753784,2.8528484752582837
gpu_seed1102_ckpt300_optimizer_reset,1102,300,optimizer_reset,27,1.9704240560531616,0.011610646146527955,0.014783541361490737,0.17865130400174678,0.000125,0.000125,2.484520514806112,2.4993040561676025,0.7051932159811258,3.9976468682289124,3.863550879061222,0.022037452252128182,0.06782396222824542,0.02252872660756111,0.2575555741786957,1.3591687679290771,0.02537146396934986,0.10086136311292648,0.09458356350660324,0.36550912261009216,2.794161956463156
gpu_seed1102_ckpt300_optimizer_reset,1102,300,optimizer_reset,28,2.001079797744751,0.011791283897090825,0.015520095825195312,0.18874986527218418,0.000125,0.000125,2.4905169010162354,2.5060369968414307,0.7314343359321356,4.1017182767391205,3.960661493241787,0.022256500388588306,0.06874484063767891,0.021842453628778458,0.3240220546722412,1.4067344665527344,0.02624111995100975,0.10407140851020813,0.09711061418056488,0.3824647068977356,2.735829724471235
gpu_seed1102_ckpt300_optimizer_reset,1102,300,optimizer_reset,29,2.030758857727051,0.011966166589147629,0.06151898701985692,0.7737921202794791,0.000125,0.000125,2.50104022026062,2.562559207280477,0.7575712613761425,4.201033905148506,4.053735673427582,0.022497483896870334,0.06979519223172381,0.024520335718989372,0.3811756670475006,1.4654380083084106,0.02613692544400692,0.09931562840938568,0.09307418018579483,0.36287975311279297,2.6806176016173824
gpu_seed1102_ckpt300_optimizer_reset,1102,300,optimizer_reset,30,2.059912919998169,0.012137955752867958,0.11256464322408055,1.4776767138429765,0.000125,0.000125,2.5178884665171304,2.630453109741211,0.7850147858262062,4.2971455827355385,4.1429508328437805,0.022728900506749597,0.07095212426592502,0.023265955969691277,0.3966016471385956,1.5092835426330566,0.027443524450063705,0.09611167758703232,0.08921515941619873,0.38505125045776367,2.624043466681387
gpu_seed1102_ckpt300_optimizer_reset,1102,300,optimizer_reset,31,2.087293863296509,0.012299296882874237,0.11811415354410792,1.588205162712713,0.000125,0.000125,2.539069970448812,2.65718412399292,0.8134881258010864,4.400720737874508,4.23913836479187,0.022885078609495523,0.07213310086937003,0.02862519584596157,0.3478030860424042,1.5051196813583374,0.02847333997488022,0.10357515513896942,0.0961875319480896,0.38765713572502136,2.5658565836329448
gpu_seed1102_ckpt300_optimizer_reset,1102,300,optimizer_reset,32,2.1146962642669678,0.012460764451368381,0.11206253369649266,1.5299575828098675,0.000125,0.000125,2.5573837757110596,2.6694463094075522,0.8409909196197987,4.502754554152489,4.333967067301273,0.02305229805332512,0.07324078435080913,0.02692370116710663,0.31294941902160645,1.5099259614944458,0.027502793818712234,0.1020338162779808,0.09482870250940323,0.3875005543231964,2.5145292474982734
gpu_seed1102_ckpt300_optimizer_reset,1102,300,optimizer_reset,33,2.1415576934814453,0.012619044365096196,0.07995414733886719,1.0927214996300503,0.000125,0.000125,2.5747299194335938,2.654684066772461,0.8680754620581865,4.606957666575909,4.430671758949757,0.023206177199886806,0.0743728119017825,0.026583679020404816,0.28673312067985535,1.5040407180786133,0.02708454243838787,0.10420311242341995,0.09670469164848328,0.3968517482280731,2.4670178885155853
gpu_seed1102_ckpt300_optimizer_reset,1102,300,optimizer_reset,34,2.167520523071289,0.01277202931592657,0.027492284774780273,0.37197996902887454,0.000125,0.000125,2.5911569595336914,2.6186492443084717,0.8940795920789242,4.710201323032379,4.526642091572285,0.02335502904956687,0.07464442365475235,0.025197209790349007,0.2399398535490036,1.4916874170303345,0.026004130020737648,0.10324365645647049,0.09597033262252808,0.3957824110984802,2.424303766993407
gpu_seed1102_ckpt300_optimizer_reset,1102,300,optimizer_reset,35,2.1932311058044434,0.012923527912088468,0.00938622156779001,0.12534686997443245,0.000125,0.000125,2.5965314706166587,2.5871452490488687,0.9195504318922758,4.814209207892418,4.623307339847088,0.02354226586188947,0.07471959785095968,0.023717505857348442,0.2003931701183319,1.4846922159194946,0.02547083981335163,0.10400788486003876,0.09666524827480316,0.4005471467971802,2.3851123654944817
gpu_seed1102_ckpt300_optimizer_reset,1102,300,optimizer_reset,36,2.2187798023223877,0.013074072600103017,0.023611466089884736,0.3120585276277765,0.000125,0.000125,2.593240817387899,2.569629351298014,0.9451821595430374,4.915295287966728,4.717544175684452,0.023779800051920583,0.0745341927598329,0.022571628913283348,0.20152996480464935,1.5002858638763428,0.025631727650761604,0.1010860800743103,0.0942368358373642,0.38494592905044556,2.3474626344965532
gpu_seed1102_ckpt300_optimizer_reset,1102,300,optimizer_reset,37,2.2443134784698486,0.013224528781176057,0.022564729054769028,0.2963415290314302,0.000125,0.000125,2.586385726928711,2.563820997873942,0.9712401367723942,5.011121839284897,4.807237021625042,0.024032792773480936,0.07440929646621426,0.021173162385821342,0.21999002993106842,1.5282312631607056,0.026057977229356766,0.09582655131816864,0.0896928459405899,0.36381736397743225,2.3107709344939096
gpu_seed1102_ckpt300_optimizer_reset,1102,300,optimizer_reset,38,2.269352436065674,0.013372069852667727,0.019838174184163115,0.2600252338701079,0.000125,0.000125,2.583073298136393,2.56323512395223,0.9971549790352583,5.104924939572811,4.895451068878174,0.024264840602581137,0.07534418317434531,0.020352140069007874,0.23262068629264832,1.5534332990646362,0.025914842262864113,0.09380310028791428,0.08821404725313187,0.34737902879714966,2.2758272121942205
gpu_seed1102_ckpt300_optimizer_reset,1102,300,optimizer_reset,39,2.2941203117370605,0.013518013584596013,0.024002472559610855,0.31272257803485815,0.000125,0.000125,2.579136848449707,2.555134375890096,1.023116735741496,5.200249269604683,4.984556034207344,0.024489049287694412,0.07617814167210578,0.019543129950761795,0.25094297528266907,1.5794180631637573,0.025961756706237793,0.0953243300318718,0.08910496532917023,0.3679194748401642,2.242285979294603
gpu_seed1102_ckpt300_optimizer_reset,1102,300,optimizer_reset,40,2.3178908824920654,0.013658080736582673,0.03748035430908203,0.4814310205616632,0.000125,0.000125,2.571627696355184,2.534147342046102,1.0489377435296774,5.294643551111221,5.07278536260128,0.024684640514088176,0.07688320744132873,0.019978880882263184,0.25152334570884705,1.607252597808838,0.025821007788181305,0.09439428150653839,0.08822932839393616,0.3677324056625366,2.2097506708931536
gpu_seed1102_ckpt300_optimizer_reset,1102,300,optimizer_reset,41,2.341113567352295,0.013794919492512468,0.06255507469177246,0.7864000334215842,0.000125,0.000125,2.5625327428181968,2.4999776681264243,1.0745250638574362,5.387216225266457,5.159319818019867,0.024828667218201487,0.07774566903924994,0.01911310665309429,0.23722118139266968,1.6276592016220093,0.02558732032775879,0.09257267415523529,0.08653445541858673,0.366489976644516,2.178742633462411
gpu_seed1102_ckpt300_optimizer_reset,1102,300,optimizer_reset,42,2.363300323486328,0.013925654079222477,0.07730134328206395,0.9563368560544969,0.000125,0.000125,2.553800582885742,2.4764992396036782,1.1001709196716547,5.479987800121307,5.24601474404335,0.02495904908464881,0.07878868688644168,0.020362215116620064,0.21419557929039001,1.6483081579208374,0.02564585581421852,0.09277157485485077,0.08669492602348328,0.36740514636039734,2.148121061216111
gpu_seed1102_ckpt300_optimizer_reset,1102,300,optimizer_reset,43,2.384996175765991,0.014053496034304511,0.07511289914449071,0.9216757932330086,0.000125,0.000125,2.5445226033528647,2.469409704208374,1.1253194585442543,5.5734428614377975,5.333000831305981,0.025099785723467744,0.07979254516395605,0.020326875150203705,0.19737441837787628,1.6780871152877808,0.025148538872599602,0.09345506131649017,0.08698608726263046,0.38287636637687683,2.119394770662876
gpu_seed1102_ckpt300_optimizer_reset,1102,300,optimizer_reset,44,2.4069230556488037,0.014182699310439245,0.025278806686401367,0.31548800806774757,0.000125,0.000125,2.53676708539327,2.5114882787068686,1.149875720962882,5.668239668011665,5.420237325131893,0.025281499825689564,0.08091684899260862,0.019479168578982353,0.19702190160751343,1.7121926546096802,0.02455626241862774,0.0947968065738678,0.08723649382591248,0.42512044310569763,2.0932027798892934
gpu_seed1102_ckpt300_optimizer_reset,1102,300,optimizer_reset,45,2.428884744644165,0.01431210769789874,0.028292735417684067,0.35882981948998527,0.000125,0.000125,2.5260634422302246,2.5543561776479087,1.1739090383052826,5.757542110979557,5.502659298479557,0.025489779986339094,0.08203282553183759,0.01854778453707695,0.21387456357479095,1.7540068626403809,0.02403331734240055,0.0893024429678917,0.08242197334766388,0.4098213016986847,2.0690570268958512
gpu_seed1102_ckpt300_optimizer_reset,1102,300,optimizer_reset,46,2.450037717819214,0.014436750759237747,0.07253726323445653,0.9344710749610154,0.000125,0.000125,2.519392410914103,2.5919296741485596,1.1988569144159555,5.855098478496075,5.592748090624809,0.025713799996109562,0.08311070157394385,0.02788296714425087,0.22809186577796936,1.785559892654419,0.02494787611067295,0.09755636751651764,0.09008879214525223,0.41573479771614075,2.0436448156206777
gpu_seed1102_ckpt300_optimizer_reset,1102,300,optimizer_reset,47,2.4712607860565186,0.014561806852970453,0.0472102165222168,0.5993324207594668,0.000125,0.000125,2.517508109410604,2.564718325932821,1.2241954691708088,5.951783552765846,5.6821745708584785,0.025903230026253964,0.0841767552520766,0.026353877037763596,0.23583349585533142,1.8102085590362549,0.02533855475485325,0.09668507426977158,0.08942648023366928,0.4067477583885193,2.0186815327199117
gpu_seed1102_ckpt300_optimizer_reset,1102,300,optimizer_reset,48,2.492434024810791,0.014686569328436889,0.031227270762125947,0.393249385297878,0.000125,0.000125,2.517497936884562,2.548725207646688,1.2490801196545362,6.051418267190456,5.774238139390945,0.02604932126151692,0.08503005013437422,0.026420654729008675,0.24986670911312103,1.8207964897155762,0.024884650483727455,0.09963471442461014,0.09206356853246689,0.417569100856781,1.9954156547605122
gpu_seed1102_ckpt300_optimizer_reset,1102,300,optimizer_reset,49,2.5138492584228516,0.014812757749072045,0.04568131764729788,0.5799554246189018,0.000125,0.000125,2.518334229787191,2.564015547434489,1.273670556023717,6.15024296194315,5.865614049136639,0.026177768543044957,0.08589460515549537,0.025861360132694244,0.2609942555427551,1.8145527839660645,0.02459043636918068,0.09882469475269318,0.0913759097456932,0.41591253876686096,1.973704461119746
gpu_seed1102_ckpt300_optimizer_reset,1102,300,optimizer_reset,50,2.5347659587860107,0.014936008582172432,0.08082620302836085,1.0501653925103405,0.000125,0.000125,2.523716449737549,2.6045426527659097,1.2982209231704473,6.245088577270508,5.953172378242016,0.026300813472645408,0.08653246659088981,0.024193819612264633,0.27033451199531555,1.8160017728805542,0.024550367146730423,0.09484561532735825,0.0875583291053772,0.41484981775283813,1.9524919938848198
gpu_seed1102_ckpt300_optimizer_reset,1102,300,optimizer_reset,51,2.5553653240203857,0.015057389530524478,0.10944883028666164,1.4476942377951474,0.000125,0.000125,2.5270467599232993,2.636495590209961,1.321536773815751,6.336955860257149,6.038265496492386,0.0264159043945097,0.08713796931102875,0.023301150649785995,0.27220216393470764,1.8257648944854736,0.023315850645303726,0.09186728298664093,0.08509311825037003,0.406726598739624,1.9336316435903596
gpu_seed1102_ckpt300_optimizer_reset,1102,300,optimizer_reset,52,2.5752711296081543,0.015174683705974254,0.11391186714172363,1.5156899262605759,0.000125,0.000125,2.5307044188181558,2.6446162859598794,1.3452074490487576,6.427620090544224,6.122273124754429,0.026481596256209623,0.087669675212914,0.023673715069890022,0.26255786418914795,1.8345433473587036,0.023670675233006477,0.09066423028707504,0.084007628262043,0.4014340341091156,1.914404452210923
gpu_seed1102_ckpt300_optimizer_reset,1102,300,optimizer_reset,53,2.593676805496216,0.01528313842625006,0.06735452016194676,0.8774318474136464,0.000125,0.000125,2.533162991205851,2.600517511367798,1.3694412484765053,6.520071387290955,6.207705453038216,0.026498309036780753,0.08810937496054345,0.02245302125811577,0.2429800182580948,1.841059684753418,0.024233799427747726,0.0924512967467308,0.08543232828378677,0.40970316529273987,1.8939671989431972
gpu_seed1102_ckpt300_optimizer_reset,1102,300,optimizer_reset,54,2.611374616622925,0.015387422081298351,0.01733009020487497,0.22168942978176887,0.000125,0.000125,2.540155569712321,2.557485659917196,1.3954246249049902,6.616643875837326,6.29698421806097,0.02653396684632807,0.08862828746214312,0.02237669937312603,0.2138766199350357,1.8403196334838867,0.025983376428484917,0.09657248854637146,0.08927876502275467,0.4046344459056854,1.8713834986241933
gpu_seed1102_ckpt300_optimizer_reset,1102,300,optimizer_reset,55,2.6290087699890137,0.015491330635499305,0.01993139584859227,0.2540489430717976,0.000125,0.000125,2.5551799138387046,2.5352485179901123,1.4231751915067434,6.7142171040177345,6.387081287801266,0.02662375048014152,0.08896133634521498,0.021454045549035072,0.19351761043071747,1.8551335334777832,0.027750566601753235,0.09757322818040848,0.09009706974029541,0.40128833055496216,1.8472840066891436
gpu_seed1102_ckpt300_optimizer_reset,1102,300,optimizer_reset,56,2.6469743251800537,0.015597191961901756,0.04152695337931345,0.5314980256298458,0.000125,0.000125,2.5700484116872153,2.528521458307902,1.4510313253849745,6.814417280256748,6.479638755321503,0.026776106840937265,0.08927610180334535,0.02207079343497753,0.18061161041259766,1.874198079109192,0.02785613387823105,0.10020017623901367,0.09255746752023697,0.4029022753238678,1.8242020546840765
gpu_seed1102_ckpt300_optimizer_reset,1102,300,optimizer_reset,57,2.6648330688476562,0.015702423905609046,0.056915918986002456,0.7315598736826647,0.000125,0.000125,2.5819269816080728,2.5250110626220703,1.4782658759504557,6.908881418406963,6.5673268139362335,0.026941770169655536,0.08936035271208562,0.021297700703144073,0.18660594522953033,1.8805395364761353,0.027234550565481186,0.09446413815021515,0.08768805861473083,0.38403353095054626,1.8026750885611094
gpu_seed1102_ckpt300_optimizer_reset,1102,300,optimizer_reset,58,2.6825084686279297,0.015806575502681122,0.10172812143961618,1.287900506609752,0.000125,0.000125,2.588897784550985,2.4871696631113687,1.5034171473234892,7.00319416821003,6.655290454626083,0.027125392154919825,0.08943839099075636,0.020398898050189018,0.21948231756687164,1.896520733833313,0.025151271373033524,0.09431274980306625,0.08796364068984985,0.37727952003479004,1.784274227150977
gpu_seed1102_ckpt300_optimizer_reset,1102,300,optimizer_reset,59,2.7008228302001953,0.01591449215694745,0.12196882565816258,1.5335210304246019,0.000125,0.000125,2.591920852661133,2.4699520270029702,1.5279821678996086,7.094998225569725,6.740802355110645,0.027307301696078437,0.08968776993519273,0.020131677389144897,0.2509797215461731,1.9168248176574707,0.024565020576119423,0.09180405735969543,0.08551190048456192,0.38115566968917847,1.7675748362371444
gpu_seed1102_ckpt300_optimizer_reset,1102,300,optimizer_reset,60,2.718949556350708,0.01602130317688099,0.11867101987202977,1.4800627430129456,0.000125,0.000125,2.582233428955078,2.4635624090830484,1.5523211099207401,7.1836694702506065,6.823241256177425,0.027475440515970086,0.0899455430626909,0.019105279818177223,0.2871910333633423,1.9341239929199219,0.024338942021131516,0.0886712446808815,0.08243890106678009,0.38430872559547424,1.7515380928420041
gpu_seed1102_ckpt300_optimizer_reset,1102,300,optimizer_reset,61,2.7365784645080566,0.01612518082389602,0.0967015425364175,1.2021564568068666,0.000125,0.000125,2.568204085032145,2.4715025424957275,1.5769617389887571,7.269614323973656,6.90304783731699,0.027615409298268383,0.09016133388489267,0.01836906187236309,0.29536473751068115,1.9578858613967896,0.024640629068017006,0.08594485372304916,0.07980658113956451,0.3835672438144684,1.7353486751436216
gpu_seed1102_ckpt300_optimizer_reset,1102,300,optimizer_reset,62,2.7532904148101807,0.01622365533286288,0.08628726005554199,1.051029280386901,0.000125,0.000125,2.5426766872406006,2.4563894271850586,1.6021054815500975,7.356562495231628,6.9837498143315315,0.027721365915076027,0.09044701473863848,0.01785130798816681,0.2858476936817169,1.9781469106674194,0.025143742561340332,0.08694817125797272,0.08070197701454163,0.3840864896774292,1.7185450312201351
gpu_seed1102_ckpt300_optimizer_reset,1102,300,optimizer_reset,63,2.7686407566070557,0.016314106617338554,0.07792981465657522,0.937496500530024,0.000125,0.000125,2.5261162916819253,2.44818647702535,1.6291516665369272,7.459434874355793,7.081325173377991,0.027748717825331583,0.09076836686581818,0.033522918820381165,0.22168339788913727,1.975400686264038,0.027046184986829758,0.10287237912416458,0.0975753590464592,0.32226359844207764,1.6994370834058872
gpu_seed1102_ckpt300_optimizer_reset,1102,300,optimizer_reset,64,2.784785747528076,0.016409240340481555,0.06492670377095555,0.7776179373267151,0.000125,0.000125,2.5152640342712402,2.4503373305002847,1.6567184422165155,7.558929570019245,7.175263874232769,0.027832666763030072,0.09116030296386665,0.030806412920355797,0.18964727222919464,1.978426218032837,0.027566775679588318,0.09949469566345215,0.09393870085477829,0.33445337414741516,1.6809046586097296
gpu_seed1102_ckpt300_optimizer_reset,1102,300,optimizer_reset,65,2.8013999462127686,0.01650713885189258,0.06351025899251317,0.7616636538693395,0.000125,0.000125,2.515890677769979,2.452380418777466,1.6843642387539148,7.655551396310329,7.265691503882408,0.027946269830016378,0.09135776579823877,0.02837901934981346,0.16834597289562225,1.9702701568603516,0.027645796537399292,0.09662182629108429,0.09042762964963913,0.3599356710910797,1.6631794250651917
gpu_seed1102_ckpt300_optimizer_reset,1102,300,optimizer_reset,66,2.818101406097412,0.01660555154648759,0.07044808069864938,0.8457699679511297,0.000125,0.000125,2.520388682683309,2.4499406019846597,1.70981908403337,7.752130411565304,7.357180528342724,0.02807639667052458,0.09136642612760935,0.028334513306617737,0.1501564383506775,1.9653385877609253,0.025454845279455185,0.09657901525497437,0.0914890244603157,0.3264749050140381,1.6481868943982168
gpu_seed1102_ckpt300_optimizer_reset,1102,300,optimizer_reset,67,2.834853172302246,0.01670426066909305,0.05186319351196289,0.6311410782414768,0.000125,0.000125,2.5247395833333335,2.4728763898213706,1.7340151835232973,7.850209437310696,7.449717551469803,0.028255709505091046,0.09130773854113255,0.028340402990579605,0.17077016830444336,1.9685388803482056,0.024196099489927292,0.09807902574539185,0.09253702312707901,0.3459237515926361,1.6348491058426327
gpu_seed1102_ckpt300_optimizer_reset,1102,300,optimizer_reset,68,2.8517346382141113,0.016803734042114056,0.0036671956380205373,0.045606077789607014,0.000125,0.000125,2.522446791330973,2.5187795956929526,1.7584265992045403,7.9463818818330765,7.539432413876057,0.0284977450772581,0.09131754707171434,0.027521243318915367,0.22637401521205902,1.9758790731430054,0.024411415681242943,0.09617244452238083,0.08971486240625381,0.3825647532939911,1.621753583290044
gpu_seed1102_ckpt300_optimizer_reset,1102,300,optimizer_reset,69,2.8678293228149414,0.016898571337246617,0.02245497703552246,0.2816305206489975,0.000125,0.000125,2.5178352197011313,2.540290196736654,1.7830226626247168,8.037816345691681,7.624362699687481,0.028714767183332986,0.09158743353214942,0.02566354162991047,0.25209841132164,1.9935448169708252,0.024596063420176506,0.09143446385860443,0.08493028581142426,0.3895355463027954,1.608408789707538
gpu_seed1102_ckpt300_optimizer_reset,1102,300,optimizer_reset,70,2.8833882808685303,0.01699025188479877,0.023426850636800278,0.2940428722879478,0.000125,0.000125,2.518106460571289,2.5415333112080893,1.8084420822560787,8.125683777034283,7.705649696290493,0.028878242108735828,0.09174306604746833,0.025127200409770012,0.23731933534145355,2.013399124145508,0.02541941963136196,0.08786743134260178,0.08128699660301208,0.3938269019126892,1.5944045480681546
gpu_seed1102_ckpt300_optimizer_reset,1102,300,optimizer_reset,71,2.898637533187866,0.017080107503509384,0.01736672719319632,0.218386194886671,0.000125,0.000125,2.52301295598348,2.5403796831766763,1.8334063533693552,8.213367722928524,7.787110827863216,0.028994106805353217,0.0919930671846155,0.02363215945661068,0.20580726861953735,2.023773193359375,0.02496427111327648,0.08768394589424133,0.08146113157272339,0.38277730345726013,1.5810120477979657
gpu_seed1102_ckpt300_optimizer_reset,1102,300,optimizer_reset,72,2.9137930870056152,0.017169411007489643,0.022962967554728042,0.29242974566230195,0.000125,0.000125,2.5328381856282554,2.5558011531829834,1.8591096568852663,8.302933238446712,7.870223216712475,0.02912389555442118,0.09233450827054508,0.024160750210285187,0.19738756120204926,2.0290346145629883,0.025703303515911102,0.08956551551818848,0.08311238884925842,0.38550665974617004,1.567305659573512
gpu_seed1102_ckpt300_optimizer_reset,1102,300,optimizer_reset,73,2.9289374351501465,0.017258648482481796,0.023215532302856445,0.29888529839581146,0.000125,0.000125,2.5436081091562905,2.566823641459147,1.88506343588233,8.393541775643826,7.954661771655083,0.029238586674749927,0.09280540462644311,0.02345079928636551,0.2023785561323166,2.044492483139038,0.025953778997063637,0.09060853719711304,0.08443855494260788,0.37285467982292175,1.5537606742542662
gpu_seed1102_ckpt300_optimizer_reset,1102,300,optimizer_reset,74,2.9441604614257812,0.017348349565262794,0.0017657279968261719,0.022805683114512476,0.000125,0.000125,2.5575637022654214,2.5593294302622476,1.9114154558628798,8.482612125575542,8.038356341421604,0.02935149270431957,0.09322564002799932,0.02186640352010727,0.20222318172454834,2.0553975105285645,0.026352019980549812,0.08907034993171692,0.08369456976652145,0.3457709550857544,1.5403037850267585
gpu_seed1102_ckpt300_optimizer_reset,1102,300,optimizer_reset,75,2.9593393802642822,0.01743779074670762,0.04074422518412257,0.5220173224160458,0.000125,0.000125,2.570689598719279,2.5299453735351562,1.9367869459092617,8.568924471735954,8.119947977364063,0.029457075727269615,0.09367984369970075,0.020563337951898575,0.1919836401939392,2.0613203048706055,0.02537149004638195,0.08631234616041183,0.0815916359424591,0.3279501497745514,1.5279633036112992
gpu_seed1102_ckpt300_optimizer_reset,1102,300,optimizer_reset,76,2.9747352600097656,0.017528510361751987,0.0699934164683027,0.8910729374342683,0.000125,0.000125,2.57881768544515,2.508824268976847,1.9628053847700357,8.657801657915115,8.20330886542797,0.0295894596830698,0.09416736811217609,0.020130407065153122,0.20959487557411194,2.076606273651123,0.02601843886077404,0.08887718617916107,0.08336088806390762,0.3518081307411194,1.515552832231899
gpu_seed1102_ckpt300_optimizer_reset,1102,300,optimizer_reset,77,2.9897987842559814,0.01761727158510651,0.08758711814880371,1.1055353478266934,0.000125,0.000125,2.5789249738057456,2.491337855656942,1.9873034823685884,8.74318441003561,8.282851167023182,0.029727116527868597,0.09461100608737404,0.01909330114722252,0.22713053226470947,2.0873000621795654,0.024498097598552704,0.08538275212049484,0.07954230159521103,0.3737110495567322,1.5044500302948465
gpu_seed1102_ckpt300_optimizer_reset,1102,300,optimizer_reset,78,3.005171060562134,0.017707852117814223,0.06542785962422659,0.8311539844236382,0.000125,0.000125,2.5744024912516275,2.508974631627401,2.014441544190049,8.833154693245888,8.364423587918282,0.029862588265047944,0.09516777773857316,0.019698984920978546,0.24239464104175568,2.075209617614746,0.027138061821460724,0.08997028321027756,0.08157242089509964,0.4458243250846863,1.4918134850961573
gpu_seed1102_ckpt300_optimizer_reset,1102,300,optimizer_reset,79,3.020319700241089,0.017797114880503947,0.02921462059020996,0.3781600391067581,0.000125,0.000125,2.5752199490865073,2.5460053284962973,2.0422456115484238,8.920220710337162,8.444107867777348,0.02997406008007615,0.09571965334368818,0.018734097480773926,0.2325776219367981,2.0465657711029053,0.027804067358374596,0.08706601709127426,0.07968427985906601,0.41390901803970337,1.4789208913758485
gpu_seed1102_ckpt300_optimizer_reset,1102,300,optimizer_reset,80,3.0346996784210205,0.017881848335583872,0.0225986639658613,0.29403499367414376,0.000125,0.000125,2.5770860513051352,2.554487387339274,2.069071751087904,9.001971624791622,8.520487561821938,0.03006494317528598,0.09612540531412624,0.017777618020772934,0.20195482671260834,2.0203678607940674,0.02682613953948021,0.08175091445446014,0.07637969404459,0.3577181398868561,1.4666962017261747
gpu_seed1102_ckpt300_optimizer_reset,1102,300,optimizer_reset,81,3.0479249954223633,0.017959777995144477,0.05691266059875488,0.7296660581157823,0.000125,0.000125,2.579390525817871,2.522477865219116,2.095704482868314,9.089547105133533,8.603195421397686,0.030128589745110745,0.09623001791412673,0.022639557719230652,0.1702713966369629,2.007378578186035,0.026632731780409813,0.08757548034191132,0.08270785957574844,0.3297451436519623,1.4543677414142502
gpu_seed1102_ckpt300_optimizer_reset,1102,300,optimizer_reset,82,3.061147928237915,0.018037693605984208,0.07331689198811864,0.9323541609404042,0.000125,0.000125,2.5793561935424805,2.506039301554362,2.121213996782899,9.181682854890823,8.689750015735626,0.030213538306100456,0.09634032848869607,0.02333025261759758,0.16800904273986816,2.0102479457855225,0.025509513914585114,0.09213574975728989,0.08655459433794022,0.3505951762199402,1.443111318744411
gpu_seed1102_ckpt300_optimizer_reset,1102,300,optimizer_reset,83,3.0752015113830566,0.01812050379117647,0.05084729194641113,0.652827783780678,0.000125,0.000125,2.5778024196624756,2.5269551277160645,2.1467640306800604,9.275332771241665,8.77697579562664,0.03034311460624967,0.09640859218093899,0.02204115130007267,0.19748584926128387,2.0312931537628174,0.025550033897161484,0.09364991635084152,0.0872257798910141,0.37922203540802,1.4324823163761737
gpu_seed1102_ckpt300_optimizer_reset,1102,300,optimizer_reset,84,3.0896804332733154,0.018205820268172666,0.00017452239990234375,0.002278863816421506,0.000125,0.000125,2.5694664319356284,2.569291909535726,2.172958729788661,9.367244683206081,8.861629344522953,0.030502884622440322,0.09648154005341224,0.02054777927696705,0.2433413714170456,2.04512357711792,0.026194699108600616,0.0919119119644165,0.08465354889631271,0.4086505174636841,1.421877181060126
gpu_seed1102_ckpt300_optimizer_reset,1102,300,optimizer_reset,85,3.1039795875549316,0.018290077471614957,0.0031197071075439453,0.04027644611114667,0.000125,0.000125,2.5595871607462564,2.5564674536387124,2.1978284046053886,9.456885680556297,8.943992279469967,0.030629238119684498,0.09730910379725756,0.019260400906205177,0.2522733211517334,2.057358741760254,0.024869674816727638,0.08964099735021591,0.08236293494701385,0.41948607563972473,1.4122938720099154
gpu_seed1102_ckpt300_optimizer_reset,1102,300,optimizer_reset,86,3.1179049015045166,0.018372131835624195,0.0014775594075517873,0.019046291576952257,0.000125,0.000125,2.555741866429647,2.5572194258371987,2.2234807796776295,9.542320482432842,9.022899240255356,0.030752329833180898,0.09856023058126671,0.018240850418806076,0.23464198410511017,2.062044858932495,0.02565237507224083,0.08543480187654495,0.07890696078538895,0.39487966895103455,1.4022630328089287
gpu_seed1102_ckpt300_optimizer_reset,1102,300,optimizer_reset,87,3.131727933883667,0.01845358350950793,0.019886493682861328,0.2536762337525982,0.000125,0.000125,2.5559447606404624,2.536058266957601,2.2484958972781897,9.628873109817505,9.103374443948269,0.030854731392310458,0.0992027051195322,0.01795867644250393,0.20583583414554596,2.0331218242645264,0.02501511760056019,0.08655262738466263,0.08047520369291306,0.3789285719394684,1.3928101615276414
gpu_seed1102_ckpt300_optimizer_reset,1102,300,optimizer_reset,88,3.1453447341918945,0.01853381996903606,0.001037915547688506,0.013371955272853953,0.000125,0.000125,2.5554262002309165,2.556464115778605,2.275659304112196,9.720951974391937,9.188481472432613,0.03097631547863937,0.09977048274688488,0.023318178951740265,0.21424689888954163,1.993266224861145,0.02716340683400631,0.09207886457443237,0.08510702848434448,0.3944467008113861,1.3821685559462984
gpu_seed1102_ckpt300_optimizer_reset,1102,300,optimizer_reset,89,3.158970594406128,0.01861410981370351,0.024073123931884766,0.3151731807822653,0.000125,0.000125,2.5599655310312905,2.5840386549631753,2.304305534809828,9.809343189001083,9.26976703852415,0.031117073862141135,0.10040105418331544,0.023000553250312805,0.22721192240715027,1.9635558128356934,0.028646230697631836,0.08839121460914612,0.08128556609153748,0.4001203179359436,1.3708991913980122
gpu_seed1102_ckpt300_optimizer_reset,1102,300,optimizer_reset,90,3.17183256149292,0.01868989844820291,0.008882443110147964,0.1154257183838947,0.000125,0.000125,2.560106039047241,2.568988482157389,2.3353656604886055,9.905318520963192,9.35734661668539,0.03125422970947924,0.10086375577024427,0.02835705503821373,0.2230810821056366,1.9237169027328491,0.031060125678777695,0.09597533196210861,0.08757957816123962,0.4202965795993805,1.3581738462438258
gpu_seed1102_ckpt300_optimizer_reset,1102,300,optimizer_reset,91,3.1846835613250732,0.018765622458586283,0.0035158793131508936,0.04558420919144446,0.000125,0.000125,2.5640291372934976,2.5605132579803467,2.368732772767544,10.00309082120657,9.446350798010826,0.031394505108728155,0.10110859382765758,0.026780737563967705,0.21831947565078735,1.8786461353302002,0.03336711227893829,0.09777230024337769,0.08900418132543564,0.4216313362121582,1.3444672180572133
gpu_seed1102_ckpt300_optimizer_reset,1102,300,optimizer_reset,92,3.197605848312378,0.018841766525723794,0.01982386906941702,0.2558734237018818,0.000125,0.000125,2.5676917235056558,2.5478678544362388,2.3995093032717705,10.09645164012909,9.532712392508984,0.031539311964811856,0.10147064271492079,0.0249014925211668,0.21492311358451843,1.8564938306808472,0.030776530504226685,0.09336081892251968,0.0863615944981575,0.3837215304374695,1.3326082311708718
gpu_seed1102_ckpt300_optimizer_reset,1102,300,optimizer_reset,93,3.2107222080230713,0.018919054158740456,0.025503555933634736,0.3271523671966179,0.000125,0.000125,2.5643328030904136,2.538829247156779,2.4294424075633287,10.189967542886734,9.619504615664482,0.031695983192839866,0.10224902085813962,0.024172743782401085,0.21573320031166077,1.8424819707870483,0.029933104291558266,0.09351590275764465,0.0867922231554985,0.376591295003891,1.321588113398426
gpu_seed1102_ckpt300_optimizer_reset,1102,300,optimizer_reset,94,3.2240941524505615,0.018997847814634816,0.015373150507609346,0.19800730702387703,0.000125,0.000125,2.5633581479390464,2.547984997431437,2.458731723949313,10.283381842076778,9.706211000680923,0.03187171667267042,0.10326183092240758,0.022768590599298477,0.21079890429973602,1.8481396436691284,0.02928931638598442,0.0934142991900444,0.08670638501644135,0.3775709569454193,1.3112834235003814
gpu_seed1102_ckpt300_optimizer_reset,1102,300,optimizer_reset,95,3.237426280975342,0.01907640685689058,0.02394413948059082,0.31589609418731435,0.000125,0.000125,2.5676937898000083,2.591637929280599,2.4880849849432707,10.37985958904028,9.796564422547817,0.032070866973895815,0.10429664558343746,0.022363806143403053,0.1937514841556549,1.871751070022583,0.02935326099395752,0.09647774696350098,0.09035342186689377,0.3541443347930908,1.3011719055279196
gpu_seed1102_ckpt300_optimizer_reset,1102,300,optimizer_reset,96,3.2513322830200195,0.019158347426260738,0.03776057561238577,0.4986431383497525,0.000125,0.000125,2.56168540318807,2.5994459788004556,2.517498478293419,10.475380204617977,9.886545583605766,0.032307145536719976,0.10491761357091794,0.02187606319785118,0.19789940118789673,1.9149054288864136,0.0294134933501482,0.09552061557769775,0.08998116105794907,0.3368335962295532,1.2914932465908642
gpu_seed1102_ckpt300_optimizer_reset,1102,300,optimizer_reset,97,3.265474319458008,0.019241678818997427,0.06623959541320801,0.8877144371690964,0.000125,0.000125,2.5620690981547036,2.6283086935679116,2.5472252182662487,10.5689657330513,9.973959758877754,0.03255671039993711,0.10548652661213526,0.022483915090560913,0.24420006573200226,1.9591103792190552,0.02972673997282982,0.0935855284333229,0.08741417527198792,0.3595789968967438,1.281973143183369
gpu_seed1102_ckpt300_optimizer_reset,1102,300,optimizer_reset,98,3.279503107070923,0.019324342897492595,0.048232078552246094,0.6420379078773415,0.000125,0.000125,2.5644100507100425,2.6126421292622886,2.576654240489006,10.664144560694695,10.062406547367573,0.03274913010445765,0.10566138870306613,0.02196413092315197,0.2828945219516754,2.0004143714904785,0.02942902222275734,0.09517882764339447,0.08844678848981857,0.3752637207508087,1.2727757785799212
gpu_seed1102_ckpt300_optimizer_reset,1102,300,optimizer_reset,99,3.293790817260742,0.019408532667074693,0.015937964121500503,0.2099188680340358,0.000125,0.000125,2.570037603378296,2.5859755674997964,2.6073060147464275,10.760871715843678,10.151916325092316,0.032946215749278786,0.10586083107710104,0.02141466550529003,0.32354703545570374,2.0317814350128174,0.030651774257421494,0.096727155148983,0.08950977772474289,0.3851234018802643,1.2632927621960843
gpu_seed1102_ckpt300_optimizer_reset,1102,300,optimizer_reset,100,3.308105945587158,0.01949288399694684,0.002943118413289536,0.03888260139338762,6.25e-05,6.25e-05,2.5796052614847818,2.5825483798980713,2.6374365352094173,10.85725812613964,10.241022355854511,0.03315363142024829,0.10602161468243262,0.02116582728922367,0.3370477259159088,2.0641469955444336,0.030130520462989807,0.09638641029596329,0.08910603076219559,0.3888031542301178,1.254288359709567
gpu_seed1103_ckpt75_optimizer_reset,1103,75,optimizer_reset,0,0.0,0.0,0.0,0.0,0.001,0.001,,,0.0,0.0,0.0,0.0,0.0,0.0,0.0,0.0,,,,,
gpu_seed1103_ckpt75_optimizer_reset,1103,75,optimizer_reset,1,3.6033499240875244,0.021193944605926142,13.319698651631672,6414487148.098245,0.001,0.001,9.262127876281738,22.58182652791341,0.6612775921821594,3.6471848487854004,3.6033496856689453,0.07775538526758614,0.34739348438814666,0.7676447629928589,15.241076469421387,9.621023178100586,0.6612775921821594,3.6471848487854004,3.6033496856689453,0.15654607117176056,5.449073077149536
gpu_seed1103_ckpt75_optimizer_reset,1103,75,optimizer_reset,2,5.488622188568115,0.03228261397811006,20.240383466084797,5570841999074.189,0.001,0.001,9.108183860778809,29.348567326863606,1.2863291501998901,6.3272716999053955,6.28209662437439,0.11145275536437999,0.5128745786544956,0.5557494759559631,28.142160415649414,10.987972259521484,0.6250515580177307,2.680086851119995,2.6787469387054443,0.1187538132071495,4.266887823937551
gpu_seed1103_ckpt75_optimizer_reset,1103,75,optimizer_reset,3,6.879617214202881,0.040464076267784144,13.15752951304118,3392582459.9318266,0.001,0.001,8.78732967376709,21.94485918680827,1.8699478507041931,8.650957107543945,8.629578113555908,0.13360783178243657,0.5980319024512698,0.48588255047798157,33.58134841918945,11.038652420043945,0.583618700504303,2.32368540763855,2.3474814891815186,0.08459840714931488,3.679042285381619
gpu_seed1103_ckpt75_optimizer_reset,1103,75,optimizer_reset,4,8.194223403930664,0.04819623976860031,9.793289820353188,28749206.002382584,0.001,0.001,7.380886713663737,17.174176534016926,2.443720757961273,10.728986740112305,10.724194765090942,0.15503574122910468,0.6634203210920193,0.4246935546398163,15.949406623840332,10.984492301940918,0.5737729072570801,2.0780296325683594,2.094616651535034,0.10903305560350418,3.3531750210132514
gpu_seed1103_ckpt75_optimizer_reset,1103,75,optimizer_reset,5,9.375537872314453,0.05514441686284829,7.167237440745036,2300482.1290555242,0.001,0.001,7.482163588205974,14.64940102895101,3.0197898149490356,12.688786745071411,12.714413523674011,0.17422251712869033,0.7209579225598564,0.4219145178794861,16.972198486328125,10.918681144714355,0.5760690569877625,1.9598000049591064,1.9902187585830688,0.09375766664743423,3.104698819069822
gpu_seed1103_ckpt75_optimizer_reset,1103,75,optimizer_reset,6,10.483856201171875,0.06166325010480302,9.411648432413738,40950746.48775854,0.001,0.001,8.116313934326172,17.52796236673991,3.591965436935425,14.497848629951477,14.56795859336853,0.1907069410615573,0.76908664343508,0.3863547146320343,12.271424293518066,9.42763614654541,0.5721756219863892,1.809061884880066,1.853545069694519,0.0794418677687645,2.9186962918311155
gpu_seed1103_ckpt75_optimizer_reset,1103,75,optimizer_reset,7,11.48582649230957,0.06755657251160023,7.630388259887694,2446748.0976237934,0.001,0.001,7.080367724100749,14.710755983988443,4.1282519698143005,16.173120498657227,16.29580509662628,0.20368357169244775,0.8044003532657132,0.3700917959213257,4.611248970031738,8.591185569763184,0.5362865328788757,1.6752718687057495,1.7278465032577515,0.06048660725355148,2.78224938213339
gpu_seed1103_ckpt75_optimizer_reset,1103,75,optimizer_reset,8,12.430852890014648,0.07311496610257828,3.657367229461671,42087.99248486333,0.001,0.001,7.0162895520528155,10.673656781514486,4.676104724407196,17.76169490814209,17.950965881347656,0.21612874845407548,0.8396649332577754,0.36359456181526184,7.326137065887451,9.089651107788086,0.5478527545928955,1.5885744094848633,1.6551607847213745,0.04834748059511185,2.658377778651629
gpu_seed1103_ckpt75_optimizer_reset,1103,75,optimizer_reset,9,13.350777626037598,0.07852571840464032,7.479814688364665,889372.2622314522,0.001,0.001,6.219021002451579,13.698835690816244,5.171974837779999,19.24738049507141,19.494186997413635,0.22859728028951948,0.8749368137983194,0.3465172052383423,10.375595092773438,10.140766143798828,0.49587011337280273,1.4856855869293213,1.543221116065979,0.04860636219382286,2.58136940816318
gpu_seed1103_ckpt75_optimizer_reset,1103,75,optimizer_reset,10,14.173686981201172,0.0833658520737154,4.523380597432454,42371.18426276443,0.001,0.001,6.141754786173503,10.665135383605957,5.661571979522705,20.66402232646942,20.97422468662262,0.23947377348028095,0.9009334174215581,0.3207663297653198,5.737539291381836,10.7059965133667,0.4895971417427063,1.4166418313980103,1.4800376892089844,0.04041897878050804,2.5034896725615012
gpu_seed1103_ckpt75_optimizer_reset,1103,75,optimizer_reset,11,14.955896377563477,0.0879665994243729,7.8028011322021475,828207.5486353548,0.001,0.001,5.824626604715983,13.627427736918131,6.116749405860901,21.991309881210327,22.357501983642578,0.24997305146695364,0.9268158132636873,0.2967816889286041,13.55563735961914,11.932024955749512,0.4551774263381958,1.3272875547409058,1.3832772970199585,0.04586812108755112,2.445072600690606
gpu_seed1103_ckpt75_optimizer_reset,1103,75,optimizer_reset,12,15.682538032531738,0.09224051211900405,7.6818208694458,1721082.929223629,0.001,0.001,6.677104632059733,14.358925501505533,6.597841948270798,23.245564937591553,23.676624536514282,0.25947446713980105,0.9634480131321328,0.29973411560058594,16.474302291870117,11.771964073181152,0.48109254240989685,1.2542550563812256,1.319122552871704,0.05346378684043884,2.3769193253620657
gpu_seed1103_ckpt75_optimizer_reset,1103,75,optimizer_reset,13,16.37483787536621,0.0963124354206081,6.083527565002442,336869.5567291805,0.001,0.001,6.646206219991048,12.72973378499349,7.079175740480423,24.392070651054382,24.898229718208313,0.26817638825833534,0.9983086864232634,0.2758495807647705,8.561511993408203,11.053361892700195,0.48133379220962524,1.1465057134628296,1.2216051816940308,0.048779577016830444,2.3130995013626587
gpu_seed1103_ckpt75_optimizer_reset,1103,75,optimizer_reset,14,17.033578872680664,0.10018697453028685,4.398906230926515,124472.1099506232,0.001,0.001,7.345297654469808,11.744203885396322,7.6915474236011505,25.480085730552673,26.12702763080597,0.2761404554507367,1.0306609676444791,0.2864888310432434,15.62990951538086,11.307917594909668,0.6123716831207275,1.088015079498291,1.2287979125976562,0.03664565086364746,2.214584131719934
gpu_seed1103_ckpt75_optimizer_reset,1103,75,optimizer_reset,15,17.65169906616211,0.10382259288999071,5.528343677520751,279269.64071887074,0.001,0.001,7.015569845835368,12.54391352335612,8.378176599740982,26.5159592628479,27.348399996757507,0.2828659053175003,1.0461194539244438,0.32624551653862,12.710268020629883,10.934244155883789,0.6866291761398315,1.035873532295227,1.221372365951538,0.03707714378833771,2.1068664351985276
gpu_seed1103_ckpt75_optimizer_reset,1103,75,optimizer_reset,16,18.244089126586914,0.10730687345952876,4.043408393859862,133599.12009397263,0.001,0.001,7.776883761088054,11.820292154947916,9.067648261785507,27.523174166679382,28.551803827285767,0.2896350932337265,1.070033156648553,0.3199984133243561,6.396057605743408,10.322503089904785,0.6894716620445251,1.007214903831482,1.2034038305282593,0.030003931373357773,2.0119978852148885
gpu_seed1103_ckpt75_optimizer_reset,1103,75,optimizer_reset,17,18.798980712890625,0.11057059799091559,4.08532460530599,192814.6288203697,0.001,0.001,8.101120630900065,12.186445236206055,9.743783682584763,28.510996341705322,29.72863495349884,0.29493953292662706,1.0784268516891717,0.32126644253730774,11.41085147857666,9.94003963470459,0.6761354207992554,0.9878221750259399,1.1768311262130737,0.03594858571887016,1.9293306712554024
gpu_seed1103_ckpt75_optimizer_reset,1103,75,optimizer_reset,18,19.32261085510254,0.1136504510337318,4.143933931986491,173648.94516647936,0.001,0.001,7.93684450785319,12.080778439839682,10.377615064382553,29.447238445281982,30.8396874666214,0.29918281588706563,1.0780633914052573,0.30324819684028625,8.464461326599121,9.428022384643555,0.6338313817977905,0.9362421035766602,1.1110525131225586,0.036950141191482544,1.8619510104415626
gpu_seed1103_ckpt75_optimizer_reset,1103,75,optimizer_reset,19,19.82700538635254,0.11661716533571612,1.984084129333496,32246.736464353544,0.001,0.001,8.545015652974447,10.529099782307943,10.97582295536995,30.345528960227966,31.90287756919861,0.3028532045570305,1.0748864308975348,0.2830173671245575,6.290596008300781,8.706498146057129,0.5982078909873962,0.8982905149459839,1.0631901025772095,0.032013166695833206,1.8064254012634486
gpu_seed1103_ckpt75_optimizer_reset,1103,75,optimizer_reset,20,20.31144905090332,0.11946653395310931,1.898995717366537,21419.805400695852,0.001,0.001,8.23526382446289,10.134259541829428,11.55324700474739,31.221099078655243,32.93747532367706,0.3065528132460894,1.0741700669325083,0.27519726753234863,9.854394912719727,8.270856857299805,0.5774240493774414,0.8755701184272766,1.0345977544784546,0.029321959242224693,1.7580727775105391
gpu_seed1103_ckpt75_optimizer_reset,1103,75,optimizer_reset,21,20.777830123901367,0.12220966321743577,2.5110723177591963,5944.996396064579,0.001,0.001,6.263899167378743,8.77497148513794,12.143316119909286,32.10755127668381,33.990535616874695,0.31007359806683493,1.0778436835799319,0.27965736389160156,9.881052017211914,7.9808831214904785,0.5900691151618958,0.8864521980285645,1.0530602931976318,0.02393842488527298,1.711050747483536
gpu_seed1103_ckpt75_optimizer_reset,1103,75,optimizer_reset,22,21.235673904418945,0.1249025784010519,2.2044386863708496,2871.4498708227184,0.001,0.001,5.87501859664917,8.07945728302002,12.734722822904587,32.974802136421204,35.02803957462311,0.3136125790933408,1.0794176365608044,0.2763737142086029,7.0017194747924805,7.82528829574585,0.5914067029953003,0.8672508597373962,1.037503957748413,0.024830974638462067,1.6675411157141904
gpu_seed1103_ckpt75_optimizer_reset,1103,75,optimizer_reset,23,21.674320220947266,0.12748257921416997,1.082497914632162,883.4791892033987,0.001,0.001,6.1149905522664385,7.197488466898601,13.330576568841934,33.815563678741455,36.04543888568878,0.317294585767744,1.0815823739101793,0.2880061864852905,9.556920051574707,8.059650421142578,0.5958537459373474,0.8407615423202515,1.0173993110656738,0.026768308132886887,1.625910185430828
gpu_seed1103_ckpt75_optimizer_reset,1103,75,optimizer_reset,24,22.088838577270508,0.12992066579114295,1.0406988461812334,665.159919073804,0.001,0.001,5.895058790842692,6.935757637023926,13.876863986253738,34.696494817733765,37.072620153427124,0.3204714028151463,1.0862260533470771,0.2690368890762329,4.374325752258301,8.64411449432373,0.5462874174118042,0.8809311389923096,1.0271812677383423,0.020123347640037537,1.5917745247881556
gpu_seed1103_ckpt75_optimizer_reset,1103,75,optimizer_reset,25,22.48581886291504,0.1322555981071393,1.9061676661173506,1466.1744017708543,0.0005,0.0005,5.545174916585286,7.451342582702637,14.40147677063942,35.54273593425751,38.058343291282654,0.3235435318975035,1.094011774190342,0.2590574324131012,4.352962970733643,9.414270401000977,0.5246127843856812,0.8462411165237427,0.9857231378555298,0.022178882732987404,1.5613550763596529
gpu_seed1103_ckpt75_optimizer_reset,1103,75,optimizer_reset,26,22.67222785949707,0.13335200618041468,1.0913200378417969,636.6144019695855,0.0005,0.0005,5.773975372314453,6.86529541015625,14.651462107896805,35.93928933143616,38.521923899650574,0.3248472822163108,1.0966142952336486,0.1196466013789177,4.316029071807861,9.391756057739258,0.24998533725738525,0.3965533971786499,0.4635806083679199,0.024413226172327995,1.5474379070520006
gpu_seed1103_ckpt75_optimizer_reset,1103,75,optimizer_reset,27,22.8436279296875,0.13436013574584615,0.7964444160461426,516.7875538768083,0.0005,0.0005,6.0507157643636065,6.847160180409749,14.901585638523102,36.31270328164101,38.96559461951256,0.3258554455241612,1.0967692973391054,0.11804584413766861,3.1256914138793945,9.092622756958008,0.250123530626297,0.37341395020484924,0.44367071986198425,0.02760210633277893,1.5329662549890901
gpu_seed1103_ckpt75_optimizer_reset,1103,75,optimizer_reset,28,23.000438690185547,0.13528245487710575,0.5755379994710283,212.02113907183735,0.0005,0.0005,5.607603073120117,6.1831410725911455,15.150854974985123,36.688385754823685,39.410748928785324,0.3266393857477937,1.0931141758600171,0.11567982286214828,3.062540292739868,8.562565803527832,0.24926933646202087,0.3756824731826782,0.4451543092727661,0.027284525334835052,1.518095099461977
gpu_seed1103_ckpt75_optimizer_reset,1103,75,optimizer_reset,29,23.144573211669922,0.13613021574643488,0.5177977879842119,156.55331767744468,0.0005,0.0005,5.441521644592285,5.959319432576497,15.435942590236664,37.049697667360306,39.86449971795082,0.3272017922434687,1.0879811070456786,0.12788443267345428,5.112287998199463,8.156831741333008,0.28508761525154114,0.3613119125366211,0.4537507891654968,0.028791962191462517,1.4993948750695354
gpu_seed1103_ckpt75_optimizer_reset,1103,75,optimizer_reset,30,23.278276443481445,0.13691662254797923,0.2374545733133946,85.19173371493628,0.0005,0.0005,5.761607805887858,5.999062379201253,15.697598397731781,37.40157634019852,40.2962392270565,0.32778961653155486,1.0837214518534497,0.1169382631778717,4.787153244018555,7.7694501876831055,0.2616558074951172,0.35187867283821106,0.4317395091056824,0.031950004398822784,1.4829196067879753
gpu_seed1103_ckpt75_optimizer_reset,1103,75,optimizer_reset,31,23.403276443481445,0.13765183925786112,1.5592560768127441,626.0651044635224,0.0005,0.0005,5.116290887196858,6.675546964009603,15.956260114908218,37.752045810222626,40.72770220041275,0.32844080025111083,1.0820835368037982,0.11556659638881683,3.720482110977173,7.529318332672119,0.2586617171764374,0.3504694700241089,0.43146297335624695,0.0197149571031332,1.4667143976685288
gpu_seed1103_ckpt75_optimizer_reset,1103,75,optimizer_reset,32,23.520156860351562,0.13833929874218806,1.6430309613545733,526.9211796432263,0.0005,0.0005,4.8389387130737305,6.481969674428304,16.21045622229576,38.08459225296974,41.14104852080345,0.3288832586950669,1.0804568611525667,0.11293955892324448,4.581628322601318,7.269631862640381,0.2541961073875427,0.3325464427471161,0.4133463203907013,0.025715801864862442,1.4509250410855579
gpu_seed1103_ckpt75_optimizer_reset,1103,75,optimizer_reset,33,23.627439498901367,0.13897030665052434,0.6301385561625166,117.39804761750864,0.0005,0.0005,4.89582618077596,5.525964736938477,16.461243838071823,38.41249993443489,41.54727894067764,0.32923648343001777,1.079327183763876,0.11089704185724258,4.666668891906738,6.981625080108643,0.250787615776062,0.3279076814651489,0.4062304198741913,0.0328005813062191,1.4353374344807421
gpu_seed1103_ckpt75_optimizer_reset,1103,75,optimizer_reset,34,23.728635787963867,0.13956551627209865,0.33771546681721976,53.903845251936275,0.0005,0.0005,4.899147987365723,5.236863454182942,16.703696951270103,38.751519948244095,41.958803445100784,0.3295441085806765,1.0788842976285338,0.11270863562822342,3.771109104156494,6.64814567565918,0.24245311319828033,0.3390200138092041,0.4115245044231415,0.026556141674518585,1.420561918549306
gpu_seed1103_ckpt75_optimizer_reset,1103,75,optimizer_reset,35,23.82659912109375,0.14014171050788118,0.2772968610127764,42.93111382057535,0.0005,0.0005,4.900413195292155,5.177710056304932,16.951342076063156,39.06584179401398,42.35365417599678,0.32987125421041125,1.0788976158522314,0.11024811863899231,3.298138380050659,6.411213397979736,0.24764512479305267,0.3143218457698822,0.3948507308959961,0.027101917192339897,1.4055877708194964
gpu_seed1103_ckpt75_optimizer_reset,1103,75,optimizer_reset,36,23.919523239135742,0.14068826542256524,0.17764870325724313,20.697188285917775,0.0005,0.0005,4.667806148529053,4.845454851786296,17.18852685391903,39.36785900592804,42.73260521888733,0.3302284196635677,1.078846259308287,0.10644436627626419,2.906989574432373,6.235366344451904,0.2371847778558731,0.3020172119140625,0.3789510428905487,0.02699238806962967,1.391598212134197
gpu_seed1103_ckpt75_optimizer_reset,1103,75,optimizer_reset,37,24.00716781616211,0.14120376748304778,0.10404427846272757,9.893875375497643,0.0005,0.0005,4.502381483713786,4.606425762176514,17.415006652474403,39.655579179525375,43.09398749470711,0.3305364206259173,1.0786375940897253,0.09856455028057098,2.4226632118225098,6.104474067687988,0.22647979855537415,0.2877201735973358,0.36138227581977844,0.026693353429436684,1.3785333703992404
gpu_seed1103_ckpt75_optimizer_reset,1103,75,optimizer_reset,38,24.088903427124023,0.14168451457882061,0.12137715021769235,9.299608264602469,0.0005,0.0005,4.277522563934326,4.3988997141520185,17.64262306690216,39.943005472421646,43.45611849427223,0.3308604873614425,1.0793000712112553,0.09654071927070618,2.7731833457946777,6.0295491218566895,0.22761641442775726,0.28742629289627075,0.3621309995651245,0.02510005794465542,1.3653810624290796
gpu_seed1103_ckpt75_optimizer_reset,1103,75,optimizer_reset,39,24.165761947631836,0.14213657592741374,0.09713872273762991,6.982068560529314,0.0005,0.0005,4.2259979248046875,4.323136647542317,17.874263241887093,40.24182632565498,43.829866379499435,0.3307151904980742,1.0747715250042094,0.10237341374158859,3.8186819553375244,5.9424824714660645,0.23164017498493195,0.2988208532333374,0.37374788522720337,0.023574430495500565,1.35198646347558
gpu_seed1103_ckpt75_optimizer_reset,1103,75,optimizer_reset,40,24.23879623413086,0.14256614415004082,0.283294041951498,18.25425454883824,0.0005,0.0005,4.020679314931233,4.303973356882731,18.122417524456978,40.516674906015396,44.19685736298561,0.3305262041965485,1.070137243002973,0.10930075496435165,3.8232951164245605,5.865201950073242,0.24815428256988525,0.2748485803604126,0.36699098348617554,0.017886625602841377,1.3375034650547164
gpu_seed1103_ckpt75_optimizer_reset,1103,75,optimizer_reset,41,24.308828353881836,0.14297805442739575,0.01456030209859227,0.7987174804373041,0.0005,0.0005,3.997419516245524,4.011979818344116,18.358401343226433,40.79911869764328,44.56176534295082,0.3304746694257768,1.0672366835619926,0.1086023598909378,3.399076461791992,5.768465518951416,0.23598381876945496,0.2824437916278839,0.36490797996520996,0.01729145459830761,1.3241255542574555
gpu_seed1103_ckpt75_optimizer_reset,1103,75,optimizer_reset,42,24.37468910217285,0.14336542980874678,0.23121293385823583,10.731426067669986,0.0005,0.0005,3.950972636540731,3.719759702682495,18.584158644080162,41.071575343608856,44.911690056324005,0.3304773455909083,1.064700771227683,0.10378109663724899,3.020979404449463,5.669859886169434,0.22575730085372925,0.27245664596557617,0.3499247133731842,0.02236810512840748,1.311584213683836
gpu_seed1103_ckpt75_optimizer_reset,1103,75,optimizer_reset,43,24.4364013671875,0.1437284049162942,0.07440376281738281,3.513006032406402,0.0005,0.0005,3.8916920820871987,3.817288319269816,18.813477709889412,41.33959063887596,45.26051712036133,0.33040012957471887,1.062032016793267,0.10153445601463318,2.5638086795806885,5.544753551483154,0.22931906580924988,0.2680152952671051,0.348827064037323,0.02228325419127941,1.298877418837936
gpu_seed1103_ckpt75_optimizer_reset,1103,75,optimizer_reset,44,24.494461059570312,0.14406989656437777,0.3660397529602055,17.031041331806414,0.0005,0.0005,4.017494360605876,3.6514546076456704,19.0416359603405,41.6029257774353,45.605096846818924,0.3303924316801672,1.060500033445546,0.10452080518007278,2.667044162750244,5.484500408172607,0.22815825045108795,0.26333513855934143,0.3445797264575958,0.022189559414982796,1.2863632678718127
gpu_seed1103_ckpt75_optimizer_reset,1103,75,optimizer_reset,45,24.547822952270508,0.14438375700585065,0.15836882591247559,7.318064367021449,0.0005,0.0005,3.911314090092977,3.7529452641805015,19.254620730876923,41.85976582765579,45.935457825660706,0.3305380770324667,1.0613870366555211,0.09766624122858047,2.734229326248169,5.411251544952393,0.21298477053642273,0.2568400502204895,0.3303609788417816,0.020025869831442833,1.2749055561974314
gpu_seed1103_ckpt75_optimizer_reset,1103,75,optimizer_reset,46,24.598600387573242,0.14468241635720677,0.15301569302876805,7.097446034804179,0.0005,0.0005,3.912482261657715,3.759466568628947,19.465849205851555,42.111018508672714,46.260107189416885,0.3307475902295905,1.062491612143928,0.09266025573015213,2.5236599445343018,5.31594705581665,0.21122847497463226,0.251252681016922,0.3246493637561798,0.022122493013739586,1.2636797977545973
gpu_seed1103_ckpt75_optimizer_reset,1103,75,optimizer_reset,47,24.64873695373535,0.14497730628695463,0.05745855967203761,2.7141384603305383,0.0005,0.0005,3.826299031575521,3.8837575912475586,19.65828800201416,42.35048024356365,46.56431794166565,0.33102166407759054,1.0630357008642592,0.08382515609264374,2.2855210304260254,5.200780391693115,0.19243879616260529,0.2394617348909378,0.30421075224876404,0.019860701635479927,1.253859794464738
gpu_seed1103_ckpt75_optimizer_reset,1103,75,optimizer_reset,48,24.696815490722656,0.14526009143719254,0.4195031325022378,22.927947751352065,0.0005,0.0005,3.7839674154917398,4.203470547993978,19.836179941892624,42.5780109167099,46.85041496157646,0.3312765609960661,1.0628792715507667,0.08186440914869308,2.3104088306427,5.029340744018555,0.17789193987846375,0.22753067314624786,0.2860970199108124,0.01932312361896038,1.2450388917154087
gpu_seed1103_ckpt75_optimizer_reset,1103,75,optimizer_reset,49,24.742496490478516,0.1455287749119495,0.5196388562520342,29.342496135935377,0.0005,0.0005,3.762612819671631,4.282251675923665,20.004677668213844,42.792507633566856,47.12075820565224,0.33150848760276774,1.0635931094863564,0.07493599504232407,1.9270944595336914,4.838316917419434,0.1684977263212204,0.21449671685695648,0.27034324407577515,0.01819012686610222,1.23683554920715
gpu_seed1103_ckpt75_optimizer_reset,1103,75,optimizer_reset,50,24.785018920898438,0.14577888052306562,0.31104302406311035,15.201770283075504,0.0005,0.0005,3.7296864986419678,4.040729522705078,20.174526005983353,43.02327896654606,47.404556542634964,0.3318384126168267,1.0677032644624977,0.07528373599052429,1.4485949277877808,4.731131076812744,0.16984833776950836,0.23077133297920227,0.28379833698272705,0.0199301578104496,1.2285304206674537
gpu_seed1103_ckpt75_optimizer_reset,1103,75,optimizer_reset,51,24.824913024902344,0.14601352701818113,0.5088699658711753,19.87113922012037,0.0005,0.0005,3.399629831314087,3.908499797185262,20.363436847925186,43.25254735350609,47.69887724518776,0.3317116420041574,1.0666986153505618,0.08566410839557648,1.481533408164978,4.675864219665527,0.1889108419418335,0.2292683869600296,0.2943207025527954,0.018778283149003983,1.2190924945673165
gpu_seed1103_ckpt75_optimizer_reset,1103,75,optimizer_reset,52,24.861543655395508,0.1462289786312378,0.2235813935597739,7.480167914907877,0.0005,0.0005,3.3963623046875,3.619943698247274,20.53910145163536,43.47963286936283,47.98237070441246,0.33161761606044327,1.0659127369400552,0.07969234138727188,1.434661626815796,4.635104656219482,0.17566460371017456,0.22708551585674286,0.2834934592247009,0.02578701451420784,1.2104494305136595
gpu_seed1103_ckpt75_optimizer_reset,1103,75,optimizer_reset,53,24.896459579467773,0.14643434479778897,0.48187096913655614,18.577887971321573,0.0005,0.0005,3.4014591375986734,3.8833301067352295,20.711655482649803,43.69585111737251,48.255749583244324,0.33147578379122483,1.063526689357404,0.08257569372653961,1.984944462776184,4.61923885345459,0.17255403101444244,0.2162182480096817,0.2733788788318634,0.02397805266082287,1.2020506810922182
gpu_seed1103_ckpt75_optimizer_reset,1103,75,optimizer_reset,54,24.928762435913086,0.14662434159647306,0.4056982199350996,15.611797829025196,0.0005,0.0005,3.4404749075571694,3.846173127492269,20.88253827393055,43.89984892308712,48.51875528693199,0.33141762619465787,1.06146483750792,0.08307234942913055,2.454193115234375,4.570914268493652,0.17088279128074646,0.20399780571460724,0.26300570368766785,0.02358069270849228,1.1937611275460986
gpu_seed1103_ckpt75_optimizer_reset,1103,75,optimizer_reset,55,24.959949493408203,0.1468077755628927,0.5287394523620601,27.076653270116992,0.0005,0.0005,3.6599400838216147,4.188679536183675,21.0568864941597,44.11573752760887,48.79353055357933,0.331421608394985,1.0600670389057842,0.09356339275836945,3.225980043411255,4.497101783752441,0.17434822022914886,0.2158886045217514,0.27477526664733887,0.019975584000349045,1.1853580300359157
gpu_seed1103_ckpt75_optimizer_reset,1103,75,optimizer_reset,56,24.989011764526367,0.14697871210171823,0.18666974703470895,6.798314963258882,0.0005,0.0005,3.500302712122599,3.686972459157308,21.221797421574593,44.32376182079315,49.055951714515686,0.3313389904651668,1.0584979475266498,0.08052647113800049,2.4374194145202637,4.27394962310791,0.1649109274148941,0.2080242931842804,0.2624211609363556,0.0233905091881752,1.177516271035589
gpu_seed1103_ckpt75_optimizer_reset,1103,75,optimizer_reset,57,25.017244338989258,0.14714476858578304,0.23219434420267726,7.450825605497517,0.0005,0.0005,3.3501628239949546,3.582357168197632,21.387108400464058,44.5471917539835,49.33229446411133,0.3312675553755305,1.0582341534394508,0.07917270064353943,1.5339078903198242,4.041997909545898,0.16531097888946533,0.22342993319034576,0.2763427495956421,0.011957760900259018,1.169734770617484
gpu_seed1103_ckpt75_optimizer_reset,1103,75,optimizer_reset,58,25.045373916625977,0.14731021926994653,0.3885948657989502,14.530774324344986,0.0005,0.0005,3.420905272165934,3.8095001379648843,21.579947501420975,44.751381650567055,49.61254274845123,0.3311788770419608,1.0576799740602987,0.08563433587551117,1.3662145137786865,3.9337844848632812,0.1928391009569168,0.20418989658355713,0.2802482843399048,0.004334303084760904,1.1605854886799727
gpu_seed1103_ckpt75_optimizer_reset,1103,75,optimizer_reset,59,25.072315216064453,0.14746868081821132,0.42969163258870413,18.93590803860485,0.0005,0.0005,3.5632203420003257,3.99291197458903,21.75950452685356,44.98444648087025,49.903507232666016,0.3310924064581888,1.0572483643054917,0.08324149250984192,1.6123460531234741,3.8669559955596924,0.17955702543258667,0.23306483030319214,0.2909644842147827,0.022696342319250107,1.152246604931715
gpu_seed1103_ckpt75_optimizer_reset,1103,75,optimizer_reset,60,25.09804916381836,0.14762004104541052,0.4315232435862222,17.959836071830303,0.0005,0.0005,3.5050633748372397,3.936586618423462,21.931556776165962,45.21096622943878,50.18468567728996,0.3313395135850753,1.0610884599781658,0.08577286452054977,1.8609483242034912,3.87778902053833,0.17205224931240082,0.22651974856853485,0.28117844462394714,0.023757999762892723,1.1443806483948475
gpu_seed1103_ckpt75_optimizer_reset,1103,75,optimizer_reset,61,25.123600006103516,0.14777032429500736,0.7773555914560952,39.23298003077882,0.0005,0.0005,3.5076444943745932,4.2850000858306885,22.091587021946907,45.43853376805782,50.460088312625885,0.33174143350933877,1.0657088603996847,0.08062402158975601,2.307384967803955,3.936478853225708,0.16003024578094482,0.22756753861904144,0.27540263533592224,0.021281544119119644,1.137247404685925
gpu_seed1103_ckpt75_optimizer_reset,1103,75,optimizer_reset,62,25.146549224853516,0.14790530548783723,0.3257923126220703,13.435196908345183,0.0005,0.0005,3.552058299382528,3.877850612004598,22.24718350172043,45.67043296992779,50.73704591393471,0.3320230048162587,1.0688167400798376,0.0759953036904335,2.144751787185669,3.9926230907440186,0.15559647977352142,0.2318992018699646,0.27695760130882263,0.0177646204829216,1.1303250689197464
gpu_seed1103_ckpt75_optimizer_reset,1103,75,optimizer_reset,63,25.168537139892578,0.1480346325482547,0.4191865921020508,17.243510427431907,0.0005,0.0005,3.4999708334604898,3.9191574255625405,22.401286482810974,45.9047988653183,51.015311658382416,0.3319041112633132,1.0668437734646552,0.07784851640462875,1.8451110124588013,4.051634788513184,0.15410298109054565,0.23436589539051056,0.27826574444770813,0.017212020233273506,1.123530881103809
gpu_seed1103_ckpt75_optimizer_reset,1103,75,optimizer_reset,64,25.190446853637695,0.1481634996494878,0.4520965417226157,18.47271682579119,0.0005,0.0005,3.475604295730591,3.9277008374532065,22.546944066882133,46.131064519286156,51.28189918398857,0.3317373951960113,1.0635194944601063,0.07289554923772812,1.7618014812469482,4.127385139465332,0.14565758407115936,0.22626565396785736,0.2665875256061554,0.020380506291985512,1.1172443936931271
gpu_seed1103_ckpt75_optimizer_reset,1103,75,optimizer_reset,65,25.211864471435547,0.14828947237341455,0.7133725484212241,30.313259580907996,0.0005,0.0005,3.3715354601542153,4.0849080085754395,22.69284661114216,46.33633925020695,51.530979976058006,0.33148090486052334,1.0589024249857972,0.07110647857189178,2.1043903827667236,4.178343772888184,0.14590254426002502,0.20527473092079163,0.24908079206943512,0.023105554282665253,1.1110049304724707
gpu_seed1103_ckpt75_optimizer_reset,1103,75,optimizer_reset,66,25.231952667236328,0.14840762579120745,0.6827219327290854,28.64054224112509,0.0005,0.0005,3.375783602396647,4.058505535125732,22.835127651691437,46.53470067679882,51.771977335214615,0.33122958039520983,1.0536553963869641,0.06745532155036926,2.250565767288208,4.195306777954102,0.14228104054927826,0.19836142659187317,0.24099735915660858,0.02677624486386776,1.1049621903631552
gpu_seed1103_ckpt75_optimizer_reset,1103,75,optimizer_reset,67,25.25092315673828,0.14851920515821926,0.44465510050455714,17.487569805002625,0.0005,0.0005,3.4413944085439048,3.886049509048462,22.970679059624672,46.73151156306267,52.00830724835396,0.33094368157036874,1.0490021065650066,0.06609644740819931,2.1902687549591064,4.163950443267822,0.13555140793323517,0.19681088626384735,0.23632991313934326,0.023556547239422798,1.09926759636464
gpu_seed1103_ckpt75_optimizer_reset,1103,75,optimizer_reset,68,25.269241333007812,0.14862694779252264,0.20273876190185547,7.214081899218513,0.0005,0.0005,3.4687905311584473,3.6715292930603027,23.09860736131668,46.937913954257965,52.24725629389286,0.3307338938871096,1.0465728144486781,0.074192114174366,2.062020778656006,4.123663425445557,0.12792830169200897,0.20640239119529724,0.23894904553890228,0.03542839363217354,1.0939725039581913
gpu_seed1103_ckpt75_optimizer_reset,1103,75,optimizer_reset,69,25.286792755126953,0.1487301805831161,0.41508205731709813,15.058934638147338,0.0005,0.0005,3.3765408992767334,3.7916229565938315,23.230822712183,47.1425266712904,52.487378761172295,0.33063519175908235,1.044966379052616,0.07148575782775879,1.9337574243545532,4.0821943283081055,0.13221535086631775,0.20461271703243256,0.2401224672794342,0.031206566840410233,1.088501817968963
gpu_seed1103_ckpt75_optimizer_reset,1103,75,optimizer_reset,70,25.30287742614746,0.14882478633437393,0.6057844956715903,22.739421156933048,0.0005,0.0005,3.307194630304972,3.9129791259765625,23.360463604331017,47.33845479786396,52.719130873680115,0.33058438579514576,1.0435839485630878,0.06757331639528275,1.6907148361206055,4.016024112701416,0.12964089214801788,0.19592812657356262,0.23175211250782013,0.029242858290672302,1.0831496264250184
gpu_seed1103_ckpt75_optimizer_reset,1103,75,optimizer_reset,71,25.3179988861084,0.14891372673470266,0.8387449582417807,34.36399382481906,0.0005,0.0005,3.26434318224589,4.103088140487671,23.486290886998177,47.52716983854771,52.942621514201164,0.3305426923471794,1.041796922260787,0.06697801500558853,1.740821361541748,3.9494998455047607,0.12582728266716003,0.18871504068374634,0.2234906405210495,0.0315386988222599,1.0779905182952139
gpu_seed1103_ckpt75_optimizer_reset,1103,75,optimizer_reset,72,25.332324981689453,0.1489979890135711,0.8584243456522627,35.638228732261624,0.0005,0.0005,3.266345977783203,4.124770323435466,23.61045490950346,47.70360139012337,53.1544354557991,0.3305193867162575,1.041114828688816,0.060805775225162506,1.6180689334869385,3.845445394515991,0.12416402250528336,0.1764315515756607,0.21181394159793854,0.038336846977472305,1.0729282887087386
gpu_seed1103_ckpt75_optimizer_reset,1103,75,optimizer_reset,73,25.345426559448242,0.14907504900472374,0.7384293079376216,29.793629028482115,0.0005,0.0005,3.305692275365194,4.0441215833028155,23.73136867582798,47.88461375236511,53.36842779815197,0.3305414501062583,1.0407311856747665,0.05885456129908562,1.3560463190078735,3.7218401432037354,0.12091376632452011,0.181012362241745,0.21399234235286713,0.036389220505952835,1.0680136871019674
gpu_seed1103_ckpt75_optimizer_reset,1103,75,optimizer_reset,74,25.358463287353516,0.14915172756630887,0.3722035090128579,12.318171420807065,0.0005,0.0005,3.3075226147969565,3.6797261238098145,23.85592520236969,48.068431839346886,53.58715707063675,0.33056944338381283,1.0403424220205857,0.0643557757139206,1.0812221765518188,3.6054675579071045,0.1245565265417099,0.18381808698177338,0.21872927248477936,0.0319037139415741,1.0629838529521174
gpu_seed1103_ckpt75_optimizer_reset,1103,75,optimizer_reset,75,25.371360778808594,0.1492275871761755,0.1457382043202715,4.542122973624398,0.0005,0.0005,3.3655839761098227,3.5113221804300943,23.976737469434738,48.24602344632149,53.79831722378731,0.3305850549964002,1.0398755513674718,0.06107142195105553,1.1929676532745361,3.5397677421569824,0.12081226706504822,0.17759160697460175,0.21116015315055847,0.036023154854774475,1.0581656829312431
gpu_seed1103_ckpt75_optimizer_reset,1103,75,optimizer_reset,76,25.38390350341797,0.1493013601419376,0.033834218978881836,1.0085675712871875,0.0005,0.0005,3.4116830825805664,3.3778488636016846,24.09621389210224,48.43124412000179,54.0146042406559,0.3306052982055878,1.0402065156692348,0.06095985323190689,0.9712457656860352,3.48258900642395,0.11947642266750336,0.18522067368030548,0.2162870168685913,0.040697745978832245,1.0534394995446454
gpu_seed1103_ckpt75_optimizer_reset,1103,75,optimizer_reset,77,25.396291732788086,0.14937422440784767,0.09770242373148585,3.073399630845696,0.0005,0.0005,3.3993643124898276,3.4970667362213135,24.211456172168255,48.61537702381611,54.229185089468956,0.33079318168276295,1.04303839896907,0.0609201043844223,0.8887236714363098,3.413813829421997,0.11524228006601334,0.1841329038143158,0.21458084881305695,0.02687988057732582,1.048936980584455
gpu_seed1103_ckpt75_optimizer_reset,1103,75,optimizer_reset,78,25.409072875976562,0.14944939968819615,0.36401828130086233,10.003079413874659,0.0005,0.0005,3.1259198983510337,3.489938179651896,24.338621340692043,48.792160123586655,54.4437579959631,0.3311252556773452,1.046284109874221,0.05951870232820511,0.9936125874519348,3.3609206676483154,0.12716516852378845,0.17678309977054596,0.21457290649414062,0.030731191858649254,1.043981601106295
gpu_seed1103_ckpt75_optimizer_reset,1103,75,optimizer_reset,79,25.42180824279785,0.14952430572414405,0.34074227015177394,8.931204694134877,0.0005,0.0005,3.0909759998321533,3.4317182699839273,24.468632705509663,48.96925465762615,54.65986405313015,0.3314406768023757,1.0485713931377043,0.062468476593494415,1.2121262550354004,3.348029375076294,0.13001136481761932,0.17709453403949738,0.21610605716705322,0.03395538404583931,1.0389549979665404
gpu_seed1103_ckpt75_optimizer_reset,1103,75,optimizer_reset,80,25.434337615966797,0.1495980001602893,0.204893509546916,5.67066532683706,0.0005,0.0005,3.216375986735026,3.421269496281942,24.601423673331738,49.14080320298672,54.87161481380463,0.33158964529210616,1.0489261587911394,0.06507452577352524,1.3811525106430054,3.3625917434692383,0.1327909678220749,0.17154854536056519,0.21175076067447662,0.048813629895448685,1.0338563309869304
gpu_seed1103_ckpt75_optimizer_reset,1103,75,optimizer_reset,81,25.44631004333496,0.14966841878956066,0.15960446993509914,4.767518598803761,0.0005,0.0005,3.316019137700399,3.475623607635498,24.7202011346817,49.30327957868576,55.067498460412025,0.33157683281958517,1.048215141363549,0.060801152139902115,1.5763158798217773,3.3645832538604736,0.11877746134996414,0.16247637569904327,0.195883646607399,0.05534769967198372,1.0293730987339549
gpu_seed1103_ckpt75_optimizer_reset,1103,75,optimizer_reset,82,25.45658302307129,0.14972884172046008,0.20554137229919434,5.80754129341938,0.0005,0.0005,3.2367348670959473,3.4422762393951416,24.833543486893177,49.45638747513294,55.25425224006176,0.33126302952687864,1.0447027420124144,0.0612090528011322,1.30323326587677,3.327672004699707,0.11334235221147537,0.1531078964471817,0.1867537796497345,0.040670040994882584,1.0250886280689633
gpu_seed1103_ckpt75_optimizer_reset,1103,75,optimizer_reset,83,25.466060638427734,0.1497845865298992,0.05521901448567679,1.3314151903979017,0.0005,0.0005,3.1549537976582847,3.2101728121439614,24.955148093402386,49.62823450565338,55.46105197072029,0.3309019220195536,1.0413981852296614,0.0631231963634491,1.0759038925170898,3.246307134628296,0.12160460650920868,0.17184703052043915,0.2067997306585312,0.037156619131565094,1.0204732323411618
gpu_seed1103_ckpt75_optimizer_reset,1103,75,optimizer_reset,84,25.475547790527344,0.1498403874319218,0.01564192771911621,0.4004816787570249,0.0005,0.0005,3.23488187789917,3.250523805618286,25.07063875347376,49.79835465550423,55.66345173120499,0.3305783922148648,1.037950046290091,0.058686912059783936,0.9439638257026672,3.232137680053711,0.11549066007137299,0.17012014985084534,0.20239976048469543,0.033421922475099564,1.0161507267937666
gpu_seed1103_ckpt75_optimizer_reset,1103,75,optimizer_reset,85,25.485689163208008,0.1499000362851695,0.14744226137797023,3.8876423128160837,0.0005,0.0005,3.1974947452545166,3.344937006632487,25.18429173529148,49.967612102627754,55.86416284739971,0.3303612118481112,1.0350167952911031,0.05918004363775253,1.0036424398422241,3.2632100582122803,0.11365298181772232,0.16925744712352753,0.20071111619472504,0.03327344357967377,1.0119676753701659
gpu_seed1103_ckpt75_optimizer_reset,1103,75,optimizer_reset,86,25.49594497680664,0.1499603582494187,0.16649436950683594,3.968435143644882,0.0005,0.0005,3.0867636998494468,3.2532580693562827,25.305231526494026,50.13507525622845,56.06680020689964,0.3302181273133812,1.0320628951696202,0.06025170534849167,1.126335859298706,3.284787178039551,0.12093979120254517,0.16746315360069275,0.20263735949993134,0.039708711206912994,1.007536522640069
gpu_seed1103_ckpt75_optimizer_reset,1103,75,optimizer_reset,87,25.505970001220703,0.15001932277314825,0.17546733220418265,4.471346075081389,0.0005,0.0005,3.148975690205892,3.3244430224100747,25.43564109504223,50.29614192247391,56.26926992833614,0.33019508118490887,1.0305069473238466,0.06588762253522873,1.297391414642334,3.301194190979004,0.13040956854820251,0.1610666662454605,0.20246972143650055,0.046540647745132446,1.002764974781437
gpu_seed1103_ckpt75_optimizer_reset,1103,75,optimizer_reset,88,25.51593780517578,0.15007795074137703,0.19043326377868652,5.772356730333058,0.0005,0.0005,3.3148066997528076,3.505239963531494,25.553702250123024,50.458685621619225,56.466224670410156,0.3302951100345433,1.0304665469709515,0.054292768239974976,1.302607774734497,3.3120620250701904,0.11806115508079529,0.16254369914531708,0.19695474207401276,0.04084711894392967,0.9985221536754794
gpu_seed1103_ckpt75_optimizer_reset,1103,75,optimizer_reset,89,25.525476455688477,0.1501340545433503,0.2053541342417402,6.523076138019984,0.0005,0.0005,3.3539318243662515,3.5592859586079917,25.67281349748373,50.639945179224014,56.6775184571743,0.3304600747919758,1.0326627473247647,0.06084344908595085,1.3182687759399414,3.3047094345092773,0.11911124736070633,0.18125955760478973,0.2112937867641449,0.055522069334983826,0.9942609701967147
gpu_seed1103_ckpt75_optimizer_reset,1103,75,optimizer_reset,90,25.53489112854004,0.1501894291417386,0.20497163136800145,6.271819557050712,0.0005,0.0005,3.3167144457499185,3.52168607711792,25.78863762319088,50.81939882040024,56.88691593706608,0.33067162427494906,1.0353060950608495,0.060380540788173676,1.2340826988220215,3.3331382274627686,0.1158241257071495,0.17945364117622375,0.20939747989177704,0.04261539876461029,0.9901605312246645
gpu_seed1103_ckpt75_optimizer_reset,1103,75,optimizer_reset,91,25.544525146484375,0.15024609386954643,0.39101624488830566,10.463319359751281,0.0005,0.0005,3.0850113232930503,3.476027568181356,25.91323906928301,50.99753364920616,57.09867236018181,0.3308926726350761,1.0379254558675641,0.063606396317482,1.0009561777114868,3.3099684715270996,0.12460144609212875,0.17813482880592346,0.21175642311573029,0.054441411048173904,0.9857712144045827
gpu_seed1103_ckpt75_optimizer_reset,1103,75,optimizer_reset,92,25.553203582763672,0.15029713812049192,0.3852017720540366,9.866501332346843,0.0005,0.0005,3.0443575382232666,3.429559310277303,26.037687562406063,51.18668667972088,57.31995640695095,0.33085445270910985,1.0375542072118442,0.06127222999930382,0.8536715507507324,3.283142328262329,0.1244484931230545,0.1891530305147171,0.22128404676914215,0.04884631559252739,0.9813929720724169
gpu_seed1103_ckpt75_optimizer_reset,1103,75,optimizer_reset,93,25.561901092529297,0.1503482945566043,0.3288534482320151,8.307067959925867,0.0005,0.0005,3.060321092605591,3.389174540837606,26.157153017818928,51.367231369018555,57.53186096251011,0.3307666626263901,1.0357179858777739,0.05913473665714264,0.8633646965026855,3.289015054702759,0.11946545541286469,0.1805446892976761,0.21190455555915833,0.04554818198084831,0.9772432449018781
gpu_seed1103_ckpt75_optimizer_reset,1103,75,optimizer_reset,94,25.569978713989258,0.15039580497479202,0.43576971689860056,11.21880415746286,0.0005,0.0005,3.0224479834238687,3.4582177003224692,26.280768997967243,51.551448568701744,57.748583391308784,0.33064968710933706,1.0327794359625038,0.06152023375034332,1.2227728366851807,3.2775795459747314,0.12361598014831543,0.1842171996831894,0.21672242879867554,0.04936465620994568,0.9729539769542537
gpu_seed1103_ckpt75_optimizer_reset,1103,75,optimizer_reset,95,25.578163146972656,0.15044394362991442,0.47157677014668753,12.143559021678378,0.0005,0.0005,3.003434975941976,3.4750117460886636,26.397824235260487,51.72539731860161,57.95419605076313,0.3305285050317936,1.0303153038450366,0.05963753163814545,1.3564765453338623,3.241334915161133,0.11705523729324341,0.1739487498998642,0.2056126594543457,0.04134064540266991,0.9689496724811908
gpu_seed1103_ckpt75_optimizer_reset,1103,75,optimizer_reset,96,25.586645126342773,0.1504938323736407,0.4575531482696533,11.527441171758287,0.0005,0.0005,2.989108085632324,3.4466612339019775,26.513062618672848,51.89367759227753,58.1541333347559,0.3304472127097642,1.02889493926817,0.05837453156709671,1.1855145692825317,3.153437376022339,0.11523838341236115,0.16828027367591858,0.19993728399276733,0.04185205698013306,0.9650580732352447
gpu_seed1103_ckpt75_optimizer_reset,1103,75,optimizer_reset,97,25.59571075439453,0.1505471539834745,0.35424256324768066,8.737642281592024,0.0005,0.0005,3.0230693022410073,3.377311865488688,26.621463142335415,52.067412719130516,58.355054542422295,0.3303460930846853,1.0285563340772754,0.05570395290851593,1.012085199356079,3.0517280101776123,0.10840052366256714,0.1737351268529892,0.2009212076663971,0.041555654257535934,0.9614689702644249
gpu_seed1103_ckpt75_optimizer_reset,1103,75,optimizer_reset,98,25.605188369750977,0.15060289879291364,0.29816317558288574,7.218569279581288,0.0005,0.0005,3.033988078435262,3.332151254018148,26.730706207454205,52.24656684696674,58.56069691479206,0.33021596309355267,1.0277279782058657,0.05679762735962868,0.8678317666053772,2.9699647426605225,0.10924306511878967,0.17915412783622742,0.20564237236976624,0.044490229338407516,0.9578941974458453
gpu_seed1103_ckpt75_optimizer_reset,1103,75,optimizer_reset,99,25.615018844604492,0.15066071902794068,0.30302770932515477,7.564462754435738,0.0005,0.0005,3.0620553493499756,3.3650830586751304,26.84011486172676,52.42037519812584,58.761089354753494,0.33013992068506526,1.0274729039822186,0.05615752935409546,0.845209538936615,2.9356155395507812,0.1094086542725563,0.17380835115909576,0.2003924399614334,0.05317747965455055,0.9543557833699821
gpu_seed1103_ckpt75_optimizer_reset,1103,75,optimizer_reset,100,25.624671936035156,0.1507174959409154,0.3760383923848467,9.375019359780389,0.0005,0.0005,3.0222085316975913,3.398246924082438,26.952350847423077,52.590590849518776,58.96117161214352,0.3300302261138376,1.0282508419470249,0.0590515211224556,0.9847450256347656,2.9259016513824463,0.11223598569631577,0.1702156513929367,0.20008225739002228,0.04023625701665878,0.9507397733539147
gpu_seed1103_ckpt150_optimizer_reset,1103,150,optimizer_reset,0,0.0,0.0,0.0,0.0,0.0005,0.0005,,,0.0,0.0,0.0,0.0,0.0,0.0,0.0,0.0,,,,,
gpu_seed1103_ckpt150_optimizer_reset,1103,150,optimizer_reset,1,1.7681392431259155,0.01038080402923112,5.319281737009684,6161.3828768088415,0.0005,0.0005,3.4116830825805664,8.73096481959025,0.11947642266750336,1.7921509742736816,1.768139123916626,0.03722957761494407,0.17672829969612253,0.3820872902870178,6.583657264709473,4.115236759185791,0.11947642266750336,1.7921509742736816,1.768139123916626,0.23296219110488892,14.799064147005435
gpu_seed1103_ckpt150_optimizer_reset,1103,150,optimizer_reset,2,2.5649077892303467,0.015058658539797223,6.15034818649292,14010.712329590966,0.0005,0.0005,3.3993643124898276,9.549712498982748,0.2347187027335167,3.1111972332000732,3.072699546813965,0.0504341228412586,0.22774744310594056,0.27331656217575073,9.007933616638184,4.848987102508545,0.11524228006601334,1.3190462589263916,1.3045604228973389,0.16869358718395233,10.92758165134986
gpu_seed1103_ckpt150_optimizer_reset,1103,150,optimizer_reset,3,3.191694498062134,0.018738544056622536,6.027290741602579,9421.9344906437,0.0005,0.0005,3.1259198983510337,9.153210639953613,0.36188387125730515,4.211430788040161,4.158579230308533,0.059047870091861625,0.2594118636822208,0.23143824934959412,5.935524940490723,5.129465579986572,0.12716516852378845,1.100233554840088,1.0858796834945679,0.16992995142936707,8.819664957612796
gpu_seed1103_ckpt150_optimizer_reset,1103,150,optimizer_reset,4,3.7381539344787598,0.021946825497928178,4.385868787765503,1744.6592541664322,0.0005,0.0005,3.0909759998321533,7.476844787597656,0.49189523607492447,5.191265523433685,5.127478122711182,0.06653789215506306,0.28346236765360733,0.20140427350997925,4.221589088439941,5.222956657409668,0.13001136481761932,0.9798347353935242,0.9688988924026489,0.14998893439769745,7.5994920469239355
gpu_seed1103_ckpt150_optimizer_reset,1103,150,optimizer_reset,5,4.266544342041016,0.025049023072669027,4.892245292663574,3298.055808609299,0.0005,0.0005,3.216375986735026,8.1086212793986,0.6246862038969994,6.075723469257355,6.0062912702560425,0.07411619949471401,0.30705030011602635,0.18527567386627197,4.557652473449707,5.536257266998291,0.1327909678220749,0.8844579458236694,0.8788131475448608,0.1174427792429924,6.829900060891484
gpu_seed1103_ckpt150_optimizer_reset,1103,150,optimizer_reset,6,4.7461256980896,0.027864661090188404,3.732034762700399,1123.0668891519938,0.0005,0.0005,3.316019137700399,7.048053900400798,0.7434636652469635,6.893778324127197,6.821470201015472,0.08083090859653576,0.3217722672227953,0.17801105976104736,5.418628215789795,5.781316757202148,0.11877746134996414,0.8180548548698425,0.8151789307594299,0.09676776081323624,6.3838031634090004
gpu_seed1103_ckpt150_optimizer_reset,1103,150,optimizer_reset,7,5.194263458251953,0.03049569271534457,2.8510702451070147,415.0031164677945,0.0005,0.0005,3.2367348670959473,6.087805112202962,0.8568060174584389,7.6440839767456055,7.567034721374512,0.0866733786463398,0.33282009283290664,0.1600654125213623,5.270174026489258,5.764095306396484,0.11334235221147537,0.7503056526184082,0.7455645203590393,0.11722921580076218,6.062356417213012
gpu_seed1103_ckpt150_optimizer_reset,1103,150,optimizer_reset,8,5.606625556945801,0.03291668424769441,2.908636093139648,406.4640679777286,0.0005,0.0005,3.1549537976582847,6.063589890797933,0.9784106239676476,8.350526511669159,8.270739912986755,0.09182568305723061,0.34402114093186453,0.14543476700782776,4.353967189788818,5.533555030822754,0.12160460650920868,0.7064425349235535,0.7037051916122437,0.10853514820337296,5.7303400224786
gpu_seed1103_ckpt150_optimizer_reset,1103,150,optimizer_reset,9,5.992514610290527,0.035182251654430514,2.4276952743530273,262.48625182409756,0.0005,0.0005,3.23488187789917,5.662577152252197,1.0939012840390205,9.014868974685669,8.933251321315765,0.09658417104916638,0.35543501749956485,0.13853397965431213,3.191833972930908,5.22292423248291,0.11549066007137299,0.66434246301651,0.66251140832901,0.10275392979383469,5.478112785606064
gpu_seed1103_ckpt150_optimizer_reset,1103,150,optimizer_reset,10,6.34425687789917,0.037247342151707975,2.53332257270813,283.7499332015563,0.0005,0.0005,3.1974947452545166,5.7308173179626465,1.2075542658567429,9.644761741161346,9.564795911312103,0.10102793098115556,0.3641360559235402,0.13129796087741852,2.915785312652588,4.942307472229004,0.11365298181772232,0.6298927664756775,0.6315445899963379,0.07566304504871368,5.253806853469028
gpu_seed1103_ckpt150_optimizer_reset,1103,150,optimizer_reset,11,6.672362327575684,0.039173660108427905,2.065082391103109,150.84404001875055,0.0005,0.0005,3.0867636998494468,5.151846090952556,1.328494057059288,10.227010130882263,10.151330053806305,0.10483081368611735,0.37035107784532756,0.12148519605398178,2.2242469787597656,4.696225643157959,0.12093979120254517,0.5822483897209167,0.5865341424942017,0.06828861683607101,5.022500697022604
gpu_seed1103_ckpt150_optimizer_reset,1103,150,optimizer_reset,12,6.984755039215088,0.04100772805997431,1.502402146657308,81.41701248557773,0.0005,0.0005,3.148975690205892,4.6513778368632,1.4589036256074905,10.785508871078491,10.717121303081512,0.10818823684211626,0.37487079766722536,0.12955456972122192,1.7060743570327759,4.399665832519531,0.13040956854820251,0.558498740196228,0.5657912492752075,0.06046488136053085,4.787674056469517
gpu_seed1103_ckpt150_optimizer_reset,1103,150,optimizer_reset,13,7.276529312133789,0.04272074447523451,1.4917646249135332,94.79445681574737,0.0005,0.0005,3.3148066997528076,4.806571324666341,1.5769647806882858,11.347065329551697,11.282594561576843,0.11124737477851528,0.37882819169792586,0.13356319069862366,3.0776774883270264,4.268260478973389,0.11806115508079529,0.5615564584732056,0.5654732584953308,0.07182789593935013,4.614262411715526
gpu_seed1103_ckpt150_optimizer_reset,1103,150,optimizer_reset,14,7.553218364715576,0.0443451950625125,1.4863267739613852,97.88703873124817,0.0005,0.0005,3.3539318243662515,4.840258598327637,1.6960760280489922,11.875760853290558,11.81533145904541,0.11388741226695548,0.38319370540826647,0.12796801328659058,2.700956344604492,4.2746381759643555,0.11911124736070633,0.5286955237388611,0.5327368974685669,0.07858740538358688,4.453348930000291
gpu_seed1103_ckpt150_optimizer_reset,1103,150,optimizer_reset,15,7.81941032409668,0.045908016868111384,2.4002744356791177,276.418578848287,0.0005,0.0005,3.3167144457499185,5.716988881429036,1.8119001537561417,12.378377616405487,12.321852803230286,0.11626158673356839,0.38672994665174654,0.11764031648635864,3.4443130493164062,4.333312511444092,0.1158241257071495,0.5026167631149292,0.5065213441848755,0.08137859404087067,4.315585661760894
gpu_seed1103_ckpt150_optimizer_reset,1103,150,optimizer_reset,16,8.054781913757324,0.04728989126279771,1.531742731730143,79.29740773114258,0.0005,0.0005,3.0850113232930503,4.616754055023193,1.9365015998482704,12.882389783859253,12.832395017147064,0.11808095649418732,0.38890657702374387,0.11942317336797714,2.0587284564971924,4.179458141326904,0.12460144609212875,0.5040121674537659,0.5105422139167786,0.0708627924323082,4.159450172612445
gpu_seed1103_ckpt150_optimizer_reset,1103,150,optimizer_reset,17,8.278279304504395,0.04860205184257655,1.477916320164998,71.0481193218728,0.0005,0.0005,3.0443575382232666,4.522273858388265,2.060950092971325,13.37893432378769,13.33337938785553,0.11980556485898512,0.3865789679938918,0.11536508798599243,1.8359365463256836,3.8745040893554688,0.1244484931230545,0.4965445399284363,0.5009843707084656,0.08947896212339401,4.016729630053956
gpu_seed1103_ckpt150_optimizer_reset,1103,150,optimizer_reset,18,8.494011878967285,0.04986862492890293,1.5783615907033282,82.0736303054781,0.0005,0.0005,3.060321092605591,4.638682683308919,2.1804155483841896,13.83483138680458,13.794907242059708,0.12138784789988796,0.38444442982406674,0.11208423227071762,1.7295609712600708,3.676915407180786,0.11946545541286469,0.4558970630168915,0.46152785420417786,0.0835980474948883,3.8955931520750386
gpu_seed1103_ckpt150_optimizer_reset,1103,150,optimizer_reset,19,8.699925422668457,0.05107755016057608,1.5672584374745688,77.92400302477586,0.0005,0.0005,3.0224479834238687,4.5897064208984375,2.304031528532505,14.280928194522858,14.246930181980133,0.12279377381735283,0.3828869705098279,0.11657775938510895,1.7993348836898804,3.5870392322540283,0.12361598014831543,0.446096807718277,0.4520229399204254,0.09029441326856613,3.775957626849785
gpu_seed1103_ckpt150_optimizer_reset,1103,150,optimizer_reset,20,8.897286415100098,0.05223626308062042,1.3347792625427242,56.41603131155301,0.0005,0.0005,3.003434975941976,4.3382142384847,2.4210867658257484,14.735800355672836,14.70678886771202,0.12413084585369669,0.38184744547218774,0.12118522077798843,1.7098031044006348,3.5561325550079346,0.11705523729324341,0.45487216114997864,0.4598586857318878,0.0858350321650505,3.6749143156221695
gpu_seed1103_ckpt150_optimizer_reset,1103,150,optimizer_reset,21,9.087950706481934,0.053355659447112416,1.6218509674072266,80.71261141916403,0.0005,0.0005,2.989108085632324,4.610959053039551,2.5363251492381096,15.161707878112793,15.138550966978073,0.1256411438957939,0.3842850015098537,0.11106964945793152,2.1212315559387207,3.617100477218628,0.11523838341236115,0.42590752243995667,0.43176209926605225,0.08413272351026535,3.5831173732627666
gpu_seed1103_ckpt150_optimizer_reset,1103,150,optimizer_reset,22,9.270995140075684,0.05443031937628125,1.1638517379760747,45.26553979835492,0.0005,0.0005,3.0230693022410073,4.186921040217082,2.6447256729006767,15.56857892870903,15.549688518047333,0.1271207704601464,0.3859975923135063,0.10622880607843399,1.8780672550201416,3.651937484741211,0.10840052366256714,0.4068710505962372,0.41113755106925964,0.09364715963602066,3.505465702952834
gpu_seed1103_ckpt150_optimizer_reset,1103,150,optimizer_reset,23,9.448132514953613,0.055470298768181034,1.1401218573252359,44.20203619296963,0.0005,0.0005,3.033988078435262,4.174109935760498,2.7539687380194664,15.95945543050766,15.9459810256958,0.12866818312596526,0.3888119155179294,0.0995568037033081,2.212522506713867,3.643188714981079,0.10924306511878967,0.39087650179862976,0.396292507648468,0.08981993794441223,3.4307333937802302
gpu_seed1103_ckpt150_optimizer_reset,1103,150,optimizer_reset,24,9.614054679870605,0.05644443329112958,1.1874046325683594,48.696126554239804,0.0005,0.0005,3.0620553493499756,4.249459981918335,2.8633773922920227,16.352328896522522,16.345043540000916,0.12999153021828627,0.39135673594170683,0.11704404652118683,2.2716386318206787,3.53598952293396,0.1094086542725563,0.39287346601486206,0.39906251430511475,0.08222787082195282,3.3575925778234805
gpu_seed1103_ckpt150_optimizer_reset,1103,150,optimizer_reset,25,9.774406433105469,0.05738586374268831,1.2137269973754878,48.589720810632,0.0005,0.0005,3.0222085316975913,4.235935529073079,2.9756133779883385,16.715559780597687,16.71771803498268,0.1310777847168646,0.39442435764232037,0.10751978307962418,2.0729408264160156,3.4619908332824707,0.11223598569631577,0.3632308840751648,0.37267449498176575,0.06926219165325165,3.2848375079259005
gpu_seed1103_ckpt150_optimizer_reset,1103,150,optimizer_reset,26,9.92557144165039,0.058273358512052544,0.9292189280192056,32.112410270269834,0.0005,0.0005,3.0423223972320557,3.9715413252512612,3.082919456064701,17.092789947986603,17.102375507354736,0.13185922721170218,0.39826399575740895,0.12072698771953583,1.5103365182876587,3.396904706954956,0.10730607807636261,0.377230167388916,0.38465747237205505,0.07233133912086487,3.2195364112162075
gpu_seed1103_ckpt150_optimizer_reset,1103,150,optimizer_reset,27,10.06846809387207,0.05911230948772568,0.8630429108937578,31.569900704116307,0.0005,0.0005,3.1371288299560547,4.0001717408498125,3.1966884657740593,17.480971544981003,17.495164453983307,0.13259317636434356,0.4016208939265828,0.13893172144889832,1.257143259048462,3.285367250442505,0.11376900970935822,0.3881815969944,0.39278894662857056,0.10580334067344666,3.149655714552372
gpu_seed1103_ckpt150_optimizer_reset,1103,150,optimizer_reset,28,10.206334114074707,0.05992172545627995,0.8888661066691084,34.14302687723334,0.0005,0.0005,3.1712279319763184,4.060094038645427,3.305205821990967,17.84689474105835,17.866220265626907,0.1333087943107871,0.40385665417791583,0.128040611743927,1.078539490699768,3.1761367321014404,0.1085173562169075,0.3659231960773468,0.37105581164360046,0.10064959526062012,3.0879571995681645
gpu_seed1103_ckpt150_optimizer_reset,1103,150,optimizer_reset,29,10.338991165161133,0.06070055939471419,0.8137572606404624,31.244516702666168,0.0005,0.0005,3.2136174043019614,4.027374664942424,3.409979872405529,18.19578891992569,18.22024655342102,0.13407809801573192,0.4051873523344099,0.11821393668651581,1.1287978887557983,3.094088554382324,0.10477405041456223,0.3488941788673401,0.35402628779411316,0.10080885887145996,3.0319801148458345
gpu_seed1103_ckpt150_optimizer_reset,1103,150,optimizer_reset,30,10.46210765838623,0.06142338040211202,0.45215868949890137,14.114726515984739,0.0005,0.0005,3.20635724067688,3.6585159301757812,3.517918199300766,18.544001162052155,18.573776572942734,0.13471521266515343,0.40550316961894206,0.11010467261075974,1.3302110433578491,3.057919502258301,0.10793832689523697,0.34821224212646484,0.35353001952171326,0.1053462028503418,2.9739485302593853
gpu_seed1103_ckpt150_optimizer_reset,1103,150,optimizer_reset,31,10.58016586303711,0.062116504029839995,0.23632518450419138,6.288010220312291,0.0005,0.0005,3.160702625910441,3.3970278104146323,3.6271471977233887,18.88725060224533,18.921880900859833,0.13527500867461842,0.4056091806341076,0.10563050210475922,1.1777315139770508,3.0967843532562256,0.10922899842262268,0.34324944019317627,0.348104327917099,0.11434894800186157,2.9169386535167163
gpu_seed1103_ckpt150_optimizer_reset,1103,150,optimizer_reset,32,10.6939697265625,0.06278465027998366,0.48821894327799464,13.897070123421845,0.0005,0.0005,3.0946479638417563,3.582866907119751,3.73349629342556,19.213088899850845,19.254732817411423,0.13585833644590936,0.4062489613517007,0.09924907982349396,0.9127224683761597,3.1517999172210693,0.10634909570217133,0.3258382976055145,0.33285191655158997,0.0965341329574585,2.8643311486316483
gpu_seed1103_ckpt150_optimizer_reset,1103,150,optimizer_reset,33,10.803590774536133,0.06342823908155419,0.8276528517405191,27.291682897998047,0.0005,0.0005,3.0535361766815186,3.8811890284220376,3.838548481464386,19.537774085998535,19.58607119321823,0.13652198740318683,0.40783369846584977,0.10662656277418137,0.8414083123207092,3.1905224323272705,0.10505218803882599,0.3246851861476898,0.33133837580680847,0.09779436141252518,2.814498977074742
gpu_seed1103_ckpt150_optimizer_reset,1103,150,optimizer_reset,34,10.908206939697266,0.06404244405044987,0.8528536160786948,26.02064167500972,0.0005,0.0005,2.961505651473999,3.814359267552694,3.9458104968070984,19.849910259246826,19.90417993068695,0.137228117351469,0.41009089668072757,0.09881437569856644,0.8403306007385254,3.2085533142089844,0.1072620153427124,0.312136173248291,0.3181087374687195,0.11560459434986115,2.7645035027711766
gpu_seed1103_ckpt150_optimizer_reset,1103,150,optimizer_reset,35,11.007678031921387,0.06462644212580883,0.9750056266784668,30.67665110980237,0.0005,0.0005,2.92201034228007,3.8970159689585366,4.056820198893547,20.159260094165802,20.21891513466835,0.1379239955309942,0.4128065024928367,0.09183263033628464,1.2700117826461792,3.1497905254364014,0.11100970208644867,0.30934983491897583,0.31473520398139954,0.13048945367336273,2.7133758688444947
gpu_seed1103_ckpt150_optimizer_reset,1103,150,optimizer_reset,36,11.103597640991211,0.0651895893259999,0.8714042504628501,26.96299105849061,0.0005,0.0005,2.964970827102661,3.836375077565511,4.175408631563187,20.48200672864914,20.546360105276108,0.13855458038543117,0.4151939956105535,0.08991694450378418,0.8482857942581177,3.0659401416778564,0.11858843266963959,0.3227466344833374,0.32744497060775757,0.14381033182144165,2.6592840655290773
gpu_seed1103_ckpt150_optimizer_reset,1103,150,optimizer_reset,37,11.195202827453613,0.06572740640823727,1.053515195846558,41.152982963437026,0.0005,0.0005,3.0925811926523843,4.146096388498942,4.288569822907448,20.80606386065483,20.87861603498459,0.13943395239694575,0.4169468949045583,0.08757197856903076,1.294938325881958,3.1719565391540527,0.11316119134426117,0.32405713200569153,0.33225592970848083,0.10123177617788315,2.6104746546626547
gpu_seed1103_ckpt150_optimizer_reset,1103,150,optimizer_reset,38,11.282792091369629,0.06624164587626089,0.7423265775044756,25.838046275983977,0.0005,0.0005,3.155794938405355,3.8981215159098306,4.3900404796004295,21.1120742559433,21.191195219755173,0.14017745493375675,0.41829809365542137,0.08342209458351135,1.1230295896530151,3.214358329772949,0.10147065669298172,0.3060103952884674,0.3125791847705841,0.1003655269742012,2.5700883952655467
gpu_seed1103_ckpt150_optimizer_reset,1103,150,optimizer_reset,39,11.368108749389648,0.06674254279983631,0.7420461972554526,25.469725733104294,0.0005,0.0005,3.141972541809082,3.8840187390645347,4.497946873307228,21.40455624461174,21.49228012561798,0.14095958257526006,0.42009164523741876,0.07971090078353882,0.9822103977203369,3.1990208625793457,0.10790639370679855,0.2924819886684418,0.3010849058628082,0.10356863588094711,2.527399515732482
gpu_seed1103_ckpt150_optimizer_reset,1103,150,optimizer_reset,40,11.44867992401123,0.06721557883328408,0.6350113550821943,19.558048132467647,0.0005,0.0005,3.0932480494181314,3.7282594045003257,4.601326674222946,21.680354326963425,21.777407348155975,0.14158921447450462,0.4224056176736972,0.07414030283689499,0.8732409477233887,3.1630613803863525,0.10337980091571808,0.27579808235168457,0.2851272225379944,0.0956517681479454,2.4881258677296914
gpu_seed1103_ckpt150_optimizer_reset,1103,150,optimizer_reset,41,11.52371597290039,0.06765611796032087,0.801865816116333,25.77188059070526,0.0005,0.0005,3.042515993118286,3.844381809234619,4.706483833491802,21.961732923984528,22.06617623567581,0.14217601829645063,0.42529507673304856,0.08294747769832611,0.9264214634895325,3.169419050216675,0.10515715926885605,0.2813785970211029,0.2887688875198364,0.11565928906202316,2.4484766931300275
gpu_seed1103_ckpt150_optimizer_reset,1103,150,optimizer_reset,42,11.594449996948242,0.06807139975709922,0.6226846377054849,17.082439855133558,0.0005,0.0005,2.9843200047810874,3.6070046424865723,4.812584295868874,22.239206969738007,22.353503078222275,0.1425907292948026,0.4279531382951081,0.08904729038476944,0.9139395952224731,3.1719179153442383,0.10610046237707138,0.277474045753479,0.287326842546463,0.0966782495379448,2.4091941634972542
gpu_seed1103_ckpt150_optimizer_reset,1103,150,optimizer_reset,43,11.661750793457031,0.0684665249613415,0.5840198198954263,15.17382617656774,0.0005,0.0005,2.9512109756469727,3.535230795542399,4.921883851289749,22.51072034239769,22.635233163833618,0.14287038605981228,0.430248115759105,0.0826069638133049,1.02147376537323,3.1418347358703613,0.10929955542087555,0.2715133726596832,0.2817300856113434,0.10604526847600937,2.3693673288122743
gpu_seed1103_ckpt150_optimizer_reset,1103,150,optimizer_reset,44,11.726771354675293,0.06884826282870771,0.5855093797047934,14.88959430795731,0.0005,0.0005,2.9289373556772866,3.51444673538208,5.027585230767727,22.77145940065384,22.907301396131516,0.1431266819144279,0.43174464571362514,0.07783547788858414,1.1805514097213745,3.1154489517211914,0.10570137947797775,0.2607390582561493,0.27206823229789734,0.09318630397319794,2.3324858389088408
gpu_seed1103_ckpt150_optimizer_reset,1103,150,optimizer_reset,45,11.789937973022461,0.06921911613610443,0.7412351767222085,19.50449465942795,0.0005,0.0005,2.8766756852467856,3.617910861968994,5.133993603289127,23.028528958559036,23.175334990024567,0.14338215547684866,0.4332275664665405,0.07390624284744263,1.2112213373184204,3.0624260902404785,0.10640837252140045,0.25706955790519714,0.26803359389305115,0.1017296314239502,2.2964457854927716
gpu_seed1103_ckpt150_optimizer_reset,1103,150,optimizer_reset,46,11.850465774536133,0.06957447686251578,0.7440414428710938,18.773362876341487,0.0005,0.0005,2.833115736643473,3.577157179514567,5.244415372610092,23.279720723628998,23.437406063079834,0.14364853957300933,0.4346824896318098,0.07031314074993134,0.8969463109970093,2.9582509994506836,0.11042176932096481,0.25119176506996155,0.26207107305526733,0.11913705617189407,2.2596352372134887
gpu_seed1103_ckpt150_optimizer_reset,1103,150,optimizer_reset,47,11.908574104309082,0.06991563279024265,0.7136575380961099,17.600992332220144,0.0005,0.0005,2.8273468017578125,3.5410043398539224,5.352044120430946,23.52950957417488,23.696819335222244,0.14399128694591098,0.43670842333980464,0.06658799946308136,0.8502439856529236,2.867570400238037,0.10762874782085419,0.24978885054588318,0.2594132721424103,0.12429432570934296,2.2250515571885794
gpu_seed1103_ckpt150_optimizer_reset,1103,150,optimizer_reset,48,11.963713645935059,0.0702393588644793,0.44157616297403957,10.190860692478363,0.0005,0.0005,2.909996589024862,3.3515727519989014,5.454750269651413,23.790103763341904,23.96518725156784,0.14431572985695432,0.43876355656871796,0.07723266631364822,0.7897438406944275,2.6941797733306885,0.10270614922046661,0.2605941891670227,0.2683679163455963,0.12024348229169846,2.1932651458849297
gpu_seed1103_ckpt150_optimizer_reset,1103,150,optimizer_reset,49,12.01771068572998,0.0705563772726442,0.4080798625946045,9.744215745992339,0.0005,0.0005,2.9619971911112466,3.370077053705851,5.55551615357399,24.04260829091072,24.226153314113617,0.14470154868317167,0.44131005163217546,0.07143735140562057,0.808927059173584,2.546314239501953,0.1007658839225769,0.25250452756881714,0.26096606254577637,0.11415380984544754,2.163203265640142
gpu_seed1103_ckpt150_optimizer_reset,1103,150,optimizer_reset,50,12.069905281066895,0.07086281346972766,0.4439411163330078,11.300324659350174,0.00025,0.00025,3.006725867589315,3.4506669839223227,5.6514163464307785,24.292895674705505,24.482541412115097,0.14506233550436862,0.44380166766286955,0.06782348453998566,0.9747170209884644,2.48282527923584,0.09590019285678864,0.25028738379478455,0.2563880980014801,0.12718969583511353,2.1357310346967546
gpu_seed1103_ckpt150_optimizer_reset,1103,150,optimizer_reset,51,12.094539642333984,0.07100744262022761,0.3607518672943115,8.62996781245171,0.00025,0.00025,2.9890130360921225,3.349764903386434,5.702229093760252,24.431312695145607,24.623980805277824,0.14520287163676202,0.44580287961075316,0.04027651622891426,0.9818194508552551,2.437877893447876,0.050812747329473495,0.13841702044010162,0.14143939316272736,0.12341935932636261,2.1210195948750097
gpu_seed1103_ckpt150_optimizer_reset,1103,150,optimizer_reset,52,12.117600440979004,0.07114283333248186,0.32887228329976415,7.451660165819337,0.00025,0.00025,2.9515840212504068,3.280456304550171,5.758213181048632,24.565872728824615,24.763385951519012,0.14535602511503276,0.4476008417709155,0.03886059299111366,0.8869745135307312,2.404113292694092,0.05598408728837967,0.13456003367900848,0.13940514624118805,0.11992360651493073,2.104402886794503
gpu_seed1103_ckpt150_optimizer_reset,1103,150,optimizer_reset,53,12.139586448669434,0.07127191391146162,0.3000887235005698,6.373310267943989,0.00025,0.00025,2.9020023345947266,3.2020910580952964,5.818307518959045,24.699739918112755,24.90359316766262,0.14549456163518265,0.4491570020360456,0.03620642051100731,0.7090886831283569,2.399890184402466,0.06009433791041374,0.13386718928813934,0.1402072161436081,0.1164555773139,2.086446343564742
gpu_seed1103_ckpt150_optimizer_reset,1103,150,optimizer_reset,54,12.16059684753418,0.07139526665872903,0.33342957496643066,7.035417778735933,0.00025,0.00025,2.8779378732045493,3.21136744817098,5.879009574651718,24.835219502449036,25.046180248260498,0.14564823126092125,0.4505855975278485,0.03573724254965782,0.660305380821228,2.4213311672210693,0.06070205569267273,0.13547958433628082,0.1425870805978775,0.10386697202920914,2.0684771292029276
gpu_seed1103_ckpt150_optimizer_reset,1103,150,optimizer_reset,55,12.180692672729492,0.07151324991370697,0.4176158110300703,9.190465428220051,0.00025,0.00025,2.875295797983805,3.2929116090138755,5.937360983341932,24.965394482016563,25.182628735899925,0.14581630164837414,0.4517711390798009,0.034068621695041656,0.8000292181968689,2.4577267169952393,0.05835140869021416,0.13017497956752777,0.13644848763942719,0.1140236184000969,2.0515331149482097
gpu_seed1103_ckpt150_optimizer_reset,1103,150,optimizer_reset,56,12.199135780334473,0.07162153000900018,0.46605237325032567,10.420523265654236,0.00025,0.00025,2.8651744524637857,3.3312268257141113,5.993637152016163,25.085480362176895,25.309053048491478,0.14596343219875998,0.4527575481047703,0.03094911016523838,0.9105403423309326,2.4947309494018555,0.056276168674230576,0.12008588016033173,0.12642431259155273,0.11871286481618881,2.0353477314236224
gpu_seed1103_ckpt150_optimizer_reset,1103,150,optimizer_reset,57,12.215883255004883,0.07171985498720193,0.4076892534891763,8.593505560318722,0.00025,0.00025,2.837496280670166,3.2451855341593423,6.049148749560118,25.20538929104805,25.434233456850052,0.1461054463828731,0.4537295002865272,0.031722813844680786,0.8948573470115662,2.4987847805023193,0.05551159754395485,0.11990892887115479,0.1251804083585739,0.13442488014698029,2.0194383971614482
gpu_seed1103_ckpt150_optimizer_reset,1103,150,optimizer_reset,58,12.231213569641113,0.07180985977192908,0.29898810386657715,5.717394541519724,0.00025,0.00025,2.7976486682891846,3.0966367721557617,6.107654247432947,25.328612059354782,25.563791140913963,0.14627940612271828,0.4548261786528718,0.03451962769031525,0.6362884640693665,2.493483781814575,0.05850549787282944,0.12322276830673218,0.12955768406391144,0.12633489072322845,2.0026041216691173
gpu_seed1103_ckpt150_optimizer_reset,1103,150,optimizer_reset,59,12.24596118927002,0.07189644353497857,0.27297846476236964,5.109781622339074,0.00025,0.00025,2.789926846822103,3.0629053115844727,6.16350644826889,25.452213548123837,25.693171247839928,0.14648438129498884,0.45606001968081056,0.03370119258761406,0.5470720529556274,2.504603624343872,0.05585220083594322,0.12360148876905441,0.12938010692596436,0.12005551904439926,1.986849740817175
gpu_seed1103_ckpt150_optimizer_reset,1103,150,optimizer_reset,60,12.260061264038086,0.0719792255407136,0.33397213617960597,6.5287656124270015,0.00025,0.00025,2.801286458969116,3.135258595148722,6.2212770618498325,25.57659225165844,25.822676926851273,0.14666386777499588,0.457186915794399,0.03302880376577377,0.5784247517585754,2.514465093612671,0.057770613580942154,0.12437870353460312,0.1295056790113449,0.14166027307510376,1.9706663346047335
gpu_seed1103_ckpt150_optimizer_reset,1103,150,optimizer_reset,61,12.273484230041504,0.07205803221847626,0.4125678539276123,8.762723520637302,0.00025,0.00025,2.8424952824910483,3.2550631364186606,6.27957820892334,25.69836302101612,25.9499773979187,0.1468469310623286,0.4585332088542391,0.03237444534897804,0.6031596660614014,2.531214952468872,0.05830114707350731,0.12177076935768127,0.1273004710674286,0.14238786697387695,1.9545077426695334
gpu_seed1103_ckpt150_optimizer_reset,1103,150,optimizer_reset,62,12.286336898803711,0.07213349066225652,0.3601341247558594,7.706696098272314,0.00025,0.00025,2.8779030640920005,3.23803718884786,6.33347187936306,25.816854178905487,26.07432246953249,0.14701195211342297,0.4594093551551697,0.031017424538731575,0.5818827152252197,2.5601553916931152,0.053893670439720154,0.11849115788936615,0.1243450716137886,0.11611366271972656,1.9399054946206493
gpu_seed1103_ckpt150_optimizer_reset,1103,150,optimizer_reset,63,12.298306465148926,0.07220376438251222,0.31864444414774606,6.602434879843113,0.00025,0.00025,2.8675686518351235,3.1862130959828696,6.388737663626671,25.942040637135506,26.205008514225483,0.14710538654843358,0.460242537429373,0.03438602760434151,0.5591982007026672,2.5363097190856934,0.05526578426361084,0.12518645823001862,0.13068604469299316,0.11903635412454605,1.9249978810627304
gpu_seed1103_ckpt150_optimizer_reset,1103,150,optimizer_reset,64,12.309693336486816,0.07227061708109027,0.33365790049235056,6.496937896295496,0.00025,0.00025,2.7975067297617593,3.13116463025411,6.446403134614229,26.06380808353424,26.333075277507305,0.14713969505850868,0.4606334106104202,0.03312840312719345,0.5578996539115906,2.496244192123413,0.057665470987558365,0.12176744639873505,0.1280667632818222,0.12472068518400192,1.9095444512905961
gpu_seed1103_ckpt150_optimizer_reset,1103,150,optimizer_reset,65,12.321457862854004,0.07233968700484729,0.31571873029073094,5.937722743489461,0.00025,0.00025,2.7722200552622476,3.0879387855529785,6.507124412804842,26.182237565517426,26.45872988551855,0.1471849915864003,0.46077294619701165,0.031747981905937195,0.5616106390953064,2.460493326187134,0.06072127819061279,0.11842948198318481,0.12565460801124573,0.13374242186546326,1.8935334690398287
gpu_seed1103_ckpt150_optimizer_reset,1103,150,optimizer_reset,66,12.332327842712402,0.07240350501643796,0.21535372734069824,3.886796085002725,0.00025,0.00025,2.7834500471750894,2.9988037745157876,6.566001981496811,26.302295595407486,26.585038252174854,0.1471988742777895,0.46053078666349134,0.03239993005990982,0.4932432174682617,2.4425244331359863,0.05887756869196892,0.12005802989006042,0.1263083666563034,0.1362830102443695,1.8782095828577863
gpu_seed1103_ckpt150_optimizer_reset,1103,150,optimizer_reset,67,12.343001365661621,0.07246616962301128,0.17108408610026027,3.0730752598448383,0.00025,0.00025,2.8015175660451255,2.9726016521453857,6.6232776418328285,26.423238433897495,26.710993967950344,0.14718906258694847,0.4601567259225188,0.03225601837038994,0.4889295995235443,2.4069743156433105,0.05727566033601761,0.12094283849000931,0.1259557157754898,0.1474524289369583,1.8635790364125724
gpu_seed1103_ckpt150_optimizer_reset,1103,150,optimizer_reset,68,12.3533353805542,0.07252684096654492,0.19976162910461426,3.7017996695027833,0.00025,0.00025,2.817906618118286,3.0176682472229004,6.677459314465523,26.54000484198332,26.832013860344887,0.1472192200791566,0.459755457124441,0.030792180448770523,0.5282201170921326,2.388456106185913,0.054181672632694244,0.11676640808582306,0.1210198923945427,0.15207482874393463,1.8500053386759026
gpu_seed1103_ckpt150_optimizer_reset,1103,150,optimizer_reset,69,12.363297462463379,0.07258532867922049,0.2711808681488037,5.34830576195894,0.00025,0.00025,2.8430964152018228,3.1142772833506265,6.733284369111061,26.65779698640108,26.954025126993656,0.14733902695405013,0.4595357440658315,0.030882922932505608,0.6083293557167053,2.4200656414031982,0.05582505464553833,0.11779214441776276,0.12201126664876938,0.16003300249576569,1.8361466388050034
gpu_seed1103_ckpt150_optimizer_reset,1103,150,optimizer_reset,70,12.372027397155762,0.072636582414797,0.2509506543477378,5.027258541774106,0.00025,0.00025,2.8692758083343506,3.1202264626820884,6.789286717772484,26.777709744870663,27.078858643770218,0.14747745816532082,0.4593935460520417,0.03208718076348305,0.6095889806747437,2.45998477935791,0.05600234866142273,0.1199127584695816,0.12483351677656174,0.14384303987026215,1.8222867749519809
gpu_seed1103_ckpt150_optimizer_reset,1103,150,optimizer_reset,71,12.380328178405762,0.07268531657630647,0.21070218086242676,4.156605188423235,0.00025,0.00025,2.8748080730438232,3.08551025390625,6.840674001723528,26.892914302647114,27.198877602815628,0.14760954649487965,0.4593683727529829,0.03162578493356705,0.5793507099151611,2.505038022994995,0.05138728395104408,0.11520455777645111,0.12001895904541016,0.1273801326751709,1.8098111641169703
gpu_seed1103_ckpt150_optimizer_reset,1103,150,optimizer_reset,72,12.388222694396973,0.07273166554103253,0.20008651415506984,3.8794471427318946,0.00025,0.00025,2.8629872798919678,3.0630737940470376,6.890191096812487,27.002247020602226,27.312852911651134,0.1477107592839839,0.4594739757955105,0.030417924746870995,0.5821552872657776,2.544867515563965,0.04951709508895874,0.10933271795511246,0.11397530883550644,0.1307036131620407,1.7979505242062395
gpu_seed1103_ckpt150_optimizer_reset,1103,150,optimizer_reset,73,12.395889282226562,0.07277667633197632,0.16155195236206055,3.028282992102497,0.00025,0.00025,2.8490610917409263,3.010613044102987,6.9387734569609165,27.109817504882812,27.424178086221218,0.14777522749063468,0.45981283899300074,0.028985481709241867,0.5713966488838196,2.5723073482513428,0.04858236014842987,0.10757048428058624,0.11132517457008362,0.14718258380889893,1.7864669251868035
gpu_seed1103_ckpt150_optimizer_reset,1103,150,optimizer_reset,74,12.40335464477539,0.07282050572263536,0.13807932535807277,2.493758528952565,0.00025,0.00025,2.8238840103149414,2.961963335673014,6.988005053251982,27.217937044799328,27.535508006811142,0.14779303159382695,0.46007086898638444,0.027507906779646873,0.5369661450386047,2.5912601947784424,0.049231596291065216,0.10811953991651535,0.11132992058992386,0.1614942103624344,1.7749492952930126
gpu_seed1103_ckpt150_optimizer_reset,1103,150,optimizer_reset,75,12.41054916381836,0.07286274498210545,0.1444154580434165,2.576952667558796,0.00025,0.00025,2.8085920015970864,2.953007459640503,7.03704197704792,27.326566234230995,27.647829368710518,0.147765147663725,0.4606386491834515,0.028985342010855675,0.4858129918575287,2.584996461868286,0.04903692379593849,0.10862918943166733,0.11232136189937592,0.14913451671600342,1.7636031168060322
gpu_seed1103_ckpt150_optimizer_reset,1103,150,optimizer_reset,76,12.41765022277832,0.07290443553433427,0.16730618476867676,2.949163907493304,0.00025,0.00025,2.7846322854359946,2.9519384702046714,7.089273825287819,27.43416703492403,27.760666593909264,0.14769199103101951,0.4611399533804597,0.029213227331638336,0.4367596507072449,2.5509350299835205,0.05223184823989868,0.10760080069303513,0.11283722519874573,0.1400182992219925,1.7516110293951612
gpu_seed1103_ckpt150_optimizer_reset,1103,150,optimizer_reset,77,12.424490928649902,0.07294459754496244,0.1828596591949463,3.1667047606899015,0.00025,0.00025,2.7589051723480225,2.9417648315429688,7.139724098145962,27.537132441997528,27.869027391076088,0.14763548059197362,0.46152587901589553,0.02792295627295971,0.4089489281177521,2.5314340591430664,0.05045027285814285,0.10296540707349777,0.10836079716682434,0.13523967564105988,1.7401920239291242
gpu_seed1103_ckpt150_optimizer_reset,1103,150,optimizer_reset,78,12.431154251098633,0.07298371813164291,0.17466656366984035,2.96592336091277,0.00025,0.00025,2.743460734685262,2.9181272983551025,7.189615201205015,27.639763444662094,27.976718105375767,0.14763375622630356,0.46191802967200324,0.027498850598931313,0.3742983937263489,2.517587900161743,0.04989110305905342,0.10263100266456604,0.1076907142996788,0.13914549350738525,1.7290430576887315
gpu_seed1103_ckpt150_optimizer_reset,1103,150,optimizer_reset,79,12.437681198120117,0.07302203805367541,0.08525244394938136,1.390645742245482,0.00025,0.00025,2.7489776611328125,2.834230105082194,7.237204547971487,27.741012148559093,28.0828720331192,0.14768919246836118,0.46232108392357946,0.02744450233876705,0.32956597208976746,2.4866509437561035,0.04758934676647186,0.10124870389699936,0.1061539277434349,0.12944146990776062,1.7185753305265568
gpu_seed1103_ckpt150_optimizer_reset,1103,150,optimizer_reset,80,12.443727493286133,0.07305753605275286,0.012756029764811494,0.20036219071217154,0.00025,0.00025,2.7477378050486245,2.760493834813436,7.2847770638763905,27.844528295099735,28.190057210624218,0.14774288806737015,0.46277322955623523,0.02773854322731495,0.32337620854377747,2.455672025680542,0.04757251590490341,0.10351614654064178,0.10718517750501633,0.15129117667675018,1.7081823347745446
gpu_seed1103_ckpt150_optimizer_reset,1103,150,optimizer_reset,81,12.44985294342041,0.07309349877326936,0.040801286697387695,0.6377225130467838,0.00025,0.00025,2.728719631830851,2.769520918528239,7.3343856781721115,27.95176935195923,28.300240643322468,0.14783501018308265,0.463413032101117,0.02878919616341591,0.40827676653862,2.4389560222625732,0.049608614295721054,0.10724105685949326,0.11018343269824982,0.17116931080818176,1.6974636308628763
gpu_seed1103_ckpt150_optimizer_reset,1103,150,optimizer_reset,82,12.455410957336426,0.07312613005696389,0.11808840433756496,1.9086914751974717,0.00025,0.00025,2.723114490509033,2.841202894846598,7.3843886107206345,28.055498480796814,28.4072053283453,0.14792034182751904,0.46401742267042245,0.027706488966941833,0.4893041253089905,2.447239637374878,0.05000293254852295,0.10372912883758545,0.10696468502283096,0.17530997097492218,1.6867220312934248
gpu_seed1103_ckpt150_optimizer_reset,1103,150,optimizer_reset,83,12.461126327514648,0.07315968518448301,0.17304166158040335,2.8808313170458675,0.00025,0.00025,2.7245336373647056,2.897575298945109,7.435059279203415,28.15496014803648,28.51122311502695,0.14801512090245897,0.46446736984517983,0.02821429818868637,0.48320645093917847,2.461625337600708,0.05067066848278046,0.09946166723966599,0.10401778668165207,0.16274890303611755,1.6759955582826296
gpu_seed1103_ckpt150_optimizer_reset,1103,150,optimizer_reset,84,12.46705150604248,0.07319447210376821,0.14232047398885062,2.3666648077186156,0.00025,0.00025,2.7391515572865806,2.881472031275431,7.484583083540201,28.250471092760563,28.612379290163517,0.14811900623616503,0.4648740491478362,0.0280708409845829,0.4249477684497833,2.4804632663726807,0.04952380433678627,0.09551094472408295,0.10115617513656616,0.14189817011356354,1.6656975234142113
gpu_seed1103_ckpt150_optimizer_reset,1103,150,optimizer_reset,85,12.47285270690918,0.07322853114610074,0.1033255259195962,1.718426719901185,0.00025,0.00025,2.7591724395751953,2.8624979654947915,7.5325326807796955,28.348506525158882,28.715292863547802,0.1482341908320707,0.46531351826410783,0.029318079352378845,0.3754208981990814,2.5032994747161865,0.047949597239494324,0.09803543239831924,0.10291357338428497,0.14028646051883698,1.6558643998629758
gpu_seed1103_ckpt150_optimizer_reset,1103,150,optimizer_reset,86,12.478428840637207,0.07326126881181144,0.050280412038167466,0.8505496521414067,0.00025,0.00025,2.8030216693878174,2.853302081425985,7.583019532263279,28.448416724801064,28.819915056228638,0.14833415885134144,0.46565452984460637,0.028970099985599518,0.34697824716567993,2.5255351066589355,0.05048685148358345,0.0999101996421814,0.10462219268083572,0.157129168510437,1.645575194359438
gpu_seed1103_ckpt150_optimizer_reset,1103,150,optimizer_reset,87,12.484277725219727,0.07329560780681807,0.03134306271870946,0.5398315814921588,0.00025,0.00025,2.830551783243815,2.8618948459625244,7.632973559200764,28.548277340829372,28.92436332255602,0.14841823044264452,0.46619270969162274,0.029242616146802902,0.34234943985939026,2.5432119369506836,0.04995402693748474,0.09986061602830887,0.10444826632738113,0.15617172420024872,1.63557198625031
gpu_seed1103_ckpt150_optimizer_reset,1103,150,optimizer_reset,88,12.49079704284668,0.07333388293642272,0.023195584615071763,0.407072169035569,0.00025,0.00025,2.8534083366394043,2.876603921254476,7.682294674217701,28.644625388085842,29.02503888309002,0.14847749513218508,0.46643528478783464,0.028151925653219223,0.35041266679763794,2.5457913875579834,0.049321115016937256,0.09634804725646973,0.1006755605340004,0.16624094545841217,1.6259200632807032
gpu_seed1103_ckpt150_optimizer_reset,1103,150,optimizer_reset,89,12.4975004196167,0.07337323868334944,0.003849188486735322,0.06684035318211201,0.00025,0.00025,2.856368621190389,2.852519432703654,7.732383351773024,28.74337614327669,29.12660190463066,0.14852561693805563,0.46664257240889045,0.028284301981329918,0.34871065616607666,2.5525591373443604,0.05008867755532265,0.0987507551908493,0.10156302154064178,0.19666625559329987,1.61625463341124
gpu_seed1103_ckpt150_optimizer_reset,1103,150,optimizer_reset,90,12.503917694091797,0.0734109147142315,0.007226387659708955,0.1248003580999999,0.00025,0.00025,2.8525870641072593,2.8453606764475503,7.782151453197002,28.841686107218266,29.227284647524357,0.14856087346193328,0.46674646831815164,0.0274136271327734,0.32521218061447144,2.5390589237213135,0.049768101423978806,0.0983099639415741,0.10068274289369583,0.20486626029014587,1.606743041341534
gpu_seed1103_ckpt150_optimizer_reset,1103,150,optimizer_reset,91,12.50972843170166,0.07344502974709884,0.009715716044107925,0.16567017991719624,0.00025,0.00025,2.8411080837249756,2.8313923676808677,7.829796694219112,28.941691160202026,29.329430133104324,0.1485983033970741,0.46704181336075945,0.02749934233725071,0.286625474691391,2.523144006729126,0.047645241022109985,0.10000505298376083,0.1021454855799675,0.19280922412872314,1.5977079508253684
gpu_seed1103_ckpt150_optimizer_reset,1103,150,optimizer_reset,92,12.514549255371094,0.0734733329624516,0.03274846076965332,0.534660375674342,0.00025,0.00025,2.809105316797892,2.776356856028239,7.878609552979469,29.049173705279827,29.438979521393776,0.1486730395371692,0.46725948296724623,0.030256738886237144,0.24708689749240875,2.5379104614257812,0.0488128587603569,0.10748254507780075,0.1095493882894516,0.1843239963054657,1.5884210495793454
gpu_seed1103_ckpt150_optimizer_reset,1103,150,optimizer_reset,93,12.519535064697266,0.0735026048140568,0.027498245239257812,0.4496470036517408,0.00025,0.00025,2.78056001663208,2.808058261871338,7.925548270344734,29.154625810682774,29.546362318098545,0.14879888856413623,0.46764285984949694,0.02916680835187435,0.3001896142959595,2.571028709411621,0.04693871736526489,0.10545210540294647,0.10738279670476913,0.18105058372020721,1.5796427751932838
gpu_seed1103_ckpt150_optimizer_reset,1103,150,optimizer_reset,94,12.524358749389648,0.07353092482657,0.11877687772115086,1.9709508078289097,0.00025,0.00025,2.749048391977946,2.8678252696990967,7.973886966705322,29.257859766483307,29.65208026766777,0.14894779833436977,0.46797233249230796,0.028767574578523636,0.35820290446281433,2.6074395179748535,0.048338696360588074,0.1032339558005333,0.10571794956922531,0.18211650848388672,1.570671719035282
gpu_seed1103_ckpt150_optimizer_reset,1103,150,optimizer_reset,95,12.529145240783691,0.07355902647599741,0.15887053807576512,2.662671690461824,0.00025,0.00025,2.738508939743042,2.897379477818807,8.021801862865686,29.359425015747547,29.756310656666756,0.1490864652715114,0.4681406975106638,0.029285304248332977,0.36241012811660767,2.6256463527679443,0.04791489616036415,0.10156524926424026,0.10423038899898529,0.17953017354011536,1.5618866502776287
gpu_seed1103_ckpt150_optimizer_reset,1103,150,optimizer_reset,96,12.533782005310059,0.07358624907402811,0.15544374783833836,2.614528764558516,0.00025,0.00025,2.7438267866770425,2.899270534515381,8.067246846854687,29.45690906047821,29.856261879205704,0.14917566853593708,0.4683296868393026,0.03014892339706421,0.3306017220020294,2.6211044788360596,0.04544498398900032,0.0974840447306633,0.09995122253894806,0.17811302840709686,1.553662884407121
gpu_seed1103_ckpt150_optimizer_reset,1103,150,optimizer_reset,97,12.538629531860352,0.07361470906287837,0.13579702377319336,2.2653098515032273,0.00025,0.00025,2.7456387678782144,2.8814357916514077,8.113785956054926,29.556525118649006,29.957799054682255,0.1492475465648235,0.46879237249663186,0.029554681852459908,0.3181767463684082,2.6132075786590576,0.04653910920023918,0.09961605817079544,0.10153717547655106,0.19191454350948334,1.5453488174040175
gpu_seed1103_ckpt150_optimizer_reset,1103,150,optimizer_reset,98,12.543001174926758,0.07364037512404101,0.12660606702168797,2.112516944306046,0.00025,0.00025,2.750584125518799,2.877190192540487,8.159504283219576,29.65743627399206,30.06132098287344,0.14932115242570898,0.4695345513196987,0.03089084103703499,0.30195388197898865,2.5910897254943848,0.04571832716464996,0.10091115534305573,0.103521928191185,0.1686832308769226,1.5372258827929686
gpu_seed1103_ckpt150_optimizer_reset,1103,150,optimizer_reset,99,12.547237396240234,0.07366524611960915,0.12309145927429199,2.1085358917306927,0.00025,0.00025,2.7786444822947183,2.9017359415690103,8.208410456776619,29.757679663598537,30.165678210556507,0.14939123955055852,0.47030411999589655,0.030622947961091995,0.31840333342552185,2.597365379333496,0.048906173557043076,0.10024338960647583,0.10435722768306732,0.1580941379070282,1.5285830871042858
gpu_seed1103_ckpt150_optimizer_reset,1103,150,optimizer_reset,100,12.551761627197266,0.07369180802932894,0.07258645693461085,1.2596789612456725,0.00025,0.00025,2.8173210620880127,2.8899075190226235,8.256882101297379,29.855743661522865,30.268195681273937,0.14946425013340597,0.47099908895672343,0.03008684143424034,0.32590675354003906,2.6256210803985596,0.04847164452075958,0.09806399792432785,0.10251747071743011,0.15317872166633606,1.5201575453310063
gpu_seed1103_ckpt300_optimizer_reset,1103,300,optimizer_reset,0,0.0,0.0,0.0,0.0,0.000125,0.000125,,,0.0,0.0,0.0,0.0,0.0,0.0,0.0,0.0,,,,,
gpu_seed1103_ckpt300_optimizer_reset,1103,300,optimizer_reset,1,0.45157554745674133,0.0026528576655484772,0.779257376988729,17.794313615329038,0.000125,0.000125,2.713489214579264,3.492746591567993,0.024280330166220665,0.45641252398490906,0.4515755772590637,0.009440477269227157,0.04596934831095214,0.09575740247964859,1.0219072103500366,1.1558328866958618,0.024280330166220665,0.45641252398490906,0.4515755772590637,0.22475580871105194,18.598410497167986
gpu_seed1103_ckpt300_optimizer_reset,1103,300,optimizer_reset,2,0.6351521611213684,0.003731309830459576,0.3921386400858564,7.156317183905598,0.000125,0.000125,2.701666990915934,3.0938056310017905,0.048106566071510315,0.7703367173671722,0.7595650255680084,0.01126105085645264,0.051977400545934756,0.06598242372274399,0.6898378133773804,1.2115558385849,0.02382623590528965,0.3139241933822632,0.3079894483089447,0.2846792936325073,13.203024305746807
gpu_seed1103_ckpt300_optimizer_reset,1103,300,optimizer_reset,3,0.784851610660553,0.004610744809778195,0.17574890454610204,2.7810343976619905,0.000125,0.000125,2.672360817591349,2.848109722137451,0.07207627035677433,1.0279090106487274,1.0121378302574158,0.012592554221469788,0.054806507231360546,0.0528513565659523,0.5168011784553528,1.2348047494888306,0.023969704285264015,0.2575722932815552,0.25257280468940735,0.25308114290237427,10.889181789855153
gpu_seed1103_ckpt300_optimizer_reset,1103,300,optimizer_reset,4,0.9132614135742188,0.005365110124529256,0.13237055142720555,1.9604178267272214,0.000125,0.000125,2.628392457962036,2.7607630093892417,0.09816944971680641,1.2487448006868362,1.2285988479852676,0.013738409924085858,0.05708306389389212,0.04696761444211006,0.5602618455886841,1.2924007177352905,0.02609317936003208,0.22083579003810883,0.21646101772785187,0.22507742047309875,9.302908554539522
gpu_seed1103_ckpt300_optimizer_reset,1103,300,optimizer_reset,5,1.0269196033477783,0.006032814568871506,0.26065707206726074,3.9763696436038565,0.000125,0.000125,2.591761032740275,2.8524181048075357,0.1253178734332323,1.4456190913915634,1.4207851588726044,0.014789696186087579,0.05928660705837058,0.04091217741370201,0.5894594192504883,1.3360028266906738,0.027148423716425896,0.19687429070472717,0.19218631088733673,0.23957307636737823,8.194518269468663
gpu_seed1103_ckpt300_optimizer_reset,1103,300,optimizer_reset,6,1.1267633438110352,0.006619363671755242,0.3688387076059976,5.795141610059368,0.000125,0.000125,2.5643343925476074,2.933173100153605,0.1544744409620762,1.622998520731926,1.593288704752922,0.015688563642546106,0.06092364823762969,0.03612741455435753,0.5984467267990112,1.3807162046432495,0.02915656752884388,0.17737942934036255,0.1725035458803177,0.2471199482679367,7.294173306510712
gpu_seed1103_ckpt300_optimizer_reset,1103,300,optimizer_reset,7,1.217083215713501,0.007149963182462287,0.337235689163208,5.124071574232518,0.000125,0.000125,2.547570546468099,2.884806235631307,0.1834257747977972,1.7876887619495392,1.7526834309101105,0.01639727032827106,0.062050663918058906,0.03335471451282501,0.5998539328575134,1.405704140663147,0.028951333835721016,0.16469024121761322,0.15939472615718842,0.26786717772483826,6.63529003515749
gpu_seed1103_ckpt300_optimizer_reset,1103,300,optimizer_reset,8,1.2998074293136597,0.007635940701421445,0.30930542945861816,4.607021209360163,0.000125,0.000125,2.5423717498779297,2.851677179336548,0.2117564082145691,1.9428250193595886,1.9025272279977798,0.016978933707254694,0.06269035572537504,0.03183901682496071,0.6626233458518982,1.4171514511108398,0.02833063341677189,0.15513625741004944,0.14984379708766937,0.27493342757225037,6.138220043808304
gpu_seed1103_ckpt300_optimizer_reset,1103,300,optimizer_reset,9,1.3749784231185913,0.008077545540889448,0.14634569485982274,1.9966459238060636,0.000125,0.000125,2.5391873518625894,2.685533046722412,0.23825529031455517,2.089624360203743,2.044347330927849,0.017450124029119374,0.06247974050680268,0.030749676749110222,0.5690145492553711,1.4111768007278442,0.026498882099986076,0.14679934084415436,0.14182010293006897,0.27497243881225586,5.771029979218984
gpu_seed1103_ckpt300_optimizer_reset,1103,300,optimizer_reset,10,1.443681240081787,0.008481151970980856,0.07081103324890137,0.9330000801181981,0.000125,0.000125,2.542776028315226,2.6135870615641275,0.26543998159468174,2.2362217009067535,2.185282602906227,0.01792683870067455,0.062470274307684065,0.030909979715943336,0.5613473057746887,1.4211363792419434,0.02718469128012657,0.14659734070301056,0.1409352719783783,0.2969779670238495,5.438823614299382
gpu_seed1103_ckpt300_optimizer_reset,1103,300,optimizer_reset,11,1.5087372064590454,0.008863334354561105,0.028362592061360825,0.36868125143477926,0.000125,0.000125,2.5506465435028076,2.5790091355641684,0.2913630362600088,2.3710000663995743,2.3149046450853348,0.01836075604541219,0.0622323288237184,0.028325172141194344,0.5765580534934998,1.441023588180542,0.025923054665327072,0.13477836549282074,0.12962204217910767,0.29127347469329834,5.1782038855041606
gpu_seed1103_ckpt300_optimizer_reset,1103,300,optimizer_reset,12,1.5686159133911133,0.009215102043450602,0.007059812545776367,0.0908084619872973,0.000125,0.000125,2.557861804962158,2.550801992416382,0.31718623638153076,2.501462996006012,2.439805895090103,0.01864101971441301,0.06140737994346182,0.026645461097359657,0.5340331792831421,1.4215075969696045,0.02582320012152195,0.13046292960643768,0.12490125000476837,0.3097524046897888,4.945409773390488
gpu_seed1103_ckpt300_optimizer_reset,1103,300,optimizer_reset,13,1.623094081878662,0.009535143347040186,0.023855606714884292,0.3029622961349805,0.000125,0.000125,2.5534931818644204,2.529637575149536,0.3433808218687773,2.631847396492958,2.5636155754327774,0.01885586955175281,0.06031746264330848,0.027508435770869255,0.4912882447242737,1.3975417613983154,0.026194585487246513,0.1303844004869461,0.12380968034267426,0.3451179265975952,4.726804697596651
gpu_seed1103_ckpt300_optimizer_reset,1103,300,optimizer_reset,14,1.6753965616226196,0.009842403195580243,0.0880873998006182,1.1813728170769657,0.000125,0.000125,2.5517359574635825,2.6398233572642007,0.37184267304837704,2.760977879166603,2.6849769204854965,0.019113855504533216,0.059719190914196245,0.028618911281228065,0.4899124503135681,1.3872870206832886,0.028461851179599762,0.12913048267364502,0.12136134505271912,0.37496086955070496,4.5056597401346234
gpu_seed1103_ckpt300_optimizer_reset,1103,300,optimizer_reset,15,1.7246454954147339,0.010131724466996107,0.18041300773620605,2.540926062838274,0.000125,0.000125,2.5534728368123374,2.7338858445485434,0.40009190887212753,2.886496379971504,2.8033589497208595,0.019378778302963154,0.059352050051286416,0.02927405573427677,0.4405350089073181,1.3898683786392212,0.028249235823750496,0.12551850080490112,0.118382029235363,0.3579734265804291,4.310623277217119
gpu_seed1103_ckpt300_optimizer_reset,1103,300,optimizer_reset,16,1.7718760967254639,0.010409188699595276,0.17646360397338867,2.4993785380347084,0.000125,0.000125,2.5611538092295327,2.7376174132029214,0.42836774699389935,3.0072808414697647,2.9179436042904854,0.01966509850202235,0.05912520741861753,0.027722958475351334,0.3752647042274475,1.4001119136810303,0.028275838121771812,0.1207844614982605,0.11458465456962585,0.33068540692329407,4.136343385223543
gpu_seed1103_ckpt300_optimizer_reset,1103,300,optimizer_reset,17,1.8161484003067017,0.010669273907017246,0.14569783210754395,2.0538660913779836,0.000125,0.000125,2.5722111066182456,2.7179089387257895,0.4570191316306591,3.127868101000786,3.0316786393523216,0.019978147296146727,0.059053953074124026,0.028025919571518898,0.33035507798194885,1.4148197174072266,0.028651384636759758,0.12058725953102112,0.11373503506183624,0.35116294026374817,3.9739001599837875
gpu_seed1103_ckpt300_optimizer_reset,1103,300,optimizer_reset,18,1.8590197563171387,0.010921129008705718,0.1375035444895425,1.950134920265441,0.000125,0.000125,2.5824646949768066,2.719968239466349,0.4841641541570425,3.2456746846437454,3.1435877978801727,0.02031475324152211,0.059616225099001864,0.027531439438462257,0.3539128303527832,1.4281423091888428,0.0271450225263834,0.1178065836429596,0.1119091585278511,0.32702842354774475,3.8396476491531244
gpu_seed1103_ckpt300_optimizer_reset,1103,300,optimizer_reset,19,1.8994860649108887,0.011158855248653784,0.10556999842325832,1.4735857367351706,0.000125,0.000125,2.5828304290771484,2.6884004275004068,0.510427163913846,3.3641917631030083,3.256188355386257,0.02062569133337645,0.06044571541633475,0.0276557095348835,0.4030707776546478,1.4300819635391235,0.026263009756803513,0.11851707845926285,0.11260055750608444,0.3304550051689148,3.7213655526134537
gpu_seed1103_ckpt300_optimizer_reset,1103,300,optimizer_reset,20,1.9383569955825806,0.011387209168568545,0.07200455665588379,0.9776714454840878,0.000125,0.000125,2.5722259680430093,2.644230524698893,0.5358004905283451,3.4786801859736443,3.3647841811180115,0.020891771039343542,0.06079797754869778,0.025881851091980934,0.45353490114212036,1.4061580896377563,0.025373326614499092,0.11448842287063599,0.1085958257317543,0.3370714485645294,3.6176842497243276
gpu_seed1103_ckpt300_optimizer_reset,1103,300,optimizer_reset,21,1.9761744737625122,0.011609374401930642,0.06252543131510402,0.8373150518763346,0.000125,0.000125,2.563201427459717,2.625726858774821,0.5619942061603069,3.5920723602175713,3.471731550991535,0.021153583725157143,0.061109191582494816,0.02437852881848812,0.4556516706943512,1.3806344270706177,0.026193715631961823,0.113392174243927,0.10694736987352371,0.3545524477958679,3.516360937705644
gpu_seed1103_ckpt300_optimizer_reset,1103,300,optimizer_reset,22,2.0132620334625244,0.01182725160454,0.01589910189310695,0.2048677202495508,0.000125,0.000125,2.5481417973836265,2.5640408992767334,0.5891063418239355,3.706680439412594,3.5791049525141716,0.0214321406396108,0.06143768059601963,0.023601822555065155,0.4107283055782318,1.3674339056015015,0.027112135663628578,0.11460807919502258,0.10737340152263641,0.376702219247818,3.4174849098141347
gpu_seed1103_ckpt300_optimizer_reset,1103,300,optimizer_reset,23,2.0495381355285645,0.012040361760712335,0.021042823791503906,0.2708708775672193,0.000125,0.000125,2.5445427894592285,2.5655856132507324,0.6171830631792545,3.8194871842861176,3.68391877412796,0.0217231005590944,0.06195718771344303,0.023185262456536293,0.4089086353778839,1.375992774963379,0.028076721355319023,0.11280674487352371,0.1048138216137886,0.39904212951660156,3.3207945224024664
gpu_seed1103_ckpt300_optimizer_reset,1103,300,optimizer_reset,24,2.084848642349243,0.012247799362728667,0.0743405818939209,0.9844242887860339,0.000125,0.000125,2.545999447504679,2.6203400293986,0.6457020100206137,3.9284454360604286,3.7847253903746605,0.02203147016886947,0.06289653541283681,0.021848713979125023,0.4209466874599457,1.388343095779419,0.02851894684135914,0.10895825177431107,0.10080661624670029,0.40601083636283875,3.228809280428687
gpu_seed1103_ckpt300_optimizer_reset,1103,300,optimizer_reset,25,2.1187143325805664,0.012446749142970837,0.08686765034993504,1.1643554684675728,0.000125,0.000125,2.5517890453338623,2.6386566956837973,0.6734378766268492,4.034462541341782,3.8835242465138435,0.022284893843235905,0.06350682370737518,0.021958453580737114,0.3772677183151245,1.3731598854064941,0.027735866606235504,0.106017105281353,0.09879885613918304,0.38219839334487915,3.146116971011116
gpu_seed1103_ckpt300_optimizer_reset,1103,300,optimizer_reset,26,2.151435136795044,0.012638973094803841,0.08282693227132176,1.1118922942325007,0.000125,0.000125,2.555366039276123,2.638192971547445,0.7004038132727146,4.138177081942558,3.980840355157852,0.02254163589150639,0.06412662803733198,0.0211840458214283,0.3466556668281555,1.361161470413208,0.02696593664586544,0.10371454060077667,0.09731610864400864,0.35995960235595703,3.0717067726104355
gpu_seed1103_ckpt300_optimizer_reset,1103,300,optimizer_reset,27,2.1829490661621094,0.012824107054257175,0.09391331672668457,1.2689879091050642,0.000125,0.000125,2.556278626124064,2.6501919428507485,0.7266595624387264,4.241548277437687,4.077991642057896,0.02278950557612371,0.06469094098148986,0.020592259243130684,0.34918442368507385,1.352670669555664,0.02625574916601181,0.10337119549512863,0.09715128690004349,0.3567672073841095,3.004087717270185
gpu_seed1103_ckpt300_optimizer_reset,1103,300,optimizer_reset,28,2.213829517364502,0.01300551953805804,0.14130711555480957,1.9510063568010239,0.000125,0.000125,2.5536795457204184,2.694986661275228,0.7516995090991259,4.341469094157219,4.17174718528986,0.02304694420773665,0.06519718134497962,0.020183447748422623,0.3701614737510681,1.3593486547470093,0.025039946660399437,0.09992081671953201,0.09375554323196411,0.3639203906059265,2.9450990596158837
gpu_seed1103_ckpt300_optimizer_reset,1103,300,optimizer_reset,29,2.242889404296875,0.013176236806171195,0.15112503369649266,2.0881198552510725,0.000125,0.000125,2.549397865931193,2.7005228996276855,0.7776232846081257,4.441432893276215,4.265537992119789,0.02324342971280124,0.06501691415261124,0.019970878958702087,0.36904996633529663,1.3620325326919556,0.025923775508999825,0.09996379911899567,0.09379080682992935,0.36043423414230347,2.8842878662311007
gpu_seed1103_ckpt300_optimizer_reset,1103,300,optimizer_reset,30,2.2707436084747314,0.013339871085057959,0.1625831127166748,2.253732277445108,0.000125,0.000125,2.54676087697347,2.709343989690145,0.8025355730205774,4.546906717121601,4.364767588675022,0.023380116687258038,0.06457398769774994,0.021861573681235313,0.3717390298843384,1.3530418872833252,0.024912288412451744,0.1054738238453865,0.099229596555233,0.3613261878490448,2.829461627383437
gpu_seed1103_ckpt300_optimizer_reset,1103,300,optimizer_reset,31,2.2983152866363525,0.013501845616617594,0.208719571431478,2.9674492831297563,0.000125,0.000125,2.5482921600341797,2.7570117314656577,0.8273417130112648,4.649333119392395,4.461036145687103,0.023522959979678695,0.06406670737899614,0.021550536155700684,0.4183405339717865,1.3603557348251343,0.02480613999068737,0.10242640227079391,0.09626855701208115,0.3618694245815277,2.7779516619178146
gpu_seed1103_ckpt300_optimizer_reset,1103,300,optimizer_reset,32,2.325305461883545,0.013660404010007728,0.19459406534830714,2.75051427488299,0.000125,0.000125,2.549753189086914,2.744347254435221,0.851360734552145,4.745270103216171,4.551799722015858,0.023660434431291066,0.06362627971351557,0.020408054813742638,0.43744713068008423,1.3798362016677856,0.024019021540880203,0.09593698382377625,0.09076357632875443,0.33476218581199646,2.7312810745306826
gpu_seed1103_ckpt300_optimizer_reset,1103,300,optimizer_reset,33,2.351459264755249,0.013814048991057306,0.16621947288513184,2.3257947706665565,0.000125,0.000125,2.5542473793029785,2.7204668521881104,0.8763200007379055,4.8418145552277565,4.642737597227097,0.02380017855255012,0.06447503155985324,0.02060059644281864,0.45164719223976135,1.4048110246658325,0.024959266185760498,0.09654445201158524,0.09093787521123886,0.34736940264701843,2.683334013570977
gpu_seed1103_ckpt300_optimizer_reset,1103,300,optimizer_reset,34,2.3769328594207764,0.01396369797284588,0.13147195180257176,1.8178049384554704,0.000125,0.000125,2.5601353645324707,2.6916073163350425,0.9007444009184837,4.93831055611372,4.733057722449303,0.023947999810046763,0.0652880507563985,0.019903993234038353,0.4551604688167572,1.4276715517044067,0.024424400180578232,0.09649600088596344,0.09032012522220612,0.3713218867778778,2.6388538824048124
gpu_seed1103_ckpt300_optimizer_reset,1103,300,optimizer_reset,35,2.402336359024048,0.014112935169221649,0.08363000551859523,1.1312499746426496,0.000125,0.000125,2.5625696976979575,2.6461997032165527,0.9262861032038927,5.036486841738224,4.82335264980793,0.02411103176351604,0.06608554661115132,0.019820667803287506,0.46696555614471436,1.4499194622039795,0.025541702285408974,0.09817628562450409,0.09029492735862732,0.4262634813785553,2.593514412784681
gpu_seed1103_ckpt300_optimizer_reset,1103,300,optimizer_reset,36,2.427375555038452,0.014260032201955349,0.0698619683583579,0.935086909443509,0.000125,0.000125,2.5589837233225503,2.628845691680908,0.9559020008891821,5.140269033610821,4.916529014706612,0.024301336297337467,0.06683197232121467,0.0193388182669878,0.48674508929252625,1.459928274154663,0.029615897685289383,0.10378219187259674,0.09317636489868164,0.48249703645706177,2.5393560770643466
gpu_seed1103_ckpt300_optimizer_reset,1103,300,optimizer_reset,37,2.451864719390869,0.014403897979766114,0.11354557673136423,1.550263649630434,0.000125,0.000125,2.556666056315104,2.6702116330464682,0.985481858253479,5.236207462847233,5.003807216882706,0.02450559258203542,0.06760662858761989,0.01861308142542839,0.5460389256477356,1.4665464162826538,0.029579857364296913,0.09593842923641205,0.08727820217609406,0.4337207078933716,2.487985647684779
gpu_seed1103_ckpt300_optimizer_reset,1103,300,optimizer_reset,38,2.474792957305908,0.014538593828673339,0.12944507598876953,1.7866701378977776,0.000125,0.000125,2.5594316323598227,2.6888767083485923,1.0137369222939014,5.331062741577625,5.09179399907589,0.02465258848565664,0.06828684283120735,0.018992925062775612,0.5212833881378174,1.4495388269424438,0.02825506404042244,0.09485527873039246,0.0879867821931839,0.3832258880138397,2.4412575914700456
gpu_seed1103_ckpt300_optimizer_reset,1103,300,optimizer_reset,39,2.4967586994171143,0.014667635331623088,0.10211586952209473,1.3893111790844515,0.000125,0.000125,2.558962821960449,2.661078691482544,1.04173169657588,5.429606586694717,5.184746123850346,0.024754780475180944,0.06885220048169512,0.01961570419371128,0.44964858889579773,1.4241546392440796,0.027994774281978607,0.09854384511709213,0.09295212477445602,0.3361165225505829,2.3967387261244313
gpu_seed1103_ckpt300_optimizer_reset,1103,300,optimizer_reset,40,2.5182485580444336,0.014793881175783856,0.08025534947713231,1.088698548047029,0.000125,0.000125,2.567128817240397,2.6473841667175293,1.0723940525203943,5.528764769434929,5.280003607273102,0.024856817153723138,0.06935718948572946,0.019880548119544983,0.3845694065093994,1.4133670330047607,0.030662355944514275,0.09915818274021149,0.0952574834227562,0.27932578325271606,2.3482492765822145
gpu_seed1103_ckpt300_optimizer_reset,1103,300,optimizer_reset,41,2.539433240890503,0.014918334212705197,0.06434893608093262,0.8815540783833171,0.000125,0.000125,2.5850189526875815,2.649367888768514,1.1019571255892515,5.625908315181732,5.373186744749546,0.024976165000223437,0.06984870463117457,0.019426174461841583,0.36057737469673157,1.4191287755966187,0.029563073068857193,0.09714354574680328,0.09318313747644424,0.28339558839797974,2.3044755389464746
gpu_seed1103_ckpt300_optimizer_reset,1103,300,optimizer_reset,42,2.560215950012207,0.015040425786340855,0.059116363525390625,0.8174743666071915,0.000125,0.000125,2.597007989883423,2.6561243534088135,1.1285558305680752,5.720323070883751,5.463175855576992,0.025116142667935003,0.070280512536093,0.019606582820415497,0.35730811953544617,1.439336895942688,0.026598704978823662,0.09441475570201874,0.08998911082744598,0.30334708094596863,2.2685771325298245
gpu_seed1103_ckpt300_optimizer_reset,1103,300,optimizer_reset,43,2.5804879665374756,0.015159517209111783,0.016875425974527847,0.22388089821678037,0.000125,0.000125,2.593681573867798,2.57680614789327,1.1538857035338879,5.814413957297802,5.553003907203674,0.025266807597844523,0.07058576517709671,0.01957552693784237,0.3245827555656433,1.4754652976989746,0.025329872965812683,0.09409088641405106,0.08982805162668228,0.29908356070518494,2.2363462504407865
gpu_seed1103_ckpt300_optimizer_reset,1103,300,optimizer_reset,44,2.600069761276245,0.015274553806134163,0.07287987073262547,0.9263401859027525,0.000125,0.000125,2.5786476929982505,2.505767822265625,1.178482448682189,5.915346048772335,5.647986672818661,0.025401305352687528,0.07092105905662392,0.021025437861680984,0.2687661051750183,1.5064107179641724,0.024596745148301125,0.10093209147453308,0.09498276561498642,0.356594055891037,2.206286367846638
gpu_seed1103_ckpt300_optimizer_reset,1103,300,optimizer_reset,45,2.619663953781128,0.015389663235950644,0.07909639676411917,0.9894885966903217,0.000125,0.000125,2.5658084551493325,2.4867120583852134,1.2029175832867622,6.014840431511402,5.741022892296314,0.025584313815135578,0.07143732812697744,0.020651165395975113,0.24385233223438263,1.5456501245498657,0.02443513460457325,0.09949438273906708,0.0930362194776535,0.37851694226264954,2.177758468390807
gpu_seed1103_ckpt300_optimizer_reset,1103,300,optimizer_reset,46,2.6392102241516113,0.015504491139005308,0.06303652127583836,0.7842786484312061,0.000125,0.000125,2.5524028142293296,2.489366292953491,1.2288337368518114,6.114409185945988,5.834108367562294,0.02580470273818975,0.07189106139352641,0.027370475232601166,0.24108193814754486,1.5822645425796509,0.02591615356504917,0.09956875443458557,0.09308547526597977,0.3721610903739929,2.1477358124223875
gpu_seed1103_ckpt300_optimizer_reset,1103,300,optimizer_reset,47,2.6589152812957764,0.015620251862076738,0.027509133021036636,0.3431359909169558,0.000125,0.000125,2.5373318195343018,2.509822686513265,1.2553541027009487,6.211137622594833,5.924165070056915,0.026058166672973067,0.07240703024589244,0.02566349133849144,0.2541098892688751,1.6188559532165527,0.026520365849137306,0.09672843664884567,0.09005670249462128,0.3799808919429779,2.118059976522072
gpu_seed1103_ckpt300_optimizer_reset,1103,300,optimizer_reset,48,2.678907871246338,0.015737701745719066,0.030236005783081055,0.3856551450425876,0.000125,0.000125,2.530754009882609,2.56099001566569,1.2823360804468393,6.306414902210236,6.012028031051159,0.026338023592583294,0.07300181412282385,0.024469556286931038,0.3013107180595398,1.6548000574111938,0.026981977745890617,0.09527727961540222,0.08786296099424362,0.4056929051876068,2.089084064694463
gpu_seed1103_ckpt300_optimizer_reset,1103,300,optimizer_reset,49,2.698323965072632,0.015851764904435663,0.08786145846048976,1.1501842034867042,0.000125,0.000125,2.527663787206014,2.615525245666504,1.3088894318789244,6.40019478648901,6.098739452660084,0.026592648571111984,0.07351637052616852,0.026416407898068428,0.354453980922699,1.694035530090332,0.026553351432085037,0.09377988427877426,0.08671142160892487,0.3977391719818115,2.0615369788700164
gpu_seed1103_ckpt300_optimizer_reset,1103,300,optimizer_reset,50,2.718111753463745,0.015968011646344656,0.058667262395222686,0.7600096628956052,0.000125,0.000125,2.5319722493489585,2.590639511744181,1.335201831534505,6.4930077865719795,6.185263961553574,0.026779383378138562,0.0739806488531294,0.024992935359477997,0.28203263878822327,1.7139877080917358,0.02631239965558052,0.09281300008296967,0.08652450889348984,0.37264665961265564,2.0357309953191645
gpu_seed1103_ckpt300_optimizer_reset,1103,300,optimizer_reset,51,2.738490343093872,0.016087729151018727,0.04557379086812352,0.5898961205584339,0.000125,0.000125,2.5377402305603027,2.5833140214284263,1.3647282999008894,6.591653414070606,6.275437481701374,0.026978833061998667,0.0747360441539911,0.023874780163168907,0.2967464327812195,1.736013412475586,0.029526468366384506,0.09864562749862671,0.09017352014780045,0.42427024245262146,2.0066194445375998
gpu_seed1103_ckpt300_optimizer_reset,1103,300,optimizer_reset,52,2.7590444087982178,0.01620847751985547,0.039042313893636216,0.5061125570050002,0.000125,0.000125,2.5425283908843994,2.5815707047780356,1.3932740315794945,6.688309013843536,6.364228785037994,0.027190152442487514,0.07551363913318335,0.023143449798226357,0.35085049271583557,1.7646101713180542,0.02854573167860508,0.09665559977293015,0.08879130333662033,0.4119575321674347,1.980259694977899
gpu_seed1103_ckpt300_optimizer_reset,1103,300,optimizer_reset,53,2.778907060623169,0.016325164059790384,0.0009241898854575048,0.011861804918355645,0.000125,0.000125,2.551699161529541,2.5526233514149985,1.422647338360548,6.787413455545902,6.458212114870548,0.027348101474550142,0.07634120456105364,0.02307233028113842,0.3063020706176758,1.7884691953659058,0.029373306781053543,0.09910444170236588,0.09398332983255386,0.31803470849990845,1.9533351560082448
gpu_seed1103_ckpt300_optimizer_reset,1103,300,optimizer_reset,54,2.798506021499634,0.016440301502219982,0.020753860473632812,0.2649045253437432,0.000125,0.000125,2.5569961865743003,2.5362423261006675,1.4506840631365776,6.882716439664364,6.5486776158213615,0.027540713467752435,0.07700658969749384,0.02144932933151722,0.31173980236053467,1.8220237493515015,0.028036724776029587,0.09530298411846161,0.0904655009508133,0.31525444984436035,1.9290940685230602
gpu_seed1103_ckpt300_optimizer_reset,1103,300,optimizer_reset,55,2.8173739910125732,0.016551144611058888,0.02007230122884085,0.25913010547162507,0.000125,0.000125,2.568008820215861,2.54793651898702,1.4785224460065365,6.975506626069546,6.63646000623703,0.0277039689932429,0.07764217891335991,0.021370327100157738,0.3241439461708069,1.8247919082641602,0.027838382869958878,0.09279018640518188,0.08778239041566849,0.32504111528396606,1.9055334591776716
gpu_seed1103_ckpt300_optimizer_reset,1103,300,optimizer_reset,56,2.8358654975891113,0.016659776124092283,0.009508212407430161,0.12483770660212556,0.000125,0.000125,2.579608996709188,2.570100784301758,1.505440516397357,7.068196304142475,6.723701544106007,0.027888818408518923,0.07832375724411302,0.023276887834072113,0.35067009925842285,1.8250812292099,0.026918070390820503,0.09268967807292938,0.08724153786897659,0.34165409207344055,1.8837446360044081
gpu_seed1103_ckpt300_optimizer_reset,1103,300,optimizer_reset,57,2.853900909423828,0.016765728230681128,0.0135040283203125,0.1784283027340159,0.000125,0.000125,2.5879432360331216,2.574439207712809,1.5312239322811365,7.157204456627369,6.80703367292881,0.02807871160094798,0.07898767501627371,0.021456420421600342,0.3729035258293152,1.829815149307251,0.025783415883779526,0.0890081524848938,0.0833321288228035,0.35796058177948,1.863803751532523
gpu_seed1103_ckpt300_optimizer_reset,1103,300,optimizer_reset,58,2.870776653289795,0.016864867669760145,0.05361493428548192,0.6969942571843486,0.000125,0.000125,2.591637214024862,2.53802227973938,1.5552036724984646,7.250047750771046,6.8949335515499115,0.028225012568697274,0.07966528961378559,0.02199048362672329,0.3531379997730255,1.8192613124847412,0.02397974021732807,0.09284329414367676,0.08789987862110138,0.3298024833202362,1.8459168429534318
gpu_seed1103_ckpt300_optimizer_reset,1103,300,optimizer_reset,59,2.8875508308410645,0.016963410440179794,0.0764237244923911,0.9780239947194875,0.000125,0.000125,2.5872095425923667,2.5107858180999756,1.5789220500737429,7.344828620553017,6.984424009919167,0.02837340756136906,0.08019720804937494,0.021060051396489143,0.34770679473876953,1.8033500909805298,0.023718377575278282,0.09478086978197098,0.08949045836925507,0.34194812178611755,1.828811517772124
gpu_seed1103_ckpt300_optimizer_reset,1103,300,optimizer_reset,60,2.9044885635375977,0.017062914043229325,0.05226540565490723,0.6726176078973953,0.000125,0.000125,2.5808611710866294,2.528595765431722,1.6035088300704956,7.440404713153839,7.073714800179005,0.028535024769114993,0.08079534861980661,0.020312972366809845,0.38962680101394653,1.7829500436782837,0.02458677999675274,0.09557609260082245,0.0892907902598381,0.37585583329200745,1.8113330647565533
gpu_seed1103_ckpt300_optimizer_reset,1103,300,optimizer_reset,61,2.921295642852783,0.017161650100679472,0.019307454427083037,0.248880508575688,0.000125,0.000125,2.566119829813639,2.546812375386556,1.62848549336195,7.53225739300251,7.15873122215271,0.028679335661796264,0.08117381747146124,0.019436078146100044,0.396444171667099,1.7616345882415771,0.024976663291454315,0.09185267984867096,0.08501642197370529,0.3994808495044708,1.7938726840114978
gpu_seed1103_ckpt300_optimizer_reset,1103,300,optimizer_reset,62,2.9382424354553223,0.017261206927693923,0.00928044319152832,0.11898055755795767,0.000125,0.000125,2.5464069843292236,2.555687427520752,1.655382676050067,7.627736762166023,7.2465430200099945,0.028821394179609862,0.08154150499777202,0.019375881180167198,0.3333548605442047,1.7268115282058716,0.026897182688117027,0.09547936916351318,0.08781179785728455,0.4144766926765442,1.7749626584618674
gpu_seed1103_ckpt300_optimizer_reset,1103,300,optimizer_reset,63,2.955014944076538,0.01735973989369898,0.015628258387248017,0.19856018517178775,0.000125,0.000125,2.5341872374216714,2.5498154958089194,1.6815755628049374,7.716467924416065,7.329151034355164,0.02893729004102938,0.08166056041939297,0.01817004568874836,0.2805000841617584,1.7002967596054077,0.026192886754870415,0.08873116225004196,0.08260801434516907,0.373302161693573,1.7572894191835744
gpu_seed1103_ckpt300_optimizer_reset,1103,300,optimizer_reset,64,2.9707958698272705,0.017452447636806555,0.02974979082743312,0.3669207334246458,0.000125,0.000125,2.5271617571512857,2.4974119663238525,1.7067886050790548,7.806644283235073,7.414044305682182,0.02899876463552223,0.08171888961455287,0.01899896003305912,0.2587442398071289,1.668161392211914,0.02521304227411747,0.09017635881900787,0.08489327132701874,0.34319832921028137,1.740576343775115
gpu_seed1103_ckpt300_optimizer_reset,1103,300,optimizer_reset,65,2.9863686561584473,0.01754393262935161,0.06454221407572414,0.7798784811991357,0.000125,0.000125,2.523916165033976,2.459373950958252,1.7362436056137085,7.898426838219166,7.499612964689732,0.02905066676102204,0.0818241513137813,0.018717549741268158,0.2760341763496399,1.6379228830337524,0.029455000534653664,0.09178255498409271,0.08556865900754929,0.36428195238113403,1.7200170796891938
gpu_seed1103_ckpt300_optimizer_reset,1103,300,optimizer_reset,66,3.0017378330230713,0.017634221483316614,0.07367261250813817,0.8856133350520281,0.000125,0.000125,2.523259480794271,2.449586868286133,1.7640911974012852,7.990062698721886,7.585690602660179,0.029121787995539453,0.0818968669491086,0.01908602938055992,0.32858842611312866,1.6147923469543457,0.027847591787576675,0.09163586050271988,0.08607763797044754,0.345488041639328,1.7015774680148532
gpu_seed1103_ckpt300_optimizer_reset,1103,300,optimizer_reset,67,3.0172743797302246,0.017725493580001993,0.06521105766296387,0.782768318725056,0.000125,0.000125,2.5176360607147217,2.452425003051758,1.791153334081173,8.082131870090961,7.671365037560463,0.029210501422796742,0.08216011653556156,0.01915796473622322,0.38829872012138367,1.5952924489974976,0.02706213667988777,0.09206917136907578,0.08567443490028381,0.3750585913658142,1.6845427593033755
gpu_seed1103_ckpt300_optimizer_reset,1103,300,optimizer_reset,68,3.0328714847564697,0.01781712143687394,0.05105821291605617,0.6164504169339526,0.000125,0.000125,2.516431967417399,2.4653737545013428,1.818406067788601,8.171544082462788,7.7550443559885025,0.02928350486886054,0.08241586707986519,0.018400700762867928,0.3796868324279785,1.5641101598739624,0.02725273370742798,0.08941221237182617,0.08367931842803955,0.3560159504413605,1.6678736056150185
gpu_seed1103_ckpt300_optimizer_reset,1103,300,optimizer_reset,69,3.0478177070617676,0.01790492557205555,0.04061293601989746,0.4904778730841759,0.000125,0.000125,2.5115312735239663,2.470918337504069,1.8453892562538385,8.266196265816689,7.844556175172329,0.02934786851937918,0.08226972446851714,0.022497259080410004,0.3435758948326111,1.5276551246643066,0.026983188465237617,0.09465218335390091,0.08951181918382645,0.32786861062049866,1.651585266756793
gpu_seed1103_ckpt300_optimizer_reset,1103,300,optimizer_reset,70,3.063119411468506,0.017994818047544964,0.006023804346720674,0.07428870387819941,0.000125,0.000125,2.5092264811197915,2.515250285466512,1.8742821887135506,8.356140352785587,7.929205119609833,0.029457798283650083,0.08229887625834599,0.020582154393196106,0.3352700173854828,1.4959321022033691,0.02889293245971203,0.08994408696889877,0.08464894443750381,0.3384891450405121,1.634289345495676
gpu_seed1103_ckpt300_optimizer_reset,1103,300,optimizer_reset,71,3.078275680541992,0.018083856138334336,0.024822394053141128,0.3094996862045054,0.000125,0.000125,2.5107739766438804,2.5355963706970215,1.9030534569174051,8.445049852132797,8.013287253677845,0.029555924796957456,0.08257330459065938,0.01980900764465332,0.32002192735671997,1.4838136434555054,0.02877126820385456,0.08890949934720993,0.08408213406801224,0.32503020763397217,1.6175455657071305
gpu_seed1103_ckpt300_optimizer_reset,1103,300,optimizer_reset,72,3.0930919647216797,0.01817089692980853,0.009888728459676255,0.12181004001099893,0.000125,0.000125,2.5160075028737388,2.5061187744140625,1.9313777722418308,8.535874776542187,8.09872069209814,0.029609844569389098,0.082906188193822,0.020026525482535362,0.30115997791290283,1.4796258211135864,0.028324315324425697,0.0908249244093895,0.08543343842029572,0.3406267464160919,1.6014950618023305
gpu_seed1103_ckpt300_optimizer_reset,1103,300,optimizer_reset,73,3.1077730655670166,0.018257143563700888,0.05872392654418945,0.7149458854393664,0.000125,0.000125,2.5285778840382895,2.4698539574941,1.9583018068224192,8.623973280191422,8.182505898177624,0.029679819906260323,0.08327546314735222,0.019082045182585716,0.29382413625717163,1.4934635162353516,0.02692403458058834,0.08809850364923477,0.08378520607948303,0.30908724665641785,1.5869734964949893
gpu_seed1103_ckpt300_optimizer_reset,1103,300,optimizer_reset,74,3.1226089000701904,0.01834429920688886,0.1048961480458579,1.261751452153062,0.000125,0.000125,2.5392749309539795,2.4343787829081216,1.9837028682231903,8.710480988025665,8.26479759067297,0.02976084707727351,0.0835618422792831,0.018981965258717537,0.32180383801460266,1.5222433805465698,0.02540106140077114,0.08650770783424377,0.08229169249534607,0.30874720215797424,1.574131363164055
gpu_seed1103_ckpt300_optimizer_reset,1103,300,optimizer_reset,75,3.1376912593841553,0.018432903102174936,0.12880245844523097,1.5362283742163498,0.000125,0.000125,2.542515754699707,2.413713296254476,2.0101057682186365,8.803801782429218,8.35131949186325,0.029878195698509222,0.08420884844343703,0.021016227081418037,0.37717288732528687,1.5557368993759155,0.026402899995446205,0.09332079440355301,0.08652190119028091,0.3895885646343231,1.5609582883607305
gpu_seed1103_ckpt300_optimizer_reset,1103,300,optimizer_reset,76,3.152975559234619,0.018522693331626473,0.10950056711832667,1.3227692037292247,0.000125,0.000125,2.545803705851237,2.43630313873291,2.0360580515116453,8.893248662352562,8.433468259871006,0.030029575772295796,0.08475098648215952,0.019480347633361816,0.417618989944458,1.5761250257492065,0.025952283293008804,0.08944687992334366,0.08214876800775528,0.4148111939430237,1.5485685965054798
gpu_seed1103_ckpt300_optimizer_reset,1103,300,optimizer_reset,77,3.1682074069976807,0.018612175422333732,0.07313728332519531,0.9002844546036162,0.000125,0.000125,2.5467182795206704,2.473580996195475,2.0620797984302044,8.9785777926445,8.511777609586716,0.03017503997223434,0.08525725301247315,0.019222969189286232,0.4295966625213623,1.5972559452056885,0.026021746918559074,0.08532913029193878,0.07830934971570969,0.4111483097076416,1.5364135807974062
gpu_seed1103_ckpt300_optimizer_reset,1103,300,optimizer_reset,78,3.1831629276275635,0.01870003418211092,0.0636746883392334,0.7867627874792777,0.000125,0.000125,2.5458080768585205,2.482133388519287,2.089232601225376,9.060402430593967,8.587161019444466,0.030283725178574895,0.08569563402916842,0.018090927973389626,0.40539467334747314,1.6136881113052368,0.027152802795171738,0.0818246379494667,0.07538340985774994,0.39380526542663574,1.5236038944438508
gpu_seed1103_ckpt300_optimizer_reset,1103,300,optimizer_reset,79,3.197927951812744,0.018786773837994118,0.06168985366821289,0.7593684025385254,0.000125,0.000125,2.5410539309183755,2.4793640772501626,2.1163368243724108,9.140871480107307,8.662031166255474,0.03038850722108273,0.08596880152150906,0.017591102048754692,0.3466864824295044,1.6314873695373535,0.027104223147034645,0.08046904951334,0.07487014681100845,0.3677971661090851,1.5110675743968887
gpu_seed1103_ckpt300_optimizer_reset,1103,300,optimizer_reset,80,3.211996078491211,0.018869419450470406,0.07053097089131688,0.857697319172356,0.000125,0.000125,2.533257563908895,2.462726593017578,2.1418743561953306,9.224996104836464,8.740515947341919,0.03050890521046316,0.08617604976962752,0.01740625500679016,0.29125893115997314,1.642556071281433,0.025537531822919846,0.0841246247291565,0.07848478108644485,0.3652265667915344,1.4996192793471166
gpu_seed1103_ckpt300_optimizer_reset,1103,300,optimizer_reset,81,3.2256429195404053,0.018949590148577892,0.04006338119506836,0.48985610629876497,0.000125,0.000125,2.523613770802816,2.4835503896077475,2.1683185379952192,9.314876161515713,8.82422872632742,0.030652690257820105,0.08640598684066711,0.025330306962132454,0.27610036730766296,1.6651268005371094,0.02644418179988861,0.08988005667924881,0.08371277898550034,0.3723255693912506,1.4876241027396637
gpu_seed1103_ckpt300_optimizer_reset,1103,300,optimizer_reset,82,3.239325761795044,0.019029972341914406,0.00838843981424997,0.10436267042318192,0.000125,0.000125,2.5168203512827554,2.5252087910970054,2.194270620122552,9.403100863099098,8.906903326511383,0.030799036457522952,0.08665635256856193,0.024326348677277565,0.27885615825653076,1.6868362426757812,0.025952082127332687,0.08822470158338547,0.08267460018396378,0.3542121350765228,1.4762653849927811
gpu_seed1103_ckpt300_optimizer_reset,1103,300,optimizer_reset,83,3.25236439704895,0.019106570031218937,0.002868016560872544,0.03560357358813526,0.000125,0.000125,2.5173909664154053,2.520258982976278,2.2210507057607174,9.493883073329926,8.992628790438175,0.030885200436234148,0.08719338517912523,0.024008799344301224,0.2319367378950119,1.6689410209655762,0.026780085638165474,0.09078221023082733,0.08572546392679214,0.3310622572898865,1.464335950823572
gpu_seed1103_ckpt300_optimizer_reset,1103,300,optimizer_reset,84,3.2651278972625732,0.019181551392746674,0.05491892496744777,0.6645186462534429,0.000125,0.000125,2.5205387274424234,2.4656198024749756,2.246987473219633,9.602828577160835,9.095846861600876,0.030919210521704932,0.08791622395871984,0.04228310286998749,0.17665331065654755,1.6242319345474243,0.02593676745891571,0.10894550383090973,0.10321807116270065,0.3340538740158081,1.4531135291923223
gpu_seed1103_ckpt300_optimizer_reset,1103,300,optimizer_reset,85,3.2787041664123535,0.019261307504180043,0.08716026941935207,1.0400859307602648,0.000125,0.000125,2.522573630015055,2.435413360595703,2.2737071122974157,9.710396982729435,9.19731929898262,0.03099906563419389,0.08854448837418377,0.0394071526825428,0.18967758119106293,1.5906387567520142,0.02671963907778263,0.1075684055685997,0.10147243738174438,0.3458792567253113,1.4420081411004688
gpu_seed1103_ckpt300_optimizer_reset,1103,300,optimizer_reset,86,3.2934672832489014,0.019348035955017995,0.09769646326700876,1.1602713117142702,0.000125,0.000125,2.52299435933431,2.4252978960673013,2.300114668905735,9.814224041998386,9.295014172792435,0.031113812833755892,0.08929272886311242,0.037278950214385986,0.24737612903118134,1.569622278213501,0.026407556608319283,0.10382705926895142,0.09769487380981445,0.3525265157222748,1.4318709096422204
gpu_seed1103_ckpt300_optimizer_reset,1103,300,optimizer_reset,87,3.3087337017059326,0.019437721137170346,0.06931813557942679,0.8346701553828684,0.000125,0.000125,2.522788921991984,2.453470786412557,2.325771100819111,9.913345128297806,9.387851029634476,0.03125695767398011,0.09008035136104346,0.03444039821624756,0.32836100459098816,1.5652353763580322,0.025656431913375854,0.0991210862994194,0.09283685684204102,0.36659276485443115,1.4226394422646367
gpu_seed1103_ckpt300_optimizer_reset,1103,300,optimizer_reset,88,3.324323892593384,0.019529308375753278,0.022306283315022934,0.27448298763539647,0.000125,0.000125,2.521153291066488,2.498847007751465,2.353818902745843,10.0076470002532,9.475857809185982,0.03138042340412461,0.0907533579162985,0.03150755539536476,0.3433624505996704,1.5578534603118896,0.028047801926732063,0.09430187195539474,0.08800677955150604,0.3656632900238037,1.412310814869397
gpu_seed1103_ckpt300_optimizer_reset,1103,300,optimizer_reset,89,3.3401877880096436,0.019622503538329072,0.05665755271911621,0.6868614452809876,0.000125,0.000125,2.5233023166656494,2.466644763946533,2.3826739955693483,10.100192837417126,9.563436411321163,0.03147778918782325,0.09155561596159524,0.029007529839873314,0.2817244529724121,1.5693515539169312,0.0288550928235054,0.09254583716392517,0.08757860213518143,0.3234206438064575,1.4018652128740305
gpu_seed1103_ckpt300_optimizer_reset,1103,300,optimizer_reset,90,3.356011152267456,0.01971546059369338,0.09577131271362305,1.1403535688301663,0.000125,0.000125,2.5246339639027915,2.4288626511891684,2.411903288215399,10.190676249563694,9.649524927139282,0.03158293162062193,0.09241622095488669,0.027210261672735214,0.22646667063236237,1.5875577926635742,0.029229292646050453,0.0904834121465683,0.08608851581811905,0.30822518467903137,1.3914368659239336
gpu_seed1103_ckpt300_optimizer_reset,1103,300,optimizer_reset,91,3.371690511703491,0.019807571668141583,0.10927899678548192,1.2898524446566402,0.000125,0.000125,2.5225208600362143,2.4132418632507324,2.44143701530993,10.2824150249362,9.735462315380573,0.0317187949449661,0.09324955887859794,0.02507617510855198,0.21046394109725952,1.5997556447982788,0.02953372709453106,0.09173877537250519,0.08593738824129105,0.35118794441223145,1.3810270306211805
gpu_seed1103_ckpt300_optimizer_reset,1103,300,optimizer_reset,92,3.3871288299560547,0.01989826670499677,0.06661804517110204,0.8015385548160214,0.000125,0.000125,2.520681699117025,2.454063653945923,2.4706158228218555,10.372140802443027,9.818261802196503,0.031884609535316744,0.09407026049053155,0.02304777130484581,0.24057093262672424,1.6130542755126953,0.029178807511925697,0.08972577750682831,0.08279948681592941,0.3908119201660156,1.3709654081653282
gpu_seed1103_ckpt300_optimizer_reset,1103,300,optimizer_reset,93,3.4021215438842773,0.01998634396315626,0.0038619041442871094,0.04796702227526772,0.000125,0.000125,2.5212837060292563,2.5174218018849692,2.4995215348899364,10.462975144386292,9.901342429220676,0.03204198270050774,0.0948882353244473,0.022333024069666862,0.2613295018672943,1.613358736038208,0.028905712068080902,0.09083434194326401,0.08308062702417374,0.4159049987792969,1.361109114842143
gpu_seed1103_ckpt300_optimizer_reset,1103,300,optimizer_reset,94,3.41637921333313,0.020070103077003913,0.020264307657877456,0.2554223824691739,0.000125,0.000125,2.5239082177480063,2.544172525405884,2.5272963158786297,10.54842521250248,9.980602033436298,0.03216140053722747,0.09577906017259846,0.02077183686196804,0.25010544061660767,1.6070358753204346,0.027774780988693237,0.08545006811618805,0.07925960421562195,0.37732788920402527,1.3517921075843666
gpu_seed1103_ckpt300_optimizer_reset,1103,300,optimizer_reset,95,3.429985761642456,0.020150037068530566,0.006709575653076172,0.08422362024565544,0.000125,0.000125,2.5265830357869468,2.533292611440023,2.555225297808647,10.634736999869347,10.060710474848747,0.03223732379724964,0.09682975213115895,0.020250143483281136,0.21645720303058624,1.577903151512146,0.02792898193001747,0.08631178736686707,0.08010844141244888,0.3759206235408783,1.3423418140790395
gpu_seed1103_ckpt300_optimizer_reset,1103,300,optimizer_reset,96,3.4428322315216064,0.020225505849526523,0.0323177178700762,0.40003832154027386,0.000125,0.000125,2.5320600668589273,2.499742348988851,2.582220070064068,10.721102930605412,10.142498463392258,0.032308323366906165,0.09789778853645044,0.019521452486515045,0.19074788689613342,1.5332050323486328,0.026994772255420685,0.08636593073606491,0.08178798854351044,0.321372926235199,1.333283817066317
gpu_seed1103_ckpt300_optimizer_reset,1103,300,optimizer_reset,97,3.4556632041931152,0.02030088358952985,0.058030128479003906,0.714073944864758,0.000125,0.000125,2.5388989448547363,2.4808688163757324,2.6091062128543854,10.80979373306036,10.225679032504559,0.03239222867510682,0.09914746740029773,0.020202212035655975,0.19299283623695374,1.4919236898422241,0.026886142790317535,0.08869080245494843,0.08318056911230087,0.3501527011394501,1.324462448928541
gpu_seed1103_ckpt300_optimizer_reset,1103,300,optimizer_reset,98,3.468111991882324,0.02037401611859193,0.05383141835530614,0.6652882143846561,0.000125,0.000125,2.5411580403645835,2.4873266220092773,2.6350047029554844,10.8980583101511,10.308810584247112,0.03249862944039694,0.10041799474947818,0.020049314945936203,0.23429572582244873,1.459360957145691,0.025898490101099014,0.0882645770907402,0.08313155174255371,0.3391439914703369,1.3161691848181867
gpu_seed1103_ckpt300_optimizer_reset,1103,300,optimizer_reset,99,3.480703592300415,0.02044798762541683,0.032488107681274414,0.4071800059198676,0.000125,0.000125,2.544581333796183,2.5120932261149087,2.661977458745241,10.986369892954826,10.39125694334507,0.03261729239061151,0.10189336106718146,0.019090846180915833,0.2883017063140869,1.4432053565979004,0.026972755789756775,0.0883115828037262,0.08244635909795761,0.3629424273967743,1.3075631353917563
gpu_seed1103_ckpt300_optimizer_reset,1103,300,optimizer_reset,100,3.4931788444519043,0.020521275624481704,0.015579064687093247,0.1954101813293434,6.25e-05,6.25e-05,2.536952257156372,2.521373192469279,2.688069399446249,11.071475848555565,10.470302201807499,0.03273570919843684,0.10306607665646776,0.018260981887578964,0.30605459213256836,1.4482429027557373,0.026091940701007843,0.08510595560073853,0.07904525846242905,0.3773026466369629,1.299512149935642
