step,method,divergence,bound,tightness,loss_gap
0,fixed_clean_L,0.0,0.0,0.0,0.0
1,fixed_clean_L,0.0,0.0,0.0,0.0
2,fixed_clean_L,0.0,0.0,0.0,0.0
3,fixed_clean_L,0.0,0.0,0.0,0.0
4,fixed_clean_L,0.0,0.0,0.0,0.0
5,fixed_clean_L,0.0,0.0,0.0,0.0
6,fixed_clean_L,0.0,0.0,0.0,0.0
7,fixed_clean_L,0.0,0.0,0.0,0.0
8,fixed_clean_L,0.0,0.0,0.0,0.0
9,fixed_clean_L,0.0,0.0,0.0,0.0
10,fixed_clean_L,0.0,0.0,0.0,0.0
11,fixed_clean_L,0.0,0.0,0.0,0.0
12,fixed_clean_L,0.0,0.0,0.0,0.0
13,fixed_clean_L,0.0,0.0,0.0,0.0
14,fixed_clean_L,0.0,0.0,0.0,0.0
15,fixed_clean_L,0.0,0.0,0.0,0.0
16,fixed_clean_L,0.0,0.0,0.0,0.0
17,fixed_clean_L,0.0,0.0,0.0,0.0
18,fixed_clean_L,0.0,0.0,0.0,0.0
19,fixed_clean_L,0.0,0.0,0.0,0.0
20,fixed_clean_L,0.0,0.0,0.0,0.0
21,fixed_clean_L,0.0,0.0,0.0,0.0
22,fixed_clean_L,0.0,0.0,0.0,0.0
23,fixed_clean_L,0.0,0.0,0.0,0.0
24,fixed_clean_L,0.0,0.0,0.0,0.0
25,fixed_clean_L,0.0,0.0,0.0,0.0
26,fixed_clean_L,0.0,0.0,0.0,0.0
27,fixed_clean_L,0.0,0.0,0.0,0.0
28,fixed_clean_L,0.0,0.0,0.0,0.0
29,fixed_clean_L,0.0,0.0,0.0,0.0
30,fixed_clean_L,0.0,0.0,0.0,0.0
31,fixed_clean_L,0.0,0.0,0.0,0.0
32,fixed_clean_L,0.0,0.0,0.0,0.0
33,fixed_clean_L,0.0,0.0,0.0,0.0
34,fixed_clean_L,0.0,0.0,0.0,0.0
35,fixed_clean_L,0.0,0.0,0.0,0.0
36,fixed_clean_L,0.0,0.0,0.0,0.0
37,fixed_clean_L,0.0,0.0,0.0,0.0
38,fixed_clean_L,0.0,0.0,0.0,0.0
39,fixed_clean_L,0.0,0.0,0.0,0.0
40,fixed_clean_L,0.0,0.0,0.0,0.0
41,fixed_clean_L,0.0,0.0,0.0,0.0
42,fixed_clean_L,0.0,0.0,0.0,0.0
43,fixed_clean_L,0.0,0.0,0.0,0.0
44,fixed_clean_L,0.0,0.0,0.0,0.0
45,fixed_clean_L,0.0,0.0,0.0,0.0
46,fixed_clean_L,0.0,0.0,0.0,0.0
47,fixed_clean_L,0.0,0.0,0.0,0.0
48,fixed_clean_L,0.0,0.0,0.0,0.0
49,fixed_clean_L,0.0,0.0,0.0,0.0
50,fixed_clean_L,0.0,0.0,0.0,0.0
51,fixed_clean_L,0.0,0.0,0.0,0.0
52,fixed_clean_L,0.0,0.0,0.0,0.0
53,fixed_clean_L,0.0,0.0,0.0,0.0
54,fixed_clean_L,0.0,0.0,0.0,0.0
55,fixed_clean_L,0.0,0.0,0.0,0.0
56,fixed_clean_L,0.0,0.0,0.0,0.0
57,fixed_clean_L,0.0,0.0,0.0,0.0
58,fixed_clean_L,0.0,0.0,0.0,0.0
59,fixed_clean_L,0.0,0.0,0.0,0.0
60,fixed_clean_L,0.0,0.0,0.0,0.0
61,fixed_clean_L,0.0,0.0,0.0,0.0
62,fixed_clean_L,0.0,0.0,0.0,0.0
63,fixed_clean_L,0.0,0.0,0.0,0.0
64,fixed_clean_L,0.0,0.0,0.0,0.0
65,fixed_clean_L,0.0,0.0,0.0,0.0
66,fixed_clean_L,0.0,0.0,0.0,0.0
67,fixed_clean_L,0.0,0.0,0.0,0.0
68,fixed_clean_L,0.0,0.0,0.0,0.0
69,fixed_clean_L,0.0,0.0,0.0,0.0
70,fixed_clean_L,0.0,0.0,0.0,0.0
71,fixed_clean_L,0.0,0.0,0.0,0.0
72,fixed_clean_L,0.0,0.0,0.0,0.0
73,fixed_clean_L,0.0,0.0,0.0,0.0
74,fixed_clean_L,0.0,0.0,0.0,0.0
75,fixed_clean_L,0.0,0.0,0.0,0.0
76,fixed_clean_L,0.0,0.0,0.0,0.0
77,fixed_clean_L,0.0,0.0,0.0,0.0
78,fixed_clean_L,0.0,0.0,0.0,0.0
79,fixed_clean_L,0.0,0.0,0.0,0.0
80,fixed_clean_L,0.0,0.0,0.0,0.0
81,fixed_clean_L,0.0,0.0,0.0,0.0
82,fixed_clean_L,0.0,0.0,0.0,0.0
83,fixed_clean_L,0.0,0.0,0.0,0.0
84,fixed_clean_L,0.0,0.0,0.0,0.0
85,fixed_clean_L,0.0,0.0,0.0,0.0
86,fixed_clean_L,0.0,0.0,0.0,0.0
87,fixed_clean_L,0.0,0.0,0.0,0.0
88,fixed_clean_L,0.0,0.0,0.0,0.0
89,fixed_clean_L,0.0,0.0,0.0,0.0
90,fixed_clean_L,0.0,0.0,0.0,0.0
91,fixed_clean_L,0.0,0.0,0.0,0.0
92,fixed_clean_L,0.0,0.0,0.0,0.0
93,fixed_clean_L,0.0,0.0,0.0,0.0
94,fixed_clean_L,0.0,0.0,0.0,0.0
95,fixed_clean_L,0.0,0.0,0.0,0.0
96,fixed_clean_L,0.0,0.0,0.0,0.0
97,fixed_clean_L,0.0,0.0,0.0,0.0
98,fixed_clean_L,0.0,0.0,0.0,0.0
99,fixed_clean_L,0.0,0.0,0.0,0.0
100,fixed_clean_L,0.0,0.0,0.0,0.0
101,fixed_clean_L,0.0,0.0,0.0,0.0
102,fixed_clean_L,0.0,0.0,0.0,0.0
103,fixed_clean_L,0.0,0.0,0.0,0.0
104,fixed_clean_L,0.0,0.0,0.0,0.0
105,fixed_clean_L,0.0,0.0,0.0,0.0
106,fixed_clean_L,0.0,0.0,0.0,0.0
107,fixed_clean_L,0.0,0.0,0.0,0.0
108,fixed_clean_L,0.0,0.0,0.0,0.0
109,fixed_clean_L,0.0,0.0,0.0,0.0
110,fixed_clean_L,0.0,0.0,0.0,0.0
111,fixed_clean_L,0.0,0.0,0.0,0.0
112,fixed_clean_L,0.0,0.0,0.0,0.0
113,fixed_clean_L,0.0,0.0,0.0,0.0
114,fixed_clean_L,0.0,0.0,0.0,0.0
115,fixed_clean_L,0.0,0.0,0.0,0.0
116,fixed_clean_L,0.0,0.0,0.0,0.0
117,fixed_clean_L,0.0,0.0,0.0,0.0
118,fixed_clean_L,0.0,0.0,0.0,0.0
119,fixed_clean_L,0.0,0.0,0.0,0.0
120,fixed_clean_L,0.0,0.0,0.0,0.0
121,fixed_clean_L,0.0,0.0,0.0,0.0
122,fixed_clean_L,0.0,0.0,0.0,0.0
123,fixed_clean_L,0.0,0.0,0.0,0.0
124,fixed_clean_L,0.0,0.0,0.0,0.0
125,fixed_clean_L,0.0,0.0,0.0,0.0
126,fixed_clean_L,0.0,0.0,0.0,0.0
127,fixed_clean_L,0.0,0.0,0.0,0.0
128,fixed_clean_L,0.0,0.0,0.0,0.0
129,fixed_clean_L,0.0,0.0,0.0,0.0
130,fixed_clean_L,0.0,0.0,0.0,0.0
131,fixed_clean_L,0.0,0.0,0.0,0.0
132,fixed_clean_L,0.0,0.0,0.0,0.0
133,fixed_clean_L,0.0,0.0,0.0,0.0
134,fixed_clean_L,0.0,0.0,0.0,0.0
135,fixed_clean_L,0.0,0.0,0.0,0.0
136,fixed_clean_L,0.0,0.0,0.0,0.0
137,fixed_clean_L,0.0,0.0,0.0,0.0
138,fixed_clean_L,0.0,0.0,0.0,0.0
139,fixed_clean_L,0.0,0.0,0.0,0.0
140,fixed_clean_L,0.0,0.0,0.0,0.0
141,fixed_clean_L,0.0,0.0,0.0,0.0
142,fixed_clean_L,0.0,0.0,0.0,0.0
143,fixed_clean_L,0.0,0.0,0.0,0.0
144,fixed_clean_L,0.0,0.0,0.0,0.0
145,fixed_clean_L,0.0,0.0,0.0,0.0
146,fixed_clean_L,0.0,0.0,0.0,0.0
147,fixed_clean_L,0.0,0.0,0.0,0.0
148,fixed_clean_L,0.0,0.0,0.0,0.0
149,fixed_clean_L,0.0,0.0,0.0,0.0
150,fixed_clean_L,0.0,0.0,0.0,0.0
151,fixed_clean_L,0.0,0.0,0.0,0.0
152,fixed_clean_L,0.0,0.0,0.0,0.0
153,fixed_clean_L,0.0,0.0,0.0,0.0
154,fixed_clean_L,0.0,0.0,0.0,0.0
155,fixed_clean_L,0.0,0.0,0.0,0.0
156,fixed_clean_L,0.0,0.0,0.0,0.0
157,fixed_clean_L,0.0,0.0,0.0,0.0
158,fixed_clean_L,0.0,0.0,0.0,0.0
159,fixed_clean_L,0.0,0.0,0.0,0.0
160,fixed_clean_L,0.0,0.0,0.0,0.0
161,fixed_clean_L,0.0,0.0,0.0,0.0
162,fixed_clean_L,0.0,0.0,0.0,0.0
163,fixed_clean_L,0.0,0.0,0.0,0.0
164,fixed_clean_L,0.0,0.0,0.0,0.0
165,fixed_clean_L,0.0,0.0,0.0,0.0
166,fixed_clean_L,0.0,0.0,0.0,0.0
167,fixed_clean_L,0.0,0.0,0.0,0.0
168,fixed_clean_L,0.0,0.0,0.0,0.0
169,fixed_clean_L,0.0,0.0,0.0,0.0
170,fixed_clean_L,0.0,0.0,0.0,0.0
171,fixed_clean_L,0.0,0.0,0.0,0.0
172,fixed_clean_L,0.0,0.0,0.0,0.0
173,fixed_clean_L,0.0,0.0,0.0,0.0
174,fixed_clean_L,0.0,0.0,0.0,0.0
175,fixed_clean_L,0.0,0.0,0.0,0.0
176,fixed_clean_L,0.0,0.0,0.0,0.0
177,fixed_clean_L,0.0,0.0,0.0,0.0
178,fixed_clean_L,0.0,0.0,0.0,0.0
179,fixed_clean_L,0.0,0.0,0.0,0.0
180,fixed_clean_L,0.0,0.0,0.0,0.0
181,fixed_clean_L,0.0,0.0,0.0,0.0
182,fixed_clean_L,0.0,0.0,0.0,0.0
183,fixed_clean_L,0.0,0.0,0.0,0.0
184,fixed_clean_L,0.0,0.0,0.0,0.0
185,fixed_clean_L,0.0,0.0,0.0,0.0
186,fixed_clean_L,0.0,0.0,0.0,0.0
187,fixed_clean_L,0.0,0.0,0.0,0.0
188,fixed_clean_L,0.0,0.0,0.0,0.0
189,fixed_clean_L,0.0,0.0,0.0,0.0
190,fixed_clean_L,0.0,0.0,0.0,0.0
191,fixed_clean_L,0.0,0.0,0.0,0.0
192,fixed_clean_L,0.0,0.0,0.0,0.0
193,fixed_clean_L,0.0,0.0,0.0,0.0
194,fixed_clean_L,0.0,0.0,0.0,0.0
195,fixed_clean_L,0.0,0.0,0.0,0.0
196,fixed_clean_L,0.0,0.0,0.0,0.0
197,fixed_clean_L,0.0,0.0,0.0,0.0
198,fixed_clean_L,0.0,0.0,0.0,0.0
199,fixed_clean_L,0.0,0.0,0.0,0.0
200,fixed_clean_L,0.0,0.0,0.0,0.0
201,fixed_clean_L,0.0,0.0,0.0,0.0
202,fixed_clean_L,0.0,0.0,0.0,0.0
203,fixed_clean_L,0.0,0.0,0.0,0.0
204,fixed_clean_L,0.0,0.0,0.0,0.0
205,fixed_clean_L,0.0,0.0,0.0,0.0
206,fixed_clean_L,0.0,0.0,0.0,0.0
207,fixed_clean_L,0.0,0.0,0.0,0.0
208,fixed_clean_L,0.0,0.0,0.0,0.0
209,fixed_clean_L,0.0,0.0,0.0,0.0
210,fixed_clean_L,0.0,0.0,0.0,0.0
211,fixed_clean_L,0.0,0.0,0.0,0.0
212,fixed_clean_L,0.0,0.0,0.0,0.0
213,fixed_clean_L,0.0,0.0,0.0,0.0
214,fixed_clean_L,0.0,0.0,0.0,0.0
215,fixed_clean_L,0.0,0.0,0.0,0.0
216,fixed_clean_L,0.0,0.0,0.0,0.0
217,fixed_clean_L,0.0,0.0,0.0,0.0
218,fixed_clean_L,0.0,0.0,0.0,0.0
219,fixed_clean_L,0.0,0.0,0.0,0.0
220,fixed_clean_L,0.0,0.0,0.0,0.0
221,fixed_clean_L,0.0,0.0,0.0,0.0
222,fixed_clean_L,0.0,0.0,0.0,0.0
223,fixed_clean_L,0.0,0.0,0.0,0.0
224,fixed_clean_L,0.0,0.0,0.0,0.0
225,fixed_clean_L,0.0,0.0,0.0,0.0
226,fixed_clean_L,0.0,0.0,0.0,0.0
227,fixed_clean_L,0.0,0.0,0.0,0.0
228,fixed_clean_L,0.0,0.0,0.0,0.0
229,fixed_clean_L,0.0,0.0,0.0,0.0
230,fixed_clean_L,0.0,0.0,0.0,0.0
231,fixed_clean_L,0.0,0.0,0.0,0.0
232,fixed_clean_L,0.0,0.0,0.0,0.0
233,fixed_clean_L,0.0,0.0,0.0,0.0
234,fixed_clean_L,0.0,0.0,0.0,0.0
235,fixed_clean_L,0.0,0.0,0.0,0.0
236,fixed_clean_L,0.0,0.0,0.0,0.0
237,fixed_clean_L,0.0,0.0,0.0,0.0
238,fixed_clean_L,0.0,0.0,0.0,0.0
239,fixed_clean_L,0.0,0.0,0.0,0.0
240,fixed_clean_L,0.0,0.0,0.0,0.0
241,fixed_clean_L,0.0,0.0,0.0,0.0
242,fixed_clean_L,0.0,0.0,0.0,0.0
243,fixed_clean_L,0.0,0.0,0.0,0.0
244,fixed_clean_L,0.0,0.0,0.0,0.0
245,fixed_clean_L,0.0,0.0,0.0,0.0
246,fixed_clean_L,0.0,0.0,0.0,0.0
247,fixed_clean_L,0.0,0.0,0.0,0.0
248,fixed_clean_L,0.0,0.0,0.0,0.0
249,fixed_clean_L,0.0,0.0,0.0,0.0
250,fixed_clean_L,0.029999999329447746,0.029999999329447746,1.0,0.004173443652689457
251,fixed_clean_L,0.029136832803487778,0.03110666777895032,0.9366748316000753,0.0039504715241491795
252,fixed_clean_L,0.027903901413083076,0.03225416006460286,0.8651256568825071,0.003635586705058813
253,fixed_clean_L,0.026522304862737656,0.03344398213482085,0.7930366891065714,0.00328655494377017
254,fixed_clean_L,0.025180114433169365,0.03467769549087429,0.7261184480899463,0.0029472028836607933
255,fixed_clean_L,0.024032874032855034,0.03595691923617411,0.6683796761063165,0.002648575697094202
256,fixed_clean_L,0.023179074749350548,0.03728333220115462,0.6217007273999162,0.0024079508148133755
257,fixed_clean_L,0.02263186313211918,0.03865867514654063,0.5854277997455997,0.00222832802683115
258,fixed_clean_L,0.022315613925457,0.04008475304789082,0.5567107747625554,0.00210030609741807
259,fixed_clean_L,0.022103121504187584,0.04156343746441542,0.531792432305706,0.0020073517225682735
260,fixed_clean_L,0.021870315074920654,0.04309666899517721,0.5074711244474157,0.0019324924796819687
261,fixed_clean_L,0.02153066173195839,0.044686459825899076,0.48181623283301117,0.001862850971519947
262,fixed_clean_L,0.021039577201008797,0.04633489636972074,0.45407627618560703,0.0017907265573740005
263,fixed_clean_L,0.0203842893242836,0.048044142005370064,0.4242825134020538,0.00171268405392766
264,fixed_clean_L,0.019573187455534935,0.04981643991634281,0.3929061869616609,0.0016282792203128338
265,fixed_clean_L,0.018628975376486778,0.051654116034816656,0.36064842081374904,0.0015390361659228802
266,fixed_clean_L,0.01758473739027977,0.053559582094163026,0.32832103430837206,0.0014476955402642488
267,fixed_clean_L,0.016481097787618637,0.05553533879406307,0.29676775446952935,0.0013575779739767313
268,fixed_clean_L,0.015363209880888462,0.05758397908238128,0.26679660082033263,0.0012720043305307627
269,fixed_clean_L,0.014276998117566109,0.059708191558104036,0.23911288794725402,0.0011938014067709446
270,fixed_clean_L,0.013264670968055725,0.06191076399980903,0.2142546806254344,0.0011249531526118517
271,fixed_clean_L,0.01236007921397686,0.06419458702429606,0.1925408322869789,0.0010664367582648993
272,fixed_clean_L,0.011584741063416004,0.06656265788018109,0.1740426454164376,0.0010182487312704325
273,fixed_clean_L,0.0109455157071352,0.06901808438143182,0.158589097411691,0.0009795688092708588
274,fixed_clean_L,0.01043465081602335,0.07156408898600736,0.1458084769033194,0.0009489785879850388
275,fixed_clean_L,0.010032382793724537,0.07420401302495458,0.13520000313663194,0.0009246957488358021
276,fixed_clean_L,0.00971161387860775,0.07694132108751134,0.12622104405462414,0.000904792919754982
277,fixed_clean_L,0.009443456307053566,0.0797796055679718,0.11836930302955423,0.000887417234480381
278,fixed_clean_L,0.009202355518937111,0.08272259138028046,0.11124355953301027,0.000870988704264164
279,fixed_clean_L,0.0089696841314435,0.08577414084654292,0.10457329030541981,0.0008543520234525204
280,fixed_clean_L,0.00873537827283144,0.08893825876586842,0.09821845394823259,0.0008368636481463909
281,fixed_clean_L,0.008497697301208973,0.09221909767019698,0.09214682767336625,0.000818377360701561
282,fixed_clean_L,0.008261475712060928,0.09562096327400803,0.0863981644734862,0.0007991492748260498
283,fixed_clean_L,0.008035439066588879,0.09914832012506355,0.08104463148193684,0.0007796874269843102
284,fixed_clean_L,0.007829132489860058,0.10280579746360086,0.07615458158020728,0.0007605878636240959
285,fixed_clean_L,0.007650061976164579,0.10659819529766484,0.0717653986055068,0.0007423879578709602
286,fixed_clean_L,0.007501665968447924,0.11053049070255315,0.06786965226306231,0.0007254646625369787
287,fixed_clean_L,0.007382538169622421,0.11460784435264088,0.06441564459503166,0.0007099930662661791
288,fixed_clean_L,0.007287017535418272,0.11883560729415771,0.06132015227877345,0.0006959575694054365
289,fixed_clean_L,0.007206813432276249,0.12321932796780559,0.05848768655968669,0.0006831991486251354
290,fixed_clean_L,0.0071329944767057896,0.12776475949043326,0.05582912303169085,0.0006714789196848869
291,fixed_clean_L,0.0070577627047896385,0.13247786720532428,0.053275032680372036,0.0006605444941669703
292,fixed_clean_L,0.0069755809381604195,0.13736483651100737,0.05078141622948352,0.0006501786410808563
293,fixed_clean_L,0.006883556488901377,0.14243208097886279,0.048328694221092726,0.0006402120925486088
294,fixed_clean_L,0.006781227421015501,0.1476862507701794,0.04591644371531948,0.0006305309943854809
295,fixed_clean_L,0.006669929251074791,0.1531342413637076,0.04355609295267352,0.0006210603751242161
296,fixed_clean_L,0.006552065722644329,0.15878320260516263,0.04126422452214286,0.0006117452867329121
297,fixed_clean_L,0.00643039820715785,0.16464054809055478,0.039057196308779504,0.0006025386974215508
298,fixed_clean_L,0.006307558156549931,0.17071396489566049,0.036948108846309544,0.0005933893844485283
299,fixed_clean_L,0.006185801699757576,0.17701142366440356,0.03494577678492239,0.0005842505488544703
300,fixed_clean_L,0.006067006383091211,0.18354118906938616,0.033055285376829675,0.0005750809796154499
301,fixed_clean_L,0.005952813196927309,0.19031183065829765,0.03127925981446474,0.0005658650770783424
302,fixed_clean_L,0.0058447979390621185,0.19733223410043643,0.029619073466159027,0.000556612852960825
303,fixed_clean_L,0.005744558293372393,0.2046116128481035,0.028075426479517326,0.0005473655182868242
304,fixed_clean_L,0.005653653759509325,0.2121595202281734,0.02664812662391455,0.0005381864029914141
305,fixed_clean_L,0.005573389120399952,0.21998586197970987,0.025335215046292416,0.000529151875525713
306,fixed_clean_L,0.005504516419023275,0.228100909254081,0.024131935453583876,0.000520327826961875
307,fixed_clean_L,0.005446945782750845,0.2365153120946356,0.023029992157849753,0.0005117647815495729
308,fixed_clean_L,0.005399585701525211,0.24524011341362975,0.02201754691092521,0.0005034819478169084
309,fixed_clean_L,0.005360376555472612,0.25428676348474805,0.02108004554391257,0.0004954671021550894
310,fixed_clean_L,0.005326524842530489,0.26366713497023875,0.0202017018280709,0.00048768066335469484
311,fixed_clean_L,0.005294895265251398,0.2733935385023842,0.019367302147139893,0.00048006721772253513
312,fixed_clean_L,0.005262448452413082,0.28347873883975455,0.018563820602390396,0.00047256832476705313
313,fixed_clean_L,0.005226639565080404,0.2939359716194497,0.017781558127384224,0.0004651312483474612
314,fixed_clean_L,0.005185714922845364,0.3047789607273137,0.017014674866238658,0.0004577221116051078
315,fixed_clean_L,0.005138844717293978,0.3160219363089173,0.016261038006775145,0.00045032508205622435
316,fixed_clean_L,0.005086108576506376,0.3276796534449471,0.0155215879992405,0.00044294889084994793
317,fixed_clean_L,0.005028350278735161,0.3397674115155116,0.014799389548004367,0.0004356123972684145
318,fixed_clean_L,0.004966951906681061,0.35230107427877333,0.014098599945655424,0.0004283478483557701
319,fixed_clean_L,0.004903567023575306,0.36529709069026284,0.013423504179323082,0.00042118539568036795
320,fixed_clean_L,0.004839864559471607,0.37877251649019533,0.01277776065781924,0.0004141509998589754
321,fixed_clean_L,0.004777316935360432,0.39274503658711857,0.012163914219959158,0.00040726258885115385
322,fixed_clean_L,0.0047170547768473625,0.40723298826727283,0.011583184350850016,0.00040052796248346567
323,fixed_clean_L,0.0046597993932664394,0.4222553852601175,0.011035500211313854,0.000393945025280118
324,fixed_clean_L,0.004605872556567192,0.4378319426916117,0.010519727108653086,0.00038750492967665195
325,fixed_clean_L,0.004555243533104658,0.4539831029579925,0.01003394950918726,0.0003811934730038047
326,fixed_clean_L,0.004507618956267834,0.47073006255401234,0.00957580429813875,0.000374995288439095
327,fixed_clean_L,0.004462553188204765,0.48809479989084115,0.009142800106050675,0.0003688971046358347
328,fixed_clean_L,0.00441952608525753,0.50610010414014,0.008732513684750707,0.00036288739647716284
329,fixed_clean_L,0.004378036130219698,0.5247696051421643,0.008342777644360047,0.00035695882979780436
330,fixed_clean_L,0.004337640944868326,0.5441278044171457,0.007971731842512044,0.000351106864400208
331,fixed_clean_L,0.004297993611544371,0.5642001073206488,0.007617853232880927,0.00034533184953033924
332,fixed_clean_L,0.004258854314684868,0.5850128563851075,0.007279932856520527,0.000339635880663991
333,fixed_clean_L,0.004220077767968178,0.6065933658912954,0.006957012729223348,0.0003340227995067835
334,fixed_clean_L,0.004181596916168928,0.6289699577151002,0.0066483253530258985,0.0003284960985183716
335,fixed_clean_L,0.004143399186432362,0.6521719984966484,0.006353230736651529,0.00032306043431162834
336,fixed_clean_L,0.004105494823306799,0.6762299381805614,0.006071152120760709,0.0003177177859470248
337,fixed_clean_L,0.004067898727953434,0.7011753499779183,0.005801542692682425,0.00031246733851730824
338,fixed_clean_L,0.00403061555698514,0.727040971802376,0.005543863019154222,0.0003073083935305476
339,fixed_clean_L,0.003993629943579435,0.7538607492348242,0.005297569806669213,0.00030223652720451355
340,fixed_clean_L,0.003956914413720369,0.7816698800729585,0.005062129825638214,0.00029724754858762026
341,fixed_clean_L,0.003920437768101692,0.8105048605242441,0.0048370317798784165,0.0002923348220065236
342,fixed_clean_L,0.003884179051965475,0.8404035331028868,0.004621802382986832,0.00028749345801770687
343,fixed_clean_L,0.0038481394294649363,0.8714051362936752,0.004416016464892699,0.00028271914925426245
344,fixed_clean_L,0.0038123498670756817,0.903550356047867,0.004219299833770102,0.00027800898533314466
345,fixed_clean_L,0.003776869038119912,0.9368813791787063,0.004031320423329163,0.0002733614528551698
346,fixed_clean_L,0.003741773311048746,0.9714419487266462,0.0038517724254685678,0.0002687767846509814
347,fixed_clean_L,0.0037071439437568188,1.0072774213669342,0.0036803604102691075,0.0002642553299665451
348,fixed_clean_L,0.003673056373372674,1.044434826934903,0.00351678848564632,0.0002597987186163664
349,fixed_clean_L,0.0036395564675331116,1.0829629301470916,0.0033607396580405346,0.0002554086968302727
350,fixed_clean_L,0.003606659360229969,1.1229122945991843,0.003211879839215173,0.00025108567206189036
351,fixed_clean_L,0.0035743426997214556,1.1643353491247765,0.0030698567233299807,0.00024683005176484585
352,fixed_clean_L,0.0035425522364676,1.2072864566020405,0.0029343095974407474,0.00024264125386253
353,fixed_clean_L,0.0035112095065414906,1.2518219852985955,0.0028048792462324157,0.0002385179977864027
354,fixed_clean_L,0.003480230923742056,1.2980003828482176,0.0026812248823111623,0.00023445929400622845
355,fixed_clean_L,0.0034495368599891663,1.345882252956473,0.0025630302000131415,0.00023046275600790977
356,fixed_clean_L,0.003419062588363886,1.3955304349359423,0.0024500093317712758,0.0002265276270918548
357,fixed_clean_L,0.003388764802366495,1.4470100861754094,0.0023419082111053803,0.00022265163715928793
358,fixed_clean_L,0.003358623944222927,1.5003887676512595,0.002238502457920015,0.00021883443696424365
359,fixed_clean_L,0.003328641876578331,1.555736532593302,0.0021395922811105568,0.00021507509518414736
360,fixed_clean_L,0.0032988316379487514,1.6131260184213752,0.002044993137719661,0.00021137268049642444
361,fixed_clean_L,0.003269216511398554,1.6726325420734045,0.0019545336044616323,0.0002077272511087358
362,fixed_clean_L,0.003239818150177598,1.7343341988500067,0.0018680472035469517,0.00020413810852915049
363,fixed_clean_L,0.0032106495928019285,1.7983119649053756,0.0017853685319670705,0.00020060472888872027
364,fixed_clean_L,0.0031817196868360043,1.8646498035189343,0.001706336321614664,0.00019712670473381877
365,fixed_clean_L,0.003153023775666952,1.933434775287251,0.0016307887992748587,0.0001937032793648541
366,fixed_clean_L,0.003124547889456153,2.004757152380814,0.0015585667749061253,0.00019033387070521712
367,fixed_clean_L,0.003096270374953747,2.078710537015617,0.0014895149275564986,0.00018701731460168958
368,fixed_clean_L,0.003068166319280863,2.1553919842950386,0.0014234841465666692,0.0001837529707700014
369,fixed_clean_L,0.003040212206542492,2.23490212958323,0.0013603334867775343,0.0001805398496799171
370,fixed_clean_L,0.0030123854521661997,2.3173453205771746,0.0012999294604120173,0.00017737760208547115
371,fixed_clean_L,0.002984673250466585,2.4028297542507406,0.0012421492805249855,0.00017426523845642805
372,fixed_clean_L,0.0029570721089839935,2.491467618850462,0.0011868796072687297,0.00017120200209319592
373,fixed_clean_L,0.0029295864515006542,2.583375241129395,0.001134015068681971,0.00016818713629618287
374,fixed_clean_L,0.002902229083701968,2.678673239012271,0.0010834576765220271,0.00016522029181942344
375,fixed_clean_L,0.002875023754313588,2.7774866798923132,0.0010351170268888767,0.00016230018809437752
376,fixed_clean_L,0.0028480051551014185,2.879945244767457,0.0009889094802326293,0.0001594268251210451
377,fixed_clean_L,0.00282120774500072,2.986183398431369,0.0009447536767107774,0.00015659944619983435
378,fixed_clean_L,0.0027946708723902702,3.096340565942653,0.0009025721857374103,0.00015381735283881426
379,fixed_clean_L,0.002768429694697261,3.210561315603808,0.0008622883734511715,0.00015107978833839297
380,fixed_clean_L,0.002742517041042447,3.3289955486900937,0.0008238271877898976,0.00014838657807558775
381,fixed_clean_L,0.002716956427320838,3.4517986961772866,0.0007871132318144004,0.00014573679072782397
382,fixed_clean_L,0.0026917613577097654,3.579131922726521,0.0007520710093466542,0.00014312990242615342
383,fixed_clean_L,0.0026669353246688843,3.7111623381939283,0.00071862534743408,0.00014056521467864513
384,fixed_clean_L,0.002642469247803092,3.8480632169426165,0.0006867011010028574,0.0001380422036163509
385,fixed_clean_L,0.0026183458976447582,3.9900142252448614,0.0006562247024279905,0.00013556034537032247
386,fixed_clean_L,0.002594538265839219,4.1372016570729215,0.0006271239550055823,0.000133118883240968
387,fixed_clean_L,0.0025710114277899265,4.289818678587925,0.0005993286943858018,0.00013071746798232198
388,fixed_clean_L,0.0025477269664406776,4.448065581647684,0.0005727718981825197,0.00012835513916797936
389,fixed_clean_L,0.0025246443692594767,4.612150046666185,0.0005473899035623034,0.00012603163486346602
390,fixed_clean_L,0.0025017245206981897,4.7822874151696295,0.0005231229960714213,0.0001237460528500378
391,fixed_clean_L,0.0024789331946521997,4.958700972406827,0.0004999158465990315,0.00012149830581620336
392,fixed_clean_L,0.002456243149936199,5.141622240384783,0.0004777175442107901,0.00011928754975087941
393,fixed_clean_L,0.0024336325004696846,5.331291281714036,0.0004564808733705617,0.0001171134936157614
394,fixed_clean_L,0.002411089837551117,5.527957014662561,0.00043616291356026317,0.00011497526429593563
395,fixed_clean_L,0.0023886130657047033,5.731877539831652,0.00041672437157037694,0.00011287245433777571
396,fixed_clean_L,0.0023662096355110407,5.943320478882575,0.00039812923498211227,0.00011080477270297706
397,fixed_clean_L,0.002343893749639392,6.1625633257584305,0.00038034396171514025,0.00010877152089960873
398,fixed_clean_L,0.0023216865956783295,6.38989381086228,0.0003633372735759174,0.00010677232057787478
399,fixed_clean_L,0.0022996121551841497,6.62561027866939,0.00034707929661778673,0.00010480664786882699
400,fixed_clean_L,0.00227769510820508,6.870022079269199,0.00033154116273922816,0.0001028736587613821
401,fixed_clean_L,0.002255963161587715,7.123449974350859,0.0003166953049029161,0.0001009734405670315
402,fixed_clean_L,0.002234439132735133,7.386226558165174,0.0003025142967304531,9.91051783785224e-05
403,fixed_clean_L,0.0022131428122520447,7.658696694015338,0.0002889712049807952,9.72685229498893e-05
404,fixed_clean_L,0.0021920884028077126,7.941217966849395,0.00027603931940397344,9.546271758154035e-05
405,fixed_clean_L,0.0021712842863053083,8.23416115254836,0.000263692226333623,9.368761675432324e-05
406,fixed_clean_L,0.0021507313940674067,8.53791070452586,0.00025190371139947925,9.194266749545932e-05
407,fixed_clean_L,0.0021304269321262836,8.852865258277939,0.0002406482952097584,9.022728772833943e-05
408,fixed_clean_L,0.0021103627514094114,9.1794381545452,0.00022990108064124435,8.854118641465902e-05
409,fixed_clean_L,0.002090523950755596,9.518057981773788,0.0002196376566268832,8.688392699696124e-05
410,fixed_clean_L,0.002070897025987506,9.86916913858724,0.0002098349918728774,8.52549565024674e-05
411,fixed_clean_L,0.002051462884992361,10.233232417007324,0.0002004706627773734,8.36538674775511e-05
412,fixed_clean_L,0.0020322035998106003,10.610725607189256,0.0001915235277061249,8.208028157241642e-05
413,fixed_clean_L,0.002013102639466524,11.002144124464989,0.00018297366555943177,8.053387864492834e-05
414,fixed_clean_L,0.001994144171476364,11.408001659517453,0.00017480223364209384,7.901404751464725e-05
415,fixed_clean_L,0.0019753165543079376,11.828830852539086,0.0001669916984131979,7.75205553509295e-05
416,fixed_clean_L,0.0019566109403967857,12.265183992259262,0.00015952560855439526,7.605293649248779e-05
417,fixed_clean_L,0.0019380213925614953,12.717633740758215,0.00015238852070023146,7.46107252780348e-05
418,fixed_clean_L,0.0019195469794794917,13.186773885018534,0.0001455660797869815,7.319360156543553e-05
419,fixed_clean_L,0.0019011885160580277,13.673220116200605,0.0001390446800315472,7.180109969340265e-05
420,fixed_clean_L,0.0018829497275874019,14.177610837664709,0.00013281149758921973,7.043284131214023e-05
421,fixed_clean_L,0.0018648374825716019,14.700608002800251,0.00012685444589886197,6.908865179866552e-05
422,fixed_clean_L,0.0018468585330992937,15.242897983761514,0.00012116190340359029,6.776799273211509e-05
423,fixed_clean_L,0.0018290197476744652,15.805192472250287,0.0001157227127025335,6.647042755503207e-05
424,fixed_clean_L,0.0018113292753696442,16.38822941352735,0.00011052623377816015,6.519569433294237e-05
425,fixed_clean_L,0.0017937941011041403,16.992773974878666,0.00010556217035288074,6.394342926796526e-05
426,fixed_clean_L,0.0017764178337529302,17.619619549807297,0.00010082044216285922,6.271322490647435e-05
427,fixed_clean_L,0.0017592055955901742,18.269588799268927,9.629147185078245e-05,6.150471745058894e-05
428,fixed_clean_L,0.0017421591328456998,18.943534731317346,9.196589535983334e-05,6.0317732277326286e-05
429,fixed_clean_L,0.001725278445519507,19.642341820577073,8.783466153267563e-05,5.9151730965822935e-05
430,fixed_clean_L,0.0017085629515349865,20.366927169012076,8.388908829283463e-05,5.800655344501138e-05
431,fixed_clean_L,0.0016920088091865182,21.118241709514013,8.012072370704274e-05,5.688174860551953e-05
432,fixed_clean_L,0.0016756141558289528,21.897271453889637,7.652159582336052e-05,5.5776952649466693e-05
433,fixed_clean_L,0.0016593734035268426,22.705038786885062,7.30839272772057e-05,5.4692020057700574e-05
434,fixed_clean_L,0.0016432825941592455,23.542603807945365,6.980037584477619e-05,5.362638330552727e-05
435,fixed_clean_L,0.0016273374203592539,24.41106572247008,6.666392360171764e-05,5.257988232187927e-05
436,fixed_clean_L,0.0016115339240059257,25.31156428439084,6.366789132032144e-05,5.155225517228246e-05
437,fixed_clean_L,0.0015958669828251004,26.245281291964098,6.08058631596275e-05,5.054310895502567e-05
438,fixed_clean_L,0.0015803341520950198,27.213442138742074,5.807182141965044e-05,4.955221083946526e-05
439,fixed_clean_L,0.0015649320557713509,28.217317421757407,5.54599869427944e-05,4.8579153371974826e-05
440,fixed_clean_L,0.0015496577834710479,29.258224609032105,5.2964860451329765e-05,4.762382013723254e-05
441,fixed_clean_L,0.0015345095889642835,30.33752976859898,5.058123059684924e-05,4.66857454739511e-05
442,fixed_clean_L,0.001519485842436552,31.456649361305043,4.830412244432104e-05,4.576466744765639e-05
443,fixed_clean_L,0.0015045853797346354,32.61705209974946,4.612879714369382e-05,4.486046964302659e-05
444,fixed_clean_L,0.0014898073859512806,33.82026087579575,4.405073607866507e-05,4.397273005452007e-05
445,fixed_clean_L,0.0014751508133485913,35.067854759187966,4.206561317989073e-05,4.310118674766272e-05
446,fixed_clean_L,0.0014606156619265676,36.36147106989358,4.016932260851025e-05,4.2245606891810894e-05
447,fixed_clean_L,0.0014462015824392438,37.70280752689319,3.835792815714524e-05,4.140575765632093e-05
448,fixed_clean_L,0.0014319075271487236,39.09362447623641,3.662764827597728e-05,4.058121703565121e-05
449,fixed_clean_L,0.0014177344273775816,40.53574720128877,3.4974917825925926e-05,3.9771999581716955e-05
450,fixed_clean_L,0.0014036812353879213,42.03106831820109,3.339627783812653e-05,3.897765418514609e-05
451,fixed_clean_L,0.0013897479511797428,43.581550259745086,3.188844689775548e-05,3.8197991671040654e-05
452,fixed_clean_L,0.0013759341090917587,45.18922785077513,3.0448276603340043e-05,3.7432750104926527e-05
453,fixed_clean_L,0.00136223912704736,46.85621097869631,2.9072754680627438e-05,3.66816675523296e-05
454,fixed_clean_L,0.0013486635871231556,48.58468736244276,2.775902574121961e-05,3.594454028643668e-05
455,fixed_clean_L,0.001335206557996571,50.37692542360113,2.650432805831852e-05,3.522107726894319e-05
456,fixed_clean_L,0.0013218685053288937,52.23527726344665,2.5306049370851423e-05,3.4511205740273e-05
457,fixed_clean_L,0.0013086484977975488,54.16218174979885,2.4161665123514138e-05,3.381451824679971e-05
458,fixed_clean_L,0.0012955458369106054,56.1601677177482,2.3068767234133034e-05,3.313083288958296e-05
459,fixed_clean_L,0.00128256028983742,58.23185728845419,2.202506238954733e-05,3.245997504564002e-05
460,fixed_clean_L,0.001269691507332027,60.379969310370534,2.102835628824925e-05,3.180174098815769e-05
461,fixed_clean_L,0.0012569380924105644,62.60732292741313,2.0076534718915507e-05,3.1155905162449926e-05
462,fixed_clean_L,0.0012442986480891705,64.91684127875448,1.9167578452348322e-05,3.052218380616978e-05
463,fixed_clean_L,0.0012317717773839831,67.31155533509931,1.829955898733603e-05,2.990046050399542e-05
464,fixed_clean_L,0.0012193567818030715,69.79460787647656,1.7470644493928607e-05,2.929048059741035e-05
465,fixed_clean_L,0.0012070509837940335,72.36925761676777,1.6679057151394115e-05,2.8692003979813308e-05
466,fixed_clean_L,0.0011948536848649383,75.03888348038525,1.5923127176822485e-05,2.8104899683967233e-05
467,fixed_clean_L,0.0011827636044472456,77.80698903671198,1.5201251443995313e-05,2.7528942155186087e-05
468,fixed_clean_L,0.0011707793455570936,80.67720709812377,1.4511897321050436e-05,2.69639422185719e-05
469,fixed_clean_L,0.0011588995112106204,83.65330448762737,1.3853601101699765e-05,2.640971797518432e-05
470,fixed_clean_L,0.0011471229372546077,86.73918698237186,1.3224967597260732e-05,2.586608025012538e-05
471,fixed_clean_L,0.0011354486923664808,89.93890443952098,1.2624666705052075e-05,2.533283259253949e-05
472,fixed_clean_L,0.001123876660130918,93.25665611121335,1.2051436401393563e-05,2.48097931034863e-05
473,fixed_clean_L,0.0011124047450721264,96.69679615558618,1.15040496613999e-05,2.429682353977114e-05
474,fixed_clean_L,0.0011010341113433242,100.26383935109462,1.0981367943509774e-05,2.3793676518835127e-05
475,fixed_clean_L,0.0010897635947912931,103.96246702162709,1.0482279095633542e-05,2.330024290131405e-05
476,fixed_clean_L,0.001078593428246677,107.79753318019041,1.0005733864463666e-05,2.281633351230994e-05
477,fixed_clean_L,0.0010675222147256136,111.77407089923041,9.55071427690985e-06,2.234175190096721e-05
478,fixed_clean_L,0.001056550769135356,115.8972989159465,9.116267411043032e-06,2.1876374376006424e-05
479,fixed_clean_L,0.0010456787422299385,120.17262848126913,8.701471836350193e-06,2.1420004486571997e-05
480,fixed_clean_L,0.0010349050862714648,124.60567046148918,8.305441336968001e-06,2.097251854138449e-05
481,fixed_clean_L,0.0010242294520139694,129.20224270185875,7.927334933167027e-06,2.0533734641503543e-05
482,fixed_clean_L,0.001013651373796165,133.9683776618276,7.566348055321646e-06,2.0103485439904034e-05
483,fixed_clean_L,0.0010031703859567642,138.91033033193517,7.2217119026326125e-06,1.9681669073179364e-05
484,fixed_clean_L,0.0009927853243425488,144.034586442749,6.892687019566388e-06,1.9268067262601107e-05
485,fixed_clean_L,0.0009824945591390133,149.34787097662158,6.578564211958601e-06,1.8862592696677893e-05
486,fixed_clean_L,0.0009722978575155139,154.85715699343734,6.278675628513048e-06,1.846503437263891e-05
487,fixed_clean_L,0.0009621944627724588,160.56967478193192,5.992379719764679e-06,1.8075297703035176e-05
488,fixed_clean_L,0.000952182977925986,166.49292134859525,5.719059826767944e-06,1.7693262634566054e-05
489,fixed_clean_L,0.0009422622388228774,172.63467025660754,5.458128644856103e-06,1.7318732716375962e-05
490,fixed_clean_L,0.0009324315469712019,179.00298182772602,5.209028014229293e-06,1.6951591533143073e-05
491,fixed_clean_L,0.0009226900292560458,185.60621372050733,4.971223811749462e-06,1.6591729945503175e-05
492,fixed_clean_L,0.0009130369289778173,192.4530318987496,4.744206521299026e-06,1.6239009710261598e-05
493,fixed_clean_L,0.0009034712566062808,199.55242200454862,4.527488303728466e-06,1.589327075635083e-05
494,fixed_clean_L,0.0008939923136495054,206.9137011508946,4.3206047191507605e-06,1.555440394440666e-05
495,fixed_clean_L,0.0008846000418998301,214.546530149285,4.123115117659143e-06,1.5222278307192028e-05
496,fixed_clean_L,0.0008752933936193585,222.4609261884011,3.934593857071676e-06,1.4896799257257953e-05
497,fixed_clean_L,0.0008660719031468034,230.66727598048814,3.754637060959021e-06,1.4577795809600502e-05
498,fixed_clean_L,0.00085693527944386,239.1763493926911,3.582859599704413e-06,1.4265180652728304e-05
499,fixed_clean_L,0.0008478832896798849,247.9993135812363,3.4188936954543088e-06,1.395885192323476e-05
500,fixed_clean_L,0.0008389150025323033,257.14774764700763,3.262385185982264e-06,
0,fixed_rewritten_L,0.0,0.0,0.0,0.0
1,fixed_rewritten_L,0.0,0.0,0.0,0.0
2,fixed_rewritten_L,0.0,0.0,0.0,0.0
3,fixed_rewritten_L,0.0,0.0,0.0,0.0
4,fixed_rewritten_L,0.0,0.0,0.0,0.0
5,fixed_rewritten_L,0.0,0.0,0.0,0.0
6,fixed_rewritten_L,0.0,0.0,0.0,0.0
7,fixed_rewritten_L,0.0,0.0,0.0,0.0
8,fixed_rewritten_L,0.0,0.0,0.0,0.0
9,fixed_rewritten_L,0.0,0.0,0.0,0.0
10,fixed_rewritten_L,0.0,0.0,0.0,0.0
11,fixed_rewritten_L,0.0,0.0,0.0,0.0
12,fixed_rewritten_L,0.0,0.0,0.0,0.0
13,fixed_rewritten_L,0.0,0.0,0.0,0.0
14,fixed_rewritten_L,0.0,0.0,0.0,0.0
15,fixed_rewritten_L,0.0,0.0,0.0,0.0
16,fixed_rewritten_L,0.0,0.0,0.0,0.0
17,fixed_rewritten_L,0.0,0.0,0.0,0.0
18,fixed_rewritten_L,0.0,0.0,0.0,0.0
19,fixed_rewritten_L,0.0,0.0,0.0,0.0
20,fixed_rewritten_L,0.0,0.0,0.0,0.0
21,fixed_rewritten_L,0.0,0.0,0.0,0.0
22,fixed_rewritten_L,0.0,0.0,0.0,0.0
23,fixed_rewritten_L,0.0,0.0,0.0,0.0
24,fixed_rewritten_L,0.0,0.0,0.0,0.0
25,fixed_rewritten_L,0.0,0.0,0.0,0.0
26,fixed_rewritten_L,0.0,0.0,0.0,0.0
27,fixed_rewritten_L,0.0,0.0,0.0,0.0
28,fixed_rewritten_L,0.0,0.0,0.0,0.0
29,fixed_rewritten_L,0.0,0.0,0.0,0.0
30,fixed_rewritten_L,0.0,0.0,0.0,0.0
31,fixed_rewritten_L,0.0,0.0,0.0,0.0
32,fixed_rewritten_L,0.0,0.0,0.0,0.0
33,fixed_rewritten_L,0.0,0.0,0.0,0.0
34,fixed_rewritten_L,0.0,0.0,0.0,0.0
35,fixed_rewritten_L,0.0,0.0,0.0,0.0
36,fixed_rewritten_L,0.0,0.0,0.0,0.0
37,fixed_rewritten_L,0.0,0.0,0.0,0.0
38,fixed_rewritten_L,0.0,0.0,0.0,0.0
39,fixed_rewritten_L,0.0,0.0,0.0,0.0
40,fixed_rewritten_L,0.0,0.0,0.0,0.0
41,fixed_rewritten_L,0.0,0.0,0.0,0.0
42,fixed_rewritten_L,0.0,0.0,0.0,0.0
43,fixed_rewritten_L,0.0,0.0,0.0,0.0
44,fixed_rewritten_L,0.0,0.0,0.0,0.0
45,fixed_rewritten_L,0.0,0.0,0.0,0.0
46,fixed_rewritten_L,0.0,0.0,0.0,0.0
47,fixed_rewritten_L,0.0,0.0,0.0,0.0
48,fixed_rewritten_L,0.0,0.0,0.0,0.0
49,fixed_rewritten_L,0.0,0.0,0.0,0.0
50,fixed_rewritten_L,0.0,0.0,0.0,0.0
51,fixed_rewritten_L,0.0,0.0,0.0,0.0
52,fixed_rewritten_L,0.0,0.0,0.0,0.0
53,fixed_rewritten_L,0.0,0.0,0.0,0.0
54,fixed_rewritten_L,0.0,0.0,0.0,0.0
55,fixed_rewritten_L,0.0,0.0,0.0,0.0
56,fixed_rewritten_L,0.0,0.0,0.0,0.0
57,fixed_rewritten_L,0.0,0.0,0.0,0.0
58,fixed_rewritten_L,0.0,0.0,0.0,0.0
59,fixed_rewritten_L,0.0,0.0,0.0,0.0
60,fixed_rewritten_L,0.0,0.0,0.0,0.0
61,fixed_rewritten_L,0.0,0.0,0.0,0.0
62,fixed_rewritten_L,0.0,0.0,0.0,0.0
63,fixed_rewritten_L,0.0,0.0,0.0,0.0
64,fixed_rewritten_L,0.0,0.0,0.0,0.0
65,fixed_rewritten_L,0.0,0.0,0.0,0.0
66,fixed_rewritten_L,0.0,0.0,0.0,0.0
67,fixed_rewritten_L,0.0,0.0,0.0,0.0
68,fixed_rewritten_L,0.0,0.0,0.0,0.0
69,fixed_rewritten_L,0.0,0.0,0.0,0.0
70,fixed_rewritten_L,0.0,0.0,0.0,0.0
71,fixed_rewritten_L,0.0,0.0,0.0,0.0
72,fixed_rewritten_L,0.0,0.0,0.0,0.0
73,fixed_rewritten_L,0.0,0.0,0.0,0.0
74,fixed_rewritten_L,0.0,0.0,0.0,0.0
75,fixed_rewritten_L,0.0,0.0,0.0,0.0
76,fixed_rewritten_L,0.0,0.0,0.0,0.0
77,fixed_rewritten_L,0.0,0.0,0.0,0.0
78,fixed_rewritten_L,0.0,0.0,0.0,0.0
79,fixed_rewritten_L,0.0,0.0,0.0,0.0
80,fixed_rewritten_L,0.0,0.0,0.0,0.0
81,fixed_rewritten_L,0.0,0.0,0.0,0.0
82,fixed_rewritten_L,0.0,0.0,0.0,0.0
83,fixed_rewritten_L,0.0,0.0,0.0,0.0
84,fixed_rewritten_L,0.0,0.0,0.0,0.0
85,fixed_rewritten_L,0.0,0.0,0.0,0.0
86,fixed_rewritten_L,0.0,0.0,0.0,0.0
87,fixed_rewritten_L,0.0,0.0,0.0,0.0
88,fixed_rewritten_L,0.0,0.0,0.0,0.0
89,fixed_rewritten_L,0.0,0.0,0.0,0.0
90,fixed_rewritten_L,0.0,0.0,0.0,0.0
91,fixed_rewritten_L,0.0,0.0,0.0,0.0
92,fixed_rewritten_L,0.0,0.0,0.0,0.0
93,fixed_rewritten_L,0.0,0.0,0.0,0.0
94,fixed_rewritten_L,0.0,0.0,0.0,0.0
95,fixed_rewritten_L,0.0,0.0,0.0,0.0
96,fixed_rewritten_L,0.0,0.0,0.0,0.0
97,fixed_rewritten_L,0.0,0.0,0.0,0.0
98,fixed_rewritten_L,0.0,0.0,0.0,0.0
99,fixed_rewritten_L,0.0,0.0,0.0,0.0
100,fixed_rewritten_L,0.0,0.0,0.0,0.0
101,fixed_rewritten_L,0.0,0.0,0.0,0.0
102,fixed_rewritten_L,0.0,0.0,0.0,0.0
103,fixed_rewritten_L,0.0,0.0,0.0,0.0
104,fixed_rewritten_L,0.0,0.0,0.0,0.0
105,fixed_rewritten_L,0.0,0.0,0.0,0.0
106,fixed_rewritten_L,0.0,0.0,0.0,0.0
107,fixed_rewritten_L,0.0,0.0,0.0,0.0
108,fixed_rewritten_L,0.0,0.0,0.0,0.0
109,fixed_rewritten_L,0.0,0.0,0.0,0.0
110,fixed_rewritten_L,0.0,0.0,0.0,0.0
111,fixed_rewritten_L,0.0,0.0,0.0,0.0
112,fixed_rewritten_L,0.0,0.0,0.0,0.0
113,fixed_rewritten_L,0.0,0.0,0.0,0.0
114,fixed_rewritten_L,0.0,0.0,0.0,0.0
115,fixed_rewritten_L,0.0,0.0,0.0,0.0
116,fixed_rewritten_L,0.0,0.0,0.0,0.0
117,fixed_rewritten_L,0.0,0.0,0.0,0.0
118,fixed_rewritten_L,0.0,0.0,0.0,0.0
119,fixed_rewritten_L,0.0,0.0,0.0,0.0
120,fixed_rewritten_L,0.0,0.0,0.0,0.0
121,fixed_rewritten_L,0.0,0.0,0.0,0.0
122,fixed_rewritten_L,0.0,0.0,0.0,0.0
123,fixed_rewritten_L,0.0,0.0,0.0,0.0
124,fixed_rewritten_L,0.0,0.0,0.0,0.0
125,fixed_rewritten_L,0.0,0.0,0.0,0.0
126,fixed_rewritten_L,0.0,0.0,0.0,0.0
127,fixed_rewritten_L,0.0,0.0,0.0,0.0
128,fixed_rewritten_L,0.0,0.0,0.0,0.0
129,fixed_rewritten_L,0.0,0.0,0.0,0.0
130,fixed_rewritten_L,0.0,0.0,0.0,0.0
131,fixed_rewritten_L,0.0,0.0,0.0,0.0
132,fixed_rewritten_L,0.0,0.0,0.0,0.0
133,fixed_rewritten_L,0.0,0.0,0.0,0.0
134,fixed_rewritten_L,0.0,0.0,0.0,0.0
135,fixed_rewritten_L,0.0,0.0,0.0,0.0
136,fixed_rewritten_L,0.0,0.0,0.0,0.0
137,fixed_rewritten_L,0.0,0.0,0.0,0.0
138,fixed_rewritten_L,0.0,0.0,0.0,0.0
139,fixed_rewritten_L,0.0,0.0,0.0,0.0
140,fixed_rewritten_L,0.0,0.0,0.0,0.0
141,fixed_rewritten_L,0.0,0.0,0.0,0.0
142,fixed_rewritten_L,0.0,0.0,0.0,0.0
143,fixed_rewritten_L,0.0,0.0,0.0,0.0
144,fixed_rewritten_L,0.0,0.0,0.0,0.0
145,fixed_rewritten_L,0.0,0.0,0.0,0.0
146,fixed_rewritten_L,0.0,0.0,0.0,0.0
147,fixed_rewritten_L,0.0,0.0,0.0,0.0
148,fixed_rewritten_L,0.0,0.0,0.0,0.0
149,fixed_rewritten_L,0.0,0.0,0.0,0.0
150,fixed_rewritten_L,0.0,0.0,0.0,0.0
151,fixed_rewritten_L,0.0,0.0,0.0,0.0
152,fixed_rewritten_L,0.0,0.0,0.0,0.0
153,fixed_rewritten_L,0.0,0.0,0.0,0.0
154,fixed_rewritten_L,0.0,0.0,0.0,0.0
155,fixed_rewritten_L,0.0,0.0,0.0,0.0
156,fixed_rewritten_L,0.0,0.0,0.0,0.0
157,fixed_rewritten_L,0.0,0.0,0.0,0.0
158,fixed_rewritten_L,0.0,0.0,0.0,0.0
159,fixed_rewritten_L,0.0,0.0,0.0,0.0
160,fixed_rewritten_L,0.0,0.0,0.0,0.0
161,fixed_rewritten_L,0.0,0.0,0.0,0.0
162,fixed_rewritten_L,0.0,0.0,0.0,0.0
163,fixed_rewritten_L,0.0,0.0,0.0,0.0
164,fixed_rewritten_L,0.0,0.0,0.0,0.0
165,fixed_rewritten_L,0.0,0.0,0.0,0.0
166,fixed_rewritten_L,0.0,0.0,0.0,0.0
167,fixed_rewritten_L,0.0,0.0,0.0,0.0
168,fixed_rewritten_L,0.0,0.0,0.0,0.0
169,fixed_rewritten_L,0.0,0.0,0.0,0.0
170,fixed_rewritten_L,0.0,0.0,0.0,0.0
171,fixed_rewritten_L,0.0,0.0,0.0,0.0
172,fixed_rewritten_L,0.0,0.0,0.0,0.0
173,fixed_rewritten_L,0.0,0.0,0.0,0.0
174,fixed_rewritten_L,0.0,0.0,0.0,0.0
175,fixed_rewritten_L,0.0,0.0,0.0,0.0
176,fixed_rewritten_L,0.0,0.0,0.0,0.0
177,fixed_rewritten_L,0.0,0.0,0.0,0.0
178,fixed_rewritten_L,0.0,0.0,0.0,0.0
179,fixed_rewritten_L,0.0,0.0,0.0,0.0
180,fixed_rewritten_L,0.0,0.0,0.0,0.0
181,fixed_rewritten_L,0.0,0.0,0.0,0.0
182,fixed_rewritten_L,0.0,0.0,0.0,0.0
183,fixed_rewritten_L,0.0,0.0,0.0,0.0
184,fixed_rewritten_L,0.0,0.0,0.0,0.0
185,fixed_rewritten_L,0.0,0.0,0.0,0.0
186,fixed_rewritten_L,0.0,0.0,0.0,0.0
187,fixed_rewritten_L,0.0,0.0,0.0,0.0
188,fixed_rewritten_L,0.0,0.0,0.0,0.0
189,fixed_rewritten_L,0.0,0.0,0.0,0.0
190,fixed_rewritten_L,0.0,0.0,0.0,0.0
191,fixed_rewritten_L,0.0,0.0,0.0,0.0
192,fixed_rewritten_L,0.0,0.0,0.0,0.0
193,fixed_rewritten_L,0.0,0.0,0.0,0.0
194,fixed_rewritten_L,0.0,0.0,0.0,0.0
195,fixed_rewritten_L,0.0,0.0,0.0,0.0
196,fixed_rewritten_L,0.0,0.0,0.0,0.0
197,fixed_rewritten_L,0.0,0.0,0.0,0.0
198,fixed_rewritten_L,0.0,0.0,0.0,0.0
199,fixed_rewritten_L,0.0,0.0,0.0,0.0
200,fixed_rewritten_L,0.0,0.0,0.0,0.0
201,fixed_rewritten_L,0.0,0.0,0.0,0.0
202,fixed_rewritten_L,0.0,0.0,0.0,0.0
203,fixed_rewritten_L,0.0,0.0,0.0,0.0
204,fixed_rewritten_L,0.0,0.0,0.0,0.0
205,fixed_rewritten_L,0.0,0.0,0.0,0.0
206,fixed_rewritten_L,0.0,0.0,0.0,0.0
207,fixed_rewritten_L,0.0,0.0,0.0,0.0
208,fixed_rewritten_L,0.0,0.0,0.0,0.0
209,fixed_rewritten_L,0.0,0.0,0.0,0.0
210,fixed_rewritten_L,0.0,0.0,0.0,0.0
211,fixed_rewritten_L,0.0,0.0,0.0,0.0
212,fixed_rewritten_L,0.0,0.0,0.0,0.0
213,fixed_rewritten_L,0.0,0.0,0.0,0.0
214,fixed_rewritten_L,0.0,0.0,0.0,0.0
215,fixed_rewritten_L,0.0,0.0,0.0,0.0
216,fixed_rewritten_L,0.0,0.0,0.0,0.0
217,fixed_rewritten_L,0.0,0.0,0.0,0.0
218,fixed_rewritten_L,0.0,0.0,0.0,0.0
219,fixed_rewritten_L,0.0,0.0,0.0,0.0
220,fixed_rewritten_L,0.0,0.0,0.0,0.0
221,fixed_rewritten_L,0.0,0.0,0.0,0.0
222,fixed_rewritten_L,0.0,0.0,0.0,0.0
223,fixed_rewritten_L,0.0,0.0,0.0,0.0
224,fixed_rewritten_L,0.0,0.0,0.0,0.0
225,fixed_rewritten_L,0.0,0.0,0.0,0.0
226,fixed_rewritten_L,0.0,0.0,0.0,0.0
227,fixed_rewritten_L,0.0,0.0,0.0,0.0
228,fixed_rewritten_L,0.0,0.0,0.0,0.0
229,fixed_rewritten_L,0.0,0.0,0.0,0.0
230,fixed_rewritten_L,0.0,0.0,0.0,0.0
231,fixed_rewritten_L,0.0,0.0,0.0,0.0
232,fixed_rewritten_L,0.0,0.0,0.0,0.0
233,fixed_rewritten_L,0.0,0.0,0.0,0.0
234,fixed_rewritten_L,0.0,0.0,0.0,0.0
235,fixed_rewritten_L,0.0,0.0,0.0,0.0
236,fixed_rewritten_L,0.0,0.0,0.0,0.0
237,fixed_rewritten_L,0.0,0.0,0.0,0.0
238,fixed_rewritten_L,0.0,0.0,0.0,0.0
239,fixed_rewritten_L,0.0,0.0,0.0,0.0
240,fixed_rewritten_L,0.0,0.0,0.0,0.0
241,fixed_rewritten_L,0.0,0.0,0.0,0.0
242,fixed_rewritten_L,0.0,0.0,0.0,0.0
243,fixed_rewritten_L,0.0,0.0,0.0,0.0
244,fixed_rewritten_L,0.0,0.0,0.0,0.0
245,fixed_rewritten_L,0.0,0.0,0.0,0.0
246,fixed_rewritten_L,0.0,0.0,0.0,0.0
247,fixed_rewritten_L,0.0,0.0,0.0,0.0
248,fixed_rewritten_L,0.0,0.0,0.0,0.0
249,fixed_rewritten_L,0.0,0.0,0.0,0.0
250,fixed_rewritten_L,0.029999999329447746,0.029999999329447746,1.0,0.004173443652689457
251,fixed_rewritten_L,0.029136832803487778,0.030977268288322334,0.9405875473684568,0.0039504715241491795
252,fixed_rewritten_L,0.027903901413083076,0.03198637240184115,0.8723684281083689,0.003635586705058813
253,fixed_rewritten_L,0.026522304862737656,0.03302834872030855,0.803016375033898,0.00328655494377017
254,fixed_rewritten_L,0.025180114433169365,0.034104268076598644,0.7383273664344442,0.0029472028836607933
255,fixed_rewritten_L,0.024032874032855034,0.03521523618664396,0.6824567044071098,0.002648575697094202
256,fixed_rewritten_L,0.023179074749350548,0.03636239478577309,0.6374463201862447,0.0024079508148133755
257,fixed_rewritten_L,0.02263186313211918,0.03754692280206533,0.6027621291743854,0.00222832802683115
258,fixed_rewritten_L,0.022315613925457,0.03877003756792804,0.5755891746650582,0.00210030609741807
259,fixed_rewritten_L,0.022103121504187584,0.04003299607114195,0.5521225906976462,0.0020073517225682735
260,fixed_rewritten_L,0.021870315074920654,0.041337096246660036,0.5290723601972341,0.0019324924796819687
261,fixed_rewritten_L,0.02153066173195839,0.042683678310487555,0.5044237653404913,0.001862850971519947
262,fixed_rewritten_L,0.021039577201008797,0.044074126137014086,0.4773679944465072,0.0017907265573740005
263,fixed_rewritten_L,0.0203842893242836,0.045509868681213,0.4479092099138153,0.00171268405392766
264,fixed_rewritten_L,0.019573187455534935,0.046992381447170016,0.41651831324061733,0.0016282792203128338
265,fixed_rewritten_L,0.018628975376486778,0.048523188004449984,0.3839190321703171,0.0015390361659228802
266,fixed_rewritten_L,0.01758473739027977,0.050103861553860284,0.35096571092383083,0.0014476955402642488
267,fixed_rewritten_L,0.016481097787618637,0.05173602654421993,0.31856133701206985,0.0013575779739767313
268,fixed_rewritten_L,0.015363209880888462,0.053421360341795995,0.28758552351705163,0.0012720043305307627
269,fixed_rewritten_L,0.014276998117566109,0.05516159495412298,0.2588213435351182,0.0011938014067709446
270,fixed_rewritten_L,0.013264670968055725,0.056958518809976606,0.23288300407370044,0.0011249531526118517
271,fixed_rewritten_L,0.01236007921397686,0.058813978597331514,0.21015546828756212,0.0010664367582648993
272,fixed_rewritten_L,0.011584741063416004,0.06072988116119149,0.19075850045988657,0.0010182487312704325
273,fixed_rewritten_L,0.0109455157071352,0.06270819546324276,0.17454681363859464,0.0009795688092708588
274,fixed_rewritten_L,0.01043465081602335,0.06475095460534423,0.1611505325229927,0.0009489785879850388
275,fixed_rewritten_L,0.010032382793724537,0.06686025791893419,0.15005001634735635,0.0009246957488358021
276,fixed_rewritten_L,0.00971161387860775,0.06903827312250072,0.14066999997777427,0.000904792919754982
277,fixed_rewritten_L,0.009443456307053566,0.0712872385493332,0.1324705024240541,0.000887417234480381
278,fixed_rewritten_L,0.009202355518937111,0.07360946544784405,0.1250159264565973,0.000870988704264164
279,fixed_rewritten_L,0.0089696841314435,0.07600734035682505,0.11801076171504364,0.0008543520234525204
280,fixed_rewritten_L,0.00873537827283144,0.07848332755807905,0.11130234337180857,0.0008368636481463909
281,fixed_rewritten_L,0.008497697301208973,0.08103997160894773,0.10485809820139091,0.000818377360701561
282,fixed_rewritten_L,0.008261475712060928,0.08367989995733813,0.09872712223930492,0.0007991492748260498
283,fixed_rewritten_L,0.008035439066588879,0.08640582564193523,0.09299649655438336,0.0007796874269843102
284,fixed_rewritten_L,0.007829132489860058,0.08922055008037566,0.08775032750646647,0.0007605878636240959
285,fixed_rewritten_L,0.007650061976164579,0.09212696594824801,0.0830382494139878,0.0007423879578709602
286,fixed_rewritten_L,0.007501665968447924,0.09512806015187833,0.0788586034075646,0.0007254646625369787
287,fixed_rewritten_L,0.007382538169622421,0.098226916897956,0.0751579954127222,0.0007099930662661791
288,fixed_rewritten_L,0.007287017535418272,0.10142672086315475,0.07184514567172036,0.0006959575694054365
289,fixed_rewritten_L,0.007206813432276249,0.10473076046700575,0.0688127671387116,0.0006831991486251354
290,fixed_rewritten_L,0.0071329944767057896,0.10814243125138702,0.06595925756583453,0.0006714789196848869
291,fixed_rewritten_L,0.0070577627047896385,0.11166523937010156,0.06320465298424247,0.0006605444941669703
292,fixed_rewritten_L,0.0069755809381604195,0.11530280519213085,0.06049792914003177,0.0006501786410808563
293,fixed_rewritten_L,0.006883556488901377,0.11905886702226647,0.057816411839481135,0.0006402120925486088
294,fixed_rewritten_L,0.006781227421015501,0.12293728494294381,0.05516005517905104,0.0006305309943854809
295,fixed_rewritten_L,0.006669929251074791,0.1269420447812258,0.05254310549802366,0.0006210603751242161
296,fixed_rewritten_L,0.006552065722644329,0.13107726220501378,0.04998628757134438,0.0006117452867329121
297,fixed_rewritten_L,0.00643039820715785,0.13534718695269485,0.04751039420867562,0.0006025386974215508
298,fixed_rewritten_L,0.006307558156549931,0.13975620720057294,0.045132579674958956,0.0005933893844485283
299,fixed_rewritten_L,0.006185801699757576,0.14430885407257138,0.042865018501545324,0.0005842505488544703
300,fixed_rewritten_L,0.006067006383091211,0.14900980629684207,0.04071548399308125,0.0005750809796154499
301,fixed_rewritten_L,0.005952813196927309,0.1538638950140667,0.03868882427799638,0.0005658650770783424
302,fixed_rewritten_L,0.0058447979390621185,0.15887610874239128,0.03678840063070232,0.000556612852960825
303,fixed_rewritten_L,0.005744558293372393,0.16405159850409656,0.035016777317344726,0.0005473655182868242
304,fixed_rewritten_L,0.005653653759509325,0.16939568311927317,0.03337542997201724,0.0005381864029914141
305,fixed_rewritten_L,0.005573389120399952,0.1749138546719413,0.03186362298660155,0.000529151875525713
306,fixed_rewritten_L,0.005504516419023275,0.1806117841542329,0.030477061310255977,0.000520327826961875
307,fixed_rewritten_L,0.005446945782750845,0.18649532729443663,0.02920687537737217,0.0005117647815495729
308,fixed_rewritten_L,0.005399585701525211,0.19257053057489495,0.028039522378660076,0.0005034819478169084
309,fixed_rewritten_L,0.005360376555472612,0.19884363744593836,0.026957747425687646,0.0004954671021550894
310,fixed_rewritten_L,0.005326524842530489,0.20532109474224175,0.02594241399899684,0.00048768066335469484
311,fixed_rewritten_L,0.005294895265251398,0.21200955930819862,0.024974794922120472,0.00048006721772253513
312,fixed_rewritten_L,0.005262448452413082,0.21891590483912024,0.024038675747568083,0.00047256832476705313
313,fixed_rewritten_L,0.005226639565080404,0.22604722894529158,0.02312189178105504,0.0004651312483474612
314,fixed_rewritten_L,0.005185714922845364,0.23341086044614326,0.022217110690279575,0.0004577221116051078
315,fixed_rewritten_L,0.005138844717293978,0.2410143669020357,0.021321736058094606,0.00045032508205622435
316,fixed_rewritten_L,0.005086108576506376,0.24886556239139587,0.02043717309712523,0.00044294889084994793
317,fixed_rewritten_L,0.005028350278735161,0.2569725155411997,0.019567657919155868,0.0004356123972684145
318,fixed_rewritten_L,0.004966951906681061,0.26534355781905145,0.018718946664867692,0.0004283478483557701
319,fixed_rewritten_L,0.004903567023575306,0.2739872920953841,0.017897060064625957,0.00042118539568036795
320,fixed_rewritten_L,0.004839864559471607,0.2829126014845777,0.017107278127854765,0.0004141509998589754
321,fixed_rewritten_L,0.004777316935360432,0.29212865847408376,0.01635346891439702,0.00040726258885115385
322,fixed_rewritten_L,0.0047170547768473625,0.3016449343509357,0.015637772227129497,0.00040052796248346567
323,fixed_rewritten_L,0.0046597993932664394,0.3114712089353345,0.014960610353664743,0.000393945025280118
324,fixed_rewritten_L,0.004605872556567192,0.32161758063131163,0.014320960152508465,0.00038750492967665195
325,fixed_rewritten_L,0.004555243533104658,0.3320944768047995,0.013716709705419662,0.0003811934730038047
326,fixed_rewritten_L,0.004507618956267834,0.34291266449977237,0.013145093264033781,0.000374995288439095
327,fixed_rewritten_L,0.004462553188204765,0.3540832615034748,0.012603118174116152,0.0003688971046358347
328,fixed_rewritten_L,0.00441952608525753,0.36561774777210465,0.012087832475824699,0.00036288739647716284
329,fixed_rewritten_L,0.004378036130219698,0.3775279772286962,0.011596587257869904,0.00035695882979780436
330,fixed_rewritten_L,0.004337640944868326,0.3898261899453266,0.011127115254818265,0.000351106864400208
331,fixed_rewritten_L,0.004297993611544371,0.40252502472216484,0.01067758113799503,0.00034533184953033924
332,fixed_rewritten_L,0.004258854314684868,0.4156375320762921,0.010246558566090072,0.000339635880663991
333,fixed_rewritten_L,0.004220077767968178,0.4291771876536404,0.00983294986166393,0.0003340227995067835
334,fixed_rewritten_L,0.004181596916168928,0.4431579060778336,0.009435907289070225,0.0003284960985183716
335,fixed_rewritten_L,0.004143399186432362,0.4575940552501643,0.009054748720822405,0.00032306043431162834
336,fixed_rewritten_L,0.004105494823306799,0.47250047111539956,0.008688869269516786,0.0003177177859470248
337,fixed_rewritten_L,0.004067898727953434,0.4878924729085942,0.008337695196858565,0.00031246733851730824
338,fixed_rewritten_L,0.00403061555698514,0.5037858788985771,0.008000652113944205,0.0003073083935305476
339,fixed_rewritten_L,0.003993629943579435,0.5201970226442925,0.007677148791199935,0.00030223652720451355
340,fixed_rewritten_L,0.003956914413720369,0.5371427697807011,0.007366597181110445,0.00029724754858762026
341,fixed_rewritten_L,0.003920437768101692,0.5546405353514932,0.007068429943760219,0.0002923348220065236
342,fixed_rewritten_L,0.003884179051965475,0.5727083017064258,0.006782124583129461,0.00028749345801770687
343,fixed_rewritten_L,0.0038481394294649363,0.5913646369816764,0.006507219385159434,0.00028271914925426245
344,fixed_rewritten_L,0.0038123498670756817,0.6106287141822064,0.006243319022724681,0.00027800898533314466
345,fixed_rewritten_L,0.003776869038119912,0.6305203308857444,0.005990082877762608,0.0002733614528551698
346,fixed_rewritten_L,0.003741773311048746,0.6510599295886393,0.005747202586116641,0.0002687767846509814
347,fixed_rewritten_L,0.0037071439437568188,0.6722686187144925,0.005514378985658433,0.0002642553299665451
348,fixed_rewritten_L,0.003673056373372674,0.6941681943071585,0.005291306060253467,0.0002597987186163664
349,fixed_rewritten_L,0.0036395564675331116,0.7167811624304112,0.00507763967344281,0.0002554086968302727
350,fixed_rewritten_L,0.003606659360229969,0.7401307622972916,0.004873002912397886,0.00025108567206189036
351,fixed_rewritten_L,0.0035743426997214556,0.7642409901529081,0.004676983760065404,0.00024683005176484585
352,fixed_rewritten_L,0.0035425522364676,0.7891366239352361,0.004489149443858957,0.00024264125386253
353,fixed_rewritten_L,0.0035112095065414906,0.8148432487392571,0.00430906129734045,0.0002385179977864027
354,fixed_rewritten_L,0.003480230923742056,0.8413872831106092,0.004136300837440329,0.00023445929400622845
355,fixed_rewritten_L,0.0034495368599891663,0.8687960061957692,0.003970479646993069,0.00023046275600790977
356,fixed_rewritten_L,0.003419062588363886,0.8970975857766702,0.0038112493474205507,0.0002265276270918548
357,fixed_rewritten_L,0.003388764802366495,0.9263211072185624,0.0036583046375158624,0.00022265163715928793
358,fixed_rewritten_L,0.003358623944222927,0.9564966033608719,0.003511380942098096,0.00021883443696424365
359,fixed_rewritten_L,0.003328641876578331,0.9876550853817703,0.0033702472916358962,0.00021507509518414736
360,fixed_rewritten_L,0.0032988316379487514,1.0198285746681783,0.003234692300146711,0.00021137268049642444
361,fixed_rewritten_L,0.003269216511398554,1.0530501357239554,0.0031045212383463763,0.0002077272511087358
362,fixed_rewritten_L,0.003239818150177598,1.0873539101500942,0.0029795433850331086,0.00020413810852915049
363,fixed_rewritten_L,0.0032106495928019285,1.1227751517318405,0.002859565949468704,0.00020060472888872027
364,fixed_rewritten_L,0.0031817196868360043,1.159350262668799,0.0027443989873360227,0.00019712670473381877
365,fixed_rewritten_L,0.003153023775666952,1.197116830985258,0.002633848003850996,0.0001937032793648541
366,fixed_rewritten_L,0.003124547889456153,1.236113669159179,0.002527718904347617,0.00019033387070521712
367,fixed_rewritten_L,0.003096270374953747,1.2763808540095485,0.002425820134505546,0.00018701731460168958
368,fixed_rewritten_L,0.003068166319280863,1.3179597678830892,0.0023279665996246307,0.0001837529707700014
369,fixed_rewritten_L,0.003040212206542492,1.360893141182648,0.0022339830472659127,0.0001805398496799171
370,fixed_rewritten_L,0.0030123854521661997,1.4052250962809822,0.002143703140613322,0.00017737760208547115
371,fixed_rewritten_L,0.002984673250466585,1.4510011928650561,0.0020569750494644572,0.00017426523845642805
372,fixed_rewritten_L,0.0029570721089839935,1.4982684747574628,0.0019736597003835905,0.00017120200209319592
373,fixed_rewritten_L,0.0029295864515006542,1.54707551826308,0.001893628602429011,0.00016818713629618287
374,fixed_rewritten_L,0.002902229083701968,1.5974724820906505,0.001816763115633611,0.00016522029181942344
375,fixed_rewritten_L,0.002875023754313588,1.6495111589005902,0.0017429550196130894,0.00016230018809437752
376,fixed_rewritten_L,0.0028480051551014185,1.7032450285319953,0.0016721053679258802,0.0001594268251210451
377,fixed_rewritten_L,0.00282120774500072,1.7587293129635584,0.0016041170885170643,0.00015659944619983435
378,fixed_rewritten_L,0.0027946708723902702,1.8160210330648654,0.0015388978549845072,0.00015381735283881426
379,fixed_rewritten_L,0.002768429694697261,1.8751790671964055,0.0014763548415866017,0.00015107978833839297
380,fixed_rewritten_L,0.002742517041042447,1.936264211718513,0.0014163960808883371,0.00014838657807558775
381,fixed_rewritten_L,0.002716956427320838,1.9993392434714259,0.0013589271736613457,0.00014573679072782397
382,fixed_rewritten_L,0.0026917613577097654,2.0644689842906696,0.001303851682051124,0.00014312990242615342
383,fixed_rewritten_L,0.0026669353246688843,2.1317203676240757,0.0012510718409288063,0.00014056521467864513
384,fixed_rewritten_L,0.002642469247803092,2.2011625073188865,0.0012004880325813547,0.0001380422036163509
385,fixed_rewritten_L,0.0026183458976447582,2.272866768649645,0.0011520014871792812,0.00013556034537032247
386,fixed_rewritten_L,0.002594538265839219,2.3469068416598655,0.0011055139555536063,0.000133118883240968
387,fixed_rewritten_L,0.0025710114277899265,2.4233588168928533,0.0010609289098534687,0.00013071746798232198
388,fixed_rewritten_L,0.0025477269664406776,2.502301263589502,0.0010181535706799802,0.00012835513916797936
389,fixed_rewritten_L,0.0025246443692594767,2.583815310433439,0.000977099392152748,0.00012603163486346602
390,fixed_rewritten_L,0.0025017245206981897,2.6679847289264886,0.0009376832234361414,0.0001237460528500378
391,fixed_rewritten_L,0.0024789331946521997,2.7548960194801504,0.0008998282247763294,0.00012149830581620336
392,fixed_rewritten_L,0.002456243149936199,2.8446385003115546,0.0008634640744921307,0.00011928754975087941
393,fixed_rewritten_L,0.0024336325004696846,2.9373043992352668,0.000828525807915341,0.0001171134936157614
394,fixed_rewritten_L,0.002411089837551117,3.032988948445263,0.000794955035621565,0.00011497526429593563
395,fixed_rewritten_L,0.0023886130657047033,3.13179048238449,0.0007626988711856788,0.00011287245433777571
396,fixed_rewritten_L,0.0023662096355110407,3.23381053880259,0.0007317094205485509,0.00011080477270297706
397,fixed_rewritten_L,0.002343893749639392,3.339153963105642,0.0007019424008407836,0.00010877152089960873
398,fixed_rewritten_L,0.0023216865956783295,3.4479290161051606,0.0006733568425665985,0.00010677232057787478
399,fixed_rewritten_L,0.0022996121551841497,3.560247485277093,0.0006459135677207484,0.00010480664786882699
400,fixed_rewritten_L,0.00227769510820508,3.6762247996451447,0.0006195744907724194,0.0001028736587613821
401,fixed_rewritten_L,0.002255963161587715,3.7959801484064903,0.0005943032032279576,0.0001009734405670315
402,fixed_rewritten_L,0.002234439132735133,3.9196366034218206,0.0005700628294940609,9.91051783785224e-05
403,fixed_rewritten_L,0.0022131428122520447,4.047321245695554,0.0005468166913129982,9.72685229498893e-05
404,fixed_rewritten_L,0.0021920884028077126,4.179165295976228,0.0005245278058080864,9.546271758154035e-05
405,fixed_rewritten_L,0.0021712842863053083,4.315304249611287,0.0005031590267362708,9.368761675432324e-05
406,fixed_rewritten_L,0.0021507313940674067,4.455878015794846,0.00048267286187899744,9.194266749545932e-05
407,fixed_rewritten_L,0.0021304269321262836,4.601031061351535,0.00046303250374068956,9.022728772833943e-05
408,fixed_rewritten_L,0.0021103627514094114,4.7509125592042025,0.0004442015560401949,8.854118641465902e-05
409,fixed_rewritten_L,0.002090523950755596,4.905676541678037,0.0004261438627261207,8.688392699696124e-05
410,fixed_rewritten_L,0.002070897025987506,5.065482058798674,0.0004088252612385401,8.52549565024674e-05
411,fixed_rewritten_L,0.002051462884992361,5.230493341746967,0.00039221212053147924,8.36538674775511e-05
412,fixed_rewritten_L,0.0020322035998106003,5.400879971638388,0.00037627268342979293,8.208028157241642e-05
413,fixed_rewritten_L,0.002013102639466524,5.576817053800544,0.0003609769910050421,8.053387864492834e-05
414,fixed_rewritten_L,0.001994144171476364,5.7584853977278705,0.00034629664464603746,7.901404751464725e-05
415,fixed_rewritten_L,0.0019753165543079376,5.946071702898485,0.00033220530343504697,7.75205553509295e-05
416,fixed_rewritten_L,0.0019566109403967857,6.1397687506441265,0.00031867827924162724,7.605293649248779e-05
417,fixed_rewritten_L,0.0019380213925614953,6.339775602270385,0.00030569242732620625,7.46107252780348e-05
418,fixed_rewritten_L,0.0019195469794794917,6.546297803630825,0.0002932263451893127,7.319360156543553e-05
419,fixed_rewritten_L,0.0019011885160580277,6.759547596365239,0.0002812597276599309,7.180109969340265e-05
420,fixed_rewritten_L,0.0018829497275874019,6.979744136019118,0.00026977346030070067,7.043284131214023e-05
421,fixed_rewritten_L,0.0018648374825716019,7.207113717268504,0.00025874955713594254,6.908865179866552e-05
422,fixed_rewritten_L,0.0018468585330992937,7.441890006481688,0.000248170630241878,6.776799273211509e-05
423,fixed_rewritten_L,0.0018290197476744652,7.684314281856744,0.0002380199040001424,6.647042755503207e-05
424,fixed_rewritten_L,0.0018113292753696442,7.934635681381707,0.00022828134121139968,6.519569433294237e-05
425,fixed_rewritten_L,0.0017937941011041403,8.19311145887219,0.0002189393016448799,6.394342926796526e-05
426,fixed_rewritten_L,0.0017764178337529302,8.460007248349626,0.00020997828744171264,6.271322490647435e-05
427,fixed_rewritten_L,0.0017592055955901742,8.735597337031747,0.00020138354914009025,6.150471745058894e-05
428,fixed_rewritten_L,0.0017421591328456998,9.02016494721595,0.00019314049610405547,6.0317732277326286e-05
429,fixed_rewritten_L,0.001725278445519507,9.314002527345158,0.00018523491275144376,5.9151730965822935e-05
430,fixed_rewritten_L,0.0017085629515349865,9.617412052555352,0.0001776530881902913,5.800655344501138e-05
431,fixed_rewritten_L,0.0016920088091865182,9.930705335013624,0.00017038153405084364,5.688174860551953e-05
432,fixed_rewritten_L,0.0016756141558289528,10.254204344365693,0.0001634075252995754,5.5776952649466693e-05
433,fixed_rewritten_L,0.0016593734035268426,10.58824153862219,0.00015671850679586696,5.4692020057700574e-05
434,fixed_rewritten_L,0.0016432825941592455,10.933160205823787,0.00015030261728753548,5.362638330552727e-05
435,fixed_rewritten_L,0.0016273374203592539,11.28931481683628,0.00014414846664850996,5.257988232187927e-05
436,fixed_rewritten_L,0.0016115339240059257,11.65707138963818,0.00013824517926847368,5.155225517228246e-05
437,fixed_rewritten_L,0.0015958669828251004,12.036807865475234,0.0001325822427890098,5.054310895502567e-05
438,fixed_rewritten_L,0.0015803341520950198,12.42891449726838,0.00012714981283702166,4.955221083946526e-05
439,fixed_rewritten_L,0.0015649320557713509,12.833794250674373,0.00012193837809805303,4.8579153371974826e-05
440,fixed_rewritten_L,0.0015496577834710479,13.251863218211183,0.00011693886044201339,4.762382013723254e-05
441,fixed_rewritten_L,0.0015345095889642835,13.683551046873813,0.0001121426436535173,4.66857454739511e-05
442,fixed_rewritten_L,0.001519485842436552,14.129301379679962,0.00010754147014103605,4.576466744765639e-05
443,fixed_rewritten_L,0.0015045853797346354,14.589572311599335,0.00010312744935904842,4.486046964302659e-05
444,fixed_rewritten_L,0.0014898073859512806,15.064836860335065,9.889303148538344e-05,4.397273005452007e-05
445,fixed_rewritten_L,0.0014751508133485913,15.555583452441278,9.483095364816307e-05,4.310118674766272e-05
446,fixed_rewritten_L,0.0014606156619265676,16.062316425276112,9.093431004933397e-05,4.2245606891810894e-05
447,fixed_rewritten_L,0.0014462015824392438,16.585556545306233,8.719644580443842e-05,4.140575765632093e-05
448,fixed_rewritten_L,0.0014319075271487236,17.12584154329544,8.361092933907811e-05,4.058121703565121e-05
449,fixed_rewritten_L,0.0014177344273775816,17.683726666927395,8.017169989564861e-05,3.9771999581716955e-05
450,fixed_rewritten_L,0.0014036812353879213,18.259785251430337,7.687282276652007e-05,3.897765418514609e-05
451,fixed_rewritten_L,0.0013897479511797428,18.85460930879032,7.37086581015402e-05,3.8197991671040654e-05
452,fixed_rewritten_L,0.0013759341090917587,19.4688101361584,7.067376483046123e-05,3.7432750104926527e-05
453,fixed_rewritten_L,0.00136223912704736,20.103018944077085,6.776291316427943e-05,3.66816675523296e-05
454,fixed_rewritten_L,0.0013486635871231556,20.75788750517168,6.497113864728025e-05,3.594454028643668e-05
455,fixed_rewritten_L,0.001335206557996571,21.434088823973127,6.229360011344167e-05,3.522107726894319e-05
456,fixed_rewritten_L,0.0013218685053288937,22.132317828560748,5.972571492819801e-05,3.4511205740273e-05
457,fixed_rewritten_L,0.0013086484977975488,22.853292084735745,5.726301895347612e-05,3.381451824679971e-05
458,fixed_rewritten_L,0.0012955458369106054,23.597752533459285,5.490123837317343e-05,3.313083288958296e-05
459,fixed_rewritten_L,0.00128256028983742,24.366464252313122,5.263629045874663e-05,3.245997504564002e-05
460,fixed_rewritten_L,0.001269691507332027,25.160217241765316,5.0464250571905696e-05,3.180174098815769e-05
461,fixed_rewritten_L,0.0012569380924105644,25.979827237048976,4.838131065852841e-05,3.1155905162449926e-05
462,fixed_rewritten_L,0.0012442986480891705,26.82613654648854,4.638381847989383e-05,3.052218380616978e-05
463,fixed_rewritten_L,0.0012317717773839831,27.70001491713506,4.446827126515432e-05,2.990046050399542e-05
464,fixed_rewritten_L,0.0012193567818030715,28.602360428600022,4.263133404136165e-05,2.929048059741035e-05
465,fixed_rewritten_L,0.0012070509837940335,29.53410041600649,4.086973927737621e-05,2.8692003979813308e-05
466,fixed_rewritten_L,0.0011948536848649383,30.49619242300586,3.918042187993144e-05,2.8104899683967233e-05
467,fixed_rewritten_L,0.0011827636044472456,31.489625185839817,3.756042180454749e-05,2.7528942155186087e-05
468,fixed_rewritten_L,0.0011707793455570936,32.51541964945866,3.600689636421733e-05,2.69639422185719e-05
469,fixed_rewritten_L,0.0011588995112106204,33.574630016740414,3.45171193437661e-05,2.640971797518432e-05
470,fixed_rewritten_L,0.0011471229372546077,34.668344831888824,3.308848296095909e-05,2.586608025012538e-05
471,fixed_rewritten_L,0.0011354486923664808,35.79768809912378,3.171849224515348e-05,2.533283259253949e-05
472,fixed_rewritten_L,0.001123876660130918,36.96382043781381,3.0404775448513912e-05,2.48097931034863e-05
473,fixed_rewritten_L,0.0011124047450721264,38.167940275237626,2.914500329465842e-05,2.429682353977114e-05
474,fixed_rewritten_L,0.0011010341113433242,39.41128507820084,2.7937026391263954e-05,2.3793676518835127e-05
475,fixed_rewritten_L,0.0010897635947912931,40.695132624773166,2.677872080770415e-05,2.330024290131405e-05
476,fixed_rewritten_L,0.001078593428246677,42.020802317453374,2.56680826819597e-05,2.281633351230994e-05
477,fixed_rewritten_L,0.0010675222147256136,43.38965653911139,2.4603149687607004e-05,2.234175190096721e-05
478,fixed_rewritten_L,0.001056550769135356,44.80310205310114,2.3582089648237305e-05,2.1876374376006424e-05
479,fixed_rewritten_L,0.0010456787422299385,46.2625914489828,2.2603116459290572e-05,2.1420004486571997e-05
480,fixed_rewritten_L,0.0010349050862714648,47.76962463534055,2.1664501117009604e-05,2.097251854138449e-05
481,fixed_rewritten_L,0.0010242294520139694,49.32575038122964,2.076459950630023e-05,2.0533734641503543e-05
482,fixed_rewritten_L,0.001013651373796165,50.9325679078372,1.990183129251157e-05,2.0103485439904034e-05
483,fixed_rewritten_L,0.0010031703859567642,52.59172853199238,1.907467987758797e-05,1.9681669073179364e-05
484,fixed_rewritten_L,0.0009927853243425488,54.304937363214755,1.8281676999319123e-05,1.9268067262601107e-05
485,fixed_rewritten_L,0.0009824945591390133,56.07395505604538,1.7521406473950687e-05,1.8862592696677893e-05
486,fixed_rewritten_L,0.0009722978575155139,57.90059961946079,1.6792535205260947e-05,1.846503437263891e-05
487,fixed_rewritten_L,0.0009621944627724588,59.786748285230324,1.6093774797418755e-05,1.8075297703035176e-05
488,fixed_rewritten_L,0.000952182977925986,61.73433943713585,1.5423878940109095e-05,1.7693262634566054e-05
489,fixed_rewritten_L,0.0009422622388228774,63.74537460303732,1.4781656625137799e-05,1.7318732716375962e-05
490,fixed_rewritten_L,0.0009324315469712019,65.82192051183111,1.4165972972538877e-05,1.6951591533143073e-05
491,fixed_rewritten_L,0.0009226900292560458,67.96611121741492,1.3575736683013658e-05,1.6591729945503175e-05
492,fixed_rewritten_L,0.0009130369289778173,70.18015029184248,1.300990273148426e-05,1.6239009710261598e-05
493,fixed_rewritten_L,0.0009034712566062808,72.46631308992121,1.2467465475788608e-05,1.589327075635083e-05
494,fixed_rewritten_L,0.0008939923136495054,74.82694908758111,1.1947464443634247e-05,1.555440394440666e-05
495,fixed_rewritten_L,0.0008846000418998301,77.26448429641701,1.1448986555144221e-05,1.5222278307192028e-05
496,fixed_rewritten_L,0.0008752933936193585,79.78142375688637,1.0971142809967806e-05,1.4896799257257953e-05
497,fixed_rewritten_L,0.0008660719031468034,82.38035411272448,1.0513087889398012e-05,1.4577795809600502e-05
498,fixed_rewritten_L,0.00085693527944386,85.06394626922284,1.0074012751909084e-05,1.4265180652728304e-05
499,fixed_rewritten_L,0.0008478832896798849,87.83495813810268,9.653141615286708e-06,1.395885192323476e-05
500,fixed_rewritten_L,0.0008389150025323033,90.69623747180448,9.249722214696107e-06,
0,max_clean_rewritten_L,0.0,0.0,0.0,0.0
1,max_clean_rewritten_L,0.0,0.0,0.0,0.0
2,max_clean_rewritten_L,0.0,0.0,0.0,0.0
3,max_clean_rewritten_L,0.0,0.0,0.0,0.0
4,max_clean_rewritten_L,0.0,0.0,0.0,0.0
5,max_clean_rewritten_L,0.0,0.0,0.0,0.0
6,max_clean_rewritten_L,0.0,0.0,0.0,0.0
7,max_clean_rewritten_L,0.0,0.0,0.0,0.0
8,max_clean_rewritten_L,0.0,0.0,0.0,0.0
9,max_clean_rewritten_L,0.0,0.0,0.0,0.0
10,max_clean_rewritten_L,0.0,0.0,0.0,0.0
11,max_clean_rewritten_L,0.0,0.0,0.0,0.0
12,max_clean_rewritten_L,0.0,0.0,0.0,0.0
13,max_clean_rewritten_L,0.0,0.0,0.0,0.0
14,max_clean_rewritten_L,0.0,0.0,0.0,0.0
15,max_clean_rewritten_L,0.0,0.0,0.0,0.0
16,max_clean_rewritten_L,0.0,0.0,0.0,0.0
17,max_clean_rewritten_L,0.0,0.0,0.0,0.0
18,max_clean_rewritten_L,0.0,0.0,0.0,0.0
19,max_clean_rewritten_L,0.0,0.0,0.0,0.0
20,max_clean_rewritten_L,0.0,0.0,0.0,0.0
21,max_clean_rewritten_L,0.0,0.0,0.0,0.0
22,max_clean_rewritten_L,0.0,0.0,0.0,0.0
23,max_clean_rewritten_L,0.0,0.0,0.0,0.0
24,max_clean_rewritten_L,0.0,0.0,0.0,0.0
25,max_clean_rewritten_L,0.0,0.0,0.0,0.0
26,max_clean_rewritten_L,0.0,0.0,0.0,0.0
27,max_clean_rewritten_L,0.0,0.0,0.0,0.0
28,max_clean_rewritten_L,0.0,0.0,0.0,0.0
29,max_clean_rewritten_L,0.0,0.0,0.0,0.0
30,max_clean_rewritten_L,0.0,0.0,0.0,0.0
31,max_clean_rewritten_L,0.0,0.0,0.0,0.0
32,max_clean_rewritten_L,0.0,0.0,0.0,0.0
33,max_clean_rewritten_L,0.0,0.0,0.0,0.0
34,max_clean_rewritten_L,0.0,0.0,0.0,0.0
35,max_clean_rewritten_L,0.0,0.0,0.0,0.0
36,max_clean_rewritten_L,0.0,0.0,0.0,0.0
37,max_clean_rewritten_L,0.0,0.0,0.0,0.0
38,max_clean_rewritten_L,0.0,0.0,0.0,0.0
39,max_clean_rewritten_L,0.0,0.0,0.0,0.0
40,max_clean_rewritten_L,0.0,0.0,0.0,0.0
41,max_clean_rewritten_L,0.0,0.0,0.0,0.0
42,max_clean_rewritten_L,0.0,0.0,0.0,0.0
43,max_clean_rewritten_L,0.0,0.0,0.0,0.0
44,max_clean_rewritten_L,0.0,0.0,0.0,0.0
45,max_clean_rewritten_L,0.0,0.0,0.0,0.0
46,max_clean_rewritten_L,0.0,0.0,0.0,0.0
47,max_clean_rewritten_L,0.0,0.0,0.0,0.0
48,max_clean_rewritten_L,0.0,0.0,0.0,0.0
49,max_clean_rewritten_L,0.0,0.0,0.0,0.0
50,max_clean_rewritten_L,0.0,0.0,0.0,0.0
51,max_clean_rewritten_L,0.0,0.0,0.0,0.0
52,max_clean_rewritten_L,0.0,0.0,0.0,0.0
53,max_clean_rewritten_L,0.0,0.0,0.0,0.0
54,max_clean_rewritten_L,0.0,0.0,0.0,0.0
55,max_clean_rewritten_L,0.0,0.0,0.0,0.0
56,max_clean_rewritten_L,0.0,0.0,0.0,0.0
57,max_clean_rewritten_L,0.0,0.0,0.0,0.0
58,max_clean_rewritten_L,0.0,0.0,0.0,0.0
59,max_clean_rewritten_L,0.0,0.0,0.0,0.0
60,max_clean_rewritten_L,0.0,0.0,0.0,0.0
61,max_clean_rewritten_L,0.0,0.0,0.0,0.0
62,max_clean_rewritten_L,0.0,0.0,0.0,0.0
63,max_clean_rewritten_L,0.0,0.0,0.0,0.0
64,max_clean_rewritten_L,0.0,0.0,0.0,0.0
65,max_clean_rewritten_L,0.0,0.0,0.0,0.0
66,max_clean_rewritten_L,0.0,0.0,0.0,0.0
67,max_clean_rewritten_L,0.0,0.0,0.0,0.0
68,max_clean_rewritten_L,0.0,0.0,0.0,0.0
69,max_clean_rewritten_L,0.0,0.0,0.0,0.0
70,max_clean_rewritten_L,0.0,0.0,0.0,0.0
71,max_clean_rewritten_L,0.0,0.0,0.0,0.0
72,max_clean_rewritten_L,0.0,0.0,0.0,0.0
73,max_clean_rewritten_L,0.0,0.0,0.0,0.0
74,max_clean_rewritten_L,0.0,0.0,0.0,0.0
75,max_clean_rewritten_L,0.0,0.0,0.0,0.0
76,max_clean_rewritten_L,0.0,0.0,0.0,0.0
77,max_clean_rewritten_L,0.0,0.0,0.0,0.0
78,max_clean_rewritten_L,0.0,0.0,0.0,0.0
79,max_clean_rewritten_L,0.0,0.0,0.0,0.0
80,max_clean_rewritten_L,0.0,0.0,0.0,0.0
81,max_clean_rewritten_L,0.0,0.0,0.0,0.0
82,max_clean_rewritten_L,0.0,0.0,0.0,0.0
83,max_clean_rewritten_L,0.0,0.0,0.0,0.0
84,max_clean_rewritten_L,0.0,0.0,0.0,0.0
85,max_clean_rewritten_L,0.0,0.0,0.0,0.0
86,max_clean_rewritten_L,0.0,0.0,0.0,0.0
87,max_clean_rewritten_L,0.0,0.0,0.0,0.0
88,max_clean_rewritten_L,0.0,0.0,0.0,0.0
89,max_clean_rewritten_L,0.0,0.0,0.0,0.0
90,max_clean_rewritten_L,0.0,0.0,0.0,0.0
91,max_clean_rewritten_L,0.0,0.0,0.0,0.0
92,max_clean_rewritten_L,0.0,0.0,0.0,0.0
93,max_clean_rewritten_L,0.0,0.0,0.0,0.0
94,max_clean_rewritten_L,0.0,0.0,0.0,0.0
95,max_clean_rewritten_L,0.0,0.0,0.0,0.0
96,max_clean_rewritten_L,0.0,0.0,0.0,0.0
97,max_clean_rewritten_L,0.0,0.0,0.0,0.0
98,max_clean_rewritten_L,0.0,0.0,0.0,0.0
99,max_clean_rewritten_L,0.0,0.0,0.0,0.0
100,max_clean_rewritten_L,0.0,0.0,0.0,0.0
101,max_clean_rewritten_L,0.0,0.0,0.0,0.0
102,max_clean_rewritten_L,0.0,0.0,0.0,0.0
103,max_clean_rewritten_L,0.0,0.0,0.0,0.0
104,max_clean_rewritten_L,0.0,0.0,0.0,0.0
105,max_clean_rewritten_L,0.0,0.0,0.0,0.0
106,max_clean_rewritten_L,0.0,0.0,0.0,0.0
107,max_clean_rewritten_L,0.0,0.0,0.0,0.0
108,max_clean_rewritten_L,0.0,0.0,0.0,0.0
109,max_clean_rewritten_L,0.0,0.0,0.0,0.0
110,max_clean_rewritten_L,0.0,0.0,0.0,0.0
111,max_clean_rewritten_L,0.0,0.0,0.0,0.0
112,max_clean_rewritten_L,0.0,0.0,0.0,0.0
113,max_clean_rewritten_L,0.0,0.0,0.0,0.0
114,max_clean_rewritten_L,0.0,0.0,0.0,0.0
115,max_clean_rewritten_L,0.0,0.0,0.0,0.0
116,max_clean_rewritten_L,0.0,0.0,0.0,0.0
117,max_clean_rewritten_L,0.0,0.0,0.0,0.0
118,max_clean_rewritten_L,0.0,0.0,0.0,0.0
119,max_clean_rewritten_L,0.0,0.0,0.0,0.0
120,max_clean_rewritten_L,0.0,0.0,0.0,0.0
121,max_clean_rewritten_L,0.0,0.0,0.0,0.0
122,max_clean_rewritten_L,0.0,0.0,0.0,0.0
123,max_clean_rewritten_L,0.0,0.0,0.0,0.0
124,max_clean_rewritten_L,0.0,0.0,0.0,0.0
125,max_clean_rewritten_L,0.0,0.0,0.0,0.0
126,max_clean_rewritten_L,0.0,0.0,0.0,0.0
127,max_clean_rewritten_L,0.0,0.0,0.0,0.0
128,max_clean_rewritten_L,0.0,0.0,0.0,0.0
129,max_clean_rewritten_L,0.0,0.0,0.0,0.0
130,max_clean_rewritten_L,0.0,0.0,0.0,0.0
131,max_clean_rewritten_L,0.0,0.0,0.0,0.0
132,max_clean_rewritten_L,0.0,0.0,0.0,0.0
133,max_clean_rewritten_L,0.0,0.0,0.0,0.0
134,max_clean_rewritten_L,0.0,0.0,0.0,0.0
135,max_clean_rewritten_L,0.0,0.0,0.0,0.0
136,max_clean_rewritten_L,0.0,0.0,0.0,0.0
137,max_clean_rewritten_L,0.0,0.0,0.0,0.0
138,max_clean_rewritten_L,0.0,0.0,0.0,0.0
139,max_clean_rewritten_L,0.0,0.0,0.0,0.0
140,max_clean_rewritten_L,0.0,0.0,0.0,0.0
141,max_clean_rewritten_L,0.0,0.0,0.0,0.0
142,max_clean_rewritten_L,0.0,0.0,0.0,0.0
143,max_clean_rewritten_L,0.0,0.0,0.0,0.0
144,max_clean_rewritten_L,0.0,0.0,0.0,0.0
145,max_clean_rewritten_L,0.0,0.0,0.0,0.0
146,max_clean_rewritten_L,0.0,0.0,0.0,0.0
147,max_clean_rewritten_L,0.0,0.0,0.0,0.0
148,max_clean_rewritten_L,0.0,0.0,0.0,0.0
149,max_clean_rewritten_L,0.0,0.0,0.0,0.0
150,max_clean_rewritten_L,0.0,0.0,0.0,0.0
151,max_clean_rewritten_L,0.0,0.0,0.0,0.0
152,max_clean_rewritten_L,0.0,0.0,0.0,0.0
153,max_clean_rewritten_L,0.0,0.0,0.0,0.0
154,max_clean_rewritten_L,0.0,0.0,0.0,0.0
155,max_clean_rewritten_L,0.0,0.0,0.0,0.0
156,max_clean_rewritten_L,0.0,0.0,0.0,0.0
157,max_clean_rewritten_L,0.0,0.0,0.0,0.0
158,max_clean_rewritten_L,0.0,0.0,0.0,0.0
159,max_clean_rewritten_L,0.0,0.0,0.0,0.0
160,max_clean_rewritten_L,0.0,0.0,0.0,0.0
161,max_clean_rewritten_L,0.0,0.0,0.0,0.0
162,max_clean_rewritten_L,0.0,0.0,0.0,0.0
163,max_clean_rewritten_L,0.0,0.0,0.0,0.0
164,max_clean_rewritten_L,0.0,0.0,0.0,0.0
165,max_clean_rewritten_L,0.0,0.0,0.0,0.0
166,max_clean_rewritten_L,0.0,0.0,0.0,0.0
167,max_clean_rewritten_L,0.0,0.0,0.0,0.0
168,max_clean_rewritten_L,0.0,0.0,0.0,0.0
169,max_clean_rewritten_L,0.0,0.0,0.0,0.0
170,max_clean_rewritten_L,0.0,0.0,0.0,0.0
171,max_clean_rewritten_L,0.0,0.0,0.0,0.0
172,max_clean_rewritten_L,0.0,0.0,0.0,0.0
173,max_clean_rewritten_L,0.0,0.0,0.0,0.0
174,max_clean_rewritten_L,0.0,0.0,0.0,0.0
175,max_clean_rewritten_L,0.0,0.0,0.0,0.0
176,max_clean_rewritten_L,0.0,0.0,0.0,0.0
177,max_clean_rewritten_L,0.0,0.0,0.0,0.0
178,max_clean_rewritten_L,0.0,0.0,0.0,0.0
179,max_clean_rewritten_L,0.0,0.0,0.0,0.0
180,max_clean_rewritten_L,0.0,0.0,0.0,0.0
181,max_clean_rewritten_L,0.0,0.0,0.0,0.0
182,max_clean_rewritten_L,0.0,0.0,0.0,0.0
183,max_clean_rewritten_L,0.0,0.0,0.0,0.0
184,max_clean_rewritten_L,0.0,0.0,0.0,0.0
185,max_clean_rewritten_L,0.0,0.0,0.0,0.0
186,max_clean_rewritten_L,0.0,0.0,0.0,0.0
187,max_clean_rewritten_L,0.0,0.0,0.0,0.0
188,max_clean_rewritten_L,0.0,0.0,0.0,0.0
189,max_clean_rewritten_L,0.0,0.0,0.0,0.0
190,max_clean_rewritten_L,0.0,0.0,0.0,0.0
191,max_clean_rewritten_L,0.0,0.0,0.0,0.0
192,max_clean_rewritten_L,0.0,0.0,0.0,0.0
193,max_clean_rewritten_L,0.0,0.0,0.0,0.0
194,max_clean_rewritten_L,0.0,0.0,0.0,0.0
195,max_clean_rewritten_L,0.0,0.0,0.0,0.0
196,max_clean_rewritten_L,0.0,0.0,0.0,0.0
197,max_clean_rewritten_L,0.0,0.0,0.0,0.0
198,max_clean_rewritten_L,0.0,0.0,0.0,0.0
199,max_clean_rewritten_L,0.0,0.0,0.0,0.0
200,max_clean_rewritten_L,0.0,0.0,0.0,0.0
201,max_clean_rewritten_L,0.0,0.0,0.0,0.0
202,max_clean_rewritten_L,0.0,0.0,0.0,0.0
203,max_clean_rewritten_L,0.0,0.0,0.0,0.0
204,max_clean_rewritten_L,0.0,0.0,0.0,0.0
205,max_clean_rewritten_L,0.0,0.0,0.0,0.0
206,max_clean_rewritten_L,0.0,0.0,0.0,0.0
207,max_clean_rewritten_L,0.0,0.0,0.0,0.0
208,max_clean_rewritten_L,0.0,0.0,0.0,0.0
209,max_clean_rewritten_L,0.0,0.0,0.0,0.0
210,max_clean_rewritten_L,0.0,0.0,0.0,0.0
211,max_clean_rewritten_L,0.0,0.0,0.0,0.0
212,max_clean_rewritten_L,0.0,0.0,0.0,0.0
213,max_clean_rewritten_L,0.0,0.0,0.0,0.0
214,max_clean_rewritten_L,0.0,0.0,0.0,0.0
215,max_clean_rewritten_L,0.0,0.0,0.0,0.0
216,max_clean_rewritten_L,0.0,0.0,0.0,0.0
217,max_clean_rewritten_L,0.0,0.0,0.0,0.0
218,max_clean_rewritten_L,0.0,0.0,0.0,0.0
219,max_clean_rewritten_L,0.0,0.0,0.0,0.0
220,max_clean_rewritten_L,0.0,0.0,0.0,0.0
221,max_clean_rewritten_L,0.0,0.0,0.0,0.0
222,max_clean_rewritten_L,0.0,0.0,0.0,0.0
223,max_clean_rewritten_L,0.0,0.0,0.0,0.0
224,max_clean_rewritten_L,0.0,0.0,0.0,0.0
225,max_clean_rewritten_L,0.0,0.0,0.0,0.0
226,max_clean_rewritten_L,0.0,0.0,0.0,0.0
227,max_clean_rewritten_L,0.0,0.0,0.0,0.0
228,max_clean_rewritten_L,0.0,0.0,0.0,0.0
229,max_clean_rewritten_L,0.0,0.0,0.0,0.0
230,max_clean_rewritten_L,0.0,0.0,0.0,0.0
231,max_clean_rewritten_L,0.0,0.0,0.0,0.0
232,max_clean_rewritten_L,0.0,0.0,0.0,0.0
233,max_clean_rewritten_L,0.0,0.0,0.0,0.0
234,max_clean_rewritten_L,0.0,0.0,0.0,0.0
235,max_clean_rewritten_L,0.0,0.0,0.0,0.0
236,max_clean_rewritten_L,0.0,0.0,0.0,0.0
237,max_clean_rewritten_L,0.0,0.0,0.0,0.0
238,max_clean_rewritten_L,0.0,0.0,0.0,0.0
239,max_clean_rewritten_L,0.0,0.0,0.0,0.0
240,max_clean_rewritten_L,0.0,0.0,0.0,0.0
241,max_clean_rewritten_L,0.0,0.0,0.0,0.0
242,max_clean_rewritten_L,0.0,0.0,0.0,0.0
243,max_clean_rewritten_L,0.0,0.0,0.0,0.0
244,max_clean_rewritten_L,0.0,0.0,0.0,0.0
245,max_clean_rewritten_L,0.0,0.0,0.0,0.0
246,max_clean_rewritten_L,0.0,0.0,0.0,0.0
247,max_clean_rewritten_L,0.0,0.0,0.0,0.0
248,max_clean_rewritten_L,0.0,0.0,0.0,0.0
249,max_clean_rewritten_L,0.0,0.0,0.0,0.0
250,max_clean_rewritten_L,0.029999999329447746,0.029999999329447746,1.0,0.004173443652689457
251,max_clean_rewritten_L,0.029136832803487778,0.03110666777895032,0.9366748316000753,0.0039504715241491795
252,max_clean_rewritten_L,0.027903901413083076,0.03225416006460286,0.8651256568825071,0.003635586705058813
253,max_clean_rewritten_L,0.026522304862737656,0.03344398213482085,0.7930366891065714,0.00328655494377017
254,max_clean_rewritten_L,0.025180114433169365,0.03467769549087429,0.7261184480899463,0.0029472028836607933
255,max_clean_rewritten_L,0.024032874032855034,0.03595691923617411,0.6683796761063165,0.002648575697094202
256,max_clean_rewritten_L,0.023179074749350548,0.03728333220115462,0.6217007273999162,0.0024079508148133755
257,max_clean_rewritten_L,0.02263186313211918,0.03865867514654063,0.5854277997455997,0.00222832802683115
258,max_clean_rewritten_L,0.022315613925457,0.04008475304789082,0.5567107747625554,0.00210030609741807
259,max_clean_rewritten_L,0.022103121504187584,0.04156343746441542,0.531792432305706,0.0020073517225682735
260,max_clean_rewritten_L,0.021870315074920654,0.04309666899517721,0.5074711244474157,0.0019324924796819687
261,max_clean_rewritten_L,0.02153066173195839,0.044686459825899076,0.48181623283301117,0.001862850971519947
262,max_clean_rewritten_L,0.021039577201008797,0.04633489636972074,0.45407627618560703,0.0017907265573740005
263,max_clean_rewritten_L,0.0203842893242836,0.048044142005370064,0.4242825134020538,0.00171268405392766
264,max_clean_rewritten_L,0.019573187455534935,0.04981643991634281,0.3929061869616609,0.0016282792203128338
265,max_clean_rewritten_L,0.018628975376486778,0.051654116034816656,0.36064842081374904,0.0015390361659228802
266,max_clean_rewritten_L,0.01758473739027977,0.053559582094163026,0.32832103430837206,0.0014476955402642488
267,max_clean_rewritten_L,0.016481097787618637,0.05553533879406307,0.29676775446952935,0.0013575779739767313
268,max_clean_rewritten_L,0.015363209880888462,0.05758397908238128,0.26679660082033263,0.0012720043305307627
269,max_clean_rewritten_L,0.014276998117566109,0.059708191558104036,0.23911288794725402,0.0011938014067709446
270,max_clean_rewritten_L,0.013264670968055725,0.06191076399980903,0.2142546806254344,0.0011249531526118517
271,max_clean_rewritten_L,0.01236007921397686,0.06419458702429606,0.1925408322869789,0.0010664367582648993
272,max_clean_rewritten_L,0.011584741063416004,0.06656265788018109,0.1740426454164376,0.0010182487312704325
273,max_clean_rewritten_L,0.0109455157071352,0.06901808438143182,0.158589097411691,0.0009795688092708588
274,max_clean_rewritten_L,0.01043465081602335,0.07156408898600736,0.1458084769033194,0.0009489785879850388
275,max_clean_rewritten_L,0.010032382793724537,0.07420401302495458,0.13520000313663194,0.0009246957488358021
276,max_clean_rewritten_L,0.00971161387860775,0.07694132108751134,0.12622104405462414,0.000904792919754982
277,max_clean_rewritten_L,0.009443456307053566,0.0797796055679718,0.11836930302955423,0.000887417234480381
278,max_clean_rewritten_L,0.009202355518937111,0.08272259138028046,0.11124355953301027,0.000870988704264164
279,max_clean_rewritten_L,0.0089696841314435,0.08577414084654292,0.10457329030541981,0.0008543520234525204
280,max_clean_rewritten_L,0.00873537827283144,0.08893825876586842,0.09821845394823259,0.0008368636481463909
281,max_clean_rewritten_L,0.008497697301208973,0.09221909767019698,0.09214682767336625,0.000818377360701561
282,max_clean_rewritten_L,0.008261475712060928,0.09562096327400803,0.0863981644734862,0.0007991492748260498
283,max_clean_rewritten_L,0.008035439066588879,0.09914832012506355,0.08104463148193684,0.0007796874269843102
284,max_clean_rewritten_L,0.007829132489860058,0.10280579746360086,0.07615458158020728,0.0007605878636240959
285,max_clean_rewritten_L,0.007650061976164579,0.10659819529766484,0.0717653986055068,0.0007423879578709602
286,max_clean_rewritten_L,0.007501665968447924,0.11053049070255315,0.06786965226306231,0.0007254646625369787
287,max_clean_rewritten_L,0.007382538169622421,0.11460784435264088,0.06441564459503166,0.0007099930662661791
288,max_clean_rewritten_L,0.007287017535418272,0.11883560729415771,0.06132015227877345,0.0006959575694054365
289,max_clean_rewritten_L,0.007206813432276249,0.12321932796780559,0.05848768655968669,0.0006831991486251354
290,max_clean_rewritten_L,0.0071329944767057896,0.12776475949043326,0.05582912303169085,0.0006714789196848869
291,max_clean_rewritten_L,0.0070577627047896385,0.13247786720532428,0.053275032680372036,0.0006605444941669703
292,max_clean_rewritten_L,0.0069755809381604195,0.13736483651100737,0.05078141622948352,0.0006501786410808563
293,max_clean_rewritten_L,0.006883556488901377,0.14243208097886279,0.048328694221092726,0.0006402120925486088
294,max_clean_rewritten_L,0.006781227421015501,0.1476862507701794,0.04591644371531948,0.0006305309943854809
295,max_clean_rewritten_L,0.006669929251074791,0.1531342413637076,0.04355609295267352,0.0006210603751242161
296,max_clean_rewritten_L,0.006552065722644329,0.15878320260516263,0.04126422452214286,0.0006117452867329121
297,max_clean_rewritten_L,0.00643039820715785,0.16464054809055478,0.039057196308779504,0.0006025386974215508
298,max_clean_rewritten_L,0.006307558156549931,0.17071396489566049,0.036948108846309544,0.0005933893844485283
299,max_clean_rewritten_L,0.006185801699757576,0.17701142366440356,0.03494577678492239,0.0005842505488544703
300,max_clean_rewritten_L,0.006067006383091211,0.18354118906938616,0.033055285376829675,0.0005750809796154499
301,max_clean_rewritten_L,0.005952813196927309,0.19031183065829765,0.03127925981446474,0.0005658650770783424
302,max_clean_rewritten_L,0.0058447979390621185,0.19733223410043643,0.029619073466159027,0.000556612852960825
303,max_clean_rewritten_L,0.005744558293372393,0.2046116128481035,0.028075426479517326,0.0005473655182868242
304,max_clean_rewritten_L,0.005653653759509325,0.2121595202281734,0.02664812662391455,0.0005381864029914141
305,max_clean_rewritten_L,0.005573389120399952,0.21998586197970987,0.025335215046292416,0.000529151875525713
306,max_clean_rewritten_L,0.005504516419023275,0.228100909254081,0.024131935453583876,0.000520327826961875
307,max_clean_rewritten_L,0.005446945782750845,0.2365153120946356,0.023029992157849753,0.0005117647815495729
308,max_clean_rewritten_L,0.005399585701525211,0.24524011341362975,0.02201754691092521,0.0005034819478169084
309,max_clean_rewritten_L,0.005360376555472612,0.25428676348474805,0.02108004554391257,0.0004954671021550894
310,max_clean_rewritten_L,0.005326524842530489,0.26366713497023875,0.0202017018280709,0.00048768066335469484
311,max_clean_rewritten_L,0.005294895265251398,0.2733935385023842,0.019367302147139893,0.00048006721772253513
312,max_clean_rewritten_L,0.005262448452413082,0.28347873883975455,0.018563820602390396,0.00047256832476705313
313,max_clean_rewritten_L,0.005226639565080404,0.2939359716194497,0.017781558127384224,0.0004651312483474612
314,max_clean_rewritten_L,0.005185714922845364,0.3047789607273137,0.017014674866238658,0.0004577221116051078
315,max_clean_rewritten_L,0.005138844717293978,0.3160219363089173,0.016261038006775145,0.00045032508205622435
316,max_clean_rewritten_L,0.005086108576506376,0.3276796534449471,0.0155215879992405,0.00044294889084994793
317,max_clean_rewritten_L,0.005028350278735161,0.3397674115155116,0.014799389548004367,0.0004356123972684145
318,max_clean_rewritten_L,0.004966951906681061,0.35230107427877333,0.014098599945655424,0.0004283478483557701
319,max_clean_rewritten_L,0.004903567023575306,0.36529709069026284,0.013423504179323082,0.00042118539568036795
320,max_clean_rewritten_L,0.004839864559471607,0.37877251649019533,0.01277776065781924,0.0004141509998589754
321,max_clean_rewritten_L,0.004777316935360432,0.39274503658711857,0.012163914219959158,0.00040726258885115385
322,max_clean_rewritten_L,0.0047170547768473625,0.40723298826727283,0.011583184350850016,0.00040052796248346567
323,max_clean_rewritten_L,0.0046597993932664394,0.4222553852601175,0.011035500211313854,0.000393945025280118
324,max_clean_rewritten_L,0.004605872556567192,0.4378319426916117,0.010519727108653086,0.00038750492967665195
325,max_clean_rewritten_L,0.004555243533104658,0.4539831029579925,0.01003394950918726,0.0003811934730038047
326,max_clean_rewritten_L,0.004507618956267834,0.47073006255401234,0.00957580429813875,0.000374995288439095
327,max_clean_rewritten_L,0.004462553188204765,0.48809479989084115,0.009142800106050675,0.0003688971046358347
328,max_clean_rewritten_L,0.00441952608525753,0.50610010414014,0.008732513684750707,0.00036288739647716284
329,max_clean_rewritten_L,0.004378036130219698,0.5247696051421643,0.008342777644360047,0.00035695882979780436
330,max_clean_rewritten_L,0.004337640944868326,0.5441278044171457,0.007971731842512044,0.000351106864400208
331,max_clean_rewritten_L,0.004297993611544371,0.5642001073206488,0.007617853232880927,0.00034533184953033924
332,max_clean_rewritten_L,0.004258854314684868,0.5850128563851075,0.007279932856520527,0.000339635880663991
333,max_clean_rewritten_L,0.004220077767968178,0.6065933658912954,0.006957012729223348,0.0003340227995067835
334,max_clean_rewritten_L,0.004181596916168928,0.6289699577151002,0.0066483253530258985,0.0003284960985183716
335,max_clean_rewritten_L,0.004143399186432362,0.6521719984966484,0.006353230736651529,0.00032306043431162834
336,max_clean_rewritten_L,0.004105494823306799,0.6762299381805614,0.006071152120760709,0.0003177177859470248
337,max_clean_rewritten_L,0.004067898727953434,0.7011753499779183,0.005801542692682425,0.00031246733851730824
338,max_clean_rewritten_L,0.00403061555698514,0.727040971802376,0.005543863019154222,0.0003073083935305476
339,max_clean_rewritten_L,0.003993629943579435,0.7538607492348242,0.005297569806669213,0.00030223652720451355
340,max_clean_rewritten_L,0.003956914413720369,0.7816698800729585,0.005062129825638214,0.00029724754858762026
341,max_clean_rewritten_L,0.003920437768101692,0.8105048605242441,0.0048370317798784165,0.0002923348220065236
342,max_clean_rewritten_L,0.003884179051965475,0.8404035331028868,0.004621802382986832,0.00028749345801770687
343,max_clean_rewritten_L,0.0038481394294649363,0.8714051362936752,0.004416016464892699,0.00028271914925426245
344,max_clean_rewritten_L,0.0038123498670756817,0.903550356047867,0.004219299833770102,0.00027800898533314466
345,max_clean_rewritten_L,0.003776869038119912,0.9368813791787063,0.004031320423329163,0.0002733614528551698
346,max_clean_rewritten_L,0.003741773311048746,0.9714419487266462,0.0038517724254685678,0.0002687767846509814
347,max_clean_rewritten_L,0.0037071439437568188,1.0072774213669342,0.0036803604102691075,0.0002642553299665451
348,max_clean_rewritten_L,0.003673056373372674,1.044434826934903,0.00351678848564632,0.0002597987186163664
349,max_clean_rewritten_L,0.0036395564675331116,1.0829629301470916,0.0033607396580405346,0.0002554086968302727
350,max_clean_rewritten_L,0.003606659360229969,1.1229122945991843,0.003211879839215173,0.00025108567206189036
351,max_clean_rewritten_L,0.0035743426997214556,1.1643353491247765,0.0030698567233299807,0.00024683005176484585
352,max_clean_rewritten_L,0.0035425522364676,1.2072864566020405,0.0029343095974407474,0.00024264125386253
353,max_clean_rewritten_L,0.0035112095065414906,1.2518219852985955,0.0028048792462324157,0.0002385179977864027
354,max_clean_rewritten_L,0.003480230923742056,1.2980003828482176,0.0026812248823111623,0.00023445929400622845
355,max_clean_rewritten_L,0.0034495368599891663,1.345882252956473,0.0025630302000131415,0.00023046275600790977
356,max_clean_rewritten_L,0.003419062588363886,1.3955304349359423,0.0024500093317712758,0.0002265276270918548
357,max_clean_rewritten_L,0.003388764802366495,1.4470100861754094,0.0023419082111053803,0.00022265163715928793
358,max_clean_rewritten_L,0.003358623944222927,1.5003887676512595,0.002238502457920015,0.00021883443696424365
359,max_clean_rewritten_L,0.003328641876578331,1.555736532593302,0.0021395922811105568,0.00021507509518414736
360,max_clean_rewritten_L,0.0032988316379487514,1.6131260184213752,0.002044993137719661,0.00021137268049642444
361,max_clean_rewritten_L,0.003269216511398554,1.6726325420734045,0.0019545336044616323,0.0002077272511087358
362,max_clean_rewritten_L,0.003239818150177598,1.7343341988500067,0.0018680472035469517,0.00020413810852915049
363,max_clean_rewritten_L,0.0032106495928019285,1.7983119649053756,0.0017853685319670705,0.00020060472888872027
364,max_clean_rewritten_L,0.0031817196868360043,1.8646498035189343,0.001706336321614664,0.00019712670473381877
365,max_clean_rewritten_L,0.003153023775666952,1.933434775287251,0.0016307887992748587,0.0001937032793648541
366,max_clean_rewritten_L,0.003124547889456153,2.004757152380814,0.0015585667749061253,0.00019033387070521712
367,max_clean_rewritten_L,0.003096270374953747,2.078710537015617,0.0014895149275564986,0.00018701731460168958
368,max_clean_rewritten_L,0.003068166319280863,2.1553919842950386,0.0014234841465666692,0.0001837529707700014
369,max_clean_rewritten_L,0.003040212206542492,2.23490212958323,0.0013603334867775343,0.0001805398496799171
370,max_clean_rewritten_L,0.0030123854521661997,2.3173453205771746,0.0012999294604120173,0.00017737760208547115
371,max_clean_rewritten_L,0.002984673250466585,2.4028297542507406,0.0012421492805249855,0.00017426523845642805
372,max_clean_rewritten_L,0.0029570721089839935,2.491467618850462,0.0011868796072687297,0.00017120200209319592
373,max_clean_rewritten_L,0.0029295864515006542,2.583375241129395,0.001134015068681971,0.00016818713629618287
374,max_clean_rewritten_L,0.002902229083701968,2.678673239012271,0.0010834576765220271,0.00016522029181942344
375,max_clean_rewritten_L,0.002875023754313588,2.7774866798923132,0.0010351170268888767,0.00016230018809437752
376,max_clean_rewritten_L,0.0028480051551014185,2.879945244767457,0.0009889094802326293,0.0001594268251210451
377,max_clean_rewritten_L,0.00282120774500072,2.986183398431369,0.0009447536767107774,0.00015659944619983435
378,max_clean_rewritten_L,0.0027946708723902702,3.096340565942653,0.0009025721857374103,0.00015381735283881426
379,max_clean_rewritten_L,0.002768429694697261,3.210561315603808,0.0008622883734511715,0.00015107978833839297
380,max_clean_rewritten_L,0.002742517041042447,3.3289955486900937,0.0008238271877898976,0.00014838657807558775
381,max_clean_rewritten_L,0.002716956427320838,3.4517986961772866,0.0007871132318144004,0.00014573679072782397
382,max_clean_rewritten_L,0.0026917613577097654,3.579131922726521,0.0007520710093466542,0.00014312990242615342
383,max_clean_rewritten_L,0.0026669353246688843,3.7111623381939283,0.00071862534743408,0.00014056521467864513
384,max_clean_rewritten_L,0.002642469247803092,3.8480632169426165,0.0006867011010028574,0.0001380422036163509
385,max_clean_rewritten_L,0.0026183458976447582,3.9900142252448614,0.0006562247024279905,0.00013556034537032247
386,max_clean_rewritten_L,0.002594538265839219,4.1372016570729215,0.0006271239550055823,0.000133118883240968
387,max_clean_rewritten_L,0.0025710114277899265,4.289818678587925,0.0005993286943858018,0.00013071746798232198
388,max_clean_rewritten_L,0.0025477269664406776,4.448065581647684,0.0005727718981825197,0.00012835513916797936
389,max_clean_rewritten_L,0.0025246443692594767,4.612150046666185,0.0005473899035623034,0.00012603163486346602
390,max_clean_rewritten_L,0.0025017245206981897,4.7822874151696295,0.0005231229960714213,0.0001237460528500378
391,max_clean_rewritten_L,0.0024789331946521997,4.958700972406827,0.0004999158465990315,0.00012149830581620336
392,max_clean_rewritten_L,0.002456243149936199,5.141622240384783,0.0004777175442107901,0.00011928754975087941
393,max_clean_rewritten_L,0.0024336325004696846,5.331291281714036,0.0004564808733705617,0.0001171134936157614
394,max_clean_rewritten_L,0.002411089837551117,5.527957014662561,0.00043616291356026317,0.00011497526429593563
395,max_clean_rewritten_L,0.0023886130657047033,5.731877539831652,0.00041672437157037694,0.00011287245433777571
396,max_clean_rewritten_L,0.0023662096355110407,5.943320478882575,0.00039812923498211227,0.00011080477270297706
397,max_clean_rewritten_L,0.002343893749639392,6.1625633257584305,0.00038034396171514025,0.00010877152089960873
398,max_clean_rewritten_L,0.0023216865956783295,6.38989381086228,0.0003633372735759174,0.00010677232057787478
399,max_clean_rewritten_L,0.0022996121551841497,6.62561027866939,0.00034707929661778673,0.00010480664786882699
400,max_clean_rewritten_L,0.00227769510820508,6.870022079269199,0.00033154116273922816,0.0001028736587613821
401,max_clean_rewritten_L,0.002255963161587715,7.123449974350859,0.0003166953049029161,0.0001009734405670315
402,max_clean_rewritten_L,0.002234439132735133,7.386226558165174,0.0003025142967304531,9.91051783785224e-05
403,max_clean_rewritten_L,0.0022131428122520447,7.658696694015338,0.0002889712049807952,9.72685229498893e-05
404,max_clean_rewritten_L,0.0021920884028077126,7.941217966849395,0.00027603931940397344,9.546271758154035e-05
405,max_clean_rewritten_L,0.0021712842863053083,8.23416115254836,0.000263692226333623,9.368761675432324e-05
406,max_clean_rewritten_L,0.0021507313940674067,8.53791070452586,0.00025190371139947925,9.194266749545932e-05
407,max_clean_rewritten_L,0.0021304269321262836,8.852865258277939,0.0002406482952097584,9.022728772833943e-05
408,max_clean_rewritten_L,0.0021103627514094114,9.1794381545452,0.00022990108064124435,8.854118641465902e-05
409,max_clean_rewritten_L,0.002090523950755596,9.518057981773788,0.0002196376566268832,8.688392699696124e-05
410,max_clean_rewritten_L,0.002070897025987506,9.86916913858724,0.0002098349918728774,8.52549565024674e-05
411,max_clean_rewritten_L,0.002051462884992361,10.233232417007324,0.0002004706627773734,8.36538674775511e-05
412,max_clean_rewritten_L,0.0020322035998106003,10.610725607189256,0.0001915235277061249,8.208028157241642e-05
413,max_clean_rewritten_L,0.002013102639466524,11.002144124464989,0.00018297366555943177,8.053387864492834e-05
414,max_clean_rewritten_L,0.001994144171476364,11.408001659517453,0.00017480223364209384,7.901404751464725e-05
415,max_clean_rewritten_L,0.0019753165543079376,11.828830852539086,0.0001669916984131979,7.75205553509295e-05
416,max_clean_rewritten_L,0.0019566109403967857,12.265183992259262,0.00015952560855439526,7.605293649248779e-05
417,max_clean_rewritten_L,0.0019380213925614953,12.717633740758215,0.00015238852070023146,7.46107252780348e-05
418,max_clean_rewritten_L,0.0019195469794794917,13.186773885018534,0.0001455660797869815,7.319360156543553e-05
419,max_clean_rewritten_L,0.0019011885160580277,13.673220116200605,0.0001390446800315472,7.180109969340265e-05
420,max_clean_rewritten_L,0.0018829497275874019,14.177610837664709,0.00013281149758921973,7.043284131214023e-05
421,max_clean_rewritten_L,0.0018648374825716019,14.700608002800251,0.00012685444589886197,6.908865179866552e-05
422,max_clean_rewritten_L,0.0018468585330992937,15.242897983761514,0.00012116190340359029,6.776799273211509e-05
423,max_clean_rewritten_L,0.0018290197476744652,15.805192472250287,0.0001157227127025335,6.647042755503207e-05
424,max_clean_rewritten_L,0.0018113292753696442,16.38822941352735,0.00011052623377816015,6.519569433294237e-05
425,max_clean_rewritten_L,0.0017937941011041403,16.992773974878666,0.00010556217035288074,6.394342926796526e-05
426,max_clean_rewritten_L,0.0017764178337529302,17.619619549807297,0.00010082044216285922,6.271322490647435e-05
427,max_clean_rewritten_L,0.0017592055955901742,18.269588799268927,9.629147185078245e-05,6.150471745058894e-05
428,max_clean_rewritten_L,0.0017421591328456998,18.943534731317346,9.196589535983334e-05,6.0317732277326286e-05
429,max_clean_rewritten_L,0.001725278445519507,19.642341820577073,8.783466153267563e-05,5.9151730965822935e-05
430,max_clean_rewritten_L,0.0017085629515349865,20.366927169012076,8.388908829283463e-05,5.800655344501138e-05
431,max_clean_rewritten_L,0.0016920088091865182,21.118241709514013,8.012072370704274e-05,5.688174860551953e-05
432,max_clean_rewritten_L,0.0016756141558289528,21.897271453889637,7.652159582336052e-05,5.5776952649466693e-05
433,max_clean_rewritten_L,0.0016593734035268426,22.705038786885062,7.30839272772057e-05,5.4692020057700574e-05
434,max_clean_rewritten_L,0.0016432825941592455,23.542603807945365,6.980037584477619e-05,5.362638330552727e-05
435,max_clean_rewritten_L,0.0016273374203592539,24.41106572247008,6.666392360171764e-05,5.257988232187927e-05
436,max_clean_rewritten_L,0.0016115339240059257,25.31156428439084,6.366789132032144e-05,5.155225517228246e-05
437,max_clean_rewritten_L,0.0015958669828251004,26.245281291964098,6.08058631596275e-05,5.054310895502567e-05
438,max_clean_rewritten_L,0.0015803341520950198,27.213442138742074,5.807182141965044e-05,4.955221083946526e-05
439,max_clean_rewritten_L,0.0015649320557713509,28.217317421757407,5.54599869427944e-05,4.8579153371974826e-05
440,max_clean_rewritten_L,0.0015496577834710479,29.258224609032105,5.2964860451329765e-05,4.762382013723254e-05
441,max_clean_rewritten_L,0.0015345095889642835,30.33752976859898,5.058123059684924e-05,4.66857454739511e-05
442,max_clean_rewritten_L,0.001519485842436552,31.456649361305043,4.830412244432104e-05,4.576466744765639e-05
443,max_clean_rewritten_L,0.0015045853797346354,32.61705209974946,4.612879714369382e-05,4.486046964302659e-05
444,max_clean_rewritten_L,0.0014898073859512806,33.82026087579575,4.405073607866507e-05,4.397273005452007e-05
445,max_clean_rewritten_L,0.0014751508133485913,35.067854759187966,4.206561317989073e-05,4.310118674766272e-05
446,max_clean_rewritten_L,0.0014606156619265676,36.36147106989358,4.016932260851025e-05,4.2245606891810894e-05
447,max_clean_rewritten_L,0.0014462015824392438,37.70280752689319,3.835792815714524e-05,4.140575765632093e-05
448,max_clean_rewritten_L,0.0014319075271487236,39.09362447623641,3.662764827597728e-05,4.058121703565121e-05
449,max_clean_rewritten_L,0.0014177344273775816,40.53574720128877,3.4974917825925926e-05,3.9771999581716955e-05
450,max_clean_rewritten_L,0.0014036812353879213,42.03106831820109,3.339627783812653e-05,3.897765418514609e-05
451,max_clean_rewritten_L,0.0013897479511797428,43.581550259745086,3.188844689775548e-05,3.8197991671040654e-05
452,max_clean_rewritten_L,0.0013759341090917587,45.18922785077513,3.0448276603340043e-05,3.7432750104926527e-05
453,max_clean_rewritten_L,0.00136223912704736,46.85621097869631,2.9072754680627438e-05,3.66816675523296e-05
454,max_clean_rewritten_L,0.0013486635871231556,48.58468736244276,2.775902574121961e-05,3.594454028643668e-05
455,max_clean_rewritten_L,0.001335206557996571,50.37692542360113,2.650432805831852e-05,3.522107726894319e-05
456,max_clean_rewritten_L,0.0013218685053288937,52.23527726344665,2.5306049370851423e-05,3.4511205740273e-05
457,max_clean_rewritten_L,0.0013086484977975488,54.16218174979885,2.4161665123514138e-05,3.381451824679971e-05
458,max_clean_rewritten_L,0.0012955458369106054,56.1601677177482,2.3068767234133034e-05,3.313083288958296e-05
459,max_clean_rewritten_L,0.00128256028983742,58.23185728845419,2.202506238954733e-05,3.245997504564002e-05
460,max_clean_rewritten_L,0.001269691507332027,60.379969310370534,2.102835628824925e-05,3.180174098815769e-05
461,max_clean_rewritten_L,0.0012569380924105644,62.60732292741313,2.0076534718915507e-05,3.1155905162449926e-05
462,max_clean_rewritten_L,0.0012442986480891705,64.91684127875448,1.9167578452348322e-05,3.052218380616978e-05
463,max_clean_rewritten_L,0.0012317717773839831,67.31155533509931,1.829955898733603e-05,2.990046050399542e-05
464,max_clean_rewritten_L,0.0012193567818030715,69.79460787647656,1.7470644493928607e-05,2.929048059741035e-05
465,max_clean_rewritten_L,0.0012070509837940335,72.36925761676777,1.6679057151394115e-05,2.8692003979813308e-05
466,max_clean_rewritten_L,0.0011948536848649383,75.03888348038525,1.5923127176822485e-05,2.8104899683967233e-05
467,max_clean_rewritten_L,0.0011827636044472456,77.80698903671198,1.5201251443995313e-05,2.7528942155186087e-05
468,max_clean_rewritten_L,0.0011707793455570936,80.67720709812377,1.4511897321050436e-05,2.69639422185719e-05
469,max_clean_rewritten_L,0.0011588995112106204,83.65330448762737,1.3853601101699765e-05,2.640971797518432e-05
470,max_clean_rewritten_L,0.0011471229372546077,86.73918698237186,1.3224967597260732e-05,2.586608025012538e-05
471,max_clean_rewritten_L,0.0011354486923664808,89.93890443952098,1.2624666705052075e-05,2.533283259253949e-05
472,max_clean_rewritten_L,0.001123876660130918,93.25665611121335,1.2051436401393563e-05,2.48097931034863e-05
473,max_clean_rewritten_L,0.0011124047450721264,96.69679615558618,1.15040496613999e-05,2.429682353977114e-05
474,max_clean_rewritten_L,0.0011010341113433242,100.26383935109462,1.0981367943509774e-05,2.3793676518835127e-05
475,max_clean_rewritten_L,0.0010897635947912931,103.96246702162709,1.0482279095633542e-05,2.330024290131405e-05
476,max_clean_rewritten_L,0.001078593428246677,107.79753318019041,1.0005733864463666e-05,2.281633351230994e-05
477,max_clean_rewritten_L,0.0010675222147256136,111.77407089923041,9.55071427690985e-06,2.234175190096721e-05
478,max_clean_rewritten_L,0.001056550769135356,115.8972989159465,9.116267411043032e-06,2.1876374376006424e-05
479,max_clean_rewritten_L,0.0010456787422299385,120.17262848126913,8.701471836350193e-06,2.1420004486571997e-05
480,max_clean_rewritten_L,0.0010349050862714648,124.60567046148918,8.305441336968001e-06,2.097251854138449e-05
481,max_clean_rewritten_L,0.0010242294520139694,129.20224270185875,7.927334933167027e-06,2.0533734641503543e-05
482,max_clean_rewritten_L,0.001013651373796165,133.9683776618276,7.566348055321646e-06,2.0103485439904034e-05
483,max_clean_rewritten_L,0.0010031703859567642,138.91033033193517,7.2217119026326125e-06,1.9681669073179364e-05
484,max_clean_rewritten_L,0.0009927853243425488,144.034586442749,6.892687019566388e-06,1.9268067262601107e-05
485,max_clean_rewritten_L,0.0009824945591390133,149.34787097662158,6.578564211958601e-06,1.8862592696677893e-05
486,max_clean_rewritten_L,0.0009722978575155139,154.85715699343734,6.278675628513048e-06,1.846503437263891e-05
487,max_clean_rewritten_L,0.0009621944627724588,160.56967478193192,5.992379719764679e-06,1.8075297703035176e-05
488,max_clean_rewritten_L,0.000952182977925986,166.49292134859525,5.719059826767944e-06,1.7693262634566054e-05
489,max_clean_rewritten_L,0.0009422622388228774,172.63467025660754,5.458128644856103e-06,1.7318732716375962e-05
490,max_clean_rewritten_L,0.0009324315469712019,179.00298182772602,5.209028014229293e-06,1.6951591533143073e-05
491,max_clean_rewritten_L,0.0009226900292560458,185.60621372050733,4.971223811749462e-06,1.6591729945503175e-05
492,max_clean_rewritten_L,0.0009130369289778173,192.4530318987496,4.744206521299026e-06,1.6239009710261598e-05
493,max_clean_rewritten_L,0.0009034712566062808,199.55242200454862,4.527488303728466e-06,1.589327075635083e-05
494,max_clean_rewritten_L,0.0008939923136495054,206.9137011508946,4.3206047191507605e-06,1.555440394440666e-05
495,max_clean_rewritten_L,0.0008846000418998301,214.546530149285,4.123115117659143e-06,1.5222278307192028e-05
496,max_clean_rewritten_L,0.0008752933936193585,222.4609261884011,3.934593857071676e-06,1.4896799257257953e-05
497,max_clean_rewritten_L,0.0008660719031468034,230.66727598048814,3.754637060959021e-06,1.4577795809600502e-05
498,max_clean_rewritten_L,0.00085693527944386,239.1763493926911,3.582859599704413e-06,1.4265180652728304e-05
499,max_clean_rewritten_L,0.0008478832896798849,247.9993135812363,3.4188936954543088e-06,1.395885192323476e-05
500,max_clean_rewritten_L,0.0008389150025323033,257.14774764700763,3.262385185982264e-06,
0,rolling_L,0.0,0.0,0.0,0.0
1,rolling_L,0.0,0.0,0.0,0.0
2,rolling_L,0.0,0.0,0.0,0.0
3,rolling_L,0.0,0.0,0.0,0.0
4,rolling_L,0.0,0.0,0.0,0.0
5,rolling_L,0.0,0.0,0.0,0.0
6,rolling_L,0.0,0.0,0.0,0.0
7,rolling_L,0.0,0.0,0.0,0.0
8,rolling_L,0.0,0.0,0.0,0.0
9,rolling_L,0.0,0.0,0.0,0.0
10,rolling_L,0.0,0.0,0.0,0.0
11,rolling_L,0.0,0.0,0.0,0.0
12,rolling_L,0.0,0.0,0.0,0.0
13,rolling_L,0.0,0.0,0.0,0.0
14,rolling_L,0.0,0.0,0.0,0.0
15,rolling_L,0.0,0.0,0.0,0.0
16,rolling_L,0.0,0.0,0.0,0.0
17,rolling_L,0.0,0.0,0.0,0.0
18,rolling_L,0.0,0.0,0.0,0.0
19,rolling_L,0.0,0.0,0.0,0.0
20,rolling_L,0.0,0.0,0.0,0.0
21,rolling_L,0.0,0.0,0.0,0.0
22,rolling_L,0.0,0.0,0.0,0.0
23,rolling_L,0.0,0.0,0.0,0.0
24,rolling_L,0.0,0.0,0.0,0.0
25,rolling_L,0.0,0.0,0.0,0.0
26,rolling_L,0.0,0.0,0.0,0.0
27,rolling_L,0.0,0.0,0.0,0.0
28,rolling_L,0.0,0.0,0.0,0.0
29,rolling_L,0.0,0.0,0.0,0.0
30,rolling_L,0.0,0.0,0.0,0.0
31,rolling_L,0.0,0.0,0.0,0.0
32,rolling_L,0.0,0.0,0.0,0.0
33,rolling_L,0.0,0.0,0.0,0.0
34,rolling_L,0.0,0.0,0.0,0.0
35,rolling_L,0.0,0.0,0.0,0.0
36,rolling_L,0.0,0.0,0.0,0.0
37,rolling_L,0.0,0.0,0.0,0.0
38,rolling_L,0.0,0.0,0.0,0.0
39,rolling_L,0.0,0.0,0.0,0.0
40,rolling_L,0.0,0.0,0.0,0.0
41,rolling_L,0.0,0.0,0.0,0.0
42,rolling_L,0.0,0.0,0.0,0.0
43,rolling_L,0.0,0.0,0.0,0.0
44,rolling_L,0.0,0.0,0.0,0.0
45,rolling_L,0.0,0.0,0.0,0.0
46,rolling_L,0.0,0.0,0.0,0.0
47,rolling_L,0.0,0.0,0.0,0.0
48,rolling_L,0.0,0.0,0.0,0.0
49,rolling_L,0.0,0.0,0.0,0.0
50,rolling_L,0.0,0.0,0.0,0.0
51,rolling_L,0.0,0.0,0.0,0.0
52,rolling_L,0.0,0.0,0.0,0.0
53,rolling_L,0.0,0.0,0.0,0.0
54,rolling_L,0.0,0.0,0.0,0.0
55,rolling_L,0.0,0.0,0.0,0.0
56,rolling_L,0.0,0.0,0.0,0.0
57,rolling_L,0.0,0.0,0.0,0.0
58,rolling_L,0.0,0.0,0.0,0.0
59,rolling_L,0.0,0.0,0.0,0.0
60,rolling_L,0.0,0.0,0.0,0.0
61,rolling_L,0.0,0.0,0.0,0.0
62,rolling_L,0.0,0.0,0.0,0.0
63,rolling_L,0.0,0.0,0.0,0.0
64,rolling_L,0.0,0.0,0.0,0.0
65,rolling_L,0.0,0.0,0.0,0.0
66,rolling_L,0.0,0.0,0.0,0.0
67,rolling_L,0.0,0.0,0.0,0.0
68,rolling_L,0.0,0.0,0.0,0.0
69,rolling_L,0.0,0.0,0.0,0.0
70,rolling_L,0.0,0.0,0.0,0.0
71,rolling_L,0.0,0.0,0.0,0.0
72,rolling_L,0.0,0.0,0.0,0.0
73,rolling_L,0.0,0.0,0.0,0.0
74,rolling_L,0.0,0.0,0.0,0.0
75,rolling_L,0.0,0.0,0.0,0.0
76,rolling_L,0.0,0.0,0.0,0.0
77,rolling_L,0.0,0.0,0.0,0.0
78,rolling_L,0.0,0.0,0.0,0.0
79,rolling_L,0.0,0.0,0.0,0.0
80,rolling_L,0.0,0.0,0.0,0.0
81,rolling_L,0.0,0.0,0.0,0.0
82,rolling_L,0.0,0.0,0.0,0.0
83,rolling_L,0.0,0.0,0.0,0.0
84,rolling_L,0.0,0.0,0.0,0.0
85,rolling_L,0.0,0.0,0.0,0.0
86,rolling_L,0.0,0.0,0.0,0.0
87,rolling_L,0.0,0.0,0.0,0.0
88,rolling_L,0.0,0.0,0.0,0.0
89,rolling_L,0.0,0.0,0.0,0.0
90,rolling_L,0.0,0.0,0.0,0.0
91,rolling_L,0.0,0.0,0.0,0.0
92,rolling_L,0.0,0.0,0.0,0.0
93,rolling_L,0.0,0.0,0.0,0.0
94,rolling_L,0.0,0.0,0.0,0.0
95,rolling_L,0.0,0.0,0.0,0.0
96,rolling_L,0.0,0.0,0.0,0.0
97,rolling_L,0.0,0.0,0.0,0.0
98,rolling_L,0.0,0.0,0.0,0.0
99,rolling_L,0.0,0.0,0.0,0.0
100,rolling_L,0.0,0.0,0.0,0.0
101,rolling_L,0.0,0.0,0.0,0.0
102,rolling_L,0.0,0.0,0.0,0.0
103,rolling_L,0.0,0.0,0.0,0.0
104,rolling_L,0.0,0.0,0.0,0.0
105,rolling_L,0.0,0.0,0.0,0.0
106,rolling_L,0.0,0.0,0.0,0.0
107,rolling_L,0.0,0.0,0.0,0.0
108,rolling_L,0.0,0.0,0.0,0.0
109,rolling_L,0.0,0.0,0.0,0.0
110,rolling_L,0.0,0.0,0.0,0.0
111,rolling_L,0.0,0.0,0.0,0.0
112,rolling_L,0.0,0.0,0.0,0.0
113,rolling_L,0.0,0.0,0.0,0.0
114,rolling_L,0.0,0.0,0.0,0.0
115,rolling_L,0.0,0.0,0.0,0.0
116,rolling_L,0.0,0.0,0.0,0.0
117,rolling_L,0.0,0.0,0.0,0.0
118,rolling_L,0.0,0.0,0.0,0.0
119,rolling_L,0.0,0.0,0.0,0.0
120,rolling_L,0.0,0.0,0.0,0.0
121,rolling_L,0.0,0.0,0.0,0.0
122,rolling_L,0.0,0.0,0.0,0.0
123,rolling_L,0.0,0.0,0.0,0.0
124,rolling_L,0.0,0.0,0.0,0.0
125,rolling_L,0.0,0.0,0.0,0.0
126,rolling_L,0.0,0.0,0.0,0.0
127,rolling_L,0.0,0.0,0.0,0.0
128,rolling_L,0.0,0.0,0.0,0.0
129,rolling_L,0.0,0.0,0.0,0.0
130,rolling_L,0.0,0.0,0.0,0.0
131,rolling_L,0.0,0.0,0.0,0.0
132,rolling_L,0.0,0.0,0.0,0.0
133,rolling_L,0.0,0.0,0.0,0.0
134,rolling_L,0.0,0.0,0.0,0.0
135,rolling_L,0.0,0.0,0.0,0.0
136,rolling_L,0.0,0.0,0.0,0.0
137,rolling_L,0.0,0.0,0.0,0.0
138,rolling_L,0.0,0.0,0.0,0.0
139,rolling_L,0.0,0.0,0.0,0.0
140,rolling_L,0.0,0.0,0.0,0.0
141,rolling_L,0.0,0.0,0.0,0.0
142,rolling_L,0.0,0.0,0.0,0.0
143,rolling_L,0.0,0.0,0.0,0.0
144,rolling_L,0.0,0.0,0.0,0.0
145,rolling_L,0.0,0.0,0.0,0.0
146,rolling_L,0.0,0.0,0.0,0.0
147,rolling_L,0.0,0.0,0.0,0.0
148,rolling_L,0.0,0.0,0.0,0.0
149,rolling_L,0.0,0.0,0.0,0.0
150,rolling_L,0.0,0.0,0.0,0.0
151,rolling_L,0.0,0.0,0.0,0.0
152,rolling_L,0.0,0.0,0.0,0.0
153,rolling_L,0.0,0.0,0.0,0.0
154,rolling_L,0.0,0.0,0.0,0.0
155,rolling_L,0.0,0.0,0.0,0.0
156,rolling_L,0.0,0.0,0.0,0.0
157,rolling_L,0.0,0.0,0.0,0.0
158,rolling_L,0.0,0.0,0.0,0.0
159,rolling_L,0.0,0.0,0.0,0.0
160,rolling_L,0.0,0.0,0.0,0.0
161,rolling_L,0.0,0.0,0.0,0.0
162,rolling_L,0.0,0.0,0.0,0.0
163,rolling_L,0.0,0.0,0.0,0.0
164,rolling_L,0.0,0.0,0.0,0.0
165,rolling_L,0.0,0.0,0.0,0.0
166,rolling_L,0.0,0.0,0.0,0.0
167,rolling_L,0.0,0.0,0.0,0.0
168,rolling_L,0.0,0.0,0.0,0.0
169,rolling_L,0.0,0.0,0.0,0.0
170,rolling_L,0.0,0.0,0.0,0.0
171,rolling_L,0.0,0.0,0.0,0.0
172,rolling_L,0.0,0.0,0.0,0.0
173,rolling_L,0.0,0.0,0.0,0.0
174,rolling_L,0.0,0.0,0.0,0.0
175,rolling_L,0.0,0.0,0.0,0.0
176,rolling_L,0.0,0.0,0.0,0.0
177,rolling_L,0.0,0.0,0.0,0.0
178,rolling_L,0.0,0.0,0.0,0.0
179,rolling_L,0.0,0.0,0.0,0.0
180,rolling_L,0.0,0.0,0.0,0.0
181,rolling_L,0.0,0.0,0.0,0.0
182,rolling_L,0.0,0.0,0.0,0.0
183,rolling_L,0.0,0.0,0.0,0.0
184,rolling_L,0.0,0.0,0.0,0.0
185,rolling_L,0.0,0.0,0.0,0.0
186,rolling_L,0.0,0.0,0.0,0.0
187,rolling_L,0.0,0.0,0.0,0.0
188,rolling_L,0.0,0.0,0.0,0.0
189,rolling_L,0.0,0.0,0.0,0.0
190,rolling_L,0.0,0.0,0.0,0.0
191,rolling_L,0.0,0.0,0.0,0.0
192,rolling_L,0.0,0.0,0.0,0.0
193,rolling_L,0.0,0.0,0.0,0.0
194,rolling_L,0.0,0.0,0.0,0.0
195,rolling_L,0.0,0.0,0.0,0.0
196,rolling_L,0.0,0.0,0.0,0.0
197,rolling_L,0.0,0.0,0.0,0.0
198,rolling_L,0.0,0.0,0.0,0.0
199,rolling_L,0.0,0.0,0.0,0.0
200,rolling_L,0.0,0.0,0.0,0.0
201,rolling_L,0.0,0.0,0.0,0.0
202,rolling_L,0.0,0.0,0.0,0.0
203,rolling_L,0.0,0.0,0.0,0.0
204,rolling_L,0.0,0.0,0.0,0.0
205,rolling_L,0.0,0.0,0.0,0.0
206,rolling_L,0.0,0.0,0.0,0.0
207,rolling_L,0.0,0.0,0.0,0.0
208,rolling_L,0.0,0.0,0.0,0.0
209,rolling_L,0.0,0.0,0.0,0.0
210,rolling_L,0.0,0.0,0.0,0.0
211,rolling_L,0.0,0.0,0.0,0.0
212,rolling_L,0.0,0.0,0.0,0.0
213,rolling_L,0.0,0.0,0.0,0.0
214,rolling_L,0.0,0.0,0.0,0.0
215,rolling_L,0.0,0.0,0.0,0.0
216,rolling_L,0.0,0.0,0.0,0.0
217,rolling_L,0.0,0.0,0.0,0.0
218,rolling_L,0.0,0.0,0.0,0.0
219,rolling_L,0.0,0.0,0.0,0.0
220,rolling_L,0.0,0.0,0.0,0.0
221,rolling_L,0.0,0.0,0.0,0.0
222,rolling_L,0.0,0.0,0.0,0.0
223,rolling_L,0.0,0.0,0.0,0.0
224,rolling_L,0.0,0.0,0.0,0.0
225,rolling_L,0.0,0.0,0.0,0.0
226,rolling_L,0.0,0.0,0.0,0.0
227,rolling_L,0.0,0.0,0.0,0.0
228,rolling_L,0.0,0.0,0.0,0.0
229,rolling_L,0.0,0.0,0.0,0.0
230,rolling_L,0.0,0.0,0.0,0.0
231,rolling_L,0.0,0.0,0.0,0.0
232,rolling_L,0.0,0.0,0.0,0.0
233,rolling_L,0.0,0.0,0.0,0.0
234,rolling_L,0.0,0.0,0.0,0.0
235,rolling_L,0.0,0.0,0.0,0.0
236,rolling_L,0.0,0.0,0.0,0.0
237,rolling_L,0.0,0.0,0.0,0.0
238,rolling_L,0.0,0.0,0.0,0.0
239,rolling_L,0.0,0.0,0.0,0.0
240,rolling_L,0.0,0.0,0.0,0.0
241,rolling_L,0.0,0.0,0.0,0.0
242,rolling_L,0.0,0.0,0.0,0.0
243,rolling_L,0.0,0.0,0.0,0.0
244,rolling_L,0.0,0.0,0.0,0.0
245,rolling_L,0.0,0.0,0.0,0.0
246,rolling_L,0.0,0.0,0.0,0.0
247,rolling_L,0.0,0.0,0.0,0.0
248,rolling_L,0.0,0.0,0.0,0.0
249,rolling_L,0.0,0.0,0.0,0.0
250,rolling_L,0.029999999329447746,0.029999999329447746,1.0,0.004173443652689457
251,rolling_L,0.029136832803487778,0.03130797375874944,0.9306521408254692,0.0039504715241491795
252,rolling_L,0.027903901413083076,0.03267297475958268,0.8540361451140631,0.003635586705058813
253,rolling_L,0.026522304862737656,0.03409748864191484,0.7778374865454085,0.00328655494377017
254,rolling_L,0.025180114433169365,0.03558411011671108,0.7076224289600608,0.0029472028836607933
255,rolling_L,0.024032874032855034,0.03713554702212553,0.6471662856759895,0.002648575697094202
256,rolling_L,0.023179074749350548,0.03875462525575045,0.5980982810796555,0.0024079508148133755
257,rolling_L,0.02263186313211918,0.040444293921907196,0.5595811160857064,0.00222832802683115
258,rolling_L,0.022315613925457,0.04220763070335473,0.5287104145289852,0.00210030609741807
259,rolling_L,0.022103121504187584,0.04404784746720002,0.5017979941164332,0.0020073517225682735
260,rolling_L,0.021870315074920654,0.045968296115221366,0.4757695395126641,0.0019324924796819687
261,rolling_L,0.02153066173195839,0.04797247468926085,0.4488128217571035,0.001862850971519947
262,rolling_L,0.021039577201008797,0.050064033742806706,0.42025333613937577,0.0017907265573740005
263,rolling_L,0.0203842893242836,0.052246782990371235,0.3901539608293261,0.00171268405392766
264,rolling_L,0.019573187455534935,0.05452469824677596,0.3589783728274424,0.0016282792203128338
265,rolling_L,0.018628975376486778,0.056901928668983665,0.32738741572113245,0.0015390361659228802
266,rolling_L,0.01758473739027977,0.059382804313668214,0.2961250751546651,0.0014476955402642488
267,rolling_L,0.016481097787618637,0.06197184402428791,0.26594493107481826,0.0013575779739767313
268,rolling_L,0.015363209880888462,0.06467376366202858,0.23754934011840334,0.0012720043305307627
269,rolling_L,0.014276998117566109,0.06749348469560874,0.21153150088418826,0.0011938014067709446
270,rolling_L,0.013264670968055725,0.070436143165593,0.18832193774254405,0.0011249531526118517
271,rolling_L,0.01236007921397686,0.07350709903954185,0.16814810236665675,0.0010664367582648993
272,rolling_L,0.011584741063416004,0.07671194597503803,0.15101612814235824,0.0010182487312704325
273,rolling_L,0.0109455157071352,0.08005652150837254,0.13672234942147077,0.0009795688092708588
274,rolling_L,0.01043465081602335,0.08354691768744874,0.12489570058179356,0.0009489785879850388
275,rolling_L,0.010032382793724537,0.08718949216827183,0.11506412692899375,0.0009246957488358021
276,rolling_L,0.00971161387860775,0.0903163031190052,0.10752891275688345,0.000904792919754982
277,rolling_L,0.009443456307053566,0.09355524853088161,0.10093988798433237,0.000887417234480381
278,rolling_L,0.009202355518937111,0.09691034979744677,0.09495740690412366,0.000870988704264164
279,rolling_L,0.0089696841314435,0.1003857725284479,0.08935214528434914,0.0008543520234525204
280,rolling_L,0.00873537827283144,0.10398583172175058,0.08400546620818414,0.0008368636481463909
281,rolling_L,0.008497697301208973,0.10771499712073206,0.07889056796505646,0.000818377360701561
282,rolling_L,0.008261475712060928,0.11157789876380275,0.07404222344740062,0.0007991492748260498
283,rolling_L,0.008035439066588879,0.11557933273294606,0.06952314809737922,0.0007796874269843102
284,rolling_L,0.007829132489860058,0.11972426710841362,0.06539302915732667,0.0007605878636240959
285,rolling_L,0.007650061976164579,0.1240178481369695,0.06168516944202734,0.0007423879578709602
286,rolling_L,0.007501665968447924,0.12846540662134126,0.05839444380976032,0.0007254646625369787
287,rolling_L,0.007382538169622421,0.13307246453881125,0.05547757904092373,0.0007099930662661791
288,rolling_L,0.007287017535418272,0.1378447418971653,0.05286394994198995,0.0006959575694054365
289,rolling_L,0.007206813432276249,0.1427881638365113,0.050472064621041424,0.0006831991486251354
290,rolling_L,0.0071329944767057896,0.14790886798578473,0.048225603872455634,0.0006714789196848869
291,rolling_L,0.0070577627047896385,0.1532132120830752,0.04606497448120062,0.0006605444941669703
292,rolling_L,0.0069755809381604195,0.15870778186923487,0.04395235605969123,0.0006501786410808563
293,rolling_L,0.006883556488901377,0.16439939926456945,0.04187093456359659,0.0006402120925486088
294,rolling_L,0.006781227421015501,0.1702951308387637,0.039820442238222314,0.0006305309943854809
295,rolling_L,0.006669929251074791,0.17640229658455736,0.037810898045069395,0.0006210603751242161
296,rolling_L,0.006552065722644329,0.1827284790060651,0.035856839384225674,0.0006117452867329121
297,rolling_L,0.00643039820715785,0.1892815325330236,0.033972665590268035,0.0006025386974215508
298,rolling_L,0.006307558156549931,0.19606959327265505,0.032169996638788445,0.0005933893844485283
299,rolling_L,0.006185801699757576,0.20310108911125416,0.0304567628210459,0.0005842505488544703
300,rolling_L,0.006067006383091211,0.2103847501780408,0.028837671827244744,0.0005750809796154499
301,rolling_L,0.005952813196927309,0.21815954803937315,0.027286512327450153,0.0005658650770783424
302,rolling_L,0.0058447979390621185,0.2262216646428359,0.025836596809991754,0.000556612852960825
303,rolling_L,0.005744558293372393,0.23458171789272084,0.024488516602983956,0.0005473655182868242
304,rolling_L,0.005653653759509325,0.24325071807945753,0.02324208456257287,0.0005381864029914141
305,rolling_L,0.005573389120399952,0.252240082380298,0.0220955728677453,0.000529151875525713
306,rolling_L,0.005504516419023275,0.26156164989587605,0.02104481456365849,0.000520327826961875
307,rolling_L,0.005446945782750845,0.27122769724244494,0.02008255734251923,0.0005117647815495729
308,rolling_L,0.005399585701525211,0.28125095472032824,0.01919846176840352,0.0005034819478169084
309,rolling_L,0.005360376555472612,0.291644623079878,0.018379823014959096,0.0004954671021550894
310,rolling_L,0.005326524842530489,0.3024223909070215,0.01761286532572949,0.00048768066335469484
311,rolling_L,0.005294895265251398,0.313598452651293,0.016884315660635855,0.00048006721772253513
312,rolling_L,0.005262448452413082,0.3251875273200942,0.01618281148659511,0.00047256832476705313
313,rolling_L,0.005226639565080404,0.3372048778638035,0.01549989311599293,0.0004651312483474612
314,rolling_L,0.005185714922845364,0.3496663312772647,0.014830466816473098,0.0004577221116051078
315,rolling_L,0.005138844717293978,0.3625882994441293,0.014172671112587335,0.00045032508205622435
316,rolling_L,0.005086108576506376,0.3759878007515039,0.013527323403420378,0.00044294889084994793
317,rolling_L,0.005028350278735161,0.3898824825033705,0.012897092083873482,0.0004356123972684145
318,rolling_L,0.004966951906681061,0.4042906441622973,0.012285596954569005,0.0004283478483557701
319,rolling_L,0.004903567023575306,0.41923126145005063,0.011696568158144242,0.00042118539568036795
320,rolling_L,0.004839864559471607,0.434724011338848,0.011133188950308862,0.0004141509998589754
321,rolling_L,0.004777316935360432,0.45078929796616685,0.010597671588288204,0.00040726258885115385
322,rolling_L,0.0047170547768473625,0.46744827950723805,0.010091073138230093,0.00040052796248346567
323,rolling_L,0.0046597993932664394,0.48472289604061686,0.009613326358893465,0.000393945025280118
324,rolling_L,0.004605872556567192,0.5026358984435294,0.009163437332728945,0.00038750492967665195
325,rolling_L,0.004555243533104658,0.5212108783550511,0.008739732270134252,0.0003811934730038047
326,rolling_L,0.004507618956267834,0.5400631354280914,0.008346466663929549,0.000374995288439095
327,rolling_L,0.004462553188204765,0.5595972807953086,0.007974579829734901,0.0003688971046358347
328,rolling_L,0.00441952608525753,0.5798379784342802,0.00762200174812876,0.00036288739647716284
329,rolling_L,0.004378036130219698,0.6008107844214733,0.007286880068964396,0.00035695882979780436
330,rolling_L,0.004337640944868326,0.6225421791995631,0.006967625792754269,0.000351106864400208
331,rolling_L,0.004297993611544371,0.6450596010118645,0.006662940300093786,0.00034533184953033924
332,rolling_L,0.004258854314684868,0.6683914805460911,0.006371796228170482,0.000339635880663991
333,rolling_L,0.004220077767968178,0.6925672768311818,0.006093383140013489,0.0003340227995067835
334,rolling_L,0.004181596916168928,0.7176175144325212,0.005827055265611317,0.0003284960985183716
335,rolling_L,0.004143399186432362,0.7435738219925146,0.005572276839076339,0.00032306043431162834
336,rolling_L,0.004105494823306799,0.7704689721651801,0.005328566070311039,0.0003177177859470248
337,rolling_L,0.004067898727953434,0.7983369229951789,0.005095466100567667,0.00031246733851730824
338,rolling_L,0.00403061555698514,0.8272128607935312,0.00487252525682282,0.0003073083935305476
339,rolling_L,0.003993629943579435,0.8571332445641504,0.004659287186568273,0.00030223652720451355
340,rolling_L,0.003956914413720369,0.888135852037291,0.0044553030987811385,0.00029724754858762026
341,rolling_L,0.003920437768101692,0.9202598273680302,0.0042601422462547976,0.0002923348220065236
342,rolling_L,0.003884179051965475,0.9535457305600115,0.004073406159224604,0.00028749345801770687
343,rolling_L,0.0038481394294649363,0.9880355886768477,0.003894737672980249,0.00028271914925426245
344,rolling_L,0.0038123498670756817,1.023772948905849,0.0037238235989240655,0.00027800898533314466
345,rolling_L,0.003776869038119912,1.0608029335410698,0.0035603870603113184,0.0002733614528551698
346,rolling_L,0.003741773311048746,1.0991722969551012,0.0034041735962724953,0.0002687767846509814
347,rolling_L,0.0037071439437568188,1.138929484631537,0.00325493719653429,0.0002642553299665451
348,rolling_L,0.003673056373372674,1.1801246943326524,0.003112430738049886,0.0002597987186163664
349,rolling_L,0.0036395564675331116,1.222809939479525,0.0029763877034580262,0.0002554086968302727
350,rolling_L,0.003606659360229969,1.2670391148246205,0.0028465256660440124,0.00025108567206189036
351,rolling_L,0.0035743426997214556,1.3112373072875598,0.002725931210053336,0.00024683005176484585
352,rolling_L,0.0035425522364676,1.356977267636064,0.0026106201783607907,0.00024264125386253
353,rolling_L,0.0035112095065414906,1.4043127774408377,0.0025003044641808184,0.0002385179977864027
354,rolling_L,0.003480230923742056,1.453299494337961,0.0023947100630675217,0.00023445929400622845
355,rolling_L,0.0034495368599891663,1.5039950174717773,0.002293582638184436,0.00023046275600790977
356,rolling_L,0.003419062588363886,1.5564589552206294,0.00219669306209185,0.0002265276270918548
357,rolling_L,0.003388764802366495,1.6107529952850745,0.0021038388954022985,0.00022265163715928793
358,rolling_L,0.003358623944222927,1.6669409772209913,0.0020148427509546216,0.00021883443696424365
359,rolling_L,0.003328641876578331,1.7250889675028633,0.0019295479475453813,0.00021507509518414736
360,rolling_L,0.0032988316379487514,1.7852653372054976,0.001847810277385692,0.00021137268049642444
361,rolling_L,0.003269216511398554,1.8475408423955209,0.0017694962061892438,0.0002077272511087358
362,rolling_L,0.003239818150177598,1.911988707327174,0.0016944755676442443,0.00020413810852915049
363,rolling_L,0.0032106495928019285,1.978684710540232,0.001622618083466839,0.00020060472888872027
364,rolling_L,0.0031817196868360043,2.0477072739612816,0.0015537961540181377,0.00019712670473381877
365,rolling_L,0.003153023775666952,2.119137555113122,0.0014878806560051927,0.0001937032793648541
366,rolling_L,0.003124547889456153,2.1930595425407136,0.00142474375585639,0.00019033387070521712
367,rolling_L,0.003096270374953747,2.2695601545658732,0.0013642601050801444,0.00018701731460168958
368,rolling_L,0.003068166319280863,2.3487293414868353,0.001306309017853286,0.0001837529707700014
369,rolling_L,0.003040212206542492,2.4306601913428456,0.0012507763188662304,0.0001805398496799171
370,rolling_L,0.0030123854521661997,2.5154490393681463,0.0011975537588004082,0.00017737760208547115
371,rolling_L,0.002984673250466585,2.6031955812640515,0.0011465420700419663,0.00017426523845642805
372,rolling_L,0.0029570721089839935,2.694002990422298,0.0010976498984956427,0.00017120200209319592
373,rolling_L,0.0029295864515006542,2.787978039237504,0.0010507925135242024,0.00016818713629618287
374,rolling_L,0.002902229083701968,2.8852312246513767,0.00100589133338963,0.00016522029181942344
375,rolling_L,0.002875023754313588,2.985876898076285,0.0009628741748080383,0.00016230018809437752
376,rolling_L,0.0028480051551014185,3.093746374596668,0.000920568401626883,0.0001594268251210451
377,rolling_L,0.00282120774500072,3.2055128047966472,0.0008801112074109131,0.00015659944619983435
378,rolling_L,0.0027946708723902702,3.3213169722275193,0.0008414345561591969,0.00015381735283881426
379,rolling_L,0.002768429694697261,3.4413047464667277,0.0008044709488573122,0.00015107978833839297
380,rolling_L,0.002742517041042447,3.5656272668585216,0.000769154158802114,0.00014838657807558775
381,rolling_L,0.002716956427320838,3.6944411328925275,0.0007354174365186387,0.00014573679072782397
382,rolling_L,0.0026917613577097654,3.8279086014600496,0.0007031937378763609,0.00014312990242615342
383,rolling_L,0.0026669353246688843,3.966197791236559,0.0006724161186720348,0.00014056521467864513
384,rolling_L,0.002642469247803092,4.109482894447822,0.0006430174588080752,0.0001380422036163509
385,rolling_L,0.0026183458976447582,4.257944396286412,0.0006149319140776855,0.00013556034537032247
386,rolling_L,0.002594538265839219,4.411769302254982,0.0005880947275536542,0.000133118883240968
387,rolling_L,0.0025710114277899265,4.571151373722679,0.0005624428546753928,0.00013071746798232198
388,rolling_L,0.0025477269664406776,4.7362913719913875,0.0005379160119892451,0.00012835513916797936
389,rolling_L,0.0025246443692594767,4.907397311179261,0.0005144568921510042,0.00012603163486346602
390,rolling_L,0.0025017245206981897,5.08468472024006,0.0004920117290143561,0.0001237460528500378
391,rolling_L,0.0024789331946521997,5.2683769144483525,0.0004705307222521999,0.00012149830581620336
392,rolling_L,0.002456243149936199,5.45870527669254,0.0004499680831686979,0.00011928754975087941
393,rolling_L,0.0024336325004696846,5.655909548930033,0.00043028136843703085,0.0001171134936157614
394,rolling_L,0.002411089837551117,5.860238134171705,0.0004114320582796426,0.00011497526429593563
395,rolling_L,0.0023886130657047033,6.071948409376003,0.00039338494082333193,0.00011287245433777571
396,rolling_L,0.0023662096355110407,6.291307049646854,0.0003761077971299877,0.00011080477270297706
397,rolling_L,0.002343893749639392,6.518590364143721,0.00035957064621398166,0.00010877152089960873
398,rolling_L,0.0023216865956783295,6.754084644126937,0.00034374555813379814,0.00010677232057787478
399,rolling_L,0.0022996121551841497,6.998086523576729,0.0003286058478180712,0.00010480664786882699
400,rolling_L,0.00227769510820508,7.250903352840158,0.0003141257023254783,0.0001028736587613821
401,rolling_L,0.002255963161587715,7.503036122137175,0.0003006733707347691,0.0001009734405670315
402,rolling_L,0.002234439132735133,7.763936203624125,0.0002877972041671492,9.91051783785224e-05
403,rolling_L,0.0022131428122520447,8.033908459549775,0.0002754752339281783,9.72685229498893e-05
404,rolling_L,0.0021920884028077126,8.313268353016232,0.000263685509684332,9.546271758154035e-05
405,rolling_L,0.0021712842863053083,8.602342316598193,0.0002524061710629467,9.368761675432324e-05
406,rolling_L,0.0021507313940674067,8.901468133780028,0.00024161535622484938,9.194266749545932e-05
407,rolling_L,0.0021304269321262836,9.21099533365644,0.0002312917176650636,9.022728772833943e-05
408,rolling_L,0.0021103627514094114,9.531285599357888,0.00022141428135902087,8.854118641465902e-05
409,rolling_L,0.002090523950755596,9.86271319067802,0.00021196235866733962,8.688392699696124e-05
410,rolling_L,0.002070897025987506,10.205665381396964,0.00020291641442236264,8.52549565024674e-05
411,rolling_L,0.002051462884992361,10.560542911811488,0.0001942573314765752,8.36538674775511e-05
412,rolling_L,0.0020322035998106003,10.927760457000813,0.0001859670705454272,8.208028157241642e-05
413,rolling_L,0.002013102639466524,11.30774711137524,0.00017802862229218105,8.053387864492834e-05
414,rolling_L,0.001994144171476364,11.700946890073798,0.00017042588007711119,7.901404751464725e-05
415,rolling_L,0.0019753165543079376,12.10781924779679,0.00016314387536528328,7.75205553509295e-05
416,rolling_L,0.0019566109403967857,12.528839615679498,0.00015616856791335576,7.605293649248779e-05
417,rolling_L,0.0019380213925614953,12.964499956834382,0.0001494867830625311,7.46107252780348e-05
418,rolling_L,0.0019195469794794917,13.415309341210929,0.00014308630018562243,7.319360156543553e-05
419,rolling_L,0.0019011885160580277,13.881794540444863,0.00013695552909379836,7.180109969340265e-05
420,rolling_L,0.0018829497275874019,14.36450064339183,0.00013108354925332014,7.043284131214023e-05
421,rolling_L,0.0018648374825716019,14.863991693064769,0.00012546007297903003,6.908865179866552e-05
422,rolling_L,0.0018468585330992937,15.380851345719263,0.00012007518254919641,6.776799273211509e-05
423,rolling_L,0.0018290197476744652,15.915683552857002,0.00011491933359947587,6.647042755503207e-05
424,rolling_L,0.0018113292753696442,16.46911326694428,0.00010998341234346995,6.519569433294237e-05
425,rolling_L,0.0017937941011041403,17.04178717167015,0.00010525856725203678,6.394342926796526e-05
426,rolling_L,0.0017764178337529302,17.529784738685063,0.00010133711624151878,6.271322490647435e-05
427,rolling_L,0.0017592055955901742,18.031756287595975,9.756152243474641e-05,6.150471745058894e-05
428,rolling_L,0.0017421591328456998,18.548101968287295,9.392654492758151e-05,6.0317732277326286e-05
429,rolling_L,0.001725278445519507,19.079233389076045,9.04270318590121e-05,5.9151730965822935e-05
430,rolling_L,0.0017085629515349865,19.625573944828112,8.705798649956123e-05,5.800655344501138e-05
431,rolling_L,0.0016920088091865182,20.187559154470225,8.381443225699967e-05,5.688174860551953e-05
432,rolling_L,0.0016756141558289528,20.765637008166692,8.069168093278182e-05,5.5776952649466693e-05
433,rolling_L,0.0016593734035268426,21.360268324437673,7.768504488440348e-05,5.4692020057700574e-05
434,rolling_L,0.0016432825941592455,21.97192711750366,7.479009853669799e-05,5.362638330552727e-05
435,rolling_L,0.0016273374203592539,22.60110097514901,7.200257289008129e-05,5.257988232187927e-05
436,rolling_L,0.0016115339240059257,23.248291447405688,6.931838099378951e-05,5.155225517228246e-05
437,rolling_L,0.0015958669828251004,23.914014446367165,6.673354598844998e-05,5.054310895502567e-05
438,rolling_L,0.0015803341520950198,24.598800657451086,6.424435784906163e-05,4.955221083946526e-05
439,rolling_L,0.0015649320557713509,25.3031959624386,6.184720926535994e-05,4.8579153371974826e-05
440,rolling_L,0.0015496577834710479,26.027761874627576,5.9538649190643156e-05,4.762382013723254e-05
441,rolling_L,0.0015345095889642835,26.77307598644657,5.731540110449407e-05,4.66857454739511e-05
442,rolling_L,0.001519485842436552,27.539732429886406,5.5174313922803046e-05,4.576466744765639e-05
443,rolling_L,0.0015045853797346354,28.328342350116333,5.311236927099819e-05,4.486046964302659e-05
444,rolling_L,0.0014898073859512806,29.139534392662384,5.11266709301446e-05,4.397273005452007e-05
445,rolling_L,0.0014751508133485913,29.973955204536242,4.9214419761504906e-05,4.310118674766272e-05
446,rolling_L,0.0014606156619265676,30.832269949714114,4.737295256913482e-05,4.2245606891810894e-05
447,rolling_L,0.0014462015824392438,31.71516283937651,4.5599689642573336e-05,4.140575765632093e-05
448,rolling_L,0.0014319075271487236,32.62333767733165,4.38921222994202e-05,4.058121703565121e-05
449,rolling_L,0.0014177344273775816,33.55751842105722,4.224789239742944e-05,3.9771999581716955e-05
450,rolling_L,0.0014036812353879213,34.51844975880781,4.066466614798524e-05,3.897765418514609e-05
451,rolling_L,0.0013897479511797428,35.87956419825115,3.873369095289853e-05,3.8197991671040654e-05
452,rolling_L,0.0013759341090917587,37.29434942911781,3.6893902967978554e-05,3.7432750104926527e-05
453,rolling_L,0.00136223912704736,38.76492177151176,3.514102608220574e-05,3.66816675523296e-05
454,rolling_L,0.0013486635871231556,40.29348099522467,3.34710120300351e-05,3.594454028643668e-05
455,rolling_L,0.001335206557996571,41.88231361028271,3.1879961800122683e-05,3.522107726894319e-05
456,rolling_L,0.0013218685053288937,43.53379628724459,3.0364190997884588e-05,3.4511205740273e-05
457,rolling_L,0.0013086484977975488,45.250399412367095,2.8920153518907735e-05,3.381451824679971e-05
458,rolling_L,0.0012955458369106054,47.03469078295611,2.7544474415468474e-05,3.313083288958296e-05
459,rolling_L,0.00128256028983742,48.88933944843098,2.623394597487411e-05,3.245997504564002e-05
460,rolling_L,0.001269691507332027,50.817119702847734,2.4985507143193612e-05,3.180174098815769e-05
461,rolling_L,0.0012569380924105644,52.820915234853565,2.3796219486579082e-05,3.1155905162449926e-05
462,rolling_L,0.0012442986480891705,54.90372344128025,2.266328347329581e-05,3.052218380616978e-05
463,rolling_L,0.0012317717773839831,57.068659910829034,2.158403192415333e-05,2.990046050399542e-05
464,rolling_L,0.0012193567818030715,59.31896308455399,2.0555935545686885e-05,2.929048059741035e-05
465,rolling_L,0.0012070509837940335,61.65799910011524,1.95765513219805e-05,2.8692003979813308e-05
466,rolling_L,0.0011948536848649383,64.08926682704835,1.8643584862491517e-05,2.8104899683967233e-05
467,rolling_L,0.0011827636044472456,66.61640310058202,1.775484039060812e-05,2.7528942155186087e-05
468,rolling_L,0.0011707793455570936,69.24318816183305,1.6908224139258062e-05,2.69639422185719e-05
469,rolling_L,0.0011588995112106204,71.97355131251639,1.6101741404680203e-05,2.640971797518432e-05
470,rolling_L,0.0011471229372546077,74.81157679262897,1.533349498078794e-05,2.586608025012538e-05
471,rolling_L,0.0011354486923664808,77.76150988989934,1.4601680111074688e-05,2.533283259253949e-05
472,rolling_L,0.001123876660130918,80.82776329014224,1.3904586918935391e-05,2.48097931034863e-05
473,rolling_L,0.0011124047450721264,84.01492367801711,1.3240561276177081e-05,2.429682353977114e-05
474,rolling_L,0.0011010341113433242,87.32775859806449,1.2608065625627168e-05,2.3793676518835127e-05
475,rolling_L,0.0010897635947912931,90.7712235862834,1.2005606531847712e-05,2.330024290131405e-05
476,rolling_L,0.001078593428246677,93.93236413874999,1.148266029643902e-05,2.281633351230994e-05
477,rolling_L,0.0010675222147256136,97.20359254943466,1.0982332923371177e-05,2.234175190096721e-05
478,rolling_L,0.001056550769135356,100.58874266764778,1.0503668115489557e-05,2.1876374376006424e-05
479,rolling_L,0.0010456787422299385,104.09178185788271,1.0045737747650545e-05,2.1420004486571997e-05
480,rolling_L,0.0010349050862714648,107.7168156495301,9.607646494477294e-06,2.097251854138449e-05
481,rolling_L,0.0010242294520139694,111.46809254852027,9.188543811926618e-06,2.0533734641503543e-05
482,rolling_L,0.001013651373796165,115.35000901653264,8.787614170458213e-06,2.0103485439904034e-05
483,rolling_L,0.0010031703859567642,119.36711462360797,8.404076693317014e-06,1.9681669073179364e-05
484,rolling_L,0.0009927853243425488,123.52411738020224,8.037178045861245e-06,1.9268067262601107e-05
485,rolling_L,0.0009824945591390133,127.82588925493111,7.686193813051153e-06,1.8862592696677893e-05
486,rolling_L,0.0009722978575155139,132.27747188447194,7.3504417922705406e-06,1.846503437263891e-05
487,rolling_L,0.0009621944627724588,136.88408248231508,7.0292648007248815e-06,1.8075297703035176e-05
488,rolling_L,0.000952182977925986,141.65111995328968,6.722029294508749e-06,1.7693262634566054e-05
489,rolling_L,0.0009422622388228774,146.58417122102998,6.428130888716953e-06,1.7318732716375962e-05
490,rolling_L,0.0009324315469712019,151.68901777579785,6.146994427436872e-06,1.6951591533143073e-05
491,rolling_L,0.0009226900292560458,156.97164245033576,5.878068260309983e-06,1.6591729945503175e-05
492,rolling_L,0.0009130369289778173,162.43823643169117,5.620825176600396e-06,1.6239009710261598e-05
493,rolling_L,0.0009034712566062808,168.09520651723014,5.374759193467381e-06,1.589327075635083e-05
494,rolling_L,0.0008939923136495054,173.94918262334443,5.139387838258973e-06,1.555440394440666e-05
495,rolling_L,0.0008846000418998301,180.00702555565192,4.9142528696822585e-06,1.5222278307192028e-05
496,rolling_L,0.0008752933936193585,186.27583504979702,4.698910051243989e-06,1.4896799257257953e-05
497,rolling_L,0.0008660719031468034,192.76295809227489,4.4929373968841986e-06,1.4577795809600502e-05
498,rolling_L,0.00085693527944386,199.47599753103142,4.295931791545753e-06,1.4265180652728304e-05
499,rolling_L,0.0008478832896798849,206.42282098593034,4.10750752087472e-06,1.395885192323476e-05
500,rolling_L,0.0008389150025323033,213.61157006953067,3.927291963910176e-06,
0,empirical_envelope_L,0.0,0.0,0.0,0.0
1,empirical_envelope_L,0.0,0.0,0.0,0.0
2,empirical_envelope_L,0.0,0.0,0.0,0.0
3,empirical_envelope_L,0.0,0.0,0.0,0.0
4,empirical_envelope_L,0.0,0.0,0.0,0.0
5,empirical_envelope_L,0.0,0.0,0.0,0.0
6,empirical_envelope_L,0.0,0.0,0.0,0.0
7,empirical_envelope_L,0.0,0.0,0.0,0.0
8,empirical_envelope_L,0.0,0.0,0.0,0.0
9,empirical_envelope_L,0.0,0.0,0.0,0.0
10,empirical_envelope_L,0.0,0.0,0.0,0.0
11,empirical_envelope_L,0.0,0.0,0.0,0.0
12,empirical_envelope_L,0.0,0.0,0.0,0.0
13,empirical_envelope_L,0.0,0.0,0.0,0.0
14,empirical_envelope_L,0.0,0.0,0.0,0.0
15,empirical_envelope_L,0.0,0.0,0.0,0.0
16,empirical_envelope_L,0.0,0.0,0.0,0.0
17,empirical_envelope_L,0.0,0.0,0.0,0.0
18,empirical_envelope_L,0.0,0.0,0.0,0.0
19,empirical_envelope_L,0.0,0.0,0.0,0.0
20,empirical_envelope_L,0.0,0.0,0.0,0.0
21,empirical_envelope_L,0.0,0.0,0.0,0.0
22,empirical_envelope_L,0.0,0.0,0.0,0.0
23,empirical_envelope_L,0.0,0.0,0.0,0.0
24,empirical_envelope_L,0.0,0.0,0.0,0.0
25,empirical_envelope_L,0.0,0.0,0.0,0.0
26,empirical_envelope_L,0.0,0.0,0.0,0.0
27,empirical_envelope_L,0.0,0.0,0.0,0.0
28,empirical_envelope_L,0.0,0.0,0.0,0.0
29,empirical_envelope_L,0.0,0.0,0.0,0.0
30,empirical_envelope_L,0.0,0.0,0.0,0.0
31,empirical_envelope_L,0.0,0.0,0.0,0.0
32,empirical_envelope_L,0.0,0.0,0.0,0.0
33,empirical_envelope_L,0.0,0.0,0.0,0.0
34,empirical_envelope_L,0.0,0.0,0.0,0.0
35,empirical_envelope_L,0.0,0.0,0.0,0.0
36,empirical_envelope_L,0.0,0.0,0.0,0.0
37,empirical_envelope_L,0.0,0.0,0.0,0.0
38,empirical_envelope_L,0.0,0.0,0.0,0.0
39,empirical_envelope_L,0.0,0.0,0.0,0.0
40,empirical_envelope_L,0.0,0.0,0.0,0.0
41,empirical_envelope_L,0.0,0.0,0.0,0.0
42,empirical_envelope_L,0.0,0.0,0.0,0.0
43,empirical_envelope_L,0.0,0.0,0.0,0.0
44,empirical_envelope_L,0.0,0.0,0.0,0.0
45,empirical_envelope_L,0.0,0.0,0.0,0.0
46,empirical_envelope_L,0.0,0.0,0.0,0.0
47,empirical_envelope_L,0.0,0.0,0.0,0.0
48,empirical_envelope_L,0.0,0.0,0.0,0.0
49,empirical_envelope_L,0.0,0.0,0.0,0.0
50,empirical_envelope_L,0.0,0.0,0.0,0.0
51,empirical_envelope_L,0.0,0.0,0.0,0.0
52,empirical_envelope_L,0.0,0.0,0.0,0.0
53,empirical_envelope_L,0.0,0.0,0.0,0.0
54,empirical_envelope_L,0.0,0.0,0.0,0.0
55,empirical_envelope_L,0.0,0.0,0.0,0.0
56,empirical_envelope_L,0.0,0.0,0.0,0.0
57,empirical_envelope_L,0.0,0.0,0.0,0.0
58,empirical_envelope_L,0.0,0.0,0.0,0.0
59,empirical_envelope_L,0.0,0.0,0.0,0.0
60,empirical_envelope_L,0.0,0.0,0.0,0.0
61,empirical_envelope_L,0.0,0.0,0.0,0.0
62,empirical_envelope_L,0.0,0.0,0.0,0.0
63,empirical_envelope_L,0.0,0.0,0.0,0.0
64,empirical_envelope_L,0.0,0.0,0.0,0.0
65,empirical_envelope_L,0.0,0.0,0.0,0.0
66,empirical_envelope_L,0.0,0.0,0.0,0.0
67,empirical_envelope_L,0.0,0.0,0.0,0.0
68,empirical_envelope_L,0.0,0.0,0.0,0.0
69,empirical_envelope_L,0.0,0.0,0.0,0.0
70,empirical_envelope_L,0.0,0.0,0.0,0.0
71,empirical_envelope_L,0.0,0.0,0.0,0.0
72,empirical_envelope_L,0.0,0.0,0.0,0.0
73,empirical_envelope_L,0.0,0.0,0.0,0.0
74,empirical_envelope_L,0.0,0.0,0.0,0.0
75,empirical_envelope_L,0.0,0.0,0.0,0.0
76,empirical_envelope_L,0.0,0.0,0.0,0.0
77,empirical_envelope_L,0.0,0.0,0.0,0.0
78,empirical_envelope_L,0.0,0.0,0.0,0.0
79,empirical_envelope_L,0.0,0.0,0.0,0.0
80,empirical_envelope_L,0.0,0.0,0.0,0.0
81,empirical_envelope_L,0.0,0.0,0.0,0.0
82,empirical_envelope_L,0.0,0.0,0.0,0.0
83,empirical_envelope_L,0.0,0.0,0.0,0.0
84,empirical_envelope_L,0.0,0.0,0.0,0.0
85,empirical_envelope_L,0.0,0.0,0.0,0.0
86,empirical_envelope_L,0.0,0.0,0.0,0.0
87,empirical_envelope_L,0.0,0.0,0.0,0.0
88,empirical_envelope_L,0.0,0.0,0.0,0.0
89,empirical_envelope_L,0.0,0.0,0.0,0.0
90,empirical_envelope_L,0.0,0.0,0.0,0.0
91,empirical_envelope_L,0.0,0.0,0.0,0.0
92,empirical_envelope_L,0.0,0.0,0.0,0.0
93,empirical_envelope_L,0.0,0.0,0.0,0.0
94,empirical_envelope_L,0.0,0.0,0.0,0.0
95,empirical_envelope_L,0.0,0.0,0.0,0.0
96,empirical_envelope_L,0.0,0.0,0.0,0.0
97,empirical_envelope_L,0.0,0.0,0.0,0.0
98,empirical_envelope_L,0.0,0.0,0.0,0.0
99,empirical_envelope_L,0.0,0.0,0.0,0.0
100,empirical_envelope_L,0.0,0.0,0.0,0.0
101,empirical_envelope_L,0.0,0.0,0.0,0.0
102,empirical_envelope_L,0.0,0.0,0.0,0.0
103,empirical_envelope_L,0.0,0.0,0.0,0.0
104,empirical_envelope_L,0.0,0.0,0.0,0.0
105,empirical_envelope_L,0.0,0.0,0.0,0.0
106,empirical_envelope_L,0.0,0.0,0.0,0.0
107,empirical_envelope_L,0.0,0.0,0.0,0.0
108,empirical_envelope_L,0.0,0.0,0.0,0.0
109,empirical_envelope_L,0.0,0.0,0.0,0.0
110,empirical_envelope_L,0.0,0.0,0.0,0.0
111,empirical_envelope_L,0.0,0.0,0.0,0.0
112,empirical_envelope_L,0.0,0.0,0.0,0.0
113,empirical_envelope_L,0.0,0.0,0.0,0.0
114,empirical_envelope_L,0.0,0.0,0.0,0.0
115,empirical_envelope_L,0.0,0.0,0.0,0.0
116,empirical_envelope_L,0.0,0.0,0.0,0.0
117,empirical_envelope_L,0.0,0.0,0.0,0.0
118,empirical_envelope_L,0.0,0.0,0.0,0.0
119,empirical_envelope_L,0.0,0.0,0.0,0.0
120,empirical_envelope_L,0.0,0.0,0.0,0.0
121,empirical_envelope_L,0.0,0.0,0.0,0.0
122,empirical_envelope_L,0.0,0.0,0.0,0.0
123,empirical_envelope_L,0.0,0.0,0.0,0.0
124,empirical_envelope_L,0.0,0.0,0.0,0.0
125,empirical_envelope_L,0.0,0.0,0.0,0.0
126,empirical_envelope_L,0.0,0.0,0.0,0.0
127,empirical_envelope_L,0.0,0.0,0.0,0.0
128,empirical_envelope_L,0.0,0.0,0.0,0.0
129,empirical_envelope_L,0.0,0.0,0.0,0.0
130,empirical_envelope_L,0.0,0.0,0.0,0.0
131,empirical_envelope_L,0.0,0.0,0.0,0.0
132,empirical_envelope_L,0.0,0.0,0.0,0.0
133,empirical_envelope_L,0.0,0.0,0.0,0.0
134,empirical_envelope_L,0.0,0.0,0.0,0.0
135,empirical_envelope_L,0.0,0.0,0.0,0.0
136,empirical_envelope_L,0.0,0.0,0.0,0.0
137,empirical_envelope_L,0.0,0.0,0.0,0.0
138,empirical_envelope_L,0.0,0.0,0.0,0.0
139,empirical_envelope_L,0.0,0.0,0.0,0.0
140,empirical_envelope_L,0.0,0.0,0.0,0.0
141,empirical_envelope_L,0.0,0.0,0.0,0.0
142,empirical_envelope_L,0.0,0.0,0.0,0.0
143,empirical_envelope_L,0.0,0.0,0.0,0.0
144,empirical_envelope_L,0.0,0.0,0.0,0.0
145,empirical_envelope_L,0.0,0.0,0.0,0.0
146,empirical_envelope_L,0.0,0.0,0.0,0.0
147,empirical_envelope_L,0.0,0.0,0.0,0.0
148,empirical_envelope_L,0.0,0.0,0.0,0.0
149,empirical_envelope_L,0.0,0.0,0.0,0.0
150,empirical_envelope_L,0.0,0.0,0.0,0.0
151,empirical_envelope_L,0.0,0.0,0.0,0.0
152,empirical_envelope_L,0.0,0.0,0.0,0.0
153,empirical_envelope_L,0.0,0.0,0.0,0.0
154,empirical_envelope_L,0.0,0.0,0.0,0.0
155,empirical_envelope_L,0.0,0.0,0.0,0.0
156,empirical_envelope_L,0.0,0.0,0.0,0.0
157,empirical_envelope_L,0.0,0.0,0.0,0.0
158,empirical_envelope_L,0.0,0.0,0.0,0.0
159,empirical_envelope_L,0.0,0.0,0.0,0.0
160,empirical_envelope_L,0.0,0.0,0.0,0.0
161,empirical_envelope_L,0.0,0.0,0.0,0.0
162,empirical_envelope_L,0.0,0.0,0.0,0.0
163,empirical_envelope_L,0.0,0.0,0.0,0.0
164,empirical_envelope_L,0.0,0.0,0.0,0.0
165,empirical_envelope_L,0.0,0.0,0.0,0.0
166,empirical_envelope_L,0.0,0.0,0.0,0.0
167,empirical_envelope_L,0.0,0.0,0.0,0.0
168,empirical_envelope_L,0.0,0.0,0.0,0.0
169,empirical_envelope_L,0.0,0.0,0.0,0.0
170,empirical_envelope_L,0.0,0.0,0.0,0.0
171,empirical_envelope_L,0.0,0.0,0.0,0.0
172,empirical_envelope_L,0.0,0.0,0.0,0.0
173,empirical_envelope_L,0.0,0.0,0.0,0.0
174,empirical_envelope_L,0.0,0.0,0.0,0.0
175,empirical_envelope_L,0.0,0.0,0.0,0.0
176,empirical_envelope_L,0.0,0.0,0.0,0.0
177,empirical_envelope_L,0.0,0.0,0.0,0.0
178,empirical_envelope_L,0.0,0.0,0.0,0.0
179,empirical_envelope_L,0.0,0.0,0.0,0.0
180,empirical_envelope_L,0.0,0.0,0.0,0.0
181,empirical_envelope_L,0.0,0.0,0.0,0.0
182,empirical_envelope_L,0.0,0.0,0.0,0.0
183,empirical_envelope_L,0.0,0.0,0.0,0.0
184,empirical_envelope_L,0.0,0.0,0.0,0.0
185,empirical_envelope_L,0.0,0.0,0.0,0.0
186,empirical_envelope_L,0.0,0.0,0.0,0.0
187,empirical_envelope_L,0.0,0.0,0.0,0.0
188,empirical_envelope_L,0.0,0.0,0.0,0.0
189,empirical_envelope_L,0.0,0.0,0.0,0.0
190,empirical_envelope_L,0.0,0.0,0.0,0.0
191,empirical_envelope_L,0.0,0.0,0.0,0.0
192,empirical_envelope_L,0.0,0.0,0.0,0.0
193,empirical_envelope_L,0.0,0.0,0.0,0.0
194,empirical_envelope_L,0.0,0.0,0.0,0.0
195,empirical_envelope_L,0.0,0.0,0.0,0.0
196,empirical_envelope_L,0.0,0.0,0.0,0.0
197,empirical_envelope_L,0.0,0.0,0.0,0.0
198,empirical_envelope_L,0.0,0.0,0.0,0.0
199,empirical_envelope_L,0.0,0.0,0.0,0.0
200,empirical_envelope_L,0.0,0.0,0.0,0.0
201,empirical_envelope_L,0.0,0.0,0.0,0.0
202,empirical_envelope_L,0.0,0.0,0.0,0.0
203,empirical_envelope_L,0.0,0.0,0.0,0.0
204,empirical_envelope_L,0.0,0.0,0.0,0.0
205,empirical_envelope_L,0.0,0.0,0.0,0.0
206,empirical_envelope_L,0.0,0.0,0.0,0.0
207,empirical_envelope_L,0.0,0.0,0.0,0.0
208,empirical_envelope_L,0.0,0.0,0.0,0.0
209,empirical_envelope_L,0.0,0.0,0.0,0.0
210,empirical_envelope_L,0.0,0.0,0.0,0.0
211,empirical_envelope_L,0.0,0.0,0.0,0.0
212,empirical_envelope_L,0.0,0.0,0.0,0.0
213,empirical_envelope_L,0.0,0.0,0.0,0.0
214,empirical_envelope_L,0.0,0.0,0.0,0.0
215,empirical_envelope_L,0.0,0.0,0.0,0.0
216,empirical_envelope_L,0.0,0.0,0.0,0.0
217,empirical_envelope_L,0.0,0.0,0.0,0.0
218,empirical_envelope_L,0.0,0.0,0.0,0.0
219,empirical_envelope_L,0.0,0.0,0.0,0.0
220,empirical_envelope_L,0.0,0.0,0.0,0.0
221,empirical_envelope_L,0.0,0.0,0.0,0.0
222,empirical_envelope_L,0.0,0.0,0.0,0.0
223,empirical_envelope_L,0.0,0.0,0.0,0.0
224,empirical_envelope_L,0.0,0.0,0.0,0.0
225,empirical_envelope_L,0.0,0.0,0.0,0.0
226,empirical_envelope_L,0.0,0.0,0.0,0.0
227,empirical_envelope_L,0.0,0.0,0.0,0.0
228,empirical_envelope_L,0.0,0.0,0.0,0.0
229,empirical_envelope_L,0.0,0.0,0.0,0.0
230,empirical_envelope_L,0.0,0.0,0.0,0.0
231,empirical_envelope_L,0.0,0.0,0.0,0.0
232,empirical_envelope_L,0.0,0.0,0.0,0.0
233,empirical_envelope_L,0.0,0.0,0.0,0.0
234,empirical_envelope_L,0.0,0.0,0.0,0.0
235,empirical_envelope_L,0.0,0.0,0.0,0.0
236,empirical_envelope_L,0.0,0.0,0.0,0.0
237,empirical_envelope_L,0.0,0.0,0.0,0.0
238,empirical_envelope_L,0.0,0.0,0.0,0.0
239,empirical_envelope_L,0.0,0.0,0.0,0.0
240,empirical_envelope_L,0.0,0.0,0.0,0.0
241,empirical_envelope_L,0.0,0.0,0.0,0.0
242,empirical_envelope_L,0.0,0.0,0.0,0.0
243,empirical_envelope_L,0.0,0.0,0.0,0.0
244,empirical_envelope_L,0.0,0.0,0.0,0.0
245,empirical_envelope_L,0.0,0.0,0.0,0.0
246,empirical_envelope_L,0.0,0.0,0.0,0.0
247,empirical_envelope_L,0.0,0.0,0.0,0.0
248,empirical_envelope_L,0.0,0.0,0.0,0.0
249,empirical_envelope_L,0.0,0.0,0.0,0.0
250,empirical_envelope_L,0.029999999329447746,0.029999999329447746,1.0,0.004173443652689457
251,empirical_envelope_L,0.029136832803487778,0.0314677794277668,0.9259259259259258,0.0039504715241491795
252,empirical_envelope_L,0.027903901413083076,0.0325471106082201,0.8573388203017832,0.003635586705058813
253,empirical_envelope_L,0.026522304862737656,0.03341046570324898,0.7938322410201696,0.00328655494377017
254,empirical_envelope_L,0.025180114433169365,0.03425726769786358,0.7350298527964534,0.0029472028836607933
255,empirical_envelope_L,0.024032874032855034,0.03531217658267155,0.6805831970337531,0.002648575697094202
256,empirical_envelope_L,0.023179074749350548,0.03678227854934402,0.6301696268831046,0.0024079508148133755
257,empirical_envelope_L,0.02263186313211918,0.038787036283522335,0.583490395262134,0.00222832802683115
258,empirical_envelope_L,0.022315613925457,0.04130464397561542,0.540268884501976,0.00210030609741807
259,empirical_envelope_L,0.022103121504187584,0.04418424216032247,0.500248967131459,0.0020073517225682735
260,empirical_envelope_L,0.021870315074920654,0.04721636991347808,0.4631934880846843,0.0019324924796819687
261,empirical_envelope_L,0.02153066173195839,0.05020173052662555,0.4288828593376706,0.001862850971519947
262,empirical_envelope_L,0.021039577201008797,0.05298123457808627,0.39711375864599124,0.0017907265573740005
263,empirical_envelope_L,0.0203842893242836,0.05543759688732337,0.36769792467221407,0.00171268405392766
264,empirical_envelope_L,0.019573187455534935,0.05749024140079719,0.3404610413631612,0.0016282792203128338
265,empirical_envelope_L,0.018628975376486778,0.05909426031845147,0.31524170496589,0.0015390361659228802
266,empirical_envelope_L,0.01758473739027977,0.060244301697191645,0.2918904675610092,0.0014476955402642488
267,empirical_envelope_L,0.016481097787618637,0.06098035937712754,0.2702689514453789,0.0013575779739767313
268,empirical_envelope_L,0.015363209880888462,0.061391686254100936,0.25024902911609154,0.0012720043305307627
269,empirical_envelope_L,0.014276998117566109,0.061615255897030416,0.23171206399638108,0.0011938014067709446
270,empirical_envelope_L,0.013264670968055725,0.061826062909369824,0.21454820740405656,0.0011249531526118517
271,empirical_envelope_L,0.01236007921397686,0.06221858347180306,0.19865574759634866,0.0010664367582648993
272,empirical_envelope_L,0.011584741063416004,0.06298091296060365,0.1839405070336562,0.0010182487312704325
273,empirical_envelope_L,0.0109455157071352,0.06426619755670818,0.17031528429042236,0.0009795688092708588
274,empirical_envelope_L,0.01043465081602335,0.0661680067543941,0.15769933730594662,0.0009489785879850388
275,empirical_envelope_L,0.010032382793724537,0.06870652472180001,0.14601790491291353,0.0009246957488358021
276,empirical_envelope_L,0.00971161387860775,0.07183052650393687,0.13520176380825327,0.000904792919754982
277,empirical_envelope_L,0.009443456307053566,0.07543490945933404,0.12518681834097525,0.000887417234480381
278,empirical_envelope_L,0.009202355518937111,0.07938970006716008,0.1159137206860882,0.000870988704264164
279,empirical_envelope_L,0.0089696841314435,0.08357301279452098,0.10732751915378537,0.0008543520234525204
280,empirical_envelope_L,0.00873537827283144,0.08790111435576975,0.09937733254980126,0.0008368636481463909
281,empirical_envelope_L,0.008497697301208973,0.09235016527241298,0.09201604865722338,0.000818377360701561
282,empirical_envelope_L,0.008261475712060928,0.09696562609706653,0.0852000450529846,0.0007991492748260498
283,empirical_envelope_L,0.008035439066588879,0.1018576244474883,0.07888893060461537,0.0007796874269843102
284,empirical_envelope_L,0.007829132489860058,0.10718186980410378,0.0730453061153846,0.0007605878636240959
285,empirical_envelope_L,0.007650061976164579,0.11310880019048358,0.06763454269943019,0.0007423879578709602
286,empirical_envelope_L,0.007501665968447924,0.1197878912544494,0.06262457657354646,0.0007254646625369787
287,empirical_envelope_L,0.007382538169622421,0.127316489139508,0.05798571904958006,0.0007099930662661791
288,empirical_envelope_L,0.007287017535418272,0.13572271013010279,0.05369048060146302,0.0006959575694054365
289,empirical_envelope_L,0.007206813432276249,0.14496719753047357,0.049713407964317606,0.0006831991486251354
290,empirical_envelope_L,0.0071329944767057896,0.1549608918457497,0.04603093330029408,0.0006714789196848869
291,empirical_envelope_L,0.0070577627047896385,0.16559263900747617,0.04262123453730932,0.0006605444941669703
292,empirical_envelope_L,0.0069755809381604195,0.17675760674221078,0.039464106053064184,0.0006501786410808563
293,empirical_envelope_L,0.006883556488901377,0.18837981526851935,0.03654083893802239,0.0006402120925486088
294,empirical_envelope_L,0.006781227421015501,0.20042576545980925,0.03383411012779851,0.0006305309943854809
295,empirical_envelope_L,0.006669929251074791,0.2129071390957693,0.031327879747961584,0.0006210603751242161
296,empirical_envelope_L,0.006552065722644329,0.22587647288566684,0.02900729606292739,0.0006117452867329121
297,empirical_envelope_L,0.00643039820715785,0.2394166642993753,0.02685860746567351,0.0006025386974215508
298,empirical_envelope_L,0.006307558156549931,0.25363052860354623,0.02486908098673473,0.0005933893844485283
299,empirical_envelope_L,0.006185801699757576,0.2686334022275161,0.02302692683956919,0.0005842505488544703
300,empirical_envelope_L,0.006067006383091211,0.28455238249504494,0.021321228555156658,0.0005750809796154499
301,empirical_envelope_L,0.005952813196927309,0.30153226096000907,0.019741878291811718,0.0005658650770783424
302,empirical_envelope_L,0.0058447979390621185,0.31974575472918687,0.0182795169368627,0.000556612852960825
303,empirical_envelope_L,0.005744558293372393,0.33940300382505584,0.01692547864524324,0.0005473655182868242
304,empirical_envelope_L,0.005653653759509325,0.36075470527305264,0.015671739486336333,0.0005381864029914141
305,empirical_envelope_L,0.005573389120399952,0.38408373590436085,0.014510869894755864,0.000529151875525713
306,empirical_envelope_L,0.005504516419023275,0.40968444866930953,0.013435990643292466,0.000520327826961875
307,empirical_envelope_L,0.005446945782750845,0.4378316122382597,0.012440732077122653,0.0005117647815495729
308,empirical_envelope_L,0.005399585701525211,0.46874673624479946,0.01151919636770616,0.0005034819478169084
309,empirical_envelope_L,0.005360376555472612,0.5025703612571749,0.010665922562690888,0.0004954671021550894
310,empirical_envelope_L,0.005326524842530489,0.539348265105124,0.009875854224713784,0.00048768066335469484
311,empirical_envelope_L,0.005294895265251398,0.5790371907435926,0.009144309467327577,0.00048006721772253513
312,empirical_envelope_L,0.005262448452413082,0.6215279949692161,0.008466953210488496,0.00047256832476705313
313,empirical_envelope_L,0.005226639565080404,0.6666826413182889,0.007839771491193052,0.0004651312483474612
314,empirical_envelope_L,0.005185714922845364,0.7143795100360383,0.007259047677030603,0.0004577221116051078
315,empirical_envelope_L,0.005138844717293978,0.7645565288459117,0.006721340441695002,0.00045032508205622435
316,empirical_envelope_L,0.005086108576506376,0.8172472902208255,0.006223463371939816,0.00044294889084994793
317,empirical_envelope_L,0.005028350278735161,0.8726038825132962,0.005762466085129459,0.0004356123972684145
318,empirical_envelope_L,0.004966951906681061,0.9309049250734169,0.00533561674549024,0.0004283478483557701
319,empirical_envelope_L,0.004903567023575306,0.9925473732605478,0.004940385875453926,0.00042118539568036795
320,empirical_envelope_L,0.004839864559471607,1.0580253963966066,0.004574431366161042,0.0004141509998589754
321,empirical_envelope_L,0.004777316935360432,1.1279002518993368,0.00423558459829726,0.00040726258885115385
322,empirical_envelope_L,0.0047170547768473625,1.2027664755045029,0.003921837591015982,0.00040052796248346567
323,empirical_envelope_L,0.0046597993932664394,1.2832207423010666,0.0036313311027925755,0.000393945025280118
324,empirical_envelope_L,0.004605872556567192,1.3698399348016452,0.003362343613696829,0.00038750492967665195
325,empirical_envelope_L,0.004555243533104658,1.4631648579021825,0.0031132811237933595,0.0003811934730038047
326,empirical_envelope_L,0.004507618956267834,1.5636970383315707,0.0028826677072160737,0.000374995288439095
327,empirical_envelope_L,0.004462553188204765,1.671908777829831,0.002669136765940809,0.0003688971046358347
328,empirical_envelope_L,0.00441952608525753,1.7882516298844395,0.0024714229314266745,0.00036288739647716284
329,empirical_envelope_L,0.004378036130219698,1.9131808483737698,0.0022883545661358095,0.00035695882979780436
330,empirical_envelope_L,0.004337640944868326,2.047170613236064,0.00211884682049612,0.000351106864400208
331,empirical_envelope_L,0.004297993611544371,2.1907355716167594,0.001961895204163074,0.00034533184953033924
332,empirical_envelope_L,0.004258854314684868,2.3444486994511964,0.0018165696334843274,0.000339635880663991
333,empirical_envelope_L,0.004220077767968178,2.50895088489596,0.0016820089198928954,0.0003340227995067835
334,empirical_envelope_L,0.004181596916168928,2.6849588108902624,0.0015574156665674956,0.0003284960985183716
335,empirical_envelope_L,0.004143399186432362,2.873267052211856,0.0014420515431180514,0.00032306043431162834
336,empirical_envelope_L,0.004105494823306799,3.0747405876936575,0.001335232910294492,0.0003177177859470248
337,empirical_envelope_L,0.004067898727953434,3.2903103213811136,0.0012363267687911961,0.00031246733851730824
338,empirical_envelope_L,0.00403061555698514,3.520966229502666,0.0011447470081399963,0.0003073083935305476
339,empirical_envelope_L,0.003993629943579435,3.767749824543171,0.0010599509334629593,0.00030223652720451355
340,empirical_envelope_L,0.003956914413720369,4.031759803122376,0.00098143604950274,0.00029724754858762026
341,empirical_envelope_L,0.003920437768101692,4.31416065437487,0.0009087370828729073,0.0002923348220065236
342,empirical_envelope_L,0.003884179051965475,4.616201380118433,0.0008414232248823215,0.00028749345801770687
343,empirical_envelope_L,0.0038481394294649363,4.939239209142787,0.0007790955785947422,0.00028271914925426245
344,empirical_envelope_L,0.0038123498670756817,5.284766040988444,0.0007213847949951315,0.00027800898533314466
345,empirical_envelope_L,0.003776869038119912,5.654428246158188,0.0006679488842547513,0.0002733614528551698
346,empirical_envelope_L,0.003741773311048746,6.050036568953069,0.0006184711891247697,0.0002687767846509814
347,empirical_envelope_L,0.0037071439437568188,6.4735682593771715,0.0005726585084488608,0.0002642553299665451
348,empirical_envelope_L,0.003673056373372674,6.927166583078434,0.0005302393596748711,0.0002597987186163664
349,empirical_envelope_L,0.0036395564675331116,7.4131067662460515,0.0004909623700693251,0.0002554086968302727
350,empirical_envelope_L,0.003606659360229969,7.933789525454579,0.000454594787101227,0.00025108567206189036
351,empirical_envelope_L,0.0035743426997214556,8.491716634752306,0.00042092109916780276,0.00024683005176484585
352,empirical_envelope_L,0.0035425522364676,9.089485946295524,0.0003897417584887063,0.00024264125386253
353,empirical_envelope_L,0.0035112095065414906,9.729792059668904,0.00036087199860065396,0.0002385179977864027
354,empirical_envelope_L,0.003480230923742056,10.415464242768236,0.00033414073944505,0.00023445929400622845
355,empirical_envelope_L,0.0034495368599891663,11.149492920186,0.00030938957356023146,0.00023046275600790977
356,empirical_envelope_L,0.003419062588363886,11.9350744530314,0.00028647182737058464,0.0002265276270918548
357,empirical_envelope_L,0.003388764802366495,12.775657628005956,0.0002652516920098006,0.00022265163715928793
358,empirical_envelope_L,0.003358623944222927,13.674988582643003,0.0002456034185275931,0.00021883443696424365
359,empirical_envelope_L,0.003328641876578331,14.637146535892834,0.00022741057271073438,0.00021507509518414736
360,empirical_envelope_L,0.0032988316379487514,15.666545871270658,0.00021056534510253182,0.00021137268049642444
361,empirical_envelope_L,0.003269216511398554,16.76797210192013,0.00019496791213197392,0.0002077272511087358
362,empirical_envelope_L,0.003239818150177598,17.946561379922496,0.00018052584456664252,0.00020413810852915049
363,empirical_envelope_L,0.0032106495928019285,19.207784727720956,0.00016715355978392824,0.00020060472888872027
364,empirical_envelope_L,0.0031817196868360043,20.55748777486269,0.00015477181461474838,0.00019712670473381877
365,empirical_envelope_L,0.003153023775666952,22.001846306425723,0.00014330723575439665,0.0001937032793648541
366,empirical_envelope_L,0.003124547889456153,23.547392445668017,0.00013269188495777467,0.00019033387070521712
367,empirical_envelope_L,0.003096270374953747,25.2010287291809,0.00012286285644238395,0.00018701731460168958
368,empirical_envelope_L,0.003068166319280863,26.9700682596228,0.00011376190411331847,0.0001837529707700014
369,empirical_envelope_L,0.003040212206542492,28.86229101611433,0.0001053350964012208,0.0001805398496799171
370,empirical_envelope_L,0.0030123854521661997,30.885966781170485,9.753249666779702e-05,0.00017737760208547115
371,empirical_envelope_L,0.002984673250466585,33.04998047454085,9.030786728499724e-05,0.00017426523845642805
372,empirical_envelope_L,0.0029570721089839935,35.36389435068931,8.361839563425669e-05,0.00017120200209319592
373,empirical_envelope_L,0.0029295864515006542,37.838006142329064,7.742444040208953e-05,0.00016818713629618287
374,empirical_envelope_L,0.002902229083701968,40.483436420336524,7.168929666860141e-05,0.00016522029181942344
375,empirical_envelope_L,0.002875023754313588,43.312262763746986,6.637897839685315e-05,0.00016230018809437752
376,empirical_envelope_L,0.0028480051551014185,46.33764546842363,6.146201703412327e-05,0.0001594268251210451
377,empirical_envelope_L,0.00282120774500072,49.5737776212121,5.690927503159563e-05,0.00015659944619983435
378,empirical_envelope_L,0.0027946708723902702,53.03607435704961,5.269377317740335e-05,0.00015381735283881426
379,empirical_envelope_L,0.002768429694697261,56.741126891919,4.8790530719817925e-05,0.00015107978833839297
380,empirical_envelope_L,0.002742517041042447,60.7068289815253,4.517641733316474e-05,0.00014838657807558775
381,empirical_envelope_L,0.002716956427320838,64.95231615793443,4.183001604922661e-05,0.00014573679072782397
382,empirical_envelope_L,0.0026917613577097654,69.49799548021679,3.873149634187649e-05,0.00014312990242615342
383,empirical_envelope_L,0.0026669353246688843,74.36557899076638,3.58624966128486e-05,0.00014056521467864513
384,empirical_envelope_L,0.002642469247803092,79.5780287813223,3.3206015382267224e-05,0.0001380422036163509
385,empirical_envelope_L,0.0026183458976447582,85.15967775424379,3.0746310539136316e-05,0.00013556034537032247
386,empirical_envelope_L,0.002594538265839219,91.1361811538208,2.8468806054755846e-05,0.000133118883240968
387,empirical_envelope_L,0.0025710114277899265,97.53455542436637,2.6360005606255408e-05,0.00013071746798232198
388,empirical_envelope_L,0.0025477269664406776,104.38332847330545,2.440741259838464e-05,0.00012835513916797936
389,empirical_envelope_L,0.0025246443692594767,111.71261631315608,2.2599456109615407e-05,0.00012603163486346602
390,empirical_envelope_L,0.0025017245206981897,119.55431446000516,2.0925422323717966e-05,0.0001237460528500378
391,empirical_envelope_L,0.0024789331946521997,127.94235685221241,1.9375391040479596e-05,0.00012149830581620336
392,empirical_envelope_L,0.002456243149936199,136.91298391804906,1.7940176889332962e-05,0.00011928754975087941
393,empirical_envelope_L,0.0024336325004696846,146.50485983056458,1.6611274897530517e-05,0.0001171134936157614
394,empirical_envelope_L,0.002411089837551117,156.75961301093884,1.5380810090306032e-05,0.00011497526429593563
395,empirical_envelope_L,0.0023886130657047033,167.72212229490907,1.4241490824357437e-05,0.00011287245433777571
396,empirical_envelope_L,0.0023662096355110407,179.44093338747956,1.3186565578108736e-05,0.00011080477270297706
397,empirical_envelope_L,0.002343893749639392,191.96850268677815,1.2209782942693274e-05,0.00010877152089960873
398,empirical_envelope_L,0.0023216865956783295,205.36167883583198,1.1305354576567847e-05,0.00010677232057787478
399,empirical_envelope_L,0.0022996121551841497,219.6818428628944,1.0467920904229487e-05,0.00010480664786882699
400,empirical_envelope_L,0.00227769510820508,234.9951570485766,9.692519355768044e-06,0.0001028736587613821
401,empirical_envelope_L,0.002255963161587715,251.37326272810594,8.974554959044484e-06,0.0001009734405670315
402,empirical_envelope_L,0.002234439132735133,268.89291718270067,8.309773110226373e-06,9.91051783785224e-05
403,empirical_envelope_L,0.0022131428122520447,287.63652214411604,7.694234361320716e-06,9.72685229498893e-05
404,empirical_envelope_L,0.0021920884028077126,307.6921450344223,7.124291075296959e-06,9.546271758154035e-05
405,empirical_envelope_L,0.0021712842863053083,329.15373676137847,6.596565810460146e-06,9.368761675432324e-05
406,empirical_envelope_L,0.0021507313940674067,352.12108426320265,6.107931305981618e-06,9.194266749545932e-05
407,empirical_envelope_L,0.0021304269321262836,376.7005507156093,5.65549194998298e-06,9.022728772833943e-05
408,empirical_envelope_L,0.0021103627514094114,403.00504212175986,5.236566620354611e-06,8.854118641465902e-05
409,empirical_envelope_L,0.002090523950755596,431.1538514644453,4.848672796624638e-06,8.688392699696124e-05
410,empirical_envelope_L,0.002070897025987506,461.2744315565023,4.489511848726517e-06,8.52549565024674e-05
411,empirical_envelope_L,0.002051462884992361,493.5012960084325,4.156955415487516e-06,8.36538674775511e-05
412,empirical_envelope_L,0.0020322035998106003,527.9777309177733,3.84903279211807e-06,8.208028157241642e-05
413,empirical_envelope_L,0.002013102639466524,564.8564114797891,3.5639192519611757e-06,8.053387864492834e-05
414,empirical_envelope_L,0.001994144171476364,604.2998039333622,3.2999252332973847e-06,7.901404751464725e-05
415,empirical_envelope_L,0.0019753165543079376,646.4818830215961,3.0554863271272073e-06,7.75205553509295e-05
416,empirical_envelope_L,0.0019566109403967857,691.5886996016505,2.829154006599266e-06,7.605293649248779e-05
417,empirical_envelope_L,0.0019380213925614953,739.819429795674,2.619587043147468e-06,7.46107252780348e-05
418,empirical_envelope_L,0.0019195469794794917,791.3883767523073,2.4255435584698777e-06,7.319360156543553e-05
419,empirical_envelope_L,0.0019011885160580277,846.5251387354829,2.2458736652498866e-06,7.180109969340265e-05
420,empirical_envelope_L,0.0018829497275874019,905.4764465427434,2.079512653009154e-06,7.043284131214023e-05
421,empirical_envelope_L,0.0018648374825716019,968.5079233650924,1.9254746787121797e-06,6.908865179866552e-05
422,empirical_envelope_L,0.0018468585330992937,1035.9041527782101,1.7828469247335001e-06,6.776799273211509e-05
423,empirical_envelope_L,0.0018290197476744652,1107.970235741746,1.6507841895680553e-06,6.647042755503207e-05
424,empirical_envelope_L,0.0018113292753696442,1185.0341369643752,1.5285038792296807e-06,6.519569433294237e-05
425,empirical_envelope_L,0.0017937941011041403,1267.4469823189527,1.4152813696571115e-06,6.394342926796526e-05
426,empirical_envelope_L,0.0017764178337529302,1355.5829261837723,1.3104457126454738e-06,6.271322490647435e-05
427,empirical_envelope_L,0.0017592055955901742,1449.844144555873,1.21337565985692e-06,6.150471745058894e-05
428,empirical_envelope_L,0.0017421591328456998,1550.6589803319644,1.1234959813489999e-06,6.0317732277326286e-05
429,empirical_envelope_L,0.001725278445519507,1658.4845447544656,1.0402740568046296e-06,5.9151730965822935e-05
430,empirical_envelope_L,0.0017085629515349865,1773.8094837487,9.632167192635458e-07,5.800655344501138e-05
431,empirical_envelope_L,0.0016920088091865182,1897.1530262873823,8.918673326514312e-07,5.688174860551953e-05
432,empirical_envelope_L,0.0016756141558289528,2029.0722869233518,8.258030857883621e-07,5.5776952649466693e-05
433,empirical_envelope_L,0.0016593734035268426,2170.1581244372805,7.646324868410758e-07,5.4692020057700574e-05
434,empirical_envelope_L,0.0016432825941592455,2321.043419203892,7.079930433713664e-07,5.362638330552727e-05
435,empirical_envelope_L,0.0016273374203592539,2482.403507270217,6.555491142327465e-07,5.257988232187927e-05
436,empirical_envelope_L,0.0016115339240059257,2654.959941427771,6.069899205858764e-07,5.155225517228246e-05
437,empirical_envelope_L,0.0015958669828251004,2839.4809913606537,5.620277042461818e-07,5.054310895502567e-05
438,empirical_envelope_L,0.0015803341520950198,3036.7913741046095,5.203960224501683e-07,4.955221083946526e-05
439,empirical_envelope_L,0.0015649320557713509,3247.770058417195,4.81848168935341e-07,4.8579153371974826e-05
440,empirical_envelope_L,0.0015496577834710479,3473.3563683487105,4.461557119771675e-07,4.762382013723254e-05
441,empirical_envelope_L,0.0015345095889642835,3714.555953429637,4.1310714071959957e-07,4.66857454739511e-05
442,empirical_envelope_L,0.001519485842436552,3972.443339935756,3.82506611777407e-07,4.576466744765639e-05
443,empirical_envelope_L,0.0015045853797346354,4248.167639672119,3.541727886827842e-07,4.486046964302659e-05
444,empirical_envelope_L,0.0014898073859512806,4542.957641696412,3.2793776729887426e-07,4.397273005452007e-05
445,empirical_envelope_L,0.0014751508133485913,4858.125648469485,3.03646080832291e-07,4.310118674766272e-05
446,empirical_envelope_L,0.0014606156619265676,5195.077474923691,2.8115377854841756e-07,4.2245606891810894e-05
447,empirical_envelope_L,0.0014462015824392438,5555.314664801521,2.603275727300163e-07,4.140575765632093e-05
448,empirical_envelope_L,0.0014319075271487236,5940.439243923053,2.410440488240891e-07,4.058121703565121e-05
449,empirical_envelope_L,0.0014177344273775816,6352.1716841273455,2.231889340963788e-07,3.9771999581716955e-05
450,empirical_envelope_L,0.0014036812353879213,6792.342731312644,2.0665642045960996e-07,3.897765418514609e-05
451,empirical_envelope_L,0.0013897479511797428,7262.913893195356,1.9134853746260182e-07,3.8197991671040654e-05
452,empirical_envelope_L,0.0013759341090917587,7765.979596836652,1.7717457172463132e-07,3.7432750104926527e-05
453,empirical_envelope_L,0.00136223912704736,8303.777697274467,1.640505293746586e-07,3.66816675523296e-05
454,empirical_envelope_L,0.0013486635871231556,8878.70755215013,1.5189863830986907e-07,3.594454028643668e-05
455,empirical_envelope_L,0.001335206557996571,9493.324618846216,1.4064688732395282e-07,3.522107726894319e-05
456,empirical_envelope_L,0.0013218685053288937,10150.370284889166,1.3022859937403037e-07,3.4511205740273e-05
457,empirical_envelope_L,0.0013086484977975488,10852.76494114852,1.205820364574355e-07,3.381451824679971e-05
458,empirical_envelope_L,0.0012955458369106054,11603.631394609567,1.1165003375688471e-07,3.313083288958296e-05
459,empirical_envelope_L,0.00128256028983742,12406.311636596347,1.0337966088600435e-07,3.245997504564002e-05
460,empirical_envelope_L,0.001269691507332027,13264.377307550569,9.57219082277818e-08,3.180174098815769e-05
461,empirical_envelope_L,0.0012569380924105644,14181.634747325466,8.863139650720536e-08,3.1155905162449926e-05
462,empirical_envelope_L,0.0012442986480891705,15162.15012844862,8.206610787704198e-08,3.052218380616978e-05
463,empirical_envelope_L,0.0012317717773839831,16210.266990703203,7.598713692318703e-08,2.990046050399542e-05
464,empirical_envelope_L,0.0012193567818030715,17330.6348636156,7.035846011406205e-08,2.929048059741035e-05
465,empirical_envelope_L,0.0012070509837940335,18528.19206651471,6.514672232783523e-08,2.8692003979813308e-05
466,empirical_envelope_L,0.0011948536848649383,19808.24105256277,6.032103919244002e-08,2.8104899683967233e-05
467,empirical_envelope_L,0.0011827636044472456,21176.437108913713,5.585281406707409e-08,2.7528942155186087e-05
468,empirical_envelope_L,0.0011707793455570936,22638.818013416174,5.171556858062416e-08,2.69639422185719e-05
469,empirical_envelope_L,0.0011588995112106204,24201.831410907103,4.7884785722800136e-08,2.640971797518432e-05
470,empirical_envelope_L,0.0011471229372546077,25872.3674656663,4.433776455814827e-08,2.586608025012538e-05
471,empirical_envelope_L,0.0011354486923664808,27657.79014743846,4.105348570198914e-08,2.533283259253949e-05
472,empirical_envelope_L,0.001123876660130918,29565.98622958295,3.801248676110106e-08,2.48097931034863e-05
473,empirical_envelope_L,0.0011124047450721264,31605.32832877723,3.519674700101949e-08,2.429682353977114e-05
474,empirical_envelope_L,0.0011010341113433242,33784.850634530136,3.258958055649953e-08,2.3793676518835127e-05
475,empirical_envelope_L,0.0010897635947912931,36114.14023369109,3.017553755231438e-08,2.330024290131405e-05
476,empirical_envelope_L,0.001078593428246677,38603.48470965576,2.7940312548439236e-08,2.281633351230994e-05
477,empirical_envelope_L,0.0010675222147256136,41263.81871730586,2.5870659767073366e-08,2.234175190096721e-05
478,empirical_envelope_L,0.001056550769135356,44106.908789333494,2.3954314599142e-08,2.1876374376006424e-05
479,empirical_envelope_L,0.0010456787422299385,47145.28720637176,2.217992092513148e-08,2.1420004486571997e-05
480,empirical_envelope_L,0.0010349050862714648,50392.311899847606,2.0536963819566185e-08,2.097251854138449e-05
481,empirical_envelope_L,0.0010242294520139694,53862.28548161573,1.9015707240339056e-08,2.0533734641503543e-05
482,empirical_envelope_L,0.001013651373796165,57570.48475049717,1.7607136333647274e-08,2.0103485439904034e-05
483,empirical_envelope_L,0.0010031703859567642,61533.23267923358,1.6302904012636365e-08,1.9681669073179364e-05
484,empirical_envelope_L,0.0009927853243425488,65767.92389005575,1.5095281493181817e-08,1.9268067262601107e-05
485,empirical_envelope_L,0.0009824945591390133,70293.09949267298,1.3977112493686864e-08,1.8862592696677893e-05
486,empirical_envelope_L,0.0009722978575155139,75128.65669436748,1.2941770827487836e-08,1.846503437263891e-05
487,empirical_envelope_L,0.0009621944627724588,80295.813737259,1.198312113656281e-08,1.8075297703035176e-05
488,empirical_envelope_L,0.000952182977925986,85817.17604625958,1.1095482533854454e-08,1.7693262634566054e-05
489,empirical_envelope_L,0.0009422622388228774,91716.89602716081,1.0273594938754123e-08,1.7318732716375962e-05
490,empirical_envelope_L,0.0009324315469712019,98020.80739334853,9.512587906253816e-09,1.6951591533143073e-05
491,empirical_envelope_L,0.0009226900292560458,104756.48071976309,8.80795176504983e-09,1.6591729945503175e-05
492,empirical_envelope_L,0.0009130369289778173,111953.37004555724,8.155510893564657e-09,1.6239009710261598e-05
493,empirical_envelope_L,0.0009034712566062808,119642.89789677385,7.551398975522831e-09,1.589327075635083e-05
494,empirical_envelope_L,0.0008939923136495054,127858.6526643717,6.992036088447065e-09,1.555440394440666e-05
495,empirical_envelope_L,0.0008846000418998301,136636.60100816275,6.4741074893028376e-09,1.5222278307192028e-05
496,empirical_envelope_L,0.0008752933936193585,146015.00927670006,5.994543971576702e-09,1.4896799257257953e-05
497,empirical_envelope_L,0.0008660719031468034,156034.8309785652,5.550503677385835e-09,1.4577795809600502e-05
498,empirical_envelope_L,0.00085693527944386,166739.8412093755,5.139355256838736e-09,1.4265180652728304e-05
499,empirical_envelope_L,0.0008478832896798849,178176.8153964005,4.758662274850681e-09,1.395885192323476e-05
500,empirical_envelope_L,0.0008389150025323033,190395.5671582761,4.406168773009889e-09,
