row_id,seed,checkpoint_age,rewrite_family,continuation_step,parameter_divergence,normalized_parameter_divergence,validation_loss_gap,perplexity_gap,lr,source_task_loss,candidate_task_loss,clean_cumulative_update_distance,candidate_cumulative_update_distance,cumulative_update_discrepancy,clean_update_norm,candidate_update_norm,delta_update_norm,update_cosine,clean_update_normalized_divergence,mean_layer_relative_displacement,max_layer_relative_displacement,max_layer_update_divergence,calibration_kl,calibration_rms_logit,theta_clean_norm,theta_candidate_norm,train_loss_clean,train_loss_candidate,clean_optimizer_step_counter,candidate_optimizer_step_counter,clean_bias_correction1,clean_bias_correction2,candidate_bias_correction1,candidate_bias_correction2,scheduler_last_epoch_clean,scheduler_last_epoch_candidate,scheduler_transition_indicator,weight_decay,m_clean_norm,m_candidate_norm,m_difference_norm,m_relative_difference,m_cosine,v_clean_norm,v_candidate_norm,v_difference_norm,v_relative_difference,v_cosine
gpu_seed1101_ckpt75_optimizer_reset,1101,75,optimizer_reset,1,3.5903375148773193,0.02113525843889661,9.613434791564941,28900759.690066945,0.001,7.566010475158691,17.179445266723633,0.44556429982185364,3.6302478313446045,3.5903375148773193,0.44556429982185364,3.6302478313446045,3.5903375148773193,0.15044857561588287,8.057955981448147,0.08317607448075258,0.45420337466460897,0.8233181238174438,29.313020706176758,9.228906631469727,169.8809051513672,169.8992156982422,6.941169738769531,6.941169738769531,76,1,0.9996670103634684,0.07321903528338858,0.09999999999999998,0.0010000000000000009,76,76,0,0.01,6.956910610198975,2.861823558807373,6.740107536315918,0.9688363001867254,0.2802586555480957,7.593889236450195,0.01319650374352932,7.58873176574707,0.9993208393560221,0.39153242111206055
gpu_seed1101_ckpt75_optimizer_reset,1101,75,optimizer_reset,2,5.384924411773682,0.031699462416877815,10.120753288269043,56088037.43866241,0.001,7.721720059712728,17.84247334798177,0.9728020131587982,6.347548961639404,6.282052516937256,0.5272377133369446,2.7173011302948,2.6917150020599365,0.1453149914741516,5.535478277108707,0.11509715795820599,0.5689179692182899,0.6301789283752441,5.8431925773620605,9.938593864440918,169.88685607910156,169.9258575439453,8.463603973388672,16.194528579711914,77,2,0.9997003093271215,0.07414581624810523,0.18999999999999995,0.001998999999999973,77,77,0,0.01,10.139689445495605,6.630197048187256,11.306419372558594,1.1150656470628078,0.14084631204605103,7.6434125900268555,0.18338793516159058,7.586463451385498,0.9925492523173932,0.321379154920578
gpu_seed1101_ckpt75_optimizer_reset,1101,75,optimizer_reset,3,6.809746265411377,0.04008696860013686,8.66368865966797,32050186.558983605,0.001,8.619297663370768,17.282986323038738,1.4976043999195099,8.655180215835571,8.576424837112427,0.5248023867607117,2.307631254196167,2.294372320175171,0.13890250027179718,4.547092854276353,0.1374849186274812,0.6444883537119527,0.5153477191925049,19.071382522583008,10.550259590148926,169.89285278320312,169.95712280273438,8.972500801086426,21.05501365661621,78,3,0.9997302783944094,0.07507167043185714,0.2709999999999999,0.002997000999999999,78,78,0,0.01,10.828824043273926,9.711530685424805,12.90656566619873,1.1918713993893135,0.21394026279449463,7.678931713104248,0.38162606954574585,7.570463180541992,0.9858745283047461,0.30706942081451416
gpu_seed1101_ckpt75_optimizer_reset,1101,75,optimizer_reset,4,8.051031112670898,0.04739404653763063,8.427030563354492,29959850.348662227,0.001,8.788557052612305,17.215587615966797,1.9997954666614532,10.73340892791748,10.652930736541748,0.5021910667419434,2.078228712081909,2.0765058994293213,0.12425123900175095,4.025927274506537,0.1544394799888477,0.6654887702034469,0.4569419324398041,16.307558059692383,9.972418785095215,169.8981170654297,169.9935302734375,8.57185173034668,16.77676010131836,79,4,0.9997572505549684,0.07599659876142528,0.3439,0.003994003998999962,79,79,0,0.01,9.946779251098633,11.663071632385254,13.647546768188477,1.372056866214229,0.20993934571743011,7.69637393951416,0.48301535844802856,7.537567615509033,0.979366085216991,0.3567686975002289
gpu_seed1101_ckpt75_optimizer_reset,1101,75,optimizer_reset,5,9.198400497436523,0.05414827183578561,11.527745882670084,837718869.771226,0.001,9.018457094828287,20.54620297749837,2.471363604068756,12.6641845703125,12.585860848426819,0.47156813740730286,1.9307756423950195,1.9329301118850708,0.11754772067070007,3.7219939964677455,0.16961745152584584,0.6789734947376833,0.4015260338783264,11.97804069519043,10.963732719421387,169.9032440185547,170.03431701660156,8.05418872833252,16.456066131591797,80,5,0.9997815254994716,0.07692060216266383,0.40950999999999993,0.004990009995000988,80,80,0,0.01,8.538644790649414,13.3270845413208,14.511287689208984,1.6994837055522503,0.17550000548362732,7.693331718444824,0.5269964337348938,7.517272472381592,0.9771153444947517,0.3645080626010895
gpu_seed1101_ckpt75_optimizer_reset,1101,75,optimizer_reset,6,10.240836143493652,0.06028478315095884,8.438241640726726,26587221.297039296,0.001,8.657916069030762,17.096157709757488,2.9245460629463196,14.441920757293701,14.375480890274048,0.4531824588775635,1.7777361869812012,1.789620041847229,0.10115011036396027,3.5016839957627717,0.1837003952040931,0.7131022466365221,0.36383265256881714,17.84421157836914,11.092435836791992,169.90811157226562,170.0762939453125,8.833494186401367,20.227832794189453,81,6,0.9998033729495245,0.07784368156050114,0.46855899999999995,0.0059850199850060015,81,81,0,0.01,8.028631210327148,13.09599781036377,14.592073440551758,1.8175045108287327,0.10954368114471436,7.710947036743164,0.5808847546577454,7.494805812835693,0.9719695618607526,0.40454062819480896
gpu_seed1101_ckpt75_optimizer_reset,1101,75,optimizer_reset,7,11.210573196411133,0.06599333928147774,4.5100005467732736,480215.07101926045,0.001,8.583048184712728,13.093048731486002,3.412401020526886,16.096534490585327,16.058889508247375,0.4878549575805664,1.654613733291626,1.6834086179733276,0.08788558095693588,3.2852449430685313,0.19643486879676894,0.7514010437926629,0.35124239325523376,11.452884674072266,9.448027610778809,169.91241455078125,170.11973571777344,10.54738998413086,14.090381622314453,82,7,0.999823035654572,0.07876583787894065,0.5217030999999999,0.006979034965020947,82,82,0,0.01,7.809574127197266,12.418251991271973,13.970552444458008,1.7889006771576714,0.10324718803167343,7.719325065612793,0.6046226024627686,7.478027820587158,0.9687411473184996,0.4320129156112671
gpu_seed1101_ckpt75_optimizer_reset,1101,75,optimizer_reset,8,12.098586082458496,0.0712208093357305,3.4721167882283535,164659.55800888306,0.001,8.571062088012695,12.043178876241049,3.924522280693054,17.669257044792175,17.673473238945007,0.5121212601661682,1.5727225542068481,1.6145837306976318,0.07998503744602203,3.082817529658375,0.207427509561923,0.8338624092515005,0.3484920561313629,4.146214485168457,8.569972038269043,169.9168243408203,170.16250610351562,7.462986469268799,12.092211723327637,83,8,0.9998407320891148,0.07968707204106174,0.5695327899999999,0.00797205593005601,83,83,0,0.01,7.477686405181885,13.026284217834473,14.167924880981445,1.8946936409584476,0.1276598870754242,7.714942932128906,0.6274798512458801,7.464657306671143,0.9675583309350979,0.43307092785835266
gpu_seed1101_ckpt75_optimizer_reset,1101,75,optimizer_reset,9,12.947324752807617,0.07621708366107818,5.494066874186198,379142.42074831045,0.001,7.355719884236653,12.849786758422852,4.420509845018387,19.141448616981506,19.190795302391052,0.49598756432533264,1.472191572189331,1.517322063446045,0.07606639713048935,2.9289211441063614,0.2186718801439294,0.9075148638112912,0.325414776802063,5.463305473327637,9.00156021118164,169.92152404785156,170.20730590820312,7.7714691162109375,12.085121154785156,84,9,0.9998566588802034,0.08060738496902065,0.6125795109999999,0.00896408387412595,84,84,0,0.01,7.0378618240356445,13.350394248962402,14.221362113952637,2.020693567097601,0.13579094409942627,7.716994762420654,0.6562927961349487,7.4340291023254395,0.9633321430417275,0.46577537059783936
gpu_seed1101_ckpt75_optimizer_reset,1101,75,optimizer_reset,10,13.770866394042969,0.08106503050467652,8.571414311726887,6998655.115650917,0.001,7.190003712972005,15.761418024698893,4.904073596000671,20.509608268737793,20.611494779586792,0.48356375098228455,1.3681596517562866,1.4206994771957397,0.06598333269357681,2.8080464382244306,0.22935556675263732,0.9765576604973576,0.31015416979789734,10.786473274230957,8.723546028137207,169.92623901367188,170.2530059814453,7.216599464416504,12.692461967468262,85,10,0.999870992992183,0.08152677758405169,0.6513215599,0.009955119790251765,85,85,0,0.01,7.053555011749268,12.328164100646973,13.588271141052246,1.9264429239462975,0.0982961505651474,7.7144060134887695,0.709322988986969,7.39663028717041,0.958807492661952,0.4847448468208313
gpu_seed1101_ckpt75_optimizer_reset,1101,75,optimizer_reset,11,14.529236793518066,0.08552933346196079,6.230153401692709,426300.4590793255,0.001,6.73471736907959,12.964870770772299,5.421867489814758,21.758248329162598,21.93171465396881,0.5177938938140869,1.2486400604248047,1.320219874382019,0.06514079868793488,2.6797476738059838,0.23881859768970107,1.0264313558571618,0.28269249200820923,5.937771797180176,8.766339302062988,169.9304656982422,170.29653930664062,6.722254276275635,13.541287422180176,86,11,0.9998838936929647,0.08244525080646758,0.6861894039099999,0.010945164670461582,86,86,0,0.01,7.962215900421143,11.303067207336426,12.936800956726074,1.6247739471671683,0.13220030069351196,7.713314533233643,0.7266376614570618,7.376124858856201,0.9562847239114158,0.5010011196136475
gpu_seed1101_ckpt75_optimizer_reset,1101,75,optimizer_reset,12,15.251114845275879,0.08977881672698744,4.7719771067301435,108661.08884177779,0.001,6.83251158396403,11.604488690694174,5.9668275117874146,22.96969974040985,23.230841636657715,0.5449600219726562,1.2114514112472534,1.2991269826889038,0.05821407213807106,2.555983864984346,0.2476022366639767,1.0716143220608851,0.28839388489723206,6.931522369384766,8.744400024414062,169.9343719482422,170.3384246826172,7.614570140838623,16.172489166259766,87,12,0.9998955043236682,0.08336280555566111,0.7175704635189999,0.0119342195057911,87,87,0,0.01,8.445977210998535,11.434394836425781,13.339110374450684,1.5793448219441824,0.1250227987766266,7.7085394859313965,0.7460707426071167,7.356743812561035,0.9543628628985599,0.5091639757156372
gpu_seed1101_ckpt75_optimizer_reset,1101,75,optimizer_reset,13,15.927260398864746,0.093759086258249,7.022468884785971,613480.2359566247,0.001,6.305326461791992,13.327795346577963,6.483333468437195,24.171628713607788,24.510711193084717,0.5165059566497803,1.201928973197937,1.279869556427002,0.05907312408089638,2.4566467969603836,0.2551693214000399,1.1145502440720945,0.2953495681285858,13.882162094116211,7.7842206954956055,169.9384765625,170.37953186035156,6.971478462219238,13.438872337341309,88,13,0.9999059538913014,0.08427944275010546,0.7458134171670999,0.012922285286285251,88,88,0,0.01,7.771679401397705,12.31340503692627,13.547881126403809,1.7432372627164128,0.14877250790596008,7.711031913757324,0.7873136401176453,7.335041046142578,0.9512398766052454,0.5169699192047119
gpu_seed1101_ckpt75_optimizer_reset,1101,75,optimizer_reset,14,16.56772804260254,0.09752933045285697,6.80047353108724,320778.2281647167,0.001,5.879145622253418,12.679619153340658,6.976281523704529,25.30835223197937,25.721441984176636,0.492948055267334,1.136723518371582,1.210730791091919,0.06180915981531143,2.3748651751373715,0.2612229231246481,1.1435792865628316,0.2755785584449768,6.369700908660889,7.224852085113525,169.94285583496094,170.4199676513672,6.145420551300049,12.393360137939453,89,14,0.9999153585021713,0.08519516330735533,0.7712320754503899,0.013909363000998987,89,89,0,0.01,7.883303642272949,11.723058700561523,12.996788024902344,1.648647396404663,0.16588017344474792,7.712516784667969,0.8386356830596924,7.3078227043151855,0.9475276240360035,0.52427077293396
gpu_seed1101_ckpt75_optimizer_reset,1101,75,optimizer_reset,15,17.166231155395508,0.10105254182586787,6.152159531911214,137095.6293805464,0.001,5.67840560277303,11.830565134684244,7.4514575600624084,26.42732298374176,26.909088015556335,0.47517603635787964,1.1189707517623901,1.1876460313796997,0.06336618214845657,2.3037413844237786,0.26675732087372356,1.1674843839560163,0.2574078440666199,8.900467872619629,7.2592878341674805,169.94717407226562,170.45904541015625,6.515939235687256,13.503684043884277,90,15,0.9999238226519541,0.08610996814404803,0.794108867905351,0.014895453637998046,90,90,0,0.01,7.69951057434082,12.203927993774414,13.240781784057617,1.719691356510603,0.17506664991378784,7.716833114624023,0.8823722004890442,7.2605366706848145,0.9408699867986737,0.5590075850486755
gpu_seed1101_ckpt75_optimizer_reset,1101,75,optimizer_reset,16,17.707218170166016,0.10423717288684281,9.416658878326416,3819008.474225105,0.001,5.738923867543538,15.155582745869955,7.896864175796509,27.5919189453125,28.131805896759033,0.44540661573410034,1.1645959615707397,1.2227178812026978,0.057479921728372574,2.242310083594385,0.27326695661009953,1.1694988781043159,0.27382978796958923,6.266129970550537,8.32821273803711,169.95184326171875,170.49618530273438,5.793245792388916,11.680625915527344,91,16,0.9999314403867587,0.08702385817590397,0.8146979811148158,0.015880558184360072,91,91,0,0.01,6.996948719024658,14.099756240844727,14.724793434143066,2.104459247229345,0.1568128764629364,7.711517810821533,0.960058331489563,7.25723123550415,0.9410898624028559,0.5214970111846924
gpu_seed1101_ckpt75_optimizer_reset,1101,75,optimizer_reset,17,18.238887786865234,0.10736695517234782,10.199357032775879,11007871.669322131,0.001,6.0148013432820635,16.21415837605794,8.310236513614655,28.674023270606995,29.26752531528473,0.41337233781814575,1.0821043252944946,1.1357194185256958,0.05808907747268677,2.194749542565038,0.27927366140018206,1.163798396699735,0.25666338205337524,8.72600269317627,9.73747444152832,169.95639038085938,170.53396606445312,5.737706661224365,13.824381828308105,92,17,0.9999382963480828,0.08793683431772803,0.8332281830033342,0.016864677626175606,92,92,0,0.01,5.922845840454102,14.020105361938477,14.376523971557617,2.427300044407867,0.15028510987758636,7.709216117858887,1.0394470691680908,7.20997428894043,0.93524090889567,0.5321598052978516
gpu_seed1101_ckpt75_optimizer_reset,1101,75,optimizer_reset,18,18.7496395111084,0.11037359999202298,7.329885641733806,857255.274050905,0.001,6.332261244455974,13.66214688618978,8.7064850628376,29.672562301158905,30.320555448532104,0.39624854922294617,0.9985390305519104,1.0530301332473755,0.057144466787576675,2.1535257197116695,0.2848265095023806,1.1635648923798774,0.24591417610645294,4.990936756134033,10.263833045959473,169.96060180664062,170.5709991455078,4.947824954986572,14.789519309997559,93,18,0.9999444667132745,0.0888488974834103,0.8499053647030008,0.017847812948549535,93,93,0,0.01,5.306149005889893,12.539491653442383,12.832630157470703,2.4184451177725883,0.15568684041500092,7.705138683319092,1.0756868124008179,7.176352024078369,0.931372207435224,0.5445150136947632
gpu_seed1101_ckpt75_optimizer_reset,1101,75,optimizer_reset,19,19.245452880859375,0.11329230712296111,8.197545051574707,1378525.6018572608,0.001,5.939255396525065,14.136800448099772,9.105526000261307,30.630091905593872,31.341909050941467,0.39904093742370605,0.957529604434967,1.0213536024093628,0.043095920234918594,2.1136014416196236,0.2901665920003695,1.1640829427777581,0.23825575411319733,6.517465114593506,10.38985538482666,169.96412658691406,170.6075897216797,6.414133548736572,13.417558670043945,94,19,0.9999500200419471,0.0897600485859269,0.8649148282327007,0.01882996513560098,94,94,0,0.01,5.255826473236084,12.789960861206055,13.436047554016113,2.556410037970831,0.07943424582481384,7.704784870147705,1.1382471323013306,7.141988277435303,0.9269549244789569,0.5502492785453796
gpu_seed1101_ckpt75_optimizer_reset,1101,75,optimizer_reset,20,19.712249755859375,0.1160402027040069,7.1138383547465,350676.74015910743,0.001,5.654595851898193,12.768434206644693,9.48240613937378,31.517659544944763,32.288822412490845,0.37688013911247253,0.8875676393508911,0.9469133615493774,0.04958042874932289,2.078823609337524,0.29524058638140843,1.1601198698436561,0.2256506383419037,7.889468669891357,10.13076400756836,169.96737670898438,170.6427764892578,5.190679550170898,11.449872970581055,95,20,0.9999550180377524,0.09067028853734094,0.8784233454094307,0.01981113517046529,95,95,0,0.01,4.99315071105957,11.178912162780762,11.599997520446777,2.323181932952887,0.13740819692611694,7.701622009277344,1.1641048192977905,7.119581699371338,0.9244262690111502,0.5566717386245728
gpu_seed1101_ckpt75_optimizer_reset,1101,75,optimizer_reset,21,20.155654907226562,0.11865039810442563,4.5775957107543945,13815.62270017574,0.001,4.966292381286621,9.543888092041016,9.866181194782257,32.40312969684601,33.23851680755615,0.3837750554084778,0.8854701519012451,0.9496943950653076,0.04328930750489235,2.0429033796666802,0.3000285147999279,1.1522352478977904,0.23832184076309204,3.9299962520599365,9.62299633026123,169.9704132080078,170.67686462402344,5.297940254211426,12.247036933898926,96,21,0.9999595162339772,0.09157961824880367,0.8905810108684876,0.020791324035294823,96,96,0,0.01,5.170552730560303,11.089486122131348,11.77336597442627,2.277003366552686,0.09678606688976288,7.696798324584961,1.1916556358337402,7.096177577972412,0.9219648584665419,0.5617691278457642
gpu_seed1101_ckpt75_optimizer_reset,1101,75,optimizer_reset,22,20.58411407470703,0.12117261090411101,5.269527912139893,24260.351648637876,0.001,4.832230091094971,10.101758003234863,10.232079714536667,33.241190791130066,34.13794159889221,0.3658985197544098,0.8380610942840576,0.8994247913360596,0.04445390775799751,2.0117233884975767,0.304813415765,1.1458316876018326,0.22926105558872223,6.029415130615234,9.253952026367188,169.97323608398438,170.7100830078125,4.650158882141113,8.964634895324707,97,22,0.9999635646105794,0.09248803863055488,0.9015229097816388,0.021770532711259616,97,97,0,0.01,4.890665054321289,10.539024353027344,11.196797370910645,2.2894222455522892,0.0933336541056633,7.692235946655273,1.200953483581543,7.084722995758057,0.9210225797659918,0.5639458298683167
gpu_seed1101_ckpt75_optimizer_reset,1101,75,optimizer_reset,23,20.98182487487793,0.12351381713074609,4.321595986684164,7834.928958716327,0.001,4.658118724822998,8.979714711507162,10.5819853246212,34.02589797973633,34.98150658607483,0.3499056100845337,0.7847071886062622,0.8435649871826172,0.04843404144048691,1.982787183238418,0.30902563108172126,1.1465554810723202,0.20926934480667114,7.547523021697998,8.819266319274902,169.9759063720703,170.7405548095703,4.758721828460693,9.212390899658203,98,23,0.9999672081495214,0.09339555059192428,0.9113706188034749,0.022748762178548265,98,98,0,0.01,4.526334285736084,9.698159217834473,10.278437614440918,2.270808333098434,0.1013246476650238,7.690748691558838,1.237130880355835,7.048925399780273,0.9165460584502092,0.5775818824768066
gpu_seed1101_ckpt75_optimizer_reset,1101,75,optimizer_reset,24,21.355064392089844,0.12571096812927898,4.428389072418212,9840.169186560523,0.001,4.777844587961833,9.206233660380045,10.937055885791779,34.775484919548035,35.79584586620331,0.355070561170578,0.7495869398117065,0.814339280128479,0.046602871268987656,1.9525423125824972,0.3125780494472346,1.1508100765669722,0.2048872709274292,7.084865570068359,8.239385604858398,169.97866821289062,170.76882934570312,4.6080827713012695,11.32043743133545,99,24,0.9999704873345694,0.09430215504133233,0.9202335569231275,0.023726013416369818,99,99,0,0.01,4.494340419769287,8.591472625732422,9.29763412475586,2.0687427422845457,0.09797871112823486,7.687658309936523,1.272559642791748,7.027867794036865,0.9141753588283478,0.5789927840232849
gpu_seed1101_ckpt75_optimizer_reset,1101,75,optimizer_reset,25,21.702606201171875,0.12775684429630596,1.4680705070495605,658.8007335644966,0.0005,5.284195423126221,6.752265930175781,11.325968325138092,35.52344024181366,36.62195944786072,0.3889124393463135,0.747955322265625,0.8261135816574097,0.048517510294914246,1.9161810785750497,0.3156554303255332,1.1533616643319724,0.2219560146331787,5.563018798828125,7.7259135246276855,169.98130798339844,170.7959442138672,4.793528079986572,9.224709510803223,100,25,0.9999734386011124,0.09520785288629108,0.9282102012308147,0.024702287402953438,100,100,1,0.01,4.7173871994018555,9.522368431091309,9.940603256225586,2.1072264870443336,0.15709520876407623,7.6872053146362305,1.332248330116272,6.999532222747803,0.9105431605189435,0.5797408819198608
gpu_seed1101_ckpt75_optimizer_reset,1101,75,optimizer_reset,26,21.866003036499023,0.12871871329286327,1.2627965609232588,373.3807990412933,0.0005,4.992289066314697,6.255085627237956,11.50406500697136,35.87613281607628,37.008934170007706,0.1780966818332672,0.352692574262619,0.3869747221469879,0.05063442885875702,1.900719704143407,0.3171980382914139,1.1536650945595588,0.0978575125336647,5.45670747756958,7.522518157958984,169.9823760986328,170.80862426757812,4.307065010070801,6.432135581970215,101,26,0.9999760947410011,0.09611264503340478,0.9353891811077333,0.025677585115550405,101,101,0,0.01,4.044588565826416,8.543684959411621,8.76064395904541,2.1660161018759183,0.18237777054309845,7.691315174102783,1.3349183797836304,6.9986042976379395,0.9099359653342303,0.5823294520378113
gpu_seed1101_ckpt75_optimizer_reset,1101,75,optimizer_reset,27,22.01850700378418,0.12961645918671663,1.0608959197998047,176.06895169837316,0.0005,4.534850279490153,5.595746199289958,11.701091885566711,36.23708924651146,37.41233375668526,0.19702687859535217,0.36095643043518066,0.40339958667755127,0.04484010860323906,1.8817480641222988,0.3187712203695362,1.1502351149947554,0.10582208633422852,5.304891586303711,7.2819976806640625,169.98309326171875,170.82025146484375,4.7123494148254395,7.488193511962891,102,27,0.999978485266901,0.09701653238837138,0.94185026299696,0.026651907530434893,102,102,0,0.01,5.308531284332275,8.67205810546875,9.320839881896973,1.7558227281065413,0.1792844980955124,7.693699359893799,1.3409972190856934,6.993830680847168,0.909033529085389,0.5853132009506226
gpu_seed1101_ckpt75_optimizer_reset,1101,75,optimizer_reset,28,22.161184310913086,0.1304563584293477,1.6456507047017412,364.6110517091935,0.0005,4.467472076416016,6.113122781117757,11.894375428557396,36.581667482852936,37.801416367292404,0.1932835429906845,0.34457823634147644,0.3890826106071472,0.03534025326371193,1.8631650265304458,0.32023901492737117,1.152629683187971,0.09946192055940628,3.9582273960113525,7.040040493011475,169.98361206054688,170.83103942871094,4.360070705413818,5.971050262451172,103,28,0.999980636740211,0.09791951585598302,0.9476652366972639,0.02762525562290441,103,103,0,0.01,5.138839244842529,8.10471248626709,9.201842308044434,1.7906460719272057,0.0890798419713974,7.687894344329834,1.349204182624817,6.9795050621032715,0.9078565273533007,0.5886012315750122
gpu_seed1101_ckpt75_optimizer_reset,1101,75,optimizer_reset,29,22.291873931884766,0.13122568969780707,2.5811715126037598,938.2403601702318,0.0005,4.341537316640218,6.922708829243978,12.080862492322922,36.90796020627022,38.17122942209244,0.18648706376552582,0.3262927234172821,0.36981305480003357,0.0368339903652668,1.8452220564590347,0.32146896614222026,1.1577347312161066,0.09678719192743301,4.101257801055908,6.914286136627197,169.98410034179688,170.8402557373047,4.44327449798584,6.841822624206543,104,29,0.9999825730661899,0.098821596340127,0.9528987130275375,0.02859763036728158,104,104,0,0.01,4.684886932373047,7.376448631286621,8.619935035705566,1.8399451598584153,0.029759889468550682,7.684611797332764,1.3598227500915527,6.965442657470703,0.9064143825570237,0.5925993919372559
gpu_seed1101_ckpt75_optimizer_reset,1101,75,optimizer_reset,30,22.41179084777832,0.13193160522750408,2.890964984893799,1049.1457324401006,0.0005,4.121890068054199,7.012855052947998,12.256533712148666,37.213141053915024,38.51736342906952,0.17567121982574463,0.3051808476448059,0.3461340069770813,0.03904915973544121,1.828558658926703,0.32264170821556687,1.1615074625114725,0.08636920899152756,5.3928351402282715,6.820345878601074,169.9844970703125,170.84844970703125,3.9338455200195312,6.681192874908447,105,30,0.9999843157595709,0.09972277474378688,0.9576088417247838,0.029569032736914247,105,105,0,0.01,4.381760120391846,6.474946022033691,7.620504856109619,1.739142410065662,0.05379748344421387,7.68071985244751,1.3676480054855347,6.955853462219238,0.905625201263109,0.5940304398536682
gpu_seed1101_ckpt75_optimizer_reset,1101,75,optimizer_reset,31,22.52117919921875,0.13257554220232004,2.6131227016448975,655.8581506307997,0.0005,3.9489529132843018,6.562075614929199,12.425278827548027,37.50473681092262,38.84751069545746,0.16874511539936066,0.2915957570075989,0.33014726638793945,0.045785389840602875,1.812529079772869,0.32348302364988657,1.1592886304498846,0.08358019590377808,5.243315696716309,6.687470436096191,169.98483276367188,170.85560607910156,3.9275949001312256,6.196660995483398,106,31,0.9999858841836138,0.10062305196904309,0.9618479575523053,0.030539463704177372,106,106,0,0.01,4.230335712432861,6.440988063812256,7.131407737731934,1.6857782035527822,0.15643778443336487,7.675695896148682,1.3854418992996216,6.936370372772217,0.9036796749922924,0.5981872081756592
gpu_seed1101_ckpt75_optimizer_reset,1101,75,optimizer_reset,32,22.62088394165039,0.13316247462584413,1.9614594777425132,260.6728175162724,0.0005,3.753389040629069,5.714848518371582,12.594876617193222,37.80331435799599,39.18387934565544,0.169597789645195,0.29857754707336426,0.3363686501979828,0.047080203890800476,1.7960385503712601,0.32400246150271017,1.1521840098120775,0.08659213036298752,3.2363009452819824,6.436629295349121,169.98509216308594,170.86184692382812,4.1050872802734375,7.069233417510986,107,32,0.9999872957652524,0.10152242891707408,0.9656631617970749,0.031508924240473246,107,107,0,0.01,4.586569309234619,6.7907209396362305,7.477642059326172,1.6303344733653153,0.18036578595638275,7.670960426330566,1.3897466659545898,6.927344799041748,0.9030609485694566,0.5997227430343628
gpu_seed1101_ckpt75_optimizer_reset,1101,75,optimizer_reset,33,22.714990615844727,0.13371645287208994,1.7769266764322915,181.31049484853446,0.0005,3.6085990269978843,5.385525703430176,12.76882055401802,38.093500941991806,39.51609990000725,0.17394393682479858,0.2901865839958191,0.33222055435180664,0.04055621102452278,1.7789419562870372,0.3244382730682854,1.1498851060644184,0.08607890456914902,1.9410817623138428,6.1356520652771,169.98519897460938,170.86753845214844,4.281160831451416,6.592552661895752,108,33,0.9999885661887271,0.10242090648815694,0.9690968456173674,0.032477415316232716,108,108,0,0.01,4.7216291427612305,6.337032794952393,7.5085272789001465,1.5902407944109593,0.10149657726287842,7.665550708770752,1.4076584577560425,6.9131903648376465,0.9018517556640551,0.6000648140907288
gpu_seed1101_ckpt75_optimizer_reset,1101,75,optimizer_reset,34,22.804428100585938,0.1342429449766059,1.4951471487681074,161.15751125504465,0.0005,3.841115713119507,5.336262861887614,12.943754374980927,38.37398773431778,39.84156611561775,0.17493382096290588,0.2804867923259735,0.32546621561050415,0.034100715070962906,1.761809397794431,0.32481104524281806,1.1537125324398783,0.08594301342964172,1.9096497297286987,5.851142406463623,169.98529052734375,170.87278747558594,4.1505327224731445,5.307315349578857,109,34,0.9999897095698544,0.10331848558166878,0.9721871610556306,0.033444937900916516,109,109,0,0.01,4.56780481338501,6.473025798797607,7.854933261871338,1.719629796538669,0.018008366227149963,7.659135341644287,1.4193856716156006,6.901066303253174,0.9010242012214829,0.6003115773200989
gpu_seed1101_ckpt75_optimizer_reset,1101,75,optimizer_reset,35,22.887596130371094,0.13473253064817003,1.307143290837606,131.28753107681456,0.0005,3.885768493016561,5.192911783854167,13.102997660636902,38.64353343844414,40.14842212200165,0.15924328565597534,0.26954570412635803,0.3068560063838959,0.04487891495227814,1.7467450367580117,0.3251332148409294,1.1582064425774588,0.08150103688240051,2.003683090209961,5.622688293457031,169.98526000976562,170.8772430419922,3.7757444381713867,5.804803848266602,110,35,0.999990738612869,0.10421516709608714,0.9749684449500675,0.0344114929630156,110,110,0,0.01,3.728553295135498,6.2812323570251465,6.933096885681152,1.8594603152715132,0.11289861053228378,7.6591691970825195,1.4228978157043457,6.896462917327881,0.9004191890621682,0.6022230386734009
gpu_seed1101_ckpt75_optimizer_reset,1101,75,optimizer_reset,36,22.96510124206543,0.13518878039048746,1.2670441468556723,103.61149167990102,0.0005,3.704420487085978,4.97146463394165,13.260896638035774,38.89160618185997,40.435744404792786,0.15789897739887238,0.24807274341583252,0.2873222827911377,0.050013329833745956,1.7317909843436745,0.32556463098468463,1.1634543689343602,0.07681849598884583,2.0335404872894287,5.389702320098877,169.98507690429688,170.8811492919922,4.440385818481445,5.114270210266113,111,36,0.9999916647515821,0.105110951928991,0.9774716004550608,0.035377081470052585,111,111,0,0.01,3.9282114505767822,5.292812347412109,6.040144443511963,1.5376322073048145,0.16741056740283966,7.656977653503418,1.4295421838760376,6.888579368591309,0.8996473125971013,0.6038919687271118
gpu_seed1101_ckpt75_optimizer_reset,1101,75,optimizer_reset,37,23.037059783935547,0.1356123791115016,0.7632489999135337,47.32361196044438,0.0005,3.721399704615275,4.484648704528809,13.425674170255661,39.147148966789246,40.7326075732708,0.16477753221988678,0.2555427849292755,0.2968631684780121,0.051368288695812225,1.7158959387657433,0.32602006857532245,1.169650835694331,0.08053374290466309,2.0083236694335938,5.1279706954956055,169.98483276367188,170.88446044921875,3.340853214263916,4.917973041534424,112,37,0.9999924982764239,0.10600584097706212,0.9797244404095548,0.03634170438858253,112,112,0,0.01,4.5678935050964355,5.730345726013184,6.8675971031188965,1.5034494774134204,0.12489932775497437,7.6518988609313965,1.4383735656738281,6.877569198608398,0.8988055544908699,0.6050868630409241
gpu_seed1101_ckpt75_optimizer_reset,1101,75,optimizer_reset,38,23.1038818359375,0.13600574083101305,0.5211619536081948,32.995045353052056,0.0005,3.876179297765096,4.397341251373291,13.582103356719017,39.401515424251556,41.023597329854965,0.15642918646335602,0.2543664574623108,0.2909897565841675,0.05651284381747246,1.701053307366152,0.3263942235533052,1.1764743600412264,0.0821792408823967,1.6875591278076172,4.854776859283447,169.98446655273438,170.88731384277344,3.6750121116638184,4.900816917419434,113,38,0.9999932484487815,0.10689983513608503,0.9817519963685992,0.03730536268419393,113,113,0,0.01,3.681858539581299,6.0598297119140625,6.63791561126709,1.8028708979188948,0.13929398357868195,7.647000789642334,1.4417999982833862,6.869641304016113,0.8983445265652342,0.606027364730835
gpu_seed1101_ckpt75_optimizer_reset,1101,75,optimizer_reset,39,23.16571807861328,0.1363697525609486,0.6051510969797769,38.798568340146225,0.0005,3.8428725401560464,4.448023637135823,13.736196428537369,39.640204414725304,41.30054494738579,0.15409307181835175,0.23868899047374725,0.27694761753082275,0.054609667509794235,1.686472539842551,0.3267020426798501,1.1829130130834449,0.07432379573583603,1.6472586393356323,4.6669745445251465,169.98403930664062,170.88998413085938,3.5842502117156982,4.088951587677002,114,39,0.9999939236039034,0.10779293530094891,0.9835767967317394,0.03826805732150973,114,114,0,0.01,3.2059640884399414,5.260607719421387,5.852077007293701,1.82537197730732,0.10985231399536133,7.641510009765625,1.4422922134399414,6.862942218780518,0.8981133584866056,0.6066850423812866
gpu_seed1101_ckpt75_optimizer_reset,1101,75,optimizer_reset,40,23.22269630432129,0.13670516657724607,0.8601135412851968,58.22736991457489,0.0005,3.754352649052938,4.614466190338135,13.898304373025894,39.863161861896515,41.56907233595848,0.1621079444885254,0.22295744717121124,0.26852738857269287,0.05370381847023964,1.6709014050225213,0.32696852324639947,1.1888654862801984,0.07616644352674484,1.7852704524993896,4.465282440185547,169.98345947265625,170.892333984375,4.039933204650879,4.692604064941406,115,40,0.999994531243513,0.10868514236564797,0.9852191170585654,0.039229789264188186,115,115,0,0.01,3.467653751373291,4.345949649810791,5.158102035522461,1.4874905066511372,0.14286047220230103,7.6353440284729,1.44893217086792,6.853606700897217,0.897615965349903,0.6067901849746704
gpu_seed1101_ckpt75_optimizer_reset,1101,75,optimizer_reset,41,23.275049209594727,0.13701335269579237,0.9532365798950195,57.83553608885642,0.0005,3.591299057006836,4.5445356369018555,14.058680072426796,40.08234916627407,41.833600997924805,0.1603756994009018,0.21918730437755585,0.26452866196632385,0.05388008430600166,1.6555643267850075,0.327272523052763,1.193933159011917,0.07501133531332016,1.8708096742630005,4.297718524932861,169.9827880859375,170.89431762695312,3.725954532623291,4.764657020568848,116,41,0.9999950781191617,0.10957645722328235,0.9866972053527089,0.040190559474924004,116,116,0,0.01,3.592348098754883,4.130052089691162,4.928249359130859,1.3718741123215847,0.1912386119365692,7.629000663757324,1.4531400203704834,6.844141960144043,0.8971216889070722,0.607567310333252
gpu_seed1101_ckpt75_optimizer_reset,1101,75,optimizer_reset,42,23.32359504699707,0.13729912772818964,0.9144763946533208,46.96634222809971,0.0005,3.4469918409983316,4.361468235651652,14.22450439631939,40.31255868077278,42.110762268304825,0.16582432389259338,0.23020951449871063,0.27716127038002014,0.04814425855875015,1.6396771653450677,0.3274967904213035,1.199525353971854,0.07892236113548279,1.5812238454818726,4.181581497192383,169.9821014404297,170.89617919921875,3.5603840351104736,4.105894088745117,117,42,0.9999955703072455,0.11046688076605904,0.988027484817438,0.0411503689154491,117,117,0,0.01,4.08700704574585,5.079598903656006,5.935529708862305,1.452292507065561,0.17522434890270233,7.624596118927002,1.4654659032821655,6.831406593322754,0.8959696339015045,0.6092020869255066
gpu_seed1101_ckpt75_optimizer_reset,1101,75,optimizer_reset,43,23.368072509765625,0.13756095343856492,0.4584992726643877,18.687542486903517,0.0005,3.4696601231892905,3.9281593958536782,14.393263310194016,40.529515862464905,42.379032611846924,0.16875891387462616,0.2169571816921234,0.268270343542099,0.04890291392803192,1.6235423479825861,0.32786743470409546,1.2034452079695732,0.08053701370954514,1.2032139301300049,4.147533416748047,169.98146057128906,170.89781188964844,3.597425937652588,3.8506224155426025,118,43,0.999996013276521,0.11135641388529294,0.9892247363356942,0.04210921854653371,118,118,0,0.01,4.321522235870361,4.65082311630249,5.798863410949707,1.3418566640281246,0.16615280508995056,7.618381977081299,1.4658340215682983,6.8251495361328125,0.8958791455540432,0.6091790199279785
gpu_seed1101_ckpt75_optimizer_reset,1101,75,optimizer_reset,44,23.4099063873291,0.13780721714222552,0.25430878003438284,9.77964155380505,0.0005,3.51966126759847,3.773970047632853,14.55261580646038,40.73649883270264,42.6337496638298,0.15935249626636505,0.20698297023773193,0.25471705198287964,0.05084993690252304,1.608639072085932,0.32832000910801035,1.2058890254213122,0.07448136806488037,1.3126263618469238,4.155146598815918,169.9807891845703,170.89932250976562,3.601731777191162,3.9991114139556885,119,44,0.9999964119488689,0.11224505747140767,0.9903022627021247,0.043067109327987074,119,119,0,0.01,3.861773729324341,4.314354419708252,5.427292346954346,1.4053884891651858,0.12218444794416428,7.613400459289551,1.4730415344238281,6.816561698913574,0.8953373378114371,0.6093792915344238
gpu_seed1101_ckpt75_optimizer_reset,1101,75,optimizer_reset,45,23.44906234741211,0.13803771673518808,0.23073569933573435,8.903421249469133,0.0005,3.5353328386942544,3.7660685380299888,14.705908700823784,40.93873672187328,42.88096043467522,0.15329289436340332,0.20223788917064667,0.2472107708454132,0.05299258977174759,1.594533382768585,0.3289086899469766,1.2077240692176836,0.07831032574176788,1.6967617273330688,4.134627819061279,169.98004150390625,170.90052795410156,3.6212165355682373,4.343639373779297,120,45,0.999996770753982,0.11313281241393625,0.9912720364319123,0.04402404221865919,120,120,0,0.01,3.691343069076538,4.455803871154785,5.279171466827393,1.430149235125591,0.17055517435073853,7.609624862670898,1.4791113138198853,6.8087263107299805,0.8947519008629939,0.6101651787757874
gpu_seed1101_ckpt75_optimizer_reset,1101,75,optimizer_reset,46,23.486101150512695,0.13825575324918002,0.2608483632405596,11.052484540979634,0.0005,3.613213618596395,3.8740619818369546,14.854542389512062,41.13337768614292,43.11890545487404,0.1486336886882782,0.19464096426963806,0.23794502019882202,0.05805780738592148,1.581072007111663,0.3293711284986128,1.2092113397933821,0.07129881531000137,2.1877427101135254,4.112227439880371,169.9793701171875,170.90158081054688,3.2176589965820312,3.5657286643981934,121,46,0.9999970936785838,0.11401967960152237,0.992144832788721,0.044980018176440484,121,121,0,0.01,3.4328713417053223,4.547581195831299,5.131136417388916,1.4947068813940647,0.1965421885251999,7.603939533233643,1.4816840887069702,6.800539493560791,0.8943442361472734,0.6110052466392517
gpu_seed1101_ckpt75_optimizer_reset,1101,75,optimizer_reset,47,23.521081924438477,0.13846167475217255,0.30694214502970407,13.094293876983919,0.0005,3.595878998438517,3.902821143468221,14.998260974884033,41.322908878326416,43.34822475910187,0.14371858537197113,0.18953119218349457,0.22931930422782898,0.07323568314313889,1.568253943828896,0.3297029109692442,1.212461830741433,0.06644873321056366,2.550682783126831,4.0583062171936035,169.9786376953125,170.90235900878906,3.544532537460327,3.5083954334259033,122,47,0.9999973843107254,0.11490565992192081,0.9929303495098489,0.04593503815826405,122,122,0,0.01,3.5631542205810547,4.613381862640381,5.032166957855225,1.412278741343169,0.26330918073654175,7.598076343536377,1.4861284494400024,6.790487766265869,0.8937114421127907,0.6123345494270325
gpu_seed1101_ckpt75_optimizer_reset,1101,75,optimizer_reset,48,23.554256439208984,0.13865696334004327,0.5054664611816406,20.710921929618095,0.0005,3.4495784441630044,3.955044905344645,15.142986819148064,41.500914961099625,43.57164914906025,0.14472584426403046,0.17800608277320862,0.22342438995838165,0.05266014486551285,1.5554564446574999,0.3300579139045022,1.2161888529088174,0.06707510352134705,1.646538257598877,4.00603723526001,169.97781372070312,170.9029541015625,3.5794198513031006,4.5891923904418945,123,48,0.9999976458796529,0.11579075426199892,0.9936373145588641,0.046889103120105746,123,123,0,0.01,3.4485909938812256,3.811342239379883,4.807412624359131,1.3940222638426663,0.12583521008491516,7.592626571655273,1.4915395975112915,6.781468868255615,0.8931650732792841,0.6130116581916809
gpu_seed1101_ckpt75_optimizer_reset,1101,75,optimizer_reset,49,23.585765838623047,0.13884244988472358,0.43100714683532715,16.361399620035744,0.0005,3.4133235613505044,3.8443307081858316,15.29204511642456,41.693525433540344,43.809447064995766,0.1490582972764969,0.1926104724407196,0.23779791593551636,0.04822885990142822,1.5423552349638963,0.3302148856414646,1.2207964508625708,0.07043051719665527,1.8281174898147583,4.061401844024658,169.97702026367188,170.90342712402344,3.6940371990203857,4.5765275955200195,124,49,0.9999978812916875,0.11667496350773687,0.9942735831029776,0.04784221401698563,124,124,0,0.01,3.8736233711242676,4.322741508483887,5.443368911743164,1.4052395884223234,0.12125615030527115,7.587419509887695,1.5008883476257324,6.770880699157715,0.8923825406428649,0.6136695742607117
gpu_seed1101_ckpt75_optimizer_reset,1101,75,optimizer_reset,50,23.615116119384766,0.13901522633445362,0.2620791594187417,10.32681497550734,0.0005,3.5399527549743652,3.802031914393107,15.448881909251213,41.882083997130394,44.0466455668211,0.15683679282665253,0.18855856359004974,0.23719850182533264,0.06575250625610352,1.5285971022434872,0.3301304332569166,1.2241373556576773,0.07159766554832458,1.6043064594268799,4.050355911254883,169.9763641357422,170.90380859375,3.46396803855896,4.195304870605469,125,50,0.9999980931625189,0.11755828854422912,0.9948462247926799,0.04879437180296864,125,125,1,0.01,4.1517157554626465,4.560616493225098,5.3893256187438965,1.2980960008284668,0.2374289184808731,7.584967136383057,1.5088279247283936,6.764458179473877,0.891824322748307,0.6138539910316467
gpu_seed1101_ckpt75_optimizer_reset,1101,75,optimizer_reset,51,23.64297103881836,0.1391792000329107,0.167647997538249,7.47899304398954,0.0005,3.7129921118418374,3.8806401093800864,15.593993827700615,42.07332594692707,44.27986493706703,0.14511191844940186,0.19124194979667664,0.23321937024593353,0.05836937204003334,1.5161588044762664,0.3299209519493948,1.2268458004732514,0.06773366034030914,1.2094807624816895,3.9875824451446533,169.97567749023438,170.90414428710938,3.4798848628997803,3.9114487171173096,126,51,0.999998283846267,0.11844073025568491,0.9953616023134119,0.0497455774311657,126,126,0,0.01,3.7307629585266113,4.588325023651123,5.253537654876709,1.408167099672845,0.2153196632862091,7.579046726226807,1.5097981691360474,6.757134914398193,0.8915547242919968,0.6144704222679138
gpu_seed1101_ckpt75_optimizer_reset,1101,75,optimizer_reset,52,23.669849395751953,0.1393374249958426,0.14007131258646632,6.423181744420511,0.0005,3.754664182662964,3.89473549524943,15.73075819015503,42.25446370244026,44.500951036810875,0.13676436245441437,0.18113775551319122,0.22108609974384308,0.05320896953344345,1.5046858587251082,0.3297758972648812,1.2299480937571936,0.064762182533741,0.9225574135780334,3.8979177474975586,169.97494506835938,170.9042510986328,3.433483123779297,4.1630377769470215,127,52,0.9999984554616402,0.11932228952542923,0.9958254420820707,0.05069583185373461,127,127,0,0.01,3.3464646339416504,3.7208821773529053,4.6265339851379395,1.3825139337232948,0.14612258970737457,7.573026180267334,1.5186853408813477,6.747024059295654,0.890928394896502,0.6145007014274597
gpu_seed1101_ckpt75_optimizer_reset,1101,75,optimizer_reset,53,23.69565200805664,0.13948931736729747,0.2261950174967451,9.553420432412153,0.0005,3.6280285517374673,3.8542235692342124,15.86234436929226,42.434765711426735,44.71789824962616,0.13158617913722992,0.18030200898647308,0.21694721281528473,0.05811609700322151,1.4938303857484838,0.32977166202810737,1.2325732744459457,0.06688286364078522,0.7843902111053467,3.8201258182525635,169.97401428222656,170.9042205810547,3.7088513374328613,4.327394485473633,128,53,0.9999986099154762,0.12020296723590385,0.9962428978738637,0.05164513602188081,128,128,0,0.01,2.9031026363372803,4.237741470336914,4.887548923492432,1.6835604991414146,0.10153638571500778,7.5684309005737305,1.541987657546997,6.733536243438721,0.8896872194377028,0.6134466528892517
gpu_seed1101_ckpt75_optimizer_reset,1101,75,optimizer_reset,54,23.720584869384766,0.13963608977117525,0.5623311201731367,24.701003979044536,0.0005,3.48820161819458,4.050532738367717,16.00755700469017,42.607779800891876,44.93719598650932,0.14521263539791107,0.1730140894651413,0.21929773688316345,0.058292947709560394,1.4818366639227472,0.32982501642959766,1.2351184900903953,0.07129349559545517,0.8685888648033142,3.777772903442383,169.97300720214844,170.9040985107422,3.837754011154175,4.042853832244873,129,54,0.9999987489239286,0.12108276426866793,0.9966186080864773,0.05259349088585896,129,129,0,0.01,3.5501837730407715,4.351192474365234,5.058951377868652,1.424982958990368,0.19238336384296417,7.5649237632751465,1.5447996854782104,6.727803707122803,0.8893419045123581,0.6140158176422119
gpu_seed1101_ckpt75_optimizer_reset,1101,75,optimizer_reset,55,23.742521286010742,0.13976522298850988,0.13412030537923192,4.9236067421201,0.0005,3.535249869028727,3.669370174407959,16.143692061305046,42.772908449172974,45.14531423151493,0.1361350566148758,0.1651286482810974,0.2081182450056076,0.05531672015786171,1.4706995894029673,0.3299739449373774,1.2370582392044838,0.06682997196912766,1.0342004299163818,3.7967655658721924,169.9720001220703,170.9037322998047,3.2580904960632324,4.124517440795898,130,55,0.9999988740315358,0.12196168150439923,0.9969567472778296,0.05354089739497314,130,130,0,0.01,3.273998975753784,3.623326063156128,4.510207653045654,1.3775837092331025,0.14775586128234863,7.557896137237549,1.5487045049667358,6.719510078430176,0.8890715030234992,0.6137771606445312
gpu_seed1101_ckpt75_optimizer_reset,1101,75,optimizer_reset,56,23.762571334838867,0.13988325171476165,0.026839256286621094,0.8642198165880792,0.0005,3.4853511651357016,3.4585119088490806,16.267328038811684,42.94837926328182,45.35417281091213,0.12363597750663757,0.17547081410884857,0.20885857939720154,0.05655716732144356,1.4607544200340137,0.330056212804761,1.2374043137898683,0.05992746353149414,1.3941445350646973,3.84456729888916,169.9709930419922,170.9033966064453,3.499833345413208,3.718864917755127,131,56,0.9999989866283822,0.12283971982289488,0.9972610725500466,0.05448735649757808,131,131,0,0.01,2.7128522396087646,3.809561252593994,4.368912220001221,1.6104497532934838,0.1347358375787735,7.552290916442871,1.550978660583496,6.712843894958496,0.8888486909769833,0.6138402819633484
gpu_seed1101_ckpt75_optimizer_reset,1101,75,optimizer_reset,57,23.78154182434082,0.1399949253935383,0.20374846458435059,6.116745618563858,0.0005,3.2982958952585855,3.502044359842936,16.40028192102909,43.116738736629486,45.562687918543816,0.13295388221740723,0.16835947334766388,0.20851510763168335,0.05680595338344574,1.4500690865469659,0.3300820061839453,1.237044920657447,0.059951163828372955,1.4745641946792603,3.922624349594116,169.96995544433594,170.9029998779297,3.2287437915802,3.3346633911132812,132,57,0.9999990879655439,0.12371688010307191,0.9975349652950419,0.05543286914108059,132,132,0,0.01,2.9725847244262695,3.6777286529541016,4.352737903594971,1.4642939754841189,0.15621617436408997,7.545902252197266,1.5526611804962158,6.704355716705322,0.8884763534741277,0.6146610975265503
gpu_seed1101_ckpt75_optimizer_reset,1101,75,optimizer_reset,58,23.799835205078125,0.14010261313264416,0.379871129989624,10.851526809549668,0.0005,3.1562880674997964,3.5361591974894204,16.52578166127205,43.2719287276268,45.75755409896374,0.12549974024295807,0.15518999099731445,0.19486618041992188,0.0477835014462471,1.440163962764393,0.3300585593182839,1.2371233859449353,0.05706269294023514,1.3242090940475464,3.962449312210083,169.9689178466797,170.9025115966797,3.0337841510772705,3.1544861793518066,133,58,0.9999991791689895,0.12459316322296887,0.9977814687655377,0.056377436271939474,133,133,0,0.01,3.112332820892334,3.3824567794799805,4.265733242034912,1.3705903216387112,0.1392160952091217,7.540063381195068,1.5547109842300415,6.697261810302734,0.8882235429220435,0.6148955225944519
gpu_seed1101_ckpt75_optimizer_reset,1101,75,optimizer_reset,59,23.81665802001953,0.14020164408446498,0.4461931387583413,13.171645252903446,0.0005,3.153691609700521,3.5998847484588623,16.649005450308323,43.4257552921772,45.94954161345959,0.12322378903627396,0.15382656455039978,0.1919875144958496,0.052426718175411224,1.4305153596773579,0.3300899876018532,1.2374655155294843,0.057035893201828,1.308977723121643,3.9634153842926025,169.9678955078125,170.90187072753906,3.286975145339966,3.6710104942321777,134,59,0.9999992612520906,0.12546857005974588,0.998003321888984,0.057321058835667515,134,134,0,0.01,2.962191104888916,3.1848602294921875,4.048703193664551,1.3667933804071741,0.13387051224708557,7.533044815063477,1.5542970895767212,6.690525531768799,0.8881568736175817,0.6149103045463562
gpu_seed1101_ckpt75_optimizer_reset,1101,75,optimizer_reset,60,23.83290672302246,0.14029729540856495,0.3775130907694497,11.108674317025283,0.0005,3.1871886253356934,3.564701716105143,16.781506441533566,43.57751755416393,46.14498953521252,0.13250099122524261,0.15176226198673248,0.1954479217529297,0.05938755348324776,1.4201887539747649,0.3299920792228071,1.2381144953683174,0.05746348574757576,0.8641048073768616,3.907715320587158,169.96702575683594,170.9011688232422,3.2158279418945312,3.837669849395752,135,60,0.9999993351268816,0.1263431014896862,0.9982029897000856,0.0582637377768318,135,135,0,0.01,3.364661931991577,3.006422281265259,4.191030502319336,1.2456022587200544,0.1381424367427826,7.529327392578125,1.5548068284988403,6.6859564781188965,0.8879885452595073,0.6152989864349365
gpu_seed1101_ckpt75_optimizer_reset,1101,75,optimizer_reset,61,23.848899841308594,0.1403914421807892,0.4752656618754072,15.817898479482452,0.0005,3.2579967180887857,3.733262379964193,16.902666367590427,43.72541072964668,46.33072592318058,0.12115992605686188,0.14789317548274994,0.18573638796806335,0.05731755122542381,1.4109548944914176,0.3299288590033473,1.2393282287068754,0.054876264184713364,1.101569652557373,3.8727867603302,169.96609497070312,170.90049743652344,3.3950912952423096,3.603916645050049,136,61,0.9999994016141934,0.12721675838819646,0.998382690730077,0.05920547403905507,136,136,0,0.01,2.5947299003601074,3.0129592418670654,3.8908493518829346,1.4995199890907516,0.04296846315264702,7.523217678070068,1.5589640140533447,6.678094387054443,0.8876646499967668,0.6152670383453369
gpu_seed1101_ckpt75_optimizer_reset,1101,75,optimizer_reset,62,23.863439559936523,0.14047703321772004,0.328422705332438,10.403852796772252,0.0005,3.286928415298462,3.6153511206309,17.028274200856686,43.874680906534195,46.51883400976658,0.12560783326625824,0.1492701768875122,0.18810808658599854,0.0713154673576355,1.4014009451841316,0.3298812207835959,1.2411541449335555,0.05775424465537071,0.9449896812438965,3.834446668624878,169.9651336669922,170.89971923828125,3.043658494949341,3.658939838409424,137,62,0.9999994614527741,0.12808954162980835,0.9985444216570694,0.060146268565015926,137,137,0,0.01,2.6898088455200195,2.861283779144287,3.664440870285034,1.3623424863023035,0.1295354813337326,7.516980171203613,1.5638865232467651,6.6693115234375,0.8872328210982533,0.6154893040657043
gpu_seed1101_ckpt75_optimizer_reset,1101,75,optimizer_reset,63,23.876821517944336,0.14055580885921382,0.09041682879130075,2.585968723006598,0.0005,3.3078760306040444,3.398292859395345,17.150340110063553,44.03300838172436,46.712480410933495,0.12206590920686722,0.15832747519016266,0.1936464011669159,0.06386985629796982,1.3922068813044937,0.3298449404402262,1.2428541673930387,0.058126162737607956,1.0074504613876343,3.788841485977173,169.96420288085938,170.8988494873047,3.089325428009033,3.7871763706207275,138,63,0.9999995153074966,0.12896145208817844,0.9986899794913624,0.06108612229645094,138,138,0,0.01,2.5054616928100586,3.2307980060577393,3.7649409770965576,1.5026934907443739,0.1569318026304245,7.510621547698975,1.5643960237503052,6.662440299987793,0.8870691004299204,0.6157094240188599
gpu_seed1101_ckpt75_optimizer_reset,1101,75,optimizer_reset,64,23.889232635498047,0.1406288694491796,0.03824353218078613,1.0296252910189168,0.0005,3.2737930615743003,3.3120365937550864,17.273242443799973,44.18769805133343,46.904072895646095,0.12290233373641968,0.15468966960906982,0.1915924847126007,0.061177998781204224,1.383019587273345,0.3299304849223565,1.2434541980447729,0.05814656242728233,1.0979286432266235,3.7458462715148926,169.9630889892578,170.89791870117188,3.332144021987915,3.4367244243621826,139,64,0.9999995637767469,0.12983249063609037,0.9988209815422261,0.06202503617415456,139,139,0,0.01,2.541408061981201,3.218803644180298,3.7475483417510986,1.4745952835406346,0.16963541507720947,7.504980564117432,1.5642855167388916,6.656301498413086,0.8869178862683657,0.6160756945610046
gpu_seed1101_ckpt75_optimizer_reset,1101,75,optimizer_reset,65,23.901548385620117,0.14070136863919175,0.03220589955647757,0.8498276865516416,0.0005,3.25673778851827,3.2889436880747476,17.40597116947174,44.3514418900013,47.108632043004036,0.1327287256717682,0.16374383866786957,0.20455914735794067,0.05945916473865509,1.3731809706510125,0.3302093996801637,1.243944049556127,0.059892162680625916,0.9960818290710449,3.6726748943328857,169.9620361328125,170.89686584472656,4.017419815063477,4.508155822753906,140,65,0.9999996073990722,0.13070265814545423,0.9989388833880035,0.06296301113798031,140,140,0,0.01,2.8987951278686523,3.289721727371216,3.963881492614746,1.3674238149861366,0.1841883510351181,7.498544216156006,1.5644258260726929,6.649472713470459,0.8867684875609502,0.616324782371521
gpu_seed1101_ckpt75_optimizer_reset,1101,75,optimizer_reset,66,23.913301467895508,0.14077055556947746,0.10496290524800633,2.7541738781707856,0.0005,3.2143253485361734,3.3192882537841797,17.532189667224884,44.50521609187126,47.30303095281124,0.1262184977531433,0.1537742018699646,0.1943989098072052,0.046026699244976044,1.363965478459218,0.3303724828168604,1.2439314033108448,0.05927751958370209,1.0400103330612183,3.6266403198242188,169.9609832763672,170.89584350585938,3.007584810256958,3.47485089302063,141,66,0.9999996466591651,0.13157195548730882,0.9990449950492032,0.06390004812684236,141,141,0,0.01,2.6057841777801514,3.1260406970977783,3.823749542236328,1.467408381262137,0.11915258318185806,7.492663860321045,1.5663210153579712,6.64288330078125,0.8865849882788855,0.616290807723999
gpu_seed1101_ckpt75_optimizer_reset,1101,75,optimizer_reset,67,23.924365997314453,0.14083568919209793,0.19544053077697754,5.106783363338483,0.0005,3.163757562637329,3.3591980934143066,17.654664427042007,44.650275230407715,47.48865020275116,0.12247475981712341,0.14505913853645325,0.18561924993991852,0.04468383640050888,1.355130033548962,0.33031864548913553,1.2447535989915008,0.05780902877449989,1.0086578130722046,3.6218762397766113,169.95994567871094,170.89479064941406,3.118642807006836,3.1378109455108643,142,67,0.9999996819932485,0.13244038353182142,0.9991404955442829,0.06483614807871552,142,142,0,0.01,2.6740317344665527,2.864467144012451,3.774596691131592,1.411575129224553,0.07232922315597534,7.485852241516113,1.5658496618270874,6.636160373687744,0.8864936362065882,0.616430401802063
gpu_seed1101_ckpt75_optimizer_reset,1101,75,optimizer_reset,68,23.9342098236084,0.14089363689531192,0.1673196156819663,4.427316474880993,0.0005,3.19081703821818,3.3581366539001465,17.774093858897686,44.7902777493,47.66815000772476,0.11942943185567856,0.1400025188922882,0.1794998049736023,0.04915888234972954,1.3465783411302075,0.33016182228411267,1.2454343082715136,0.057068515568971634,1.0535911321640015,3.647695302963257,169.95889282226562,170.89364624023438,3.006467342376709,3.2209160327911377,143,68,0.9999997137939237,0.13330794314828964,0.9992264459898546,0.06577131193063679,143,143,0,0.01,2.6201725006103516,2.5582046508789062,3.6195876598358154,1.3814310542497776,0.022997286170721054,7.479122638702393,1.5652679204940796,6.629638671875,0.8864193023881659,0.6165300011634827
gpu_seed1101_ckpt75_optimizer_reset,1101,75,optimizer_reset,69,23.943462371826172,0.14094810391881338,0.04290127754211426,1.0849538663863747,0.0005,3.2088638146718345,3.2517650922139487,17.894052743911743,44.929369404911995,47.848159089684486,0.11995888501405716,0.13909165561199188,0.18000908195972443,0.03995588794350624,1.3380681679264268,0.3299510239524714,1.24573833340846,0.05837508663535118,1.026918888092041,3.634659767150879,169.9578857421875,170.89242553710938,2.886364459991455,3.2394955158233643,144,69,0.9999997424145314,0.1341746352051414,0.9993038013908692,0.06670554061870615,144,144,0,0.01,2.631855010986328,2.6041557788848877,3.7627742290496826,1.4297042250963876,-0.03284201771020889,7.473265647888184,1.565695881843567,6.622977256774902,0.8862226460055727,0.6169321537017822
gpu_seed1101_ckpt75_optimizer_reset,1101,75,optimizer_reset,70,23.952497482299805,0.14100129095042055,0.1057882308959961,2.7208456287074796,0.0005,3.299686590830485,3.193898359934489,18.015931896865368,45.07021215558052,48.02950477600098,0.12187915295362473,0.1408427506685257,0.18134568631649017,0.05257410928606987,1.3295175414415297,0.3297529857549882,1.2457909397109126,0.05923004820942879,0.8545315265655518,3.5860702991485596,169.9569854736328,170.89112854003906,2.698169469833374,3.1655490398406982,145,70,0.9999997681730782,0.13504046056993624,0.9993734212517822,0.06763883507808743,145,145,0,0.01,3.00417423248291,2.6599459648132324,3.9836761951446533,1.326046988909452,0.014435154385864735,7.467718124389648,1.5652680397033691,6.617436408996582,0.8861390184751453,0.6170943975448608
gpu_seed1101_ckpt75_optimizer_reset,1101,75,optimizer_reset,71,23.96197509765625,0.14105708287781257,0.15993936856587698,4.4892804738902505,0.0005,3.413556973139445,3.253617604573568,18.13749961555004,45.21321855485439,48.21164010465145,0.12156771868467331,0.14300639927387238,0.18213532865047455,0.05913921445608139,1.3211289100241426,0.32980704504174324,1.2451069278122677,0.060447294265031815,0.8023756146430969,3.526169538497925,169.95594787597656,170.88992309570312,3.649599552154541,3.699690580368042,146,71,0.9999997913557703,0.13590542010936624,0.9994360791266039,0.06857119624300934,146,146,0,0.01,2.872650146484375,2.6693906784057617,3.7181200981140137,1.2943170621257352,0.10128479450941086,7.462093353271484,1.5654449462890625,6.61163330078125,0.8860292933593136,0.6172052621841431
gpu_seed1101_ckpt75_optimizer_reset,1101,75,optimizer_reset,72,23.971538543701172,0.14111338006516289,0.06526048978169774,1.9285329252310461,0.0005,3.4185808499654136,3.353320360183716,18.255711749196053,45.35030294954777,48.386829882860184,0.11821213364601135,0.13708439469337463,0.1751897782087326,0.06401649117469788,1.3130979976584876,0.32993079326053115,1.2439860639859979,0.05821996182203293,0.9082647562026978,3.461486577987671,169.9548797607422,170.88880920410156,3.0439846515655518,3.276658535003662,147,72,0.9999998122201933,0.1367695146892569,0.9994924712139436,0.06950262504676641,147,147,0,0.01,2.7660670280456543,2.3787219524383545,3.3649306297302246,1.2165036478188587,0.15097080171108246,7.455526828765869,1.5684949159622192,6.603879928588867,0.8857697222828098,0.6171488761901855
gpu_seed1101_ckpt75_optimizer_reset,1101,75,optimizer_reset,73,23.980602264404297,0.14116673551675615,0.01758265495300293,0.4791380082433534,0.0005,3.313854217529297,3.296271562576294,18.383465498685837,45.491544008255005,48.56970553100109,0.12775374948978424,0.14124105870723724,0.1828756481409073,0.07832374423742294,1.3044658128314965,0.3301205587578011,1.2439601548804355,0.05978833884000778,1.0329023599624634,3.404468059539795,169.95379638671875,170.8876190185547,3.480508327484131,3.3950908184051514,148,73,0.999999830998174,0.1376327451745677,0.9995432240925493,0.07043312242171962,148,148,0,0.01,2.9760992527008057,2.4016895294189453,3.3525068759918213,1.1264768380786694,0.23685890436172485,7.451160907745361,1.569374442100525,6.598493576049805,0.8855658410476536,0.6175402998924255
gpu_seed1101_ckpt75_optimizer_reset,1101,75,optimizer_reset,74,23.989505767822266,0.1412191478164273,0.0074178377787270655,0.18731861648248227,0.0005,3.2326300144195557,3.2252121766408286,18.51010164618492,45.645785212516785,48.76217307150364,0.12663614749908447,0.15424120426177979,0.19246754050254822,0.07124818861484528,1.2960223680222416,0.33030095307509155,1.244735241965344,0.06155449524521828,0.7668663263320923,3.394498825073242,169.95265197753906,170.88641357421875,3.190960168838501,3.48136043548584,149,74,0.9999998478983566,0.13849511242939305,0.9995889016832943,0.0713626892992979,149,149,0,0.01,3.081559419631958,3.350708484649658,4.2327704429626465,1.3735806669815271,0.13592249155044556,7.448636531829834,1.5764981508255005,6.591926097869873,0.8849842611731806,0.6179994940757751
gpu_seed1101_ckpt75_optimizer_reset,1101,75,optimizer_reset,75,23.996641159057617,0.14126115176095813,0.08121871948242188,2.121524986523557,0.0005,3.221860488255819,3.3030792077382407,18.632339529693127,45.80470767617226,48.9564246237278,0.12223788350820541,0.1589224636554718,0.19425155222415924,0.06343917548656464,1.2879027414037014,0.3303815222130434,1.2450737309443622,0.060810450464487076,0.7961441278457642,3.3726253509521484,169.95143127441406,170.88499450683594,3.1307051181793213,4.349518775939941,150,75,0.999999863108521,0.1393566173169637,0.9996300115149649,0.0722913266099986,150,150,1,0.01,3.0266637802124023,3.367765426635742,4.402040481567383,1.454420048353374,0.055163636803627014,7.442507743835449,1.5756769180297852,6.585991859436035,0.8849156878459761,0.6181636452674866
gpu_seed1101_ckpt75_optimizer_reset,1101,75,optimizer_reset,76,24.003767013549805,0.14130309956549358,0.03965274492899562,1.0537039769379497,0.0005,3.260014772415161,3.2996675173441568,18.75085224956274,45.95621770620346,49.14103277027607,0.11851271986961365,0.15151003003120422,0.18460814654827118,0.08132115751504898,1.2801427206653118,0.33040903669053556,1.244901270512979,0.06134522333741188,0.8697088956832886,3.352997303009033,169.95022583007812,170.8835906982422,3.4184396266937256,3.527899980545044,151,76,0.9999998767976689,0.14021726069964668,0.9996670103634684,0.07321903528338858,151,151,0,0.01,2.996821641921997,3.170253276824951,3.799199104309082,1.2677428149748733,0.24195796251296997,7.43639612197876,1.584235668182373,6.576513767242432,0.8843684036416816,0.6179124116897583
gpu_seed1101_ckpt75_optimizer_reset,1101,75,optimizer_reset,77,24.00946807861328,0.14133666005472176,0.1378951072692871,3.658197365934857,0.0005,3.2084927558898926,3.3463878631591797,18.877745114266872,46.110585138201714,49.330972373485565,0.12689286470413208,0.15436743199825287,0.18993960320949554,0.09837717562913895,1.271839826911681,0.3302185850562816,1.2437502315078663,0.0591285265982151,0.9217908382415771,3.306936264038086,169.94886779785156,170.88223266601562,3.8356356620788574,3.875717878341675,152,77,0.9999998891179019,0.14107704343894711,0.9997003093271215,0.07414581624810523,152,152,0,0.01,2.8651554584503174,3.292140483856201,3.6825814247131348,1.2852989927128264,0.2907978594303131,7.430473327636719,1.5846779346466064,6.569653034210205,0.8841500055957829,0.6183825731277466
gpu_seed1101_ckpt75_optimizer_reset,1101,75,optimizer_reset,78,24.015283584594727,0.1413708942238943,0.41164294878641794,11.685735502196579,0.0005,3.133095900217692,3.54473884900411,18.99931737035513,46.25604735314846,49.51166769862175,0.12157225608825684,0.14546221494674683,0.1806953251361847,0.09297201782464981,1.2640077070381912,0.3299906946060896,1.242725945324719,0.0560416616499424,1.2693136930465698,3.28312611579895,169.94769287109375,170.88092041015625,3.107962131500244,3.4319467544555664,153,78,0.9999999002061117,0.1419359663955081,0.9997302783944094,0.07507167043185714,153,153,0,0.01,2.6175646781921387,2.953917980194092,3.4058127403259277,1.3011379503626643,0.25722193717956543,7.425320625305176,1.5847433805465698,6.564177513122559,0.8840261376392606,0.6185981035232544
gpu_seed1101_ckpt75_optimizer_reset,1101,75,optimizer_reset,79,24.021026611328125,0.14140470172910205,0.35284344355265285,8.857587447627488,0.0005,3.041401465733846,3.394244909286499,19.11643297970295,46.3874534368515,49.67927122116089,0.11711560934782028,0.13140608370304108,0.1676035225391388,0.0939812883734703,1.2565642678647957,0.3297972752155229,1.2430962358028326,0.05403390899300575,1.0164817571640015,3.234588861465454,169.9466094970703,170.87957763671875,3.0233144760131836,3.2207415103912354,154,79,0.9999999101855006,0.14279403042911265,0.9997572505549684,0.07599659876142528,154,154,0,0.01,2.857842445373535,2.3908920288085938,3.303596258163452,1.1559756429226449,0.21732528507709503,7.4210286140441895,1.5862081050872803,6.558435440063477,0.8837636641975546,0.61907559633255
gpu_seed1101_ckpt75_optimizer_reset,1101,75,optimizer_reset,80,24.02642250061035,0.1414364657384786,0.17487947146097804,3.942574271611708,0.0005,3.02677845954895,3.2016579310099282,19.2265677601099,46.52307325601578,49.84697583317757,0.1101347804069519,0.13561981916427612,0.16770461201667786,0.0802588015794754,1.2496469884998218,0.32969021408023924,1.2435791946765733,0.05242740362882614,0.7254635691642761,3.1824069023132324,169.94554138183594,170.87820434570312,2.827179193496704,3.2909836769104004,155,80,0.9999999191669505,0.1436512363986835,0.9997815254994716,0.07692060216266383,155,155,0,0.01,2.7354493141174316,2.797525405883789,3.6701388359069824,1.3416950615624104,0.12015124410390854,7.414056301116943,1.5874888896942139,6.550816535949707,0.8835671419114971,0.6191794276237488
gpu_seed1101_ckpt75_optimizer_reset,1101,75,optimizer_reset,81,24.030593872070312,0.1414610213724505,0.09250728289286281,1.9244147455948664,0.0005,3.0809868971506753,2.9884796142578125,19.342544868588448,46.66729974746704,50.02584521472454,0.11597710847854614,0.14422649145126343,0.17886938154697418,0.06748723983764648,1.242369814072079,0.3295349674485254,1.243463437111617,0.05599057301878929,0.539363443851471,3.173520803451538,169.94435119628906,170.8767547607422,2.868823528289795,3.367480993270874,156,81,0.9999999272502554,0.1445075851622848,0.9998033729495245,0.07784368156050114,156,156,0,0.01,2.9066286087036133,3.099407196044922,3.927098274230957,1.3510836102246764,0.1461186558008194,7.407590389251709,1.5890816450119019,6.5438232421875,0.8833943156038427,0.6191330552101135
gpu_seed1101_ckpt75_optimizer_reset,1101,75,optimizer_reset,82,24.035438537597656,0.14148954049009504,0.14687593777974461,3.3170303123612577,0.0005,3.1897761821746826,3.042900244394938,19.453359819948673,46.814240887761116,50.202388659119606,0.11081495136022568,0.146941140294075,0.1765434443950653,0.08303187042474747,1.235541765538568,0.3293990584255373,1.2432923062731835,0.05259758234024048,0.6208004951477051,3.2031211853027344,169.9431915283203,170.87535095214844,3.0755183696746826,2.9950098991394043,157,82,0.99999993452523,0.14536307757712252,0.999823035654572,0.07876583787894065,157,157,0,0.01,2.5579092502593994,3.2192559242248535,3.8201515674591064,1.493466418744218,0.14044158160686493,7.400689125061035,1.5883561372756958,6.536952018737793,0.8832896380690761,0.6193714737892151
gpu_seed1101_ckpt75_optimizer_reset,1101,75,optimizer_reset,83,24.041088104248047,0.14152279782334826,0.05539162953694676,1.3601586014070328,0.0005,3.2284960746765137,3.173104445139567,19.55999031662941,46.95672033727169,50.37173520028591,0.10663049668073654,0.14247944951057434,0.16934654116630554,0.09847541153430939,1.2290950923328268,0.3293827110864837,1.2426267858024407,0.051521506160497665,0.6899682879447937,3.2425410747528076,169.94203186035156,170.87399291992188,2.7934553623199463,2.901024103164673,158,83,0.999999941072707,0.14621771449954546,0.9998407320891148,0.07968707204106174,158,158,0,0.01,2.3336238861083984,3.1610288619995117,3.4708163738250732,1.4873075282116666,0.22986963391304016,7.394761085510254,1.5899404287338257,6.529108047485352,0.8829369836272333,0.6200929880142212
gpu_seed1101_ckpt75_optimizer_reset,1101,75,optimizer_reset,84,24.04705238342285,0.14155790777644844,0.187692085901896,5.0025056752337065,0.0005,3.187577962875366,3.375270048777262,19.65970377624035,47.092555835843086,50.53191617131233,0.09971345961093903,0.13583549857139587,0.1601809710264206,0.1010037511587143,1.2231645327476193,0.3294354397697128,1.2419527468174316,0.05010935664176941,0.8450419306755066,3.2936367988586426,169.94085693359375,170.8727264404297,2.914482831954956,3.147545576095581,159,84,0.9999999469654363,0.14707149678504594,0.9998566588802034,0.08060738496902065,159,159,0,0.01,2.0590591430664062,2.7790627479553223,2.9967522621154785,1.4553988272775784,0.2605956196784973,7.389994144439697,1.5933237075805664,6.522336959838867,0.8825902744111717,0.6203925013542175
gpu_seed1101_ckpt75_optimizer_reset,1101,75,optimizer_reset,85,24.053302764892578,0.14159470192940954,0.3814586798350015,10.479791060977046,0.0005,3.1164165337880454,3.497875213623047,19.76001587510109,47.23031057417393,50.69257555902004,0.10031209886074066,0.13775473833084106,0.16065938770771027,0.11678025126457214,1.217271429179371,0.3294677420454348,1.2412241806313375,0.05197213590145111,0.8537256121635437,3.2958412170410156,169.93966674804688,170.87144470214844,3.3324527740478516,3.7770023345947266,160,85,0.9999999522688926,0.14792442528826089,0.999870992992183,0.08152677758405169,160,160,0,0.01,2.343132495880127,2.892704963684082,2.9766969680786133,1.2703920812464498,0.36864081025123596,7.3837361335754395,1.5947527885437012,6.5142903327941895,0.8822485277028557,0.6210840344429016
gpu_seed1101_ckpt75_optimizer_reset,1101,75,optimizer_reset,86,24.059268951416016,0.1416298231105088,0.35269999504089355,9.118732502930182,0.0005,3.0709404150644937,3.423640410105387,19.863403648138046,47.36670522391796,50.85440234839916,0.10338777303695679,0.1363946497440338,0.16182678937911987,0.1100810319185257,1.2112359682964038,0.32952698268865194,1.2410265688683284,0.05398600548505783,1.0631637573242188,3.31921124458313,169.9385223388672,170.8701171875,3.184995651245117,3.7387850284576416,161,86,0.9999999570420034,0.14877650086297256,0.9998838936929647,0.08244525080646758,161,161,0,0.01,2.780090570449829,2.784878730773926,3.1628527641296387,1.1376797568205625,0.35395652055740356,7.378027439117432,1.5957645177841187,6.507734775543213,0.882042636631993,0.6213542222976685
gpu_seed1101_ckpt75_optimizer_reset,1101,75,optimizer_reset,87,24.065248489379883,0.1416650228876016,0.4126265843709307,11.057619772621695,0.0005,3.0749345620473227,3.4875611464182534,19.965753100812435,47.50317770242691,51.01586379110813,0.10234945267438889,0.13647247850894928,0.16146144270896912,0.10847567766904831,1.2053263589841463,0.32956939838440524,1.2401436578478182,0.0522058941423893,1.3702092170715332,3.326782464981079,169.93740844726562,170.8688201904297,3.2518343925476074,3.58266282081604,162,87,0.999999961337803,0.14962772436210958,0.9998955043236682,0.08336280555566111,162,162,0,0.01,2.833610773086548,2.773271083831787,3.3726937770843506,1.1902459607779543,0.2764769196510315,7.371616840362549,1.596084713935852,6.501223087310791,0.8819263437178549,0.6213948130607605
gpu_seed1101_ckpt75_optimizer_reset,1101,75,optimizer_reset,88,24.071130752563477,0.14169965003674168,0.28977958361307765,7.422907260153551,0.0005,3.0948193073272705,3.384598890940348,20.065272018313408,47.64018775522709,51.17934277653694,0.09951891750097275,0.13701005280017853,0.16347898542881012,0.07152098417282104,1.1996413868993532,0.3295606113205493,1.2391189857941194,0.05211329460144043,1.1400189399719238,3.272726058959961,169.93638610839844,170.867431640625,2.968975782394409,3.504230499267578,163,88,0.9999999652040227,0.15047809663774747,0.9999059538913014,0.08427944275010546,163,163,0,0.01,2.443833589553833,2.9158341884613037,3.9093551635742188,1.5996814105032184,-0.05674051120877266,7.365893363952637,1.6026426553726196,6.491760730743408,0.8813270040687856,0.6218563318252563
gpu_seed1101_ckpt75_optimizer_reset,1101,75,optimizer_reset,89,24.07682991027832,0.14173319929797076,0.029636144638061523,0.6604237794597054,0.0005,3.118668476740519,3.0890323321024575,20.16441871225834,47.79142354428768,51.35390990972519,0.09914669394493103,0.15123578906059265,0.17456713318824768,0.07431523501873016,1.1940254888498403,0.3295060165474922,1.2385660305674473,0.05367128923535347,0.9619408249855042,3.201266050338745,169.93544006347656,170.8660125732422,2.866837739944458,3.2814583778381348,164,89,0.9999999686836204,0.15132761854110977,0.9999153585021713,0.08519516330735533,164,164,0,0.01,2.2358925342559814,3.3557591438293457,3.932130813598633,1.7586403431081428,0.0532233901321888,7.359982967376709,1.6030553579330444,6.485190391540527,0.8811420380027235,0.6221760511398315
gpu_seed1101_ckpt75_optimizer_reset,1101,75,optimizer_reset,90,24.08249282836914,0.1417665352272175,0.11094021797180176,2.6736739315423392,0.0005,3.126234451929728,3.23717466990153,20.25998917222023,47.93739511072636,51.52086065709591,0.09557045996189117,0.14597156643867493,0.1669507473707199,0.09206993132829666,1.1886725419078212,0.329516866494416,1.2379214857722771,0.05013151466846466,1.045168399810791,3.156708240509033,169.9344482421875,170.86459350585938,2.85302734375,3.2676584720611572,165,90,0.9999999718152583,0.15217629092256868,0.9999238226519541,0.08610996814404803,165,165,0,0.01,2.266525983810425,3.1897523403167725,3.527696132659912,1.556433130639731,0.1982821673154831,7.356217384338379,1.6028735637664795,6.480775833129883,0.8809929743140517,0.622617781162262
gpu_seed1101_ckpt75_optimizer_reset,1101,75,optimizer_reset,91,24.087928771972656,0.14179853502457457,0.22775864601135254,6.105796757930264,0.0005,3.1726675828297934,3.400426228841146,20.35844825953245,48.07562218606472,51.68222172558308,0.09845908731222153,0.13822707533836365,0.16136106848716736,0.10152760148048401,1.1831908043724682,0.3294063307453212,1.237011942537786,0.05271626636385918,0.8840886950492859,3.0763702392578125,169.93344116210938,170.86322021484375,3.574979305267334,4.142148494720459,166,91,0.9999999746337326,0.1530241146316461,0.9999314403867587,0.08702385817590397,166,166,0,0.01,2.57063889503479,2.7076170444488525,3.205688714981079,1.2470396838589994,0.2631301283836365,7.350577354431152,1.6026192903518677,6.475028991699219,0.8808871302871185,0.6227995157241821
gpu_seed1101_ckpt75_optimizer_reset,1101,75,optimizer_reset,92,24.092140197753906,0.14182332644652698,0.269062121709188,7.8939409541349015,0.0005,3.2413628101348877,3.5104249318440757,20.46004854887724,48.20691126585007,51.8416860550642,0.1016002893447876,0.13128907978534698,0.15946432948112488,0.07986213266849518,1.1775211647322708,0.3292048896631665,1.2362241896498134,0.05277537554502487,0.7583546042442322,2.9830408096313477,169.932373046875,170.86183166503906,3.0067803859710693,3.266559600830078,167,92,0.9999999771703593,0.15387109051701442,0.9999382963480828,0.08793683431772803,167,167,0,0.01,2.2939682006835938,2.4942073822021484,3.2253506183624268,1.4060136567716495,0.09441997110843658,7.343621253967285,1.6047234535217285,6.467067718505859,0.8806374259853391,0.6228931546211243
gpu_seed1101_ckpt75_optimizer_reset,1101,75,optimizer_reset,93,24.09551239013672,0.14184317754888745,0.16881338755289743,4.5647948197216905,0.0005,3.2117411295572915,3.380554517110189,20.559216529130936,48.34572288393974,52.00617115199566,0.09916798025369644,0.1388116180896759,0.16448509693145752,0.07437339425086975,1.1720053804576616,0.3289481485597111,1.234936170415169,0.052360232919454575,0.6059284806251526,2.8705711364746094,169.93128967285156,170.8604278564453,2.9300453662872314,3.48708176612854,168,93,0.9999999794533234,0.1547172194264974,0.9999444667132745,0.0888488974834103,168,168,0,0.01,2.0376503467559814,2.734912633895874,3.217211961746216,1.5788832303179803,0.11496138572692871,7.338345527648926,1.60480797290802,6.460842132568359,0.880422175301606,0.6234481930732727
gpu_seed1101_ckpt75_optimizer_reset,1101,75,optimizer_reset,94,24.098403930664062,0.1418601991954816,0.25595243771870946,6.374922357777152,0.0005,3.0844311714172363,3.340383609135946,20.666436210274696,48.49709102511406,52.18468704819679,0.10721968114376068,0.1513681411743164,0.17851589620113373,0.0782657116651535,1.1660648060202048,0.32877394059359616,1.233702113467525,0.0549929216504097,0.6158365607261658,2.783829689025879,169.9301300048828,170.85897827148438,3.2623298168182373,3.958756923675537,169,94,0.9999999815079911,0.1555625022070709,0.9999500200419471,0.0897600485859269,169,169,0,0.01,2.4237287044525146,2.9849963188171387,3.4798200130462646,1.4357300000830209,0.18490542471408844,7.33501672744751,1.6043416261672974,6.45676851272583,0.880266365114592,0.6240096092224121
gpu_seed1101_ckpt75_optimizer_reset,1101,75,optimizer_reset,95,24.1008358001709,0.14187451489429923,0.19959497451782227,4.5794688642038786,0.0005,3.031591256459554,3.2311862309773765,20.78195294737816,48.65031082928181,52.3699154406786,0.11551673710346222,0.1532198041677475,0.1852283924818039,0.07093047350645065,1.1597002390100344,0.3288903312132224,1.2328310895306673,0.06066659837961197,0.5665563941001892,2.781233549118042,169.92886352539062,170.85748291015625,2.9602789878845215,3.4101860523223877,170,95,0.999999983357192,0.15640693970486386,0.9999550180377524,0.09067028853734094,170,170,0,0.01,3.021937370300293,3.045771360397339,3.8714563846588135,1.281117346344217,0.18582165241241455,7.330995082855225,1.6053400039672852,6.452666759490967,0.8801897541277502,0.6238431930541992
gpu_seed1101_ckpt75_optimizer_reset,1101,75,optimizer_reset,96,24.103744506835938,0.14189163759288503,0.2056276798248291,5.0831984710501885,0.0005,3.1030538082122803,3.3086814880371094,20.890178218483925,48.802038699388504,52.549662709236145,0.1082252711057663,0.15172787010669708,0.17974726855754852,0.07383850961923599,1.1538314443630477,0.3290496621580579,1.232047856815226,0.0572771392762661,0.7641515731811523,2.865903377532959,169.92758178710938,170.85601806640625,2.9644768238067627,3.216517210006714,171,96,0.9999999850214727,0.157250532765159,0.9999595162339772,0.09157961824880367,171,171,0,0.01,2.6556966304779053,3.0103518962860107,3.606375217437744,1.3579771032760626,0.19444428384304047,7.324343204498291,1.604552984237671,6.446341037750244,0.8801254744302948,0.6239327192306519
gpu_seed1101_ckpt75_optimizer_reset,1101,75,optimizer_reset,97,24.107542037963867,0.1419139925390387,0.40527478853861476,11.55979715630902,0.0005,3.141251564025879,3.5465263525644937,20.9887378141284,48.94253474473953,52.71545968949795,0.09855959564447403,0.14049604535102844,0.16579698026180267,0.07093454152345657,1.1485941770988688,0.32921427999357616,1.2313190587561682,0.05305870249867439,0.9916321635246277,2.9797587394714355,169.92640686035156,170.8545684814453,3.0062451362609863,2.990849494934082,172,97,0.9999999865193254,0.15809328223239383,0.9999635646105794,0.09248803863055488,172,172,0,0.01,2.04585599899292,2.78192138671875,3.123796224594116,1.5268895885782232,0.19033150374889374,7.318579196929932,1.6045950651168823,6.440074920654297,0.8799624554660775,0.6242578029632568
gpu_seed1101_ckpt75_optimizer_reset,1101,75,optimizer_reset,98,24.111778259277344,0.14193892992497906,0.327339013417562,8.708977457332551,0.0005,3.112983147303263,3.440322160720825,21.08775967359543,49.08372065424919,52.881858468055725,0.09902185946702957,0.1411859095096588,0.1663987785577774,0.07332466542720795,1.143401605124855,0.3292218590352595,1.2326242450230664,0.05350096896290779,0.9769567251205444,3.0679433345794678,169.9253692626953,170.8531036376953,3.127434492111206,3.6022274494171143,173,98,0.999999987867393,0.15893518895016145,0.9999672081495214,0.09339555059192428,173,173,0,0.01,2.070038080215454,2.7778170108795166,3.0611274242401123,1.4787783149960336,0.22875960171222687,7.313276290893555,1.6064733266830444,6.43332052230835,0.8796769418267706,0.6246350407600403
gpu_seed1101_ckpt75_optimizer_reset,1101,75,optimizer_reset,99,24.116350173950195,0.14196584343875623,0.294135014216105,7.125324952196966,0.0005,3.0367019971211753,3.3308370113372803,21.187438294291496,49.24199625849724,53.063038393855095,0.09967862069606781,0.15827560424804688,0.1811799257993698,0.06848178058862686,1.1382381314331282,0.3293533700748045,1.2335018194585698,0.057521358132362366,0.9913095831871033,3.0885567665100098,169.92437744140625,170.85147094726562,3.313538074493408,4.114903926849365,174,99,0.9999999890806536,0.1597762537612113,0.9999704873345694,0.09430215504133233,174,174,0,0.01,2.2427749633789062,3.279137372970581,3.5818541049957275,1.5970635322225117,0.2007719725370407,7.308026313781738,1.608532428741455,6.42741584777832,0.87950091745789,0.6245301365852356
gpu_seed1101_ckpt75_optimizer_reset,1101,75,optimizer_reset,100,24.121387481689453,0.1419954965843071,0.333259423573812,7.938840987484454,0.0005,2.9993483225504556,3.3326077461242676,21.289877884089947,49.395417392253876,53.239710703492165,0.10243958979845047,0.15342113375663757,0.1766723096370697,0.08967738598585129,1.1329979257285632,0.32941810665145793,1.2346627335443423,0.05550571531057358,1.0623221397399902,3.1336705684661865,169.9234161376953,170.8498992919922,2.832961082458496,3.2879438400268555,175,100,0.9999999901725882,0.16061647750745012,0.9999734386011124,0.09520785288629108,175,175,1,0.01,2.5720643997192383,3.1624627113342285,3.470540761947632,1.3493210987738566,0.2810424268245697,7.3025803565979,1.6091852188110352,6.420950412750244,0.8792714491594769,0.6249807476997375
gpu_seed1101_ckpt150_optimizer_reset,1101,150,optimizer_reset,1,3.449343681335449,0.020296055499326192,20.649147113164265,24188953150.4294,0.0005,3.260014772415161,23.909161885579426,0.11851271986961365,3.471356153488159,3.449343204498291,0.11851271986961365,3.471356153488159,3.449343204498291,0.20222210884094238,29.105261317951967,0.08069844221075045,0.4812819225965358,0.7719321250915527,25.303680419921875,7.4473876953125,169.95022583007812,169.9777069091797,3.4184396266937256,3.4184396266937256,151,1,0.9999998767976689,0.14021726069964668,0.09999999999999998,0.0010000000000000009,151,151,0,0.01,2.996821641921997,1.5580697059631348,2.7239973545074463,0.9089621205349794,0.4270872175693512,7.43639612197876,0.00447994377464056,7.435065746307373,0.9998210994074865,0.2972145676612854
gpu_seed1101_ckpt150_optimizer_reset,1101,150,optimizer_reset,2,5.001553058624268,0.029429308250710887,17.44193983078003,929755828.8901211,0.0005,3.2084927558898926,20.650432586669922,0.24540558457374573,6.139540672302246,6.105441570281982,0.12689286470413208,2.668184518814087,2.6560983657836914,0.11880869418382645,20.38076300215936,0.1037260920163206,0.5301616890308383,0.5995489954948425,16.37636947631836,8.11871337890625,169.94886779785156,170.00344848632812,3.8356356620788574,24.12786102294922,152,2,0.9999998891179019,0.14107704343894711,0.18999999999999995,0.001998999999999973,152,152,0,0.01,2.8651554584503174,9.20170783996582,9.645120620727539,3.3663515856626325,-0.002803165465593338,7.430473327636719,0.48431578278541565,7.387100696563721,0.9941628710364018,0.12188258767127991
gpu_seed1101_ckpt150_optimizer_reset,1101,150,optimizer_reset,3,6.314088344573975,0.03715231049969106,11.727885723114014,2844715.320845511,0.0005,3.133095900217692,14.860981623331705,0.36697784066200256,8.436784267425537,8.39711308479309,0.12157225608825684,2.297243595123291,2.2916715145111084,0.07223819196224213,17.20563926466675,0.12208846288618111,0.5854302183745866,0.5019204616546631,9.206704139709473,9.025962829589844,169.94769287109375,170.0334014892578,3.107962131500244,21.24219512939453,153,3,0.9999999002061117,0.1419359663955081,0.2709999999999999,0.002997000999999999,153,153,0,0.01,2.6175646781921387,13.861923217773438,14.233738899230957,5.4377792525288315,-0.04953595995903015,7.425320625305176,0.6873500943183899,7.37970495223999,0.9938567402852985,0.11244455724954605
gpu_seed1101_ckpt150_optimizer_reset,1101,150,optimizer_reset,4,7.619903564453125,0.044835771651428546,10.0187296072642,469811.3520450848,0.0005,3.041401465733846,13.060131072998047,0.48409345000982285,10.473754167556763,10.43151330947876,0.11711560934782028,2.0369699001312256,2.034400224685669,0.05067580193281174,15.740563241008049,0.1438266045548815,0.6698810907159168,0.4263807535171509,9.755617141723633,9.968851089477539,169.9466094970703,170.07284545898438,3.0233144760131836,12.39597225189209,154,4,0.9999999101855006,0.14279403042911265,0.3439,0.003994003998999962,154,154,0,0.01,2.857842445373535,14.527567863464355,14.964046478271484,5.236134169149541,-0.05666535347700119,7.4210286140441895,0.7143372297286987,7.336817264556885,0.9886523346199036,0.1653469055891037
gpu_seed1101_ckpt150_optimizer_reset,1101,150,optimizer_reset,5,8.795534133911133,0.051753221893784875,12.162044922510782,3948388.8081322815,0.0005,3.02677845954895,15.188823382059732,0.5942282304167747,12.313629508018494,12.270392894744873,0.1101347804069519,1.839875340461731,1.8388795852661133,0.03896866366267204,14.801609354249956,0.16430614116926748,0.7692040881304707,0.378847599029541,14.464009284973145,10.09415054321289,169.94554138183594,170.1147918701172,2.827179193496704,12.85685920715332,155,5,0.9999999191669505,0.1436512363986835,0.40950999999999993,0.004990009995000988,155,155,0,0.01,2.7354493141174316,14.281688690185547,14.736331939697266,5.38717053305973,-0.0730816200375557,7.414056301116943,0.8069354891777039,7.243327617645264,0.9769722974120204,0.26355937123298645
gpu_seed1101_ckpt150_optimizer_reset,1101,150,optimizer_reset,6,9.839486122131348,0.05789587088704095,10.877386490503948,1153549.7751591783,0.0005,3.0809868971506753,13.958373387654623,0.7102053388953209,14.056878328323364,14.01327919960022,0.11597710847854614,1.7432488203048706,1.7428863048553467,0.0363909937441349,13.854424323847223,0.18227414866473066,0.8482715810909612,0.402058869600296,13.183669090270996,8.743616104125977,169.94435119628906,170.15631103515625,2.868823528289795,16.761157989501953,156,6,0.9999999272502554,0.1445075851622848,0.46855899999999995,0.0059850199850060015,156,156,0,0.01,2.9066286087036133,14.03711986541748,14.420955657958984,4.961402917033118,-0.0303268451243639,7.407590389251709,0.8437804579734802,7.205657005310059,0.9727396665674677,0.29301202297210693
gpu_seed1101_ckpt150_optimizer_reset,1101,150,optimizer_reset,7,10.798666954040527,0.06353972351432728,7.87413207689921,63801.228692923265,0.0005,3.1897761821746826,11.063908259073893,0.8210202902555466,15.741663098335266,15.696977496147156,0.11081495136022568,1.6847847700119019,1.683698296546936,0.04268936812877655,13.152740659632464,0.19839279352489397,0.9238435645349351,0.374077171087265,8.298322677612305,7.711643695831299,169.9431915283203,170.19952392578125,3.0755183696746826,16.319395065307617,157,7,0.99999993452523,0.14536307757712252,0.5217030999999999,0.006979034965020947,157,157,0,0.01,2.5579092502593994,14.631598472595215,14.794106483459473,5.78367136439786,0.023525837808847427,7.400689125061035,0.8659321069717407,7.186249732971191,0.9710244021243026,0.3025558888912201
gpu_seed1101_ckpt150_optimizer_reset,1101,150,optimizer_reset,8,11.7247896194458,0.06898906076592061,6.426626046498617,15576.254880775248,0.0005,3.2284960746765137,9.65512212117513,0.9276507869362831,17.359713315963745,17.31343162059784,0.10663049668073654,1.618050217628479,1.6164541244506836,0.04791086167097092,12.639227804846884,0.21383769668168784,0.9965748473180293,0.3539912700653076,5.822800159454346,7.462108612060547,169.94203186035156,170.24606323242188,2.7934553623199463,10.898622512817383,158,8,0.999999941072707,0.14621771449954546,0.5695327899999999,0.00797205593005601,158,158,0,0.01,2.3336238861083984,14.408332824707031,14.395392417907715,6.1686857524875665,0.08652473241090775,7.394761085510254,0.8853822350502014,7.148853302001953,0.966745675666099,0.3329894542694092
gpu_seed1101_ckpt150_optimizer_reset,1101,150,optimizer_reset,9,12.567962646484375,0.07395031952506062,7.1099512577056885,29635.017119421795,0.0005,3.187577962875366,10.297529220581055,1.0273642465472221,18.892041444778442,18.845006585121155,0.09971345961093903,1.5323281288146973,1.5315749645233154,0.04008813202381134,12.233210070051296,0.22836984440280392,1.075016438815357,0.35000988841056824,8.009119033813477,7.915375709533691,169.94085693359375,170.2929229736328,2.914482831954956,8.595067977905273,159,9,0.9999999469654363,0.14707149678504594,0.6125795109999999,0.00896408387412595,159,159,0,0.01,2.0590591430664062,13.321880340576172,13.378146171569824,6.4972131648633615,0.049897097051143646,7.389994144439697,0.8956906795501709,7.1333723068237305,0.9652744193566084,0.3421343266963959
gpu_seed1101_ckpt150_optimizer_reset,1101,150,optimizer_reset,10,13.379067420959473,0.0787228875957904,7.433706998825073,38159.58938949319,0.0005,3.1164165337880454,10.550123532613119,1.1276763454079628,20.320492267608643,20.273914337158203,0.10031209886074066,1.4284508228302002,1.4289077520370483,0.03055640310049057,11.864279565168516,0.2414238265759133,1.1235557531522191,0.3302937150001526,7.426945686340332,8.347322463989258,169.93966674804688,170.3401641845703,3.3324527740478516,10.414591789245605,160,10,0.9999999522688926,0.14792442528826089,0.6513215599,0.009955119790251765,160,160,0,0.01,2.343132495880127,12.502641677856445,12.72050666809082,5.428846508019308,-8.507168240612373e-05,7.3837361335754395,0.9041926264762878,7.100050449371338,0.9615796557361952,0.3689466714859009
gpu_seed1101_ckpt150_optimizer_reset,1101,150,optimizer_reset,11,14.13219165802002,0.08315429621302352,6.957240343093872,22634.455085753576,0.0005,3.0709404150644937,10.028180758158365,1.2310641184449196,21.71353542804718,21.668413519859314,0.10338777303695679,1.3930431604385376,1.3944991827011108,0.023017533123493195,11.479655239940163,0.25372673056964545,1.178258526770383,0.3332245945930481,6.5665130615234375,8.935856819152832,169.9385223388672,170.3873291015625,3.184995651245117,10.742881774902344,161,11,0.9999999570420034,0.14877650086297256,0.6861894039099999,0.010945164670461582,161,161,0,0.01,2.780090570449829,12.945947647094727,13.250500679016113,4.766211870884252,-0.0034635215997695923,7.378027439117432,0.9502506852149963,7.064352989196777,0.9574853234811046,0.3874766528606415
gpu_seed1101_ckpt150_optimizer_reset,1101,150,optimizer_reset,12,14.854599952697754,0.08740497118092824,6.416508436203003,13224.246881254254,0.0005,3.0749345620473227,9.491442998250326,1.3334135711193085,22.996684312820435,22.953091979026794,0.10234945267438889,1.2831488847732544,1.2846784591674805,0.02492881566286087,11.14027956098962,0.2648231164732351,1.2240638048459582,0.30073413252830505,6.052481651306152,8.637414932250977,169.93740844726562,170.43394470214844,3.2518343925476074,9.325329780578613,162,12,0.999999961337803,0.14962772436210958,0.7175704635189999,0.0119342195057911,162,162,0,0.01,2.833610773086548,11.575602531433105,11.889344215393066,4.195828279703442,0.01017396803945303,7.371616840362549,0.953538715839386,7.05066442489624,0.9564610556384425,0.39393994212150574
gpu_seed1101_ckpt150_optimizer_reset,1101,150,optimizer_reset,13,15.531580924987793,0.09138835023936606,5.424875338872274,4990.439682262427,0.0005,3.0948193073272705,8.519694646199545,1.4329324886202812,24.246453642845154,24.203954458236694,0.09951891750097275,1.2497693300247192,1.2508624792099,0.028826221823692322,10.839017921864379,0.2750257686648979,1.2626739634201214,0.30755317211151123,4.514382839202881,7.866233825683594,169.93638610839844,170.47857666015625,2.968975782394409,9.717612266540527,163,13,0.9999999652040227,0.15047809663774747,0.7458134171670999,0.012922285286285251,163,163,0,0.01,2.443833589553833,11.25805950164795,11.429644584655762,4.6769324366057905,0.03779034689068794,7.365893363952637,0.9586499333381653,7.0361008644104,0.9552270874355666,0.40139004588127136
gpu_seed1101_ckpt150_optimizer_reset,1101,150,optimizer_reset,14,16.169963836669922,0.09514461699684545,5.109293381373089,3721.578524349815,0.0005,3.118668476740519,8.227961858113607,1.5320791825652122,25.422245502471924,25.38102126121521,0.09914669394493103,1.17579185962677,1.1770668029785156,0.02929670177400112,10.554261177014002,0.28406751543256925,1.2823655293705214,0.2876957356929779,5.212027072906494,7.6482834815979,169.93544006347656,170.52236938476562,2.866837739944458,9.053974151611328,164,14,0.9999999686836204,0.15132761854110977,0.7712320754503899,0.013909363000998987,164,164,0,0.01,2.2358925342559814,10.523341178894043,10.61003303527832,4.745323343013077,0.0673021748661995,7.359982967376709,0.9677179455757141,7.011648654937744,0.9526718588909896,0.41717851161956787
gpu_seed1101_ckpt150_optimizer_reset,1101,150,optimizer_reset,15,16.771148681640625,0.0986820090650534,5.734469652175903,7026.656531954612,0.0005,3.126234451929728,8.860704104105631,1.6276496425271034,26.5491886138916,26.508914589881897,0.09557045996189117,1.1269431114196777,1.127893328666687,0.03245491161942482,10.30390585506552,0.292232968626049,1.2961481670059638,0.2760835886001587,6.575113773345947,7.470417499542236,169.9344482421875,170.5654754638672,2.85302734375,8.375693321228027,165,15,0.9999999718152583,0.15217629092256868,0.794108867905351,0.014895453637998046,165,165,0,0.01,2.266525983810425,9.984253883361816,10.041638374328613,4.430409554556459,0.08811429888010025,7.356217384338379,0.976492702960968,6.991143703460693,0.9503720918231849,0.43095678091049194
gpu_seed1101_ckpt150_optimizer_reset,1101,150,optimizer_reset,16,17.341081619262695,0.10203551384785112,4.9354763825734445,3297.536580354958,0.0005,3.1726675828297934,8.108143965403238,1.726108729839325,27.577714443206787,27.539413332939148,0.09845908731222153,1.0285258293151855,1.030498743057251,0.027807692065835,10.046343732278583,0.29995809531326545,1.3169592515318607,0.25455600023269653,5.376395225524902,7.003649711608887,169.93344116210938,170.60699462890625,3.574979305267334,10.187365531921387,166,16,0.9999999746337326,0.1530241146316461,0.8146979811148158,0.015880558184360072,166,166,0,0.01,2.57063889503479,8.737149238586426,9.015973091125488,3.5072888333466072,0.03691396489739418,7.350577354431152,0.990989625453949,6.971428871154785,0.9484192240968999,0.44013771414756775
gpu_seed1101_ckpt150_optimizer_reset,1101,150,optimizer_reset,17,17.879560470581055,0.10520394171739283,4.286638180414836,1833.8163150055777,0.0005,3.2413628101348877,7.528000990549724,1.8277090191841125,28.593478083610535,28.55713987350464,0.1016002893447876,1.0157636404037476,1.0177265405654907,0.03067423775792122,9.782498353349862,0.30694580310132374,1.3354653127013272,0.25827836990356445,5.109122276306152,6.429998874664307,169.932373046875,170.64706420898438,3.0067803859710693,8.163216590881348,167,17,0.9999999771703593,0.15387109051701442,0.8332281830033342,0.016864677626175606,167,167,0,0.01,2.2939682006835938,8.450510025024414,8.63974666595459,3.7662887669394074,0.0523129478096962,7.343621253967285,0.9936646223068237,6.9590864181518555,0.9476368915936891,0.44450995326042175
gpu_seed1101_ckpt150_optimizer_reset,1101,150,optimizer_reset,18,18.376672744750977,0.10812896724052155,5.025486151377361,3754.225263588122,0.0005,3.2117411295572915,8.237227280934652,1.926876999437809,29.67159628868103,29.637383222579956,0.09916798025369644,1.0781182050704956,1.0802433490753174,0.02454054169356823,9.537024288578394,0.31417354267301945,1.3720967073946426,0.2949230968952179,4.513970851898193,5.867465019226074,169.93128967285156,170.6859893798828,2.9300453662872314,8.579241752624512,168,18,0.9999999794533234,0.1547172194264974,0.8499053647030008,0.017847812948549535,168,168,0,0.01,2.0376503467559814,9.6400146484375,9.724200248718262,4.7722614746905885,0.0641922876238823,7.338345527648926,1.0096849203109741,6.942852973937988,0.9461060327260725,0.449939101934433
gpu_seed1101_ckpt150_optimizer_reset,1101,150,optimizer_reset,19,18.842424392700195,0.11086946577270035,4.831892808278401,2719.819017706153,0.0005,3.0844311714172363,7.916323979695638,2.0340966805815697,30.723040461540222,30.691595673561096,0.10721968114376068,1.051444172859192,1.0542124509811401,0.025134079158306122,9.263288501755818,0.32044976053465163,1.398888375760104,0.26255160570144653,3.870176315307617,5.9893951416015625,169.9301300048828,170.72332763671875,3.2623298168182373,9.344319343566895,169,19,0.9999999815079911,0.1555625022070709,0.8649148282327007,0.01882996513560098,169,169,0,0.01,2.4237287044525146,10.40212631225586,10.57016372680664,4.36111669898712,0.04661092534661293,7.33501672744751,1.044266939163208,6.902212619781494,0.9409948029092543,0.47341394424438477
gpu_seed1101_ckpt150_optimizer_reset,1101,150,optimizer_reset,20,19.294517517089844,0.1135295970878622,4.591972986857096,2025.1108320276383,0.0005,3.031591256459554,7.62356424331665,2.149613417685032,31.703404664993286,31.676020205020905,0.11551673710346222,0.980364203453064,0.9844245314598083,0.023692678660154343,8.975808095699168,0.32650858667467886,1.4272601108622933,0.24476264417171478,3.957069158554077,6.343546390533447,169.92886352539062,170.76043701171875,2.9602789878845215,6.8341064453125,170,20,0.999999983357192,0.15640693970486386,0.8784233454094307,0.01981113517046529,170,170,0,0.01,3.021937370300293,9.465575218200684,9.807579040527344,3.2454607222880694,0.044409509748220444,7.330995082855225,1.050679087638855,6.888788223266602,0.9396798313746331,0.4798433780670166
gpu_seed1101_ckpt150_optimizer_reset,1101,150,optimizer_reset,21,19.729692459106445,0.11609018124271958,4.816116730372111,2727.223661000135,0.0005,3.1030538082122803,7.919170538584392,2.257838688790798,32.6337114572525,32.61053013801575,0.1082252711057663,0.9303067922592163,0.9345099329948425,0.01924179494380951,8.738309143628008,0.3322775665504486,1.4522207992086251,0.24201752245426178,4.2570414543151855,6.654865741729736,169.92758178710938,170.7968292236328,2.9644768238067627,6.743546009063721,171,21,0.9999999850214727,0.157250532765159,0.8905810108684876,0.020791324035294823,171,171,0,0.01,2.6556966304779053,8.654844284057617,8.963911056518555,3.37535204648058,0.03496609628200531,7.324343204498291,1.0525847673416138,6.878178596496582,0.9390846939383407,0.482820063829422
gpu_seed1101_ckpt150_optimizer_reset,1101,150,optimizer_reset,22,20.136770248413086,0.11848544079572297,4.158701101938884,1457.0970597439134,0.0005,3.141251564025879,7.299952665964763,2.356398284435272,33.51494002342224,33.49597930908203,0.09855959564447403,0.8812285661697388,0.8854491710662842,0.012996328063309193,8.545571596030278,0.3375433536472814,1.47110017592107,0.2352467179298401,4.302528381347656,6.877757549285889,169.92640686035156,170.83126831054688,3.0062451362609863,10.264020919799805,172,22,0.9999999865193254,0.15809328223239383,0.9015229097816388,0.021770532711259616,172,172,0,0.01,2.04585599899292,7.6800336837768555,7.9577412605285645,3.8896878687658867,-0.005002300255000591,7.318579196929932,1.061102032661438,6.862795829772949,0.9377224246819497,0.48865625262260437
gpu_seed1101_ckpt150_optimizer_reset,1101,150,optimizer_reset,23,20.522369384765625,0.12075431922446608,4.5230389436086025,2048.999188087472,0.0005,3.112983147303263,7.636022090911865,2.455420143902302,34.35675323009491,34.34204292297363,0.09902185946702957,0.8418132066726685,0.8460636138916016,0.015781830996274948,8.357986895123325,0.34236213017184414,1.4870342140352057,0.22753554582595825,5.440622806549072,7.135860919952393,169.9253692626953,170.86436462402344,3.127434492111206,7.266883373260498,173,23,0.999999987867393,0.15893518895016145,0.9113706188034749,0.022748762178548265,173,173,0,0.01,2.070038080215454,7.098343372344971,7.357976913452148,3.55451282938851,0.018092963844537735,7.313276290893555,1.0637308359146118,6.853762149810791,0.9371671296412136,0.49113860726356506
gpu_seed1101_ckpt150_optimizer_reset,1101,150,optimizer_reset,24,20.89087677001953,0.12292262920862203,4.447085380554199,1758.1292366094863,0.0005,3.0367019971211753,7.483787377675374,2.5550987645983696,35.148744344711304,35.137740314006805,0.09967862069606781,0.791991114616394,0.7956973910331726,0.025660239160060883,8.176152350531602,0.3466554393573629,1.4949154135471479,0.21121887862682343,5.670914649963379,7.003551959991455,169.92437744140625,170.89602661132812,3.313538074493408,8.760411262512207,174,24,0.9999999890806536,0.1597762537612113,0.9202335569231275,0.023726013416369818,174,174,0,0.01,2.2427749633789062,6.415795803070068,6.593550682067871,2.9399073869325076,0.0944308266043663,7.308026313781738,1.0689148902893066,6.841920852661133,0.9362200625574455,0.495281845331192
gpu_seed1101_ckpt150_optimizer_reset,1101,150,optimizer_reset,25,21.23879623413086,0.12496979916478176,4.2327656745910645,1363.0709248900607,0.0005,2.9993483225504556,7.2321139971415205,2.65753835439682,35.9201003909111,35.91351920366287,0.10243958979845047,0.7713560461997986,0.7757788896560669,0.02310343086719513,7.991905817270292,0.3504236591458387,1.498828138451037,0.213056743144989,5.163341045379639,6.59109354019165,169.9234161376953,170.92605590820312,2.832961082458496,7.460179328918457,175,25,0.9999999901725882,0.16061647750745012,0.9282102012308147,0.024702287402953438,175,175,1,0.01,2.5720643997192383,6.256976127624512,6.563296794891357,2.5517622325495593,0.08352510631084442,7.3025803565979,1.0721617937088013,6.831660747528076,0.9355132588653704,0.4984722137451172
gpu_seed1101_ckpt150_optimizer_reset,1101,150,optimizer_reset,26,21.568721771240234,0.12691109224266503,4.038137515385946,1139.4586207185494,0.0005,3.0179585615793862,7.056096076965332,2.756566196680069,36.665441393852234,36.66367816925049,0.0990278422832489,0.7453410029411316,0.750158965587616,0.017621617764234543,7.824488959201913,0.35364466397943267,1.4931245684728485,0.20592144131660461,5.329996109008789,6.265349388122559,169.9225311279297,170.954833984375,2.8657143115997314,5.850028038024902,176,26,0.9999999911553294,0.16145586102994258,0.9353891811077333,0.025677585115550405,176,176,0,0.01,2.5365023612976074,6.486229419708252,7.019050121307373,2.7672160800646153,-0.023159073665738106,7.296638488769531,1.0896763801574707,6.803669452667236,0.932438884444944,0.511787474155426
gpu_seed1101_ckpt150_optimizer_reset,1101,150,optimizer_reset,27,21.877849578857422,0.12873001077308946,3.473980267842611,705.9766499229831,0.0005,3.1170857747395835,6.591066042582194,2.8546022921800613,37.402118504047394,37.4045313000679,0.09803609549999237,0.7366771101951599,0.7408531308174133,0.023822195827960968,7.664062219378949,0.35706333878257107,1.5022141401983604,0.20019172132015228,3.8654966354370117,6.086113452911377,169.92166137695312,170.9818878173828,2.881002426147461,6.595539093017578,177,27,0.9999999920397965,0.1622944051689127,0.94185026299696,0.026651907530434893,177,177,0,0.01,2.7024362087249756,6.8238935470581055,7.133053779602051,2.639490159497539,0.08102089166641235,7.290693283081055,1.108528733253479,6.780389308929443,0.9300061113067581,0.520256519317627
gpu_seed1101_ckpt150_optimizer_reset,1101,150,optimizer_reset,28,22.170677185058594,0.13045301836417206,3.2965857982635494,607.4293557219548,0.0005,3.1503616174062095,6.446947415669759,2.9421683624386787,38.117485761642456,38.1231575012207,0.0875660702586174,0.7153672575950623,0.7186262011528015,0.023902302607893944,7.535488950290533,0.3603831679196699,1.5170712636576362,0.19062845408916473,3.760806083679199,6.168589115142822,169.9207000732422,171.00753784179688,2.6741347312927246,6.768103122711182,178,28,0.9999999928358169,0.1631321107637438,0.9476652366972639,0.02762525562290441,178,178,0,0.01,1.8796383142471313,6.322305679321289,6.421170234680176,3.416173306324993,0.09564246982336044,7.287216663360596,1.1125633716583252,6.772312641143799,0.9293414693148053,0.5227948427200317
gpu_seed1101_ckpt150_optimizer_reset,1101,150,optimizer_reset,29,22.447338104248047,0.13208090061920724,3.831812302271525,958.1430745462944,0.0005,3.0550933678944907,6.886905670166016,3.0333615615963936,38.780095875263214,38.789988696575165,0.09119319915771484,0.6626101136207581,0.6668311953544617,0.022378573194146156,7.40015248707348,0.36342323428082757,1.5289010156698,0.17707549035549164,4.096652030944824,6.219679355621338,169.9196319580078,171.03204345703125,3.10880446434021,6.446884632110596,179,29,0.9999999935522351,0.16396897865298,0.9528987130275375,0.02859763036728158,179,179,0,0.01,2.0460867881774902,5.632063388824463,5.883966445922852,2.8757169441287473,0.055778466165065765,7.283855438232422,1.1156269311904907,6.764990329742432,0.9287650458070001,0.5251056551933289
gpu_seed1101_ckpt150_optimizer_reset,1101,150,optimizer_reset,30,22.707355499267578,0.1336108518121436,2.9358898798624677,355.1171650684659,0.0005,2.9911022186279297,5.926992098490397,3.125680945813656,39.443046033382416,39.45713824033737,0.09231938421726227,0.6629501581192017,0.667149543762207,0.023995909839868546,7.264770746890576,0.366366957831993,1.5421288228208367,0.17376908659934998,3.16231107711792,6.035403728485107,169.9185333251953,171.05502319335938,2.5960211753845215,6.054245471954346,180,30,0.9999999941970117,0.1648050096743271,0.9576088417247838,0.029569032736914247,180,180,0,0.01,2.2772111892700195,5.700526237487793,6.088854789733887,2.673820864055674,0.023400338366627693,7.2773213386535645,1.1289395093917847,6.747806549072266,0.9272376792309963,0.5295388102531433
gpu_seed1101_ckpt150_optimizer_reset,1101,150,optimizer_reset,31,22.953554153442383,0.13505949306410975,3.0509850978851314,384.3776962034358,0.0005,2.949108680089315,6.000093777974446,3.217719577252865,40.08950978517532,40.10745054483414,0.09203863143920898,0.6464637517929077,0.6503123044967651,0.029246702790260315,7.1334849424734195,0.3689505739417771,1.5416960063326342,0.16699424386024475,3.6213834285736084,5.907723426818848,169.91741943359375,171.07672119140625,3.1686837673187256,6.3731608390808105,181,31,0.9999999947773105,0.16564020466465268,0.9618479575523053,0.030539463704177372,181,181,0,0.01,2.0991246700286865,5.427964210510254,5.741957664489746,2.735405736720031,0.03945247083902359,7.271169185638428,1.1304253339767456,6.739382743835449,0.9268636957513988,0.5309609770774841
gpu_seed1101_ckpt150_optimizer_reset,1101,150,optimizer_reset,32,23.185775756835938,0.13642589287405657,2.92601728439331,339.86939025700565,0.0005,2.957644780476888,5.883662064870198,3.3119379356503487,40.7064334154129,40.72859847545624,0.09421835839748383,0.6169236302375793,0.6211479306221008,0.03137315809726715,7.000667345620431,0.37137600159223255,1.5339529012113842,0.15453526377677917,4.053988933563232,5.8041205406188965,169.91635131835938,171.0970001220703,2.9760003089904785,5.967968463897705,182,32,0.9999999952995794,0.1664745644599881,0.9656631617970749,0.031508924240473246,182,182,0,0.01,2.1767821311950684,4.9770097732543945,5.2922139167785645,2.4312097388775746,0.06929555535316467,7.264976501464844,1.1318248510360718,6.73012638092041,0.9263796489310712,0.5330564975738525
gpu_seed1101_ckpt150_optimizer_reset,1101,150,optimizer_reset,33,23.404743194580078,0.1377143047226781,3.1774595578511557,449.1338081430551,0.0005,2.9724467595418296,6.149906317392985,3.4092085510492325,41.311243414878845,41.33808583021164,0.09727061539888382,0.6048099994659424,0.6094873547554016,0.03214206546545029,6.86515443221274,0.3735695494077268,1.5236063620805131,0.14843952655792236,4.554477214813232,5.732351779937744,169.9153289794922,171.1160125732422,2.92635178565979,5.721654891967773,183,33,0.9999999957696215,0.16730808989552803,0.9690968456173674,0.032477415316232716,183,183,0,0.01,2.1410956382751465,4.766109466552734,5.0662360191345215,2.366188566529183,0.08002893626689911,7.259544849395752,1.1345340013504028,6.721142292022705,0.9258352185235433,0.5351014733314514
gpu_seed1101_ckpt150_optimizer_reset,1101,150,optimizer_reset,34,23.609943389892578,0.13892170964874292,2.349891503651937,192.5852739720421,0.0005,3.010887304941813,5.36077880859375,3.503336824476719,41.94018793106079,41.97094506025314,0.09412827342748642,0.6289445161819458,0.6328592300415039,0.033112142235040665,6.739273033906002,0.3756421968872998,1.5288930184186855,0.15376047790050507,3.3246805667877197,5.4045562744140625,169.914306640625,171.1333770751953,3.015549659729004,7.1293721199035645,184,34,0.9999999961926593,0.16814078180563252,0.9721871610556306,0.033444937900916516,184,184,0,0.01,2.0162158012390137,5.274712085723877,5.525686264038086,2.7406224376575543,0.0636814758181572,7.25321102142334,1.1481056213378906,6.710771083831787,0.9252138210248801,0.5339429974555969
gpu_seed1101_ckpt150_optimizer_reset,1101,150,optimizer_reset,35,23.80812644958496,0.14008782551023505,3.12044620513916,452.6473318840883,0.0005,3.0398082733154297,6.16025447845459,3.596921883523464,42.58961910009384,42.62380129098892,0.0935850590467453,0.6494311690330505,0.6528562307357788,0.035356346517801285,6.619027941261942,0.3775075587855562,1.5349890043104715,0.1598496437072754,4.246351718902588,5.695681095123291,169.913330078125,171.1502685546875,2.830233573913574,6.281173229217529,185,35,0.9999999965733934,0.16897264102382692,0.9749684449500675,0.0344114929630156,185,185,0,0.01,1.9511029720306396,5.678203105926514,5.920777797698975,3.034579867168057,0.044823791831731796,7.2465057373046875,1.1581716537475586,6.695854187011719,0.9240114380287918,0.5372969508171082
gpu_seed1101_ckpt150_optimizer_reset,1101,150,optimizer_reset,36,23.993743896484375,0.1411800048788201,2.9432048797607426,371.5345165095454,0.0005,3.0285727183024087,5.971777598063151,3.69291652739048,43.281803369522095,43.31964945793152,0.09599464386701584,0.6921842694282532,0.6958481669425964,0.031072810292243958,6.497234291247991,0.37925743057097394,1.5475275339617423,0.1660776138305664,4.004428386688232,5.893233299255371,169.91233825683594,171.16590881347656,2.8358688354492188,6.15201997756958,186,36,0.999999996916054,0.16980366838280314,0.9774716004550608,0.035377081470052585,186,186,0,0.01,1.9509745836257935,5.895326614379883,6.106285095214844,3.1298639902645338,0.055403534322977066,7.239847660064697,1.1631717681884766,6.685964107513428,0.9234951371135283,0.5383000373840332
gpu_seed1101_ckpt150_optimizer_reset,1101,150,optimizer_reset,37,24.168973922729492,0.14221106431110095,4.0907643636067705,1279.335005542609,0.0005,3.0801992416381836,7.170963605244954,3.792505420744419,43.97415900230408,44.01530581712723,0.09958889335393906,0.6923556327819824,0.6956563591957092,0.038697853684425354,6.372825148916746,0.38071410540936507,1.5501320388863982,0.16355986893177032,4.264754772186279,6.146469593048096,169.91136169433594,171.18087768554688,3.03411865234375,6.371335983276367,187,37,0.9999999972244487,0.17063386471442032,0.9797244404095548,0.03634170438858253,187,187,0,0.01,2.1053805351257324,5.56270694732666,5.705143928527832,2.709792283789882,0.12072049826383591,7.233279228210449,1.168642282485962,6.670629501342773,0.9222137416354379,0.543513298034668
gpu_seed1101_ckpt150_optimizer_reset,1101,150,optimizer_reset,38,24.33844566345215,0.14320824179558483,3.5506720542907715,741.0483683395103,0.0005,3.086519241333008,6.637191295623779,3.891236498951912,44.67659401893616,44.721323132514954,0.09873107820749283,0.7024350166320801,0.7060173153877258,0.033901769667863846,6.254681685372079,0.38213406749212775,1.5483329191897859,0.16512954235076904,3.9393715858459473,6.317745208740234,169.91038513183594,171.1951446533203,2.7107715606689453,7.2905755043029785,188,38,0.9999999975020037,0.17146323084970583,0.9817519963685992,0.03730536268419393,188,188,0,0.01,2.0332438945770264,5.5021071434021,5.674939155578613,2.79107645212252,0.09843134135007858,7.227443695068359,1.1721259355545044,6.6609601974487305,0.9216204896888938,0.5454438924789429
gpu_seed1101_ckpt150_optimizer_reset,1101,150,optimizer_reset,39,24.50506591796875,0.1441886410382812,3.5340286890665693,688.9379816731245,0.0005,3.0307440757751465,6.564772764841716,3.9924014285206795,45.36925530433655,45.417057514190674,0.10116492956876755,0.6926612854003906,0.6957343816757202,0.04258117824792862,6.137926347512247,0.3835954291351305,1.5470949094950142,0.16981421411037445,3.9124746322631836,6.329899311065674,169.90939331054688,171.20895385742188,2.9760069847106934,7.734534740447998,189,39,0.9999999977518034,0.17229176761885612,0.9835767967317394,0.03826805732150973,189,189,0,0.01,1.990953803062439,5.490876197814941,5.55941915512085,2.792339604548678,0.14665447175502777,7.221002101898193,1.173363447189331,6.653031826019287,0.9213446737911176,0.5462626814842224
gpu_seed1101_ckpt150_optimizer_reset,1101,150,optimizer_reset,40,24.666221618652344,0.1451368866604283,3.012737035751343,378.13115013795937,0.0005,2.9729103247324624,5.985647360483806,4.090218171477318,46.029510498046875,46.08063584566116,0.09781674295663834,0.6602551937103271,0.6635783314704895,0.0400165431201458,6.030539346446962,0.385016874219142,1.5469403459945725,0.15688395500183105,3.126537322998047,6.201004981994629,169.908447265625,171.22210693359375,3.0441908836364746,6.608288764953613,190,40,0.9999999979766231,0.17311947585123733,0.9852191170585654,0.039229789264188186,190,190,0,0.01,2.1107704639434814,5.262638092041016,5.489315986633301,2.600621943693108,0.09083940833806992,7.214475154876709,1.1771222352981567,6.642027854919434,0.920652952894121,0.5485976338386536
gpu_seed1101_ckpt150_optimizer_reset,1101,150,optimizer_reset,41,24.824371337890625,0.1460674449855472,3.093067010243734,402.1850090571517,0.0005,2.9502689043680825,6.043335914611816,4.187864027917385,46.67198425531387,46.727253913879395,0.09764585644006729,0.6424737572669983,0.6466180682182312,0.033412981778383255,5.927692774263686,0.3864271444034236,1.5444047072215432,0.15140663087368011,3.8356142044067383,6.241795539855957,169.90745544433594,171.23536682128906,2.824371337890625,5.637633800506592,191,41,0.9999999981789608,0.17394635637538602,0.9866972053527089,0.040190559474924004,191,191,0,0.01,2.2703640460968018,5.155322074890137,5.538236618041992,2.4393606071946308,0.04527509585022926,7.208103179931641,1.1799105405807495,6.631586074829102,0.9200181947022398,0.5509170293807983
gpu_seed1101_ckpt150_optimizer_reset,1101,150,optimizer_reset,42,24.97808265686035,0.14697188761257945,2.8982217311859126,325.9312587803036,0.0005,2.9451633294423423,5.843385060628255,4.285732172429562,47.29809331893921,47.356840550899506,0.09786814451217651,0.6261090636253357,0.6295866370201111,0.04252433031797409,5.828194962237821,0.38816836769225077,1.552477879261957,0.15507450699806213,3.350947380065918,6.31455659866333,169.9063720703125,171.24774169921875,3.4359285831451416,6.172722816467285,192,42,0.9999999983610647,0.17477241001901067,0.988027484817438,0.0411503689154491,192,192,0,0.01,2.001655340194702,5.110063552856445,5.237841606140137,2.616754993208787,0.13121968507766724,7.202518463134766,1.1870709657669067,6.621098041534424,0.9192754000455268,0.552431583404541
gpu_seed1101_ckpt150_optimizer_reset,1101,150,optimizer_reset,43,25.12511444091797,0.1478370276290834,2.850024143854777,312.7111817939733,0.0005,2.9548391501108804,5.804863293965657,4.382305592298508,47.892737865448,47.955376625061035,0.09657341986894608,0.5946445465087891,0.5985360741615295,0.040774423629045486,5.733309535753799,0.3899141018876391,1.5629011541818598,0.15843632817268372,3.141616106033325,6.279904842376709,169.90530395507812,171.25926208496094,2.8823506832122803,6.436678409576416,193,43,0.9999999985249582,0.17559763760899172,0.9892247363356942,0.04210921854653371,193,193,0,0.01,1.9621025323867798,4.597410678863525,4.7689104080200195,2.430510296633936,0.12435591220855713,7.195888519287109,1.191020131111145,6.612671375274658,0.9189513369405077,0.5525919198989868
gpu_seed1101_ckpt150_optimizer_reset,1101,150,optimizer_reset,44,25.266315460205078,0.14866785922743056,2.409567356109619,201.94433599095692,0.0005,2.992575168609619,5.402142524719238,4.494908161461353,48.467684626579285,48.536936581134796,0.11260256916284561,0.5749467611312866,0.581559956073761,0.03885619714856148,5.621097150956039,0.3913679571106483,1.5624115796075149,0.15539801120758057,2.466118335723877,6.103177070617676,169.90402221679688,171.2703094482422,2.8872337341308594,5.6607232093811035,194,44,0.9999999986724624,0.17642203997138273,0.9903022627021247,0.043067109327987074,194,194,0,0.01,2.397865056991577,4.627696990966797,5.012251377105713,2.0902975179896575,0.09204062074422836,7.18950891494751,1.201509714126587,6.594102382659912,0.9171839774688058,0.5585887432098389
gpu_seed1101_ckpt150_optimizer_reset,1101,150,optimizer_reset,45,25.400915145874023,0.14945984835432183,2.7616159121195474,316.82532228234794,0.0005,3.06200901667277,5.823624928792317,4.601366549730301,49.041480123996735,49.117289304733276,0.1064583882689476,0.57379549741745,0.5803527235984802,0.030820775777101517,5.5202981269460745,0.39256645887061575,1.5828326424955406,0.1570575088262558,2.8598837852478027,5.877013683319092,169.9027862548828,171.28054809570312,2.755866765975952,5.266251564025879,195,45,0.9999999988052162,0.17724561793141136,0.9912720364319123,0.04402404221865919,195,195,0,0.01,2.1745498180389404,5.068620204925537,5.541719913482666,2.548444679219982,-0.013204861432313919,7.18257474899292,1.209268569946289,6.5763349533081055,0.9155957554398259,0.5643512606620789
gpu_seed1101_ckpt150_optimizer_reset,1101,150,optimizer_reset,46,25.531932830810547,0.15023076086711482,2.9065414269765215,375.21710057186334,0.0005,3.077178716659546,5.983720143636067,4.703864395618439,49.60436820983887,49.68618083000183,0.10249784588813782,0.5628880858421326,0.5688915252685547,0.03216266632080078,5.427863280792625,0.3935112412996506,1.618453713817786,0.15805093944072723,2.7530980110168457,5.4544782638549805,169.90171813964844,171.29043579101562,2.8010787963867188,4.834953308105469,196,46,0.9999999989246945,0.17806837231347994,0.992144832788721,0.044980018176440484,196,196,0,0.01,2.031271457672119,5.076752185821533,5.369428634643555,2.643383096021244,0.0518173910677433,7.17746639251709,1.2136493921279907,6.5664167404174805,0.9148655502256927,0.5665953755378723
gpu_seed1101_ckpt150_optimizer_reset,1101,150,optimizer_reset,47,25.658735275268555,0.15097687076161323,2.3412843545277915,206.99962065838545,0.0005,3.092584212621053,5.433868567148845,4.806031301617622,50.149348974227905,50.23755145072937,0.10216690599918365,0.5449807643890381,0.5513706207275391,0.03082435391843319,5.338861456567491,0.39454329410459454,1.6515906615221794,0.15140673518180847,2.0878641605377197,5.155094146728516,169.90066528320312,171.2998046875,2.746232271194458,5.781677722930908,197,47,0.9999999990322251,0.17889030394116645,0.9929303495098489,0.04593503815826405,197,197,0,0.01,2.074622392654419,4.5732340812683105,5.019010066986084,2.419240284282282,0.001479081460274756,7.170921802520752,1.2236346006393433,6.551222801208496,0.9135816819121734,0.5698778033256531
gpu_seed1101_ckpt150_optimizer_reset,1101,150,optimizer_reset,48,25.779672622680664,0.15168847022567913,2.3348243236541744,209.50460065824302,0.0005,3.111763079961141,5.4465874036153155,4.903392896056175,50.69138079881668,50.78475213050842,0.09736159443855286,0.5420318245887756,0.5472006797790527,0.036469124257564545,5.257517227185717,0.395718704507679,1.685502923061549,0.15222321450710297,2.58821702003479,5.21454381942749,169.89962768554688,171.30889892578125,2.8452134132385254,4.885659694671631,198,48,0.9999999991290026,0.1797114136372252,0.9936373145588641,0.046889103120105746,198,198,0,0.01,1.94003427028656,4.364377021789551,4.646368980407715,2.3949932491238983,0.07220771163702011,7.164797782897949,1.225812554359436,6.541597843170166,0.9130191864987108,0.5718309283256531
gpu_seed1101_ckpt150_optimizer_reset,1101,150,optimizer_reset,49,25.89609146118164,0.15237348262968178,2.493497371673584,247.40081059427231,0.0005,3.1037464141845703,5.597243785858154,4.997945658862591,51.22821265459061,51.326675951480865,0.09455276280641556,0.5368318557739258,0.5419238209724426,0.03395702689886093,5.181347143151966,0.39656781915087413,1.7112237372204158,0.14693348109722137,3.237917423248291,5.090595722198486,169.89866638183594,171.31759643554688,3.0179708003997803,5.606318473815918,199,49,0.9999999992161023,0.18053170222358805,0.9942735831029776,0.04784221401698563,199,199,0,0.01,2.035828113555908,4.492211818695068,4.790992736816406,2.353338528391671,0.0749533474445343,7.15801477432251,1.2303396463394165,6.530791282653809,0.9123746581357148,0.5734028816223145
gpu_seed1101_ckpt150_optimizer_reset,1101,150,optimizer_reset,50,26.009811401367188,0.15304261462423338,2.077722072601319,152.5986931885384,0.00025,3.083866755167643,5.161588827768962,5.097389779984951,51.77059733867645,51.87500959634781,0.09944412112236023,0.542384684085846,0.5483336448669434,0.03152267262339592,5.102574557568731,0.3971772554667853,1.7262572359777961,0.14861497282981873,2.622469663619995,4.930816650390625,169.8977813720703,171.3266143798828,2.7535877227783203,5.061737537384033,200,50,0.9999999992944921,0.1813511705213644,0.9948462247926799,0.04879437180296864,200,200,1,0.01,2.0812196731567383,5.130895614624023,5.604979038238525,2.6931222640877452,-0.03550254553556442,7.1516313552856445,1.2394764423370361,6.515353202819824,0.9110303480622685,0.5771648287773132
gpu_seed1101_ckpt150_optimizer_reset,1101,150,optimizer_reset,51,26.06397819519043,0.15336133388077075,2.0765708287556968,149.8180363508991,0.00025,3.0667928059895835,5.14336363474528,5.147795110940933,52.02491047978401,52.13264819979668,0.05040533095598221,0.2543131411075592,0.2576386034488678,0.03269479423761368,5.06313433877544,0.397631774568151,1.7358467060020961,0.07009528577327728,2.451434373855591,4.891860008239746,169.8973388671875,171.33071899414062,3.2166285514831543,5.022220611572266,201,51,0.9999999993650429,0.1821698193508431,0.9953616023134119,0.0497455774311657,201,201,0,0.01,2.1280651092529297,4.529510498046875,5.1102705001831055,2.401369430832262,-0.05548947677016258,7.145020008087158,1.241089940071106,6.507566452026367,0.9107835170034242,0.5775618553161621
gpu_seed1101_ckpt150_optimizer_reset,1101,150,optimizer_reset,52,26.11421012878418,0.15365690028593176,1.8823121388753252,115.77566616974141,0.00025,3.0344972610473633,4.9168093999226885,5.201503708958626,52.28310751914978,52.39449107646942,0.053708598017692566,0.25819703936576843,0.26184287667274475,0.035645850002765656,5.020511680843805,0.39809702737388725,1.7420551314328618,0.07030312716960907,2.036318302154541,4.777468681335449,169.89686584472656,171.334228515625,3.452862024307251,5.717226505279541,202,52,0.9999999994285386,0.18298764953149227,0.9958254420820707,0.05069583185373461,202,202,0,0.01,2.367879629135132,4.462462902069092,5.142740726470947,2.171875910916621,-0.04388125240802765,7.138846397399902,1.2419956922531128,6.500319957733154,0.91055607529247,0.5781097412109375
gpu_seed1101_ckpt150_optimizer_reset,1101,150,optimizer_reset,53,26.160417556762695,0.1539287863632188,1.6164152622222896,81.37730879797678,0.00025,3.0040880044301352,4.620503266652425,5.253480315208435,52.528015464544296,52.64317771792412,0.051976606249809265,0.244907945394516,0.24868664145469666,0.032853513956069946,4.979635591481185,0.39856353701611985,1.7478938467315766,0.06752507388591766,1.8429151773452759,4.62673807144165,169.8964080810547,171.3372344970703,3.0333895683288574,4.573042869567871,203,53,0.9999999994856847,0.18380466188196076,0.9962428978738637,0.05164513602188081,203,203,0,0.01,2.379595994949341,4.205644130706787,4.880517482757568,2.050985752671608,-0.023458344861865044,7.132011413574219,1.2492092847824097,6.488306999206543,0.90974433760111,0.5796130895614624
gpu_seed1101_ckpt150_optimizer_reset,1101,150,optimizer_reset,54,26.203311920166016,0.15418117825590053,1.4202920595804849,61.514166513369815,0.00025,2.9755770365397134,4.395869096120198,5.305111430585384,52.76839950680733,52.88734984397888,0.05163111537694931,0.240384042263031,0.2441721260547638,0.03344672545790672,4.939257593929504,0.39899757711138645,1.7543067774943046,0.06549038738012314,1.771828055381775,4.483669757843018,169.8958740234375,171.33995056152344,2.5719590187072754,4.029971599578857,204,54,0.9999999995371163,0.18462085722007882,0.9966186080864773,0.05259349088585896,204,204,0,0.01,2.4597761631011963,4.29296875,4.926451683044434,2.002804871818637,0.009950381703674793,7.125172138214111,1.2492612600326538,6.481022834777832,0.9095952643750945,0.5799820423126221
gpu_seed1101_ckpt150_optimizer_reset,1101,150,optimizer_reset,55,26.244043350219727,0.15442084337521303,1.4480065504709883,63.64358298202049,0.00025,2.97322154045105,4.421228090922038,5.357349179685116,53.00613185763359,53.12893283367157,0.052237749099731445,0.23773235082626343,0.241582989692688,0.035555850714445114,4.898699425777834,0.3994490287851467,1.7621470179393974,0.06580260396003723,1.9758669137954712,4.37701416015625,169.89535522460938,171.34234619140625,2.7836966514587402,3.9659292697906494,205,55,0.9999999995834047,0.18543623636285866,0.9969567472778296,0.05354089739497314,205,205,0,0.01,2.3560867309570312,4.234100341796875,4.689632892608643,1.99043304772645,0.07448398321866989,7.118652820587158,1.2497913837432861,6.473911762237549,0.9094293436412678,0.5803002119064331
gpu_seed1101_ckpt150_optimizer_reset,1101,150,optimizer_reset,56,26.28112030029297,0.1546390054100674,1.4226267337799068,61.765608127011646,0.00025,2.9765787919362388,4.3992055257161455,5.40996840596199,53.23945300281048,53.36628049612045,0.05261922627687454,0.2333211451768875,0.23734766244888306,0.03557933494448662,4.857906429051474,0.399866312947447,1.7704218726611642,0.066656194627285,2.041182518005371,4.3018927574157715,169.89479064941406,171.3443603515625,2.8725929260253906,4.832633972167969,206,56,0.9999999996250641,0.18625080012649586,0.9972610725500466,0.05448735649757808,206,206,0,0.01,2.2873265743255615,3.7700397968292236,4.270500659942627,1.867027082129693,0.0700361505150795,7.111856937408447,1.2527666091918945,6.464090824127197,0.9089174432243002,0.5815962553024292
gpu_seed1101_ckpt150_optimizer_reset,1101,150,optimizer_reset,57,26.31562042236328,0.1548420053013399,1.3222526709238691,53.994597809606,0.00025,2.9766056537628174,4.2988583246866865,5.460968021303415,53.47493912279606,53.60569277405739,0.05099961534142494,0.23548611998558044,0.23941227793693542,0.03065980039536953,4.818856349222402,0.40018874759088563,1.7785422054507856,0.06604588776826859,2.0597548484802246,4.150752544403076,169.89422607421875,171.34613037109375,2.9205453395843506,4.169160842895508,207,57,0.9999999996625577,0.1870645493263694,0.9975349652950419,0.05543286914108059,207,207,0,0.01,2.180565595626831,3.6755051612854004,4.245172500610352,1.9468217370402363,0.015141771174967289,7.1049394607543945,1.2566969394683838,6.455685138702393,0.9086193027204241,0.5814682245254517
gpu_seed1101_ckpt150_optimizer_reset,1101,150,optimizer_reset,58,26.347671508789062,0.1550305949836123,1.2571160793304443,49.082323529791026,0.00025,2.9711191654205322,4.228235244750977,5.511818286031485,53.708351254463196,53.84324063360691,0.050850264728069305,0.23341213166713715,0.2375478595495224,0.02687566913664341,4.780214103856939,0.40045443695207494,1.7862161495465645,0.06451541185379028,1.8057588338851929,3.979527235031128,169.89361572265625,171.34764099121094,2.554131269454956,3.564573287963867,208,58,0.9999999996963019,0.18787748477704302,0.9977814687655377,0.056377436271939474,208,208,0,0.01,2.1353249549865723,3.8551042079925537,4.416306495666504,2.068212842898287,-0.005000364035367966,7.098297595977783,1.2594951391220093,6.44704008102417,0.9082515904484544,0.5820758938789368
gpu_seed1101_ckpt150_optimizer_reset,1101,150,optimizer_reset,59,26.377765655517578,0.15520766996616966,1.084101994832357,37.73297657706991,0.00025,2.9592324097951255,4.043334404627482,5.560802944004536,53.93282386660576,54.07176546752453,0.04898465797305107,0.22447261214256287,0.2285248339176178,0.025639688596129417,4.743517423855565,0.4006410474558068,1.790222607162165,0.06313318759202957,1.5967520475387573,3.8213233947753906,169.8930206298828,171.34893798828125,2.763111114501953,4.4836225509643555,209,59,0.9999999997266718,0.18868960729226592,0.998003321888984,0.057321058835667515,209,209,0,0.01,2.0451622009277344,3.7258241176605225,4.302165508270264,2.103581567426092,-0.02914569340646267,7.091647148132324,1.2606629133224487,6.438991069793701,0.9079683372978566,0.5827693343162537
gpu_seed1101_ckpt150_optimizer_reset,1101,150,optimizer_reset,60,26.405920028686523,0.15537333125514985,0.9630479017893472,30.41648196673873,0.00025,2.932762940724691,3.895810842514038,5.610141951590776,54.15154567360878,54.29473027586937,0.04933900758624077,0.21872180700302124,0.222964808344841,0.02595827355980873,4.7068185184145515,0.40079714801931726,1.7939117763821373,0.06287036091089249,1.5275633335113525,3.6947553157806396,169.8924102783203,171.35003662109375,2.9529049396514893,4.085883140563965,210,60,0.9999999997540046,0.18950091768497368,0.9982029897000856,0.0582637377768318,210,210,0,0.01,2.2219152450561523,3.6866872310638428,4.344778060913086,1.955420248624888,-0.02127383090555668,7.0854620933532715,1.2628048658370972,6.431328296661377,0.9076794444632719,0.5832018256187439
gpu_seed1101_ckpt150_optimizer_reset,1101,150,optimizer_reset,61,26.432254791259766,0.1555282858935178,0.9151960213979087,27.131477808036557,0.00025,2.897054672241211,3.8122506936391196,5.661215055733919,54.36230988800526,54.509595304727554,0.0510731041431427,0.21076421439647675,0.21486502885818481,0.04008762538433075,4.6690073652092385,0.4008999380024572,1.7978805281565329,0.06050277128815651,1.6182184219360352,3.5599679946899414,169.8917999267578,171.3509063720703,3.0371434688568115,4.177397727966309,211,61,0.9999999997786041,0.1903114167672887,0.998382690730077,0.05920547403905507,211,211,0,0.01,2.402822494506836,3.504305601119995,4.15965461730957,1.7311535191706209,0.04459429532289505,7.078729152679443,1.2638810873031616,6.423791885375977,0.90747812874625,0.5834963917732239
gpu_seed1101_ckpt150_optimizer_reset,1101,150,optimizer_reset,62,26.457080841064453,0.15567436321465905,0.971266508102417,29.203089419214987,0.00025,2.878793478012085,3.850059986114502,5.721022825688124,54.58030357956886,54.73222799599171,0.05980776995420456,0.21799369156360626,0.22263269126415253,0.05878731608390808,4.624536843702869,0.40091119230709205,1.8014476731709683,0.06608445942401886,1.586544156074524,3.4752023220062256,169.89126586914062,171.3516082763672,3.293095111846924,4.123495578765869,212,62,0.9999999998007437,0.1911211053505214,0.9985444216570694,0.060146268565015926,212,212,0,0.01,2.7537829875946045,3.6224071979522705,4.229736804962158,1.5359731772674088,0.14107219874858856,7.073075294494629,1.2671723365783691,6.416336536407471,0.9071494744868273,0.5837873816490173
gpu_seed1101_ckpt150_optimizer_reset,1101,150,optimizer_reset,63,26.480571746826172,0.15581258450285632,1.0622499783833819,34.20881490581671,0.00025,2.8943878014882407,3.9566377798716226,5.777229066938162,54.79133424162865,54.94742272794247,0.05620624125003815,0.21103066205978394,0.2151947319507599,0.05835424363613129,4.5836111810702125,0.4009705608445614,1.805651690159242,0.0633830577135086,1.4814039468765259,3.489123582839966,169.8907470703125,171.35214233398438,2.4810445308685303,3.4048635959625244,213,63,0.9999999998206693,0.19192998424517094,0.9986899794913624,0.06108612229645094,213,213,0,0.01,2.5716874599456787,3.415436029434204,3.921443223953247,1.524852177812678,0.1651439070701599,7.066272258758545,1.2669323682785034,6.409496307373047,0.9070548193819817,0.5839537382125854
gpu_seed1101_ckpt150_optimizer_reset,1101,150,optimizer_reset,64,26.502466201782227,0.15594141222023342,1.1699475447336831,40.61609191306667,0.00025,2.90583602587382,4.075783570607503,5.827982779592276,55.000696778297424,55.16043893992901,0.05075371265411377,0.20936253666877747,0.21301621198654175,0.04859350994229317,4.54745101419668,0.40111604751545604,1.8091138935964555,0.06430906057357788,1.4914413690567017,3.52596378326416,169.89022827148438,171.35235595703125,2.717979669570923,3.9507832527160645,214,64,0.9999999998386024,0.19273805426092572,0.9988209815422261,0.06202503617415456,214,214,0,0.01,2.1453537940979004,3.1706039905548096,3.657036066055298,1.7046307588587457,0.0941891297698021,7.059777736663818,1.2669497728347778,6.402663707733154,0.9069214282031919,0.5842503905296326
gpu_seed1101_ckpt150_optimizer_reset,1101,150,optimizer_reset,65,26.52312469482422,0.15606296749568524,0.9791506131490069,30.130773070467058,0.00025,2.8974085648854575,3.8765591780344644,5.877789683640003,55.222920358181,55.38598933815956,0.049806904047727585,0.22222357988357544,0.22555039823055267,0.04477035999298096,4.512431734099482,0.401250529027514,1.8132005352832519,0.0639689713716507,1.1040781736373901,3.5138251781463623,169.8896942138672,171.3523406982422,2.8105781078338623,4.344992160797119,215,65,0.9999999998547422,0.19354531620666482,0.9989388833880035,0.06296301113798031,215,215,0,0.01,2.1443049907684326,3.2957570552825928,3.6834933757781982,1.7178029205894187,0.13385508954524994,7.053269386291504,1.268996000289917,6.394522666931152,0.9066040607152229,0.5848254561424255
gpu_seed1101_ckpt150_optimizer_reset,1101,150,optimizer_reset,66,26.542577743530273,0.15617742989567904,0.941529830296834,27.94533815114231,0.00025,2.8830672105153403,3.8245970408121743,5.925599619746208,55.441434159874916,55.60796684026718,0.04780993610620499,0.21851380169391632,0.22197750210762024,0.03637639805674553,4.479306643512746,0.40142012152552947,1.817450119122801,0.06121649965643883,0.8913403749465942,3.498213052749634,169.88916015625,171.35218811035156,2.8471710681915283,3.965038537979126,216,66,0.9999999998692679,0.1943517708904582,0.9990449950492032,0.06390004812684236,216,216,0,0.01,1.9769400358200073,3.2287118434906006,3.6154654026031494,1.8288189510521373,0.09880034625530243,7.046539306640625,1.2686755657196045,6.388003826141357,0.9065448368563597,0.5848394632339478
gpu_seed1101_ckpt150_optimizer_reset,1101,150,optimizer_reset,67,26.56122398376465,0.15628714500719387,0.9290221532185874,27.14876409890672,0.00025,2.8747365474700928,3.80375870068868,5.971193339675665,55.65698103606701,55.82706041634083,0.04559371992945671,0.2155468761920929,0.21909357607364655,0.027333468198776245,4.448227091773068,0.40157899024291305,1.8211679494378399,0.05972926691174507,0.81526780128479,3.540342330932617,169.88868713378906,171.3519744873047,2.653615713119507,3.586472988128662,217,67,0.9999999998823411,0.19515741911956763,0.9991404955442829,0.06483614807871552,217,217,0,0.01,1.8069665431976318,3.0970184803009033,3.57267427444458,1.9771668091432126,0.008278065361082554,7.039722919464111,1.2688487768173218,6.380537033081055,0.9063619557296237,0.5853124856948853
gpu_seed1101_ckpt150_optimizer_reset,1101,150,optimizer_reset,68,26.57935333251953,0.15639381871166894,0.8686010837554932,24.25214953759568,0.00025,2.863835175832113,3.732436259587606,6.014412946999073,55.86842378973961,56.04146356880665,0.04321960732340813,0.2114427536725998,0.2144031524658203,0.03322539106011391,4.419276422610296,0.401745150978767,1.8247469809687338,0.05712876468896866,0.7409623265266418,3.605670213699341,169.88819885253906,171.35174560546875,2.572530746459961,3.4702537059783936,218,68,0.999999999894107,0.19596226170044806,0.9992264459898546,0.06577131193063679,218,218,0,0.01,1.675753116607666,3.1325020790100098,3.487473487854004,2.0811379989624235,0.0436483696103096,7.0334038734436035,1.269351601600647,6.373184680938721,0.9061309140800781,0.5859494209289551
gpu_seed1101_ckpt150_optimizer_reset,1101,150,optimizer_reset,69,26.596790313720703,0.15649641850191734,0.8697427113850913,23.998048244094832,0.00025,2.8513364791870117,3.721079190572103,6.058207504451275,56.0824938416481,56.257735058665276,0.04379455745220184,0.21407005190849304,0.21627148985862732,0.05176404118537903,4.390207878184148,0.4019169563856952,1.828190926134854,0.05578100308775902,0.6997717618942261,3.663832664489746,169.8876953125,171.3513946533203,2.887514591217041,3.791851758956909,219,69,0.9999999999046963,0.19676629943874768,0.9993038013908692,0.06670554061870615,219,219,0,0.01,1.7928595542907715,3.5817148685455322,3.6563336849212646,2.0393865633081427,0.20822612941265106,7.027196407318115,1.271177887916565,6.364966869354248,0.9057619142002168,0.5868574976921082
gpu_seed1101_ckpt150_optimizer_reset,1101,150,optimizer_reset,70,26.613636016845703,0.156595539191862,0.896737496058146,24.681685712173284,0.00025,2.8334008057912192,3.7301383018493652,6.102854810655117,56.2834095954895,56.46103522181511,0.04464730620384216,0.20091575384140015,0.20330016314983368,0.05738716572523117,4.3608502647606775,0.4021035381510412,1.8308009619748844,0.05316157639026642,0.8093706369400024,3.7503559589385986,169.8871612548828,171.35113525390625,2.4908182621002197,2.829932451248169,220,70,0.9999999999142267,0.19756953313930892,0.9993734212517822,0.06763883507808743,220,220,0,0.01,1.9467649459838867,3.3385708332061768,3.4014780521392822,1.7472464044283693,0.2589383125305176,7.020880222320557,1.2723547220230103,6.357127666473389,0.9054602080038493,0.5876251459121704
gpu_seed1101_ckpt150_optimizer_reset,1101,150,optimizer_reset,71,26.629791259765625,0.15669059719048417,0.890355984369914,24.1978616602871,0.00025,2.8244051138559976,3.7147610982259116,6.147645886987448,56.48391975462437,56.66450898349285,0.044791076332330704,0.2005101591348648,0.203473761677742,0.045038677752017975,4.331705460805385,0.40232829708353834,1.8338199123599686,0.05580426752567291,0.9618691205978394,3.842697858810425,169.88661193847656,171.35069274902344,2.6673474311828613,3.6956846714019775,221,71,0.9999999999228041,0.1983719636061696,0.9994360791266039,0.06857119624300934,221,221,0,0.01,1.9496946334838867,3.067629098892212,3.341578483581543,1.7138983850044256,0.1710023283958435,7.014162063598633,1.273158073425293,6.3491363525390625,0.9051881457784164,0.5883374810218811
gpu_seed1101_ckpt150_optimizer_reset,1101,150,optimizer_reset,72,26.645822525024414,0.156784925700333,0.9133786360422769,25.08359397568573,0.00025,2.8216071128845215,3.7349857489267984,6.193324010819197,56.67532651126385,56.85882452130318,0.04567812383174896,0.1914067566394806,0.19431553781032562,0.05515820160508156,4.302345958078761,0.40258023256032344,1.8355270695607129,0.05363616719841957,1.0087029933929443,3.973357915878296,169.88604736328125,171.3503875732422,2.8003530502319336,3.4263224601745605,222,72,0.9999999999305237,0.19917359164256343,0.9994924712139436,0.06950262504676641,222,222,0,0.01,1.9673736095428467,2.7587642669677734,3.072458028793335,1.5617054197985871,0.18805448710918427,7.007452964782715,1.2738690376281738,6.3417768478393555,0.9050045543951923,0.5886358022689819
gpu_seed1101_ckpt150_optimizer_reset,1101,150,optimizer_reset,73,26.66126823425293,0.15687580877859067,0.8779759407043457,23.77227351187027,0.00025,2.8277534643809,3.7057294050852456,6.236454870551825,56.85960341989994,57.04584436118603,0.04313085973262787,0.18427690863609314,0.18701983988285065,0.05295844003558159,4.27506793324868,0.4027722920660544,1.8358948476399568,0.05222664773464203,1.0404835939407349,4.042420387268066,169.88546752929688,171.34996032714844,2.7964491844177246,3.883929491043091,223,73,0.9999999999374712,0.19997441805092087,0.9995432240925493,0.07043312242171962,223,223,0,0.01,1.7051159143447876,2.719099521636963,3.0092995166778564,1.7648650695002475,0.1342685967683792,7.000687122344971,1.274566650390625,6.334489822387695,0.9048382982533536,0.5888466835021973
gpu_seed1101_ckpt150_optimizer_reset,1101,150,optimizer_reset,74,26.676095962524414,0.1569630556358857,0.8882721265157061,24.042724629901784,0.00025,2.8215108712514243,3.7097829977671304,6.276531677693129,57.044161051511765,57.23236487805843,0.040076807141304016,0.18455763161182404,0.186520516872406,0.0593363381922245,4.250133247527028,0.40293002143170015,1.8361719688730378,0.05216926336288452,1.1636797189712524,4.091717720031738,169.88490295410156,171.34950256347656,2.887521266937256,3.617276906967163,224,74,0.9999999999437241,0.20077444363287,0.9995889016832943,0.0713626892992979,224,224,0,0.01,1.480758547782898,2.9673075675964355,3.0890302658081055,2.0861134115559525,0.16562305390834808,6.994029998779297,1.2748905420303345,6.327507495880127,0.9047012233266934,0.5890375971794128
gpu_seed1101_ckpt150_optimizer_reset,1101,150,optimizer_reset,75,26.689437866210938,0.15704155985080448,0.8573381900787354,22.646686076685114,0.00025,2.814826488494873,3.6721646785736084,6.317692365497351,57.22472505271435,57.4151765704155,0.04116068780422211,0.1805640012025833,0.1828116923570633,0.0590304471552372,4.224554840936075,0.4030441421820306,1.8362099948782615,0.05272229015827179,1.2535758018493652,4.069226264953613,169.8843231201172,171.3488311767578,2.962670087814331,3.8589277267456055,225,75,0.9999999999493517,0.20157366918923714,0.9996300115149649,0.0722913266099986,225,225,1,0.01,1.4812750816345215,2.7413690090179443,2.8878376483917236,1.9495620254430885,0.16864915192127228,6.9873480796813965,1.2755688428878784,6.320248603820801,0.9045275162688162,0.5892941951751709
gpu_seed1101_ckpt150_optimizer_reset,1101,150,optimizer_reset,76,26.701810836791992,0.1571143628303868,0.7392942110697427,18.002628761268085,0.00025,2.8002596696217856,3.5395538806915283,6.361301105469465,57.41924895346165,57.61252377927303,0.04360873997211456,0.1945239007472992,0.19734720885753632,0.04687955230474472,4.197539213138253,0.40314550160183743,1.8358872537632411,0.0546133928000927,0.9682188034057617,3.9891059398651123,169.88369750976562,171.34808349609375,2.6720573902130127,3.6450304985046387,226,76,0.9999999999544166,0.20237209552004787,0.9996670103634684,0.07321903528338858,226,226,0,0.01,1.6946609020233154,2.9562463760375977,3.165494918823242,1.8679223171089734,0.15877842903137207,6.981523513793945,1.2782264947891235,6.31256628036499,0.904181768906436,0.5898179411888123
gpu_seed1101_ckpt150_optimizer_reset,1101,150,optimizer_reset,77,26.713359832763672,0.15718231751535225,0.7021769682566323,16.65897385381691,0.00025,2.7949702739715576,3.49714724222819,6.40517745539546,57.60258789360523,57.799036502838135,0.04387634992599487,0.1833389401435852,0.18651272356510162,0.04669855162501335,4.170588561954244,0.4031678179099406,1.8349477782215993,0.05315781757235527,0.7781973481178284,3.9224088191986084,169.88308715820312,171.3472900390625,2.563626527786255,3.260566234588623,227,77,0.9999999999589749,0.20316972342452777,0.9997003093271215,0.07414581624810523,227,227,0,0.01,1.8615061044692993,2.608053684234619,3.009742498397827,1.6168319250579433,0.12447182089090347,6.975013732910156,1.280316710472107,6.303771495819092,0.9037647432972281,0.5908303260803223
gpu_seed1101_ckpt150_optimizer_reset,1101,150,optimizer_reset,78,26.724609375,0.1572485102043574,0.5088350772857666,11.05122218505241,0.00025,2.8129899501800537,3.3218250274658203,6.448820944875479,57.787947565317154,57.98760311305523,0.043643489480018616,0.1853596717119217,0.18856661021709442,0.04361042380332947,4.144107830475961,0.403176555603499,1.8344554720471975,0.05854293704032898,0.6130084991455078,3.8427305221557617,169.8824462890625,171.34646606445312,2.5638034343719482,3.5150997638702393,228,78,0.9999999999630774,0.20396655370110328,0.9997302783944094,0.07507167043185714,228,228,0,0.01,1.9435474872589111,2.792365074157715,3.26991868019104,1.682448564609604,0.0812876969575882,6.968520164489746,1.2819197177886963,6.2956647872924805,0.9034435775005843,0.5915201306343079
gpu_seed1101_ckpt150_optimizer_reset,1101,150,optimizer_reset,79,26.735727310180664,0.15731392851297235,0.4865757624308267,10.670629807632523,0.00025,2.8347244262695312,3.321300188700358,6.491966512054205,57.98358781635761,58.18592119216919,0.043145567178726196,0.19564025104045868,0.19831807911396027,0.04777795821428299,4.1182786849768815,0.403195080591184,1.8354158077032656,0.059436868876218796,0.6687271595001221,3.7386837005615234,169.88185119628906,171.3455810546875,2.822465181350708,3.4835875034332275,229,79,0.9999999999667697,0.20476258714740214,0.9997572505549684,0.07599659876142528,229,229,0,0.01,1.8127596378326416,3.043592691421509,3.4271912574768066,1.8905933174750675,0.07285383343696594,6.961828708648682,1.2816873788833618,6.288875102996826,0.903336661412432,0.5917271971702576
gpu_seed1101_ckpt150_optimizer_reset,1101,150,optimizer_reset,80,26.746273040771484,0.1573759799503256,0.597294807434082,13.996687349839043,0.00025,2.840696652730306,3.437991460164388,6.5353575758636,58.16907088458538,58.374098643660545,0.043391063809394836,0.18548306822776794,0.1881774514913559,0.05442151799798012,4.092549295167383,0.40319580711818065,1.8362646622592687,0.05895066261291504,0.7861233353614807,3.6805450916290283,169.88131713867188,171.34471130371094,2.5734190940856934,2.9813196659088135,230,80,0.9999999999700927,0.20555782456025473,0.9997815254994716,0.07692060216266383,230,230,0,0.01,1.7545064687728882,2.7219676971435547,3.0652554035186768,1.7470755782740355,0.11428776383399963,6.955204486846924,1.2813431024551392,6.2821550369262695,0.9032308178437644,0.5919677019119263
gpu_seed1101_ckpt150_optimizer_reset,1101,150,optimizer_reset,81,26.756505966186523,0.15743619083138913,0.6631108125050864,16.218086164901607,0.00025,2.847129980723063,3.5102407932281494,6.576866902410984,58.349011570215225,58.55676186084747,0.04150932654738426,0.17994068562984467,0.1826632171869278,0.04925686493515968,4.068275420987144,0.4031828304801264,1.836770052211278,0.05662428215146065,0.9135658144950867,3.6738834381103516,169.8807830810547,171.34390258789062,2.464834690093994,3.1068336963653564,231,81,0.9999999999730834,0.2063522667356945,0.9998033729495245,0.07784368156050114,231,231,0,0.01,1.6146695613861084,2.733645439147949,3.0488946437835693,1.888246807083157,0.08883398771286011,6.94857931137085,1.2834701538085938,6.273476600646973,0.9028430589228473,0.5928006172180176
gpu_seed1101_ckpt150_optimizer_reset,1101,150,optimizer_reset,82,26.766849517822266,0.15749705264089658,0.7537520726521811,19.514059195531807,0.00025,2.8533894220987954,3.6071414947509766,6.617363728582859,58.52501420676708,58.735269486904144,0.040496826171875,0.176002636551857,0.17850762605667114,0.05274910852313042,4.044941553114608,0.40323594144548125,1.8367376246387497,0.05641097202897072,1.0191280841827393,3.7149648666381836,169.8802947998047,171.3431854248047,2.5750315189361572,3.282582998275757,232,82,0.999999999975775,0.2071459144689588,0.999823035654572,0.07876583787894065,232,232,0,0.01,1.5702300071716309,2.7455382347106934,2.9943933486938477,1.9069775351482277,0.12029460817575455,6.94203519821167,1.2851349115371704,6.266254901885986,0.9026538648924348,0.5928110480308533
gpu_seed1101_ckpt150_optimizer_reset,1101,150,optimizer_reset,83,26.77753257751465,0.15755991212735265,0.8765056133270264,24.504755360936475,0.00025,2.8606181144714355,3.737123727798462,6.658791605383158,58.70088665187359,58.914224311709404,0.04142787680029869,0.17587244510650635,0.1789548248052597,0.042722444981336594,4.021380178929598,0.40329461982031395,1.8350899875427216,0.05858056619763374,1.1106393337249756,3.8026483058929443,169.8798370361328,171.34246826171875,2.782257080078125,3.375061273574829,233,83,0.9999999999781976,0.2079387685544899,0.9998407320891148,0.07968707204106174,233,233,0,0.01,1.589279055595398,2.645765542984009,3.0125763416290283,1.8955615950645741,0.053540948778390884,6.935266494750977,1.287076711654663,6.258424282073975,0.9024057383821978,0.5930060148239136
gpu_seed1101_ckpt150_optimizer_reset,1101,150,optimizer_reset,84,26.787532806396484,0.15761875381410306,0.7118941942850747,17.99749185342149,0.00025,2.853083372116089,3.5649775664011636,6.700149014592171,58.881945729255676,59.09875729680061,0.041357409209012985,0.1810590773820877,0.1845329850912094,0.029406752437353134,3.9980503042622266,0.40338011158514664,1.833369272956967,0.0598163977265358,0.7530521154403687,3.8881328105926514,169.87937927246094,171.34176635742188,2.385594606399536,3.30946683883667,234,84,0.9999999999803778,0.20873082978593538,0.9998566588802034,0.08060738496902065,234,234,0,0.01,1.6531635522842407,2.6536412239074707,3.1211624145507812,1.8879937258695674,0.003773357719182968,6.928661823272705,1.286840796470642,6.25177001953125,0.9023055503345908,0.5931795835494995
gpu_seed1101_ckpt150_optimizer_reset,1101,150,optimizer_reset,85,26.797399520874023,0.1576768098975591,0.7059481143951416,17.55052927210956,0.00025,2.8396440347035727,3.5455921490987143,6.741191942244768,59.06494642794132,59.28493891656399,0.04104292765259743,0.18300069868564606,0.18618161976337433,0.03396323695778847,3.9751723063898856,0.4035027890998598,1.8307586073057005,0.05809805914759636,0.6925278306007385,4.0453691482543945,169.87893676757812,171.34092712402344,2.5527007579803467,3.290306568145752,235,85,0.99999999998234,0.20952209895614948,0.999870992992183,0.08152677758405169,235,235,0,0.01,1.7773443460464478,2.769885540008545,3.2675039768218994,1.8384192033965434,0.015705406665802002,6.92198371887207,1.2871804237365723,6.244762420654297,0.90216369674891,0.5933682918548584
gpu_seed1101_ckpt150_optimizer_reset,1101,150,optimizer_reset,86,26.80681037902832,0.15773218370690997,0.714897632598877,17.703705287403547,0.00025,2.8307360808054605,3.5456337134043374,6.781546678394079,59.2419930100441,59.464673206210136,0.040354736149311066,0.17704658210277557,0.17973428964614868,0.046859003603458405,3.95290508939952,0.4036660242758326,1.8294126898939354,0.055938366800546646,0.7251254320144653,4.14790678024292,169.87841796875,171.34007263183594,2.729893922805786,3.3994410037994385,236,86,0.999999999984106,0.2103125768571933,0.9998838936929647,0.08244525080646758,236,236,0,0.01,1.7388410568237305,2.956385374069214,3.3207461833953857,1.9097468226678214,0.07162754982709885,6.915543079376221,1.2917070388793945,6.235501289367676,0.9016647308528102,0.5939741730690002
gpu_seed1101_ckpt150_optimizer_reset,1101,150,optimizer_reset,87,26.815799713134766,0.1577850772544314,0.6772384643554688,16.19385166588124,0.00025,2.8167062600453696,3.4939447244008384,6.820958897471428,59.41986681520939,59.64501693844795,0.03941221907734871,0.17787380516529083,0.18034373223781586,0.047682516276836395,3.9313826862483543,0.4038811152651568,1.8280908714071318,0.05704203620553017,0.7349671125411987,4.146507263183594,169.87791442871094,171.33912658691406,2.7782371044158936,3.538888454437256,237,87,0.9999999999856954,0.21110226428033607,0.9998955043236682,0.08336280555566111,237,237,0,0.01,1.645779013633728,2.9594130516052246,3.2837204933166504,1.9952377968804593,0.07020746916532516,6.908860683441162,1.2920745611190796,6.2288031578063965,0.901567341303379,0.5939344167709351
gpu_seed1101_ckpt150_optimizer_reset,1101,150,optimizer_reset,88,26.824216842651367,0.1578346039306911,0.7153959274291992,17.246266259992844,0.00025,2.8035824298858643,3.5189783573150635,6.861825663596392,59.58972339332104,59.81732225418091,0.04086676612496376,0.16985657811164856,0.17230531573295593,0.05994584038853645,3.9091953304725116,0.40408793583199876,1.8270060154212193,0.054484833031892776,0.8111300468444824,4.081600189208984,169.87738037109375,171.33810424804688,2.7774009704589844,3.402712345123291,238,88,0.9999999999871259,0.21189116201605573,0.9999059538913014,0.08427944275010546,238,238,0,0.01,1.610306739807129,2.7434263229370117,2.9133999347686768,1.809220481258008,0.18466109037399292,6.902200222015381,1.2917563915252686,6.222276210784912,0.9014916998404838,0.5940066576004028
gpu_seed1101_ckpt150_optimizer_reset,1101,150,optimizer_reset,89,26.832252502441406,0.15788188602610967,0.7338297367095947,17.56411395402674,0.00025,2.7860833009084067,3.5199130376180015,6.902877077460289,59.75102844834328,59.98183062672615,0.041051413863897324,0.16130505502223969,0.1645083725452423,0.04844098165631294,3.8871114466244645,0.404279805882991,1.8260737513583463,0.05257197842001915,0.7979453206062317,3.995241403579712,169.87681579589844,171.33709716796875,2.7964022159576416,3.3505020141601562,239,89,0.9999999999884133,0.2126792708540397,0.9999153585021713,0.08519516330735533,239,239,0,0.01,1.6911115646362305,2.4516429901123047,2.812711477279663,1.6632323591749743,0.11566144227981567,6.896373748779297,1.2914985418319702,6.216393947601318,0.901400384325278,0.5941839814186096
gpu_seed1101_ckpt150_optimizer_reset,1101,150,optimizer_reset,90,26.840309143066406,0.1579292915734745,0.6405425866444907,14.372161063288548,0.00025,2.773423910140991,3.413966496785482,6.945709731429815,59.91340623795986,60.14806550741196,0.04283265396952629,0.16237778961658478,0.16623488068580627,0.040772244334220886,3.8643004359379276,0.40453257983928775,1.824480335776833,0.052382275462150574,0.798142671585083,3.929816246032715,169.87623596191406,171.3361053466797,2.9662868976593018,3.707340717315674,240,90,0.999999999989572,0.2134665915831857,0.9999238226519541,0.08610996814404803,240,240,0,0.01,1.7846202850341797,2.462409734725952,3.0852484703063965,1.7287982750042414,-0.030769042670726776,6.889808177947998,1.295343041419983,6.208510875701904,0.9011152002130332,0.5939587950706482
gpu_seed1101_ckpt150_optimizer_reset,1101,150,optimizer_reset,91,26.847850799560547,0.15797366693670378,0.6331601142883301,13.89380592270926,0.00025,2.755246639251709,3.388406753540039,6.99003553763032,60.07025973498821,60.30891717970371,0.0443258062005043,0.15685349702835083,0.16085167229175568,0.04994725063443184,3.840874721598104,0.4047040959270749,1.8226598119782715,0.04990098252892494,0.8929865956306458,3.846705436706543,169.8756561279297,171.3350830078125,2.8902478218078613,3.4863593578338623,241,91,0.9999999999906147,0.21425312499160254,0.9999314403867587,0.08702385817590397,241,241,0,0.01,1.8606101274490356,2.3967602252960205,3.019935131072998,1.6230886237364601,0.009678668342530727,6.883357048034668,1.2950268983840942,6.202010631561279,0.901015389479349,0.5941553115844727
gpu_seed1101_ckpt150_optimizer_reset,1101,150,optimizer_reset,92,26.854562759399414,0.1580131603366036,0.5746219952901206,12.015767765737202,0.00025,2.7392313480377197,3.3138533433278403,7.036533486098051,60.22903701663017,60.47145652770996,0.046497948467731476,0.15877728164196014,0.16253934800624847,0.06455837935209274,3.8164478023804844,0.4048332701363918,1.820534763533914,0.04903675243258476,0.9169973731040955,3.836992025375366,169.87509155273438,171.33404541015625,2.8681693077087402,3.4486262798309326,242,92,0.9999999999915533,0.21503887186661086,0.9999382963480828,0.08793683431772803,242,242,0,0.01,2.016338348388672,2.5950207710266113,2.9796197414398193,1.4777379718138388,0.1836254894733429,6.877089977264404,1.2969352006912231,6.194834232330322,0.9007929593490104,0.5942520499229431
gpu_seed1101_ckpt150_optimizer_reset,1101,150,optimizer_reset,93,26.861202239990234,0.1580522272661436,0.5758068561553955,12.231724147297594,0.00025,2.7543357213338218,3.3301425774892173,7.083906799554825,60.38153390586376,60.6280188113451,0.04737331345677376,0.15249688923358917,0.15656228363513947,0.06836523115634918,3.791862739029046,0.40493585999286996,1.818461257299096,0.047368623316287994,0.9064023494720459,3.8352580070495605,169.87451171875,171.33299255371094,2.598891258239746,3.1024038791656494,243,93,0.999999999992398,0.21582383299474428,0.9999444667132745,0.0888488974834103,243,243,0,0.01,2.0960230827331543,2.422769546508789,2.824826717376709,1.3477078285282373,0.2248321771621704,6.870666027069092,1.2969279289245605,6.188601016998291,0.9007279632884938,0.5941856503486633
gpu_seed1101_ckpt150_optimizer_reset,1101,150,optimizer_reset,94,26.867679595947266,0.15809034024882612,0.5836608409881592,12.791114284623543,0.00025,2.781201442082723,3.3648622830708823,7.1310089863836765,60.52853247523308,60.77966456115246,0.0471021868288517,0.1469985693693161,0.1516457498073578,0.05999162420630455,3.7677248264931453,0.40495574846228677,1.8154844532504477,0.04661308228969574,0.7746741771697998,3.8341963291168213,169.87403869628906,171.3319549560547,2.6748321056365967,3.112781047821045,244,94,0.9999999999931581,0.2166080091617495,0.9999500200419471,0.0897600485859269,244,244,0,0.01,2.0610392093658447,2.2686305046081543,2.798140287399292,1.3576356406430938,0.16735082864761353,6.864766597747803,1.296380639076233,6.182836532592773,0.9006623086967505,0.5943219661712646
gpu_seed1101_ckpt150_optimizer_reset,1101,150,optimizer_reset,95,26.873764038085938,0.15812614131324226,0.5688332716623941,12.732392085538034,0.00025,2.8104546070098877,3.3792878786722818,7.1771779879927635,60.67817021906376,60.934239476919174,0.04616900160908699,0.14963774383068085,0.154574915766716,0.0455680675804615,3.744335737951785,0.4049024044728103,1.812155338624174,0.04643416404724121,0.6446175575256348,3.8026628494262695,169.8735809326172,171.3308563232422,2.6797029972076416,3.163347005844116,245,95,0.9999999999938424,0.21739140115258782,0.9999550180377524,0.09067028853734094,245,245,0,0.01,2.0118768215179443,2.2861390113830566,2.933204412460327,1.4579443339109552,0.07287786155939102,6.858188152313232,1.2978934049606323,6.175469398498535,0.9004520233838553,0.5944623351097107
gpu_seed1101_ckpt150_optimizer_reset,1101,150,optimizer_reset,96,26.879493713378906,0.15815985491747617,0.5078086058298745,11.000589423885874,0.00025,2.810973644256592,3.3187822500864663,7.21997544169426,60.82640254497528,61.08678597211838,0.042797453701496124,0.1482323259115219,0.1525464951992035,0.04208838939666748,3.7229342302399253,0.40487066065443655,1.809680169590909,0.046421438455581665,0.5353354215621948,3.794832706451416,169.87310791015625,171.32972717285156,2.665398120880127,3.166355848312378,246,96,0.9999999999944581,0.2181740097514352,0.9999595162339772,0.09157961824880367,246,246,0,0.01,1.789839267730713,2.2263660430908203,2.836883544921875,1.5849934662105694,0.014093915931880474,6.852153778076172,1.297908902168274,6.169188499450684,0.9003283783835132,0.5946887135505676
gpu_seed1101_ckpt150_optimizer_reset,1101,150,optimizer_reset,97,26.88507652282715,0.15819270435808622,0.5784455935160318,12.959063173395116,0.00025,2.806080420811971,3.384526014328003,7.262943420559168,60.97431996464729,61.23898406326771,0.04296797886490822,0.14791741967201233,0.15219809114933014,0.04417680948972702,3.701677813807558,0.40489280897100566,1.8077625500924077,0.04667762666940689,0.5665335655212402,3.7903456687927246,169.87258911132812,171.32855224609375,2.9052751064300537,3.3072073459625244,247,97,0.9999999999950123,0.21895583574168376,0.9999635646105794,0.09248803863055488,247,247,0,0.01,1.8088974952697754,2.3894877433776855,2.9340708255767822,1.6220216088792685,0.04314683750271797,6.846234321594238,1.2979556322097778,6.163190841674805,0.9002307768277966,0.5947874784469604
gpu_seed1101_ckpt150_optimizer_reset,1101,150,optimizer_reset,98,26.89078140258789,0.15822627206456544,0.5698326428731284,12.525936726964314,0.00025,2.791804552078247,3.3616371949513755,7.304354805499315,61.11792439222336,61.386247992515564,0.0414113849401474,0.14360442757606506,0.14726392924785614,0.05469010770320892,3.6814725076523707,0.4049185930219521,1.806855145571162,0.04546708986163139,0.5760537385940552,3.7855782508850098,169.87210083007812,171.327392578125,2.7148892879486084,2.995333194732666,248,98,0.999999999995511,0.21973687990594204,0.9999672081495214,0.09339555059192428,248,248,0,0.01,1.7434086799621582,2.4094860553741455,2.7101829051971436,1.554531038158199,0.1785413771867752,6.8397321701049805,1.2980414628982544,6.156493663787842,0.9001074180500328,0.5949611067771912
gpu_seed1101_ckpt150_optimizer_reset,1101,150,optimizer_reset,99,26.89640235900879,0.1582593459632596,0.6024541060129804,13.417529625309388,0.00025,2.787001291910807,3.3894553979237876,7.348978523164988,61.25867494940758,61.53117237985134,0.0446237176656723,0.14075055718421936,0.14492438733577728,0.06359986960887909,3.659883108138632,0.4049319555569121,1.8055851471943782,0.044970039278268814,0.6113016605377197,3.751103162765503,169.87164306640625,171.32630920410156,2.67122483253479,2.967217445373535,249,99,0.99999999999596,0.2205171430260361,0.9999704873345694,0.09430215504133233,249,249,0,0.01,1.9390811920166016,2.309140205383301,2.6854496002197266,1.3849082809294506,0.20999205112457275,6.833272457122803,1.2971255779266357,6.150398254394531,0.9000662995637817,0.5950591564178467
gpu_seed1101_ckpt150_optimizer_reset,1101,150,optimizer_reset,100,26.901588439941406,0.15828986103979487,0.7175017197926841,16.813704742408312,0.00025,2.774064302444458,3.491566022237142,7.397000268101692,61.408657029271126,61.685759991407394,0.048021744936704636,0.14998207986354828,0.15458761155605316,0.06271371990442276,3.636824045545368,0.40491190191108056,1.80283819830298,0.05006469413638115,0.7444691061973572,3.7452783584594727,169.87110900878906,171.32522583007812,2.911903142929077,3.3538269996643066,250,100,0.999999999996364,0.22129662588301013,0.9999734386011124,0.09520785288629108,250,250,1,0.01,2.211245059967041,2.5192346572875977,2.9751784801483154,1.345476597782118,0.2140200436115265,6.826855182647705,1.297333836555481,6.143364429473877,0.8998820489246638,0.5954864025115967
gpu_seed1101_ckpt300_optimizer_reset,1101,300,optimizer_reset,1,3.392942190170288,0.01997659148922625,14.440285603205362,31239801.23514447,0.000125,2.81691845258077,17.257204055786133,0.022198202088475227,3.398362398147583,3.392941474914551,0.022198202088475227,3.398362398147583,3.392941474914551,0.24726927280426025,152.84761245501835,0.08090799057851256,0.4901688717727406,0.774517834186554,17.219139099121094,6.1657562255859375,169.845703125,169.87879943847656,2.7262535095214844,2.7262535095214844,301,1,0.9999999999999831,0.2600336748760569,0.09999999999999998,0.0010000000000000009,301,301,0,0.01,1.5606591701507568,0.843961238861084,1.4127238988876343,0.9052097510504247,0.4373651146888733,6.513938903808594,0.0015588686801493168,6.513571262359619,0.9999435608077688,0.2359534353017807
gpu_seed1101_ckpt300_optimizer_reset,1101,300,optimizer_reset,2,4.788506507873535,0.028193241437600214,8.855379740397135,113826.51090081602,0.000125,2.7871936162312827,11.642573356628418,0.04532191716134548,5.986594915390015,5.978642702102661,0.023123715072870255,2.5882325172424316,2.5857012271881104,0.11388415843248367,105.65542694764774,0.10238891933874844,0.5995910785734625,0.567711353302002,12.128475189208984,8.032515525817871,169.845458984375,169.90118408203125,2.687413215637207,16.682065963745117,302,2,0.9999999999999848,0.26077364120118074,0.18999999999999995,0.001998999999999973,302,302,0,0.01,1.6854702234268188,10.701484680175781,10.756969451904297,6.382177093599049,0.04574472829699516,6.507987022399902,0.4735974371433258,6.510587692260742,1.0003996120230247,0.030893491581082344
gpu_seed1101_ckpt300_optimizer_reset,1101,300,optimizer_reset,3,6.113414287567139,0.035993887600247784,9.173904418945312,149255.3087320574,0.000125,2.739612897237142,11.913517316182455,0.072093416005373,8.185037851333618,8.17485785484314,0.02677149884402752,2.1984429359436035,2.1962151527404785,0.08925295621156693,84.79851040803389,0.12692309119997974,0.7292078019177501,0.470262736082077,10.2332763671875,10.131426811218262,169.84518432617188,169.93223571777344,2.933305263519287,11.544727325439453,303,3,0.9999999999999863,0.2615128675599796,0.2709999999999999,0.002997000999999999,303,303,0,0.01,2.2578768730163574,12.192625045776367,12.273758888244629,5.435973517830648,0.05653867870569229,6.502474308013916,0.49618470668792725,6.494663238525391,0.9987987542711398,0.053886137902736664
gpu_seed1101_ckpt300_optimizer_reset,1101,300,optimizer_reset,4,7.3431291580200195,0.04323406743190918,8.052659193674723,46461.12281621131,0.000125,2.694030284881592,10.746689478556315,0.09989219158887863,10.173178911209106,10.160938501358032,0.02779877558350563,1.9881410598754883,1.9860806465148926,0.0810726135969162,73.51054212693884,0.15022088670263356,0.8396261092257751,0.4719536006450653,9.351715087890625,10.648981094360352,169.8449249267578,169.96786499023438,2.780482769012451,13.567992210388184,304,4,0.9999999999999877,0.26225135469241967,0.3439,0.003994003998999962,304,304,0,0.01,2.2592694759368896,12.330636978149414,12.535860061645508,5.548634279866726,2.0024237528559752e-05,6.496336460113525,0.5612809658050537,6.417072296142578,0.987798636283911,0.18355798721313477
gpu_seed1101_ckpt300_optimizer_reset,1101,300,optimizer_reset,5,8.461847305297852,0.049820732976785936,11.11787001291911,965029.2401287903,0.000125,2.6620585123697915,13.7799285252889,0.12870819121599197,11.959089636802673,11.945508122444153,0.028815999627113342,1.785910725593567,1.7845696210861206,0.05458753556013107,65.7444349523321,0.17103232184993855,0.9450202358740473,0.4219927191734314,10.991426467895508,9.777154922485352,169.8446502685547,170.00604248046875,2.450876474380493,12.728078842163086,305,5,0.9999999999999889,0.2629891033377272,0.40950999999999993,0.004990009995000988,305,305,0,0.01,2.376946210861206,11.7094144821167,12.018908500671387,5.05644950893175,-0.03043009527027607,6.490289688110352,0.599651038646698,6.371693134307861,0.9817270785276764,0.24216561019420624
gpu_seed1101_ckpt300_optimizer_reset,1101,300,optimizer_reset,6,9.48532772064209,0.05584666828856009,12.378183523813883,3336945.900438614,0.000125,2.6423872311909995,15.020570755004883,0.15524918213486671,13.583351612091064,13.568672776222229,0.02654099091887474,1.6242619752883911,1.6231646537780762,0.04949986934661865,61.09744083766561,0.18966659955412002,1.0429032687962414,0.3737989068031311,12.570137977600098,8.730098724365234,169.84437561035156,170.04452514648438,2.6541543006896973,13.44822883605957,306,6,0.99999999999999,0.2637261142343895,0.46855899999999995,0.0059850199850060015,306,306,0,0.01,1.9657922983169556,10.919677734375,11.157123565673828,5.6756370320610685,-0.0320906899869442,6.484418869018555,0.6185407638549805,6.3468732833862305,0.9787882941537795,0.26770633459091187
gpu_seed1101_ckpt300_optimizer_reset,1101,300,optimizer_reset,7,10.410243034362793,0.0612922828462902,8.120579481124878,46594.6358616083,0.000125,2.6289586226145425,10.74953810373942,0.18116717040538788,15.139614820480347,15.124153733253479,0.025917988270521164,1.5562632083892822,1.55548095703125,0.03850158676505089,57.46208328479657,0.20539662598400854,1.1192542165455297,0.36682960391044617,7.700699806213379,6.877516746520996,169.84410095214844,170.08175659179688,2.563612461090088,14.033135414123535,307,7,0.999999999999991,0.2644623881201551,0.5217030999999999,0.006979034965020947,307,307,0,0.01,1.949726939201355,11.013632774353027,11.297677040100098,5.794491942918963,-0.05904838442802429,6.478397369384766,0.6475650668144226,6.31795597076416,0.9752343998872645,0.2946726083755493
gpu_seed1101_ckpt300_optimizer_reset,1101,300,optimizer_reset,8,11.263357162475586,0.06631515428818216,7.528675238291422,25624.035721445365,0.000125,2.6231484413146973,10.15182367960612,0.20645726658403873,16.611616253852844,16.59549903869629,0.025290096178650856,1.4720014333724976,1.47134530544281,0.03452370688319206,54.5553922551632,0.21957188645804393,1.1905535575791681,0.34503018856048584,6.945751667022705,5.8228583335876465,169.84381103515625,170.11952209472656,2.4327340126037598,9.79444694519043,308,8,0.9999999999999919,0.26519792573203493,0.5695327899999999,0.00797205593005601,308,308,0,0.01,1.9476382732391357,9.981049537658691,10.208497047424316,5.241474860956201,-0.020544813945889473,6.472033977508545,0.6810357570648193,6.288041114807129,0.9715710913536927,0.31893959641456604
gpu_seed1101_ckpt300_optimizer_reset,1101,300,optimizer_reset,9,12.063807487487793,0.07102795758807709,5.393190622329712,3000.4003096921174,0.000125,2.617868185043335,8.011058807373047,0.23046435602009296,18.00025236606598,17.983317494392395,0.02400708943605423,1.3886361122131348,1.387818455696106,0.04269154742360115,52.345654207732096,0.23247334583726964,1.2475641172238288,0.323753297328949,5.601891994476318,4.968556880950928,169.84353637695312,170.1574249267578,2.403921127319336,9.376426696777344,309,9,0.9999999999999928,0.26593272780630295,0.6125795109999999,0.00896408387412595,309,309,0,0.01,1.7628729343414307,9.296689987182617,9.449383735656738,5.3602182843549375,0.007484131492674351,6.465734004974365,0.6920741200447083,6.26381254196167,0.968770527389726,0.3407250940799713
gpu_seed1101_ckpt300_optimizer_reset,1101,300,optimizer_reset,10,12.796833038330078,0.07534378472558763,5.82854191462199,4635.4773379491,0.000125,2.6158992449442544,8.444441159566244,0.2546339426189661,19.40676724910736,19.389042735099792,0.02416958659887314,1.4065148830413818,1.4057252407073975,0.041253458708524704,50.25580213957959,0.24374303056461344,1.2834651582533618,0.3282758295536041,6.433146953582764,5.457442760467529,169.8433074951172,170.19517517089844,2.6833078861236572,9.30515193939209,310,10,0.9999999999999934,0.26666679507849655,0.6513215599,0.009955119790251765,310,310,0,0.01,1.7133607864379883,10.095929145812988,10.156301498413086,5.927707450058852,0.049512285739183426,6.459473133087158,0.7305980920791626,6.225749969482422,0.9638169926880712,0.37067100405693054
gpu_seed1101_ckpt300_optimizer_reset,1101,300,optimizer_reset,11,13.490525245666504,0.0794280293335171,6.653702259063721,10533.390194577863,0.000125,2.609893321990967,9.263595581054688,0.2782211136072874,20.76087987422943,20.742324113845825,0.023587170988321304,1.3541126251220703,1.3532813787460327,0.04394184425473213,48.48850279803014,0.2549098836432261,1.3301319809777652,0.3208776116371155,6.9931640625,6.097156524658203,169.8430633544922,170.23545837402344,2.7028722763061523,7.855015754699707,311,11,0.9999999999999941,0.2674001282834181,0.6861894039099999,0.010945164670461582,311,311,0,0.01,1.604993462562561,9.513916969299316,9.487382888793945,5.911166063966585,0.10085921734571457,6.453425884246826,0.7395858764648438,6.210845470428467,0.9624105989329677,0.379132479429245
gpu_seed1101_ckpt300_optimizer_reset,1101,300,optimizer_reset,12,14.154271125793457,0.0833359592529737,6.198467413584391,6609.45366578861,0.000125,2.599823474884033,8.798290888468424,0.3008287660777569,22.0145400762558,21.995190382003784,0.022607652470469475,1.2536602020263672,1.252866268157959,0.04412341117858887,47.05092305596824,0.26514466831448064,1.3717226486291965,0.3006408214569092,5.992559909820557,6.351952075958252,169.84278869628906,170.27444458007812,2.6730942726135254,9.5342378616333,312,12,0.9999999999999947,0.26813272815513467,0.7175704635189999,0.0119342195057911,312,312,0,0.01,1.5046732425689697,8.706666946411133,8.721323013305664,5.796157442402388,0.07666037976741791,6.4472455978393555,0.7431812286376953,6.19597864151001,0.9610272398472748,0.3891432583332062
gpu_seed1101_ckpt300_optimizer_reset,1101,300,optimizer_reset,13,14.778484344482422,0.0870111331206719,5.4735864003499355,3142.2895232337437,0.000125,2.5833255449930825,8.056911945343018,0.3240313231945038,23.19986927509308,23.18003261089325,0.023202557116746902,1.1853291988372803,1.1848422288894653,0.03077198751270771,45.608196759317146,0.27434909297075294,1.4110418458272929,0.2896236181259155,5.6748480796813965,6.298442840576172,169.842529296875,170.31199645996094,2.7769415378570557,9.333924293518066,313,13,0.9999999999999952,0.2688645954269795,0.7458134171670999,0.012922285286285251,313,313,0,0.01,1.6063834428787231,7.940290927886963,8.059216499328613,5.016994251933435,0.02656606025993824,6.441115379333496,0.749678909778595,6.181140899658203,0.9596382824455546,0.39797741174697876
gpu_seed1101_ckpt300_optimizer_reset,1101,300,optimizer_reset,14,15.367960929870605,0.09048178846307038,4.804425001144409,1580.8532030789474,0.000125,2.5695221424102783,7.3739471435546875,0.34867276437580585,24.334774613380432,24.314269185066223,0.02464144118130207,1.1349053382873535,1.1342365741729736,0.03799012303352356,44.07559895691383,0.2829305403166878,1.443954234758651,0.27608218789100647,5.626379489898682,6.544113636016846,169.84226989746094,170.34922790527344,2.5378735065460205,9.526117324829102,314,14,0.9999999999999957,0.2695957308315525,0.7712320754503899,0.013909363000998987,314,314,0,0.01,1.7789961099624634,8.580167770385742,8.609668731689453,4.839622011239967,0.08705729991197586,6.435198783874512,0.7895916104316711,6.159195423126221,0.9571103597544082,0.40340620279312134
gpu_seed1101_ckpt300_optimizer_reset,1101,300,optimizer_reset,15,15.933503150939941,0.09381152569023038,5.2452099323272705,2441.126266806929,0.000125,2.5602915287017822,7.805501461029053,0.3735027965158224,25.412203311920166,25.390957832336426,0.024830032140016556,1.0774286985397339,1.0766886472702026,0.041318461298942566,42.659662255627325,0.29068656684161903,1.4652691846620383,0.27241137623786926,5.701570510864258,6.332473278045654,169.84201049804688,170.3858642578125,2.711320161819458,8.386533737182617,315,15,0.9999999999999961,0.270326135100721,0.794108867905351,0.014895453637998046,315,315,0,0.01,1.9165745973587036,8.235666275024414,8.28283977508545,4.321689219139182,0.09167429804801941,6.428989887237549,0.7957780361175537,6.141011714935303,0.9552063112006323,0.41566723585128784
gpu_seed1101_ckpt300_optimizer_reset,1101,300,optimizer_reset,16,16.47104263305664,0.0969763914738813,5.060267686843872,2014.3520275580652,0.000125,2.5541492303212485,7.61441691716512,0.3976159282028675,26.44048511981964,26.418575525283813,0.024113131687045097,1.028281807899475,1.0276176929473877,0.03925390541553497,41.42450406214997,0.2977792634972227,1.4826679781782355,0.2641572058200836,5.414412021636963,6.108364105224609,169.84178161621094,170.42160034179688,2.6461355686187744,7.454334259033203,316,16,0.9999999999999966,0.2710558089656203,0.8146979811148158,0.015880558184360072,316,316,0,0.01,1.8812143802642822,7.693746089935303,7.813507556915283,4.153438140215284,0.05809883028268814,6.422915935516357,0.7989104390144348,6.13187837600708,0.9546876274838191,0.4182316064834595
gpu_seed1101_ckpt300_optimizer_reset,1101,300,optimizer_reset,17,16.98454475402832,0.0999997327289198,6.535926103591919,8857.552028459462,0.000125,2.554551045099894,9.090477148691813,0.4209430869668722,27.42282396554947,27.40027552843094,0.023327158764004707,0.9823388457298279,0.9817000031471252,0.03925032168626785,40.34879127335482,0.30397440739536535,1.4937520867838883,0.25562864542007446,6.445314407348633,5.84281587600708,169.84152221679688,170.4568328857422,2.4479587078094482,7.125193119049072,317,17,0.9999999999999969,0.2717847531566546,0.8332281830033342,0.016864677626175606,317,317,0,0.01,1.7580393552780151,7.271953582763672,7.395456790924072,4.2066503054764395,0.05003095790743828,6.416665077209473,0.8014897108078003,6.1196393966674805,0.9537102720854306,0.4244684875011444
gpu_seed1101_ckpt300_optimizer_reset,1101,300,optimizer_reset,18,17.462722778320312,0.10281509665645167,5.512996991475424,3189.2273632309825,0.000125,2.558579126993815,8.071576118469238,0.4440300650894642,28.392373859882355,28.369200587272644,0.023086978122591972,0.9695498943328857,0.9689250588417053,0.03896277770400047,39.327793659113055,0.31007001617650376,1.5106781404474035,0.2635844647884369,5.896787643432617,5.600833892822266,169.8412628173828,170.4898681640625,2.5836758613586426,8.6101713180542,318,18,0.9999999999999972,0.27251296840349803,0.8499053647030008,0.017847812948549535,318,318,0,0.01,1.781360149383545,7.488195896148682,7.643317222595215,4.290719776815463,0.03096192330121994,6.410503387451172,0.8177613615989685,6.094335079193115,0.9506796441480836,0.4408753216266632
gpu_seed1101_ckpt300_optimizer_reset,1101,300,optimizer_reset,19,17.919095993041992,0.10550208062674513,4.648492415746053,1345.1625344888998,0.000125,2.5653998851776123,7.213892300923665,0.4656585603952408,29.345392644405365,29.32166862487793,0.021628495305776596,0.9530187845230103,0.9524680376052856,0.03680579364299774,38.48119097777173,0.31575453490405764,1.5289938145736057,0.26708656549453735,4.72127628326416,5.179599285125732,169.84100341796875,170.5218963623047,2.5236432552337646,7.839274883270264,319,19,0.9999999999999974,0.27324045543509456,0.8649148282327007,0.01882996513560098,319,319,0,0.01,1.5323776006698608,7.103712558746338,7.238641262054443,4.723797358356995,0.01896902173757553,6.404628276824951,0.82008957862854,6.083902359008789,0.9499227895898886,0.44531795382499695
gpu_seed1101_ckpt300_optimizer_reset,1101,300,optimizer_reset,20,18.355945587158203,0.10807411557304518,3.700469732284546,520.2194035704837,0.000125,2.578803300857544,6.27927303314209,0.4895837791264057,30.295465350151062,30.27120465040207,0.023925218731164932,0.950072705745697,0.9495360255241394,0.03501850739121437,37.49296110233543,0.32100545604188657,1.5441829058091325,0.2717358469963074,4.129885673522949,4.659478187561035,169.8407745361328,170.552978515625,2.988729238510132,8.07165813446045,320,20,0.9999999999999977,0.2739672149796595,0.8784233454094307,0.01981113517046529,320,320,0,0.01,1.756636619567871,6.553316593170166,6.755577564239502,3.845745607818146,0.01710917428135872,6.3985276222229,0.8219180703163147,6.074342727661133,0.9493344541583627,0.4486597776412964
gpu_seed1101_ckpt300_optimizer_reset,1101,300,optimizer_reset,21,18.776531219482422,0.1105503933556493,3.1623872121175127,302.1891393341878,0.000125,2.591912269592285,5.754299481709798,0.512927507981658,31.243617832660675,31.218909919261932,0.023343728855252266,0.948152482509613,0.9477052688598633,0.031462788581848145,36.60659825660443,0.32572407827338123,1.5520841581839853,0.2614081799983978,3.6274197101593018,4.1687164306640625,169.8405303955078,170.58409118652344,2.700576066970825,6.815208911895752,321,21,0.999999999999998,0.27469324776467974,0.8905810108684876,0.020791324035294823,321,321,0,0.01,1.6276605129241943,6.1329827308654785,6.30275297164917,3.8722773708640297,0.02695086970925331,6.392419815063477,0.8225979804992676,6.06693172454834,0.9490821785907918,0.44995078444480896
gpu_seed1101_ckpt300_optimizer_reset,1101,300,optimizer_reset,22,19.174028396606445,0.11289073347359534,2.2265841166178384,109.78362785034875,0.000125,2.5861002604166665,4.812684377034505,0.5355111584067345,32.22387880086899,32.198891401290894,0.022583650425076485,0.980260968208313,0.9799814820289612,0.023891694843769073,35.80509592669865,0.33009306425198554,1.559777700169317,0.25249236822128296,3.142772912979126,4.124070167541504,169.84030151367188,170.61431884765625,2.591360569000244,4.7745280265808105,322,22,0.9999999999999981,0.2754185545169151,0.9015229097816388,0.021770532711259616,322,322,0,0.01,1.450781226158142,6.352606296539307,6.487094879150391,4.471449424752064,0.0205061137676239,6.386468887329102,0.8231319189071655,6.059728145599365,0.9488385917953901,0.4512377381324768
gpu_seed1101_ckpt300_optimizer_reset,1101,300,optimizer_reset,23,19.556217193603516,0.11514094259637031,2.1419922510782876,98.42611096059767,0.000125,2.57222048441569,4.714212735493978,0.5585364829748869,33.17255687713623,33.14727884531021,0.023025324568152428,0.9486780762672424,0.9483874440193176,0.024755848571658134,35.0133210446842,0.33434299571101284,1.5632587582992181,0.2515806555747986,3.022067070007324,4.655057430267334,169.84007263183594,170.64463806152344,2.6571145057678223,4.904347896575928,323,23,0.9999999999999983,0.27614313596239815,0.9113706188034749,0.022748762178548265,323,323,0,0.01,1.5561922788619995,5.811611652374268,5.987064838409424,3.8472526304935477,0.01943960413336754,6.380396366119385,0.8242131471633911,6.050425052642822,0.9482835713421042,0.4545843303203583
gpu_seed1101_ckpt300_optimizer_reset,1101,300,optimizer_reset,24,19.9254093170166,0.11731463133525598,1.7467010021209721,61.23516110813781,0.000125,2.559602657953898,4.30630366007487,0.5820934660732746,34.09933716058731,34.07382941246033,0.023556983098387718,0.9267802834510803,0.926550567150116,0.022457236424088478,34.23060123212951,0.3383673946536662,1.563840845242597,0.23890924453735352,2.329742193222046,5.073461532592773,169.8397979736328,170.67434692382812,2.545471668243408,4.570446014404297,324,24,0.9999999999999986,0.2768669928264358,0.9202335569231275,0.023726013416369818,324,324,0,0.01,1.6911405324935913,5.583574295043945,5.8100738525390625,3.435594937795416,0.014789378270506859,6.3741865158081055,0.8248101472854614,6.0421528816223145,0.947909645667994,0.4567727744579315
gpu_seed1101_ckpt300_optimizer_reset,1101,300,optimizer_reset,25,20.278709411621094,0.11939475273651826,1.9192982514699302,74.98630800190037,0.000125,2.5566629568735757,4.475961208343506,0.6057920828461647,35.034112095832825,35.00825822353363,0.02369861677289009,0.9347749352455139,0.9344288110733032,0.02727724425494671,33.47470194115629,0.3423562289913178,1.5712856726172808,0.2367536574602127,2.4904837608337402,5.550902366638184,169.83953857421875,170.7026824951172,2.5757853984832764,5.302334308624268,325,25,0.9999999999999987,0.2775901258336093,0.9282102012308147,0.024702287402953438,325,325,1,0.01,1.6557279825210571,5.634061336517334,5.811030387878418,3.509652822939474,0.03837792947888374,6.368348121643066,0.833663821220398,6.023525238037109,0.9458536378633244,0.46787911653518677
gpu_seed1101_ckpt300_optimizer_reset,1101,300,optimizer_reset,26,20.61769676208496,0.12139060513855755,2.0194515387217202,84.51906507623875,0.000125,2.5599284966786704,4.579380035400391,0.6303407121449709,35.93726313114166,35.91096484661102,0.02454862929880619,0.9031510353088379,0.9027066230773926,0.03168828412890434,32.708813447719095,0.3463456199476533,1.580892170075094,0.22358402609825134,2.723376750946045,6.010087013244629,169.8393096923828,170.7310333251953,2.8644134998321533,5.728071689605713,326,26,0.9999999999999988,0.2783125357077757,0.9353891811077333,0.025677585115550405,326,326,0,0.01,1.6046278476715088,5.223668575286865,5.373086929321289,3.3484941303460984,0.0591433010995388,6.3621416091918945,0.8361230492591858,6.013040542602539,0.9451283721685908,0.47177910804748535
gpu_seed1101_ckpt300_optimizer_reset,1101,300,optimizer_reset,27,20.94499397277832,0.12331762962265473,1.621678034464518,53.01575079781716,0.000125,2.5690178076426187,4.190695842107137,0.6543024089187384,36.80703794956207,36.78019255399704,0.02396169677376747,0.8697748184204102,0.8692277073860168,0.036598652601242065,32.011182730258895,0.3499956812404632,1.5849892012383253,0.21704217791557312,2.3272922039031982,6.263554096221924,169.8390350341797,170.7585906982422,2.9005093574523926,5.651581287384033,327,27,0.9999999999999989,0.27903422317206794,0.94185026299696,0.026651907530434893,327,327,0,0.01,1.5015156269073486,5.170388698577881,5.277525424957275,3.5147988674775283,0.07311132550239563,6.356115818023682,0.8538300395011902,5.9910664558410645,0.9425672261747639,0.48243194818496704
gpu_seed1101_ckpt300_optimizer_reset,1101,300,optimizer_reset,28,21.261096954345703,0.12517874595690653,3.167364676793416,299.6385506610546,0.000125,2.5782392024993896,5.745603879292806,0.6771387457847595,37.64854437112808,37.621161460876465,0.022836336866021156,0.8415064215660095,0.840968906879425,0.037098851054906845,31.398435086850753,0.3531577530737478,1.582467835560841,0.19953294098377228,3.9115755558013916,6.506973743438721,169.83877563476562,170.7858123779297,2.2363007068634033,4.4644341468811035,328,28,0.999999999999999,0.27975518894889584,0.9476652366972639,0.02762525562290441,328,328,0,0.01,1.4158804416656494,4.953932285308838,5.088712692260742,3.594027110276881,0.04641830548644066,6.350124835968018,0.8550290465354919,5.982490539550781,0.942105973360422,0.4848444163799286
gpu_seed1101_ckpt300_optimizer_reset,1101,300,optimizer_reset,29,21.55866813659668,0.12693075280335844,3.5820636749267574,463.88001362061675,0.000125,2.5857747395833335,6.167838414510091,0.701121661812067,38.478351294994354,38.45047706365585,0.02398291602730751,0.829806923866272,0.8293156027793884,0.034933026880025864,30.748826217759408,0.3562071519867874,1.583220024645011,0.19828268885612488,4.022507667541504,6.6533522605896,169.83851623535156,170.81158447265625,2.6481521129608154,5.907940864562988,329,29,0.9999999999999991,0.280475433759947,0.9528987130275375,0.02859763036728158,329,329,0,0.01,1.4151029586791992,5.346432685852051,5.428635120391846,3.8362121194735406,0.07380528748035431,6.343939781188965,0.8599730134010315,5.970455646514893,0.9411274148940588,0.48929205536842346
gpu_seed1101_ckpt300_optimizer_reset,1101,300,optimizer_reset,30,21.84825897216797,0.12863577384320735,2.989610989888509,250.750616995159,0.000125,2.5864644050598145,5.576075394948323,0.725733395665884,39.26560986042023,39.23717021942139,0.024611733853816986,0.7872585654258728,0.7866931557655334,0.03859769552946091,30.105075917157397,0.3593761188907208,1.589445682030053,0.188700869679451,3.3633792400360107,6.711045742034912,169.83828735351562,170.8374786376953,2.74886155128479,5.603447437286377,330,30,0.9999999999999992,0.281194958326187,0.9576088417247838,0.029569032736914247,330,330,0,0.01,1.5342432260513306,5.12507438659668,5.177917003631592,3.374899700195894,0.11506006121635437,6.337949752807617,0.8674717545509338,5.95859956741333,0.9401462302178744,0.49265310168266296
gpu_seed1101_ckpt300_optimizer_reset,1101,300,optimizer_reset,31,22.126102447509766,0.13027163006879527,3.5758797327677407,460.19239715676497,0.000125,2.5841549237569175,6.160034656524658,0.7491629682481289,40.063378274440765,40.03459745645523,0.023429572582244873,0.7977684140205383,0.797427237033844,0.029241235926747322,29.53443160601057,0.36234635912509444,1.5953040493781567,0.20436735451221466,3.942859411239624,6.747458457946777,169.83804321289062,170.86221313476562,2.678831100463867,6.500585556030273,331,31,0.9999999999999993,0.2819137633678609,0.9618479575523053,0.030539463704177372,331,331,0,0.01,1.46833336353302,5.616914749145508,5.743208408355713,3.9113790852867503,0.04372744634747505,6.33181095123291,0.8703652024269104,5.949481010437012,0.9396176001239595,0.4947422444820404
gpu_seed1101_ckpt300_optimizer_reset,1101,300,optimizer_reset,32,22.3933048248291,0.1318448348089534,2.933698495229085,235.31591254984463,0.000125,2.581897735595703,5.515596230824788,0.7721703741699457,40.81977367401123,40.79087972640991,0.023007405921816826,0.7563953995704651,0.7562822699546814,0.020125703886151314,29.000471364719303,0.365001242151378,1.5961633688674015,0.18970562517642975,3.4650890827178955,6.897892951965332,169.83782958984375,170.88609313964844,2.481475830078125,6.589624404907227,332,32,0.9999999999999993,0.28263184960449306,0.9656631617970749,0.031508924240473246,332,332,0,0.01,1.405352234840393,5.681453704833984,5.927682399749756,4.217933591871898,-0.055325593799352646,6.325699806213379,0.9065797924995422,5.919534683227539,0.9357912744155481,0.505294144153595
gpu_seed1101_ckpt300_optimizer_reset,1101,300,optimizer_reset,33,22.649723052978516,0.13335454582288464,2.9082785447438555,227.89706131763074,0.000125,2.576730489730835,5.4850090344746905,0.7953378334641457,41.56900644302368,41.53972786664963,0.023167459294199944,0.7492327690124512,0.7488481402397156,0.03205827623605728,28.478115965259313,0.36730731398305977,1.5930572611597686,0.17944559454917908,3.17746901512146,6.803897380828857,169.83761596679688,170.90867614746094,2.8736629486083984,6.57291316986084,333,33,0.9999999999999994,0.2833492177548885,0.9690968456173674,0.032477415316232716,333,333,0,0.01,1.479216456413269,6.500868320465088,6.5561628341674805,4.432186246805358,0.07623045146465302,6.320003986358643,0.9131914377212524,5.904766082763672,0.9342978415057693,0.512019157409668
gpu_seed1101_ckpt300_optimizer_reset,1101,300,optimizer_reset,34,22.896209716796875,0.1348057828657399,4.0687276522318525,750.9443627980027,0.000125,2.5698509216308594,6.638578573862712,0.8218067958950996,42.31937336921692,42.289420902729034,0.02646896243095398,0.7503669261932373,0.7496930360794067,0.04308449849486351,27.860818176650398,0.3696721260832724,1.596709834800338,0.18868489563465118,4.109043598175049,7.033899307250977,169.83738708496094,170.93093872070312,2.4807088375091553,5.233067035675049,334,34,0.9999999999999994,0.28406586853713367,0.9721871610556306,0.033444937900916516,334,334,0,0.01,1.807765245437622,6.618089199066162,6.568560600280762,3.6335252139926038,0.1638725996017456,6.314746856689453,0.9190118312835693,5.891254901885986,0.9329360361681358,0.5181275606155396
gpu_seed1101_ckpt300_optimizer_reset,1101,300,optimizer_reset,35,23.131481170654297,0.13619098823009956,3.5742166042327885,451.7765185920839,0.000125,2.5674089590708413,6.14162556330363,0.8507971204817295,43.04830312728882,43.01810556650162,0.028990324586629868,0.7289297580718994,0.728684663772583,0.028340144082903862,27.18801064762636,0.37169295514720857,1.5914575611472546,0.1904916912317276,3.921022653579712,7.025108814239502,169.83712768554688,170.95225524902344,2.9541516304016113,7.361786842346191,335,35,0.9999999999999996,0.28478180266859654,0.9749684449500675,0.0344114929630156,335,335,0,0.01,2.066847562789917,6.519157409667969,6.799514293670654,3.289799604035189,0.019959570840001106,6.30944299697876,0.9592819809913635,5.86416482925415,0.9294267072483644,0.5238186120986938
gpu_seed1101_ckpt300_optimizer_reset,1101,300,optimizer_reset,36,23.360090255737305,0.13753696763306716,4.93152674039205,1795.9434212548924,0.000125,2.5690006415049234,7.500527381896973,0.8785013984888792,43.73110073804855,43.70066750049591,0.027704278007149696,0.6827976107597351,0.6825619339942932,0.02879266068339348,26.590840146518477,0.3739230880544777,1.5863229617393535,0.17463383078575134,5.696349620819092,7.088739395141602,169.83692932128906,170.97312927246094,2.38183856010437,5.340332984924316,336,36,0.9999999999999996,0.2854970208659279,0.9774716004550608,0.035377081470052585,336,336,0,0.01,2.019296884536743,5.858139514923096,6.200485706329346,3.070616190124395,-0.002141432138159871,6.303421497344971,0.977694571018219,5.845487594604492,0.9273515339352938,0.5289196372032166
gpu_seed1101_ckpt300_optimizer_reset,1101,300,optimizer_reset,37,23.57903289794922,0.13882603401790283,5.376172304153442,2832.783413195505,0.000125,2.5774789651234946,7.9536512692769366,0.9047869388014078,44.3605814576149,44.32973486185074,0.02628554031252861,0.6294807195663452,0.6290673613548279,0.03660047799348831,26.06031529274599,0.3761299758043473,1.587245714852322,0.16045622527599335,5.957818984985352,6.9133453369140625,169.8367156982422,170.99301147460938,2.6944918632507324,6.996443748474121,337,37,0.9999999999999997,0.286211523845062,0.9797244404095548,0.03634170438858253,337,337,0,0.01,1.916139006614685,4.8963775634765625,5.224820613861084,2.72674403883111,0.01851106807589531,6.297379493713379,0.9796245098114014,5.837211608886719,0.9269270836723483,0.5303571820259094
gpu_seed1101_ckpt300_optimizer_reset,1101,300,optimizer_reset,38,23.785724639892578,0.14004297090087162,4.3014062245686855,970.752144083649,0.000125,2.590307076772054,6.891713301340739,0.9297968111932278,44.972446501255035,44.94106137752533,0.025009872391819954,0.6118650436401367,0.6113265156745911,0.04196139797568321,25.581637142143215,0.37833746134508367,1.59931063316126,0.16340479254722595,4.929657459259033,6.612389087677002,169.83648681640625,171.01162719726562,2.6066322326660156,8.212432861328125,338,38,0.9999999999999997,0.2869253123212169,0.9817519963685992,0.03730536268419393,338,338,0,0.01,1.726957082748413,4.70302152633667,4.882307529449463,2.827115727552739,0.07780599594116211,6.291325092315674,0.999934732913971,5.818900108337402,0.9249085086135155,0.5341863036155701
gpu_seed1101_ckpt300_optimizer_reset,1101,300,optimizer_reset,39,23.981761932373047,0.14119717768926954,3.59332823753357,477.6172432114899,0.000125,2.6033734480539956,6.196701685587565,0.9537857007235289,45.59887486696243,45.56721544265747,0.023988889530301094,0.6264283657073975,0.6261540651321411,0.03057931549847126,25.143763336099152,0.38036811836013806,1.610094723158654,0.166516974568367,4.359701633453369,6.382643222808838,169.83627319335938,171.02883911132812,2.5732595920562744,6.953770160675049,339,39,0.9999999999999997,0.28763838700889566,0.9835767967317394,0.03826805732150973,339,339,0,0.01,1.5872236490249634,5.361116409301758,5.548654556274414,3.4958240193053287,0.027809999883174896,6.2853899002075195,1.0056853294372559,5.809633255004883,0.924307536563825,0.5351651906967163
gpu_seed1101_ckpt300_optimizer_reset,1101,300,optimizer_reset,40,24.1707820892334,0.14231006975909855,3.8607583045959473,632.826890681592,0.000125,2.610715389251709,6.471473693847656,0.9784895144402981,46.1952645778656,46.16333383321762,0.02470381371676922,0.5963897109031677,0.5961183905601501,0.03169172257184982,24.702137051549837,0.3822932257302598,1.617620779801603,0.15974865853786469,4.84539270401001,6.160667419433594,169.83604431152344,171.04542541503906,2.6629762649536133,5.443535804748535,340,40,0.9999999999999998,0.2883507486218868,0.9852191170585654,0.039229789264188186,340,340,0,0.01,1.6968059539794922,5.041226863861084,5.223247051239014,3.07828189722339,0.0590837225317955,6.279784679412842,1.006703495979309,5.802526473999023,0.9240008647144625,0.5362192392349243
gpu_seed1101_ckpt300_optimizer_reset,1101,300,optimizer_reset,41,24.347558975219727,0.1433508772465698,2.947099447250366,248.22114537704914,0.000125,2.621140241622925,5.568239688873291,1.0035234149545431,46.92029196023941,46.88819396495819,0.025033900514245033,0.7250273823738098,0.7248601317405701,0.023943902924656868,24.262073622166895,0.38364331865608287,1.6184019506665233,0.20155687630176544,3.840195417404175,5.616122722625732,169.83578491210938,171.0600128173828,2.5766615867614746,7.444334030151367,341,41,0.9999999999999998,0.28906239787326493,0.9866972053527089,0.040190559474924004,341,341,0,0.01,1.7049115896224976,6.551804542541504,6.7404656410217285,3.9535572882757237,0.01785929873585701,6.273782730102539,1.03623628616333,5.7776055335998535,0.9209125948651561,0.5424760580062866
gpu_seed1101_ckpt300_optimizer_reset,1101,300,optimizer_reset,42,24.521780014038086,0.14437663669846554,2.473355213801066,150.59229170530153,0.000125,2.6292890707651773,5.102644284566243,1.0288791991770267,47.59092319011688,47.55858105421066,0.025355784222483635,0.6706312298774719,0.6703870892524719,0.02853209339082241,23.83348796790583,0.3851974603519112,1.635607930534954,0.1850854903459549,4.088438034057617,5.331486701965332,169.8354949951172,171.07481384277344,2.6897764205932617,6.020925045013428,342,42,0.9999999999999998,0.28977333547539164,0.988027484817438,0.0411503689154491,342,342,0,0.01,1.732184648513794,5.794435501098633,6.10288143157959,3.523227986584634,-0.03333687782287598,6.267815589904785,1.0449938774108887,5.765836715698242,0.9199116714576013,0.5444912314414978
gpu_seed1101_ckpt300_optimizer_reset,1101,300,optimizer_reset,43,24.689346313476562,0.1453632151084784,2.3916169007619223,138.57327789867978,0.000125,2.635722557703654,5.027339458465576,1.0532285831868649,48.244965612888336,48.212346971035004,0.024349384009838104,0.6540424227714539,0.6537659168243408,0.029968474060297012,23.441584008998273,0.38672595108489577,1.6616611724813235,0.17914879322052002,3.3048298358917236,5.315769195556641,169.83526611328125,171.08932495117188,2.6152102947235107,4.869969367980957,343,43,0.9999999999999998,0.2904835621399162,0.9892247363356942,0.04210921854653371,343,343,0,0.01,1.5819858312606812,5.695684432983398,5.951638221740723,3.762131179767971,-0.02655206434428692,6.261895656585693,1.0485365390777588,5.757959842681885,0.9195234412162818,0.544992983341217
gpu_seed1101_ckpt300_optimizer_reset,1101,300,optimizer_reset,44,24.85312843322754,0.14632751344193767,2.10576589902242,100.3379540796858,0.000125,2.6326048374176025,4.7383707364400225,1.077794635668397,48.88896316289902,48.855801582336426,0.024566052481532097,0.6439975500106812,0.6434546113014221,0.04116750508546829,23.059243023409326,0.3881413517466577,1.6841823835631926,0.17760516703128815,3.1925902366638184,5.10068416595459,169.8350067138672,171.10386657714844,3.0546677112579346,6.450461387634277,344,44,0.9999999999999998,0.2911930785777763,0.9903022627021247,0.043067109327987074,344,344,0,0.01,1.5712265968322754,5.834820747375488,5.922725200653076,3.769491435920202,0.07827410846948624,6.255944728851318,1.0738390684127808,5.741859436035156,0.9178245149056051,0.5448906421661377
gpu_seed1101_ckpt300_optimizer_reset,1101,300,optimizer_reset,45,25.012704849243164,0.14726704989596107,2.6971957683563232,190.38516261066724,0.000125,2.621626138687134,5.318821907043457,1.1047323681414127,49.507572174072266,49.47382718324661,0.026937732473015785,0.6186090111732483,0.6180256009101868,0.04341987892985344,22.641415758734006,0.38962089219110013,1.7041407325163078,0.16791486740112305,3.4014430046081543,4.841909408569336,169.83474731445312,171.11831665039062,2.6178042888641357,4.934742450714111,345,45,0.9999999999999999,0.2919018854991986,0.9912720364319123,0.04402404221865919,345,345,0,0.01,1.7894328832626343,5.400356292724609,5.575137615203857,3.115589116164957,0.0664224848151207,6.250128269195557,1.0842628479003906,5.731099605560303,0.9169571181131977,0.5455556511878967
gpu_seed1101_ckpt300_optimizer_reset,1101,300,optimizer_reset,46,25.16588020324707,0.14816889888178186,3.535305261611938,454.8638383726944,0.000125,2.6142760117848716,6.14958127339681,1.1324936617165804,50.12120008468628,50.08697986602783,0.027761293575167656,0.6136279106140137,0.6131526827812195,0.039734795689582825,22.221652141593086,0.39115816719026786,1.719878147555668,0.16071340441703796,3.96421217918396,4.575500965118408,169.83447265625,171.1322479248047,2.981773614883423,5.582549571990967,346,46,0.9999999999999999,0.2926099836136994,0.992144832788721,0.044980018176440484,346,346,0,0.01,1.886460542678833,4.926093101501465,5.180398941040039,2.74609451077146,0.05319114029407501,6.244244575500488,1.0894193649291992,5.721560955047607,0.916293538131968,0.5469355583190918
gpu_seed1101_ckpt300_optimizer_reset,1101,300,optimizer_reset,47,25.310836791992188,0.14902235832633776,3.0279237429300947,266.13876379591125,0.000125,2.6057214736938477,5.633645216623942,1.1629276983439922,50.760699570178986,50.7259367108345,0.030434036627411842,0.6394994854927063,0.6389568448066711,0.04161755368113518,21.764755305091644,0.3926210435568855,1.7380432980484533,0.1742580384016037,3.152554750442505,4.1824727058410645,169.83421325683594,171.144775390625,2.8374788761138916,6.424180030822754,347,47,0.9999999999999999,0.2933173736300857,0.9929303495098489,0.04593503815826405,347,347,0,0.01,2.187525749206543,5.15665864944458,5.37433385848999,2.456809416043174,0.11049903184175491,6.238450050354004,1.0986785888671875,5.712853908538818,0.9157489219960532,0.5462942719459534
gpu_seed1101_ckpt300_optimizer_reset,1101,300,optimizer_reset,48,25.454086303710938,0.14986576703071444,2.8595627943674726,221.62319241397827,0.000125,2.600416421890259,5.459979216257731,1.1940159816294909,51.37804466485977,51.34258550405502,0.03108828328549862,0.6173450946807861,0.61664879322052,0.04756317287683487,21.318044896645404,0.3940730641352415,1.7554114292785388,0.171981543302536,2.7215325832366943,4.0304436683654785,169.83395385742188,171.1570587158203,3.0482585430145264,5.2645416259765625,348,48,0.9999999999999999,0.29402405625645556,0.9936373145588641,0.046889103120105746,348,348,0,0.01,2.1344854831695557,4.885700702667236,5.069358825683594,2.3749792939109566,0.1307816058397293,6.232335090637207,1.1013718843460083,5.704052448272705,0.9152351992178578,0.5476894974708557
gpu_seed1101_ckpt300_optimizer_reset,1101,300,optimizer_reset,49,25.594255447387695,0.15069103948325946,2.9110270341237383,233.9159530704032,0.000125,2.599891424179077,5.5109184583028155,1.2225002236664295,51.987899482250214,51.95200139284134,0.028484242036938667,0.6098548173904419,0.6094158887863159,0.0387565903365612,20.93599244555262,0.3954943309230882,1.773635151330487,0.17013557255268097,2.8243184089660645,4.104568958282471,169.83367919921875,171.1689453125,2.6580071449279785,5.788663387298584,349,49,0.9999999999999999,0.2947300322001991,0.9942735831029776,0.04784221401698563,349,349,0,0.01,1.9267637729644775,4.680306434631348,4.853034019470215,2.5187488407055327,0.11453667283058167,6.226412296295166,1.1061618328094482,5.695018768310547,0.9146549404860769,0.5487229228019714
gpu_seed1101_ckpt300_optimizer_reset,1101,300,optimizer_reset,50,25.730321884155273,0.15149215646974254,2.6947387854258222,185.47793279928655,0.000125,2.5981476306915283,5.292886416117351,1.2492219265550375,52.60419821739197,52.56811934709549,0.02672170288860798,0.6162987351417542,0.6161179542541504,0.028446713462471962,20.59707833906729,0.39682027492205413,1.7897338422811528,0.16425403952598572,2.8112621307373047,4.303219318389893,169.83346557617188,171.18031311035156,2.519347667694092,5.290266513824463,350,50,0.9999999999999999,0.29543530216799896,0.9948462247926799,0.04879437180296864,350,350,1,0.01,1.8006246089935303,4.421899318695068,4.708725929260254,2.6150514136811718,0.03914367035031319,6.22044563293457,1.114151954650879,5.685190677642822,0.9139523135675813,0.549301266670227
gpu_seed1101_ckpt300_optimizer_reset,1101,300,optimizer_reset,51,25.86473274230957,0.15228352592273342,2.422771771748861,137.3267524108685,0.000125,2.592447598775228,5.015219370524089,1.2754841521382332,53.213369965553284,53.177216589450836,0.026262225583195686,0.6091717481613159,0.6090972423553467,0.024392280727624893,20.27836464994835,0.3982296395269114,1.8044355953548739,0.1646830141544342,2.4951415061950684,4.493671894073486,169.8332061767578,171.1917724609375,2.3307859897613525,5.064970970153809,351,51,0.9999999999999999,0.29613986686583094,0.9953616023134119,0.0497455774311657,351,351,0,0.01,1.8320910930633545,4.351466655731201,4.6745452880859375,2.551480821986474,0.02762351557612419,6.214579105377197,1.115878701210022,5.678192615509033,0.9136890076103519,0.5497198700904846
gpu_seed1101_ckpt300_optimizer_reset,1101,300,optimizer_reset,52,25.995086669921875,0.15305100942671745,2.05710490544637,91.11766282227957,0.000125,2.5918102264404297,4.6489151318868,1.3009387739002705,53.81237471103668,53.77617061138153,0.025454621762037277,0.5990047454833984,0.5989540219306946,0.023240577429533005,19.98179098926193,0.39959662750151587,1.8168036503833938,0.1586790233850479,1.657435417175293,4.547584056854248,169.83297729492188,171.20309448242188,2.5550646781921387,4.769219875335693,352,52,0.9999999999999999,0.2968437269989651,0.9958254420820707,0.05069583185373461,352,352,0,0.01,1.6178128719329834,4.4249958992004395,4.729328632354736,2.9232853282352433,-0.01177879236638546,6.208626747131348,1.1205447912216187,5.667352676391602,0.9128190350642755,0.5522304177284241
gpu_seed1101_ckpt300_optimizer_reset,1101,300,optimizer_reset,53,26.12164878845215,0.1537961679346387,1.503754218419393,46.426178395867105,0.000125,2.5855160554250083,4.089270273844401,1.3259987328201532,54.419228076934814,54.382832407951355,0.025059958919882774,0.6068533658981323,0.6066617965698242,0.028289953246712685,19.69960313074851,0.40089844758887755,1.825739581779269,0.15395237505435944,1.3770610094070435,4.7176032066345215,169.83273315429688,171.2141571044922,2.8163657188415527,5.467799663543701,353,53,0.9999999999999999,0.2975468832719661,0.9962428978738637,0.05164513602188081,353,353,0,0.01,1.5085464715957642,4.120361804962158,4.3402862548828125,2.877131289358764,0.03338361158967018,6.202864170074463,1.1254889965057373,5.6585164070129395,0.912242514403487,0.5531556010246277
gpu_seed1101_ckpt300_optimizer_reset,1101,300,optimizer_reset,54,26.246532440185547,0.15453144415054018,1.5706118742624917,49.99441948419381,0.000125,2.5743897755940757,4.145001649856567,1.3509505819529295,55.02358329296112,54.9868084192276,0.02495184913277626,0.6043552160263062,0.6039760112762451,0.03583326190710068,19.428195813220807,0.40212240152786394,1.8338416947678804,0.15006379783153534,1.7830276489257812,4.935342788696289,169.83250427246094,171.2252655029297,2.570436954498291,4.581567764282227,354,54,0.9999999999999999,0.2982493363886942,0.9966186080864773,0.05259349088585896,354,354,0,0.01,1.6425790786743164,4.35507869720459,4.512054920196533,2.7469331484699966,0.09129282087087631,6.197132587432861,1.12860107421875,5.649471759796143,0.9116267370576789,0.5548728108406067
gpu_seed1101_ckpt300_optimizer_reset,1101,300,optimizer_reset,55,26.368709564208984,0.15525078517055982,2.002042849858602,83.16197225182088,0.000125,2.5638414223988852,4.565884272257487,1.3749478999525309,55.59706383943558,55.5599091053009,0.023997317999601364,0.5734805464744568,0.5731006860733032,0.03674493357539177,19.177969990790317,0.40330005933135,1.8456661801897083,0.15001699328422546,2.1755332946777344,5.056801795959473,169.8322296142578,171.2361297607422,2.7132585048675537,4.541597366333008,355,55,0.9999999999999999,0.29895108705230544,0.9969567472778296,0.05354089739497314,355,355,0,0.01,1.5030547380447388,3.7108230590820312,3.893925905227661,2.59067471507426,0.07769715785980225,6.191296100616455,1.1306873559951782,5.641849517822266,0.9112549983289616,0.5556908845901489
gpu_seed1101_ckpt300_optimizer_reset,1101,300,optimizer_reset,56,26.48728370666504,0.15594891295236887,2.387051264444987,127.62721126046277,0.000125,2.5584634145100913,4.945514678955078,1.3989356756210327,56.1815539598465,56.143966376781464,0.023987775668501854,0.5844901204109192,0.5840572714805603,0.03855849802494049,18.933882499556344,0.4045943809506919,1.8619941000239175,0.1620597392320633,2.8023016452789307,5.113592147827148,169.83197021484375,171.24668884277344,2.5326921939849854,4.178760051727295,356,56,1.0,0.2996521359652532,0.9972610725500466,0.05448735649757808,356,356,0,0.01,1.6281708478927612,3.725158214569092,3.937603235244751,2.4184214085017697,0.08433566987514496,6.185391902923584,1.1324785947799683,5.634970664978027,0.9110127140551424,0.5559510588645935
gpu_seed1101_ckpt300_optimizer_reset,1101,300,optimizer_reset,57,26.59999656677246,0.15661253132124986,2.121257384618123,94.43231864263177,0.000125,2.55432391166687,4.675581296284993,1.4226990807801485,56.81386435031891,56.77601033449173,0.02376340515911579,0.6323103904724121,0.6320439577102661,0.02999935671687126,18.69685369598147,0.4059120305247894,1.8699843597170813,0.17130666971206665,2.779309034347534,5.2305192947387695,169.83169555664062,171.25656127929688,2.841916561126709,5.435389041900635,357,57,1.0,0.3003524838292879,0.9975349652950419,0.05543286914108059,357,357,0,0.01,1.689358115196228,4.763106822967529,4.9722161293029785,2.943257610434177,0.050840023905038834,6.179640293121338,1.1405770778656006,5.627396106719971,0.9106348977921919,0.5548302531242371
gpu_seed1101_ckpt300_optimizer_reset,1101,300,optimizer_reset,58,26.71108055114746,0.15726655937492076,2.0602501233418784,88.13255837807735,0.000125,2.5548952420552573,4.615145365397136,1.449049947783351,57.455058574676514,57.4167138338089,0.02635086700320244,0.641194224357605,0.6407034993171692,0.03916238993406296,18.433512655647,0.4074438977063292,1.884641426309225,0.18220219016075134,2.1573498249053955,5.3725972175598145,169.83140563964844,171.26600646972656,2.8665823936462402,5.25492525100708,358,58,1.0,0.3010521313454586,0.9977814687655377,0.056377436271939474,358,358,0,0.01,1.6796529293060303,4.7357940673828125,4.9137067794799805,2.9254298276413655,0.0694238469004631,6.173594951629639,1.1417145729064941,5.62079381942749,0.9104571750277953,0.5549746751785278
gpu_seed1101_ckpt300_optimizer_reset,1101,300,optimizer_reset,59,26.823694229125977,0.15792959379018237,2.386276245117188,126.9952421102499,0.000125,2.5543529192606607,4.940629164377849,1.476389903575182,58.07255828380585,58.03353303670883,0.027339955791831017,0.6174997091293335,0.6168192028999329,0.0470149852335453,18.168435156696983,0.4090485390289582,1.8967739145611224,0.17851220071315765,2.587350845336914,5.568256378173828,169.83108520507812,171.27589416503906,3.0100789070129395,4.953446865081787,359,59,1.0,0.30175107921411315,0.998003321888984,0.057321058835667515,359,359,0,0.01,1.8870251178741455,4.50944709777832,4.622707843780518,2.449733074558034,0.14845550060272217,6.167934417724609,1.1491174697875977,5.611727237701416,0.9098227798230559,0.5553579330444336
gpu_seed1101_ckpt300_optimizer_reset,1101,300,optimizer_reset,60,26.936491012573242,0.15859370627366434,2.691195487976074,177.34739189607808,0.000125,2.5571227073669434,5.248318195343018,1.5045702569186687,58.65886336565018,58.61933648586273,0.028180353343486786,0.5863050818443298,0.5858034491539001,0.041824135929346085,17.90311279163577,0.41070413261955013,1.9087971063735236,0.17762251198291779,2.638057231903076,5.639883995056152,169.83078002929688,171.2860565185547,2.77836012840271,4.387130260467529,360,60,1.0,0.3024493281348991,0.9982029897000856,0.0582637377768318,360,360,0,0.01,1.93226158618927,4.36789608001709,4.616140842437744,2.388983394085438,0.08906456083059311,6.162024021148682,1.1537384986877441,5.6017560958862305,0.9090772896469627,0.5571511387825012
gpu_seed1101_ckpt300_optimizer_reset,1101,300,optimizer_reset,61,27.04637336730957,0.1592406595046393,2.353779792785645,123.87129153978982,0.000125,2.5652939478556314,4.919073740641276,1.532722545787692,59.23273140192032,59.19309043884277,0.028152288869023323,0.5738680362701416,0.5737539529800415,0.028579190373420715,17.645968242342473,0.4122209735335452,1.9188977701190533,0.18849308788776398,2.053359270095825,5.5608696937561035,169.83050537109375,171.29580688476562,2.679497718811035,5.407943248748779,361,61,1.0,0.30314687880676416,0.998382690730077,0.05920547403905507,361,361,0,0.01,1.8481223583221436,4.315228462219238,4.663829326629639,2.523550080775642,0.017896125093102455,6.156622886657715,1.1606719493865967,5.593180179595947,0.9084818548357514,0.5574937462806702
gpu_seed1101_ckpt300_optimizer_reset,1101,300,optimizer_reset,62,27.15471839904785,0.15987856145451435,2.8378715515136714,212.4191317417432,0.000125,2.5810240109761557,5.418895562489827,1.5607934072613716,59.85854768753052,59.818816006183624,0.028070861473679543,0.625816285610199,0.6257255673408508,0.025659337639808655,17.398022231960326,0.4137669894695787,1.9266827008547323,0.19105641543865204,2.5960590839385986,5.734041213989258,169.8302459716797,171.30491638183594,2.7293076515197754,5.24362850189209,362,62,1.0,0.30384373192795744,0.9985444216570694,0.060146268565015926,362,362,0,0.01,1.8047199249267578,5.035070419311523,5.31737756729126,2.9463727273383498,0.01840256340801716,6.150722980499268,1.1691714525222778,5.58341646194458,0.9077658804738519,0.557887077331543
gpu_seed1101_ckpt300_optimizer_reset,1101,300,optimizer_reset,63,27.262649536132812,0.16051402652101632,2.8135199546813965,209.47646706769135,0.000125,2.5929598808288574,5.406479835510254,1.5871740318834782,60.438436925411224,60.398636758327484,0.026380624622106552,0.5798892378807068,0.5798207521438599,0.0253426693379879,17.17684953789435,0.4152749408140594,1.9328813318511726,0.18399780988693237,3.0868659019470215,5.844635486602783,169.82997131347656,171.31423950195312,2.475053548812866,4.9468889236450195,363,63,1.0,0.3045398881960294,0.9986899794913624,0.06108612229645094,363,363,0,0.01,1.583744764328003,4.304894924163818,4.575479984283447,2.8890261154056445,0.007725923787802458,6.14493465423584,1.1782041788101196,5.573014259338379,0.9069281567536067,0.5586955547332764
gpu_seed1101_ckpt300_optimizer_reset,1101,300,optimizer_reset,64,27.368318557739258,0.16113617295304622,2.4307494958241778,140.09920888112728,0.000125,2.603684663772583,5.034434159596761,1.6125911083072424,60.98661518096924,60.94690138101578,0.02541707642376423,0.5481782555580139,0.5482646226882935,0.019782904535531998,16.971641736541113,0.4166175623402999,1.9396876025670227,0.17412450909614563,3.059598445892334,5.8065338134765625,169.82974243164062,171.32342529296875,2.7247893810272217,5.364597320556641,364,64,1.0,0.3052353483078334,0.9988209815422261,0.06202503617415456,364,364,0,0.01,1.6483491659164429,4.188809394836426,4.606637477874756,2.794697612086806,-0.06936872005462646,6.139233112335205,1.1892818212509155,5.562788009643555,0.9061047052384541,0.5588037967681885
gpu_seed1101_ckpt300_optimizer_reset,1101,300,optimizer_reset,65,27.469043731689453,0.16172921154312703,2.946928898493449,245.19672001345697,0.000125,2.6090610027313232,5.555989901224772,1.6379745174199343,61.61019653081894,61.570601522922516,0.02538340911269188,0.6235813498497009,0.6237001419067383,0.015673808753490448,16.770128863140506,0.4178305764460094,1.945080133027849,0.1793169230222702,3.302335023880005,5.66518497467041,169.82948303222656,171.3319854736328,2.53206205368042,6.044754505157471,365,65,1.0,0.30593011295952555,0.9989388833880035,0.06296301113798031,365,365,0,0.01,1.6819554567337036,6.660976886749268,6.832952976226807,4.062505311223931,0.02268662489950657,6.13385009765625,1.2720351219177246,5.54813814163208,0.9045115308166928,0.542158305644989
gpu_seed1101_ckpt300_optimizer_reset,1101,300,optimizer_reset,66,27.569515228271484,0.1623207565595276,2.8341652552286782,219.25994527299827,0.000125,2.6166578928629556,5.450823148091634,1.6622880920767784,62.18563175201416,62.146165549755096,0.02431357465684414,0.575435221195221,0.5755640268325806,0.015828682109713554,16.585281071111414,0.41898345088538225,1.9498315392534833,0.16991302371025085,3.271712064743042,5.577057838439941,169.82923889160156,171.340576171875,2.4152491092681885,4.760747909545898,366,66,1.0,0.306624182846566,0.9990449950492032,0.06390004812684236,366,366,0,0.01,1.6232221126556396,5.746047019958496,5.924333095550537,3.649736563688442,0.02970847114920616,6.127978324890137,1.2760329246520996,5.538893222808838,0.9038695845757966,0.5435792803764343
gpu_seed1101_ckpt300_optimizer_reset,1101,300,optimizer_reset,67,27.66947364807129,0.16290928073893576,3.6840434869130454,534.7758270030218,0.000125,2.6232462724049888,6.307289759318034,1.6893749590963125,62.80789476633072,62.76799017190933,0.02708686701953411,0.6222630143165588,0.6218246221542358,0.037942249327898026,16.378527158266852,0.42002767797467716,1.9599189651718492,0.1952408254146576,3.3286335468292236,5.322213172912598,169.82896423339844,171.34902954101562,3.1956470012664795,6.360803604125977,367,67,1.0,0.30731755866371946,0.9991404955442829,0.06483614807871552,367,367,0,0.01,1.7743866443634033,6.001964092254639,6.053523540496826,3.4116146893481814,0.11863445490598679,6.122005939483643,1.2865017652511597,5.524406909942627,0.9023850947795189,0.5469146966934204
gpu_seed1101_ckpt300_optimizer_reset,1101,300,optimizer_reset,68,27.768705368041992,0.16349352633509445,3.054172039031983,279.5659320979714,0.000125,2.6273762385050454,5.681548277537028,1.715308502316475,63.40098297595978,63.36069828271866,0.02593354322016239,0.5930882096290588,0.5927081108093262,0.036515068262815475,16.188752828150133,0.4213125052908931,1.9727273269286776,0.18987585604190826,3.143658399581909,4.994075775146484,169.8286895751953,171.35731506347656,2.5938663482666016,5.5273590087890625,368,68,1.0,0.3080102411050558,0.9992264459898546,0.06577131193063679,368,368,0,0.01,1.6672512292861938,5.091414928436279,5.200125694274902,3.118981472575151,0.09783249348402023,6.116073131561279,1.2892169952392578,5.517435550689697,0.9021205979726951,0.5470133423805237
gpu_seed1101_ckpt300_optimizer_reset,1101,300,optimizer_reset,69,27.86659049987793,0.16406984363788274,2.6327684720357256,178.2654630523082,0.000125,2.625098705291748,5.257867177327474,1.7415868882089853,63.983399510383606,63.942791163921356,0.026278385892510414,0.5824165344238281,0.5820928812026978,0.03487320616841316,16.000689192440692,0.4226492870557935,1.9861312375540645,0.18299849331378937,2.9764249324798584,4.604458332061768,169.82839965820312,171.36538696289062,2.9178390502929688,6.118372440338135,369,69,1.0,0.30870223086395077,0.9993038013908692,0.06670554061870615,369,369,0,0.01,1.6514053344726562,4.633326053619385,4.831564426422119,2.9257289688736883,0.0555991567671299,6.110271453857422,1.2946140766143799,5.509160041809082,0.901622797515852,0.547415554523468
gpu_seed1101_ckpt300_optimizer_reset,1101,300,optimizer_reset,70,27.965181350708008,0.16465031599527027,2.788682540257772,209.30719168478385,0.000125,2.6185952027638755,5.407277743021647,1.7657973058521748,64.56436264514923,64.5234015583992,0.02421041764318943,0.580963134765625,0.5806103944778442,0.03540201485157013,15.837141249457371,0.4240457650987736,1.9972941490877185,0.17949587106704712,3.2450010776519775,4.360876560211182,169.82809448242188,171.3737335205078,2.622387170791626,4.938229560852051,370,70,1.0,0.3093935286330868,0.9993734212517822,0.06763883507808743,370,370,0,0.01,1.416090965270996,4.534287929534912,4.658371925354004,3.28959935455788,0.06733033061027527,6.104408264160156,1.2981419563293457,5.499977111816406,0.9009844810195032,0.5488893985748291
gpu_seed1101_ckpt300_optimizer_reset,1101,300,optimizer_reset,71,28.062023162841797,0.16522049055517812,2.114965995152791,98.84454416941315,0.000125,2.607140302658081,4.722106297810872,1.7917643673717976,65.17552322149277,65.13404631614685,0.025967061519622803,0.6111605763435364,0.6106447577476501,0.041098788380622864,15.661670515296704,0.4255868814856991,2.0104948622643737,0.1907372921705246,2.460982084274292,4.173760890960693,169.82778930664062,171.38206481933594,2.4939961433410645,4.3475141525268555,371,71,1.0,0.31008413510445365,0.9994360791266039,0.06857119624300934,371,371,0,0.01,1.6214121580123901,4.21026611328125,4.377865314483643,2.700032371687377,0.0871308222413063,6.098496437072754,1.2978143692016602,5.4940361976623535,0.900883726727003,0.5490753054618835
gpu_seed1101_ckpt300_optimizer_reset,1101,300,optimizer_reset,72,28.15978240966797,0.16579606668606495,2.057048479715983,91.43759664169008,0.000125,2.5953799883524575,4.6524284680684405,1.818177543580532,65.78291541337967,65.74096488952637,0.026413176208734512,0.6073921918869019,0.6069185733795166,0.03966892510652542,15.487916737876708,0.42716583530438557,2.02383393942513,0.1896122694015503,2.4040119647979736,4.195328235626221,169.82748413085938,171.3907470703125,2.6221923828125,4.818243026733398,372,72,1.0,0.3107740509693492,0.9994924712139436,0.06950262504676641,372,372,0,0.01,1.7294288873672485,4.227428913116455,4.418168544769287,2.55469801449461,0.09176962822675705,6.092635154724121,1.300890326499939,5.486678600311279,0.9005427800901725,0.549396812915802
gpu_seed1101_ckpt300_optimizer_reset,1101,300,optimizer_reset,73,28.257097244262695,0.16636902625554198,2.0794692834218345,92.78360453916113,0.000125,2.5843280951182046,4.663797378540039,1.8452402595430613,66.3925387263298,66.35039836168289,0.027062715962529182,0.6096233129501343,0.6094334721565247,0.029209500178694725,15.313505706430183,0.42877645982191415,2.0412336459121763,0.185978963971138,1.682431936264038,4.214320659637451,169.8271942138672,171.39979553222656,2.755195379257202,4.656553745269775,373,73,1.0,0.31146327691837983,0.9995432240925493,0.07043312242171962,373,373,0,0.01,1.803285002708435,4.150791168212891,4.4768805503845215,2.4826250668407988,0.02928788773715496,6.086757183074951,1.3044672012329102,5.477128982543945,0.8998435156527914,0.5510915517807007
gpu_seed1101_ckpt300_optimizer_reset,1101,300,optimizer_reset,74,28.35512924194336,0.166946208258882,1.8552241325378414,70.81406004410455,0.000125,2.5749314626057944,4.430155595143636,1.8720492012798786,67.00806134939194,66.96573799848557,0.02680894173681736,0.6155226230621338,0.6153396368026733,0.028601229190826416,15.146572655538346,0.43023613751550704,2.0459567993288266,0.18531867861747742,1.8164526224136353,4.349319934844971,169.8268585205078,171.40907287597656,2.686522960662842,4.432845115661621,374,74,1.0,0.3121518136414615,0.9995889016832943,0.0713626892992979,374,374,0,0.01,1.7064433097839355,4.236640930175781,4.5211710929870605,2.6494704318990046,0.029053237289190292,6.080983638763428,1.3048853874206543,5.470762252807617,0.8996508752191283,0.5514723658561707
gpu_seed1101_ckpt300_optimizer_reset,1101,300,optimizer_reset,75,28.453269958496094,0.16752403036522787,1.7893702983856197,65.00556399514588,0.000125,2.5679026444753013,4.357272942860921,1.8984273374080658,67.58480244874954,67.54222518205643,0.02637813612818718,0.576741099357605,0.5764871835708618,0.03249220922589302,14.987810909491287,0.43159476497603205,2.0556426972480484,0.17166677117347717,1.8335916996002197,4.42183256149292,169.82656860351562,171.41856384277344,2.890589952468872,4.229527950286865,375,75,1.0,0.3128396618278201,0.9996300115149649,0.0722913266099986,375,375,1,0.01,1.6969890594482422,3.8716728687286377,4.127182483673096,2.4320619279729314,0.06361974775791168,6.075479030609131,1.3084379434585571,5.463440895080566,0.8992609253614524,0.551883339881897
gpu_seed1101_ckpt300_optimizer_reset,1101,300,optimizer_reset,76,28.55024528503418,0.16809499101654637,1.8113691012064614,66.5834012959923,0.000125,2.565531571706136,4.376900672912598,1.9240188505500555,68.16182953119278,68.11900645494461,0.025591513141989708,0.5770270824432373,0.5767812728881836,0.031779129058122635,14.838859440933826,0.432807792703112,2.0643071467163527,0.1720912605524063,1.9981260299682617,4.532082557678223,169.8262481689453,171.42782592773438,2.570869207382202,4.378146171569824,376,76,1.0,0.31352682216599226,0.9996670103634684,0.07321903528338858,376,376,0,0.01,1.7153314352035522,4.022618770599365,4.2608442306518555,2.483977232157325,0.07021825760602951,6.070013046264648,1.31267511844635,5.455952167510986,0.8988369754604661,0.5522595047950745
gpu_seed1101_ckpt300_optimizer_reset,1101,300,optimizer_reset,77,28.644731521606445,0.16865129667799467,3.132104635238647,284.5905451062156,0.000125,2.5635529359181723,5.695657571156819,1.9487191196531057,68.75656133890152,68.71347171068192,0.024700269103050232,0.5947318077087402,0.5944652557373047,0.03155702352523804,14.699261290509037,0.43405116458348986,2.0764714858413926,0.16838711500167847,3.0740296840667725,4.6075334548950195,169.825927734375,171.43650817871094,2.701444149017334,4.459236145019531,377,77,1.0,0.31421329534382625,0.9997003093271215,0.07414581624810523,377,377,0,0.01,1.6222527027130127,3.960314989089966,4.204439163208008,2.591728869475158,0.04969066381454468,6.0642170906066895,1.3148362636566162,5.447509288787842,0.8983038053213811,0.5535972118377686
gpu_seed1101_ckpt300_optimizer_reset,1101,300,optimizer_reset,78,28.736129760742188,0.1691894211681021,2.2988989353179936,116.05850516113998,0.000125,2.560966412226359,4.8598653475443525,1.9739126320928335,69.4335007071495,69.39015966653824,0.025193512439727783,0.6769393682479858,0.6766879558563232,0.028584547340869904,14.557954234408163,0.4351027127494733,2.0787474377956765,0.19550420343875885,2.328839063644409,4.678329944610596,169.8256378173828,171.44528198242188,2.5295393466949463,5.838164806365967,378,78,1.0,0.3148990820484824,0.9997302783944094,0.07507167043185714,378,378,0,0.01,1.5249427556991577,4.778806686401367,4.995590686798096,3.2759201406904186,0.014169520698487759,6.058300495147705,1.3690370321273804,5.437526702880859,0.897533344084708,0.5431957244873047
gpu_seed1101_ckpt300_optimizer_reset,1101,300,optimizer_reset,79,28.83018684387207,0.169743200107159,2.9851872126261396,242.0987237095003,0.000125,2.5560097694396973,5.541196982065837,2.000777630135417,70.0869448184967,70.04338544607162,0.026864998042583466,0.6534441113471985,0.6532257795333862,0.02868213877081871,14.409490794789809,0.4361770333784045,2.083718017603429,0.18780021369457245,2.2225663661956787,4.802293300628662,169.8253173828125,171.45462036132812,2.607316732406616,3.9411118030548096,379,79,1.0,0.31558418296643387,0.9997572505549684,0.07599659876142528,379,379,0,0.01,1.8908302783966064,4.541981220245361,4.745908260345459,2.509959944351749,0.09787824004888535,6.053164005279541,1.38560152053833,5.425021171569824,0.8962290079762005,0.5442672371864319
gpu_seed1101_ckpt300_optimizer_reset,1101,300,optimizer_reset,80,28.925987243652344,0.17030724315406368,2.3330382506052656,119.89229952307728,0.000125,2.555588960647583,4.888627211252849,2.0274410378187895,70.72969728708267,70.68614536523819,0.026663407683372498,0.642752468585968,0.6427599191665649,0.02046022191643715,14.267239689869319,0.4373938223705964,2.0841413701207046,0.20437490940093994,2.5462708473205566,4.95905876159668,169.82504272460938,171.46412658691406,2.6391682624816895,5.224996089935303,380,80,1.0,0.31626859878346747,0.9997815254994716,0.07692060216266383,380,380,0,0.01,1.8615238666534424,4.408298969268799,4.776843547821045,2.5660930989867228,0.004882964305579662,6.047201156616211,1.3936396837234497,5.417276382446289,0.8958320125531759,0.5436877608299255
gpu_seed1101_ckpt300_optimizer_reset,1101,300,optimizer_reset,81,29.021839141845703,0.17087158940765532,2.1610571543375654,99.63296868016583,0.000125,2.562833309173584,4.723890463511149,2.0542878210544586,71.37487930059433,71.3315001130104,0.026846783235669136,0.6451820135116577,0.6453547477722168,0.014370485208928585,14.127445455493557,0.43839837289853556,2.082772385808609,0.19721409678459167,1.969233512878418,5.116197109222412,169.8247528076172,171.4737548828125,2.887636661529541,4.972670078277588,381,81,1.0,0.31695233018468405,0.9998033729495245,0.07784368156050114,381,381,0,0.01,1.8654897212982178,4.456394672393799,4.858410358428955,2.6043619018416897,-0.015916667878627777,6.041516304016113,1.3954883813858032,5.409103870391846,0.895322233392838,0.5449561476707458
gpu_seed1101_ckpt300_optimizer_reset,1101,300,optimizer_reset,82,29.11884307861328,0.17144271850713325,2.399069547653198,131.79484235506212,0.000125,2.577369769414266,4.976439317067464,2.0806441083550453,71.98600441217422,71.94272476434708,0.0263562873005867,0.611125111579895,0.6112246513366699,0.01778651773929596,13.995109957377865,0.43946045122154626,2.079340895021305,0.18622079491615295,2.156679630279541,5.276627540588379,169.824462890625,171.48373413085938,2.764862060546875,3.582120895385742,382,82,1.0,0.31763537785449936,0.999823035654572,0.07876583787894065,382,382,0,0.01,1.7716412544250488,4.026899814605713,4.416386604309082,2.4928221745095,-0.010501490905880928,6.036068439483643,1.3972878456115723,5.40285587310791,0.8950951976895086,0.5451474785804749
gpu_seed1101_ckpt300_optimizer_reset,1101,300,optimizer_reset,83,29.215608596801758,0.17201244387194928,2.096800645192464,94.91734034216478,0.000125,2.5872817039489746,4.6840823491414385,2.1059194039553404,72.6057842373848,72.56268161535263,0.025275295600295067,0.6197798252105713,0.6199568510055542,0.013385336846113205,13.873089607282735,0.4404756307337944,2.0816671097537824,0.18808792531490326,2.205223560333252,5.2275800704956055,169.82421875,171.49343872070312,2.5495526790618896,4.631638050079346,383,83,1.0,0.3183177424766448,0.9998407320891148,0.07968707204106174,383,383,0,0.01,1.5839725732803345,4.0397515296936035,4.448643684387207,2.8085358038564148,-0.07515934854745865,6.030735492706299,1.4036294221878052,5.393593788146973,0.8943509120353904,0.5463190078735352
gpu_seed1101_ckpt300_optimizer_reset,1101,300,optimizer_reset,84,29.31074333190918,0.17257256769167795,2.219996531804403,110.46823993810683,0.000125,2.5997041861216226,4.819700717926025,2.130449013784528,73.28391188383102,73.24097782373428,0.024529609829187393,0.678127646446228,0.6782962083816528,0.011212586425244808,13.758012110239541,0.44161526228721276,2.0721114470705717,0.18870627880096436,2.712697982788086,5.311650276184082,169.82395935058594,171.50303649902344,2.450899362564087,4.776480674743652,384,84,1.0,0.3189994247341682,0.9998566588802034,0.08060738496902065,384,384,0,0.01,1.6039100885391235,4.6081862449646,4.88814115524292,3.0476403821938036,-0.005818579345941544,6.025118827819824,1.4074934720993042,5.386500835418701,0.8940074028991226,0.5464833974838257
gpu_seed1101_ckpt300_optimizer_reset,1101,300,optimizer_reset,85,29.408967971801758,0.1731508839126248,2.078777472178141,95.13077827997398,0.000125,2.6101013819376626,4.688878854115804,2.1541521660983562,73.93005430698395,73.88700860738754,0.02370315231382847,0.6461424231529236,0.6460307836532593,0.023049725219607353,13.652224032554868,0.4429303485741503,2.066589092495718,0.17979584634304047,2.754378318786621,5.363381862640381,169.82371520996094,171.5133056640625,2.441685438156128,4.755213260650635,385,85,1.0,0.3196804253094341,0.999870992992183,0.08152677758405169,385,385,0,0.01,1.5881552696228027,4.351933002471924,4.481559753417969,2.821864989611215,0.09962896257638931,6.0193562507629395,1.4163827896118164,5.376646995544434,0.8932262473851855,0.5471951365470886
gpu_seed1101_ckpt300_optimizer_reset,1101,300,optimizer_reset,86,29.507173538208008,0.17372908783479868,2.169419129689534,106.17607940254692,0.000125,2.6169934272766113,4.7864125569661455,2.178001645952463,74.54602384567261,74.5029388666153,0.023849479854106903,0.6159695386886597,0.6159302592277527,0.021005868911743164,13.5478196690208,0.44415697888024364,2.0647547125195733,0.17054329812526703,2.7930567264556885,5.467867851257324,169.82350158691406,171.5237274169922,2.586705446243286,4.194016933441162,386,86,1.0,0.3203607448841246,0.9998838936929647,0.08244525080646758,386,386,0,0.01,1.620232105255127,3.8503329753875732,4.0776543617248535,2.5167100124091517,0.06595814973115921,6.013617515563965,1.4216543436050415,5.369019031524658,0.8928101957978037,0.5473163723945618
gpu_seed1101_ckpt300_optimizer_reset,1101,300,optimizer_reset,87,29.603832244873047,0.1742981843264862,1.5826073487599692,52.97423829374445,0.000125,2.61716357866923,4.199770927429199,2.204440163448453,75.19056761264801,75.14734822511673,0.0264385174959898,0.6445437669754028,0.6444093585014343,0.02559451386332512,13.42918385162685,0.4451432743510233,2.065553685095637,0.20991957187652588,2.112173557281494,5.292144298553467,169.82325744628906,171.53346252441406,3.3672380447387695,6.045893669128418,387,87,1.0,0.3210403841392405,0.9998955043236682,0.08336280555566111,387,387,0,0.01,1.8703957796096802,3.8833301067352295,4.209042072296143,2.2503483584486315,0.05938011407852173,6.008743762969971,1.4262285232543945,5.36201810836792,0.8923692405410073,0.5477285981178284
gpu_seed1101_ckpt300_optimizer_reset,1101,300,optimizer_reset,88,29.701873779296875,0.1748754224792127,1.5197731653849282,49.1140789122195,0.000125,2.6212473710378013,4.1410205364227295,2.2309049498289824,75.8429342508316,75.79947382211685,0.026464786380529404,0.6523666381835938,0.6521255970001221,0.029390061274170876,13.313823066088252,0.44616482487364284,2.069465070315553,0.21112728118896484,2.2912867069244385,5.220055103302002,169.82298278808594,171.54336547851562,2.7340030670166016,4.391627788543701,388,88,1.0,0.32171934375510125,0.9999059538913014,0.08427944275010546,388,388,0,0.01,1.8478423357009888,4.2770562171936035,4.450643539428711,2.4085623829686353,0.12017100304365158,6.00302791595459,1.4314186573028564,5.3538923263549805,0.8918653055276894,0.5481963753700256
gpu_seed1101_ckpt300_optimizer_reset,1101,300,optimizer_reset,89,29.799663543701172,0.17545117828813625,1.967124144236247,85.28182896154532,0.000125,2.629495620727539,4.596619764963786,2.257916057482362,76.48627692461014,76.44253897666931,0.02701110765337944,0.6433426737785339,0.6430651545524597,0.03126451000571251,13.197861561299765,0.4471975464577334,2.0672542037587442,0.2000783085823059,2.7994799613952637,5.150306701660156,169.82276916503906,171.55319213867188,2.849050521850586,5.401495933532715,389,89,1.0,0.3223976244113461,0.9999153585021713,0.08519516330735533,389,389,0,0.01,1.9131145477294922,4.119977951049805,4.2160964012146,2.2037867027962914,0.18134805560112,5.997467994689941,1.4338440895080566,5.347317218780518,0.8915957906760072,0.5483925342559814
gpu_seed1101_ckpt300_optimizer_reset,1101,300,optimizer_reset,90,29.89432716369629,0.176008528328173,2.0079983870188394,89.83873974726254,0.000125,2.634185234705607,4.642183621724446,2.284412257373333,77.2124547958374,77.1686082482338,0.026496199890971184,0.7261778712272644,0.7260692715644836,0.02234005369246006,13.086222535881658,0.448551707223213,2.0740161200952576,0.2035633623600006,2.5103509426116943,5.343112468719482,169.82249450683594,171.56211853027344,2.5150089263916016,5.041353225708008,390,90,1.0,0.3230752267869348,0.9999238226519541,0.08610996814404803,390,390,0,0.01,1.8816916942596436,4.7982892990112305,4.94550085067749,2.6282205877624825,0.11664573848247528,5.991873264312744,1.4388870000839233,5.340245246887207,0.8912480306772361,0.5483143329620361
gpu_seed1101_ckpt300_optimizer_reset,1101,300,optimizer_reset,91,29.99076271057129,0.17657631092421697,1.7665313879648843,67.19108554090752,0.000125,2.6284536520640054,4.39498504002889,2.3110815808176994,77.90445017814636,77.860591173172,0.026669323444366455,0.69199538230896,0.6919829249382019,0.019737035036087036,12.976938139910697,0.44997277414182013,2.0830414273549165,0.19378288090229034,1.9225701093673706,5.590239524841309,169.8222198486328,171.57154846191406,2.7345471382141113,4.36808967590332,391,91,1.0,0.3237521515601478,0.9999314403867587,0.08702385817590397,391,391,0,0.01,1.890570878982544,4.245716571807861,4.520733833312988,2.3912003953766274,0.07246541231870651,5.986824035644531,1.4442110061645508,5.33425235748291,0.890998687404672,0.5478427410125732
gpu_seed1101_ckpt300_optimizer_reset,1101,300,optimizer_reset,92,30.08818244934082,0.17714988813694524,1.5335699717203775,50.00828198183105,0.000125,2.621663967768351,4.1552339394887285,2.3384202271699905,78.58565241098404,78.54191064834595,0.027338646352291107,0.681202232837677,0.6813194751739502,0.015777459368109703,12.866884275005335,0.4515198291951194,2.097141816051943,0.19199205935001373,1.5305492877960205,5.631615161895752,169.82196044921875,171.58120727539062,2.5180158615112305,5.129775047302246,392,92,1.0,0.3244283994085877,0.9999382963480828,0.08793683431772803,392,392,0,0.01,1.6904008388519287,4.346014499664307,4.695089340209961,2.777500597666499,-0.020320594310760498,5.981124401092529,1.4472694396972656,5.325690269470215,0.8904162348632171,0.5490489602088928
gpu_seed1101_ckpt300_optimizer_reset,1101,300,optimizer_reset,93,30.18581199645996,0.177724700636176,1.5171501636505131,48.62838669826407,0.000125,2.614667812983195,4.131817976633708,2.3667288199067116,79.22127592563629,79.17772305011749,0.02830859273672104,0.6356235146522522,0.6358124017715454,0.0155962985008955,12.754233498384925,0.45315043550802164,2.110265772584535,0.18042242527008057,1.5307128429412842,5.579418182373047,169.82167053222656,171.59072875976562,2.8924198150634766,5.153279781341553,393,93,1.0,0.3251039710091791,0.9999444667132745,0.0888488974834103,393,393,0,0.01,1.7630717754364014,3.827772378921509,4.301392555236816,2.4397149425012383,-0.054952457547187805,5.975385665893555,1.4491873979568481,5.319142818450928,0.8901756498849547,0.549232006072998
gpu_seed1101_ckpt300_optimizer_reset,1101,300,optimizer_reset,94,30.28352165222168,0.17829998479025314,1.4042427539825444,41.78360858717187,0.000125,2.610031525293986,4.01427427927653,2.394192775711417,79.80932039022446,79.76599127054214,0.02746395580470562,0.5880444645881653,0.5882682204246521,0.015202827751636505,12.648739884034818,0.45464818219827546,2.1199906772273116,0.16728608310222626,1.5535967350006104,5.493557929992676,169.82138061523438,171.60044860839844,2.817215919494629,4.220096588134766,394,94,1.0,0.32577886703816994,0.9999500200419471,0.0897600485859269,394,394,0,0.01,1.7450413703918457,3.4740004539489746,3.9463441371917725,2.2614616502205713,-0.03792142495512962,5.970319747924805,1.4525498151779175,5.31256628036499,0.8898294404098993,0.5495301485061646
gpu_seed1101_ckpt300_optimizer_reset,1101,300,optimizer_reset,95,30.3797664642334,0.17886664439856761,1.4819722970326739,46.049689924810906,0.000125,2.6054697036743164,4.08744200070699,2.422031469643116,80.38666915893555,80.34359860420227,0.0278386939316988,0.5773487687110901,0.5776073336601257,0.014818022958934307,12.543093202953834,0.4560436352369075,2.1235628703898195,0.15879154205322266,1.8935054540634155,5.335173606872559,169.8210906982422,171.61009216308594,2.6794021129608154,4.443509578704834,395,95,1.0,0.3264530881711317,0.9999550180377524,0.09067028853734094,395,395,0,0.01,1.9103189706802368,3.76885724067688,4.312717437744141,2.2575902265191803,-0.05180297791957855,5.964925765991211,1.4551904201507568,5.305411338806152,0.8894345959934415,0.5501391887664795
gpu_seed1101_ckpt300_optimizer_reset,1101,300,optimizer_reset,96,30.469329833984375,0.17939396574671707,1.270615180333455,34.848455944831834,0.000125,2.6098132928212485,3.8804284731547036,2.4509376976639032,81.00513690710068,80.96230578422546,0.02890622802078724,0.6184677481651306,0.6187071800231934,0.01508496142923832,12.431703124487253,0.4571164563544092,2.127715831193199,0.22969457507133484,2.0219879150390625,5.264547348022461,169.82083129882812,171.61859130859375,2.46698260307312,5.112210273742676,396,96,1.0,0.3271266350829606,0.9999595162339772,0.09157961824880367,396,396,0,0.01,2.0267581939697266,3.6230599880218506,4.23423433303833,2.089166011828388,-0.047284264117479324,5.959293365478516,1.4580336809158325,5.297044277191162,0.8888712054142907,0.5513017773628235
gpu_seed1101_ckpt300_optimizer_reset,1101,300,optimizer_reset,97,30.558937072753906,0.1799215453820443,1.2055025895436606,32.003220576957624,0.000125,2.616353988647461,3.8218565781911216,2.4802947361022234,81.5965992808342,81.55385088920593,0.02935703843832016,0.5914623737335205,0.5915451049804688,0.022000562399625778,12.32068779082476,0.4582207589129888,2.1374031920097214,0.2274223417043686,2.061436891555786,5.20917272567749,169.820556640625,171.62728881835938,2.571286201477051,3.618354320526123,397,97,1.0,0.32779950844787764,0.9999635646105794,0.09248803863055488,397,397,0,0.01,2.112985849380493,3.2977476119995117,3.7996864318847656,1.798254556696155,0.06474010646343231,5.953834533691406,1.460924744606018,5.290178298950195,0.8885329729963742,0.5516407489776611
gpu_seed1101_ckpt300_optimizer_reset,1101,300,optimizer_reset,98,30.64828872680664,0.180447620213814,1.1864861647288003,31.472192917883437,0.000125,2.6268820762634277,3.813368240992228,2.5086391009390354,82.18637573719025,82.1435843706131,0.02834436483681202,0.5897764563560486,0.5897334814071655,0.025546304881572723,12.217097594995684,0.4590680661803486,2.13772881608348,0.21303121745586395,1.9580179452896118,5.023132801055908,169.82032775878906,171.63624572753906,2.5819172859191895,3.9715192317962646,398,98,1.0,0.3284717089394298,0.9999672081495214,0.09339555059192428,398,398,0,0.01,1.9725538492202759,3.3613176345825195,3.78193998336792,1.9172809831584332,0.06684045493602753,5.948246479034424,1.4629435539245605,5.283380031585693,0.8882247987212618,0.5520454049110413
gpu_seed1101_ckpt300_optimizer_reset,1101,300,optimizer_reset,99,30.73710060119629,0.18097051699030917,1.4263498783111568,43.90066660919397,0.000125,2.630258639653524,4.056608517964681,2.5359515603631735,82.76018577814102,82.71740365028381,0.02731245942413807,0.5738100409507751,0.5738192796707153,0.023460377007722855,12.120539320073728,0.45992552213040194,2.137995395064358,0.20116734504699707,2.0853664875030518,4.94793176651001,169.820068359375,171.64520263671875,2.6340019702911377,4.010001182556152,399,99,1.0,0.3291432372304903,0.9999704873345694,0.09430215504133233,399,399,0,0.01,1.6454272270202637,3.294515371322632,3.587308883666992,2.1801686666879454,0.06387113779783249,5.942756175994873,1.463072657585144,5.277496337890625,0.8880553368835185,0.5523468255996704
gpu_seed1101_ckpt300_optimizer_reset,1101,300,optimizer_reset,100,30.826528549194336,0.18149704101717068,2.026010831197103,91.28325709224464,6.25e-05,2.629359404246012,4.655370235443115,2.563133455812931,83.32704734802246,83.28437387943268,0.027181895449757576,0.5668615698814392,0.5669702291488647,0.01997845247387886,12.026891724764006,0.4608268241677972,2.1409469374642756,0.18733753263950348,2.531245708465576,4.9600019454956055,169.81982421875,171.654052734375,2.816758871078491,4.7461018562316895,400,100,1.0,0.3298140939932599,0.9999734386011124,0.09520785288629108,400,400,1,0.01,1.4557265043258667,3.41154146194458,3.589085102081299,2.4654940961873226,0.0882173553109169,5.937260150909424,1.465480923652649,5.271393299102783,0.8878494735142208,0.5523026585578918
gpu_seed1102_ckpt75_optimizer_reset,1102,75,optimizer_reset,1,3.698697328567505,0.02178360509537814,17.087776025136314,3445646328.678362,0.001,4.872601350148519,21.960377375284832,0.41614481806755066,3.742893695831299,3.698697566986084,0.41614481806755066,3.742893695831299,3.698697566986084,0.16116778552532196,8.888005251955887,0.08408255924216124,0.40475017179022293,0.863122820854187,20.057401657104492,8.779296875,169.7974853515625,169.82196044921875,4.592284202575684,4.592284202575684,76,1,0.9996670103634684,0.07321903528338858,0.09999999999999998,0.0010000000000000009,76,76,0,0.01,4.597229957580566,2.2510550022125244,4.478946208953857,0.9742706478207295,0.2966974973678589,10.427949905395508,0.01203270722180605,10.422442436218262,0.9994718550407117,0.4580979347229004
gpu_seed1102_ckpt75_optimizer_reset,1102,75,optimizer_reset,2,5.353747844696045,0.031531082018614,11.166267395019531,5943647.00723515,0.001,4.431580225626628,15.597847620646158,0.8521266877651215,6.557976245880127,6.5106353759765625,0.4359818696975708,2.815082550048828,2.8119378089904785,0.08464601635932922,6.282807382469236,0.11081776333346496,0.518973418911473,0.6169233918190002,19.44457244873047,10.807875633239746,169.80210876464844,169.85191345214844,5.520785331726074,23.3161563873291,77,2,0.9997003093271215,0.07414581624810523,0.18999999999999995,0.001998999999999973,77,77,0,0.01,4.908293724060059,11.775197982788086,12.77956771850586,2.6036680844626003,-0.004937296733260155,10.422853469848633,0.5523990988731384,10.414302825927734,0.9991796254311132,0.041972190141677856
gpu_seed1102_ckpt75_optimizer_reset,1102,75,optimizer_reset,3,6.885549545288086,0.04055268080486805,12.418973048528034,17327567.007665705,0.001,4.248840252558391,16.667813301086426,1.2895227074623108,8.886821031570435,8.838760137557983,0.43739601969718933,2.3288447856903076,2.328124761581421,0.09555412828922272,5.339610931577171,0.1373072655374468,0.6235170105316005,0.493500292301178,21.48548126220703,12.070596694946289,169.80641174316406,169.88909912109375,5.200158596038818,15.22592544555664,78,3,0.9997302783944094,0.07507167043185714,0.2709999999999999,0.002997000999999999,78,78,0,0.01,5.328351974487305,12.685225486755371,13.70218276977539,2.5715611197196195,0.011513841338455677,10.421388626098633,0.5840691328048706,10.36414623260498,0.9945072201461432,0.12576018273830414
gpu_seed1102_ckpt75_optimizer_reset,1102,75,optimizer_reset,4,8.194541931152344,0.048262036470790415,15.22718938191732,259968836.448021,0.001,4.1488831837972,19.37607256571452,1.7122268378734589,10.962440729141235,10.921322345733643,0.42270413041114807,2.075619697570801,2.082562208175659,0.08537474274635315,4.785897376380904,0.16068278742191205,0.7071439528582906,0.44327595829963684,15.600987434387207,12.076696395874023,169.81019592285156,169.92825317382812,4.904483318328857,16.727426528930664,79,4,0.9997572505549684,0.07599659876142528,0.3439,0.003994003998999962,79,79,0,0.01,4.808560848236084,14.971766471862793,15.312370300292969,3.184397740522883,0.08894919604063034,10.417587280273438,0.7207666635513306,10.348367691040039,0.9933555066665518,0.1303098499774933
gpu_seed1102_ckpt75_optimizer_reset,1102,75,optimizer_reset,5,9.384973526000977,0.055273124281343206,15.261850595474243,241439967.26503855,0.001,4.040281057357788,19.30213165283203,2.151135355234146,12.82995080947876,12.810251712799072,0.43890851736068726,1.8675100803375244,1.8889293670654297,0.06843056529760361,4.362800092128596,0.18193894339434055,0.7997737769431947,0.4114704132080078,17.238924026489258,11.461615562438965,169.8136749267578,169.9693603515625,4.751728534698486,17.14885902404785,80,5,0.9997815254994716,0.07692060216266383,0.40950999999999993,0.004990009995000988,80,80,0,0.01,4.935169696807861,15.640161514282227,15.952045440673828,3.2323195392832402,0.09394624084234238,10.417448997497559,1.1439918279647827,10.123881340026855,0.9718196213351086,0.30790868401527405
gpu_seed1102_ckpt75_optimizer_reset,1102,75,optimizer_reset,6,10.465827941894531,0.06163885352865626,14.677431106567381,127229574.70026039,0.001,3.984073003133138,18.66150410970052,2.5947089791297913,14.571777105331421,14.574678897857666,0.44357362389564514,1.7418262958526611,1.7644271850585938,0.07604774087667465,4.033526698397023,0.2003983707304359,0.8714542584286432,0.38417157530784607,19.13312530517578,10.38618278503418,169.81668090820312,170.0113983154297,5.165832042694092,18.55636215209961,81,6,0.9998033729495245,0.07784368156050114,0.46855899999999995,0.0059850199850060015,81,81,0,0.01,4.875915050506592,16.3971004486084,16.5267276763916,3.3894617738820405,0.12199219316244125,10.411849021911621,1.3684585094451904,10.074810981750488,0.9676293769288425,0.3080204725265503
gpu_seed1102_ckpt75_optimizer_reset,1102,75,optimizer_reset,7,11.472197532653809,0.06756590183719895,12.409325281778973,25638490.944819182,0.001,4.650284131368001,17.059609413146973,3.0158956944942474,16.209906816482544,16.23407530784607,0.4211867153644562,1.638129711151123,1.6593964099884033,0.07773687690496445,3.8039105774093565,0.21686706105675965,0.9235852693087779,0.3569863736629486,18.11305809020996,8.774922370910645,169.81997680664062,170.05508422851562,4.618561267852783,15.551127433776855,82,7,0.999823035654572,0.07876583787894065,0.5217030999999999,0.006979034965020947,82,82,0,0.01,4.388452529907227,16.01704216003418,15.870138168334961,3.6163403979367743,0.17031453549861908,10.404060363769531,1.4062047004699707,10.036001205444336,0.9646235079904124,0.3246888816356659
gpu_seed1102_ckpt75_optimizer_reset,1102,75,optimizer_reset,8,12.3956298828125,0.07300448841544828,10.744911988576252,2495509.359705894,0.001,3.985112984975179,14.730024973551432,3.438205987215042,17.773691654205322,17.8253732919693,0.4223102927207947,1.5637848377227783,1.59129798412323,0.06930602341890335,3.6052609788075536,0.23096918396812696,0.9546900749044227,0.35411426424980164,11.917899131774902,8.106935501098633,169.8232421875,170.09764099121094,4.900722503662109,18.206880569458008,83,8,0.9998407320891148,0.07968707204106174,0.5695327899999999,0.00797205593005601,83,83,0,0.01,4.505280494689941,15.20118522644043,15.325626373291016,3.4017030440947806,0.12045428156852722,10.414917945861816,1.4305996894836426,10.010071754455566,0.9611282399427765,0.34617114067077637
gpu_seed1102_ckpt75_optimizer_reset,1102,75,optimizer_reset,9,13.227657318115234,0.07790474260471837,11.242352644602459,4238497.736741075,0.001,4.017379919687907,15.259732564290365,3.8358074724674225,19.295862555503845,19.375118136405945,0.39760148525238037,1.522170901298523,1.5497448444366455,0.060624610632658005,3.4484674773322133,0.243728572902004,0.996514616051844,0.33106645941734314,12.019021987915039,8.837818145751953,169.8264617919922,170.1409454345703,5.883894443511963,15.218778610229492,84,9,0.9998566588802034,0.08060738496902065,0.6125795109999999,0.00896408387412595,84,84,0,0.01,4.11447286605835,16.787919998168945,16.918861389160156,4.112036204862435,0.09059368818998337,10.410253524780273,1.4876316785812378,9.988563537597656,0.9594928225158208,0.3491734266281128
gpu_seed1102_ckpt75_optimizer_reset,1102,75,optimizer_reset,10,14.026534080505371,0.08260975476599217,10.173630158106487,1629726.8039582754,0.001,4.1303309599558515,14.303961118062338,4.224838554859161,20.68912100791931,20.797437071800232,0.3890310823917389,1.3932584524154663,1.422318935394287,0.06413322687149048,3.3200165872301923,0.2558792155833856,1.0457110554359108,0.3067837953567505,13.325927734375,9.25964641571045,169.8297576904297,170.18614196777344,4.092741012573242,15.844048500061035,85,10,0.999870992992183,0.08152677758405169,0.6513215599,0.009955119790251765,85,85,0,0.01,4.067647933959961,14.721212387084961,14.858154296875,3.652763104895007,0.1043330505490303,10.40319538116455,1.5005533695220947,9.959383010864258,0.9573388411886609,0.3615770936012268
gpu_seed1102_ckpt75_optimizer_reset,1102,75,optimizer_reset,11,14.765000343322754,0.08695897721283234,7.353301207224528,140951.63767121703,0.001,4.5035115877787275,11.856812795003256,4.599171549081802,22.02905833721161,22.169078707695007,0.374332994222641,1.3399373292922974,1.3716416358947754,0.05398569628596306,3.210360862983528,0.2662515511293263,1.0890119541828112,0.3044893741607666,10.251087188720703,8.706912994384766,169.83297729492188,170.22911071777344,4.1272969245910645,15.952436447143555,86,11,0.9998838936929647,0.08244525080646758,0.6861894039099999,0.010945164670461582,86,86,0,0.01,3.94709849357605,14.326038360595703,14.505160331726074,3.67489191245917,0.0920947939157486,10.395320892333984,1.5323675870895386,9.920042991638184,0.9542796316131763,0.3767735958099365
gpu_seed1102_ckpt75_optimizer_reset,1102,75,optimizer_reset,12,15.463407516479492,0.09107227027369441,4.579653104146321,7293.326281437662,0.001,4.3253733317057295,8.90502643585205,4.98940110206604,23.299266695976257,23.480366706848145,0.39022955298423767,1.2702083587646484,1.3112879991531372,0.04663563519716263,3.0992512327928927,0.275441358403774,1.1253281228178316,0.28878161311149597,5.626542568206787,8.700480461120605,169.83584594726562,170.27194213867188,4.759325981140137,10.696621894836426,87,12,0.9998955043236682,0.08336280555566111,0.7175704635189999,0.0119342195057911,87,87,0,0.01,4.213197231292725,14.288681030273438,14.560747146606445,3.455985169280896,0.08224184066057205,10.390684127807617,1.5574218034744263,9.896373748779297,0.9524275425035397,0.3847832977771759
gpu_seed1102_ckpt75_optimizer_reset,1102,75,optimizer_reset,13,16.13550567626953,0.09503061549570446,4.194197495778402,5142.875141730999,0.001,4.366367816925049,8.560565312703451,5.405175119638443,24.490946173667908,24.727587461471558,0.41577401757240295,1.1916794776916504,1.247220754623413,0.03775067627429962,2.985195728005546,0.2841886302590745,1.1497024175118447,0.27491533756256104,5.922245979309082,9.33863639831543,169.8385467529297,170.31532287597656,4.881080627441406,7.9843058586120605,88,13,0.9999059538913014,0.08427944275010546,0.7458134171670999,0.012922285286285251,88,88,0,0.01,5.2831645011901855,13.374621391296387,14.086959838867188,2.66638675280526,0.059084855020046234,10.391357421875,1.5673730373382568,9.885489463806152,0.9513183949380002,0.3903101682662964
gpu_seed1102_ckpt75_optimizer_reset,1102,75,optimizer_reset,14,16.776174545288086,0.09880385682902759,4.717779795328776,8490.195408780257,0.001,4.337862650553386,9.055642445882162,5.787556409835815,25.600170373916626,25.887727737426758,0.38238129019737244,1.1092242002487183,1.1601402759552002,0.036152854561805725,2.8986628133376766,0.2929966516340878,1.1757810363772003,0.2517775297164917,4.087881565093994,10.332778930664062,169.84100341796875,170.35906982421875,4.463804721832275,8.271665573120117,89,14,0.9999153585021713,0.08519516330735533,0.7712320754503899,0.013909363000998987,89,89,0,0.01,4.359899997711182,12.435669898986816,12.968599319458008,2.9745176096385615,0.050444696098566055,10.387472152709961,1.572270154953003,9.868491172790527,0.950037798196649,0.39751923084259033
gpu_seed1102_ckpt75_optimizer_reset,1102,75,optimizer_reset,15,17.387020111083984,0.10240145279255408,6.165700435638427,26353.48227643735,0.001,4.0157577196757,10.181458155314127,6.150029927492142,26.612660765647888,26.95086920261383,0.3624735176563263,1.0124903917312622,1.0631414651870728,0.035768359899520874,2.8271439840246817,0.30145468990123647,1.2032399396476672,0.23340065777301788,6.95418119430542,11.002325057983398,169.8436279296875,170.40162658691406,3.7855517864227295,8.974411964416504,90,15,0.9999238226519541,0.08610996814404803,0.794108867905351,0.014895453637998046,90,90,0,0.01,4.219743251800537,10.959372520446777,11.578290939331055,2.743837776004009,0.04170403629541397,10.380756378173828,1.5856828689575195,9.850913047790527,0.9489590824519996,0.40199097990989685
gpu_seed1102_ckpt75_optimizer_reset,1102,75,optimizer_reset,16,17.955665588378906,0.10575050988381463,6.592386960983276,52574.48543853945,0.001,4.278970956802368,10.871357917785645,6.480844795703888,27.599949181079865,27.980059385299683,0.3308148682117462,0.9872884154319763,1.029190182685852,0.03818682208657265,2.770574848556601,0.30933740182942326,1.2279701224118666,0.24169081449508667,9.041833877563477,11.143478393554688,169.84609985351562,170.44129943847656,3.8259899616241455,9.720844268798828,91,16,0.9999314403867587,0.08702385817590397,0.8146979811148158,0.015880558184360072,91,91,0,0.01,3.5337510108947754,10.35506534576416,10.881720542907715,3.079368215065411,0.01780298352241516,10.373420715332031,1.5962257385253906,9.826067924499512,0.947235072609706,0.4107961058616638
gpu_seed1102_ckpt75_optimizer_reset,1102,75,optimizer_reset,17,18.492450714111328,0.10891192433903761,10.19161613782247,1513012.6163475148,0.001,4.038034677505493,14.229650815327963,6.81414532661438,28.60598760843277,29.0308039188385,0.33330053091049194,1.0060384273529053,1.0507445335388184,0.02853824570775032,2.71383274464101,0.3171753190378893,1.268688235392035,0.23719562590122223,9.185274124145508,11.615499496459961,169.84823608398438,170.4808807373047,4.156301498413086,10.864651679992676,92,17,0.9999382963480828,0.08793683431772803,0.8332281830033342,0.016864677626175606,92,92,0,0.01,3.3703694343566895,12.555076599121094,13.013731956481934,3.861218246231228,-0.004347159992903471,10.365986824035645,1.711791753768921,9.806408882141113,0.9460178802660657,0.40064090490341187
gpu_seed1102_ckpt75_optimizer_reset,1102,75,optimizer_reset,18,18.998048782348633,0.11188966154678397,10.002240022023518,1542392.3754226805,0.001,4.2466505368550616,14.24889055887858,7.1526943147182465,29.541996657848358,30.01476103067398,0.3385489881038666,0.9360090494155884,0.9839571118354797,0.035591453313827515,2.656068880680851,0.3239225026522505,1.3000547924520667,0.2365035116672516,14.47568130493164,11.700541496276855,169.8500213623047,170.5188751220703,4.719501495361328,15.68478012084961,93,18,0.9999444667132745,0.0888488974834103,0.8499053647030008,0.017847812948549535,93,93,0,0.01,3.7296247482299805,11.876242637634277,12.170278549194336,3.2631375462013676,0.07720642536878586,10.362610816955566,1.7293046712875366,9.778132438659668,0.9435973821056269,0.41189268231391907
gpu_seed1102_ckpt75_optimizer_reset,1102,75,optimizer_reset,19,19.47408676147461,0.1146933035932929,11.365085999170939,5296439.633527116,0.001,4.117470979690552,15.48255697886149,7.496750116348267,30.42163246870041,30.946761548519135,0.34405580163002014,0.8796358108520508,0.9320005178451538,0.038838714361190796,2.597670518456338,0.32979628450897264,1.3236804330218392,0.22199344635009766,17.085004806518555,11.37964153289795,169.8515625,170.5545196533203,4.028397083282471,13.476301193237305,94,19,0.9999500200419471,0.0897600485859269,0.8649148282327007,0.01882996513560098,94,94,0,0.01,3.8847708702087402,11.160147666931152,11.405868530273438,2.9360466579223576,0.11009801924228668,10.355581283569336,1.7639113664627075,9.748563766479492,0.9413825742400469,0.41921234130859375
gpu_seed1102_ckpt75_optimizer_reset,1102,75,optimizer_reset,20,19.9193172454834,0.11731550383800117,9.50157109896342,820149.1631002962,0.001,4.115745147069295,13.617316246032715,7.831652402877808,31.310253381729126,31.885284900665283,0.334902286529541,0.888620913028717,0.9385233521461487,0.03524923697113991,2.5434373515046875,0.3346669223155289,1.3389781807620769,0.22828587889671326,13.520329475402832,10.461657524108887,169.8531494140625,170.58853149414062,3.805269956588745,14.674447059631348,95,20,0.9999550180377524,0.09067028853734094,0.8784233454094307,0.01981113517046529,95,95,0,0.01,3.8570749759674072,13.85055160522461,14.109445571899414,3.6580687852345712,0.07148949056863785,10.349272727966309,1.8865114450454712,9.68985652923584,0.936283812779472,0.4295487701892853
gpu_seed1102_ckpt75_optimizer_reset,1102,75,optimizer_reset,21,20.341630935668945,0.11980273483749924,9.406599283218384,605266.9605273862,0.001,3.906907796859741,13.313507080078125,8.146750122308731,32.159553706645966,32.780308187007904,0.31509771943092346,0.8493003249168396,0.8950232863426208,0.03649110719561577,2.4969012956422647,0.3393011024518388,1.354409956154714,0.2203938364982605,12.548059463500977,9.66983699798584,169.85458374023438,170.62098693847656,4.1232757568359375,12.957411766052246,96,21,0.9999595162339772,0.09157961824880367,0.8905810108684876,0.020791324035294823,96,96,0,0.01,3.4734251499176025,12.933289527893066,13.044127464294434,3.7554076743528255,0.10223536193370819,10.345649719238281,1.9160023927688599,9.657522201538086,0.9334862926567561,0.4398026764392853
gpu_seed1102_ckpt75_optimizer_reset,1102,75,optimizer_reset,22,20.74234390258789,0.12216274763458322,8.149294137954712,144023.52616406424,0.001,3.728726784388224,11.878020922342936,8.460103660821915,32.95624387264252,33.62665271759033,0.3133535385131836,0.7966901659965515,0.846344530582428,0.03326045721769333,2.4517836582359656,0.3433388833968942,1.3621260986069483,0.21090298891067505,6.813576698303223,8.826089859008789,169.85581970214844,170.65280151367188,3.721000909805298,10.42554759979248,97,22,0.9999635646105794,0.09248803863055488,0.9015229097816388,0.021770532711259616,97,97,0,0.01,3.3952078819274902,11.63015365600586,11.855353355407715,3.4917901252850037,0.07899507880210876,10.341378211975098,1.9224718809127808,9.64592170715332,0.9327501140981976,0.4425378143787384
gpu_seed1102_ckpt75_optimizer_reset,1102,75,optimizer_reset,23,21.12379264831543,0.124409303138565,8.108309745788574,151774.3747725226,0.001,3.822141647338867,11.930451393127441,8.75994336605072,33.729610443115234,34.44855171442032,0.29983970522880554,0.7733665704727173,0.8218989968299866,0.026913825422525406,2.411407444730586,0.34698204489211115,1.3598972341097746,0.20326808094978333,4.298945903778076,8.30009937286377,169.8570098876953,170.68338012695312,4.654119968414307,10.745991706848145,98,23,0.9999672081495214,0.09339555059192428,0.9113706188034749,0.022748762178548265,98,98,0,0.01,3.4891953468322754,11.046079635620117,11.507745742797852,3.2981087611623847,0.022860052064061165,10.333118438720703,1.936659574508667,9.617352485656738,0.9307308865847558,0.45049911737442017
gpu_seed1102_ckpt75_optimizer_reset,1102,75,optimizer_reset,24,21.482582092285156,0.12652240590570973,7.977118571599323,155218.74535222913,0.001,3.9758153756459556,11.95293394724528,9.038417935371399,34.46695500612259,35.229098439216614,0.2784745693206787,0.7373445630073547,0.7805467247962952,0.029152585193514824,2.376807782721771,0.3504091121052486,1.3557850777203715,0.19495876133441925,7.34942626953125,7.794070243835449,169.85816955566406,170.7116241455078,3.8538389205932617,11.212235450744629,99,24,0.9999704873345694,0.09430215504133233,0.9202335569231275,0.023726013416369818,99,99,0,0.01,3.107295513153076,9.714505195617676,10.306465148925781,3.3168603067508537,-0.03638004511594772,10.329875946044922,1.9750348329544067,9.5773344039917,0.9271490242491943,0.46274644136428833
gpu_seed1102_ckpt75_optimizer_reset,1102,75,optimizer_reset,25,21.821136474609375,0.12851633358151573,6.922857681910196,44076.07798863764,0.0005,3.7718002796173096,10.694657961527506,9.322368174791336,35.210561633110046,36.014993131160736,0.28395023941993713,0.7436066269874573,0.7858946919441223,0.0377652607858181,2.34072888620873,0.3536541332803894,1.3515221864495601,0.19772472977638245,8.693624496459961,7.134184837341309,169.8594207763672,170.73733520507812,4.900149822235107,12.239104270935059,100,25,0.9999734386011124,0.09520785288629108,0.9282102012308147,0.024702287402953438,100,100,1,0.01,3.470914363861084,8.85348129272461,9.29701042175293,2.6785479119133764,0.06503434479236603,10.327400207519531,1.9799067974090576,9.5647611618042,0.9261538208656841,0.466824471950531
gpu_seed1102_ckpt75_optimizer_reset,1102,75,optimizer_reset,26,21.978118896484375,0.12944088695294972,5.636670351028442,9792.532137148593,0.0005,3.5562760829925537,9.192946434020996,9.473933145403862,35.61937540769577,36.4456552863121,0.15156497061252594,0.4088137745857239,0.4306621551513672,0.03736790642142296,2.3198515926982672,0.3550909003487387,1.348221045945415,0.11206631362438202,7.126559257507324,6.742743968963623,169.85987854003906,170.7490234375,4.433125972747803,10.512439727783203,101,26,0.9999760947410011,0.09611264503340478,0.9353891811077333,0.025677585115550405,101,101,0,0.01,3.675696849822998,9.610455513000488,9.93508243560791,2.702911268671035,0.10142557322978973,10.322564125061035,1.9961354732513428,9.533635139465332,0.9235723822067357,0.4768129587173462
gpu_seed1102_ckpt75_optimizer_reset,1102,75,optimizer_reset,27,22.12384605407715,0.13029915205838413,4.375460068384806,2553.8163779156143,0.0005,3.482546250025431,7.858006318410237,9.61767940223217,36.026755809783936,36.87302166223526,0.1437462568283081,0.4073804020881653,0.42736637592315674,0.0339803472161293,2.300330997614676,0.35642478219190876,1.3460375612710853,0.10988692939281464,5.096156597137451,6.275866508483887,169.86024475097656,170.75965881347656,3.336759567260742,9.204485893249512,102,27,0.999978485266901,0.09701653238837138,0.94185026299696,0.026651907530434893,102,102,0,0.01,3.3867416381835938,9.756088256835938,10.032975196838379,2.9624270962152246,0.09065484255552292,10.313870429992676,2.0057737827301025,9.51272964477539,0.9223239432125796,0.48114147782325745
gpu_seed1102_ckpt75_optimizer_reset,1102,75,optimizer_reset,28,22.25959587097168,0.13109865527270786,3.8056131998697915,1309.7190701998718,0.0005,3.394451459248861,7.200064659118652,9.759447261691093,36.4533614218235,37.31798854470253,0.14176785945892334,0.42660561203956604,0.4449668824672699,0.033854302018880844,2.280825468297301,0.35773029660596256,1.3478369337622855,0.11221487820148468,4.839540958404541,5.8741912841796875,169.86053466796875,170.76937866210938,3.5033156871795654,7.637850284576416,103,28,0.999980636740211,0.09791951585598302,0.9476652366972639,0.02762525562290441,103,103,0,0.01,3.4990079402923584,10.222273826599121,10.372912406921387,2.964529542065491,0.1277771145105362,10.308403015136719,2.009679079055786,9.502176284790039,0.9217893664844351,0.4829614460468292
gpu_seed1102_ckpt75_optimizer_reset,1102,75,optimizer_reset,29,22.386341094970703,0.13184512562755285,3.8747936884562173,1268.1415607553197,0.0005,3.2914911905924478,7.166284879048665,9.899761661887169,36.883171647787094,37.765487015247345,0.14031440019607544,0.42981022596359253,0.44749847054481506,0.03457259386777878,2.2613010150691837,0.3589291116118959,1.3522384367638838,0.10907644778490067,6.025033950805664,5.678164005279541,169.86065673828125,170.7783660888672,3.56054949760437,7.019822120666504,104,29,0.9999825730661899,0.098821596340127,0.9528987130275375,0.02859763036728158,104,104,0,0.01,3.5889625549316406,9.404041290283203,9.582420349121094,2.669969441712646,0.14064650237560272,10.299654006958008,2.016633987426758,9.48615837097168,0.921017188010618,0.4853598177433014
gpu_seed1102_ckpt75_optimizer_reset,1102,75,optimizer_reset,30,22.504545211791992,0.13254129283799074,3.0661763350168862,567.9685718827772,0.0005,3.3236094315846763,6.3897857666015625,10.038711994886398,37.286462247371674,38.18790212273598,0.13895033299922943,0.40329059958457947,0.4224151074886322,0.03137187287211418,2.241776158460697,0.3599357917686993,1.3525999300144698,0.10364022850990295,5.000457286834717,5.620865345001221,169.8606414794922,170.78656005859375,3.523271322250366,6.37105131149292,105,30,0.9999843157595709,0.09972277474378688,0.9576088417247838,0.029569032736914247,105,105,0,0.01,3.7165439128875732,8.57752799987793,8.871850967407227,2.387123945082582,0.13609281182289124,10.29045295715332,2.0169997215270996,9.474838256835938,0.9207406414747432,0.48634859919548035
gpu_seed1102_ckpt75_optimizer_reset,1102,75,optimizer_reset,31,22.615875244140625,0.13319697489156326,2.5062039693196616,317.19874960071536,0.0005,3.3384221394856772,5.844626108805339,10.174635648727417,37.69491711258888,38.614869862794876,0.13592365384101868,0.40845486521720886,0.4269677400588989,0.0271002110093832,2.222770035698238,0.3608090246258837,1.3504497525776424,0.09934132546186447,4.2501115798950195,5.62890100479126,169.860595703125,170.79417419433594,3.237028121948242,5.644606113433838,106,31,0.9999858841836138,0.10062305196904309,0.9618479575523053,0.030539463704177372,106,106,0,0.01,3.3428711891174316,8.46996021270752,8.914271354675293,2.6666511661270826,0.06093743443489075,10.283147811889648,2.018465042114258,9.463152885437012,0.9202583740452065,0.48819389939308167
gpu_seed1102_ckpt75_optimizer_reset,1102,75,optimizer_reset,32,22.720102310180664,0.1338108237808276,2.1852581501007085,210.93081684618414,0.0005,3.2855610052744546,5.470819155375163,10.313848748803139,38.097589522600174,39.03695887327194,0.13921310007572174,0.4026724100112915,0.42208901047706604,0.030024757608771324,2.20287332726447,0.3616957416116364,1.3501610526016528,0.1013316661119461,3.6045663356781006,5.757585525512695,169.86041259765625,170.80133056640625,3.534231424331665,5.596695423126221,107,32,0.9999872957652524,0.10152242891707408,0.9656631617970749,0.031508924240473246,107,107,0,0.01,3.446605920791626,7.920013904571533,8.47884464263916,2.460056309741746,0.04972882196307182,10.277344703674316,2.021693468093872,9.451910972595215,0.9196841446035263,0.4902488887310028
gpu_seed1102_ckpt75_optimizer_reset,1102,75,optimizer_reset,33,22.820180892944336,0.1344002400351912,2.374069452285767,272.9339644898977,0.0005,3.3328847090403237,5.706954161326091,10.45790059864521,38.48774403333664,39.449593394994736,0.14405184984207153,0.39015451073646545,0.4126345217227936,0.024058040231466293,2.182099617192617,0.3625748709025291,1.3505077217809922,0.09832591563463211,3.8118252754211426,5.848014831542969,169.86009216308594,170.80821228027344,3.847743272781372,6.379617691040039,108,33,0.9999885661887271,0.10242090648815694,0.9690968456173674,0.032477415316232716,108,108,0,0.01,3.6261484622955322,7.31693696975708,8.045501708984375,2.218745810503565,0.036868657916784286,10.268468856811523,2.0211021900177,9.442010879516602,0.9195149745477763,0.490871787071228
gpu_seed1102_ckpt75_optimizer_reset,1102,75,optimizer_reset,34,22.913122177124023,0.1349476209241302,2.5652016003926597,325.0090096903046,0.0005,3.2986729939778647,5.863874594370524,10.593055382370949,38.8690285384655,39.85273164510727,0.13515478372573853,0.3812845051288605,0.40313825011253357,0.01090797409415245,2.16303241605383,0.3633665470598053,1.3466414393642612,0.09494192898273468,3.839731216430664,5.728846549987793,169.8596649169922,170.8144073486328,3.1881444454193115,5.674719333648682,109,34,0.9999897095698544,0.10331848558166878,0.9721871610556306,0.033444937900916516,109,109,0,0.01,3.6450161933898926,7.062361240386963,8.090384483337402,2.2195743596439454,-0.04450292885303497,10.262258529663086,2.026334762573242,9.427098274230957,0.9186182794928607,0.49410974979400635
gpu_seed1102_ckpt75_optimizer_reset,1102,75,optimizer_reset,35,23.002731323242188,0.13547537707138113,2.1949447790781655,217.75741883220658,0.0005,3.30650528271993,5.501450061798096,10.73728047311306,39.23987251520157,40.24786853790283,0.1442250907421112,0.3708439767360687,0.39513689279556274,0.02050059475004673,2.1423237830883317,0.3642463664902112,1.3443420182089407,0.0938989445567131,5.948668003082275,5.679415702819824,169.85914611816406,170.8202667236328,3.35001277923584,6.15229606628418,110,35,0.999990738612869,0.10421516709608714,0.9749684449500675,0.0344114929630156,110,110,0,0.01,3.833191394805908,6.743541717529297,7.747232913970947,2.0210921177759773,0.00288404175080359,10.255311012268066,2.029299259185791,9.415730476379395,0.9181321234543517,0.4957326650619507
gpu_seed1102_ckpt75_optimizer_reset,1102,75,optimizer_reset,36,23.085752487182617,0.1359643330710702,1.8287227153778072,174.76783278060645,0.0005,3.5098257859547934,5.338548501332601,10.877277046442032,39.58714887499809,40.61818167567253,0.13999657332897186,0.34727635979652405,0.3703131377696991,0.03155353665351868,2.122383422672117,0.3650175509309525,1.3416617599676688,0.09515660256147385,5.668862819671631,5.644619464874268,169.85858154296875,170.82533264160156,3.5671520233154297,6.573404788970947,111,36,0.9999916647515821,0.105110951928991,0.9774716004550608,0.035377081470052585,111,111,0,0.01,3.0780835151672363,5.7671284675598145,6.306293487548828,2.0487727043377997,0.08351404219865799,10.247421264648438,2.0323121547698975,9.403831481933594,0.9176778468524586,0.4971654713153839
gpu_seed1102_ckpt75_optimizer_reset,1102,75,optimizer_reset,37,23.165193557739258,0.1364322039876748,1.517326196034749,128.96323087165496,0.0005,3.5897622108459473,5.107088406880696,11.025851011276245,39.93054175376892,40.98771575093269,0.14857396483421326,0.34339287877082825,0.36953407526016235,0.033688053488731384,2.1009891693662364,0.36559473704283624,1.3377392313972796,0.09471619874238968,3.0489742755889893,5.572206974029541,169.85806274414062,170.83010864257812,3.324002981185913,5.647485256195068,112,37,0.9999924982764239,0.10600584097706212,0.9797244404095548,0.03634170438858253,112,112,0,0.01,2.905372142791748,5.703798294067383,6.10349702835083,2.1007625627207704,0.11229486763477325,10.241177558898926,2.0319883823394775,9.395553588867188,0.9174290295066837,0.4981815218925476
gpu_seed1102_ckpt75_optimizer_reset,1102,75,optimizer_reset,38,23.239151000976562,0.13686777889262905,1.5659643014272056,105.7118337142654,0.0005,3.329066356023153,4.895030657450358,11.176809147000313,40.26309636235237,41.34856966137886,0.1509581357240677,0.3325546085834503,0.360853910446167,0.03152627870440483,2.079229473754727,0.36610809438463476,1.3346593274042362,0.09526681900024414,2.837418556213379,5.513441562652588,169.85755920410156,170.8343505859375,3.711597442626953,5.077897071838379,113,38,0.9999932484487815,0.10689983513608503,0.9817519963685992,0.03730536268419393,113,113,0,0.01,3.3316054344177246,5.270754337310791,5.910831928253174,1.7741692540144551,0.11225789040327072,10.23432445526123,2.0317957401275635,9.386744499206543,0.9171826181824944,0.49914783239364624
gpu_seed1102_ckpt75_optimizer_reset,1102,75,optimizer_reset,39,23.309080123901367,0.13727962886659004,1.8113354047139487,115.4555798810534,0.0005,3.116002400716146,4.927337805430095,11.324199706315994,40.591772228479385,41.705116003751755,0.14739055931568146,0.32867586612701416,0.3565463423728943,0.027108967304229736,2.058342375479199,0.3666198288333139,1.3336122967118256,0.0905897319316864,1.8741437196731567,5.29964542388916,169.8569793701172,170.83837890625,3.1998560428619385,5.523585796356201,114,39,0.9999939236039034,0.10779293530094891,0.9835767967317394,0.03826805732150973,114,114,0,0.01,3.3965229988098145,5.02911376953125,5.766101360321045,1.697648260394487,0.10480449348688126,10.225762367248535,2.033029317855835,9.376714706420898,0.9169697446179743,0.49969595670700073
gpu_seed1102_ckpt75_optimizer_reset,1102,75,optimizer_reset,40,23.375627517700195,0.13767156203058367,1.8420698642730708,105.58948353580078,0.0005,2.990045150121053,4.832115014394124,11.46536423265934,40.90680614113808,42.046618551015854,0.14116452634334564,0.3150339126586914,0.3415025472640991,0.028667835518717766,2.038803743461736,0.3671481082273492,1.3327338410241834,0.08564553409814835,1.557950496673584,5.123124599456787,169.85633850097656,170.84214782714844,3.375725269317627,5.06988000869751,115,40,0.999994531243513,0.10868514236564797,0.9852191170585654,0.039229789264188186,115,115,0,0.01,3.3836638927459717,4.698713779449463,5.605337142944336,1.6565880420214358,0.06627178192138672,10.217339515686035,2.032449722290039,9.367576599121094,0.9168312929935165,0.5001717209815979
gpu_seed1102_ckpt75_optimizer_reset,1102,75,optimizer_reset,41,23.437700271606445,0.1380371416490706,2.151529550552368,165.1018232553695,0.0005,3.0786774158477783,5.2302069664001465,11.610338002443314,41.22808527946472,42.39524865150452,0.1449737697839737,0.3212791383266449,0.3486301004886627,0.02892765961587429,2.0186923297730117,0.36776034763320425,1.3338464468080395,0.09252772480249405,1.7802090644836426,4.867593288421631,169.855712890625,170.84523010253906,4.095078945159912,7.221547603607178,116,41,0.9999950781191617,0.10957645722328235,0.9866972053527089,0.040190559474924004,116,116,0,0.01,3.552506446838379,4.941549777984619,5.871025085449219,1.6526430488740131,0.07320715487003326,10.209587097167969,2.0332589149475098,9.35684585571289,0.9164764222744585,0.501457691192627
gpu_seed1102_ckpt75_optimizer_reset,1102,75,optimizer_reset,42,23.496253967285156,0.13838199565312453,1.8553200562795005,129.33824067341857,0.0005,3.177191178003947,5.032511234283447,11.743019670248032,41.58588624000549,42.77332603931427,0.13268166780471802,0.3578009605407715,0.3780773878097534,0.028262479230761528,2.0008698466896866,0.3684643877991948,1.3412500203160098,0.10367035865783691,2.6165947914123535,4.6958112716674805,169.85507202148438,170.8477783203125,3.2967772483825684,6.307989597320557,117,42,0.9999955703072455,0.11046688076605904,0.988027484817438,0.0411503689154491,117,117,0,0.01,3.189953565597534,5.713546276092529,6.337409496307373,1.9866776634782388,0.07290830463171005,10.200316429138184,2.0521230697631836,9.343953132629395,0.9160454185457011,0.5003798604011536
gpu_seed1102_ckpt75_optimizer_reset,1102,75,optimizer_reset,43,23.552738189697266,0.13871466142321645,1.8860219319661455,141.4576561923449,0.0005,3.23046875,5.1164906819661455,11.871488198637962,41.92213496565819,43.12979078292847,0.12846852838993073,0.3362487256526947,0.3564647436141968,0.02893977053463459,1.9839752013902967,0.3690139451646062,1.3468591369764562,0.09406819939613342,3.1586754322052,4.621567249298096,169.85421752929688,170.8503875732422,3.2654149532318115,4.46324348449707,118,43,0.999996013276521,0.11135641388529294,0.9892247363356942,0.04210921854653371,118,118,0,0.01,2.935386896133423,5.350574493408203,5.843079090118408,1.990565229344415,0.0988018736243248,10.192365646362305,2.0580224990844727,9.329950332641602,0.9153861484522567,0.5022808313369751
gpu_seed1102_ckpt75_optimizer_reset,1102,75,optimizer_reset,44,23.605566024780273,0.13902579277440968,1.9952861467997232,168.3770983223887,0.0005,3.2770732243855796,5.272359371185303,11.996705740690231,42.2468663752079,43.47439432144165,0.12521754205226898,0.32473140954971313,0.3446035385131836,0.029244940727949142,1.9676706701835096,0.3693666480499446,1.3481403682200894,0.08820273727178574,2.845834732055664,4.531042575836182,169.85333251953125,170.85275268554688,3.1106739044189453,4.981358528137207,119,44,0.9999964119488689,0.11224505747140767,0.9903022627021247,0.043067109327987074,119,119,0,0.01,2.673861026763916,5.198608875274658,5.542571067810059,2.0728717806684114,0.12427636981010437,10.183722496032715,2.0589094161987305,9.318924903869629,0.9150804047831329,0.5032811760902405
gpu_seed1102_ckpt75_optimizer_reset,1102,75,optimizer_reset,45,23.657167434692383,0.1393297010523886,1.852561473846435,138.13755206935727,0.0005,3.2462809880574546,5.09884246190389,12.12121594697237,42.56709665060043,43.81352359056473,0.12451020628213882,0.32023027539253235,0.3391292691230774,0.038141559809446335,1.951715697351263,0.36954598995190496,1.342969200072421,0.09013460576534271,2.9501636028289795,4.37636137008667,169.8524169921875,170.8548126220703,3.377300500869751,5.735180377960205,120,45,0.999996770753982,0.11313281241393625,0.9912720364319123,0.04402404221865919,120,120,0,0.01,2.731001615524292,5.7677154541015625,6.044555187225342,2.213310732905849,0.13294681906700134,10.175421714782715,2.066317558288574,9.299105644226074,0.9138791398410098,0.5073685050010681
gpu_seed1102_ckpt75_optimizer_reset,1102,75,optimizer_reset,46,23.705541610717773,0.13961460242542403,1.9075638453165693,145.1716968740763,0.0005,3.2310404777526855,5.138604323069255,12.244543492794037,42.87706711888313,44.14322254061699,0.12332754582166672,0.3099704682826996,0.32969895005226135,0.03387559950351715,1.9360086086236408,0.36960316078972827,1.334730595154882,0.08648562431335449,2.3311076164245605,4.224389553070068,169.85150146484375,170.85670471191406,3.1963887214660645,5.050136089324951,121,46,0.9999970936785838,0.11401967960152237,0.992144832788721,0.044980018176440484,121,121,0,0.01,3.0444040298461914,5.483181953430176,6.01173734664917,1.9746844662240572,0.09562953561544418,10.16617488861084,2.06787109375,9.286364555358887,0.9134570924764911,0.5087594389915466
gpu_seed1102_ckpt75_optimizer_reset,1102,75,optimizer_reset,47,23.7513427734375,0.13988434994812335,1.5570474465688071,89.31323906074955,0.0005,3.1717838446299234,4.7288312911987305,12.367346361279488,43.18677639961243,44.47346514463425,0.12280286848545074,0.3097092807292938,0.3302426040172577,0.025507014244794846,1.9204882017210956,0.3697567152170916,1.3264596429819544,0.09018298238515854,1.8925353288650513,4.141602516174316,169.85060119628906,170.85830688476562,2.96844482421875,4.937344551086426,122,47,0.9999973843107254,0.11490565992192081,0.9929303495098489,0.04593503815826405,122,122,0,0.01,3.234750509262085,5.2497358322143555,6.027084827423096,1.863230196629952,0.049983151257038116,10.158149719238281,2.0733256340026855,9.27115249633789,0.9126812217365294,0.5111881494522095
gpu_seed1102_ckpt75_optimizer_reset,1102,75,optimizer_reset,48,23.796051025390625,0.1401476607352833,1.5235946973164878,88.51119489855581,0.0005,3.205341657002767,4.728936354319255,12.488863557577133,43.48384767770767,44.79018598794937,0.12151719629764557,0.29707127809524536,0.3167208433151245,0.03747544810175896,1.9053816158437722,0.36988359332575316,1.3182099298611656,0.08328856527805328,2.1128809452056885,4.114314079284668,169.8496551513672,170.86009216308594,3.149383783340454,4.376707553863525,123,48,0.9999976458796529,0.11579075426199892,0.9936373145588641,0.046889103120105746,123,123,0,0.01,3.3636252880096436,5.057701110839844,5.727793216705322,1.70286304991271,0.12011101096868515,10.1487398147583,2.0732500553131104,9.25998306274414,0.9124268856786887,0.5120507478713989
gpu_seed1102_ckpt75_optimizer_reset,1102,75,optimizer_reset,49,23.839723587036133,0.14040487178876462,1.5563626289367671,79.58295654562173,0.0005,3.0573018391927085,4.613664468129476,12.61436228454113,43.767178893089294,45.095188558101654,0.1254987269639969,0.2833312153816223,0.3050025701522827,0.04218398034572601,1.8898873402621206,0.37007368572551164,1.313665113674056,0.08037027716636658,2.0739080905914307,4.089640140533447,169.84878540039062,170.86184692382812,3.9310109615325928,4.906508445739746,124,49,0.9999978812916875,0.11667496350773687,0.9942735831029776,0.04784221401698563,124,124,0,0.01,3.2238378524780273,4.727679252624512,5.200118541717529,1.61302111944582,0.18708565831184387,10.141617774963379,2.085383653640747,9.242549896240234,0.9113486725023708,0.5148311853408813
gpu_seed1102_ckpt75_optimizer_reset,1102,75,optimizer_reset,50,23.882049560546875,0.1406541520651241,1.5772545337676998,79.81259371179453,0.0005,3.033780654271444,4.611035188039144,12.738410599529743,44.04297596216202,45.394030421972275,0.12404831498861313,0.2757970690727234,0.2988418638706207,0.0313563235104084,1.874806073642079,0.3702758838403286,1.3110974375166704,0.07965852320194244,1.8583621978759766,4.078432559967041,169.847900390625,170.86343383789062,3.4226560592651367,4.689695835113525,125,50,0.9999980931625189,0.11755828854422912,0.9948462247926799,0.04879437180296864,125,125,1,0.01,3.181077241897583,4.807808876037598,5.56106424331665,1.748170138741304,0.0754820927977562,10.13382339477539,2.0911524295806885,9.229246139526367,0.9107368245911707,0.5164439082145691
gpu_seed1102_ckpt75_optimizer_reset,1102,75,optimizer_reset,51,23.921518325805664,0.14088660471523934,1.3593760331471758,57.1323690137394,0.0005,2.9828131198883057,4.3421891530354815,12.86459781974554,44.31688314676285,45.69295451045036,0.12618722021579742,0.2739071846008301,0.2989240884780884,0.023040737956762314,1.8594843508506174,0.3704143394036338,1.3091324789881726,0.08082646876573563,1.6063255071640015,4.054774284362793,169.84698486328125,170.86480712890625,3.515373945236206,4.760434627532959,126,51,0.999998283846267,0.11844073025568491,0.9953616023134119,0.0497455774311657,126,126,0,0.01,3.113360643386841,4.38191556930542,5.375451564788818,1.7265752929090334,-4.697161784861237e-05,10.129427909851074,2.0925092697143555,9.2227783203125,0.91049350490389,0.5171811580657959
gpu_seed1102_ckpt75_optimizer_reset,1102,75,optimizer_reset,52,23.957841873168945,0.14110053349641144,1.2706204255421958,52.30150570611846,0.0005,3.0158223311106362,4.286442756652832,12.98296769708395,44.5893916785717,45.986671179533005,0.11836987733840942,0.27250853180885315,0.2937166690826416,0.031045328825712204,1.8453286207088206,0.3705598210730227,1.3073958504009295,0.08038827031850815,1.979080080986023,4.128695964813232,169.84600830078125,170.8659210205078,3.0241737365722656,4.556414604187012,127,52,0.9999984554616402,0.11932228952542923,0.9958254420820707,0.05069583185373461,127,127,0,0.01,2.734398365020752,4.308663368225098,4.7857794761657715,1.7502129672783435,0.1331663876771927,10.120843887329102,2.0927326679229736,9.212295532226562,0.9102299803042199,0.5180451273918152
gpu_seed1102_ckpt75_optimizer_reset,1102,75,optimizer_reset,53,23.9929256439209,0.14130716057060175,1.415197372436523,64.91678764850552,0.0005,3.0361393292744956,4.451336701711019,13.102641835808754,44.87734121084213,46.29424560070038,0.11967413872480392,0.2879495322704315,0.30757442116737366,0.03822966665029526,1.83115175890314,0.37081454456766944,1.308163427964634,0.08813991397619247,2.2142410278320312,4.2334771156311035,169.8450927734375,170.86700439453125,3.1513850688934326,4.139652252197266,128,53,0.9999986099154762,0.12020296723590385,0.9962428978738637,0.05164513602188081,128,128,0,0.01,2.8209333419799805,4.979630470275879,5.149113655090332,1.825322696733558,0.22214411199092865,10.11205005645752,2.0931098461151123,9.201668739318848,0.9099706476869924,0.5188590288162231
gpu_seed1102_ckpt75_optimizer_reset,1102,75,optimizer_reset,54,24.027158737182617,0.14150877755046296,1.4587647120157876,69.96705656753772,0.0005,3.0539069970448813,4.512671709060669,13.216272182762623,45.17791286110878,46.61203268170357,0.11363034695386887,0.30057165026664734,0.3177870810031891,0.03318105265498161,1.8179981771651403,0.3713537921805116,1.3166181694300836,0.09465906023979187,1.863195776939392,4.336826801300049,169.84413146972656,170.8682403564453,3.347921133041382,5.043177127838135,129,54,0.9999987489239286,0.12108276426866793,0.9966186080864773,0.05259349088585896,129,129,0,0.01,2.537506341934204,5.830533027648926,6.032137870788574,2.377191249180573,0.1367814540863037,10.103758811950684,2.114100456237793,9.191134452819824,0.9096747679633523,0.5168080925941467
gpu_seed1102_ckpt75_optimizer_reset,1102,75,optimizer_reset,55,24.06071662902832,0.1417064179083679,1.6119705835978193,87.79062086227492,0.0005,3.0854954719543457,4.697466055552165,13.327456086874008,45.45009604096413,46.90232014656067,0.11118390411138535,0.2721831798553467,0.29028746485710144,0.0359974205493927,1.8053495334885041,0.3717841105324771,1.321311215373516,0.08191711455583572,2.0347585678100586,4.506620407104492,169.84326171875,170.86952209472656,2.576740264892578,3.5091230869293213,130,55,0.9999988740315358,0.12196168150439923,0.9969567472778296,0.05354089739497314,130,130,0,0.01,2.5797293186187744,5.140596866607666,5.37019681930542,2.081690036448716,0.15992821753025055,10.095617294311523,2.1139087677001953,9.181571960449219,0.9094611743673918,0.5175158381462097
gpu_seed1102_ckpt75_optimizer_reset,1102,75,optimizer_reset,56,24.091516494750977,0.14188781477658716,1.8942073186238608,122.75422098599776,0.0005,3.0790106455485025,4.973217964172363,13.442831382155418,45.703593254089355,47.17602491378784,0.11537529528141022,0.2534972131252289,0.27370476722717285,0.04544009268283844,1.7921460003380896,0.37205558959411034,1.3226155093743637,0.07500030845403671,2.378584861755371,4.645009517669678,169.8423309326172,170.87069702148438,3.357041120529175,4.479074001312256,131,56,0.9999989866283822,0.12283971982289488,0.9972610725500466,0.05448735649757808,131,131,0,0.01,2.7499678134918213,4.848987102508545,5.082937717437744,1.8483626217361955,0.19643498957157135,10.088265419006348,2.1152966022491455,9.170560836791992,0.909032470489297,0.5189492702484131
gpu_seed1102_ckpt75_optimizer_reset,1102,75,optimizer_reset,57,24.119787216186523,0.14205431616256348,2.128870248794555,157.97594355797378,0.0005,3.0602379639943442,5.189108212788899,13.570354834198952,45.944368436932564,47.44411391019821,0.12752345204353333,0.2407751828432083,0.2680889964103699,0.038483284413814545,1.7773881015550115,0.3722196780676687,1.3207018059020614,0.07452580332756042,2.6609723567962646,4.629024982452393,169.8413543701172,170.8715362548828,3.2696750164031982,5.662892818450928,132,57,0.9999990879655439,0.12371688010307191,0.9975349652950419,0.05543286914108059,132,132,0,0.01,3.4587364196777344,4.315158367156982,5.196072578430176,1.5023037167176834,0.1200764998793602,10.089426040649414,2.1191153526306152,9.165374755859375,0.9084138898418973,0.5211040377616882
gpu_seed1102_ckpt75_optimizer_reset,1102,75,optimizer_reset,58,24.147645950317383,0.14221839113514276,2.0923838615417476,164.3995371827486,0.0005,3.141611893971761,5.233995755513509,13.690433092415333,46.17819279432297,47.701448172330856,0.12007825821638107,0.23382435739040375,0.25733426213264465,0.051139168441295624,1.7638336046281626,0.3724219617228924,1.3182891868517561,0.07247135788202286,2.79386043548584,4.553749084472656,169.8404083251953,170.87203979492188,3.3485050201416016,5.134076118469238,133,58,0.9999991791689895,0.12459316322296887,0.9977814687655377,0.056377436271939474,133,133,0,0.01,3.2705295085906982,4.226147174835205,4.746221542358398,1.4512089036010987,0.2181369513273239,10.08080005645752,2.1215603351593018,9.153196334838867,0.9079831247098925,0.5223388075828552
gpu_seed1102_ckpt75_optimizer_reset,1102,75,optimizer_reset,59,24.17306900024414,0.1423681210618516,2.001070976257324,141.82700744739276,0.0005,3.098783016204834,5.099853992462158,13.807061038911343,46.40924113988876,47.95510071516037,0.11662794649600983,0.2310483455657959,0.25365254282951355,0.04909324273467064,1.7507758481053535,0.37246168429128146,1.3153062743521544,0.07478748261928558,3.1527771949768066,4.4939703941345215,169.83941650390625,170.87210083007812,2.948347330093384,4.533938407897949,134,59,0.9999992612520906,0.12546857005974588,0.998003321888984,0.057321058835667515,134,134,0,0.01,2.5961523056030273,4.502429485321045,4.770753383636475,1.8376246159897383,0.181871697306633,10.07559871673584,2.1236608028411865,9.143779754638672,0.9075172614258348,0.5238761305809021
gpu_seed1102_ckpt75_optimizer_reset,1102,75,optimizer_reset,60,24.196855545043945,0.14250821273534442,1.659918705622355,83.10822228486887,0.0005,2.9711366494496665,4.6310553550720215,13.931750431656837,46.644253358244896,48.216750264167786,0.12468939274549484,0.2350122183561325,0.26164954900741577,0.03954647108912468,1.736813738068418,0.37243769214479494,1.3121263797002116,0.08591548353433609,2.7116029262542725,4.391933917999268,169.83831787109375,170.87188720703125,3.5020992755889893,4.946398735046387,135,60,0.9999993351268816,0.1263431014896862,0.9982029897000856,0.0582637377768318,135,135,0,0.01,2.788889169692993,4.848282814025879,5.274534225463867,1.8912670617321834,0.128058522939682,10.06888198852539,2.1250884532928467,9.134284973144531,0.9071796633978982,0.5249089002609253
gpu_seed1102_ckpt75_optimizer_reset,1102,75,optimizer_reset,61,24.219215393066406,0.14263990182911046,1.303981781005859,49.901637092048894,0.0005,2.92276938756307,4.226751168568929,14.056030549108982,46.8827812820673,48.482030272483826,0.12428011745214462,0.23852792382240295,0.26528000831604004,0.03318747133016586,1.7230480048010388,0.3723795430352647,1.3077585610295956,0.08343297243118286,1.823203682899475,4.253116607666016,169.83724975585938,170.8715362548828,2.9629576206207275,4.654778003692627,136,61,0.9999994016141934,0.12721675838819646,0.998382690730077,0.05920547403905507,136,136,0,0.01,3.0064733028411865,4.911707878112793,5.542102336883545,1.8433898387337373,0.08291701972484589,10.061989784240723,2.126106023788452,9.125040054321289,0.906882261857609,0.5258205533027649
gpu_seed1102_ckpt75_optimizer_reset,1102,75,optimizer_reset,62,24.23985481262207,0.1427614584002648,1.248260815938314,45.89185493670915,0.0005,2.9163056214650473,4.164566437403361,14.181059308350086,47.139660343527794,48.76497110724449,0.12502875924110413,0.256879061460495,0.2829408347606659,0.024340812116861343,1.7093119974716882,0.3723236661846029,1.3039995827386133,0.08195872604846954,1.7714940309524536,4.198314189910889,169.83612060546875,170.87095642089844,3.1589856147766113,4.739038467407227,137,62,0.9999994614527741,0.12808954162980835,0.9985444216570694,0.060146268565015926,137,137,0,0.01,3.0402214527130127,5.265755653381348,5.884760856628418,1.9356355937081748,0.07310613244771957,10.054637908935547,2.1297576427459717,9.112869262695312,0.9063349018860051,0.5273957252502441
gpu_seed1102_ckpt75_optimizer_reset,1102,75,optimizer_reset,63,24.260194778442383,0.14288125132834817,1.213167349497477,44.31629442339503,0.0005,2.9309452374776206,4.144112586975098,14.29755974560976,47.37600316107273,49.02435681223869,0.11650043725967407,0.23634281754493713,0.25938570499420166,0.03903036564588547,1.696806672613491,0.37227918805422194,1.2997397411284979,0.07719839364290237,1.6739023923873901,4.252553939819336,169.83494567871094,170.87051391601562,3.1510682106018066,4.637845039367676,138,63,0.9999995153074966,0.12896145208817844,0.9986899794913624,0.06108612229645094,138,138,0,0.01,2.684091329574585,4.586679458618164,4.975458145141602,1.8536843699459113,0.1416124850511551,10.046521186828613,2.1321160793304443,9.10010814666748,0.9057969398001346,0.5290889739990234
gpu_seed1102_ckpt75_optimizer_reset,1102,75,optimizer_reset,64,24.279939651489258,0.14299753943708024,1.3620613416035972,51.60909033565788,0.0005,2.877528508504232,4.239589850107829,14.408098764717579,47.608974277973175,49.27696815133095,0.1105390191078186,0.23297111690044403,0.25261133909225464,0.05207115784287453,1.6851591627719869,0.37227278835158284,1.2953452511757215,0.07550320029258728,1.4696159362792969,4.343847751617432,169.83364868164062,170.87008666992188,3.480982542037964,4.680948734283447,139,64,0.9999995637767469,0.12983249063609037,0.9988209815422261,0.06202503617415456,139,139,0,0.01,2.4706058502197266,4.636070728302002,4.9416913986206055,2.000194162164357,0.1386747807264328,10.042282104492188,2.1330411434173584,9.09343433380127,0.9055147265513107,0.5300213098526001
gpu_seed1102_ckpt75_optimizer_reset,1102,75,optimizer_reset,65,24.29889678955078,0.14310918815353002,1.5321886539459224,61.180772033583985,0.0005,2.8250699838002524,4.357258637746175,14.518349699676037,47.83561538159847,49.5228331387043,0.11025093495845795,0.22664110362529755,0.24586498737335205,0.061468455940485,1.673667964485751,0.3723165902066195,1.295261499448202,0.07252007722854614,1.795193076133728,4.429576873779297,169.83236694335938,170.86968994140625,3.203372001647949,4.613375663757324,140,65,0.9999996073990722,0.13070265814545423,0.9989388833880035,0.06296301113798031,140,140,0,0.01,2.719958782196045,4.685482025146484,4.992142200469971,1.835374209765624,0.17382000386714935,10.037179946899414,2.1336331367492676,9.086442947387695,0.9052784741787641,0.5307775139808655
gpu_seed1102_ckpt75_optimizer_reset,1102,75,optimizer_reset,66,24.317346572875977,0.14321784878681493,1.40065328280131,53.8496810328206,0.0005,2.8684844175974527,4.269137700398763,14.626402609050274,48.05243496596813,49.75854076445103,0.10805290937423706,0.21681958436965942,0.235707625746727,0.06675940006971359,1.6625651038641343,0.37229901884915045,1.2986801925251985,0.06973884999752045,1.7299187183380127,4.412845611572266,169.83120727539062,170.86929321289062,2.651758909225464,3.8224427700042725,141,66,0.9999996466591651,0.13157195548730882,0.9990449950492032,0.06390004812684236,141,141,0,0.01,2.5034306049346924,4.518040657043457,4.514400959014893,1.803285839085944,0.27850142121315,10.028485298156738,2.133975028991699,9.076104164123535,0.9050324046235418,0.5314980745315552
gpu_seed1102_ckpt75_optimizer_reset,1102,75,optimizer_reset,67,24.33490753173828,0.14332127465786365,1.116633971532186,38.04737956496065,0.0005,2.9187728563944497,4.035406827926636,14.728760339319706,48.26441265642643,49.98905326426029,0.10235773026943207,0.21197769045829773,0.23051249980926514,0.052439816296100616,1.6522033742902638,0.372278353595408,1.3013832338828857,0.07086258381605148,1.4906871318817139,4.342024803161621,169.83009338378906,170.86871337890625,2.570607900619507,3.736171007156372,142,67,0.9999996819932485,0.13244038353182142,0.9991404955442829,0.06483614807871552,142,142,0,0.01,2.3302695751190186,4.534094333648682,4.620761394500732,1.9829299767872324,0.21942462027072906,10.020159721374512,2.137850761413574,9.062833786010742,0.9044600124165133,0.5330848097801208
gpu_seed1102_ckpt75_optimizer_reset,1102,75,optimizer_reset,68,24.35304832458496,0.14342811548110077,0.8956413269042969,28.16873858595229,0.0005,2.9674041271209717,3.8630454540252686,14.836116783320904,48.475517600774765,50.22223433852196,0.10735644400119781,0.21110494434833527,0.23318107426166534,0.03788664937019348,1.6414705195608574,0.37230362869240485,1.3056909177233362,0.07269959151744843,1.3835264444351196,4.254474639892578,169.82901000976562,170.8681182861328,2.8844761848449707,3.8726248741149902,143,68,0.9999997137939237,0.13330794314828964,0.9992264459898546,0.06577131193063679,143,143,0,0.01,2.353789806365967,4.575862884521484,4.812959671020508,2.044770377542431,0.15385663509368896,10.014078140258789,2.1379473209381104,9.054752349853516,0.904202286324342,0.5339677333831787
gpu_seed1102_ckpt75_optimizer_reset,1102,75,optimizer_reset,69,24.3714599609375,0.14353655144647853,0.9466066360473633,33.79878599170537,0.0005,3.064932107925415,4.011538743972778,14.949678771197796,48.692060738801956,50.462079256772995,0.11356198787689209,0.21654313802719116,0.2398449182510376,0.04598557949066162,1.6302330193134433,0.3724219437700446,1.309058755078652,0.07217901945114136,0.982265055179596,4.1800055503845215,169.82798767089844,170.8674774169922,2.756437063217163,3.8614003658294678,144,69,0.9999997424145314,0.1341746352051414,0.9993038013908692,0.06670554061870615,144,144,0,0.01,2.768578052520752,4.584255695343018,5.114294052124023,1.847263813807121,0.09945043921470642,10.007158279418945,2.1379342079162598,9.04636001586914,0.9039889010722736,0.5346512794494629
gpu_seed1102_ckpt75_optimizer_reset,1102,75,optimizer_reset,70,24.388874053955078,0.14363911234608479,1.1383109887440996,51.751146053995626,0.0005,3.1943271160125732,4.332638104756673,15.053278267383575,48.89484195411205,50.68559876084328,0.10359949618577957,0.20278121531009674,0.22351950407028198,0.045032840222120285,1.6201702792406103,0.37267618799139934,1.3132456062352953,0.070159412920475,1.2558461427688599,4.142185688018799,169.826904296875,170.86688232421875,3.3512630462646484,4.291472434997559,145,70,0.9999997681730782,0.13504046056993624,0.9993734212517822,0.06763883507808743,145,145,0,0.01,2.254901647567749,3.96024751663208,4.369988918304443,1.9379953547048032,0.09358049184083939,10.001028060913086,2.1399433612823486,9.039213180541992,0.9038283989891951,0.5348315834999084
gpu_seed1102_ckpt75_optimizer_reset,1102,75,optimizer_reset,71,24.404266357421875,0.14372976584661298,1.0622081756591797,46.97882927943335,0.0005,3.211665391921997,4.273873567581177,15.150156259536743,49.08465655148029,50.893122524023056,0.09687799215316772,0.18981459736824036,0.20752376317977905,0.06386508792638779,1.6108260495371611,0.3727963801259113,1.3183903822561704,0.06809914112091064,1.3515774011611938,4.1143622398376465,169.82574462890625,170.8661346435547,3.110153913497925,4.23652458190918,146,71,0.9999997913557703,0.13590542010936624,0.9994360791266039,0.06857119624300934,146,146,0,0.01,2.0308310985565186,3.391249418258667,3.6119401454925537,1.7785527058641573,0.18721608817577362,9.992875099182129,2.139349937438965,9.030320167541504,0.9036758768534684,0.5353028178215027
gpu_seed1102_ckpt75_optimizer_reset,1102,75,optimizer_reset,72,24.418508529663086,0.1438136456097411,0.82563845316569,28.881666262244675,0.0005,3.1137424310048423,3.9393808841705322,15.25216469913721,49.28256456553936,51.108842477202415,0.10200843960046768,0.19790801405906677,0.21571995317935944,0.07524657249450684,1.600986418081546,0.3728747398113813,1.323967892982838,0.06785644590854645,1.0131102800369263,4.067397594451904,169.82452392578125,170.8654022216797,2.8433585166931152,3.708897352218628,147,72,0.9999998122201933,0.1367695146892569,0.9994924712139436,0.06950262504676641,147,147,0,0.01,2.560621738433838,3.978882074356079,4.044559955596924,1.5795226194045875,0.2959156632423401,9.985782623291016,2.140493392944336,9.020700454711914,0.9033543784210734,0.5362589359283447
gpu_seed1102_ckpt75_optimizer_reset,1102,75,optimizer_reset,73,24.43154525756836,0.14389042586700385,1.018889745076497,37.65210813570465,0.0005,3.057343006134033,4.07623275121053,15.360603138804436,49.47194726765156,51.320537745952606,0.10843843966722488,0.18938270211219788,0.21169526875019073,0.06841088831424713,1.5905329391556922,0.37286660306556374,1.327867904049689,0.06581743061542511,1.0207628011703491,4.048746585845947,169.8232879638672,170.86477661132812,3.0464138984680176,3.379957675933838,148,73,0.999999830998174,0.1376327451745677,0.9995432240925493,0.07043312242171962,148,148,0,0.01,2.669203281402588,3.865903615951538,4.210783004760742,1.5775430197083085,0.21025361120700836,9.976890563964844,2.139742851257324,9.01134967803955,0.9032222635162906,0.5366411805152893
gpu_seed1102_ckpt75_optimizer_reset,1102,75,optimizer_reset,74,24.44361686706543,0.1439615220262161,1.2476566632588706,51.980887938978825,0.0005,3.0417415301005044,4.289398193359375,15.474142611026764,49.65206000208855,51.526932179927826,0.11353947222232819,0.18011273443698883,0.20639443397521973,0.06682538986206055,1.579642729261491,0.3727351401705629,1.3307155866012739,0.06367038935422897,1.2118854522705078,4.062163352966309,169.8220977783203,170.86410522460938,2.6490118503570557,3.3635294437408447,149,74,0.9999998478983566,0.13849511242939305,0.9995889016832943,0.0713626892992979,149,149,0,0.01,2.818014621734619,3.3681540489196777,4.0622477531433105,1.441528273775019,0.14664746820926666,9.967976570129395,2.138749122619629,9.00222396850586,0.9031144791693765,0.5369568467140198
gpu_seed1102_ckpt75_optimizer_reset,1102,75,optimizer_reset,75,24.454870223999023,0.14402779905882035,1.0999580224355059,42.54625932541967,0.0005,3.055426836013794,4.1553848584493,15.580450542271137,49.83163042366505,51.73020252585411,0.10630793124437332,0.17957042157649994,0.2032703459262848,0.05835793539881706,1.5695868458777384,0.3725574235380046,1.3340769477249939,0.06387899816036224,1.243504285812378,4.051997184753418,169.82098388671875,170.86334228515625,2.710521697998047,3.9374349117279053,150,75,0.999999863108521,0.1393566173169637,0.9996300115149649,0.0722913266099986,150,150,1,0.01,2.578871726989746,3.1529836654663086,3.9846606254577637,1.5451178062692614,0.04392770677804947,9.958744049072266,2.139704704284668,8.9910888671875,0.9028336126405605,0.5376949310302734
gpu_seed1102_ckpt75_optimizer_reset,1102,75,optimizer_reset,76,24.46549415588379,0.14409036907095693,0.7497318585713706,23.348056532606446,0.0005,3.0403754711151123,3.790107329686483,15.686552099883556,50.023053139448166,51.943330600857735,0.10610155761241913,0.1914227157831192,0.21312807500362396,0.06096969172358513,1.559647652339346,0.37238572658594987,1.3368449742707114,0.06232529506087303,1.2688348293304443,4.021305561065674,169.81991577148438,170.8624725341797,2.9813156127929688,4.087630748748779,151,76,0.9999998767976689,0.14021726069964668,0.9996670103634684,0.07321903528338858,151,151,0,0.01,2.5758216381073,3.6665215492248535,4.259017467498779,1.6534597755093903,0.1026548519730568,9.950117111206055,2.1405489444732666,8.980335235595703,0.9025356320159224,0.5385387539863586
gpu_seed1102_ckpt75_optimizer_reset,1102,75,optimizer_reset,77,24.47660255432129,0.14415579236551407,0.6984959443410239,20.401050082388178,0.0005,3.00491730372111,3.703413248062134,15.791577406227589,50.20589406788349,52.148047521710396,0.10502530634403229,0.18284092843532562,0.20471692085266113,0.06645090132951736,1.5499783159513318,0.3722637266170582,1.3389893306518093,0.059483036398887634,1.4525349140167236,4.020281791687012,169.81878662109375,170.86167907714844,3.09477162361145,3.6020071506500244,152,77,0.9999998891179019,0.14107704343894711,0.9997003093271215,0.07414581624810523,152,152,0,0.01,2.61328125,3.543436288833618,3.968660593032837,1.5186503913542861,0.19626961648464203,9.945030212402344,2.1447925567626953,8.971092224121094,0.9020678703351184,0.5396913886070251
gpu_seed1102_ckpt75_optimizer_reset,1102,75,optimizer_reset,78,24.48777198791504,0.14422157512872263,0.897599776585897,28.65489644731686,0.0005,2.981207768122355,3.878807544708252,15.901980102062225,50.37977284193039,52.34714114665985,0.11040269583463669,0.1738787740468979,0.19909362494945526,0.07252070307731628,1.5399196723141313,0.37212873873344626,1.3399354828752892,0.05808630958199501,1.225523829460144,4.014237403869629,169.8177032470703,170.8607940673828,2.966526508331299,3.755617618560791,153,78,0.9999999002061117,0.1419359663955081,0.9997302783944094,0.07507167043185714,153,153,0,0.01,3.0077319145202637,3.4713733196258545,4.054961204528809,1.348179066409325,0.22288042306900024,9.938770294189453,2.1438424587249756,8.964470863342285,0.9019698210132013,0.5400411486625671
gpu_seed1102_ckpt75_optimizer_reset,1102,75,optimizer_reset,79,24.49856185913086,0.14428512244625522,0.779687325159709,24.236486697303846,0.0005,3.0216752688090005,3.8013625939687095,16.016426920890808,50.54499699175358,52.540529280900955,0.11444681882858276,0.16522414982318878,0.19338813424110413,0.07927606999874115,1.5295897131197824,0.372013379828586,1.3410196773445493,0.059775929898023605,0.8888243436813354,3.9828662872314453,169.81658935546875,170.85980224609375,3.859488010406494,4.196991920471191,154,79,0.9999999101855006,0.14279403042911265,0.9997572505549684,0.07599659876142528,154,154,0,0.01,3.083204984664917,3.079963207244873,3.8726558685302734,1.256048782935494,0.21034115552902222,9.931793212890625,2.145280122756958,8.955475807189941,0.9016977715127609,0.5407324433326721
gpu_seed1102_ckpt75_optimizer_reset,1102,75,optimizer_reset,80,24.508939743041992,0.14434624335039078,0.5707685152689614,17.05076825378822,0.0005,3.0980451901753745,3.668813705444336,16.126378513872623,50.71519570052624,52.73626461625099,0.10995159298181534,0.1701987087726593,0.19573533535003662,0.07333234697580338,1.5198043207256238,0.3719987925769219,1.3413794240115744,0.0618552565574646,0.6899423599243164,3.9457285404205322,169.81549072265625,170.85879516601562,3.247546672821045,3.81899094581604,155,80,0.9999999191669505,0.1436512363986835,0.9997815254994716,0.07692060216266383,155,155,0,0.01,2.6603026390075684,3.2239811420440674,3.684701681137085,1.3850686110322719,0.22702251374721527,9.923175811767578,2.1456031799316406,8.946928024291992,0.9016194204360678,0.5407284498214722
gpu_seed1102_ckpt75_optimizer_reset,1102,75,optimizer_reset,81,24.518587112426758,0.14440306186410473,0.7792477607727051,24.99450633193652,0.0005,3.0532840887705484,3.8325318495432534,16.22963808476925,50.88475501537323,52.92912010848522,0.10325957089662552,0.1695593148469925,0.19285549223423004,0.06338765472173691,1.5107291354472525,0.37200743473802045,1.3411399294317727,0.06037675589323044,0.9478055238723755,3.960392475128174,169.8142547607422,170.85775756835938,3.1531982421875,3.7707769870758057,156,81,0.9999999272502554,0.1445075851622848,0.9998033729495245,0.07784368156050114,156,156,0,0.01,2.2855074405670166,3.205223560333252,3.59745454788208,1.5740288060440553,0.1744116246700287,9.919366836547852,2.1441030502319336,8.942800521850586,0.9015495312563687,0.5411224365234375
gpu_seed1102_ckpt75_optimizer_reset,1102,75,optimizer_reset,82,24.527830123901367,0.14445749889800308,0.9349811871846518,31.030522936490335,0.0005,2.998546759287516,3.933527946472168,16.33544373512268,51.046802297234535,53.117923468351364,0.1058056503534317,0.16204728186130524,0.18880335986614227,0.05270897597074509,1.501509877638819,0.37206349025962354,1.3406633732079638,0.0601358637213707,1.36851167678833,4.008894920349121,169.81301879882812,170.85682678222656,2.6624596118927,3.2115671634674072,157,82,0.99999993452523,0.14536307757712252,0.999823035654572,0.07876583787894065,157,157,0,0.01,2.4494359493255615,2.924053192138672,3.6333577632904053,1.4833446713678495,0.09414144605398178,9.912806510925293,2.1428942680358887,8.935941696166992,0.901454263867396,0.5414878726005554
gpu_seed1102_ckpt75_optimizer_reset,1102,75,optimizer_reset,83,24.536367416381836,0.14450777957561944,0.6208826700846353,17.416485084875948,0.0005,3.007577975591024,3.628460645675659,16.44101845473051,51.20914478600025,53.30628655850887,0.10557471960783005,0.16234248876571655,0.18836309015750885,0.05894215777516365,1.4923873167553432,0.3720189620577711,1.3388246848370333,0.05941815301775932,1.3359514474868774,3.996471405029297,169.81178283691406,170.85569763183594,3.263291358947754,4.150510787963867,158,83,0.999999941072707,0.14621771449954546,0.9998407320891148,0.07968707204106174,158,158,0,0.01,2.256969690322876,3.080124616622925,3.752997636795044,1.6628480448297414,0.03568098321557045,9.903863906860352,2.1421711444854736,8.92632007598877,0.9012967221616056,0.5419610142707825
gpu_seed1102_ckpt75_optimizer_reset,1102,75,optimizer_reset,84,24.543277740478516,0.14454847816699662,0.516497453053792,13.400036918749876,0.0005,2.986602862675985,3.503100315729777,16.542017973959446,51.3806192278862,53.500294119119644,0.10099951922893524,0.17147444188594818,0.19400756061077118,0.056743163615465164,1.4836930886614452,0.3719094525235796,1.3381954301967893,0.061017099767923355,1.3113869428634644,4.016539096832275,169.81060791015625,170.85446166992188,3.229937791824341,3.815915584564209,159,84,0.9999999469654363,0.14707149678504594,0.9998566588802034,0.08060738496902065,159,159,0,0.01,2.2088491916656494,3.1674039363861084,3.698610782623291,1.6744514730010007,0.0880277082324028,9.895405769348145,2.141204357147217,8.917109489440918,0.901136314900953,0.5424976348876953
gpu_seed1102_ckpt75_optimizer_reset,1102,75,optimizer_reset,85,24.550148010253906,0.14458894085707127,0.6571760177612305,17.772593706055844,0.0005,2.950942277908325,3.6081182956695557,16.64794120937586,51.55375561118126,53.6966588050127,0.10592323541641235,0.1731363832950592,0.19636468589305878,0.07189126312732697,1.4746657079991474,0.3717564293788424,1.3382594815731044,0.059372469782829285,1.5020030736923218,4.071788787841797,169.80934143066406,170.85324096679688,3.2842469215393066,3.580122709274292,160,85,0.9999999522688926,0.14792442528826089,0.999870992992183,0.08152677758405169,160,160,0,0.01,2.4479176998138428,3.3364298343658447,3.591886520385742,1.4673232358495663,0.25849485397338867,9.88776969909668,2.1403114795684814,8.908614158630371,0.9009730636670611,0.5430613160133362
gpu_seed1102_ckpt75_optimizer_reset,1102,75,optimizer_reset,86,24.556852340698242,0.1446284262417499,0.7633565266927085,20.796000678298274,0.0005,2.89894962310791,3.6623061498006186,16.760524049401283,51.72227707505226,53.89084027707577,0.11258284002542496,0.1685214638710022,0.19418147206306458,0.0887577161192894,1.465160174485952,0.3716140821077694,1.3377286220770048,0.058319948613643646,1.3649286031723022,4.105523586273193,169.8079376220703,170.85195922851562,3.686203956604004,3.990318536758423,161,86,0.9999999570420034,0.14877650086297256,0.9998838936929647,0.08244525080646758,161,161,0,0.01,2.7705912590026855,3.436117172241211,3.675734519958496,1.3266967864759318,0.3136557936668396,9.880523681640625,2.1421170234680176,8.899219512939453,0.9006829799390622,0.5437520742416382
gpu_seed1102_ckpt75_optimizer_reset,1102,75,optimizer_reset,87,24.564334869384766,0.14467249485173406,0.7698115507761636,24.795523969562183,0.0005,3.062795639038086,3.8326071898142495,16.879747450351715,51.89223416149616,54.09020172059536,0.11922340095043182,0.16995708644390106,0.19936144351959229,0.0827779695391655,1.4552548811310253,0.37156467754990535,1.3372900991475865,0.05845150724053383,1.6045255661010742,4.1277689933776855,169.80653381347656,170.850830078125,3.134979248046875,3.6123082637786865,162,87,0.999999961337803,0.14962772436210958,0.9998955043236682,0.08336280555566111,162,162,0,0.01,3.1088924407958984,3.6334469318389893,3.996640205383301,1.2855511348468676,0.3051531910896301,9.871779441833496,2.141695737838745,8.89003849029541,0.9005507611547036,0.5440768003463745
gpu_seed1102_ckpt75_optimizer_reset,1102,75,optimizer_reset,88,24.571582794189453,0.14471518175408934,0.5223626295725508,16.218539584506736,0.0005,3.1630233923594155,3.6853860219319663,16.988707043230534,52.06859678030014,54.29267716407776,0.10895959287881851,0.17636261880397797,0.202475443482399,0.0515095517039299,1.4463480199912573,0.3715063675885062,1.3381386591864184,0.06354682147502899,1.9712245464324951,4.148244857788086,169.80517578125,170.84963989257812,2.9761853218078613,3.652069568634033,163,88,0.9999999652040227,0.15047809663774747,0.9999059538913014,0.08427944275010546,163,163,0,0.01,2.5934810638427734,3.7562758922576904,4.2836594581604,1.6517026161785926,0.12759491801261902,9.86313533782959,2.1424567699432373,8.87839412689209,0.9001594141001521,0.5452964901924133
gpu_seed1102_ckpt75_optimizer_reset,1102,75,optimizer_reset,89,24.579437255859375,0.14476144087616805,0.4351393381754556,11.938090035476918,0.0005,3.086376428604126,3.5215157667795816,17.09879520535469,52.26217111945152,54.5122736543417,0.11008816212415695,0.19357433915138245,0.2195964902639389,0.032092805951833725,1.4374952714891045,0.37139519568456303,1.3395039322961912,0.06782230734825134,1.3177133798599243,4.058103084564209,169.8038787841797,170.84832763671875,2.828364610671997,3.9843413829803467,164,89,0.9999999686836204,0.15132761854110977,0.9999153585021713,0.08519516330735533,164,164,0,0.01,2.5111122131347656,4.501155853271484,5.134679794311523,2.044783091512889,0.00889825914055109,9.854802131652832,2.1549384593963623,8.86087417602539,0.8991427790887933,0.5473074316978455
gpu_seed1102_ckpt75_optimizer_reset,1102,75,optimizer_reset,90,24.588010787963867,0.1448119349882962,0.7490733464558921,22.632035183356233,0.0005,3.01047682762146,3.759550174077352,17.207711279392242,52.449958488345146,54.72439004480839,0.10891607403755188,0.18778736889362335,0.21211639046669006,0.0521545335650444,1.4288948941983215,0.37139781896573354,1.3403733870151133,0.06662169098854065,1.5075230598449707,3.9878106117248535,169.80262756347656,170.84718322753906,3.29986572265625,3.9948537349700928,165,90,0.9999999718152583,0.15217629092256868,0.9999238226519541,0.08610996814404803,165,165,0,0.01,2.3812198638916016,4.208735942840576,4.530662536621094,1.9026645146554333,0.14252547919750214,9.846330642700195,2.1558666229248047,8.851386070251465,0.8989527562547115,0.5476642847061157
gpu_seed1102_ckpt75_optimizer_reset,1102,75,optimizer_reset,91,24.5972843170166,0.14486655175652025,0.8937192757924399,27.766950669029693,0.0005,2.9562885761260986,3.8500078519185386,17.318913459777832,52.619671642780304,54.92083203792572,0.1112021803855896,0.16971315443515778,0.19644199311733246,0.06832756847143173,1.4202556282841268,0.371417192607257,1.3394435190256795,0.06285019218921661,1.2752360105514526,3.912989616394043,169.80142211914062,170.84608459472656,3.225639820098877,3.9871907234191895,166,91,0.9999999746337326,0.1530241146316461,0.9999314403867587,0.08702385817590397,166,166,0,0.01,2.622580051422119,3.6118574142456055,3.758582830429077,1.4331622893225,0.3059682250022888,9.839130401611328,2.156069040298462,8.842691421508789,0.8987269261173474,0.5483192205429077
gpu_seed1102_ckpt75_optimizer_reset,1102,75,optimizer_reset,92,24.606487274169922,0.1449207528891161,0.8149555524190264,22.033773598169798,0.0005,2.8621989091237388,3.677154461542765,17.424257345497608,52.79230399429798,55.117870569229126,0.10534388571977615,0.1726323515176773,0.19703853130340576,0.05705227330327034,1.4121971907472302,0.37141820357959,1.3364814039569841,0.06336416304111481,1.217623233795166,3.854485511779785,169.80018615722656,170.84507751464844,2.837876796722412,3.839463710784912,167,92,0.9999999771703593,0.15387109051701442,0.9999382963480828,0.08793683431772803,167,167,0,0.01,2.5712060928344727,3.622460126876831,3.9476799964904785,1.5353417244500456,0.22273464500904083,9.836106300354004,2.1578896045684814,8.83631420135498,0.8983548908002408,0.5494643449783325
gpu_seed1102_ckpt75_optimizer_reset,1102,75,optimizer_reset,93,24.615192413330078,0.14497202210552387,0.7147274812062583,17.518822896302414,0.0005,2.820571184158325,3.5352986653645835,17.52756081521511,52.96768954396248,55.31396293640137,0.1033034697175026,0.17538554966449738,0.1960923671722412,0.08222443610429764,1.4043706750092129,0.3715038237776634,1.3338149163989221,0.0614391528069973,1.2958860397338867,3.803556203842163,169.79898071289062,170.84402465820312,2.8699254989624023,3.874530076980591,168,93,0.9999999794533234,0.1547172194264974,0.9999444667132745,0.0888488974834103,168,168,0,0.01,2.6599318981170654,3.688931941986084,3.800701379776001,1.4288716874537442,0.31787246465682983,9.82839584350586,2.1579153537750244,8.827775955200195,0.898190925127652,0.549872875213623
gpu_seed1102_ckpt75_optimizer_reset,1102,75,optimizer_reset,94,24.623735427856445,0.14502233648332633,0.6913518110911054,17.036149251259904,0.0005,2.8389314810434976,3.530283292134603,17.621818333864212,53.13579648733139,55.49975800514221,0.09425751864910126,0.16810694336891174,0.18579506874084473,0.08281980454921722,1.397343620353588,0.3715960741693932,1.3332700553419903,0.059856563806533813,1.4964278936386108,3.7389330863952637,169.79776000976562,170.8429718017578,3.1337602138519287,4.052515029907227,169,94,0.9999999815079911,0.1555625022070709,0.9999500200419471,0.0897600485859269,169,169,0,0.01,2.129840612411499,3.190871000289917,3.232893705368042,1.51790405654163,0.31387948989868164,9.819478988647461,2.156999111175537,8.818084716796875,0.8980196125467328,0.5504134297370911
gpu_seed1102_ckpt75_optimizer_reset,1102,75,optimizer_reset,95,24.63111686706543,0.14506580972335656,0.5412229696909585,12.683927754376061,0.0005,2.8714726765950522,3.4126956462860107,17.717545114457607,53.297933891415596,55.68146666884422,0.09572678059339523,0.16213740408420563,0.1817086637020111,0.07841406017541885,1.3902104782544014,0.37158087412757584,1.3336385879814163,0.05812012031674385,1.5060806274414062,3.6539196968078613,169.79652404785156,170.8418731689453,2.9147300720214844,3.6048452854156494,170,95,0.999999983357192,0.15640693970486386,0.9999550180377524,0.09067028853734094,170,170,0,0.01,2.1337015628814697,2.9851059913635254,3.2506420612335205,1.5234755027512603,0.22740773856639862,9.812026023864746,2.1561262607574463,8.809488296508789,0.8978256147182561,0.5510894656181335
gpu_seed1102_ckpt75_optimizer_reset,1102,75,optimizer_reset,96,24.637832641601562,0.14510536250840736,0.3032667636871338,6.992107686191176,0.0005,2.982461929321289,3.285728693008423,17.80790014564991,53.48782193660736,55.88685488700867,0.0903550311923027,0.18988804519176483,0.20538821816444397,0.05936763808131218,1.3835338495885872,0.37149143020815195,1.33448515987152,0.06250051409006119,1.2634005546569824,3.5478339195251465,169.79531860351562,170.84054565429688,2.866452217102051,4.3637518882751465,171,96,0.9999999850214727,0.157250532765159,0.9999595162339772,0.09157961824880367,171,171,0,0.01,1.9685719013214111,3.485733985900879,3.837907552719116,1.9495897254964154,0.09444043785333633,9.803542137145996,2.1585140228271484,8.798087120056152,0.8974396189637383,0.5520105361938477
gpu_seed1102_ckpt75_optimizer_reset,1102,75,optimizer_reset,97,24.644800186157227,0.1451463981016452,0.14816077550252293,3.324571640255215,0.0005,3.035803238550822,3.1839640140533447,17.893318586051464,53.667463555932045,56.08126354217529,0.08541844040155411,0.17964161932468414,0.19440865516662598,0.05776241049170494,1.3773185822202612,0.37150206036861816,1.336332852401709,0.05908149480819702,1.26411771774292,3.501004695892334,169.79412841796875,170.83938598632812,2.529257297515869,3.2007789611816406,172,97,0.9999999865193254,0.15809328223239383,0.9999635646105794,0.09248803863055488,172,172,0,0.01,1.6675387620925903,3.376709222793579,3.4953813552856445,2.096131996894155,0.17450104653835297,9.794734001159668,2.1582648754119873,8.7891206741333,0.8973312264622804,0.552192211151123
gpu_seed1102_ckpt75_optimizer_reset,1102,75,optimizer_reset,98,24.651615142822266,0.14518653502325451,0.10579093297322606,2.2021875233582477,0.0005,2.982379913330078,3.088170846303304,17.987549483776093,53.84868533909321,56.28172531723976,0.09423089772462845,0.18122178316116333,0.20046177506446838,0.044969767332077026,1.3704821307124393,0.37165321398535467,1.3380491576329485,0.059495583176612854,0.8901135921478271,3.4651107788085938,169.7929229736328,170.83836364746094,2.7780771255493164,3.317650079727173,173,98,0.999999987867393,0.15893518895016145,0.9999672081495214,0.09339555059192428,173,173,0,0.01,2.0686755180358887,3.3579623699188232,3.7989096641540527,1.8363970719579572,0.08087582141160965,9.786469459533691,2.15762996673584,8.781179428100586,0.8972775590226076,0.5522285103797913
gpu_seed1102_ckpt75_optimizer_reset,1102,75,optimizer_reset,99,24.6591796875,0.145231086669239,0.10924720764160156,2.2472933458056232,0.0005,2.968747695287069,3.0779949029286704,18.09563908725977,54.021877095103264,56.4814728051424,0.10808960348367691,0.17319175601005554,0.1997474879026413,0.04753384739160538,1.362713942767566,0.3718669980332428,1.3392149191789346,0.06080789119005203,0.7816957235336304,3.4462273120880127,169.79168701171875,170.83741760253906,2.845048666000366,3.1172127723693848,174,99,0.9999999890806536,0.1597762537612113,0.9999704873345694,0.09430215504133233,174,174,0,0.01,2.5824804306030273,3.122121572494507,3.8585410118103027,1.4941220719755124,0.09478764981031418,9.778377532958984,2.1564419269561768,8.773188591003418,0.8972028909122832,0.5524400472640991
gpu_seed1102_ckpt75_optimizer_reset,1102,75,optimizer_reset,100,24.66737174987793,0.14527933410229585,0.1335814793904624,2.9415780266836293,0.0005,3.024455706278483,3.1580371856689453,18.194061137735844,54.182852774858475,56.66533820331097,0.09842205047607422,0.16097567975521088,0.18386539816856384,0.05660299211740494,1.3557925063093583,0.372124832684136,1.3409737778617243,0.05750197544693947,0.7906402349472046,3.4373269081115723,169.79049682617188,170.83644104003906,2.9743118286132812,3.302208662033081,175,100,0.9999999901725882,0.16061647750745012,0.9999734386011124,0.09520785288629108,175,175,1,0.01,2.084073543548584,2.8295934200286865,3.245797872543335,1.5574296226682613,0.153869166970253,9.771198272705078,2.1553008556365967,8.76602554321289,0.8971290212889304,0.5526727437973022
gpu_seed1102_ckpt150_optimizer_reset,1102,150,optimizer_reset,1,3.452911615371704,0.020332655814048237,13.345387697219849,13069104.507509185,0.0005,3.0403754711151123,16.38576316833496,0.10610155761241913,3.4770047664642334,3.452911615371704,0.10610155761241913,3.4770047664642334,3.452911615371704,0.24154628813266754,32.54345829636529,0.08214316027691658,0.407121689682166,0.7984833121299744,14.5720853805542,6.765933513641357,169.81991577148438,169.85272216796875,2.9813156127929688,2.9813156127929688,151,1,0.9999998767976689,0.14021726069964668,0.09999999999999998,0.0010000000000000009,151,151,0,0.01,2.5758216381073,1.3017172813415527,2.3209846019744873,0.9010657289450498,0.43876567482948303,9.950117111206055,0.005173117853701115,9.948784828186035,0.9998661037848973,0.25769537687301636
gpu_seed1102_ckpt150_optimizer_reset,1102,150,optimizer_reset,2,4.904532432556152,0.028880603093359502,15.818392912546793,149575236.9392174,0.0005,3.00491730372111,18.823310216267902,0.21112686395645142,6.1688361167907715,6.134582042694092,0.10502530634403229,2.691831350326538,2.6816704273223877,0.11607171595096588,23.230262320121266,0.1074265139536747,0.503983540889196,0.6118946671485901,18.80487060546875,8.42479419708252,169.81878662109375,169.8779754638672,3.09477162361145,16.993736267089844,152,2,0.9999998891179019,0.14107704343894711,0.18999999999999995,0.001998999999999973,152,152,0,0.01,2.61328125,8.256224632263184,8.650843620300293,3.31033776800602,0.0036474252119660378,9.945030212402344,0.24779047071933746,9.908666610717773,0.9963435403504136,0.15894083678722382
gpu_seed1102_ckpt150_optimizer_reset,1102,150,optimizer_reset,3,6.165752410888672,0.03630736478951022,13.943441152572634,22401714.202177353,0.0005,2.981207768122355,16.924648920694988,0.3215295597910881,8.471861839294434,8.430025100708008,0.11040269583463669,2.303025722503662,2.295443058013916,0.09253762662410736,19.17631590350715,0.12805543735090724,0.5918810606869066,0.5015419125556946,14.967765808105469,9.811140060424805,169.8177032470703,169.90736389160156,2.966526508331299,19.041362762451172,153,3,0.9999999002061117,0.1419359663955081,0.2709999999999999,0.002997000999999999,153,153,0,0.01,3.0077319145202637,14.62340259552002,14.654196739196777,4.87217516576083,0.0925905704498291,9.938770294189453,0.6470362544059753,9.910486221313477,0.9971541677652507,0.07620310038328171
gpu_seed1102_ckpt150_optimizer_reset,1102,150,optimizer_reset,4,7.416531085968018,0.04367264230971165,12.294762452443441,4485825.729160794,0.0005,3.0216752688090005,15.316437721252441,0.43597637861967087,10.514232873916626,10.467050075531006,0.11444681882858276,2.0423710346221924,2.037024974822998,0.07467188686132431,17.01131402905868,0.15042403271740784,0.6677613766077651,0.4429342448711395,15.874923706054688,10.761370658874512,169.81658935546875,169.94134521484375,3.859488010406494,17.844879150390625,154,4,0.9999999101855006,0.14279403042911265,0.3439,0.003994003998999962,154,154,0,0.01,3.083204984664917,14.474329948425293,14.636284828186035,4.747100793161166,0.05368414893746376,9.931793212890625,0.6715430617332458,9.873817443847656,0.9941626081210878,0.11988911777734756
gpu_seed1102_ckpt150_optimizer_reset,1102,150,optimizer_reset,5,8.478520393371582,0.049926223481470564,7.359558264414469,34785.8777771523,0.0005,3.0980451901753745,10.457603454589844,0.5459279716014862,12.44966983795166,12.401237964630127,0.10995159298181534,1.9354369640350342,1.934187889099121,0.03976208716630936,15.530474411274827,0.1700412639141172,0.7482120840967715,0.41790804266929626,8.673447608947754,11.158854484558105,169.81549072265625,169.97557067871094,3.247546672821045,18.771255493164062,155,5,0.9999999191669505,0.1436512363986835,0.40950999999999993,0.004990009995000988,155,155,0,0.01,2.6603026390075684,19.36717414855957,19.546491622924805,7.3474691699773365,0.0009630628046579659,9.923175811767578,1.076892614364624,9.885551452636719,0.996208435701881,0.08913199603557587
gpu_seed1102_ckpt150_optimizer_reset,1102,150,optimizer_reset,6,9.526871681213379,0.05609949644131343,6.493432919184368,13977.47685189981,0.0005,3.0532840887705484,9.546717007954916,0.6491875424981117,14.255852103233337,14.208305954933167,0.10325957089662552,1.8061822652816772,1.8070679903030396,0.02000490017235279,14.675068539576012,0.1899045776274178,0.8315315058438992,0.3967909812927246,7.43206262588501,11.155662536621094,169.8142547607422,170.01461791992188,3.1531982421875,13.42342472076416,156,6,0.9999999272502554,0.1445075851622848,0.46855899999999995,0.0059850199850060015,156,156,0,0.01,2.2855074405670166,19.205677032470703,19.479694366455078,8.523137584541749,-0.061247922480106354,9.919366836547852,1.0999757051467896,9.87630844116211,0.9956591588862215,0.09450570493936539
gpu_seed1102_ckpt150_optimizer_reset,1102,150,optimizer_reset,7,10.558149337768555,0.06217223040476223,6.052365461985271,8506.255892493258,0.0005,2.998546759287516,9.050912221272787,0.7549931928515434,15.910832524299622,15.864217519760132,0.1058056503534317,1.6549804210662842,1.6559115648269653,0.02316342666745186,13.984429843502776,0.20897795357354843,0.9091462284094046,0.36732229590415955,9.268424987792969,11.585029602050781,169.81301879882812,170.05816650390625,2.6624596118927,9.542213439941406,157,7,0.99999993452523,0.14536307757712252,0.5217030999999999,0.006979034965020947,157,157,0,0.01,2.4494359493255615,18.224124908447266,18.451343536376953,7.532894886045048,-0.026139317080378532,9.912806510925293,1.1353189945220947,9.804488182067871,0.989072889828019,0.15215173363685608
gpu_seed1102_ckpt150_optimizer_reset,1102,150,optimizer_reset,8,11.512059211730957,0.06778938001802036,7.09767746925354,24451.041207987626,0.0005,3.007577975591024,10.105255444844564,0.8605679124593735,17.4544335603714,17.408477187156677,0.10557471960783005,1.5436010360717773,1.5442596673965454,0.02795688435435295,13.377281496375863,0.2265829725383211,0.9849899315968692,0.3496003746986389,7.978830814361572,11.13837718963623,169.81178283691406,170.1030731201172,3.263291358947754,11.653604507446289,158,8,0.999999941072707,0.14621771449954546,0.5695327899999999,0.00797205593005601,158,158,0,0.01,2.256969690322876,17.01665687561035,17.241535186767578,7.639240908145918,-0.03397851809859276,9.903863906860352,1.1604267358779907,9.766035079956055,0.9860833278605727,0.17653268575668335
gpu_seed1102_ckpt150_optimizer_reset,1102,150,optimizer_reset,9,12.403324127197266,0.07303764142287027,7.272490739822388,28521.08681692075,0.0005,2.986602862675985,10.259093602498373,0.9615674316883087,18.883678436279297,18.83815848827362,0.10099951922893524,1.429244875907898,1.4296813011169434,0.031010644510388374,12.899068456807816,0.24318468362855306,1.0638861055574942,0.32444652915000916,9.465109825134277,10.800326347351074,169.81060791015625,170.1503448486328,3.229937791824341,10.03017520904541,159,9,0.9999999469654363,0.14707149678504594,0.6125795109999999,0.00896408387412595,159,159,0,0.01,2.2088491916656494,15.886656761169434,16.087846755981445,7.283361316234829,-0.022141873836517334,9.895405769348145,1.1713696718215942,9.736886024475098,0.9839804704760001,0.19343210756778717
gpu_seed1102_ckpt150_optimizer_reset,1102,150,optimizer_reset,10,13.230262756347656,0.07790711402998933,12.466073433558146,4960473.987861256,0.0005,2.950942277908325,15.41701571146647,1.067490667104721,20.243839025497437,20.199401259422302,0.10592323541641235,1.3601605892181396,1.3612427711486816,0.0287167951464653,12.393797120698732,0.2581108362041522,1.1245716481241448,0.3099644184112549,14.564271926879883,11.091971397399902,169.80934143066406,170.19749450683594,3.2842469215393066,9.464822769165039,160,10,0.9999999522688926,0.14792442528826089,0.6513215599,0.009955119790251765,160,160,0,0.01,2.4479176998138428,16.702733993530273,16.856599807739258,6.8860974407000155,0.010133406147360802,9.88776969909668,1.2492319345474243,9.695122718811035,0.9805166396316628,0.21588097512722015
gpu_seed1102_ckpt150_optimizer_reset,1102,150,optimizer_reset,11,13.98307991027832,0.08234011834253552,12.816984176635742,6688706.635992741,0.0005,2.89894962310791,15.715933799743652,1.180073507130146,21.529321432113647,21.48745286464691,0.11258284002542496,1.285482406616211,1.2880516052246094,0.020946288481354713,11.849329576317933,0.27097699785430635,1.1796673051470878,0.29778772592544556,13.478914260864258,10.748038291931152,169.8079376220703,170.2437744140625,3.686203956604004,15.93732738494873,161,11,0.9999999570420034,0.14877650086297256,0.6861894039099999,0.010945164670461582,161,161,0,0.01,2.7705912590026855,16.09479331970215,16.368358612060547,5.907893688348192,-0.013506321236491203,9.880523681640625,1.3003441095352173,9.669334411621094,0.9786257007396351,0.2264775037765503
gpu_seed1102_ckpt150_optimizer_reset,1102,150,optimizer_reset,12,14.690979957580566,0.08650862585615618,12.369955698649088,5039145.557693842,0.0005,3.062795639038086,15.432751337687174,1.2992969080805779,22.748474717140198,22.709519863128662,0.11922340095043182,1.2191532850265503,1.2220669984817505,0.024427874013781548,11.306869019854679,0.2821865256978821,1.2262861042509137,0.2890620231628418,12.502765655517578,10.509888648986816,169.80653381347656,170.29005432128906,3.134979248046875,14.102792739868164,162,12,0.999999961337803,0.14962772436210958,0.7175704635189999,0.0119342195057911,162,162,0,0.01,3.1088924407958984,15.947937965393066,16.262121200561523,5.230840728730092,-0.004585247952491045,9.871779441833496,1.4262800216674805,9.542011260986328,0.966594859337043,0.29958751797676086
gpu_seed1102_ckpt150_optimizer_reset,1102,150,optimizer_reset,13,15.34579849243164,0.09036456002791834,11.355682611465454,2020174.1953043712,0.0005,3.1630233923594155,14.51870600382487,1.4082565009593964,23.880857229232788,23.843576192855835,0.10895959287881851,1.1323825120925903,1.1340563297271729,0.03273789584636688,10.897019457723918,0.2922838843566147,1.265512153023879,0.2730381488800049,13.533833503723145,9.62271499633789,169.80517578125,170.33328247070312,2.9761853218078613,13.243667602539062,163,13,0.9999999652040227,0.15047809663774747,0.7458134171670999,0.012922285286285251,163,163,0,0.01,2.5934810638427734,13.744772911071777,13.894553184509277,5.3574916656288565,0.03627752885222435,9.86313533782959,1.442698359489441,9.515737533569336,0.9647781570096893,0.3096926510334015
gpu_seed1102_ckpt150_optimizer_reset,1102,150,optimizer_reset,14,15.95627498626709,0.09395938370555451,8.111275434494019,72937.02541138716,0.0005,3.086376428604126,11.197651863098145,1.5183446630835533,24.967264652252197,24.930765867233276,0.11008816212415695,1.0864074230194092,1.0871896743774414,0.04355844855308533,10.50899402106208,0.30108566833787953,1.2968702128598855,0.26733431220054626,9.360939979553223,8.586202621459961,169.8038787841797,170.3751678466797,2.828364610671997,13.387022972106934,164,14,0.9999999686836204,0.15132761854110977,0.7712320754503899,0.013909363000998987,164,164,0,0.01,2.5111122131347656,12.051674842834473,12.077227592468262,4.809513302229833,0.09399488568305969,9.854802131652832,1.4649356603622437,9.47722339630127,0.9616858126314103,0.3271322250366211
gpu_seed1102_ckpt150_optimizer_reset,1102,150,optimizer_reset,15,16.536893844604492,0.09737838909021715,6.150613387425741,9499.132571993516,0.0005,3.01047682762146,9.161090215047201,1.6272607371211052,26.058109879493713,26.022557735443115,0.10891607403755188,1.0908452272415161,1.0917918682098389,0.04122724011540413,10.162411878658636,0.30927184019918774,1.3253433165365454,0.2714589238166809,6.2782769203186035,7.217433452606201,169.80262756347656,170.4152374267578,3.29986572265625,10.20288372039795,165,15,0.9999999718152583,0.15217629092256868,0.794108867905351,0.014895453637998046,165,165,0,0.01,2.3812198638916016,11.557023048400879,11.508370399475098,4.832972617934684,0.12340915203094482,9.846330642700195,1.4766284227371216,9.45934772491455,0.9606977531194827,0.3319055438041687
gpu_seed1102_ckpt150_optimizer_reset,1102,150,optimizer_reset,16,17.092622756958008,0.10065082868887251,6.254450559616089,9984.761951278742,0.0005,2.9562885761260986,9.210739135742188,1.7384629175066948,27.09959888458252,27.066109538078308,0.1112021803855896,1.0414890050888062,1.0435518026351929,0.03481794148683548,9.832031839633618,0.3170670090893886,1.3421739097988152,0.26125475764274597,5.025137424468994,6.081380367279053,169.80142211914062,170.45489501953125,3.225639820098877,9.32524299621582,166,16,0.9999999746337326,0.1530241146316461,0.8146979811148158,0.015880558184360072,166,166,0,0.01,2.622580051422119,10.391992568969727,10.451757431030273,3.985295863651034,0.10332842171192169,9.839130401611328,1.4787687063217163,9.443803787231445,0.959820980285402,0.3371111750602722
gpu_seed1102_ckpt150_optimizer_reset,1102,150,optimizer_reset,17,17.6165771484375,0.10373616231188931,5.355612675348917,3688.882430520547,0.0005,2.8621989091237388,8.217811584472656,1.843806803226471,28.110119342803955,28.07787585258484,0.10534388571977615,1.0105204582214355,1.0117663145065308,0.040289513766765594,9.554459348778169,0.324176572697535,1.3567403960365507,0.25303223729133606,4.884674072265625,6.4125895500183105,169.80018615722656,170.49351501464844,2.837876796722412,8.801521301269531,167,17,0.9999999771703593,0.15387109051701442,0.8332281830033342,0.016864677626175606,167,167,0,0.01,2.5712060928344727,9.802287101745605,9.84267520904541,3.828038225512725,0.1154133602976799,9.836106300354004,1.5094915628433228,9.415761947631836,0.9572651677515932,0.3492494523525238
gpu_seed1102_ckpt150_optimizer_reset,1102,150,optimizer_reset,18,18.109638214111328,0.10663957892383598,5.094427029291789,2721.2552026493945,0.0005,2.820571184158325,7.914998213450114,1.9471102729439735,29.08596444129944,29.05574470758438,0.1033034697175026,0.9758450984954834,0.9778688549995422,0.03331973776221275,9.300776882410869,0.33098180444456304,1.372922038939099,0.2449747622013092,4.375034332275391,5.936924457550049,169.79898071289062,170.53067016601562,2.8699254989624023,8.258889198303223,168,18,0.9999999794533234,0.1547172194264974,0.8499053647030008,0.017847812948549535,168,168,0,0.01,2.6599318981170654,9.354022979736328,9.532930374145508,3.5839001671020876,0.0742776170372963,9.82839584350586,1.5128198862075806,9.396754264831543,0.9560821943328136,0.35601890087127686
gpu_seed1102_ckpt150_optimizer_reset,1102,150,optimizer_reset,19,18.569358825683594,0.10934666847808638,6.453036864598593,10833.423181115213,0.0005,2.8389314810434976,9.29196834564209,2.041367791593075,30.10104548931122,30.072913587093353,0.09425751864910126,1.0150810480117798,1.0171688795089722,0.02425560913980007,9.096527780122878,0.3376043441668848,1.3933563149401502,0.2595950663089752,7.34531307220459,6.128500938415527,169.79776000976562,170.56753540039062,3.1337602138519287,8.88411808013916,169,19,0.9999999815079911,0.1555625022070709,0.8649148282327007,0.01882996513560098,169,169,0,0.01,2.129840612411499,9.132640838623047,9.289552688598633,4.361618721354097,0.04230000078678131,9.819478988647461,1.5247055292129517,9.383161544799805,0.9555661309166149,0.3574436902999878
gpu_seed1102_ckpt150_optimizer_reset,1102,150,optimizer_reset,20,18.997325897216797,0.11186677560347368,5.327333132425943,3618.9419014939185,0.0005,2.8714726765950522,8.198805809020996,2.13709457218647,31.092890799045563,31.06708389520645,0.09572678059339523,0.9918453097343445,0.9941703081130981,0.02394097112119198,8.88932391876868,0.3437057367076948,1.418043424511783,0.25339338183403015,5.382948398590088,5.993764400482178,169.79652404785156,170.60128784179688,2.9147300720214844,7.885560989379883,170,20,0.999999983357192,0.15640693970486386,0.8784233454094307,0.01981113517046529,170,170,0,0.01,2.1337015628814697,8.879047393798828,9.037725448608398,4.235702689554725,0.045121751725673676,9.812026023864746,1.5348892211914062,9.362903594970703,0.9542273504164538,0.3641270697116852
gpu_seed1102_ckpt150_optimizer_reset,1102,150,optimizer_reset,21,19.410720825195312,0.11430107387755666,5.668207168579102,5694.232313050918,0.0005,2.982461929321289,8.65066909790039,2.2274496033787727,32.05424904823303,32.030436515808105,0.0903550311923027,0.9613582491874695,0.963352620601654,0.02489771693944931,8.714325475980633,0.3492970128249526,1.4367918793708228,0.25251659750938416,5.8117241859436035,5.434424877166748,169.79531860351562,170.6345672607422,2.866452217102051,6.428054332733154,171,21,0.9999999850214727,0.157250532765159,0.8905810108684876,0.020791324035294823,171,171,0,0.01,1.9685719013214111,8.34625244140625,8.444046020507812,4.289427282201593,0.06796329468488693,9.803542137145996,1.5399318933486938,9.342628479003906,0.9529849872938656,0.3708116412162781
gpu_seed1102_ckpt150_optimizer_reset,1102,150,optimizer_reset,22,19.801353454589844,0.1166013351318143,4.931864341100058,2865.3001748029706,0.0005,3.035803238550822,7.967667579650879,2.312868043780327,32.958271622657776,32.936434745788574,0.08541844040155411,0.9040225744247437,0.9059982299804688,0.024089541286230087,8.561384860597775,0.3542892779259016,1.449739799960852,0.23126131296157837,5.091325759887695,5.217674255371094,169.79412841796875,170.6666259765625,2.529257297515869,7.577213764190674,172,22,0.9999999865193254,0.15809328223239383,0.9015229097816388,0.021770532711259616,172,172,0,0.01,1.6675387620925903,7.3045501708984375,7.356549263000488,4.411621145024755,0.08284948766231537,9.794734001159668,1.541990876197815,9.327495574951172,0.9522969765024626,0.37449777126312256
gpu_seed1102_ckpt150_optimizer_reset,1102,150,optimizer_reset,23,20.1704044342041,0.11877451168024623,4.408694585164388,1601.7126923198614,0.0005,2.982379913330078,7.391074498494466,2.4070989415049553,33.832675755023956,33.813910722732544,0.09423089772462845,0.8744041323661804,0.8774759769439697,0.021226830780506134,8.37954937638952,0.3585404263890339,1.460141491607361,0.22259044647216797,3.4522483348846436,5.187474250793457,169.7929229736328,170.69711303710938,2.7780771255493164,7.621399402618408,173,23,0.999999987867393,0.15893518895016145,0.9113706188034749,0.022748762178548265,173,173,0,0.01,2.0686755180358887,6.973217487335205,7.238382816314697,3.4990421422803446,0.017711684107780457,9.786469459533691,1.552047610282898,9.30765151977539,0.9510734752977948,0.3802558183670044
gpu_seed1102_ckpt150_optimizer_reset,1102,150,optimizer_reset,24,20.516998291015625,0.1208154482528592,4.299990892410278,1415.2719879817375,0.0005,2.968747695287069,7.268738587697347,2.515188544988632,34.710959792137146,34.696009397506714,0.10808960348367691,0.8782840371131897,0.8820986747741699,0.02616647258400917,8.157240669645383,0.36217823103366925,1.4674018879213198,0.2238471359014511,2.713361978530884,4.9896769523620605,169.79168701171875,170.72586059570312,2.845048666000366,7.118015766143799,174,24,0.9999999890806536,0.1597762537612113,0.9202335569231275,0.023726013416369818,174,174,0,0.01,2.5824804306030273,7.308597564697266,7.5840163230896,2.9367178288029625,0.06801585108041763,9.778377532958984,1.557716727256775,9.287813186645508,0.9498317236514001,0.3866764307022095
gpu_seed1102_ckpt150_optimizer_reset,1102,150,optimizer_reset,25,20.855791091918945,0.12281044788805925,3.745347340901693,850.557504980747,0.0005,3.024455706278483,6.769803047180176,2.6136105954647064,35.5337855219841,35.52235370874405,0.09842205047607422,0.8228257298469543,0.8263443112373352,0.02398137003183365,7.979685699201397,0.36591565054346137,1.4740907564281902,0.21056759357452393,3.2579598426818848,4.8531036376953125,169.79049682617188,170.75497436523438,2.9743118286132812,6.747387886047363,175,25,0.9999999901725882,0.16061647750745012,0.9282102012308147,0.024702287402953438,175,175,1,0.01,2.084073543548584,6.715545654296875,6.940016746520996,3.3300248774814314,0.04565969854593277,9.771198272705078,1.5614876747131348,9.273911476135254,0.9491068768955495,0.39026835560798645
gpu_seed1102_ckpt150_optimizer_reset,1102,150,optimizer_reset,26,21.1829891204834,0.12473717108254218,4.0192231337229405,1044.8037621687254,0.0005,2.950491507848104,6.969714641571045,2.7111700996756554,36.30956619977951,36.30077886581421,0.09755950421094894,0.7757806777954102,0.7784251570701599,0.035725757479667664,7.81322762559596,0.3695344440940135,1.4803502641188173,0.20220687985420227,4.254777908325195,4.854650020599365,169.78929138183594,170.78363037109375,3.120485544204712,6.387414455413818,176,26,0.9999999911553294,0.16145586102994258,0.9353891811077333,0.025677585115550405,176,176,0,0.01,2.188065528869629,6.171333312988281,6.268639087677002,2.86492292162409,0.1324547678232193,9.767330169677734,1.565974473953247,9.261643409729004,0.9482267158819344,0.3947264850139618
gpu_seed1102_ckpt150_optimizer_reset,1102,150,optimizer_reset,27,21.49622344970703,0.1265816682822085,3.409627517064412,512.5449616003749,0.0005,2.863373041152954,6.273000558217366,2.81264665722847,37.05041462182999,37.045450031757355,0.10147655755281448,0.7408484220504761,0.7446711659431458,0.030718382447957993,7.642703143835838,0.37290683326033924,1.4866157916671265,0.19567686319351196,4.245016098022461,4.677502155303955,169.78814697265625,170.81112670898438,3.1400558948516846,6.3542633056640625,177,27,0.9999999920397965,0.1622944051689127,0.94185026299696,0.026651907530434893,177,177,0,0.01,2.5539443492889404,5.803047180175781,6.137444972991943,2.4031240049135385,0.08534584194421768,9.760003089904785,1.5659422874450684,9.251015663146973,0.9478496654078696,0.3967832922935486
gpu_seed1102_ckpt150_optimizer_reset,1102,150,optimizer_reset,28,21.796058654785156,0.12834726401847,3.5289780298868814,581.4102056864016,0.0005,2.8662522633870444,6.395230293273926,2.9097929149866104,37.77747285366058,37.77689504623413,0.09714625775814056,0.7270582318305969,0.7314450144767761,0.02151568792760372,7.490587574984855,0.37624607721692926,1.4918262408560485,0.189327210187912,3.979581356048584,4.521602630615234,169.7870635986328,170.83724975585938,2.744211196899414,5.5054545402526855,178,28,0.9999999928358169,0.1631321107637438,0.9476652366972639,0.02762525562290441,178,178,0,0.01,2.4649951457977295,6.0119452476501465,6.4413347244262695,2.613122681156068,0.024592453613877296,9.750954627990723,1.565862774848938,9.238953590393066,0.9474922141336939,0.3986852765083313
gpu_seed1102_ckpt150_optimizer_reset,1102,150,optimizer_reset,29,22.077455520629883,0.13000428460217142,2.569856564203898,225.41811232031358,0.0005,2.9277352492014566,5.4975918134053545,3.0033609718084335,38.48517119884491,38.489114582538605,0.09356805682182312,0.7076983451843262,0.7122195363044739,0.017632734030485153,7.350916432575498,0.3797814720534809,1.5015979875268983,0.19044359028339386,4.225996017456055,4.718108177185059,169.78602600097656,170.8620147705078,2.688847780227661,5.830877780914307,179,29,0.9999999935522351,0.16396897865298,0.9528987130275375,0.02859763036728158,179,179,0,0.01,2.2476155757904053,5.635512828826904,6.05769157409668,2.6951635499160984,0.004545723553746939,9.742191314697266,1.5695397853851318,9.227795600891113,0.9471991775576125,0.3996376097202301
gpu_seed1102_ckpt150_optimizer_reset,1102,150,optimizer_reset,30,22.34180450439453,0.13156091781506687,2.225450913111369,155.3660323281427,0.0005,2.934643030166626,5.160093943277995,3.102027155458927,39.16341441869736,39.17224031686783,0.09866618365049362,0.6782432198524475,0.6831257343292236,0.023073025047779083,7.202323959372943,0.3830861912359514,1.5085621272814942,0.19113124907016754,4.101990699768066,4.706194877624512,169.784912109375,170.88525390625,3.7138609886169434,6.528842449188232,180,30,0.9999999941970117,0.1648050096743271,0.9576088417247838,0.029569032736914247,180,180,0,0.01,2.1315813064575195,5.235124588012695,5.638566493988037,2.6452504893449924,0.007022990845143795,9.737220764160156,1.5713268518447876,9.21629810333252,0.9465019153364638,0.40333688259124756
gpu_seed1102_ckpt150_optimizer_reset,1102,150,optimizer_reset,31,22.593603134155273,0.13304364759320023,3.0889165401458745,400.8038752315675,0.0005,2.9511770407358804,6.040093580881755,3.2011553049087524,39.802617609500885,39.81607550382614,0.09912814944982529,0.6392031908035278,0.643835186958313,0.030643628910183907,7.057952827062927,0.38602704704747,1.5139858255204022,0.18115289509296417,4.548609733581543,4.713840484619141,169.78379821777344,170.90785217285156,3.1552531719207764,5.471898078918457,181,31,0.9999999947773105,0.16564020466465268,0.9618479575523053,0.030539463704177372,181,181,0,0.01,2.2319912910461426,4.807210922241211,5.222671985626221,2.339915933621764,0.037967633455991745,9.729132652282715,1.5708800554275513,9.206872940063477,0.9463200132133415,0.4042702913284302
gpu_seed1102_ckpt150_optimizer_reset,1102,150,optimizer_reset,32,22.83074951171875,0.13444009679597757,2.6052323977152505,243.93376864253852,0.0005,2.968422253926595,5.573654651641846,3.2962009757757187,40.41748410463333,40.43574666976929,0.09504567086696625,0.6148664951324463,0.6196711659431458,0.026540907099843025,6.9263827295418166,0.38864907929490555,1.5223646249735416,0.17437143623828888,3.474102258682251,4.615267753601074,169.7826690673828,170.92877197265625,2.542391061782837,5.533228874206543,182,32,0.9999999952995794,0.1664745644599881,0.9656631617970749,0.031508924240473246,182,182,0,0.01,2.221220016479492,4.496484756469727,4.971580505371094,2.238220648330249,0.021805841475725174,9.720426559448242,1.571263074874878,9.195910453796387,0.9460398057178908,0.4056342840194702
gpu_seed1102_ckpt150_optimizer_reset,1102,150,optimizer_reset,33,23.053617477416992,0.13575246680230676,2.2972334225972495,184.01470705919704,0.0005,3.0237391789754233,5.320972601572673,3.3902475386857986,41.03502684831619,41.0578071475029,0.09404656291007996,0.6175427436828613,0.6220604777336121,0.027933048084378242,6.799980595619497,0.39106613168163523,1.529130559284875,0.18001574277877808,2.8734817504882812,4.86454439163208,169.7815704345703,170.94808959960938,3.2469751834869385,6.056035995483398,183,33,0.9999999957696215,0.16730808989552803,0.9690968456173674,0.032477415316232716,183,183,0,0.01,2.196197032928467,5.041298866271973,5.4799604415893555,2.4952043734799774,0.009393882937729359,9.711512565612793,1.5727297067642212,9.181868553161621,0.9454622532922916,0.40855658054351807
gpu_seed1102_ckpt150_optimizer_reset,1102,150,optimizer_reset,34,23.262962341308594,0.13698520529610353,2.9314659436543784,361.29190894253026,0.0005,3.0130132039388022,5.944479147593181,3.4868441224098206,41.668718695640564,41.697098314762115,0.09659658372402191,0.6336918473243713,0.6392911672592163,0.017995130270719528,6.671638170399333,0.3931354884651934,1.5354225278698477,0.1841059923171997,3.5760741233825684,5.161863803863525,169.7804412841797,170.9661407470703,3.214385747909546,6.129852771759033,184,34,0.9999999961926593,0.16814078180563252,0.9721871610556306,0.033444937900916516,184,184,0,0.01,2.18599271774292,5.900090217590332,6.308849334716797,2.8860340126054584,-0.008216733112931252,9.702417373657227,1.5731043815612793,9.171135902404785,0.9452423606620083,0.409548819065094
gpu_seed1102_ckpt150_optimizer_reset,1102,150,optimizer_reset,35,23.46343421936035,0.138165694735415,2.3643519083658853,192.6586623148136,0.0005,2.9952953656514487,5.359647274017334,3.580308146774769,42.256887555122375,42.290333569049835,0.09346402436494827,0.5881688594818115,0.5932352542877197,0.025012988597154617,6.553467818263142,0.39502552166004273,1.5481913580524695,0.16928647458553314,4.166751384735107,5.6660003662109375,169.77928161621094,170.98387145996094,3.0305752754211426,5.46666955947876,185,35,0.9999999965733934,0.16897264102382692,0.9749684449500675,0.0344114929630156,185,185,0,0.01,2.1190879344940186,5.610013961791992,5.9367289543151855,2.8015491276580344,0.030199648812413216,9.693817138671875,1.5770797729492188,9.151640892028809,0.9440698912628455,0.4155157804489136
gpu_seed1102_ckpt150_optimizer_reset,1102,150,optimizer_reset,36,23.654497146606445,0.139290779061705,1.8035728136698403,99.32669711676796,0.0005,2.9748171170552573,4.778389930725098,3.6737421303987503,42.81954354047775,42.856996059417725,0.09343398362398148,0.5626559853553772,0.5666624903678894,0.03999534249305725,6.43880171960587,0.3967494869988877,1.5682054509340233,0.15724918246269226,3.7501132488250732,6.036017417907715,169.7781524658203,171.00091552734375,2.5638349056243896,5.379836559295654,186,36,0.999999996916054,0.16980366838280314,0.9774716004550608,0.035377081470052585,186,186,0,0.01,2.1178743839263916,5.556736946105957,5.664544582366943,2.674636713751926,0.1391707956790924,9.684937477111816,1.5814226865768433,9.137866020202637,0.9435131658616275,0.4178093671798706
gpu_seed1102_ckpt150_optimizer_reset,1102,150,optimizer_reset,37,23.836999893188477,0.14036545630361624,1.8528944651285806,96.86715082169799,0.0005,2.890976587931315,4.7438710530598955,3.770971365272999,43.361042976379395,43.40370750427246,0.0972292348742485,0.5414994359016418,0.5467114448547363,0.03591439500451088,6.32118294843018,0.3982302107175827,1.5875562627462527,0.14777030050754547,3.362675428390503,6.254546165466309,169.777099609375,171.01715087890625,2.9264473915100098,5.026173114776611,187,37,0.9999999972244487,0.17063386471442032,0.9797244404095548,0.03634170438858253,187,187,0,0.01,2.4827542304992676,5.756213188171387,6.090054988861084,2.4529431524255045,0.07729514688253403,9.67973518371582,1.585164189338684,9.126117706298828,0.9428065471926047,0.4211423397064209
gpu_seed1102_ckpt150_optimizer_reset,1102,150,optimizer_reset,38,24.009496688842773,0.1413812129651685,2.3815173308054605,173.07825762519292,0.0005,2.8691893418629966,5.250706672668457,3.8700838834047318,43.88800710439682,43.93519848585129,0.09911251813173294,0.5269641280174255,0.5314909815788269,0.04817086085677147,6.203869841630941,0.3998520815958339,1.6083445387187092,0.14988920092582703,3.0630621910095215,6.567316055297852,169.77609252929688,171.032470703125,3.0068299770355225,5.0779547691345215,188,38,0.9999999975020037,0.17146323084970583,0.9817519963685992,0.03730536268419393,188,188,0,0.01,2.6551005840301514,5.606863975524902,5.760900974273682,2.169748675030268,0.17795972526073456,9.671772003173828,1.5897315740585327,9.108924865722656,0.9418051689734401,0.4259335398674011
gpu_seed1102_ckpt150_optimizer_reset,1102,150,optimizer_reset,39,24.17185401916504,0.14233726283960904,2.735671838124593,259.4228515484089,0.0005,2.889836311340332,5.625508149464925,3.9650583267211914,44.375296890735626,44.42829406261444,0.09497444331645966,0.48728978633880615,0.4930955767631531,0.03595743328332901,6.096216506138327,0.40143350982958936,1.627864976593704,0.13970348238945007,3.192631244659424,6.6398024559021,169.7749786376953,171.04664611816406,3.0156562328338623,5.277341842651367,189,39,0.9999999977518034,0.17229176761885612,0.9835767967317394,0.03826805732150973,189,189,0,0.01,2.45715069770813,4.6885666847229,5.124988555908203,2.0857445010134597,0.07615713775157928,9.662967681884766,1.5909409523010254,9.095846176147461,0.9413098000108773,0.4283298850059509
gpu_seed1102_ckpt150_optimizer_reset,1102,150,optimizer_reset,40,24.32303810119629,0.14322751844036624,2.975335677464803,329.8718979642865,0.0005,2.8757471243540444,5.851082801818848,4.059875957667828,44.93715751171112,44.99551910161972,0.0948176309466362,0.5618606209754944,0.5672250390052795,0.027531970292329788,5.991079125275179,0.40269215418922116,1.6464089272654385,0.17218473553657532,3.670637369155884,6.366130352020264,169.77386474609375,171.05947875976562,3.303156852722168,6.6763410568237305,190,40,0.9999999979766231,0.17311947585123733,0.9852191170585654,0.039229789264188186,190,190,0,0.01,2.1170544624328613,6.696920394897461,6.907365798950195,3.2627246589628003,0.057094987481832504,9.654841423034668,1.6057907342910767,9.07053279876709,0.9394802463689911,0.43602538108825684
gpu_seed1102_ckpt150_optimizer_reset,1102,150,optimizer_reset,41,24.470003128051758,0.1440929299077353,2.799121697743734,262.1776757567595,0.0005,2.832695166269938,5.631816864013672,4.161058031022549,45.48173767328262,45.546649754047394,0.10118207335472107,0.5445801615715027,0.5511306524276733,0.027770068496465683,5.880716621977165,0.4043087847359912,1.6610811249102042,0.15824036300182343,4.14522123336792,6.379184722900391,169.7726287841797,171.0719451904297,2.98506236076355,6.258652210235596,191,41,0.9999999981789608,0.17394635637538602,0.9866972053527089,0.040190559474924004,191,191,0,0.01,2.403085708618164,6.665366172790527,6.9774298667907715,2.9035293421973156,0.04736701771616936,9.649242401123047,1.6203618049621582,9.053118705749512,0.938220673645312,0.4404946565628052
gpu_seed1102_ckpt150_optimizer_reset,1102,150,optimizer_reset,42,24.610244750976562,0.144918750249339,2.5724805196126304,218.88531991830166,0.0005,2.8954850832621255,5.467965602874756,4.259287349879742,46.00688970088959,46.07878655195236,0.098229318857193,0.5251520276069641,0.5321367979049683,0.021945027634501457,5.778019356140796,0.4057012830396513,1.676171614841308,0.15380966663360596,3.8988826274871826,6.230706691741943,169.7714385986328,171.0840301513672,2.766054630279541,5.342511177062988,192,42,0.9999999983610647,0.17477241001901067,0.988027484817438,0.0411503689154491,192,192,0,0.01,2.5172030925750732,6.288975238800049,6.702352523803711,2.662618897764268,0.030510084703564644,9.64127254486084,1.638418436050415,9.022090911865234,0.9357780178793319,0.45074835419654846
gpu_seed1102_ckpt150_optimizer_reset,1102,150,optimizer_reset,43,24.741464614868164,0.1456914454775043,3.291730403900147,442.9455386567119,0.0005,2.8396150271097818,6.131345431009929,4.356033205986023,46.49840575456619,46.57645374536514,0.09674585610628128,0.4915160536766052,0.49766719341278076,0.03443761169910431,5.679815429520366,0.40680696290919893,1.6918400294191624,0.14584681391716003,3.760455846786499,6.025620460510254,169.7701416015625,171.09478759765625,3.1719460487365723,7.252135753631592,193,43,0.9999999985249582,0.17559763760899172,0.9892247363356942,0.04210921854653371,193,193,0,0.01,2.218411922454834,5.215037822723389,5.472160339355469,2.466701645426454,0.09393265843391418,9.634511947631836,1.6476569175720215,9.003127098083496,0.9344663379960343,0.4561539888381958
gpu_seed1102_ckpt150_optimizer_reset,1102,150,optimizer_reset,44,24.865787506103516,0.14642352751112553,3.4483927885691323,487.9890610265959,0.0005,2.7742133935292563,6.222606182098389,4.460133291780949,46.97134590148926,47.05743822455406,0.10410008579492569,0.4729401469230652,0.48098447918891907,0.03212415426969528,5.575122060123215,0.40768895204773103,1.7034416952589317,0.14073990285396576,3.6537654399871826,5.778362274169922,169.76885986328125,171.10467529296875,3.1280925273895264,6.505406856536865,194,44,0.9999999986724624,0.17642203997138273,0.9903022627021247,0.043067109327987074,194,194,0,0.01,2.5528080463409424,4.604330062866211,5.1011481285095215,1.9982497845144425,0.07210206985473633,9.627198219299316,1.652406096458435,8.988385200500488,0.9336449708162075,0.45958882570266724
gpu_seed1102_ckpt150_optimizer_reset,1102,150,optimizer_reset,45,24.98253631591797,0.14711100915881362,3.2029135227203365,402.31368226219655,0.0005,2.835811217625936,6.0387247403462725,4.564423128962517,47.461291164159775,47.55589607357979,0.10428983718156815,0.48994526267051697,0.4984578490257263,0.024096468463540077,5.473317352502105,0.4085177213118111,1.7121345355473951,0.1432018280029297,3.5211100578308105,5.4702677726745605,169.7676544189453,171.11376953125,3.009002447128296,6.6289262771606445,195,45,0.9999999988052162,0.17724561793141136,0.9912720364319123,0.04402404221865919,195,195,0,0.01,2.537675380706787,5.427163124084473,5.980312347412109,2.356610460453823,0.0047108205035328865,9.620369911193848,1.6644854545593262,8.965770721435547,0.9319569625906412,0.4664030373096466
gpu_seed1102_ckpt150_optimizer_reset,1102,150,optimizer_reset,46,25.093429565429688,0.1477640100246294,2.900072813034058,276.8136271812636,0.0005,2.779862324396769,5.679935137430827,4.672905474901199,47.98511043190956,48.08868649601936,0.10848234593868256,0.5238192677497864,0.5327904224395752,0.02014421485364437,5.369984413381458,0.4096067088918032,1.7216089269520867,0.1410910189151764,3.853710651397705,5.267881393432617,169.76646423339844,171.1224365234375,3.202158212661743,6.426103591918945,196,46,0.9999999989246945,0.17806837231347994,0.992144832788721,0.044980018176440484,196,196,0,0.01,2.5634987354278564,6.22829008102417,6.670018196105957,2.601919830863543,0.027369670569896698,9.61831283569336,1.6740436553955078,8.95734977722168,0.9312807693237227,0.4682878255844116
gpu_seed1102_ckpt150_optimizer_reset,1102,150,optimizer_reset,47,25.200387954711914,0.14839384025428803,2.860669294993083,282.9198251720633,0.0005,2.8434276580810547,5.704096953074138,4.776245787739754,48.47723662853241,48.59051403403282,0.10334031283855438,0.4921261966228485,0.5018275380134583,0.010190828703343868,5.2761916104472775,0.41062519059865543,1.7325966166283466,0.1525394767522812,3.993994951248169,5.2359514236450195,169.76544189453125,171.13063049316406,2.756413698196411,5.776437282562256,197,47,0.9999999990322251,0.17889030394116645,0.9929303495098489,0.04593503815826405,197,197,0,0.01,2.4750499725341797,5.3662519454956055,6.097692489624023,2.463664393563008,-0.08505380898714066,9.60925579071045,1.6884709596633911,8.935449600219727,0.9298794615142787,0.47292855381965637
gpu_seed1102_ckpt150_optimizer_reset,1102,150,optimizer_reset,48,25.30396842956543,0.14900377945310114,2.7199068864186606,256.8893203235143,0.0005,2.8968897660573325,5.616796652475993,4.867542393505573,48.9689182639122,49.0883868932724,0.09129660576581955,0.49168163537979126,0.49787285923957825,0.024600055068731308,5.198510127682005,0.4114719039289436,1.7454347316269063,0.15251782536506653,4.214686870574951,5.1243062019348145,169.76438903808594,171.13841247558594,2.8987433910369873,6.531923770904541,198,48,0.9999999991290026,0.1797114136372252,0.9936373145588641,0.046889103120105746,198,198,0,0.01,1.7967568635940552,5.442618370056152,5.75409460067749,3.202489283477323,-0.013251444324851036,9.600756645202637,1.6896696090698242,8.924272537231445,0.9295384590015464,0.4742561876773834
gpu_seed1102_ckpt150_optimizer_reset,1102,150,optimizer_reset,49,25.403697967529297,0.1495910422028588,2.056737979253133,111.22031893803334,0.0005,2.7915923595428467,4.8483303387959795,4.9619384706020355,49.44839760661125,49.574125826358795,0.09439607709646225,0.4794793426990509,0.48573893308639526,0.0316915363073349,5.119712410388258,0.41223521986084,1.7594003850069189,0.1483038365840912,3.719228982925415,4.848119735717773,169.7633514404297,171.1458282470703,3.026798963546753,6.1522650718688965,199,49,0.9999999992161023,0.18053170222358805,0.9942735831029776,0.04784221401698563,199,199,0,0.01,1.8078551292419434,5.241873741149902,5.391193389892578,2.982093699150657,0.08867224305868149,9.598959922790527,1.7032966613769531,8.908087730407715,0.928026348902299,0.4797351062297821
gpu_seed1102_ckpt150_optimizer_reset,1102,150,optimizer_reset,50,25.49984359741211,0.1501572009170666,2.389182726542155,147.99880582930723,0.00025,2.704207102457682,5.093389828999837,5.061846688389778,49.92661011219025,50.060036301612854,0.09990821778774261,0.47821250557899475,0.48591047525405884,0.026789726689457893,5.037656248241452,0.41303613085297564,1.7728386719766467,0.14328216016292572,3.7106971740722656,4.528028964996338,169.76229858398438,171.15298461914062,2.8031532764434814,5.055822849273682,200,50,0.9999999992944921,0.1813511705213644,0.9948462247926799,0.04879437180296864,200,200,1,0.01,2.395968198776245,5.302135467529297,5.733094692230225,2.3928091763304886,0.03876533731818199,9.592436790466309,1.7078956365585327,8.89583969116211,0.9273805900918255,0.4820820689201355
gpu_seed1102_ckpt150_optimizer_reset,1102,150,optimizer_reset,51,25.545469284057617,0.15042587022754442,2.3993790149688716,150.47774993063175,0.00025,2.7095981438954673,5.108977158864339,5.109531372785568,50.16533583402634,50.30245627462864,0.0476846843957901,0.2387257218360901,0.24241997301578522,0.02180136926472187,4.99957186291352,0.4135158673619816,1.7802931946984448,0.06844652444124222,3.036813497543335,4.392016410827637,169.76177978515625,171.1563262939453,2.7771902084350586,4.486721992492676,201,51,0.9999999993650429,0.1821698193508431,0.9953616023134119,0.0497455774311657,201,201,0,0.01,2.1440436840057373,4.9702253341674805,5.499021053314209,2.564789651597849,-0.0440656803548336,9.583468437194824,1.7111358642578125,8.884161949157715,0.9270299169219437,0.4830443561077118
gpu_seed1102_ckpt150_optimizer_reset,1102,150,optimizer_reset,52,25.588109970092773,0.1506769622013349,2.2715928554534917,132.98942316021603,0.00025,2.727540890375773,4.999133745829265,5.15641612559557,50.395188733935356,50.535705119371414,0.04688475281000137,0.22985289990901947,0.23324884474277496,0.02902163378894329,4.962382660133421,0.4139318584732108,1.787043483753121,0.06483346223831177,2.8438165187835693,4.2496538162231445,169.76123046875,171.1591339111328,2.89650559425354,5.416721343994141,202,52,0.9999999994285386,0.18298764953149227,0.9958254420820707,0.05069583185373461,202,202,0,0.01,1.9991343021392822,4.3340935707092285,4.799402236938477,2.4007402763287162,-0.014620604924857616,9.57438850402832,1.7136366367340088,8.871572494506836,0.9265941622040187,0.48456916213035583
gpu_seed1102_ckpt150_optimizer_reset,1102,150,optimizer_reset,53,25.627592086791992,0.15090945476965942,1.7660342852274575,73.93664560431051,0.00025,2.7247212727864585,4.490755558013916,5.202473163604736,50.63292594254017,50.77645543217659,0.04605703800916672,0.23773720860481262,0.24075031280517578,0.03102993220090866,4.926040227573224,0.41424837324461145,1.793560166744949,0.06482978910207748,2.3478565216064453,4.07661771774292,169.7606658935547,171.16148376464844,3.0357799530029297,5.253506183624268,203,53,0.9999999994856847,0.18380466188196076,0.9962428978738637,0.05164513602188081,203,203,0,0.01,1.7867220640182495,4.646912574768066,4.930469512939453,2.7595055841244336,0.028703998774290085,9.567872047424316,1.7240159511566162,8.8558931350708,0.9255864931276848,0.48770514130592346
gpu_seed1102_ckpt150_optimizer_reset,1102,150,optimizer_reset,54,25.664793014526367,0.15112851443403627,1.6593915621439614,64.07649553723823,0.00025,2.711721579233805,4.371113141377767,5.2497191317379475,50.88121062517166,51.02778735756874,0.047245968133211136,0.24828468263149261,0.2513319253921509,0.030251814052462578,4.888793546946389,0.4144654088726798,1.7990580837184174,0.06445018202066422,2.1246626377105713,3.9342172145843506,169.76011657714844,171.16354370117188,2.75907301902771,5.111852169036865,204,54,0.9999999995371163,0.18462085722007882,0.9966186080864773,0.05259349088585896,204,204,0,0.01,2.103602409362793,5.367062568664551,5.793689727783203,2.7541752671482387,-0.014894960448145866,9.560373306274414,1.730597734451294,8.842287063598633,0.9248893092693953,0.4898615777492523
gpu_seed1102_ckpt150_optimizer_reset,1102,150,optimizer_reset,55,25.699363708496094,0.1513320858253832,1.3981578350067134,45.77194772331026,0.00025,2.7092722256978354,4.107430060704549,5.298489283770323,51.12333105504513,51.2731900960207,0.048770152032375336,0.2421204298734665,0.2454027384519577,0.03295685723423958,4.850319087595469,0.4146887836990597,1.8032309462488205,0.06348723918199539,2.2533535957336426,3.8461949825286865,169.75955200195312,171.16519165039062,3.147017002105713,4.735513210296631,205,55,0.9999999995834047,0.18543623636285866,0.9969567472778296,0.05354089739497314,205,205,0,0.01,2.2599799633026123,4.822402477264404,5.258235454559326,2.3266734838095195,0.03275809809565544,9.55148983001709,1.7331429719924927,8.82983684539795,0.9244460291050979,0.49138081073760986
gpu_seed1102_ckpt150_optimizer_reset,1102,150,optimizer_reset,56,25.731822967529297,0.15152322391851109,1.1773897806803388,33.845725298858255,0.00025,2.7127105394999185,3.8901003201802573,5.347145721316338,51.370725840330124,51.5234062820673,0.048656437546014786,0.24739478528499603,0.25021618604660034,0.04002080112695694,4.812253921740875,0.4149289152261811,1.8068117038105427,0.06194249168038368,2.3155057430267334,3.840667247772217,169.7589569091797,171.16656494140625,2.8617522716522217,4.606759548187256,206,56,0.9999999996250641,0.18625080012649586,0.9972610725500466,0.05448735649757808,206,206,0,0.01,2.2859385013580322,4.978705406188965,5.271265983581543,2.3059526669014407,0.09782860428094864,9.542350769042969,1.7371978759765625,8.815995216369629,0.9238808580553666,0.4932319223880768
gpu_seed1102_ckpt150_optimizer_reset,1102,150,optimizer_reset,57,25.762924194335938,0.15170636516581057,0.9784992535909018,25.258984666217636,0.00025,2.7220869064331055,3.7005861600240073,5.393272388726473,51.61416693031788,51.76901561021805,0.04612666741013527,0.24344108998775482,0.2456093281507492,0.04752366244792938,4.776863161627671,0.4153013316377009,1.811481117280784,0.06642267107963562,1.7811986207962036,3.816771984100342,169.75840759277344,171.16770935058594,2.6890079975128174,4.162367820739746,207,57,0.9999999996625577,0.1870645493263694,0.9975349652950419,0.05543286914108059,207,207,0,0.01,2.107447624206543,4.649834632873535,4.758637428283691,2.2580098189026487,0.17438353598117828,9.533618927001953,1.7397598028182983,8.804261207580566,0.9234962373672647,0.4944360852241516
gpu_seed1102_ckpt150_optimizer_reset,1102,150,optimizer_reset,58,25.79253387451172,0.1518807233605289,0.9975856939951577,25.918724168750217,0.00025,2.7174628575642905,3.7150485515594482,5.4375869408249855,51.85638575255871,52.01349596679211,0.04431455209851265,0.24221882224082947,0.24448035657405853,0.040204357355833054,4.743378663218901,0.4157772319266143,1.8174901839981386,0.06560054421424866,1.2121118307113647,3.8475587368011475,169.7578125,171.16876220703125,2.73783802986145,4.246497631072998,208,58,0.9999999996963019,0.18787748477704302,0.9977814687655377,0.056377436271939474,208,208,0,0.01,1.9188868999481201,4.439327716827393,4.648387432098389,2.4224395050180614,0.10460994392633438,9.525357246398926,1.743279218673706,8.792049407958984,0.9230151878326566,0.4959636926651001
gpu_seed1102_ckpt150_optimizer_reset,1102,150,optimizer_reset,59,25.820615768432617,0.15204608510369036,0.9343820412953696,23.115400843876024,0.00025,2.705061117808024,3.6394431591033936,5.480702791363001,52.08886915445328,52.2482101470232,0.043115850538015366,0.2324834018945694,0.23471418023109436,0.04074133560061455,4.711187004907186,0.4161800389488698,1.8219782955139168,0.06649560481309891,1.237515926361084,3.8632307052612305,169.75723266601562,171.16966247558594,2.8050453662872314,4.2125935554504395,209,59,0.9999999997266718,0.18868960729226592,0.998003321888984,0.057321058835667515,209,209,0,0.01,1.956674575805664,4.209442615509033,4.4983229637146,2.2989632611033994,0.07971035689115524,9.51705551147461,1.7450733184814453,8.781027793884277,0.9226622439362853,0.4971463680267334
gpu_seed1102_ckpt150_optimizer_reset,1102,150,optimizer_reset,60,25.84671401977539,0.15219976606081037,0.7947915395100913,17.997238235456358,0.00025,2.696314573287964,3.491106112798055,5.524850655347109,52.32150253653526,52.48359291255474,0.04414786398410797,0.23263338208198547,0.23538276553153992,0.03224244713783264,4.678264740922096,0.4164799930553108,1.8257798908165366,0.06551433354616165,1.3919306993484497,3.861726760864258,169.75668334960938,171.1703338623047,2.5283350944519043,3.6634132862091064,210,60,0.9999999997540046,0.18950091768497368,0.9982029897000856,0.0582637377768318,210,210,0,0.01,2.027437210083008,4.1265668869018555,4.506011486053467,2.222515924854096,0.04989735037088394,9.508286476135254,1.7456817626953125,8.77072811126709,0.9224299386939722,0.49791568517684937
gpu_seed1102_ckpt150_optimizer_reset,1102,150,optimizer_reset,61,25.871490478515625,0.15234566357107776,0.7894929250081377,17.805982131037865,0.00025,2.69531520207723,3.4848081270853677,5.567923426628113,52.54966804385185,52.714042499661446,0.04307277128100395,0.22816550731658936,0.2304495871067047,0.041095711290836334,4.64652411611532,0.4166779857277357,1.8285619568181772,0.06292323768138885,1.6090986728668213,3.8802645206451416,169.7561492919922,171.17086791992188,2.6014206409454346,3.8193700313568115,211,61,0.9999999997786041,0.1903114167672887,0.998382690730077,0.05920547403905507,211,211,0,0.01,1.9753220081329346,4.143214702606201,4.3259806632995605,2.1900128918151767,0.14381477236747742,9.499224662780762,1.7475967407226562,8.759256362915039,0.9221022424318545,0.4989149868488312
gpu_seed1102_ckpt150_optimizer_reset,1102,150,optimizer_reset,62,25.894664764404297,0.1524821266003117,1.0160566965738935,25.729699775505708,0.00025,2.681037108103434,3.6970938046773276,5.611315164715052,52.76900951564312,52.93610034883022,0.04339173808693886,0.2193414717912674,0.22205784916877747,0.035924769937992096,4.614722931128506,0.4167715439870069,1.8304683914352908,0.061520498245954514,1.9287993907928467,3.9612348079681396,169.755615234375,171.17135620117188,2.908194065093994,3.9085991382598877,212,62,0.9999999998007437,0.1911211053505214,0.9985444216570694,0.060146268565015926,212,212,0,0.01,1.9561859369277954,4.074911594390869,4.248552322387695,2.1718550584500704,0.14937181770801544,9.4904146194458,1.752318024635315,8.746267318725586,0.921589590069502,0.500335693359375
gpu_seed1102_ckpt150_optimizer_reset,1102,150,optimizer_reset,63,25.916074752807617,0.15260820046888382,0.9522136847178144,23.17352223701245,0.00025,2.6783711115519204,3.630584796269735,5.652935266494751,52.972769901156425,53.14255100488663,0.041620101779699326,0.20376038551330566,0.2064506560564041,0.03706437349319458,4.58453414572231,0.4168800675636589,1.8323941275877715,0.06156792864203453,2.0695440769195557,4.055324554443359,169.75506591796875,171.1717071533203,2.480898380279541,3.5110788345336914,213,63,0.9999999998206693,0.19192998424517094,0.9986899794913624,0.06108612229645094,213,213,0,0.01,1.826407551765442,3.3270263671875,3.601980209350586,1.9721667301839985,0.11771611869335175,9.48177719116211,1.753888487815857,8.735618591308594,0.9213060394891027,0.5011792778968811
gpu_seed1102_ckpt150_optimizer_reset,1102,150,optimizer_reset,64,25.93654441833496,0.1527287371956113,1.259637276331584,36.49780871407239,0.00025,2.671350638071696,3.9309879144032798,5.695912264287472,53.19465219974518,53.367194443941116,0.042976997792720795,0.22188229858875275,0.22464343905448914,0.0321994312107563,4.553536503879933,0.41711731655961226,1.836940001311415,0.06108103692531586,1.5015285015106201,4.138996601104736,169.75448608398438,171.1720733642578,2.9400789737701416,4.153950214385986,214,64,0.9999999998386024,0.19273805426092572,0.9988209815422261,0.06202503617415456,214,214,0,0.01,1.769649863243103,3.8477063179016113,4.210068702697754,2.379040504080226,0.015554755926132202,9.473848342895508,1.7581812143325806,8.72615909576416,0.9210786134556433,0.5012730956077576
gpu_seed1102_ckpt150_optimizer_reset,1102,150,optimizer_reset,65,25.955524444580078,0.15284050210128267,1.3425143559773765,40.97701396981907,0.00025,2.6732088724772134,4.01572322845459,5.739637967199087,53.4029471129179,53.57838797569275,0.04372570291161537,0.20829491317272186,0.2111935317516327,0.03820865601301193,4.522153591028967,0.4173279913253038,1.8419432474741453,0.06239229813218117,1.3859130144119263,4.190821170806885,169.75393676757812,171.1723175048828,2.7251334190368652,3.3857672214508057,215,65,0.9999999998547422,0.19354531620666482,0.9989388833880035,0.06296301113798031,215,215,0,0.01,1.7848671674728394,3.4016294479370117,3.8024725914001465,2.1303952813373037,0.024543914943933487,9.464639663696289,1.7585370540618896,8.715743064880371,0.920874261944763,0.5019155144691467
gpu_seed1102_ckpt150_optimizer_reset,1102,150,optimizer_reset,66,25.974294662475586,0.15295103153919964,0.8190042972564697,18.14237891166966,0.00025,2.6606202920277915,3.479624589284261,5.783640716224909,53.61791808903217,53.796166852116585,0.044002749025821686,0.21497097611427307,0.21777887642383575,0.0381169393658638,4.4909938111482495,0.4175355019086777,1.8459523677881435,0.06328623741865158,1.2137718200683594,4.172732830047607,169.7533721923828,171.1724395751953,2.7864794731140137,4.55808162689209,216,66,0.9999999998692679,0.1943517708904582,0.9990449950492032,0.06390004812684236,216,216,0,0.01,1.809046983718872,4.020196914672852,4.263852596282959,2.3569606730254,0.08622568100690842,9.45657730102539,1.7625869512557983,8.703493118286133,0.9203639796125264,0.5034423470497131
gpu_seed1102_ckpt150_optimizer_reset,1102,150,optimizer_reset,67,25.99306297302246,0.15306154974559158,0.6330584685007734,12.543175776130607,0.00025,2.6531969706217446,3.286255439122518,5.833380091935396,53.83577939867973,54.01775999367237,0.049739375710487366,0.21786130964756012,0.22159314155578613,0.03848370537161827,4.45591793494705,0.41779129804666265,1.8489964030865695,0.06310179084539413,1.6424123048782349,4.202529430389404,169.75283813476562,171.1725311279297,2.9772825241088867,3.9310829639434814,217,67,0.9999999998823411,0.19515741911956763,0.9991404955442829,0.06483614807871552,217,217,0,0.01,2.353663444519043,4.311227321624756,4.540503025054932,1.929121614913311,0.1729663461446762,9.44869613647461,1.7639968395233154,8.69372272491455,0.9200976091667749,0.5042373538017273
gpu_seed1102_ckpt150_optimizer_reset,1102,150,optimizer_reset,68,26.011444091796875,0.15316978795240044,1.1295003096262617,30.522435979161543,0.00025,2.6793333689371743,3.808833678563436,5.886717859655619,54.03918321430683,54.22587823867798,0.05333776772022247,0.20340381562709808,0.2081182450056076,0.041700329631567,4.418666685227235,0.41804803288011644,1.8517609348624768,0.060611601918935776,2.5946204662323,4.261720180511475,169.75228881835938,171.1725311279297,2.948390245437622,4.052926063537598,218,68,0.999999999894107,0.19596226170044806,0.9992264459898546,0.06577131193063679,218,218,0,0.01,2.551527500152588,3.7044498920440674,4.127795696258545,1.617774331654303,0.16898751258850098,9.440103530883789,1.7653682231903076,8.68325138092041,0.9198258634041229,0.5050390362739563
gpu_seed1102_ckpt150_optimizer_reset,1102,150,optimizer_reset,69,26.029773712158203,0.1532777229080332,0.8228091398874922,19.12660835157739,0.00025,2.706655422846476,3.5294645627339682,5.935074515640736,54.236185282468796,54.42698532342911,0.04835665598511696,0.19700206816196442,0.20110708475112915,0.03695635870099068,4.385753480189239,0.4183676088746275,1.8542006024072013,0.06168079376220703,1.7994747161865234,4.20786714553833,169.75173950195312,171.17254638671875,2.50661301612854,3.8214938640594482,219,69,0.9999999999046963,0.19676629943874768,0.9993038013908692,0.06670554061870615,219,219,0,0.01,2.161651849746704,3.576253890991211,3.9535467624664307,1.8289470447925582,0.1184769794344902,9.432875633239746,1.7765253782272339,8.666788101196289,0.9187853670682541,0.5078840851783752
gpu_seed1102_ckpt150_optimizer_reset,1102,150,optimizer_reset,70,26.047677993774414,0.15338315323358212,0.6588232517242432,14.197778161024052,0.00025,2.72295347849528,3.381776730219523,5.981923077255487,54.4438149780035,54.63756513595581,0.046848561614751816,0.20762969553470612,0.21057981252670288,0.0493987612426281,4.354398687072512,0.41866855926649493,1.8559473214554592,0.06158088520169258,1.6784160137176514,4.156795501708984,169.75112915039062,171.17254638671875,2.940880060195923,4.160849094390869,220,70,0.9999999999142267,0.19756953313930892,0.9993734212517822,0.06763883507808743,220,220,0,0.01,2.0085256099700928,3.763655424118042,3.863860607147217,1.9237298185124094,0.2162775993347168,9.425529479980469,1.7761967182159424,8.658617973327637,0.9186346498323891,0.5084288716316223
gpu_seed1102_ckpt150_optimizer_reset,1102,150,optimizer_reset,71,26.063817977905273,0.15347819439846916,0.7627770900726318,17.406236223236952,0.00025,2.7221030394236245,3.4848801294962564,6.026317480951548,54.65710459649563,54.852619141340256,0.04439440369606018,0.21328961849212646,0.2150540053844452,0.06416267901659012,4.324999149196087,0.41884835127566944,1.8567439897769056,0.06057455390691757,1.8835734128952026,4.200353622436523,169.75050354003906,171.17233276367188,3.072575092315674,4.274864673614502,221,71,0.9999999999228041,0.1983719636061696,0.9994360791266039,0.06857119624300934,221,221,0,0.01,1.9126055240631104,4.061129570007324,4.025390625,2.1046632849027938,0.25408077239990234,9.417262077331543,1.777514100074768,8.646915435791016,0.918198449271603,0.5100340843200684
gpu_seed1102_ckpt150_optimizer_reset,1102,150,optimizer_reset,72,26.07834815979004,0.15356375615622261,0.7827610174814859,17.827793068476016,0.00025,2.708905299504598,3.491666316986084,6.070806097239256,54.8587399572134,55.05668395757675,0.04448861628770828,0.20163536071777344,0.20406481623649597,0.05538199096918106,4.295697761067523,0.418954484951034,1.8582827773550967,0.05785182863473892,1.7100508213043213,4.297451972961426,169.7498779296875,171.17205810546875,2.919438362121582,3.675596237182617,222,72,0.9999999999305237,0.19917359164256343,0.9994924712139436,0.06950262504676641,222,222,0,0.01,1.8519221544265747,3.8415043354034424,4.051107883453369,2.187515211569764,0.12477173656225204,9.408720016479492,1.7796329259872437,8.635663032531738,0.9178361155827092,0.511119544506073
gpu_seed1102_ckpt150_optimizer_reset,1102,150,optimizer_reset,73,26.09183120727539,0.15364315180672916,0.7930659453074136,17.871182462735504,0.00025,2.6924350261688232,3.485500971476237,6.114839944988489,55.06006044149399,55.26063831150532,0.044033847749233246,0.20132048428058624,0.20395435392856598,0.049156591296195984,4.266968791007373,0.4189932643511421,1.860009157747134,0.05704949051141739,1.4895973205566406,4.343067646026611,169.74925231933594,171.171630859375,2.8142032623291016,4.018981456756592,223,73,0.9999999999374712,0.19997441805092087,0.9995432240925493,0.07043312242171962,223,223,0,0.01,1.9526811838150024,4.20658016204834,4.459061622619629,2.2835584526428243,0.09891819953918457,9.399884223937988,1.7813979387283325,8.624558448791504,0.9175175186548642,0.5120415091514587
gpu_seed1102_ckpt150_optimizer_reset,1102,150,optimizer_reset,74,26.104337692260742,0.15371679691641535,0.8138407071431479,18.114265709989567,0.00025,2.6683234373728433,3.482164144515991,6.161456383764744,55.25344206392765,55.45778985321522,0.046616438776254654,0.19338162243366241,0.1971515417098999,0.03887000307440758,4.236715488409634,0.41903062187754636,1.8623709480168786,0.05473373830318451,1.3497648239135742,4.356800079345703,169.74862670898438,171.171142578125,2.825366973876953,3.5579264163970947,224,74,0.9999999999437241,0.20077444363287,0.9995889016832943,0.0713626892992979,224,224,0,0.01,1.9472283124923706,3.7867038249969482,4.2020039558410645,2.1579410739260037,0.03214077278971672,9.391690254211426,1.781606674194336,8.615264892578125,0.917328474362104,0.5126370787620544
gpu_seed1102_ckpt150_optimizer_reset,1102,150,optimizer_reset,75,26.11564064025879,0.15378335493380138,0.8425848484039307,18.831513230084603,0.00025,2.65611203511556,3.4986968835194907,6.209039814770222,55.44009627401829,55.64830639958382,0.047583431005477905,0.1866542100906372,0.19051654636859894,0.045454736799001694,4.206067511135946,0.41902279975945067,1.8639479495115123,0.05280274525284767,1.340970516204834,4.370084285736084,169.74798583984375,171.17063903808594,2.6274819374084473,3.2239558696746826,225,75,0.9999999999493517,0.20157366918923714,0.9996300115149649,0.0722913266099986,225,225,1,0.01,1.9906266927719116,3.4607510566711426,3.802494525909424,1.9101997073155934,0.10744743794202805,9.383515357971191,1.7812952995300293,8.606550216674805,0.9171989268779445,0.5130383968353271
gpu_seed1102_ckpt150_optimizer_reset,1102,150,optimizer_reset,76,26.126941680908203,0.1538499017196624,0.8879308700561523,20.34441969760949,0.00025,2.655064900716146,3.5429957707722983,6.252834107726812,55.61332979798317,55.825085774064064,0.04379429295659065,0.1732335239648819,0.1767793744802475,0.04460794851183891,4.178415936002234,0.4190471581831432,1.864991195861211,0.05059114843606949,1.3698514699935913,4.368353843688965,169.74740600585938,171.17013549804688,2.765944480895996,3.7628297805786133,226,76,0.9999999999544166,0.20237209552004787,0.9996670103634684,0.07321903528338858,226,226,0,0.01,1.7536118030548096,2.8720030784606934,3.2149643898010254,1.8333387036963888,0.09804235398769379,9.374691009521484,1.7810965776443481,8.597099304199219,0.9170541509545845,0.5134692192077637
gpu_seed1102_ckpt150_optimizer_reset,1102,150,optimizer_reset,77,26.138269424438477,0.15391660574687394,0.8161125977834067,18.02976344815306,0.00025,2.659571329752604,3.4756839275360107,6.298121642321348,55.78532646596432,56.00123442709446,0.04528753459453583,0.17199666798114777,0.1761486530303955,0.038865357637405396,4.1501690359223256,0.4190627581990719,1.8659519143317254,0.05017051473259926,1.2058355808258057,4.383723735809326,169.746826171875,171.16966247558594,2.4733152389526367,2.979977607727051,227,77,0.9999999999589749,0.20316972342452777,0.9997003093271215,0.07414581624810523,227,227,0,0.01,1.895180106163025,2.7016472816467285,3.2126433849334717,1.69516521120311,0.05561697483062744,9.367008209228516,1.7831424474716187,8.588384628295898,0.916875958305831,0.5136915445327759
gpu_seed1102_ckpt150_optimizer_reset,1102,150,optimizer_reset,78,26.149843215942383,0.15398475864081565,0.8337620099385581,18.727075507024463,0.00025,2.666097640991211,3.499859650929769,6.3412837609648705,55.954770013689995,56.174515932798386,0.04316211864352226,0.1694435477256775,0.1732815057039261,0.037437472492456436,4.123745948243038,0.4190843707471531,1.8670175208818598,0.0484837107360363,1.0996153354644775,4.406507968902588,169.74627685546875,171.16920471191406,2.7178843021392822,3.5142815113067627,228,78,0.9999999999630774,0.20396655370110328,0.9997302783944094,0.07507167043185714,228,228,0,0.01,1.765745997428894,3.0581164360046387,3.5411794185638428,2.0054863064779163,-0.006483130156993866,9.358952522277832,1.7879365682601929,8.576156616210938,0.9163585984430991,0.5150308012962341
gpu_seed1102_ckpt150_optimizer_reset,1102,150,optimizer_reset,79,26.160634994506836,0.154048306609491,0.8590739568074546,20.270326191904005,0.00025,2.700957934061686,3.5600318908691406,6.386236868798733,56.11843749880791,56.34189261496067,0.044953107833862305,0.1636674851179123,0.16737668216228485,0.05388303101062775,4.0964085003354445,0.4191122293984198,1.8674568540421426,0.04717477038502693,1.0308337211608887,4.394396781921387,169.74569702148438,171.16860961914062,3.0139784812927246,3.732273817062378,229,79,0.9999999999667697,0.20476258714740214,0.9997572505549684,0.07599659876142528,229,229,0,0.01,1.9512110948562622,3.0609192848205566,3.474360227584839,1.7806172980166455,0.09253036975860596,9.350102424621582,1.7875664234161377,8.566802978515625,0.9162255758777343,0.5154291987419128
gpu_seed1102_ckpt150_optimizer_reset,1102,150,optimizer_reset,80,26.170669555664062,0.15410739566272558,0.7437206109364825,17.131628294539887,0.00025,2.7422145207722983,3.4859351317087808,6.430503062903881,56.28559073805809,56.51203382015228,0.044266194105148315,0.1671532392501831,0.17014120519161224,0.06430873274803162,4.06977017189101,0.4191348386717779,1.8670716756473977,0.05043496564030647,0.9831157326698303,4.335635185241699,169.7451171875,171.16793823242188,2.58611798286438,3.666245698928833,230,80,0.9999999999700927,0.20555782456025473,0.9997815254994716,0.07692060216266383,230,230,0,0.01,1.8989217281341553,2.9952051639556885,3.2455966472625732,1.7091787403211853,0.17962229251861572,9.340988159179688,1.7885644435882568,8.556205749511719,0.9159850760652497,0.5160828232765198
gpu_seed1102_ckpt150_optimizer_reset,1102,150,optimizer_reset,81,26.17965316772461,0.15416029614566318,0.4741995334625244,9.522651357748913,0.00025,2.7533487478892007,3.227548281351725,6.4723787643015385,56.44829650223255,56.67761914432049,0.041875701397657394,0.16270576417446136,0.16558532416820526,0.05931255221366882,4.044827121693599,0.4190469949757585,1.8662147805869482,0.04886564239859581,0.8932992219924927,4.232726097106934,169.7445526123047,171.16717529296875,2.8859059810638428,3.5210061073303223,231,81,0.9999999999730834,0.2063522667356945,0.9998033729495245,0.07784368156050114,231,231,0,0.01,1.6920744180679321,2.752399444580078,3.0745937824249268,1.81705588689993,0.10582292079925537,9.332507133483887,1.7887409925460815,8.546849250793457,0.9158149175292348,0.5165697336196899
gpu_seed1102_ckpt150_optimizer_reset,1102,150,optimizer_reset,82,26.188215255737305,0.15421071446156698,0.2837400436401367,5.102865142124134,0.00025,2.744276682535807,3.028016726175944,6.512404724955559,56.61073188483715,56.84263540804386,0.04002596065402031,0.162435382604599,0.1650162637233734,0.05821346119046211,4.0212819015040555,0.4189916288113958,1.865560746750579,0.04982918128371239,0.9558010101318359,4.167190074920654,169.74398803710938,171.1664581298828,2.6048214435577393,3.077996253967285,232,82,0.999999999975775,0.2071459144689588,0.999823035654572,0.07876583787894065,232,232,0,0.01,1.4813164472579956,2.9705052375793457,3.2165303230285645,2.1713998578631735,0.07637432217597961,9.323760986328125,1.7886358499526978,8.537443161010742,0.9156651670424292,0.5169995427131653
gpu_seed1102_ckpt150_optimizer_reset,1102,150,optimizer_reset,83,26.196643829345703,0.154260346570718,0.3781108061472578,6.9708457680467415,0.00025,2.71929923693339,3.097410043080648,6.554228994995356,56.77643275260925,57.01120266318321,0.04182427003979683,0.16570086777210236,0.1685672551393509,0.057077184319496155,3.9969070121512087,0.4190466891867703,1.865109108484904,0.051928404718637466,1.0807632207870483,4.196262359619141,169.7434539794922,171.16571044921875,2.7479259967803955,3.546217441558838,233,83,0.9999999999781976,0.2079387685544899,0.9998407320891148,0.07968707204106174,233,233,0,0.01,1.744853138923645,2.8188669681549072,3.1613974571228027,1.8118415737104243,0.10125929117202759,9.315420150756836,1.7885879278182983,8.528716087341309,0.915548193137319,0.5172749161720276
gpu_seed1102_ckpt150_optimizer_reset,1102,150,optimizer_reset,84,26.205053329467773,0.1543098663646186,0.5894004503885903,11.898580882215992,0.00025,2.695935328801473,3.2853357791900635,6.597262822091579,56.931839376688,57.16997104883194,0.04303382709622383,0.1554066240787506,0.15876838564872742,0.059491559863090515,3.9721099547093406,0.41909933481004613,1.8650096076757325,0.05001617223024368,1.190345287322998,4.218246936798096,169.74288940429688,171.16497802734375,2.5200185775756836,2.8911681175231934,234,84,0.9999999999803778,0.20873082978593538,0.9998566588802034,0.08060738496902065,234,234,0,0.01,1.8174424171447754,2.6030690670013428,2.840576648712158,1.562952763682701,0.21245205402374268,9.306447982788086,1.7892053127288818,8.518742561340332,0.9153591764650165,0.5177499055862427
gpu_seed1102_ckpt150_optimizer_reset,1102,150,optimizer_reset,85,26.212566375732422,0.1543541073417505,0.5205694039662676,9.76345228197293,0.00025,2.6599274476369223,3.18049685160319,6.642268314957619,57.07991121709347,57.3225936293602,0.045005492866039276,0.14807184040546417,0.15262258052825928,0.04930264130234718,3.946327539449259,0.41913349369208863,1.8657893916448818,0.04967261478304863,0.9688791632652283,4.18567419052124,169.74237060546875,171.1640167236328,2.9541068077087402,3.5517525672912598,235,85,0.99999999998234,0.20952209895614948,0.999870992992183,0.08152677758405169,235,235,0,0.01,1.963155746459961,2.432459831237793,2.9474985599517822,1.5014084161510493,0.1134057566523552,9.29918098449707,1.7916316986083984,8.507930755615234,0.9149118368379036,0.5191802382469177
gpu_seed1102_ckpt150_optimizer_reset,1102,150,optimizer_reset,86,26.21982192993164,0.15439683206300203,0.5419439474741616,10.316177819894834,0.00025,2.663126230239868,3.20507017771403,6.686165232211351,57.2325774282217,57.47946572303772,0.04389691725373268,0.15266621112823486,0.15687209367752075,0.046635378152132034,3.9215037348480086,0.41914336286424037,1.8663427101141148,0.050818849354982376,0.7719666361808777,4.14965295791626,169.74188232421875,171.1630859375,2.5905251502990723,2.98720383644104,236,86,0.999999999984106,0.2103125768571933,0.9998838936929647,0.08244525080646758,236,236,0,0.01,1.9579025506973267,3.054999589920044,3.445683240890503,1.7598849542647197,0.10814134776592255,9.29068660736084,1.7920833826065063,8.49809741973877,0.9146899232404383,0.5198527574539185
gpu_seed1102_ckpt150_optimizer_reset,1102,150,optimizer_reset,87,26.226844787597656,0.15443818653819869,0.5210219224294028,9.90591991152011,0.00025,2.673299233118693,3.1943211555480957,6.728864673525095,57.38705658912659,57.637665033340454,0.04269944131374359,0.15447916090488434,0.15819931030273438,0.050031647086143494,3.897662690525492,0.4192449769290804,1.8683299213537616,0.05232904851436615,0.7349057197570801,4.084858417510986,169.7414093017578,171.16209411621094,2.8772213459014893,3.874411106109619,237,87,0.9999999999856954,0.21110226428033607,0.9998955043236682,0.08336280555566111,237,237,0,0.01,1.738093614578247,2.772927761077881,3.1568806171417236,1.8162891749107153,0.07720588147640228,9.282588958740234,1.7938169240951538,8.48787784576416,0.9143869111829291,0.520686149597168
gpu_seed1102_ckpt150_optimizer_reset,1102,150,optimizer_reset,88,26.232860565185547,0.1544736107681743,0.5899127324422202,11.518315259200282,0.00025,2.662304639816284,3.2522173722585044,6.772968046367168,57.536179915070534,57.791087463498116,0.04410337284207344,0.14912332594394684,0.15342243015766144,0.04899238049983978,3.8731705783334163,0.4193040925083402,1.8703141713648996,0.04949439689517021,0.8581710457801819,4.058577060699463,169.74090576171875,171.1611328125,2.763024091720581,2.9448187351226807,238,88,0.9999999999871259,0.21189116201605573,0.9999059538913014,0.08427944275010546,238,238,0,0.01,1.652708649635315,2.707660436630249,3.0023765563964844,1.8166399486425928,0.11716341227293015,9.274018287658691,1.7935466766357422,8.478777885437012,0.9142507187762555,0.5210772156715393
gpu_seed1102_ckpt150_optimizer_reset,1102,150,optimizer_reset,89,26.238357543945312,0.1545059800233391,0.6085281372070312,11.96902744876187,0.00025,2.659388224283854,3.2679163614908853,6.818098224699497,57.692808106541634,57.95089666545391,0.045130178332328796,0.15662819147109985,0.1598092019557953,0.07286707311868668,3.8483396218742363,0.4193731585180348,1.8721768153143312,0.050734855234622955,0.8584502339363098,4.018805980682373,169.7403564453125,171.1601104736328,2.8472511768341064,3.4521355628967285,239,89,0.9999999999884133,0.2126792708540397,0.9999153585021713,0.08519516330735533,239,239,0,0.01,1.8030638694763184,2.9927914142608643,3.006565809249878,1.667476044607026,0.2935774326324463,9.265233039855957,1.7932015657424927,8.46984577178955,0.9141535604505759,0.5212891101837158
gpu_seed1102_ckpt150_optimizer_reset,1102,150,optimizer_reset,90,26.243581771850586,0.1545367431704232,0.5804618994394941,11.316237490124161,0.00025,2.6659390131632485,3.2464009126027427,6.862413983792067,57.84513384103775,58.1065731048584,0.04431575909256935,0.15232573449611664,0.1556764394044876,0.06902222335338593,3.824249285139302,0.41943214044492033,1.8738336248062595,0.05063178762793541,0.8124751448631287,3.967116355895996,169.73983764648438,171.15895080566406,2.9676215648651123,3.4868040084838867,240,90,0.999999999989572,0.2134665915831857,0.9999238226519541,0.08610996814404803,240,240,0,0.01,1.844270944595337,2.780099391937256,2.9134976863861084,1.5797557809618896,0.25762492418289185,9.2562894821167,1.7929556369781494,8.460250854492188,0.9140002450049358,0.5217408537864685
gpu_seed1102_ckpt150_optimizer_reset,1102,150,optimizer_reset,91,26.248802185058594,0.15456748385445723,0.5728815396626792,11.260495134186504,0.00025,2.6782986323038735,3.2511801719665527,6.911521531641483,58.00241516530514,58.26774749159813,0.04910754784941673,0.1572813242673874,0.16117438673973083,0.0758562758564949,3.7978326573802508,0.41947240927381824,1.8752301064383896,0.05129140987992287,0.7752446532249451,3.862635374069214,169.7393035888672,171.15782165527344,2.9573559761047363,3.8232624530792236,241,91,0.9999999999906147,0.21425312499160254,0.9999314403867587,0.08702385817590397,241,241,0,0.01,2.298105001449585,2.8315248489379883,3.1758460998535156,1.3819412506603885,0.2468687742948532,9.24817943572998,1.7917425632476807,8.452314376831055,0.9139435967445607,0.5219423174858093
gpu_seed1102_ckpt150_optimizer_reset,1102,150,optimizer_reset,92,26.254072189331055,0.15459851655814227,0.5773166815439859,11.521214963943212,0.00025,2.691047191619873,3.268363873163859,6.9598758071660995,58.15390308201313,58.42334018647671,0.04835427552461624,0.15148791670799255,0.15559269487857819,0.0735577717423439,3.7722041192596127,0.4194945099845524,1.8764402538112526,0.0495733805000782,0.7818230986595154,3.787618637084961,169.73878479003906,171.1566162109375,2.938316583633423,3.6899290084838867,242,92,0.9999999999915533,0.21503887186661086,0.9999382963480828,0.08793683431772803,242,242,0,0.01,2.160179853439331,2.630146026611328,3.0203676223754883,1.3982019217359196,0.2166140377521515,9.239819526672363,1.7916533946990967,8.443245887756348,0.913789047868578,0.5223903656005859
gpu_seed1102_ckpt150_optimizer_reset,1102,150,optimizer_reset,93,26.25914192199707,0.15462836995169815,0.5272823174794516,10.172407394520482,0.00025,2.684499184290568,3.2117815017700195,7.007963813841343,58.30815953016281,58.58200083673,0.04808800667524338,0.1542564481496811,0.1586606502532959,0.06297670304775238,3.7470430241276667,0.4195201272860235,1.8777537172140935,0.04944385588169098,0.8226944804191589,3.7702853679656982,169.7382049560547,171.15536499023438,2.6916911602020264,3.358150005340576,243,93,0.999999999992398,0.21582383299474428,0.9999444667132745,0.0888488974834103,243,243,0,0.01,2.1343770027160645,2.7373921871185303,3.233386278152466,1.5149086942167953,0.13641920685768127,9.23431396484375,1.7919247150421143,8.436532020568848,0.9136067988035628,0.5230036377906799
gpu_seed1102_ckpt150_optimizer_reset,1102,150,optimizer_reset,94,26.264610290527344,0.15466057073398734,0.5366583665211997,10.472970910293444,0.00025,2.6908907095591226,3.2275490760803223,7.054692082107067,58.459459751844406,58.737826243042946,0.04672826826572418,0.15130022168159485,0.1558254063129425,0.05613373592495918,3.722998819061003,0.4195446791967541,1.8785526776774863,0.04768415912985802,0.8894112706184387,3.8086416721343994,169.73768615722656,171.15423583984375,2.651564359664917,2.8947010040283203,244,94,0.9999999999931581,0.2166080091617495,0.9999500200419471,0.0897600485859269,244,244,0,0.01,2.081955671310425,2.6319541931152344,3.1772372722625732,1.5260830554865896,0.10647524893283844,9.225916862487793,1.7908753156661987,8.428208351135254,0.9135361261928445,0.5232293605804443
gpu_seed1102_ckpt150_optimizer_reset,1102,150,optimizer_reset,95,26.270200729370117,0.15469349033387908,0.4736377398173013,9.216497925693329,0.00025,2.722158988316854,3.1957967281341553,7.105821114033461,58.613044768571854,58.89622639119625,0.05112903192639351,0.1535850167274475,0.15840014815330505,0.07079965621232986,3.6969971953677185,0.4196486997804182,1.8793155937574555,0.05081205070018768,0.8807002902030945,3.8626465797424316,169.73715209960938,171.15309143066406,2.862833261489868,3.844031810760498,245,95,0.9999999999938424,0.21739140115258782,0.9999550180377524,0.09067028853734094,245,245,0,0.01,2.240222692489624,2.4631471633911133,2.969519853591919,1.325546725129581,0.20547717809677124,9.21712589263916,1.789923071861267,8.41966724395752,0.9134807685203249,0.5233513712882996
gpu_seed1102_ckpt150_optimizer_reset,1102,150,optimizer_reset,96,26.27594566345215,0.15472731968729905,0.34662350018819144,6.5289758183945015,0.00025,2.757453282674154,3.1040767828623452,7.153588902205229,58.76303781569004,59.04993200302124,0.04776778817176819,0.14999304711818695,0.15370561182498932,0.08055052161216736,3.6731137367075175,0.41975636630220964,1.8801273259938611,0.04915908724069595,0.8047842979431152,3.920762062072754,169.73663330078125,171.15206909179688,2.6554691791534424,2.860069513320923,246,96,0.9999999999944581,0.2181740097514352,0.9999595162339772,0.09157961824880367,246,246,0,0.01,1.8378894329071045,2.448721408843994,2.685607671737671,1.4612455045721744,0.24015088379383087,9.209030151367188,1.7896621227264404,8.411301612854004,0.9133754016001712,0.5236051082611084
gpu_seed1102_ckpt150_optimizer_reset,1102,150,optimizer_reset,97,26.281742095947266,0.1547614522918951,0.33194621404012015,6.276197423211034,0.00025,2.768986543019613,3.100932757059733,7.1987518928945065,58.90980373322964,59.2004956305027,0.04516299068927765,0.14676591753959656,0.15056362748146057,0.06868377327919006,3.650874830383428,0.4198525425442277,1.881056225158971,0.04819275811314583,0.7588173747062683,3.976125717163086,169.73611450195312,171.1510009765625,2.71083664894104,3.3435072898864746,247,97,0.9999999999950123,0.21895583574168376,0.9999635646105794,0.09248803863055488,247,247,0,0.01,1.6070743799209595,2.639577865600586,2.7717695236206055,1.7247300798580363,0.2201029360294342,9.20038890838623,1.78956937789917,8.40192985534668,0.9132146411427606,0.5240685343742371
gpu_seed1102_ckpt150_optimizer_reset,1102,150,optimizer_reset,98,26.28727149963379,0.15479401248298558,0.4377267360687256,8.554257983692924,0.00025,2.745755434036255,3.1834821701049805,7.243484124541283,59.0481319129467,59.343473702669144,0.0447322316467762,0.1383281797170639,0.14297807216644287,0.05599232390522957,3.629092167202739,0.4199337686194808,1.8820991606608433,0.047079261392354965,0.8100873231887817,4.022008419036865,169.73562622070312,171.15000915527344,2.6936841011047363,2.937659502029419,248,98,0.999999999995511,0.21973687990594204,0.9999672081495214,0.09339555059192428,248,248,0,0.01,1.6017276048660278,2.3971240520477295,2.7326695919036865,1.70607635380708,0.10994167625904083,9.192956924438477,1.7887370586395264,8.39441204071045,0.9131351435351452,0.524328887462616
gpu_seed1102_ckpt150_optimizer_reset,1102,150,optimizer_reset,99,26.29253578186035,0.15482501149209552,0.5005900859832764,9.571672751082628,0.00025,2.690061092376709,3.1906511783599854,7.290590353310108,59.17772725224495,59.47870932519436,0.04710622876882553,0.1295953392982483,0.13523562252521515,0.05940251424908638,3.6063658095834836,0.41997705933572377,1.8828302222677078,0.044845618307590485,0.8603708744049072,4.044600486755371,169.73512268066406,171.1489715576172,2.8393714427948,3.2118282318115234,249,99,0.99999999999596,0.2205171430260361,0.9999704873345694,0.09430215504133233,249,249,0,0.01,1.9426265954971313,2.110736131668091,2.6521730422973633,1.3652510721533124,0.14571627974510193,9.185696601867676,1.7882074117660522,8.386723518371582,0.9130198701169211,0.5247060060501099
gpu_seed1102_ckpt150_optimizer_reset,1102,150,optimizer_reset,100,26.29688835144043,0.1548506418322364,0.41752473513285304,7.380436297577431,0.00025,2.65622878074646,3.073753515879313,7.343858376145363,59.31756712496281,59.62523290514946,0.05326802283525467,0.13983987271785736,0.146523579955101,0.06198878586292267,3.5808000378732157,0.4199901512841013,1.8830949229249259,0.046088021248579025,0.7127580046653748,3.9898951053619385,169.734619140625,171.14772033691406,2.9567062854766846,3.7607946395874023,250,100,0.999999999996364,0.22129662588301013,0.9999734386011124,0.09520785288629108,250,250,1,0.01,2.447765827178955,2.305727958679199,2.9598751068115234,1.209214980430364,0.22564947605133057,9.177778244018555,1.7900198698043823,8.376233100891113,0.9126645772193563,0.5257514119148254
gpu_seed1102_ckpt300_optimizer_reset,1102,300,optimizer_reset,1,3.4056622982025146,0.02006773096254451,15.716391722361248,99724651.3842533,0.000125,2.7015318870544434,18.41792360941569,0.02620740421116352,3.413005828857422,3.4056620597839355,0.02620740421116352,3.413005828857422,3.4056620597839355,0.2837502658367157,129.95038618215614,0.08264808534834532,0.41621667037309773,0.7740143537521362,18.56768226623535,6.782253742218018,169.70811462402344,169.74124145507812,2.7999753952026367,2.7999753952026367,301,1,0.9999999999999831,0.2600336748760569,0.09999999999999998,0.0010000000000000009,301,301,0,0.01,1.8220996856689453,0.9991628527641296,1.4705150127410889,0.8070442162446306,0.5921096801757812,8.770130157470703,0.0027001528069376945,8.769180297851562,0.9998916937829786,0.3519551455974579
gpu_seed1102_ckpt300_optimizer_reset,1102,300,optimizer_reset,2,4.832036018371582,0.02847258193191519,10.618175347646076,589311.8323246248,0.000125,2.6685598691304526,13.28673521677653,0.05285990610718727,6.030009031295776,6.019508361816406,0.02665250189602375,2.6170032024383545,2.6138463020324707,0.12347331643104553,91.41211882749005,0.10502938815672111,0.49094731429852384,0.5641260743141174,13.996549606323242,8.49763298034668,169.70787048339844,169.76861572265625,2.5010793209075928,18.061359405517578,302,2,0.9999999999999848,0.26077364120118074,0.18999999999999995,0.001998999999999973,302,302,0,0.01,1.9918818473815918,7.920607566833496,8.176604270935059,4.104964499615992,-0.004856372717767954,8.762158393859863,0.2790706753730774,8.736682891845703,0.9970925540409074,0.10707704722881317
gpu_seed1102_ckpt300_optimizer_reset,1102,300,optimizer_reset,3,6.1304240226745605,0.03612328211117233,12.16679898897807,2672084.1158554447,0.000125,2.6315755049387612,14.79837449391683,0.08159421570599079,8.240435600280762,8.227197647094727,0.02873430959880352,2.2104265689849854,2.2076892852783203,0.10169989615678787,75.13307125457571,0.12649842957639296,0.5782142951942276,0.46484899520874023,15.8479642868042,9.603330612182617,169.70761108398438,169.79766845703125,2.795416831970215,13.256746292114258,303,3,0.9999999999999863,0.2615128675599796,0.2709999999999999,0.002997000999999999,303,303,0,0.01,2.4524872303009033,9.088497161865234,9.345478057861328,3.810612321398669,0.028657222166657448,8.754114151000977,0.3178609609603882,8.701924324035645,0.9940382514934011,0.18185508251190186
gpu_seed1102_ckpt300_optimizer_reset,1102,300,optimizer_reset,4,7.300147533416748,0.04301583182948307,8.214441299438477,49410.41023524656,0.000125,2.5937458674112954,10.808187166849772,0.10916121862828732,10.23087477684021,10.215741157531738,0.027567002922296524,1.9904391765594482,1.9885435104370117,0.0756564661860466,66.87491789742774,0.145130299847549,0.6416234464641393,0.41145655512809753,11.671955108642578,9.63347053527832,169.70736694335938,169.83038330078125,2.754814624786377,16.33534049987793,304,4,0.9999999999999877,0.26225135469241967,0.3439,0.003994003998999962,304,304,0,0.01,2.3751330375671387,10.807929039001465,11.141090393066406,4.690722673991177,-0.03255326673388481,8.745935440063477,0.38688841462135315,8.649500846862793,0.9889737817226589,0.27000221610069275
gpu_seed1102_ckpt300_optimizer_reset,1102,300,optimizer_reset,5,8.416707992553711,0.04959512035999942,11.557095050811768,1355192.8848808375,0.000125,2.562368869781494,14.119463920593262,0.13730626367032528,12.065994262695312,12.049267172813416,0.028145045042037964,1.8351194858551025,1.8335260152816772,0.06425579637289047,61.2987912386945,0.16413029868846457,0.7114286861443306,0.4125216007232666,13.207418441772461,9.207196235656738,169.70713806152344,169.86639404296875,2.9210867881774902,12.614178657531738,305,5,0.9999999999999889,0.2629891033377272,0.40950999999999993,0.004990009995000988,305,305,0,0.01,2.3346779346466064,9.851503372192383,10.191622734069824,4.365322763719072,-0.029703037813305855,8.737579345703125,0.39173924922943115,8.631695747375488,0.9878818155304426,0.2910711467266083
gpu_seed1102_ckpt300_optimizer_reset,1102,300,optimizer_reset,6,9.384406089782715,0.055297243285812515,9.0487908522288,108201.64128527472,0.000125,2.5430785020192466,11.591869354248047,0.16756150498986244,13.806499600410461,13.788330078125,0.030255241319537163,1.740505337715149,1.7390629053115845,0.05634958669543266,56.00574004330213,0.18008741492608185,0.7845002325807381,0.38704898953437805,9.933832168579102,8.037610054016113,169.70687866210938,169.90089416503906,2.430068016052246,15.059139251708984,306,6,0.99999999999999,0.2637261142343895,0.46855899999999995,0.0059850199850060015,306,306,0,0.01,2.6004796028137207,10.664653778076172,10.941093444824219,4.207336767026259,0.014239232055842876,8.72981071472168,0.419982373714447,8.615982055664062,0.9869609247235284,0.29331836104393005
gpu_seed1102_ckpt300_optimizer_reset,1102,300,optimizer_reset,7,10.309662818908691,0.06074928212160195,6.946790615717569,13116.124897036323,0.000125,2.53576922416687,9.48255983988444,0.19666795246303082,15.420355916023254,15.401108145713806,0.029106447473168373,1.613856315612793,1.6127780675888062,0.046047013252973557,52.42167160302468,0.1944895130674718,0.8231700815670557,0.37089112401008606,7.133018493652344,7.46682596206665,169.70664978027344,169.93667602539062,2.748051166534424,11.943490982055664,307,7,0.999999999999991,0.2644623881201551,0.5217030999999999,0.006979034965020947,307,307,0,0.01,2.4567277431488037,10.350831031799316,10.671398162841797,4.343744720023332,-0.013832870870828629,8.721370697021484,0.4490622580051422,8.577461242675781,0.98349921596661,0.34356629848480225
gpu_seed1102_ckpt300_optimizer_reset,1102,300,optimizer_reset,8,11.187139511108398,0.06591977897158649,6.398940960566204,7562.150156810345,0.000125,2.533634583155314,8.932575543721518,0.22281507216393948,16.964189171791077,16.943978905677795,0.02614711970090866,1.5438332557678223,1.5428707599639893,0.045264195650815964,50.208181171994894,0.2085071659386843,0.8587580559235337,0.3549792468547821,7.124454498291016,6.699937343597412,169.7063751220703,169.97409057617188,2.6432712078094482,10.138319969177246,308,8,0.9999999999999919,0.26519792573203493,0.5695327899999999,0.00797205593005601,308,308,0,0.01,1.9941952228546143,9.767387390136719,9.929289817810059,4.979096180759916,0.020224688574671745,8.713722229003906,0.45210862159729004,8.561395645141602,0.982518769836814,0.35992246866226196
gpu_seed1102_ckpt300_optimizer_reset,1102,300,optimizer_reset,9,11.966479301452637,0.07051200799244052,7.660025517145792,26781.834021293787,0.000125,2.5359249909718833,10.195950508117676,0.24878289550542831,18.503384590148926,18.48226809501648,0.025967823341488838,1.5391954183578491,1.538289189338684,0.0433228500187397,48.10008854143043,0.22227195958694926,0.9302830895859648,0.36477982997894287,7.818260192871094,6.7154221534729,169.70614624023438,170.0126190185547,2.5185296535491943,12.465886116027832,309,9,0.9999999999999928,0.26593272780630295,0.6125795109999999,0.00896408387412595,309,309,0,0.01,2.0826783180236816,10.49980640411377,10.583296775817871,5.081580138528358,0.058929964900016785,8.706193923950195,0.4936436712741852,8.534205436706543,0.9802452726476143,0.37331482768058777
gpu_seed1102_ckpt300_optimizer_reset,1102,300,optimizer_reset,10,12.729785919189453,0.07500976217516055,8.636062701543173,71627.44946080883,0.000125,2.543348550796509,11.179411252339682,0.2746450658887625,19.918013095855713,19.895936489105225,0.02586217038333416,1.414628505706787,1.4136683940887451,0.046254441142082214,46.3499530856271,0.23481516283718332,0.9881753890304741,0.33873841166496277,9.023959159851074,7.405015468597412,169.70590209960938,170.052978515625,2.494542121887207,10.772612571716309,310,10,0.9999999999999934,0.26666679507849655,0.6513215599,0.009955119790251765,310,310,0,0.01,2.0293936729431152,9.779287338256836,9.787727355957031,4.822981113249268,0.09959879517555237,8.697799682617188,0.5104445815086365,8.501097679138184,0.9773848547152567,0.41034045815467834
gpu_seed1102_ckpt300_optimizer_reset,1102,300,optimizer_reset,11,13.441198348999023,0.07920173189933535,7.482924461364746,22648.302794030526,0.000125,2.5454785029093423,10.028402964274088,0.29918920062482357,21.258267521858215,21.235414266586304,0.024544134736061096,1.3402544260025024,1.339477777481079,0.040789928287267685,44.925412818656696,0.2457782628714297,1.0390454008490313,0.3301286995410919,6.575713634490967,7.298701763153076,169.70565795898438,170.09202575683594,2.607971429824829,13.135676383972168,311,11,0.9999999999999941,0.2674001282834181,0.6861894039099999,0.010945164670461582,311,311,0,0.01,1.7073755264282227,9.778295516967773,9.825844764709473,5.754940616525694,0.05938699096441269,8.690001487731934,0.5305696725845337,8.47978687286377,0.9758095996685491,0.42194175720214844
gpu_seed1102_ckpt300_optimizer_reset,1102,300,optimizer_reset,12,14.130056381225586,0.08326080072404136,7.341318051020304,19409.515580871124,0.000125,2.532849073410034,9.874167124430338,0.3248662408441305,22.51526188850403,22.491663575172424,0.025677040219306946,1.256994366645813,1.2562493085861206,0.0392250120639801,43.494997647236715,0.2557764421902226,1.0779124677702934,0.3150414228439331,6.843552589416504,7.167078495025635,169.7053985595703,170.13197326660156,2.793550729751587,11.418776512145996,312,12,0.9999999999999947,0.26813272815513467,0.7175704635189999,0.0119342195057911,312,312,0,0.01,1.8844990730285645,9.373682975769043,9.441146850585938,5.00989731738532,0.06459277123212814,8.683919906616211,0.5547133684158325,8.456273078918457,0.9737852455864677,0.4369461238384247
gpu_seed1102_ckpt300_optimizer_reset,1102,300,optimizer_reset,13,14.786332130432129,0.08712787972928221,7.3977054754893,20405.444135982423,0.000125,2.5264643828074136,9.924169858296713,0.34991979226469994,23.71240997314453,23.688447952270508,0.02505355142056942,1.197148084640503,1.1967843770980835,0.02497735805809498,42.25634690364877,0.2644258538726428,1.1021647202625973,0.3129441440105438,7.71392297744751,6.490170955657959,169.70510864257812,170.1713409423828,2.6444284915924072,10.95112419128418,313,13,0.9999999999999952,0.2688645954269795,0.7458134171670999,0.012922285286285251,313,313,0,0.01,1.861816167831421,8.839386940002441,9.080183982849121,4.877057219575296,-0.025781778618693352,8.67573356628418,0.5682116150856018,8.430046081542969,0.9716810707861087,0.45901164412498474
gpu_seed1102_ckpt300_optimizer_reset,1102,300,optimizer_reset,14,15.39505386352539,0.09071474856745702,5.28476611773173,2446.3926380888715,0.000125,2.5226848125457764,7.807450930277507,0.37849192693829536,24.895862817764282,24.870947122573853,0.02857213467359543,1.183452844619751,1.1824991703033447,0.04543237388134003,40.67472188381586,0.27239749082724585,1.1200600008551127,0.32183244824409485,5.981762409210205,6.228167533874512,169.7048797607422,170.20860290527344,3.118727445602417,10.58337688446045,314,14,0.9999999999999957,0.2695957308315525,0.7712320754503899,0.013909363000998987,314,314,0,0.01,2.1760518550872803,9.01903247833252,9.165226936340332,4.2118605376564,0.05290869623422623,8.667511940002441,0.5894572138786316,8.406164169311523,0.9698474288237537,0.47069087624549866
gpu_seed1102_ckpt300_optimizer_reset,1102,300,optimizer_reset,15,15.97679615020752,0.09414264208022075,5.045226017634073,1934.143441404872,0.000125,2.5286546548207602,7.573880672454834,0.4064809139817953,26.004411935806274,25.9787358045578,0.027988987043499947,1.1085491180419922,1.1077886819839478,0.03978542983531952,39.30515702118243,0.2797980883714718,1.1352729721801738,0.305298388004303,5.898420333862305,6.004626274108887,169.70462036132812,170.2459716796875,2.9113717079162598,8.997614860534668,315,15,0.9999999999999961,0.270326135100721,0.794108867905351,0.014895453637998046,315,315,0,0.01,2.1638331413269043,8.288737297058105,8.427804946899414,3.894849739535566,0.06572046130895615,8.65920352935791,0.592804491519928,8.392457962036133,0.9691951382805151,0.47727087140083313
gpu_seed1102_ckpt300_optimizer_reset,1102,300,optimizer_reset,16,16.526639938354492,0.097382574946666,4.212595462799072,839.7222623987781,0.000125,2.5353943506876626,6.747989813486735,0.43192453123629093,27.09120464324951,27.06507921218872,0.02544361725449562,1.0867927074432373,1.0863434076309204,0.0293646939098835,38.26279533374102,0.2864119944516359,1.1500727859219542,0.3053102493286133,4.37680721282959,5.29226541519165,169.704345703125,170.28271484375,2.5380284786224365,8.574392318725586,316,16,0.9999999999999966,0.2710558089656203,0.8146979811148158,0.015880558184360072,316,316,0,0.01,1.7796930074691772,7.900348663330078,8.028307914733887,4.511063358138422,0.04015163332223892,8.650989532470703,0.5954282283782959,8.380965232849121,0.968786888643312,0.4808311462402344
gpu_seed1102_ckpt300_optimizer_reset,1102,300,optimizer_reset,17,17.056501388549805,0.1005047626737214,4.088325182596843,740.9088128368167,0.000125,2.53646183013916,6.624787012736003,0.4558563306927681,28.142805576324463,28.11615216732025,0.023931799456477165,1.0516009330749512,1.0510729551315308,0.03343383967876434,37.41639687791876,0.2924721212735273,1.1618491173345105,0.2833916246891022,4.345594882965088,4.876475811004639,169.70407104492188,170.31903076171875,2.55204701423645,6.897790908813477,317,17,0.9999999999999969,0.2717847531566546,0.8332281830033342,0.016864677626175606,317,317,0,0.01,1.5652623176574707,7.730281829833984,7.81856632232666,4.9950517776616,0.04451749473810196,8.642592430114746,0.5995256304740906,8.366094589233398,0.9680075344153832,0.48850205540657043
gpu_seed1102_ckpt300_optimizer_reset,1102,300,optimizer_reset,18,17.549863815307617,0.1034118813426597,3.924076875050863,624.8430126966306,0.000125,2.533381779988607,6.45745865503947,0.4796846453100443,29.177148818969727,29.14994525909424,0.02382831461727619,1.0343432426452637,1.0337930917739868,0.034601788967847824,36.58625304532663,0.29789361319431334,1.1625302434041034,0.26255878806114197,5.103216171264648,5.260837554931641,169.70379638671875,170.3538055419922,2.284097909927368,6.8598246574401855,318,18,0.9999999999999972,0.27251296840349803,0.8499053647030008,0.017847812948549535,318,318,0,0.01,1.569370150566101,7.418369293212891,7.524430751800537,4.794554521813442,0.037710364907979965,8.634242057800293,0.6067729592323303,8.34414291381836,0.966401319068786,0.5052077770233154
gpu_seed1102_ckpt300_optimizer_reset,1102,300,optimizer_reset,19,18.022518157958984,0.1061969784415741,4.035827477773031,695.0351162080879,0.000125,2.5259639422098794,6.56179141998291,0.5032906085252762,30.181775093078613,30.154104948043823,0.023605963215231895,1.0046262741088867,1.004159688949585,0.03150884434580803,35.80936709852803,0.30322334449772304,1.1670259154900424,0.25088706612586975,5.786658763885498,5.5915913581848145,169.7035369873047,170.38829040527344,2.6497623920440674,6.937886714935303,319,19,0.9999999999999974,0.27324045543509456,0.8649148282327007,0.01882996513560098,319,319,0,0.01,1.5801825523376465,6.952738285064697,7.097841262817383,4.491785618258272,0.020852474495768547,8.62587833404541,0.6131076216697693,8.329294204711914,0.965616935707999,0.5109612941741943
gpu_seed1102_ckpt300_optimizer_reset,1102,300,optimizer_reset,20,18.471084594726562,0.1088401385037535,4.0587843259175616,705.2393339586474,0.000125,2.5171737670898438,6.575958093007405,0.5282489620149136,31.155941426753998,31.127874732017517,0.024958353489637375,0.9741663336753845,0.9737697839736938,0.02869446389377117,34.966627334650816,0.3082163582983969,1.1703418269635795,0.23970796167850494,5.431493759155273,5.31260347366333,169.70326232910156,170.42242431640625,2.675090789794922,7.549929618835449,320,20,0.9999999999999977,0.2739672149796595,0.8784233454094307,0.01981113517046529,320,320,0,0.01,1.7408570051193237,6.537802696228027,6.692639350891113,3.844450940660996,0.043141912668943405,8.617873191833496,0.6183063983917236,8.312868118286133,0.9646078485075229,0.5204344987869263
gpu_seed1102_ckpt300_optimizer_reset,1102,300,optimizer_reset,21,18.900819778442383,0.11137233614898107,4.407427072525024,991.7720087847175,0.000125,2.5043275356292725,6.911754608154297,0.5527450293302536,32.090356171131134,32.06186389923096,0.024496067315340042,0.9344147443771362,0.9339891672134399,0.030476784333586693,34.19446358714398,0.3129480207507303,1.1745777277394582,0.22543269395828247,5.558413982391357,5.248749256134033,169.7030029296875,170.45535278320312,2.6682913303375244,6.7554192543029785,321,21,0.999999999999998,0.27469324776467974,0.8905810108684876,0.020791324035294823,321,321,0,0.01,1.6985955238342285,6.432444095611572,6.544515132904053,3.8528979036323543,0.0654800683259964,8.60977554321289,0.6316445469856262,8.293011665344238,0.9632088111612478,0.5289464592933655
gpu_seed1102_ckpt300_optimizer_reset,1102,300,optimizer_reset,22,19.304636001586914,0.11375180733984235,3.5911622047424316,426.8548227879407,0.000125,2.4932351112365723,6.084397315979004,0.5781160872429609,33.03124648332596,33.00240087509155,0.02537105791270733,0.9408903121948242,0.9405369758605957,0.02740626595914364,33.39231761153274,0.31716562359130834,1.1756488609398945,0.21810322999954224,4.040925025939941,4.9965901374816895,169.70274353027344,170.4870147705078,2.6949174404144287,8.11097240447998,322,22,0.9999999999999981,0.2754185545169151,0.9015229097816388,0.021770532711259616,322,322,0,0.01,1.6779028177261353,6.633793354034424,6.844250202178955,4.079050425250543,-0.0009518113802187145,8.601373672485352,0.6353894472122192,8.28144359588623,0.9628047694726369,0.5310885906219482
gpu_seed1102_ckpt300_optimizer_reset,1102,300,optimizer_reset,23,19.696327209472656,0.1160598323558264,4.620798508326212,1209.2546143668278,0.000125,2.486854632695516,7.1076531410217285,0.6032088566571474,33.96928668022156,33.940148174762726,0.025092769414186478,0.9380401968955994,0.9377472996711731,0.02504628151655197,32.65258291894581,0.3210799848645446,1.1713706773942776,0.21057793498039246,4.568342208862305,5.1328816413879395,169.70245361328125,170.51844787597656,2.4340710639953613,6.676814079284668,323,23,0.9999999999999983,0.27614313596239815,0.9113706188034749,0.022748762178548265,323,323,0,0.01,1.679091215133667,7.141776084899902,7.386984825134277,4.399394600216418,-0.030989278107881546,8.593029022216797,0.6455895900726318,8.259581565856934,0.9611955859221801,0.5440434813499451
gpu_seed1102_ckpt300_optimizer_reset,1102,300,optimizer_reset,24,20.07188606262207,0.1182727981068881,4.284274419148764,856.1940122010136,0.000125,2.482102076212565,6.766376495361328,0.6273530200123787,34.85187757015228,34.8224151134491,0.024144163355231285,0.8825908899307251,0.8822669386863708,0.027093039825558662,31.994563542858256,0.3246955820236704,1.1649286259100682,0.19665904343128204,4.455470085144043,5.125901699066162,169.7021942138672,170.5494842529297,2.604231119155884,6.776798725128174,324,24,0.9999999999999986,0.2768669928264358,0.9202335569231275,0.023726013416369818,324,324,0,0.01,1.5910420417785645,6.395580291748047,6.606021404266357,4.152009331492956,-0.010056116618216038,8.584861755371094,0.6483694911003113,8.249186515808105,0.9608991677292957,0.5453621745109558
gpu_seed1102_ckpt300_optimizer_reset,1102,300,optimizer_reset,25,20.433019638061523,0.12040076347717325,3.5911678473154702,420.71604425963403,0.000125,2.4787434736887612,6.0699113210042315,0.6526221819221973,35.685999393463135,35.65627509355545,0.02526916190981865,0.834121823310852,0.8338599801063538,0.025507083162665367,31.309109932255026,0.3279807293600839,1.1829786405997331,0.18818575143814087,3.823697328567505,5.041711807250977,169.7019805908203,170.57981872558594,2.636368751525879,7.2332234382629395,325,25,0.9999999999999987,0.2775901258336093,0.9282102012308147,0.024702287402953438,325,325,1,0.01,1.6410431861877441,5.828745365142822,6.079748153686523,3.7048069208991934,-0.015475203283131123,8.576888084411621,0.6531596183776855,8.236396789550781,0.9603013014148292,0.5490276217460632
gpu_seed1102_ckpt300_optimizer_reset,1102,300,optimizer_reset,26,20.781230926513672,0.1224525847803209,4.3431773980458575,906.2198315850767,0.000125,2.479184865951538,6.8223622639973955,0.679821752011776,36.50357484817505,36.47352737188339,0.02719957008957863,0.8175754547119141,0.8172522783279419,0.02851250395178795,30.5686466562534,0.3313267012668861,1.2012617225374183,0.19424758851528168,4.723801612854004,4.8933939933776855,169.7017364501953,170.6092987060547,2.9859488010406494,5.697447299957275,326,26,0.9999999999999988,0.2783125357077757,0.9353891811077333,0.025677585115550405,326,326,0,0.01,1.870082974433899,5.566849231719971,5.795971870422363,3.0993126773820228,0.042924463748931885,8.568924903869629,0.6565978527069092,8.22520923614502,0.9598881223045436,0.5512937307357788
gpu_seed1102_ckpt300_optimizer_reset,1102,300,optimizer_reset,27,21.107223510742188,0.12437348324389882,3.5329085191090903,398.5264329159674,0.000125,2.484520514806112,6.017429033915202,0.7051932159811258,37.307589292526245,37.277186036109924,0.02537146396934986,0.8040144443511963,0.803658664226532,0.029795560985803604,29.93112104935108,0.3344556208421952,1.2205545273493084,0.2014690488576889,3.994983673095703,4.657900333404541,169.70150756835938,170.63720703125,2.4464566707611084,6.77832555770874,327,27,0.9999999999999989,0.27903422317206794,0.94185026299696,0.026651907530434893,327,327,0,0.01,1.7056752443313599,5.425386428833008,5.600915431976318,3.283693921563975,0.05262034013867378,8.560896873474121,0.6655858159065247,8.21117115020752,0.9591484714234576,0.5535818934440613
gpu_seed1102_ckpt300_optimizer_reset,1102,300,optimizer_reset,28,21.421283721923828,0.12622407066924615,2.7002611955006914,167.54073891214694,0.000125,2.4905169010162354,5.190778096516927,0.7314343359321356,38.10069942474365,38.06995564699173,0.02624111995100975,0.7931101322174072,0.7927696108818054,0.02951638028025627,29.286680525594118,0.3375016494530969,1.2393870555365962,0.19125565886497498,2.945570707321167,4.602548599243164,169.70126342773438,170.66427612304688,2.656719923019409,6.379036903381348,328,28,0.999999999999999,0.27975518894889584,0.9476652366972639,0.02762525562290441,328,328,0,0.01,1.8314121961593628,5.908882141113281,6.088849067687988,3.324674303498432,0.055207885801792145,8.553290367126465,0.6782438158988953,8.195114135742188,0.9581241585388188,0.5566842555999756
gpu_seed1102_ckpt300_optimizer_reset,1102,300,optimizer_reset,29,21.723859786987305,0.1280069882158872,2.7551980813344317,179.56362108395632,0.000125,2.50104022026062,5.256238301595052,0.7575712613761425,38.85294979810715,38.82192301750183,0.02613692544400692,0.7522503733634949,0.7519673705101013,0.028198720887303352,28.67566510838443,0.3404279704736979,1.2605409606215616,0.18047745525836945,2.781780242919922,4.661087512969971,169.70101928710938,170.69113159179688,2.584364414215088,5.0894999504089355,329,29,0.9999999999999991,0.280475433759947,0.9528987130275375,0.02859763036728158,329,329,0,0.01,1.847533941268921,5.382809162139893,5.688278675079346,3.078849350485789,0.0015835458179935813,8.545244216918945,0.6819822192192078,8.183698654174805,0.9576904353383763,0.5588286519050598
gpu_seed1102_ckpt300_optimizer_reset,1102,300,optimizer_reset,30,22.01301383972168,0.12971081708349558,3.106636126836141,264.73811781151994,0.000125,2.5178884665171304,5.6245245933532715,0.7850147858262062,39.5688733458519,39.53744739294052,0.027443524450063705,0.715923547744751,0.7155243754386902,0.03370736539363861,28.041527672024106,0.3433161561466985,1.2811142300148464,0.17696405947208405,2.6256966590881348,4.810376167297363,169.7007598876953,170.71713256835938,2.7013678550720215,5.183636665344238,330,30,0.9999999999999992,0.281194958326187,0.9576088417247838,0.029569032736914247,330,330,0,0.01,2.098745584487915,5.002810001373291,5.400081157684326,2.5730041781121127,0.012950865551829338,8.537325859069824,0.6863628625869751,8.170599937438965,0.9570444038700694,0.563025712966919
gpu_seed1102_ckpt300_optimizer_reset,1102,300,optimizer_reset,31,22.28785514831543,0.13133030866995266,3.845233758290609,579.8041836944301,0.000125,2.539069970448812,6.384303728739421,0.8134881258010864,40.2673014998436,40.235568821430206,0.02847333997488022,0.6984281539916992,0.6981214284896851,0.03115447424352169,27.397886264584326,0.3460235017001123,1.3019105724785995,0.17202459275722504,3.230701208114624,4.701112270355225,169.70054626464844,170.74183654785156,3.225066900253296,6.286993026733398,331,31,0.9999999999999993,0.2819137633678609,0.9618479575523053,0.030539463704177372,331,331,0,0.01,2.0265307426452637,5.015243053436279,5.416358470916748,2.6727245518338467,-0.0038102404214441776,8.529399871826172,0.6904576420783997,8.158547401428223,0.9565206842249377,0.5659099221229553
gpu_seed1102_ckpt300_optimizer_reset,1102,300,optimizer_reset,32,22.547189712524414,0.13285842737584472,3.786397695541382,556.0416743630169,0.000125,2.5573837757110596,6.343781471252441,0.8409909196197987,40.94059419631958,40.90815049409866,0.027502793818712234,0.6732926964759827,0.672581672668457,0.04626288264989853,26.810265350654326,0.34863462196603373,1.3220806052489824,0.17033107578754425,3.6658177375793457,4.65655517578125,169.70028686523438,170.76507568359375,2.574995517730713,5.482030868530273,332,32,0.9999999999999993,0.28263184960449306,0.9656631617970749,0.031508924240473246,332,332,0,0.01,1.9354652166366577,4.874354839324951,5.080240249633789,2.6248160938068,0.08991393446922302,8.521851539611816,0.6994683742523193,8.141908645629883,0.9554154525906942,0.5721184015274048
gpu_seed1102_ckpt300_optimizer_reset,1102,300,optimizer_reset,33,22.79334831237793,0.13430890723069827,3.354047616322835,362.56718820943485,0.000125,2.5747299194335938,5.928777535756429,0.8680754620581865,41.60178458690643,41.568733751773834,0.02708454243838787,0.661190390586853,0.6605832576751709,0.04288851469755173,26.257335114978574,0.35118226930273233,1.3409326354422886,0.17042841017246246,3.2770512104034424,4.662775993347168,169.70005798339844,170.78720092773438,2.571563482284546,5.817112922668457,333,33,0.9999999999999994,0.2833492177548885,0.9690968456173674,0.032477415316232716,333,333,0,0.01,1.887250304222107,4.5517730712890625,4.810157299041748,2.5487648820498485,0.06651298701763153,8.514001846313477,0.7012942433357239,8.131731986999512,0.9551010363615976,0.5740402936935425
gpu_seed1102_ckpt300_optimizer_reset,1102,300,optimizer_reset,34,23.028244018554688,0.13569302092814267,2.6551605860392256,176.52060482498413,0.000125,2.5911569595336914,5.246317545572917,0.8940795920789242,42.26019495725632,42.226847887039185,0.026004130020737648,0.658410370349884,0.6581141352653503,0.03113759309053421,25.756369144925223,0.35362297901982015,1.3590772786576577,0.17094416916370392,4.067483901977539,4.787383556365967,169.69984436035156,170.80825805664062,2.581866979598999,5.886091232299805,334,34,0.9999999999999994,0.28406586853713367,0.9721871610556306,0.033444937900916516,334,334,0,0.01,1.6827435493469238,4.973336696624756,5.24391508102417,3.1162889217767185,0.004006781615316868,8.506105422973633,0.7075121998786926,8.11667537689209,0.9542175852851872,0.5794104337692261
gpu_seed1102_ckpt300_optimizer_reset,1102,300,optimizer_reset,35,23.244455337524414,0.13696703760984108,3.436359643936157,403.5015286553119,0.000125,2.5965314706166587,6.0328911145528155,0.9195504318922758,42.97228366136551,42.93919515609741,0.02547083981335163,0.7120887041091919,0.7123472690582275,0.00773225212469697,25.2780647274191,0.3557301820998125,1.3866706522831416,0.2136113941669464,3.3002021312713623,4.871086597442627,169.69961547851562,170.82728576660156,2.7028019428253174,6.176033973693848,335,35,0.9999999999999996,0.28478180266859654,0.9749684449500675,0.0344114929630156,335,335,0,0.01,1.6663049459457397,5.8271355628967285,6.2446608543396,3.747609865486889,-0.11656834930181503,8.498407363891602,0.7181397080421448,8.097378730773926,0.9528113191157985,0.5875033140182495
gpu_seed1102_ckpt300_optimizer_reset,1102,300,optimizer_reset,36,23.454259872436523,0.13820330256880667,3.2554868857065835,333.41983513772345,0.000125,2.593240817387899,5.848727703094482,0.9451821595430374,43.64687144756317,43.61386704444885,0.025631727650761604,0.6745877861976624,0.6746718883514404,0.01571621745824814,24.814539330440837,0.3581619846589939,1.4075159723315471,0.2074880450963974,3.4750096797943115,5.172579288482666,169.69935607910156,170.8459014892578,2.7901804447174072,6.118109226226807,336,36,0.9999999999999996,0.2854970208659279,0.9774716004550608,0.035377081470052585,336,336,0,0.01,1.7465095520019531,5.371479034423828,5.674940586090088,3.2493040645451288,-0.016089079901576042,8.490629196166992,0.7373202443122864,8.074728965759277,0.9510165594563451,0.5936738848686218
gpu_seed1102_ckpt300_optimizer_reset,1102,300,optimizer_reset,37,23.6563777923584,0.13939427445167424,4.139199256896973,820.1777131047155,0.000125,2.586385726928711,6.725584983825684,0.9712401367723942,44.28278946876526,44.24954515695572,0.026057977229356766,0.6359180212020874,0.6356781125068665,0.029693683609366417,24.35687828032771,0.36025932446639924,1.4268822086357091,0.19502151012420654,4.770505905151367,5.398298740386963,169.69911193847656,170.86366271972656,2.703183650970459,6.4929914474487305,337,37,0.9999999999999997,0.286211523845062,0.9797244404095548,0.03634170438858253,337,337,0,0.01,1.8377301692962646,5.296231269836426,5.416021823883057,2.947125706683101,0.10757315903902054,8.482702255249023,0.7452570796012878,8.059818267822266,0.9501474913650269,0.5972182750701904
gpu_seed1102_ckpt300_optimizer_reset,1102,300,optimizer_reset,38,23.847789764404297,0.14052216195832884,3.7513068517049155,550.382175493065,0.000125,2.583073298136393,6.334380149841309,0.9971549790352583,44.89051753282547,44.85696232318878,0.025914842262864113,0.6077280640602112,0.6074171662330627,0.03331591561436653,23.915830804408138,0.3621533100960303,1.4509318766065549,0.1938583105802536,3.823057174682617,5.327333927154541,169.69888305664062,170.8798065185547,2.7094485759735107,7.679304122924805,338,38,0.9999999999999997,0.2869253123212169,0.9817519963685992,0.03730536268419393,338,338,0,0.01,1.8596582412719727,4.914913177490234,5.081624984741211,2.732558527131705,0.09801843762397766,8.474637031555176,0.7660831809043884,8.032259941101074,0.9477998775867491,0.6075816750526428
gpu_seed1102_ckpt300_optimizer_reset,1102,300,optimizer_reset,39,24.028413772583008,0.1415864818127724,2.7575891812642412,194.64541022016812,0.000125,2.579136848449707,5.336726029713948,1.023116735741496,45.4828497171402,45.448893427848816,0.025961756706237793,0.5923321843147278,0.5919311046600342,0.037359852343797684,23.485505547072407,0.36362311795741453,1.4777965394444967,0.18815107643604279,3.4609456062316895,5.005823135375977,169.6986541748047,170.89466857910156,2.708648920059204,6.6617913246154785,339,39,0.9999999999999997,0.28763838700889566,0.9835767967317394,0.03826805732150973,339,339,0,0.01,1.7181041240692139,4.854853630065918,4.964672565460205,2.8896226345693314,0.11230539530515671,8.46648120880127,0.7722046375274658,8.01821231842041,0.9470536957058604,0.6107416152954102
gpu_seed1102_ckpt300_optimizer_reset,1102,300,optimizer_reset,40,24.199705123901367,0.14259580935422644,2.7610207398732505,193.8983276522622,0.000125,2.571627696355184,5.3326484362284345,1.0489377435296774,46.078881919384,46.0444250702858,0.025821007788181305,0.5960322022438049,0.5955316424369812,0.041037946939468384,23.070678191487556,0.3648498819087693,1.5029945364797423,0.18051931262016296,3.5306801795959473,4.565566539764404,169.6984100341797,170.90867614746094,2.4166605472564697,6.371450901031494,340,40,0.9999999999999998,0.2883507486218868,0.9852191170585654,0.039229789264188186,340,340,0,0.01,1.6762629747390747,5.17458438873291,5.233981132507324,3.1224105115839103,0.12633338570594788,8.45852279663086,0.7812654376029968,8.003644943237305,0.9462225421233499,0.6127603650093079
gpu_seed1102_ckpt300_optimizer_reset,1102,300,optimizer_reset,41,24.36256980895996,0.14355548309662317,2.2139466603597007,105.71714696935406,0.000125,2.5625327428181968,4.776479403177897,1.0745250638574362,46.70836013555527,46.67360037565231,0.02558732032775879,0.6294782161712646,0.6291753053665161,0.032159678637981415,22.672872535404736,0.3658237021697948,1.5254562331020232,0.18304647505283356,2.244128465652466,4.110168933868408,169.69815063476562,170.92193603515625,2.5809905529022217,6.099570274353027,341,41,0.9999999999999998,0.28906239787326493,0.9866972053527089,0.040190559474924004,341,341,0,0.01,1.66303288936615,5.447263717651367,5.57086706161499,3.349823745058299,0.07748114317655563,8.450614929199219,0.7991584539413452,7.9798665046691895,0.9442941811365221,0.6199323534965515
gpu_seed1102_ckpt300_optimizer_reset,1102,300,optimizer_reset,42,24.52053451538086,0.14448628390787946,2.393651008605957,127.9597796203771,0.000125,2.553800582885742,4.947451591491699,1.1001709196716547,47.30968677997589,47.27482080459595,0.02564585581421852,0.6013266444206238,0.601220428943634,0.025464823469519615,22.28793188123597,0.3668399887508211,1.5504365070806074,0.17521390318870544,2.1376304626464844,3.884218215942383,169.6979522705078,170.934814453125,2.457754135131836,4.764110088348389,342,42,0.9999999999999998,0.28977333547539164,0.988027484817438,0.0411503689154491,342,342,0,0.01,1.7267026901245117,4.967178821563721,5.208232402801514,3.016287883597919,0.030820747837424278,8.443037986755371,0.8073182106018066,7.967229843139648,0.9436449126057388,0.6205719113349915
gpu_seed1102_ckpt300_optimizer_reset,1102,300,optimizer_reset,43,24.673776626586914,0.1453892570128284,2.936083316802978,227.25493340241664,0.000125,2.5445226033528647,5.480605920155843,1.1253194585442543,47.89235317707062,47.85725373029709,0.025148538872599602,0.5826663970947266,0.5824329257011414,0.030862873420119286,21.92601970864673,0.367954283792568,1.5770794499121954,0.17059753835201263,2.693486213684082,3.912644624710083,169.69766235351562,170.94729614257812,2.7021872997283936,5.1445159912109375,343,43,0.9999999999999998,0.2904835621399162,0.9892247363356942,0.04210921854653371,343,343,0,0.01,1.5572134256362915,4.520744800567627,4.713346481323242,3.026782587232254,0.045911870896816254,8.435978889465332,0.810764729976654,7.957374572753906,0.9432662974880082,0.6216206550598145
gpu_seed1102_ckpt300_optimizer_reset,1102,300,optimizer_reset,44,24.8201904296875,0.14625199458119395,2.724433342615763,180.0739453433951,0.000125,2.53676708539327,5.261200428009033,1.149875720962882,48.51825261116028,48.48287743330002,0.02455626241862774,0.6258994340896606,0.6256237030029297,0.030843326821923256,21.585106961717567,0.3696120688781829,1.599573396905884,0.18410654366016388,3.2820847034454346,3.8311712741851807,169.69741821289062,170.95896911621094,2.5352320671081543,6.149202823638916,344,44,0.9999999999999998,0.2911930785777763,0.9903022627021247,0.043067109327987074,344,344,0,0.01,1.5226187705993652,5.379187107086182,5.4759063720703125,3.596373877560418,0.07743623107671738,8.428177833557129,0.8394692540168762,7.939192771911621,0.9419821138918621,0.6153978109359741
gpu_seed1102_ckpt300_optimizer_reset,1102,300,optimizer_reset,45,24.963817596435547,0.1470983120046019,2.6788369814554853,169.6585470974452,0.000125,2.5260634422302246,5.20490042368571,1.1739090383052826,49.101293861866,49.06574720144272,0.02403331734240055,0.583041250705719,0.5828697681427002,0.027743520215153694,21.265546802888043,0.371386171527089,1.620421637063489,0.1704818457365036,3.2982096672058105,3.8763680458068848,169.69715881347656,170.97064208984375,2.346364974975586,4.810710430145264,345,45,0.9999999999999999,0.2919018854991986,0.9912720364319123,0.04402404221865919,345,345,0,0.01,1.5042767524719238,4.786361217498779,4.921194553375244,3.271468860557175,0.0662461593747139,8.420530319213867,0.8426935076713562,7.9291791915893555,0.9416484343623472,0.6160988807678223
gpu_seed1102_ckpt300_optimizer_reset,1102,300,optimizer_reset,46,25.103818893432617,0.14792326413330453,2.879137913386027,208.66021209289937,0.000125,2.519392410914103,5.39853032430013,1.1988569144159555,49.72675096988678,49.69116932153702,0.02494787611067295,0.6254571080207825,0.6254221200942993,0.0213460810482502,20.939795726699753,0.3731471514807208,1.6379676682886006,0.17417685687541962,2.379446506500244,3.9868335723876953,169.69692993164062,170.9820098876953,2.5553066730499268,5.702329635620117,346,46,0.9999999999999999,0.2926099836136994,0.992144832788721,0.044980018176440484,346,346,0,0.01,1.7192234992980957,5.489895820617676,5.826074123382568,3.388782276276342,-0.04494694247841835,8.412557601928711,0.859870195388794,7.907071590423584,0.939912921203633,0.621307909488678
gpu_seed1102_ckpt300_optimizer_reset,1102,300,optimizer_reset,47,25.240406036376953,0.14872809849371552,2.640011707941691,161.33536665503948,0.000125,2.517508109410604,5.157519817352295,1.2241954691708088,50.35394108295441,50.31835663318634,0.02533855475485325,0.627190113067627,0.6271873116493225,0.02030966430902481,20.617954135586338,0.3746468756581484,1.656027013321786,0.17297932505607605,2.5060911178588867,4.118724822998047,169.69664001464844,170.99301147460938,2.524402379989624,5.081815719604492,347,47,0.9999999999999999,0.2933173736300857,0.9929303495098489,0.04593503815826405,347,347,0,0.01,1.770986557006836,5.23480224609375,5.6383562088012695,3.18373744085756,-0.06749793887138367,8.404513359069824,0.8649131655693054,7.895263195037842,0.9394075370844216,0.6224049925804138
gpu_seed1102_ckpt300_optimizer_reset,1102,300,optimizer_reset,48,25.3742733001709,0.14951690607335333,3.0197888215382895,241.59039470198093,0.000125,2.517497936884562,5.537286758422852,1.2490801196545362,50.97627592086792,50.94069021940231,0.024884650483727455,0.6223348379135132,0.6223335862159729,0.02004355750977993,20.314368070455288,0.3760651138770379,1.6711630106617967,0.16556347906589508,3.8313651084899902,4.174968242645264,169.69644165039062,171.0037841796875,2.652419090270996,5.449652671813965,348,48,0.9999999999999999,0.29402405625645556,0.9936373145588641,0.046889103120105746,348,348,0,0.01,1.7093634605407715,5.081996917724609,5.417989253997803,3.1695946351167508,-0.03487955033779144,8.397027015686035,0.8695880770683289,7.884491920471191,0.9389623143693187,0.6231914758682251
gpu_seed1102_ckpt300_optimizer_reset,1102,300,optimizer_reset,49,25.504411697387695,0.15028374145354406,3.3573765754699703,343.86990412098544,0.000125,2.518334229787191,5.875710805257161,1.273670556023717,51.60470366477966,51.5691779255867,0.02459043636918068,0.6284277439117432,0.6284877061843872,0.017126746475696564,20.024339556839653,0.37745223397149413,1.6863123227021675,0.16368766129016876,3.7003095149993896,4.024975299835205,169.69619750976562,171.01406860351562,2.776204824447632,5.756599426269531,349,49,0.9999999999999999,0.2947300322001991,0.9942735831029776,0.04784221401698563,349,349,0,0.01,1.638749361038208,4.872654438018799,5.158828258514404,3.148027624702138,-0.011599709279835224,8.389275550842285,0.8732066750526428,7.873866081237793,0.9385632923269895,0.6241605281829834
gpu_seed1102_ckpt300_optimizer_reset,1102,300,optimizer_reset,50,25.630596160888672,0.15102727843503724,2.986955324808757,234.84233982698228,0.000125,2.523716449737549,5.510671774546306,1.2982209231704473,52.20348870754242,52.16809916496277,0.024550367146730423,0.5987850427627563,0.5989212393760681,0.014952604658901691,19.742861714380034,0.3786671485457838,1.7014750242238614,0.16118107736110687,3.036670684814453,3.894007921218872,169.69598388671875,171.02391052246094,2.3551299571990967,5.766378402709961,350,50,0.9999999999999999,0.29543530216799896,0.9948462247926799,0.04879437180296864,350,350,1,0.01,1.659942865371704,4.066915035247803,4.432361125946045,2.670188967588866,-0.025968484580516815,8.381209373474121,0.8797256350517273,7.8618574142456055,0.938033768626141,0.6245477795600891
gpu_seed1102_ckpt300_optimizer_reset,1102,300,optimizer_reset,51,25.75482940673828,0.15175931794336708,2.424117803573608,128.82297959073648,0.000125,2.5270467599232993,4.951164563496907,1.321536773815751,52.79987555742264,52.764461040496826,0.023315850645303726,0.5963868498802185,0.5963618755340576,0.02061929926276207,19.48854539428014,0.3796853853116164,1.713548923167713,0.15349765121936798,2.6574270725250244,3.775965929031372,169.6957550048828,171.0337677001953,2.5194735527038574,4.74038028717041,351,51,0.9999999999999999,0.29613986686583094,0.9953616023134119,0.0497455774311657,351,351,0,0.01,1.5298811197280884,4.065655708312988,4.275265693664551,2.7945084350224647,0.047604162245988846,8.373140335083008,0.8840176463127136,7.850336074829102,0.9375617463301884,0.6257225275039673
gpu_seed1102_ckpt300_optimizer_reset,1102,300,optimizer_reset,52,25.87739372253418,0.15248152334708506,1.9238116741180424,73.45216556203218,0.000125,2.5307044188181558,4.454516092936198,1.3452074490487576,53.38658928871155,53.35132646560669,0.023670675233006477,0.5867137312889099,0.5868654251098633,0.013762361370027065,19.23673091523076,0.38058667719570505,1.7247783481692385,0.1478012651205063,2.2201788425445557,3.6930782794952393,169.6955108642578,171.043701171875,2.54118013381958,5.021249771118164,352,52,0.9999999999999999,0.2968437269989651,0.9958254420820707,0.05069583185373461,352,352,0,0.01,1.528741478919983,3.953404664993286,4.2631611824035645,2.7886737170319935,-0.017214639112353325,8.365574836730957,0.8862012028694153,7.841381549835205,0.9373392388296977,0.625941812992096
gpu_seed1102_ckpt300_optimizer_reset,1102,300,optimizer_reset,53,25.9973087310791,0.15318811781216776,1.6387010415395102,52.242920701591636,0.000125,2.533162991205851,4.171864032745361,1.3694412484765053,53.97208911180496,53.93692100048065,0.024233799427747726,0.5854998230934143,0.5855945348739624,0.01678791642189026,18.983880294230918,0.3816308049382177,1.7369003454195837,0.14502228796482086,1.9963409900665283,3.7281248569488525,169.69529724121094,171.0537567138672,2.534820318222046,4.116902828216553,353,53,0.9999999999999999,0.2975468832719661,0.9962428978738637,0.05164513602188081,353,353,0,0.01,1.6192553043365479,4.051566123962402,4.40584135055542,2.7209059243180245,-0.028524061664938927,8.357773780822754,0.8877713084220886,7.832708358764648,0.9371764017753357,0.6259739995002747
gpu_seed1102_ckpt300_optimizer_reset,1102,300,optimizer_reset,54,26.113645553588867,0.15387362795696263,1.5349201361338296,46.17329238538466,0.000125,2.540155569712321,4.07507570584615,1.3954246249049902,54.565016090869904,54.53008407354355,0.025983376428484917,0.5929269790649414,0.5931630730628967,0.012819888070225716,18.7137628844325,0.38270518204075854,1.7462491517825955,0.14758743345737457,1.8124134540557861,3.7899909019470215,169.69508361816406,171.06344604492188,2.5929033756256104,5.087074279785156,354,54,0.9999999999999999,0.2982493363886942,0.9966186080864773,0.05259349088585896,354,354,0,0.01,1.856380820274353,4.083090305328369,4.507601261138916,2.428166253339287,-0.013239005580544472,8.349857330322266,0.892142653465271,7.820700645446777,0.9366268591255077,0.6277580857276917
gpu_seed1102_ckpt300_optimizer_reset,1102,300,optimizer_reset,55,26.22727394104004,0.15454317875484455,1.628897269566854,52.75929023654136,0.000125,2.5551799138387046,4.184077183405559,1.4231751915067434,55.13154351711273,55.096603870391846,0.027750566601753235,0.5665274262428284,0.5665197968482971,0.02476627752184868,18.42870371654967,0.3839680015306004,1.7543655050706413,0.1419120579957962,1.8421615362167358,4.0160980224609375,169.69482421875,171.0727996826172,3.0205798149108887,4.5603179931640625,355,55,0.9999999999999999,0.29895108705230544,0.9969567472778296,0.05354089739497314,355,355,0,0.01,1.9018769264221191,3.8509902954101562,4.190649509429932,2.2034283350349764,0.06046589836478233,8.341875076293945,0.8949359655380249,7.810460567474365,0.9362955565792759,0.628528356552124
gpu_seed1102_ckpt300_optimizer_reset,1102,300,optimizer_reset,56,26.336761474609375,0.15518832973431237,1.4833144346872964,44.524343791368466,0.000125,2.5700484116872153,4.053362846374512,1.4510313253849745,55.73174649477005,55.69675701856613,0.02785613387823105,0.6002029776573181,0.6001531481742859,0.024993162602186203,18.150374160670715,0.3858460579879874,1.7687400350647169,0.1541394740343094,1.7520707845687866,4.398865699768066,169.69459533691406,171.0814971923828,2.686274290084839,4.720277786254883,356,56,1.0,0.2996521359652532,0.9972610725500466,0.05448735649757808,356,356,0,0.01,1.7353788614273071,3.9175708293914795,4.215897083282471,2.429381374285364,0.04303296282887459,8.333880424499512,0.8975868821144104,7.801568984985352,0.9361268205924536,0.6279582381248474
gpu_seed1102_ckpt300_optimizer_reset,1102,300,optimizer_reset,57,26.444440841674805,0.1558228261638693,1.8173987865448002,68.17337708438808,0.000125,2.5819269816080728,4.399325768152873,1.4782658759504557,56.29831302165985,56.26323068141937,0.027234550565481186,0.566566526889801,0.566473662853241,0.027444858103990555,17.888825868116843,0.38754832995550464,1.7835372959283449,0.14678773283958435,1.7617146968841553,4.7468647956848145,169.69435119628906,171.09027099609375,2.955965518951416,4.367766380310059,357,57,1.0,0.3003524838292879,0.9975349652950419,0.05543286914108059,357,357,0,0.01,1.602969765663147,3.674302577972412,3.9524264335632324,2.465689945141075,0.038060467690229416,8.32593822479248,0.8994856476783752,7.791830062866211,0.9358500931058111,0.6287636160850525
gpu_seed1102_ckpt300_optimizer_reset,1102,300,optimizer_reset,58,26.550708770751953,0.15644900575066878,1.636548280715942,55.08992242606996,0.000125,2.588897784550985,4.225446065266927,1.5034171473234892,56.84604674577713,56.81084769964218,0.025151271373033524,0.547733724117279,0.5476170182228088,0.027600903064012527,17.660240750880163,0.3890161265610565,1.7950463438948647,0.14646568894386292,1.6779133081436157,5.072709083557129,169.694091796875,171.09915161132812,2.7136363983154297,4.274407386779785,358,58,1.0,0.3010521313454586,0.9977814687655377,0.056377436271939474,358,358,0,0.01,1.4377485513687134,3.724095106124878,3.938096284866333,2.7390716416403897,0.03991216421127319,8.317893028259277,0.9096645712852478,7.776791572570801,0.934947293280754,0.6301696300506592
gpu_seed1102_ckpt300_optimizer_reset,1102,300,optimizer_reset,59,26.654258728027344,0.15705916979567178,1.451565345128377,43.66939566192307,0.000125,2.591920852661133,4.04348619778951,1.5279821678996086,57.378731071949005,57.343254923820496,0.024565020576119423,0.532684326171875,0.5324072241783142,0.03433426469564438,17.444090178519108,0.39032243645981096,1.8033470431754068,0.144464910030365,1.9114775657653809,5.260811805725098,169.69384765625,171.10787963867188,2.4701454639434814,4.070381164550781,359,59,1.0,0.30175107921411315,0.998003321888984,0.057321058835667515,359,359,0,0.01,1.3921175003051758,3.703451633453369,3.8280928134918213,2.749834559690463,0.0969085618853569,8.309858322143555,0.9136146306991577,7.765548229217529,0.9344982703884952,0.6312357187271118
gpu_seed1102_ckpt300_optimizer_reset,1102,300,optimizer_reset,60,26.754270553588867,0.15764848553889768,1.4513281981150312,43.23500292605571,0.000125,2.582233428955078,4.033561627070109,1.5523211099207401,57.88884079456329,57.85302007198334,0.024338942021131516,0.5101097226142883,0.5097651481628418,0.03800894320011139,17.235010451502315,0.3917573263791846,1.807024202810686,0.14156663417816162,2.206585645675659,5.421499729156494,169.69361877441406,171.11636352539062,2.4567530155181885,4.376636505126953,360,60,1.0,0.3024493281348991,0.9982029897000856,0.0582637377768318,360,360,0,0.01,1.4793434143066406,3.489485025405884,3.6301627159118652,2.453901292155917,0.1149601936340332,8.301961898803711,0.9198473691940308,7.7558274269104,0.9342162155703291,0.6295942068099976
gpu_seed1102_ckpt300_optimizer_reset,1102,300,optimizer_reset,61,26.849721908569336,0.15821092888883562,1.5531558195749917,48.600633520092025,0.000125,2.568204085032145,4.121359904607137,1.5769617389887571,58.38151487708092,58.34542629122734,0.024640629068017006,0.4926740825176239,0.4924062192440033,0.03587527573108673,17.026235478465043,0.3930006380602254,1.8123593578709076,0.14195619523525238,2.041574001312256,5.447079181671143,169.69337463378906,171.12429809570312,2.581429958343506,4.2513108253479,361,61,1.0,0.30314687880676416,0.998382690730077,0.05920547403905507,361,361,0,0.01,1.5971087217330933,3.2129316329956055,3.4232678413391113,2.1434156577782812,0.11253473907709122,8.294107437133789,0.92222660779953,7.746608734130859,0.9339894368196099,0.6296712160110474
gpu_seed1102_ckpt300_optimizer_reset,1102,300,optimizer_reset,62,26.942834854125977,0.15875959325334027,1.039344310760498,23.23245856469885,0.000125,2.5426766872406006,3.5820209980010986,1.6021054815500975,58.86439636349678,58.828237265348434,0.025143742561340332,0.48288148641586304,0.48281097412109375,0.028838815167546272,16.817141670373008,0.3940163795350336,1.8176205608543345,0.13965970277786255,1.8799926042556763,5.27077054977417,169.69314575195312,171.13197326660156,2.733827829360962,4.9711174964904785,362,62,1.0,0.30384373192795744,0.9985444216570694,0.060146268565015926,362,362,0,0.01,1.8840844631195068,3.355839729309082,3.7285799980163574,1.9789877104771156,0.07189379632472992,8.287238121032715,0.9289289116859436,7.734112739562988,0.9332557634531042,0.6316189765930176
gpu_seed1102_ckpt300_optimizer_reset,1102,300,optimizer_reset,63,27.031431198120117,0.15928164372102105,1.4037366708119712,38.394646452957076,0.000125,2.5261162916819253,3.9298529624938965,1.6291516665369272,59.36408159136772,59.32786765694618,0.027046184986829758,0.49968522787094116,0.4996303915977478,0.02909054607152939,16.592335602224185,0.3950049732918517,1.826113112545379,0.14356623589992523,1.7542263269424438,4.979775428771973,169.6929168701172,171.1389617919922,2.8006160259246826,5.3084588050842285,363,63,1.0,0.3045398881960294,0.9986899794913624,0.06108612229645094,363,363,0,0.01,1.9603546857833862,3.8154420852661133,4.168428897857666,2.12636464619655,0.0685054361820221,8.279906272888184,0.9369879961013794,7.717807292938232,0.9321128813026028,0.6361196041107178
gpu_seed1102_ckpt300_optimizer_reset,1102,300,optimizer_reset,64,27.118619918823242,0.1597953998238978,1.4110115369160972,38.34785647288918,0.000125,2.5152640342712402,3.9262755711873374,1.6567184422165155,59.84101361036301,59.80453300476074,0.027566775679588318,0.47693201899528503,0.47666534781455994,0.03857102990150452,16.368876706970802,0.39584090165416486,1.8316781471053007,0.13610467314720154,1.6634202003479004,4.6978912353515625,169.69265747070312,171.14585876464844,2.9159793853759766,4.140732288360596,364,64,1.0,0.3052353483078334,0.9988209815422261,0.06202503617415456,364,364,0,0.01,2.1379690170288086,3.3945467472076416,3.6248888969421387,1.6954824265779331,0.20351813733577728,8.2722749710083,0.9452705979347229,7.700698375701904,0.9309045459307721,0.6409139633178711
gpu_seed1102_ckpt300_optimizer_reset,1102,300,optimizer_reset,65,27.203378677368164,0.16029483747045967,1.6083420912424722,49.44273220500531,0.000125,2.515890677769979,4.124232769012451,1.6843642387539148,60.30144611001015,60.26473832130432,0.027645796537399292,0.4604324996471405,0.4602053165435791,0.038237713277339935,16.15053208294006,0.3966526119966564,1.8338819853095265,0.13291163742542267,1.9272812604904175,4.512401580810547,169.69241333007812,171.15249633789062,2.8525216579437256,4.138614177703857,365,65,1.0,0.30593011295952555,0.9989388833880035,0.06296301113798031,365,365,0,0.01,2.1510093212127686,3.0917062759399414,3.5395262241363525,1.6455187754086875,0.12459919601678848,8.26424503326416,0.9492448568344116,7.689270496368408,0.9304262476992914,0.6420783996582031
gpu_seed1102_ckpt300_optimizer_reset,1102,300,optimizer_reset,66,27.284696578979492,0.16077400000305606,1.3585139115651446,35.937674824354104,0.000125,2.520388682683309,3.8789025942484536,1.70981908403337,60.773608684539795,60.73678454756737,0.025454845279455185,0.4721625745296478,0.47204622626304626,0.031524982303380966,15.957651212197504,0.39735672564189295,1.8325143357699538,0.13828212022781372,2.0667459964752197,4.3544840812683105,169.6921844482422,171.15858459472656,2.5427086353302,4.745364665985107,366,66,1.0,0.306624182846566,0.9990449950492032,0.06390004812684236,366,366,0,0.01,1.8352912664413452,3.2091832160949707,3.5829403400421143,1.9522461668918263,0.0704345852136612,8.256263732910156,0.9523893594741821,7.678924083709717,0.9300725282187818,0.642683207988739
gpu_seed1102_ckpt300_optimizer_reset,1102,300,optimizer_reset,67,27.362163543701172,0.16123047104169666,0.9914367993672686,21.16785353945472,0.000125,2.5247395833333335,3.516176382700602,1.7340151835232973,61.23799046874046,61.201120257377625,0.024196099489927292,0.46438178420066833,0.46433570981025696,0.027955995872616768,15.779656258885213,0.3981555190246499,1.8354507317009177,0.13752199709415436,1.898332953453064,4.237649440765381,169.69195556640625,171.16395568847656,2.5227484703063965,4.462904930114746,367,67,1.0,0.30731755866371946,0.9991404955442829,0.06483614807871552,367,367,0,0.01,1.5932841300964355,3.0693295001983643,3.431037425994873,2.153437269085867,0.019151980057358742,8.248428344726562,0.9554380178451538,7.668190002441406,0.9296546786810547,0.6438576579093933
gpu_seed1102_ckpt300_optimizer_reset,1102,300,optimizer_reset,68,27.4361629486084,0.16166650962069798,0.8506024678548179,16.70828626665469,0.000125,2.522446791330973,3.373049259185791,1.7584265992045403,61.697441935539246,61.6605703830719,0.024411415681242943,0.45945146679878235,0.4594501256942749,0.026620397344231606,15.602677394099985,0.399093554961796,1.8420948755400726,0.1360645294189453,1.4273076057434082,4.083564758300781,169.69171142578125,171.1687774658203,2.6468563079833984,4.121262550354004,368,68,1.0,0.3080102411050558,0.9992264459898546,0.06577131193063679,368,368,0,0.01,1.6270203590393066,3.1496925354003906,3.4319231510162354,2.109330182592519,0.07704594731330872,8.240889549255371,0.9571865200996399,7.659732818603516,0.9294788836594349,0.6438178420066833
gpu_seed1102_ckpt300_optimizer_reset,1102,300,optimizer_reset,69,27.508813858032227,0.16209460224317293,1.061179717381795,23.43649996820503,0.000125,2.5178352197011313,3.5790149370829263,1.7830226626247168,62.139779061079025,62.10274839401245,0.024596063420176506,0.44233712553977966,0.44217801094055176,0.03427059203386307,15.428190810273923,0.400006260036425,1.850091620204117,0.1309972107410431,1.4789378643035889,4.051383972167969,169.6914825439453,171.17359924316406,2.4754302501678467,3.4878342151641846,369,69,1.0,0.30870223086395077,0.9993038013908692,0.06670554061870615,369,369,0,0.01,1.66718590259552,3.1328837871551514,3.331653356552124,1.9983694388030258,0.1430717259645462,8.233553886413574,0.9612438082695007,7.649030685424805,0.929007180975127,0.6448785662651062
gpu_seed1102_ckpt300_optimizer_reset,1102,300,optimizer_reset,70,27.57926368713379,0.1625097250865369,1.20200514793396,28.863914929962007,0.000125,2.518106460571289,3.720111608505249,1.8084420822560787,62.55815377831459,62.521179884672165,0.02541941963136196,0.4183747172355652,0.41843149065971375,0.028144940733909607,15.250288609028987,0.4009158114085236,1.8571302338835285,0.12503638863563538,1.435002088546753,4.053485870361328,169.69122314453125,171.1782684326172,2.6377370357513428,3.7111146450042725,370,70,1.0,0.3093935286330868,0.9993734212517822,0.06763883507808743,370,370,0,0.01,1.7740163803100586,2.760303258895874,3.18966007232666,1.7979879485483559,0.06049621105194092,8.22559928894043,0.9643982648849487,7.639852046966553,0.9287897183658872,0.6443665027618408
gpu_seed1102_ckpt300_optimizer_reset,1102,300,optimizer_reset,71,27.646486282348633,0.16290583158132577,0.9185927708943682,18.770976184628488,0.000125,2.52301295598348,3.441605726877848,1.8334063533693552,62.96583345532417,62.92907240986824,0.02496427111327648,0.4076796770095825,0.40789252519607544,0.022088665515184402,15.079301013398384,0.40159787562402827,1.8635681122517183,0.12399096041917801,1.3531674146652222,4.015856742858887,169.69100952148438,171.18260192871094,2.4060518741607666,3.869331121444702,371,71,1.0,0.31008413510445365,0.9994360791266039,0.06857119624300934,371,371,0,0.01,1.680132269859314,2.783748149871826,3.3890950679779053,2.0171596777078,-0.09769672155380249,8.217846870422363,0.9726858735084534,7.625667095184326,0.9279397895122218,0.6460544466972351
gpu_seed1102_ckpt300_optimizer_reset,1102,300,optimizer_reset,72,27.712059020996094,0.16329221636126975,1.2123754024505615,29.728858957188947,0.000125,2.5328381856282554,3.745213588078817,1.8591096568852663,63.36953315138817,63.33284395933151,0.025703303515911102,0.40369969606399536,0.4037715494632721,0.029039088636636734,14.906091697361033,0.40225376772506155,1.8708155261536936,0.12268295884132385,1.8313244581222534,4.03805685043335,169.69073486328125,171.18678283691406,2.817981481552124,3.6990177631378174,372,72,1.0,0.3107740509693492,0.9994924712139436,0.06950262504676641,372,372,0,0.01,1.7668906450271606,2.7497198581695557,3.291618824005127,1.8629442819607351,-0.015631752088665962,8.210049629211426,0.9739424586296082,7.617236614227295,0.9277942227199425,0.6460118293762207
gpu_seed1102_ckpt300_optimizer_reset,1102,300,optimizer_reset,73,27.774982452392578,0.16366299020257846,1.2705146471659345,32.611464123217225,0.000125,2.5436081091562905,3.814122756322225,1.88506343588233,63.89061740040779,63.85371798276901,0.025953778997063637,0.5210842490196228,0.5208740234375,0.03300106152892113,14.73424285022927,0.4031966248078354,1.8832903689529585,0.17123176157474518,1.4503353834152222,4.034614086151123,169.6905059814453,171.19070434570312,2.708817720413208,4.328979015350342,373,73,1.0,0.31146327691837983,0.9995432240925493,0.07043312242171962,373,373,0,0.01,1.8313624858856201,4.372959136962891,4.608249187469482,2.516295502929058,0.07746169716119766,8.202371597290039,0.9873361587524414,7.604269027709961,0.9270817516023523,0.6438743472099304
gpu_seed1102_ckpt300_optimizer_reset,1102,300,optimizer_reset,74,27.837512969970703,0.1640314488146871,1.431591590245565,41.10490790040946,0.000125,2.5575637022654214,3.9891552925109863,1.9114154558628798,64.40919098258018,64.37195426225662,0.026352019980549812,0.5185735821723938,0.5182362794876099,0.038205262273550034,14.563821216664438,0.40439527167995387,1.8955707971911044,0.16391237080097198,1.311173915863037,4.229186534881592,169.69024658203125,171.19505310058594,2.4360289573669434,3.396282196044922,374,74,1.0,0.3121518136414615,0.9995889016832943,0.0713626892992979,374,374,0,0.01,1.950266718864441,4.310121059417725,4.484239101409912,2.2992953005005377,0.13516055047512054,8.196161270141602,0.9923508763313293,7.593700408935547,0.9264947526835849,0.6453295350074768
gpu_seed1102_ckpt300_optimizer_reset,1102,300,optimizer_reset,75,27.901411056518555,0.16440796577308914,1.4421394666035972,42.22826783378648,0.000125,2.570689598719279,4.012829065322876,1.9367869459092617,64.90434446930885,64.86692234873772,0.02537149004638195,0.4951534867286682,0.49496808648109436,0.03292623162269592,14.406030108492546,0.4056784913877815,1.9047599649530043,0.15575510263442993,1.372229814529419,4.501341342926025,169.6899871826172,171.1997528076172,2.7627270221710205,4.0463128089904785,375,75,1.0,0.3128396618278201,0.9996300115149649,0.0722913266099986,375,375,1,0.01,1.7921764850616455,3.97507905960083,4.2539896965026855,2.373644410558142,0.06433983147144318,8.188170433044434,0.9978553652763367,7.581084251403809,0.9258581405204299,0.646771252155304
gpu_seed1102_ckpt300_optimizer_reset,1102,300,optimizer_reset,76,27.9649600982666,0.1647824259987552,1.6740219593048091,57.12322551949305,0.000125,2.57881768544515,4.252839644749959,1.9628053847700357,65.3797801733017,65.34229570627213,0.02601843886077404,0.47543570399284363,0.47537335753440857,0.02975798398256302,14.247444150724478,0.4069352919297492,1.912723190661417,0.14754897356033325,1.711890697479248,4.787785530090332,169.68971252441406,171.20437622070312,2.6703884601593018,4.157592296600342,376,76,1.0,0.31352682216599226,0.9996670103634684,0.07321903528338858,376,376,0,0.01,1.9322305917739868,3.7667994499206543,4.132316589355469,2.138624968958512,0.05813496187329292,8.180624008178711,1.001644492149353,7.5699357986450195,0.9253494343556101,0.6481493711471558
gpu_seed1102_ckpt300_optimizer_reset,1102,300,optimizer_reset,77,28.0262451171875,0.16514354555907923,1.8051968415578208,66.98483165559715,0.000125,2.5789249738057456,4.384121815363566,1.9873034823685884,65.83421224355698,65.79670017957687,0.024498097598552704,0.45443207025527954,0.45440447330474854,0.02808237075805664,14.102649829692858,0.40802808658763023,1.9198932017454962,0.14379999041557312,2.0231456756591797,4.9102349281311035,169.68946838378906,171.20840454101562,2.8023183345794678,5.3867621421813965,377,77,1.0,0.31421329534382625,0.9997003093271215,0.07414581624810523,377,377,0,0.01,1.601462960243225,3.3328213691711426,3.6745474338531494,2.29449417505902,0.01593298651278019,8.17331600189209,1.0088450908660889,7.5573954582214355,0.9246425143076573,0.6492321491241455
gpu_seed1102_ckpt300_optimizer_reset,1102,300,optimizer_reset,78,28.08591651916504,0.16549515694511568,1.8214875062306723,67.99331896193586,0.000125,2.5744024912516275,4.3958899974823,2.014441544190049,66.28651994466782,66.24877351522446,0.027138061821460724,0.45230770111083984,0.452073335647583,0.03863300010561943,13.942284202862615,0.40910320370795683,1.9284126266039237,0.1424378752708435,2.0128014087677,4.849820137023926,169.68922424316406,171.21243286132812,2.5840861797332764,4.366340160369873,378,78,1.0,0.3148990820484824,0.9997302783944094,0.07507167043185714,378,378,0,0.01,1.9001009464263916,3.3364012241363525,3.5909411907196045,1.8898686395958935,0.14568164944648743,8.165786743164062,1.0159252882003784,7.546075344085693,0.9241087945876029,0.6490567326545715
gpu_seed1102_ckpt300_optimizer_reset,1102,300,optimizer_reset,79,28.14362907409668,0.165835225902082,2.062228520711263,90.14628212202341,0.000125,2.5752199490865073,4.6374484697977705,2.0422456115484238,66.73800015449524,66.699865847826,0.027804067358374596,0.4514802098274231,0.45109233260154724,0.04473745822906494,13.780726918905945,0.4100706943579678,1.9369581043114177,0.14209948480129242,1.8905112743377686,4.688625335693359,169.68902587890625,171.21600341796875,2.6639952659606934,4.569911956787109,379,79,1.0,0.31558418296643387,0.9997572505549684,0.07599659876142528,379,379,0,0.01,1.8110840320587158,3.1098968982696533,3.3922247886657715,1.8730355569464385,0.12821561098098755,8.157963752746582,1.0186543464660645,7.535382270812988,0.9236842059116884,0.6502920389175415
gpu_seed1102_ckpt300_optimizer_reset,1102,300,optimizer_reset,80,28.200603485107422,0.16617094537506572,1.6081772645314536,52.55206298267711,0.000125,2.5770860513051352,4.185263315836589,2.069071751087904,67.18743494153023,67.14938911795616,0.02682613953948021,0.4494347870349884,0.44952327013015747,0.026545606553554535,13.629591854543518,0.41094943216255575,1.945869134355514,0.1401197761297226,1.425968885421753,4.456292629241943,169.6887664794922,171.21937561035156,2.5274715423583984,5.263315200805664,380,80,1.0,0.31626859878346747,0.9997815254994716,0.07692060216266383,380,380,0,0.01,1.800589919090271,3.0193915367126465,3.4968345165252686,1.9420493691812208,0.012047706171870232,8.149993896484375,1.0218383073806763,7.525820255279541,0.9234142197977591,0.6501316428184509
gpu_seed1102_ckpt300_optimizer_reset,1102,300,optimizer_reset,81,28.256790161132812,0.1665020231506726,1.6772323449452715,57.382155033447134,0.000125,2.579390525817871,4.256622870763143,2.095704482868314,67.62861257791519,67.59067499637604,0.026632731780409813,0.441177636384964,0.4412858784198761,0.026118870824575424,13.483194024782204,0.41175799922676204,1.9547965421543132,0.1335168182849884,1.5929070711135864,4.232261657714844,169.68850708007812,171.2224884033203,2.6082911491394043,4.431379318237305,381,81,1.0,0.31695233018468405,0.9998033729495245,0.07784368156050114,381,381,0,0.01,1.7326146364212036,3.018648624420166,3.469658374786377,2.002556311050861,0.007233678363263607,8.142544746398926,1.0235075950622559,7.517309665679932,0.9232137986105106,0.6502712965011597
gpu_seed1102_ckpt300_optimizer_reset,1102,300,optimizer_reset,82,28.312049865722656,0.16682763878360368,1.1740918954213462,29.479307046415276,0.000125,2.5793561935424805,3.7534480889638266,2.121213996782899,68.06752818822861,68.02979969978333,0.025509513914585114,0.4389156103134155,0.4391247034072876,0.020860347896814346,13.347097420933611,0.4123915522825611,1.9617222982074576,0.13210463523864746,1.4783378839492798,4.134542942047119,169.68824768066406,171.2255096435547,2.414429187774658,3.7992022037506104,382,82,1.0,0.31763537785449936,0.999823035654572,0.07876583787894065,382,382,0,0.01,1.5824940204620361,2.9919700622558594,3.4307668209075928,2.167949310736576,-0.033157866448163986,8.13489818572998,1.030655026435852,7.504100799560547,0.9224578634214643,0.6516541242599487
gpu_seed1102_ckpt300_optimizer_reset,1102,300,optimizer_reset,83,28.367076873779297,0.16715188326137742,1.158639987309774,28.78032050714115,0.000125,2.5778024196624756,3.7364424069722495,2.1467640306800604,68.49965876340866,68.46197393536568,0.025550033897161484,0.4321305751800537,0.4321742355823517,0.027853256091475487,13.213877477153298,0.4129296261498007,1.9684123162809835,0.12646456062793732,1.6800167560577393,4.099890232086182,169.68798828125,171.2286834716797,2.611642837524414,3.385895252227783,383,83,1.0,0.3183177424766448,0.9998407320891148,0.07968707204106174,383,383,0,0.01,1.5579814910888672,3.2462995052337646,3.529977798461914,2.265737955585442,0.049926359206438065,8.127042770385742,1.0352448225021362,7.493923187255859,0.9220971759324512,0.6514350771903992
gpu_seed1102_ckpt300_optimizer_reset,1102,300,optimizer_reset,84,28.420242309570312,0.1674651584978927,1.141697645187378,27.84253640546278,0.000125,2.5694664319356284,3.7111640771230063,2.172958729788661,68.91242906451225,68.87475791573524,0.026194699108600616,0.4127703011035919,0.41278398036956787,0.031208762899041176,13.07905296126878,0.4132383994249032,1.9771693159956782,0.12402994930744171,1.5916759967803955,3.9430575370788574,169.68771362304688,171.2316436767578,2.8271803855895996,3.9963181018829346,384,84,1.0,0.3189994247341682,0.9998566588802034,0.08060738496902065,384,384,0,0.01,1.6079797744750977,2.9471421241760254,3.207292318344116,1.9946098634164082,0.10387567430734634,8.119619369506836,1.0379645824432373,7.484023094177246,0.9217209272496827,0.6522979140281677
gpu_seed1102_ckpt300_optimizer_reset,1102,300,optimizer_reset,85,28.471860885620117,0.16776931892430486,0.9795440832773847,21.50651084719621,0.000125,2.5595871607462564,3.539131244023641,2.1978284046053886,69.32985466718674,69.29202914237976,0.024869674816727638,0.41742560267448425,0.417271226644516,0.035995081067085266,12.954542231753152,0.413477970797086,1.9861397646004249,0.12217928469181061,1.3158881664276123,3.823324680328369,169.68743896484375,171.23452758789062,2.524373769760132,3.7688980102539062,385,85,1.0,0.3196804253094341,0.999870992992183,0.08152677758405169,385,385,0,0.01,1.4462398290634155,2.9066317081451416,3.0838418006896973,2.1323170187372447,0.12251584231853485,8.11229133605957,1.0429277420043945,7.473773002624512,0.9212900144996357,0.6524229049682617
gpu_seed1102_ckpt300_optimizer_reset,1102,300,optimizer_reset,86,28.521955490112305,0.16806449940833432,1.0458435217539468,23.775450884959902,0.000125,2.555741866429647,3.6015853881835938,2.2234807796776295,69.78717842698097,69.74934202432632,0.02565237507224083,0.45732375979423523,0.4573128819465637,0.028468601405620575,12.827615039800218,0.41403622156095976,1.9942577178131193,0.12637381255626678,1.3348627090454102,3.8871631622314453,169.68719482421875,171.23753356933594,2.6169562339782715,4.106594085693359,386,86,1.0,0.3203607448841246,0.9998838936929647,0.08244525080646758,386,386,0,0.01,1.6508711576461792,2.9973368644714355,3.3848092555999756,2.0503170340827834,0.025511305779218674,8.104758262634277,1.046109676361084,7.464456081390381,0.920996757645835,0.6524383425712585
gpu_seed1102_ckpt300_optimizer_reset,1102,300,optimizer_reset,87,28.571319580078125,0.16835537536428796,1.146734555562337,27.672355087068404,0.000125,2.5559447606404624,3.7026793162027993,2.2484958972781897,70.23129150271416,70.19339925050735,0.02501511760056019,0.4441130757331848,0.4440572261810303,0.03039560653269291,12.706858667009834,0.4146069871356464,2.0012060775533174,0.1272013634443283,1.3517730236053467,3.9358010292053223,169.6869354248047,171.24034118652344,2.7382278442382812,3.925736665725708,387,87,1.0,0.3210403841392405,0.9998955043236682,0.08336280555566111,387,387,0,0.01,1.5948326587677002,3.075307846069336,3.376375436782837,2.117071918623479,0.06127908080816269,8.097148895263672,1.0594216585159302,7.4438395500183105,0.9193161255033329,0.6572079658508301
gpu_seed1102_ckpt300_optimizer_reset,1102,300,optimizer_reset,88,28.62012481689453,0.16864295830006873,1.133201440175374,27.113142142201973,0.000125,2.5554262002309165,3.6886276404062905,2.275659304112196,70.6860062777996,70.64806482195854,0.02716340683400631,0.4547147750854492,0.45466557145118713,0.03168056160211563,12.576629887068062,0.4151746171691767,2.0058211979426828,0.1264553666114807,1.1862772703170776,3.901401996612549,169.6867218017578,171.24293518066406,2.803786039352417,4.18364143371582,388,88,1.0,0.32171934375510125,0.9999059538913014,0.08427944275010546,388,388,0,0.01,1.8038386106491089,2.874655246734619,3.340411901473999,1.8518352372278495,0.034628406167030334,8.089672088623047,1.0611693859100342,7.434383392333984,0.918996877857194,0.6580931544303894
gpu_seed1102_ckpt300_optimizer_reset,1102,300,optimizer_reset,89,28.671171188354492,0.16894374703347112,0.7329610983530683,13.986166399421329,0.000125,2.5599655310312905,3.292926629384359,2.304305534809828,71.16189458966255,71.12394651770592,0.028646230697631836,0.47588831186294556,0.4758816957473755,0.03032875247299671,12.442434718496761,0.41567296369140044,2.0087194509354087,0.12789925932884216,1.00794517993927,4.017055511474609,169.6865234375,171.24603271484375,2.691948890686035,3.8139150142669678,389,89,1.0,0.3223976244113461,0.9999153585021713,0.08519516330735533,389,389,0,0.01,1.9035089015960693,3.1059412956237793,3.5615086555480957,1.8710228528797224,0.049547821283340454,8.08177375793457,1.0675973892211914,7.422685623168945,0.9184475890432517,0.6582325100898743
gpu_seed1102_ckpt300_optimizer_reset,1102,300,optimizer_reset,90,28.721498489379883,0.16924029867265789,0.7706449031829834,15.02214057323433,0.000125,2.560106039047241,3.3307509422302246,2.3353656604886055,71.61571851372719,71.57793700695038,0.031060125678777695,0.45382392406463623,0.45399048924446106,0.02885703183710575,12.298501675903921,0.4162000175976486,2.0108025120529773,0.12593546509742737,1.1929134130477905,4.101395130157471,169.6863250732422,171.24911499023438,2.8512253761291504,3.613084316253662,390,90,1.0,0.3230752267869348,0.9999238226519541,0.08610996814404803,390,390,0,0.01,2.098609685897827,2.6784489154815674,3.374274492263794,1.6078618691872681,0.017125088721513748,8.074246406555176,1.0696762800216675,7.413665771484375,0.9181867134330433,0.6585295796394348
gpu_seed1102_ckpt300_optimizer_reset,1102,300,optimizer_reset,91,28.77066993713379,0.16953003949196488,1.0042265256245932,22.46665160278571,0.000125,2.5640291372934976,3.568255662918091,2.368732772767544,72.05549648404121,72.01793202757835,0.03336711227893829,0.4397779703140259,0.43999502062797546,0.0314297191798687,12.146017595520918,0.4166701979641278,2.01398878156065,0.12194019556045532,1.387560486793518,4.000490665435791,169.68609619140625,171.25177001953125,2.9346954822540283,4.1374030113220215,391,91,1.0,0.3237521515601478,0.9999314403867587,0.08702385817590397,391,391,0,0.01,2.2416024208068848,2.3521358966827393,3.172868013381958,1.4154463717247594,0.04648926854133606,8.066490173339844,1.069790244102478,7.405728816986084,0.9180856429307349,0.6586682796478271
gpu_seed1102_ckpt300_optimizer_reset,1102,300,optimizer_reset,92,28.818025588989258,0.1698090808054542,1.058822552363078,24.5458892997664,0.000125,2.5676917235056558,3.626514275868734,2.3995093032717705,72.49449822306633,72.45716035366058,0.030776530504226685,0.43900173902511597,0.4392283260822296,0.02768826112151146,12.009966183370656,0.41720396154421496,2.0182813221921365,0.12271376699209213,1.1418899297714233,3.901663303375244,169.6858673095703,171.25404357910156,2.604891538619995,3.655439615249634,392,92,1.0,0.3244283994085877,0.9999382963480828,0.08793683431772803,392,392,0,0.01,1.9892650842666626,2.44208025932312,3.130742311477661,1.5738185605515853,0.01228738110512495,8.05906867980957,1.0753532648086548,7.393488883972168,0.9174123186831996,0.6600998044013977
gpu_seed1102_ckpt300_optimizer_reset,1102,300,optimizer_reset,93,28.865108489990234,0.17008651494527552,0.9964089393615723,22.1973015930724,0.000125,2.5643328030904136,3.560741742451986,2.4294424075633287,72.95877528190613,72.92149209976196,0.029933104291558266,0.464277058839798,0.4643317461013794,0.030408866703510284,11.88137179136893,0.417865700141908,2.019981185201299,0.12767097353935242,1.310638666152954,4.031528949737549,169.68565368652344,171.25613403320312,2.6305320262908936,4.217062950134277,393,93,1.0,0.3251039710091791,0.9999444667132745,0.0888488974834103,393,393,0,0.01,1.9990168809890747,2.933915615081787,3.374324321746826,1.6879919093407496,0.10382591187953949,8.052188873291016,1.0778542757034302,7.385157585144043,0.9171614950115711,0.6601486802101135
gpu_seed1102_ckpt300_optimizer_reset,1102,300,optimizer_reset,94,28.9134464263916,0.17037134433176496,0.8425153891245523,17.16128244519348,0.000125,2.5633581479390464,3.4058735370635986,2.458731723949313,73.43266788125038,73.39557588100433,0.02928931638598442,0.47389259934425354,0.4740837812423706,0.024374425411224365,11.759496225126142,0.41857604139304777,2.0216323553922018,0.13389652967453003,1.3188666105270386,4.329291343688965,169.68540954589844,171.25840759277344,2.705061197280884,3.739177703857422,394,94,1.0,0.32577886703816994,0.9999500200419471,0.0897600485859269,394,394,0,0.01,2.051196575164795,3.072012424468994,3.482332944869995,1.6977080534509588,0.12045341730117798,8.044816017150879,1.0816538333892822,7.374584674835205,0.9166877973482908,0.6610512733459473
gpu_seed1102_ckpt300_optimizer_reset,1102,300,optimizer_reset,95,28.96224594116211,0.17065889355061561,0.85357395807902,17.57246728521305,0.000125,2.5676937898000083,3.4212677478790283,2.4880849849432707,73.89034479856491,73.85347610712051,0.02935326099395752,0.4576769173145294,0.4579002261161804,0.024457644671201706,11.640376480874433,0.41942646882459755,2.0262919272760125,0.13583554327487946,1.435649037361145,4.636910438537598,169.68515014648438,171.2606658935547,2.8635263442993164,3.775338888168335,395,95,1.0,0.3264530881711317,0.9999550180377524,0.09067028853734094,395,395,0,0.01,2.154608726501465,2.815903425216675,3.420907974243164,1.5877165687508648,0.07161811739206314,8.037521362304688,1.086820125579834,7.365113735198975,0.9163414195998077,0.6604219675064087
gpu_seed1102_ckpt300_optimizer_reset,1102,300,optimizer_reset,96,29.010709762573242,0.1709444647095672,0.9187443256378174,19.51603618541664,0.000125,2.56168540318807,3.480429728825887,2.517498478293419,74.31892839074135,74.28253111243248,0.0294134933501482,0.4285835921764374,0.42905500531196594,0.01827932894229889,11.523625540472112,0.4201849273374094,2.0311119797094914,0.1309683471918106,1.5284972190856934,4.869472026824951,169.68492126464844,171.2632293701172,2.4836742877960205,3.1275110244750977,396,96,1.0,0.3271266350829606,0.9999595162339772,0.09157961824880367,396,396,0,0.01,2.0141794681549072,2.518306016921997,3.1613051891326904,1.569525079126658,0.03991604968905449,8.030305862426758,1.0884515047073364,7.356800556182861,0.91612955748098,0.6605972647666931
gpu_seed1102_ckpt300_optimizer_reset,1102,300,optimizer_reset,97,29.057226181030273,0.17121856087330883,0.9630339940388999,20.994663665101044,0.000125,2.5620690981547036,3.5251030921936035,2.5472252182662487,74.75286838412285,74.71676141023636,0.02972673997282982,0.43393999338150024,0.4342302978038788,0.024483053013682365,11.407403622046607,0.4208104136324475,2.037214783604132,0.13434840738773346,1.4076985120773315,4.903127670288086,169.6846466064453,171.26535034179688,2.6553890705108643,4.094747543334961,397,97,1.0,0.32779950844787764,0.9999635646105794,0.09248803863055488,397,397,0,0.01,2.1048583984375,2.7420947551727295,3.248781442642212,1.5434679335447634,0.12084167450666428,8.023170471191406,1.1024518013000488,7.338125705718994,0.914616700725343,0.6635586023330688
gpu_seed1102_ckpt300_optimizer_reset,1102,300,optimizer_reset,98,29.103939056396484,0.1714938146516505,1.2473240693410235,32.23581217207841,0.000125,2.5644100507100425,3.811734120051066,2.576654240489006,75.1702191233635,75.13469606637955,0.02942902222275734,0.41735073924064636,0.4179346561431885,0.015401710756123066,11.295244274164524,0.4214379125471722,2.0442701827711005,0.1299813687801361,1.515550136566162,5.005204200744629,169.68438720703125,171.2677001953125,2.501349925994873,3.1670165061950684,398,98,1.0,0.3284717089394298,0.9999672081495214,0.09339555059192428,398,398,0,0.01,1.9831690788269043,2.5280044078826904,3.1288182735443115,1.5776860918956594,0.05328286811709404,8.016129493713379,1.1058145761489868,7.328731060028076,0.9142480876556065,0.6639435887336731
gpu_seed1102_ckpt300_optimizer_reset,1102,300,optimizer_reset,99,29.149211883544922,0.17176058300258423,0.9380544821421304,20.318196419663085,0.000125,2.570037603378296,3.5080920855204263,2.6073060147464275,75.5874547958374,75.55270746350288,0.030651774257421494,0.41723567247390747,0.4180113971233368,0.011401372030377388,11.179819982261897,0.4221512113522636,2.051660585892155,0.13280890882015228,1.1888970136642456,5.071343898773193,169.68411254882812,171.2698974609375,2.645125150680542,3.925665855407715,399,99,1.0,0.3291432372304903,0.9999704873345694,0.09430215504133233,399,399,0,0.01,1.9803519248962402,2.7885115146636963,3.484548568725586,1.7595602705344393,-0.040245212614536285,8.008875846862793,1.116217017173767,7.315030097961426,0.9133654008166363,0.6643649935722351
gpu_seed1102_ckpt300_optimizer_reset,1102,300,optimizer_reset,100,29.19379997253418,0.1720233165608829,1.0274840195973716,23.666681698234015,6.25e-05,2.5796052614847818,3.6070892810821533,2.6374365352094173,75.99388912320137,75.95965832471848,0.030130520462989807,0.4064343273639679,0.40695086121559143,0.019913161173462868,11.069005673801007,0.4228051481754924,2.057561261039521,0.12823469936847687,1.3774617910385132,5.16745138168335,169.68382263183594,171.2722625732422,2.7233288288116455,3.5592329502105713,400,100,1.0,0.3298140939932599,0.9999734386011124,0.09520785288629108,400,400,1,0.01,1.916925311088562,3.005934715270996,3.604508638381958,1.8803594576844465,-0.024490544572472572,8.00149154663086,1.1221367120742798,7.3041558265686035,0.9128492836617703,0.6644770503044128
gpu_seed1103_ckpt75_optimizer_reset,1103,75,optimizer_reset,1,3.6033499240875244,0.021193944605926142,13.319698651631672,6414487148.098245,0.001,9.262127876281738,22.58182652791341,0.6612775921821594,3.6471848487854004,3.6033496856689453,0.6612775921821594,3.6471848487854004,3.6033496856689453,0.15654607117176056,5.449073077149536,0.07775538526758614,0.34739348438814666,0.7676447629928589,15.241076469421387,9.621023178100586,170.03465270996094,170.04164123535156,8.296854019165039,8.296854019165039,76,1,0.9996670103634684,0.07321903528338858,0.09999999999999998,0.0010000000000000009,76,76,0,0.01,13.191526412963867,4.858177661895752,13.122084617614746,0.9947358786863457,0.19839608669281006,10.523916244506836,0.08977993577718735,10.50505542755127,0.9982078138481566,0.21415650844573975
gpu_seed1103_ckpt75_optimizer_reset,1103,75,optimizer_reset,2,5.488622188568115,0.03228261397811006,20.240383466084797,5570841999074.189,0.001,9.108183860778809,29.348567326863606,1.2863291501998901,6.3272716999053955,6.28209662437439,0.6250515580177307,2.680086851119995,2.6787469387054443,0.1187538132071495,4.266887823937551,0.11145275536437999,0.5128745786544956,0.5557494759559631,28.142160415649414,10.987972259521484,170.051025390625,170.07144165039062,9.575538635253906,19.675752639770508,77,2,0.9997003093271215,0.07414581624810523,0.18999999999999995,0.001998999999999973,77,77,0,0.01,11.981261253356934,10.268627166748047,15.040987968444824,1.2553760117891892,0.0925130844116211,10.527613639831543,0.621945858001709,10.313291549682617,0.979641911502241,0.37063080072402954
gpu_seed1103_ckpt75_optimizer_reset,1103,75,optimizer_reset,3,6.879617214202881,0.040464076267784144,13.15752951304118,3392582459.9318266,0.001,8.78732967376709,21.94485918680827,1.8699478507041931,8.650957107543945,8.629578113555908,0.583618700504303,2.32368540763855,2.3474814891815186,0.08459840714931488,3.679042285381619,0.13360783178243657,0.5980319024512698,0.48588255047798157,33.58134841918945,11.038652420043945,170.0667266845703,170.10073852539062,8.298099517822266,26.70430564880371,78,3,0.9997302783944094,0.07507167043185714,0.2709999999999999,0.002997000999999999,78,78,0,0.01,11.321250915527344,14.844887733459473,18.193498611450195,1.607021940172336,0.05217689275741577,10.549222946166992,1.1474617719650269,10.250502586364746,0.9716831882947591,0.31103160977363586
gpu_seed1103_ckpt75_optimizer_reset,1103,75,optimizer_reset,4,8.194223403930664,0.04819623976860031,9.793289820353188,28749206.002382584,0.001,7.380886713663737,17.174176534016926,2.443720757961273,10.728986740112305,10.724194765090942,0.5737729072570801,2.0780296325683594,2.094616651535034,0.10903305560350418,3.3531750210132514,0.15503574122910468,0.6634203210920193,0.4246935546398163,15.949406623840332,10.984492301940918,170.0818634033203,170.1342315673828,8.190886497497559,21.577268600463867,79,4,0.9997572505549684,0.07599659876142528,0.3439,0.003994003998999962,79,79,0,0.01,10.68614387512207,14.195810317993164,16.112516403198242,1.5077951964232446,0.18491147458553314,10.548664093017578,1.163408875465393,10.225875854492188,0.9694000836807363,0.32835081219673157
gpu_seed1103_ckpt75_optimizer_reset,1103,75,optimizer_reset,5,9.375537872314453,0.05514441686284829,7.167237440745036,2300482.1290555242,0.001,7.482163588205974,14.64940102895101,3.0197898149490356,12.688786745071411,12.714413523674011,0.5760690569877625,1.9598000049591064,1.9902187585830688,0.09375766664743423,3.104698819069822,0.17422251712869033,0.7209579225598564,0.4219145178794861,16.972198486328125,10.918681144714355,170.0963897705078,170.17098999023438,7.765871047973633,17.05459213256836,80,5,0.9997815254994716,0.07692060216266383,0.40950999999999993,0.004990009995000988,80,80,0,0.01,9.894623756408691,14.62606430053711,16.064924240112305,1.623601324881658,0.1856818050146103,10.542190551757812,1.1850637197494507,10.180014610290527,0.9656450962738611,0.35657376050949097
gpu_seed1103_ckpt75_optimizer_reset,1103,75,optimizer_reset,6,10.483856201171875,0.06166325010480302,9.411648432413738,40950746.48775854,0.001,8.116313934326172,17.52796236673991,3.591965436935425,14.497848629951477,14.56795859336853,0.5721756219863892,1.809061884880066,1.853545069694519,0.0794418677687645,2.9186962918311155,0.1907069410615573,0.76908664343508,0.3863547146320343,12.271424293518066,9.42763614654541,170.1101531982422,170.212890625,7.426840305328369,14.926207542419434,81,6,0.9998033729495245,0.07784368156050114,0.46855899999999995,0.0059850199850060015,81,81,0,0.01,9.571941375732422,14.43184757232666,16.06882667541504,1.678742696455745,0.15090791881084442,10.548460960388184,1.193575143814087,10.178206443786621,0.9648996647005743,0.36133772134780884
gpu_seed1103_ckpt75_optimizer_reset,1103,75,optimizer_reset,7,11.48582649230957,0.06755657251160023,7.630388259887694,2446748.0976237934,0.001,7.080367724100749,14.710755983988443,4.1282519698143005,16.173120498657227,16.29580509662628,0.5362865328788757,1.6752718687057495,1.7278465032577515,0.06048660725355148,2.78224938213339,0.20368357169244775,0.8044003532657132,0.3700917959213257,4.611248970031738,8.591185569763184,170.12330627441406,170.2540283203125,7.7066330909729,20.283723831176758,82,7,0.999823035654572,0.07876583787894065,0.5217030999999999,0.006979034965020947,82,82,0,0.01,8.718692779541016,14.794431686401367,16.250871658325195,1.8639114910043701,0.1193908303976059,10.547953605651855,1.218963623046875,10.156670570373535,0.9629043651586006,0.3728245794773102
gpu_seed1103_ckpt75_optimizer_reset,1103,75,optimizer_reset,8,12.430852890014648,0.07311496610257828,3.657367229461671,42087.99248486333,0.001,7.0162895520528155,10.673656781514486,4.676104724407196,17.76169490814209,17.950965881347656,0.5478527545928955,1.5885744094848633,1.6551607847213745,0.04834748059511185,2.658377778651629,0.21612874845407548,0.8396649332577754,0.36359456181526184,7.326137065887451,9.089651107788086,170.13597106933594,170.2955322265625,6.880618095397949,15.800156593322754,83,8,0.9998407320891148,0.07968707204106174,0.5695327899999999,0.00797205593005601,83,83,0,0.01,8.716941833496094,14.9246187210083,16.57294464111328,1.9012338223283163,0.09249556064605713,10.548460960388184,1.2278542518615723,10.152753829956055,0.9624867426708921,0.37443119287490845
gpu_seed1103_ckpt75_optimizer_reset,1103,75,optimizer_reset,9,13.350777626037598,0.07852571840464032,7.479814688364665,889372.2622314522,0.001,6.219021002451579,13.698835690816244,5.171974837779999,19.24738049507141,19.494186997413635,0.49587011337280273,1.4856855869293213,1.543221116065979,0.04860636219382286,2.58136940816318,0.22859728028951948,0.8749368137983194,0.3465172052383423,10.375595092773438,10.140766143798828,170.14735412597656,170.34043884277344,8.317599296569824,10.944738388061523,84,9,0.9998566588802034,0.08060738496902065,0.6125795109999999,0.00896408387412595,84,84,0,0.01,7.447333812713623,13.791304588317871,14.977919578552246,2.0111787594348014,0.10381221771240234,10.549459457397461,1.2375094890594482,10.141013145446777,0.9612827260390829,0.3823183476924896
gpu_seed1103_ckpt75_optimizer_reset,1103,75,optimizer_reset,10,14.173686981201172,0.0833658520737154,4.523380597432454,42371.18426276443,0.001,6.141754786173503,10.665135383605957,5.661571979522705,20.66402232646942,20.97422468662262,0.4895971417427063,1.4166418313980103,1.4800376892089844,0.04041897878050804,2.5034896725615012,0.23947377348028095,0.9009334174215581,0.3207663297653198,5.737539291381836,10.7059965133667,170.1583251953125,170.3827667236328,5.643607139587402,13.277178764343262,85,10,0.999870992992183,0.08152677758405169,0.6513215599,0.009955119790251765,85,85,0,0.01,7.513134479522705,14.867613792419434,16.286102294921875,2.167684118966327,0.054860182106494904,10.54549789428711,1.294378399848938,10.09282112121582,0.957073930732329,0.40359029173851013
gpu_seed1103_ckpt75_optimizer_reset,1103,75,optimizer_reset,11,14.955896377563477,0.0879665994243729,7.8028011322021475,828207.5486353548,0.001,5.824626604715983,13.627427736918131,6.116749405860901,21.991309881210327,22.357501983642578,0.4551774263381958,1.3272875547409058,1.3832772970199585,0.04586812108755112,2.445072600690606,0.24997305146695364,0.9268158132636873,0.2967816889286041,13.55563735961914,11.932024955749512,170.16883850097656,170.42681884765625,6.160802841186523,11.27283763885498,86,11,0.9998838936929647,0.08244525080646758,0.6861894039099999,0.010945164670461582,86,86,0,0.01,7.0987043380737305,14.1128511428833,15.294151306152344,2.154498987106756,0.07812236994504929,10.550107955932617,1.3048175573349,10.075575828552246,0.9550211116925601,0.4173378348350525
gpu_seed1103_ckpt75_optimizer_reset,1103,75,optimizer_reset,12,15.682538032531738,0.09224051211900405,7.6818208694458,1721082.929223629,0.001,6.677104632059733,14.358925501505533,6.597841948270798,23.245564937591553,23.676624536514282,0.48109254240989685,1.2542550563812256,1.319122552871704,0.05346378684043884,2.3769193253620657,0.25947446713980105,0.9634480131321328,0.29973411560058594,16.474302291870117,11.771964073181152,170.1786651611328,170.47036743164062,6.435198783874512,17.080101013183594,87,12,0.9998955043236682,0.08336280555566111,0.7175704635189999,0.0119342195057911,87,87,0,0.01,7.539369106292725,13.485709190368652,14.676851272583008,1.946694884633125,0.11456485092639923,10.549681663513184,1.3736987113952637,10.045357704162598,0.9521953386427026,0.4234590530395508
gpu_seed1103_ckpt75_optimizer_reset,1103,75,optimizer_reset,13,16.37483787536621,0.0963124354206081,6.083527565002442,336869.5567291805,0.001,6.646206219991048,12.72973378499349,7.079175740480423,24.392070651054382,24.898229718208313,0.48133379220962524,1.1465057134628296,1.2216051816940308,0.048779577016830444,2.3130995013626587,0.26817638825833534,0.9983086864232634,0.2758495807647705,8.561511993408203,11.053361892700195,170.18807983398438,170.51303100585938,6.006791114807129,13.254356384277344,88,13,0.9999059538913014,0.08427944275010546,0.7458134171670999,0.012922285286285251,88,88,0,0.01,6.740537643432617,12.177593231201172,13.333723068237305,1.9781393968219323,0.09709911793470383,10.562191009521484,1.3769540786743164,10.05095100402832,0.9515971634073603,0.4274809956550598
gpu_seed1103_ckpt75_optimizer_reset,1103,75,optimizer_reset,14,17.033578872680664,0.10018697453028685,4.398906230926515,124472.1099506232,0.001,7.345297654469808,11.744203885396322,7.6915474236011505,25.480085730552673,26.12702763080597,0.6123716831207275,1.088015079498291,1.2287979125976562,0.03664565086364746,2.214584131719934,0.2761404554507367,1.0306609676444791,0.2864888310432434,15.62990951538086,11.307917594909668,170.19708251953125,170.55474853515625,6.705589294433594,11.548698425292969,89,14,0.9999153585021713,0.08519516330735533,0.7712320754503899,0.013909363000998987,89,89,0,0.01,9.121977806091309,11.728605270385742,14.451807975769043,1.5842844921325168,0.05568796023726463,10.558547973632812,1.3856650590896606,10.03409194946289,0.9503287738540789,0.4347047209739685
gpu_seed1103_ckpt75_optimizer_reset,1103,75,optimizer_reset,15,17.65169906616211,0.10382259288999071,5.528343677520751,279269.64071887074,0.001,7.015569845835368,12.54391352335612,8.378176599740982,26.5159592628479,27.348399996757507,0.6866291761398315,1.035873532295227,1.221372365951538,0.03707714378833771,2.1068664351985276,0.2828659053175003,1.0461194539244438,0.32624551653862,12.710268020629883,10.934244155883789,170.20635986328125,170.59445190429688,8.365007400512695,14.057795524597168,90,15,0.9999238226519541,0.08610996814404803,0.794108867905351,0.014895453637998046,90,90,0,0.01,11.078104019165039,10.92890739440918,15.006784439086914,1.354634729293382,0.07004865258932114,10.577292442321777,1.3881418704986572,10.048542022705078,0.9500107969500761,0.43700337409973145
gpu_seed1103_ckpt75_optimizer_reset,1103,75,optimizer_reset,16,18.244089126586914,0.10730687345952876,4.043408393859862,133599.12009397263,0.001,7.776883761088054,11.820292154947916,9.067648261785507,27.523174166679382,28.551803827285767,0.6894716620445251,1.007214903831482,1.2034038305282593,0.030003931373357773,2.0119978852148885,0.2896350932337265,1.070033156648553,0.3199984133243561,6.396057605743408,10.322503089904785,170.21583557128906,170.63221740722656,10.209370613098145,14.942952156066895,91,16,0.9999314403867587,0.08702385817590397,0.8146979811148158,0.015880558184360072,91,91,0,0.01,11.049683570861816,11.962376594543457,15.825502395629883,1.4322131755302514,0.05578509718179703,10.597620010375977,1.4478355646133423,10.03052806854248,0.9464887454655657,0.4495118260383606
gpu_seed1103_ckpt75_optimizer_reset,1103,75,optimizer_reset,17,18.798980712890625,0.11057059799091559,4.08532460530599,192814.6288203697,0.001,8.101120630900065,12.186445236206055,9.743783682584763,28.510996341705322,29.72863495349884,0.6761354207992554,0.9878221750259399,1.1768311262130737,0.03594858571887016,1.9293306712554024,0.29493953292662706,1.0784268516891717,0.32126644253730774,11.41085147857666,9.94003963470459,170.2255859375,170.66839599609375,9.405876159667969,12.372367858886719,92,17,0.9999382963480828,0.08793683431772803,0.8332281830033342,0.016864677626175606,92,92,0,0.01,11.19816780090332,11.14802074432373,15.220388412475586,1.3591855992054742,0.07216233015060425,10.616000175476074,1.4661251306533813,10.025434494018555,0.9443702268559938,0.46065565943717957
gpu_seed1103_ckpt75_optimizer_reset,1103,75,optimizer_reset,18,19.32261085510254,0.1136504510337318,4.143933931986491,173648.94516647936,0.001,7.93684450785319,12.080778439839682,10.377615064382553,29.447238445281982,30.8396874666214,0.6338313817977905,0.9362421035766602,1.1110525131225586,0.036950141191482544,1.8619510104415626,0.29918281588706563,1.0780633914052573,0.30324819684028625,8.464461326599121,9.428022384643555,170.2353515625,170.70323181152344,9.496979713439941,12.131072998046875,93,18,0.9999444667132745,0.0888488974834103,0.8499053647030008,0.017847812948549535,93,93,0,0.01,9.978189468383789,10.199066162109375,13.666135787963867,1.3696007508440367,0.08264826238155365,10.648228645324707,1.477291464805603,10.035311698913574,0.9424395393048601,0.47231993079185486
gpu_seed1103_ckpt75_optimizer_reset,1103,75,optimizer_reset,19,19.82700538635254,0.11661716533571612,1.984084129333496,32246.736464353544,0.001,8.545015652974447,10.529099782307943,10.97582295536995,30.345528960227966,31.90287756919861,0.5982078909873962,0.8982905149459839,1.0631901025772095,0.032013166695833206,1.8064254012634486,0.3028532045570305,1.0748864308975348,0.2830173671245575,6.290596008300781,8.706498146057129,170.24514770507812,170.73666381835938,8.485450744628906,13.341927528381348,94,19,0.9999500200419471,0.0897600485859269,0.8649148282327007,0.01882996513560098,94,94,0,0.01,9.115071296691895,9.845458030700684,13.045280456542969,1.4311770069506775,0.05481367185711861,10.643821716308594,1.4830065965652466,10.019780158996582,0.9413705364533879,0.47812485694885254
gpu_seed1103_ckpt75_optimizer_reset,1103,75,optimizer_reset,20,20.31144905090332,0.11946653395310931,1.898995717366537,21419.805400695852,0.001,8.23526382446289,10.134259541829428,11.55324700474739,31.221099078655243,32.93747532367706,0.5774240493774414,0.8755701184272766,1.0345977544784546,0.029321959242224693,1.7580727775105391,0.3065528132460894,1.0741700669325083,0.27519726753234863,9.854394912719727,8.270856857299805,170.2548828125,170.768798828125,8.799741744995117,11.005497932434082,95,20,0.9999550180377524,0.09067028853734094,0.8784233454094307,0.01981113517046529,95,95,0,0.01,8.076700210571289,9.411975860595703,12.194169044494629,1.509795922415522,0.03368043527007103,10.64490795135498,1.4846413135528564,10.015386581420898,0.9408617366339094,0.48121964931488037
gpu_seed1103_ckpt75_optimizer_reset,1103,75,optimizer_reset,21,20.777830123901367,0.12220966321743577,2.5110723177591963,5944.996396064579,0.001,6.263899167378743,8.77497148513794,12.143316119909286,32.10755127668381,33.990535616874695,0.5900691151618958,0.8864521980285645,1.0530602931976318,0.02393842488527298,1.711050747483536,0.31007359806683493,1.0778436835799319,0.27965736389160156,9.881052017211914,7.9808831214904785,170.2647247314453,170.7996368408203,8.528810501098633,10.960914611816406,96,21,0.9999595162339772,0.09157961824880367,0.8905810108684876,0.020791324035294823,96,96,0,0.01,8.04924201965332,9.653701782226562,12.287382125854492,1.526526609070972,0.04507114738225937,10.643693923950195,1.493205189704895,10.006501197814941,0.9401342493791185,0.4840996563434601
gpu_seed1103_ckpt75_optimizer_reset,1103,75,optimizer_reset,22,21.235673904418945,0.1249025784010519,2.2044386863708496,2871.4498708227184,0.001,5.87501859664917,8.07945728302002,12.734722822904587,32.974802136421204,35.02803957462311,0.5914067029953003,0.8672508597373962,1.037503957748413,0.024830974638462067,1.6675411157141904,0.3136125790933408,1.0794176365608044,0.2763737142086029,7.0017194747924805,7.82528829574585,170.27487182617188,170.82992553710938,5.610530376434326,9.667430877685547,97,22,0.9999635646105794,0.09248803863055488,0.9015229097816388,0.021770532711259616,97,97,0,0.01,7.933312892913818,9.579605102539062,12.033123970031738,1.5167842403869423,0.06520044058561325,10.636913299560547,1.5036886930465698,9.987709045410156,0.9389668566558542,0.48924800753593445
gpu_seed1103_ckpt75_optimizer_reset,1103,75,optimizer_reset,23,21.674320220947266,0.12748257921416997,1.082497914632162,883.4791892033987,0.001,6.1149905522664385,7.197488466898601,13.330576568841934,33.815563678741455,36.04543888568878,0.5958537459373474,0.8407615423202515,1.0173993110656738,0.026768308132886887,1.625910185430828,0.317294585767744,1.0815823739101793,0.2880061864852905,9.556920051574707,8.059650421142578,170.28433227539062,170.85928344726562,6.453708648681641,8.123143196105957,98,23,0.9999672081495214,0.09339555059192428,0.9113706188034749,0.022748762178548265,98,98,0,0.01,7.727273464202881,8.987602233886719,11.462695121765137,1.4834074625241835,0.06547464430332184,10.638896942138672,1.5068440437316895,9.983335494995117,0.9383806939093529,0.4924694299697876
gpu_seed1103_ckpt75_optimizer_reset,1103,75,optimizer_reset,24,22.088838577270508,0.12992066579114295,1.0406988461812334,665.159919073804,0.001,5.895058790842692,6.935757637023926,13.876863986253738,34.696494817733765,37.072620153427124,0.5462874174118042,0.8809311389923096,1.0271812677383423,0.020123347640037537,1.5917745247881556,0.3204714028151463,1.0862260533470771,0.2690368890762329,4.374325752258301,8.64411449432373,170.2940673828125,170.8883819580078,6.750882148742676,6.69426965713501,99,24,0.9999704873345694,0.09430215504133233,0.9202335569231275,0.023726013416369818,99,99,0,0.01,6.635128498077393,8.759446144104004,10.678420066833496,1.609376528265592,0.057847149670124054,10.63448429107666,1.514127254486084,9.971549987792969,0.9376618287131334,0.49537572264671326
gpu_seed1103_ckpt75_optimizer_reset,1103,75,optimizer_reset,25,22.48581886291504,0.1322555981071393,1.9061676661173506,1466.1744017708543,0.0005,5.545174916585286,7.451342582702637,14.40147677063942,35.54273593425751,38.058343291282654,0.5246127843856812,0.8462411165237427,0.9857231378555298,0.022178882732987404,1.5613550763596529,0.3235435318975035,1.094011774190342,0.2590574324131012,4.352962970733643,9.414270401000977,170.30418395996094,170.91668701171875,6.434527397155762,7.578100204467773,100,25,0.9999734386011124,0.09520785288629108,0.9282102012308147,0.024702287402953438,100,100,1,0.01,6.274194717407227,8.220287322998047,9.991978645324707,1.5925515696223467,0.06882139295339584,10.628377914428711,1.5275083780288696,9.947918891906738,0.9359771521109405,0.5030691027641296
gpu_seed1103_ckpt75_optimizer_reset,1103,75,optimizer_reset,26,22.67222785949707,0.13335200618041468,1.0913200378417969,636.6144019695855,0.0005,5.773975372314453,6.86529541015625,14.651462107896805,35.93928933143616,38.521923899650574,0.24998533725738525,0.3965533971786499,0.4635806083679199,0.024413226172327995,1.5474379070520006,0.3248472822163108,1.0966142952336486,0.1196466013789177,4.316029071807861,9.391756057739258,170.3089599609375,170.92994689941406,6.512426853179932,7.793205261230469,101,26,0.9999760947410011,0.09611264503340478,0.9353891811077333,0.025677585115550405,101,101,0,0.01,6.047906875610352,7.659318447113037,9.288947105407715,1.5358945328450917,0.09668873995542526,10.620388984680176,1.5327366590499878,9.93263053894043,0.9352416896657206,0.5063433051109314
gpu_seed1103_ckpt75_optimizer_reset,1103,75,optimizer_reset,27,22.8436279296875,0.13436013574584615,0.7964444160461426,516.7875538768083,0.0005,6.0507157643636065,6.847160180409749,14.901585638523102,36.31270328164101,38.96559461951256,0.250123530626297,0.37341395020484924,0.44367071986198425,0.02760210633277893,1.5329662549890901,0.3258554455241612,1.0967692973391054,0.11804584413766861,3.1256914138793945,9.092622756958008,170.31329345703125,170.94198608398438,5.709249973297119,6.207527160644531,102,27,0.999978485266901,0.09701653238837138,0.94185026299696,0.026651907530434893,102,102,0,0.01,5.95930290222168,7.509982109069824,9.006895065307617,1.5114007817841004,0.12053576856851578,10.614089012145996,1.5467406511306763,9.912687301635742,0.9339178605240116,0.5113500356674194
gpu_seed1103_ckpt75_optimizer_reset,1103,75,optimizer_reset,28,23.000438690185547,0.13528245487710575,0.5755379994710283,212.02113907183735,0.0005,5.607603073120117,6.1831410725911455,15.150854974985123,36.688385754823685,39.410748928785324,0.24926933646202087,0.3756824731826782,0.4451543092727661,0.027284525334835052,1.518095099461977,0.3266393857477937,1.0931141758600171,0.11567982286214828,3.062540292739868,8.562565803527832,170.31700134277344,170.9524383544922,6.897974491119385,7.667166709899902,103,28,0.999980636740211,0.09791951585598302,0.9476652366972639,0.02762525562290441,103,103,0,0.01,5.910318851470947,7.831451416015625,9.26762580871582,1.568041596674221,0.11206966638565063,10.607861518859863,1.553516149520874,9.899185180664062,0.933193289058613,0.5141627788543701
gpu_seed1103_ckpt75_optimizer_reset,1103,75,optimizer_reset,29,23.144573211669922,0.13613021574643488,0.5177977879842119,156.55331767744468,0.0005,5.441521644592285,5.959319432576497,15.435942590236664,37.049697667360306,39.86449971795082,0.28508761525154114,0.3613119125366211,0.4537507891654968,0.028791962191462517,1.4993948750695354,0.3272017922434687,1.0879811070456786,0.12788443267345428,5.112287998199463,8.156831741333008,170.31993103027344,170.96197509765625,8.806073188781738,10.041138648986816,104,29,0.9999825730661899,0.098821596340127,0.9528987130275375,0.02859763036728158,104,104,0,0.01,7.718550205230713,6.99448299407959,9.802888870239258,1.270042768342008,0.11486213654279709,10.612257957458496,1.572218894958496,9.880303382873535,0.9310274422728803,0.5235757231712341
gpu_seed1103_ckpt75_optimizer_reset,1103,75,optimizer_reset,30,23.278276443481445,0.13691662254797923,0.2374545733133946,85.19173371493628,0.0005,5.761607805887858,5.999062379201253,15.697598397731781,37.40157634019852,40.2962392270565,0.2616558074951172,0.35187867283821106,0.4317395091056824,0.031950004398822784,1.4829196067879753,0.32778961653155486,1.0837214518534497,0.1169382631778717,4.787153244018555,7.7694501876831055,170.32249450683594,170.97071838378906,6.2290940284729,7.041620254516602,105,30,0.9999843157595709,0.09972277474378688,0.9576088417247838,0.029569032736914247,105,105,0,0.01,7.168032646179199,7.0383148193359375,9.44730281829834,1.3179770914314612,0.11562763899564743,10.60715103149414,1.5794587135314941,9.866752624511719,0.9301981837738518,0.5268594622612
gpu_seed1103_ckpt75_optimizer_reset,1103,75,optimizer_reset,31,23.403276443481445,0.13765183925786112,1.5592560768127441,626.0651044635224,0.0005,5.116290887196858,6.675546964009603,15.956260114908218,37.752045810222626,40.72770220041275,0.2586617171764374,0.3504694700241089,0.43146297335624695,0.0197149571031332,1.4667143976685288,0.32844080025111083,1.0820835368037982,0.11556659638881683,3.720482110977173,7.529318332672119,170.3245849609375,170.97894287109375,6.228919982910156,6.529195785522461,106,31,0.9999858841836138,0.10062305196904309,0.9618479575523053,0.030539463704177372,106,106,0,0.01,7.043064117431641,7.315329551696777,9.961663246154785,1.4143933776633062,0.03769286349415779,10.600255012512207,1.6143617630004883,9.8521089553833,0.9294218812427864,0.523224413394928
gpu_seed1103_ckpt75_optimizer_reset,1103,75,optimizer_reset,32,23.520156860351562,0.13833929874218806,1.6430309613545733,526.9211796432263,0.0005,4.8389387130737305,6.481969674428304,16.21045622229576,38.08459225296974,41.14104852080345,0.2541961073875427,0.3325464427471161,0.4133463203907013,0.025715801864862442,1.4509250410855579,0.3288832586950669,1.0804568611525667,0.11293955892324448,4.581628322601318,7.269631862640381,170.32647705078125,170.98646545410156,5.835314750671387,6.280721187591553,107,32,0.9999872957652524,0.10152242891707408,0.9656631617970749,0.031508924240473246,107,107,0,0.01,6.887778282165527,6.8187994956970215,9.428864479064941,1.368926828477865,0.05359204113483429,10.591133117675781,1.614691138267517,9.841352462768555,0.9292067575227781,0.5241413712501526
gpu_seed1103_ckpt75_optimizer_reset,1103,75,optimizer_reset,33,23.627439498901367,0.13897030665052434,0.6301385561625166,117.39804761750864,0.0005,4.89582618077596,5.525964736938477,16.461243838071823,38.41249993443489,41.54727894067764,0.250787615776062,0.3279076814651489,0.4062304198741913,0.0328005813062191,1.4353374344807421,0.32923648343001777,1.079327183763876,0.11089704185724258,4.666668891906738,6.981625080108643,170.32821655273438,170.99302673339844,5.5217180252075195,7.182028770446777,108,33,0.9999885661887271,0.10242090648815694,0.9690968456173674,0.032477415316232716,108,108,0,0.01,6.532890319824219,6.5249505043029785,8.838529586791992,1.3529279008358521,0.08368010818958282,10.581893920898438,1.6160720586776733,9.830516815185547,0.928994080707055,0.5247935056686401
gpu_seed1103_ckpt75_optimizer_reset,1103,75,optimizer_reset,34,23.728635787963867,0.13956551627209865,0.33771546681721976,53.903845251936275,0.0005,4.899147987365723,5.236863454182942,16.703696951270103,38.751519948244095,41.958803445100784,0.24245311319828033,0.3390200138092041,0.4115245044231415,0.026556141674518585,1.420561918549306,0.3295441085806765,1.0788842976285338,0.11270863562822342,3.771109104156494,6.64814567565918,170.32986450195312,170.99893188476562,5.465015888214111,7.143481731414795,109,34,0.9999897095698544,0.10331848558166878,0.9721871610556306,0.033444937900916516,109,109,0,0.01,5.818922996520996,7.077996253967285,8.8345308303833,1.518241577636231,0.07173452526330948,10.577103614807129,1.6170376539230347,9.82406997680664,0.9288053076319279,0.5255504846572876
gpu_seed1103_ckpt75_optimizer_reset,1103,75,optimizer_reset,35,23.82659912109375,0.14014171050788118,0.2772968610127764,42.93111382057535,0.0005,4.900413195292155,5.177710056304932,16.951342076063156,39.06584179401398,42.35365417599678,0.24764512479305267,0.3143218457698822,0.3948507308959961,0.027101917192339897,1.4055877708194964,0.32987125421041125,1.0788976158522314,0.11024811863899231,3.298138380050659,6.411213397979736,170.33169555664062,171.00440979003906,5.203410625457764,5.463108539581299,110,35,0.999990738612869,0.10421516709608714,0.9749684449500675,0.0344114929630156,110,110,0,0.01,5.860014915466309,6.396676063537598,8.270125389099121,1.4112806039572372,0.09153459966182709,10.57219123840332,1.6193305253982544,9.816743850708008,0.9285439157634521,0.5264348983764648
gpu_seed1103_ckpt75_optimizer_reset,1103,75,optimizer_reset,36,23.919523239135742,0.14068826542256524,0.17764870325724313,20.697188285917775,0.0005,4.667806148529053,4.845454851786296,17.18852685391903,39.36785900592804,42.73260521888733,0.2371847778558731,0.3020172119140625,0.3789510428905487,0.02699238806962967,1.391598212134197,0.3302284196635677,1.078846259308287,0.10644436627626419,2.906989574432373,6.235366344451904,170.33323669433594,171.00946044921875,4.84935188293457,5.737601280212402,111,36,0.9999916647515821,0.105110951928991,0.9774716004550608,0.035377081470052585,111,111,0,0.01,5.524055004119873,6.010512351989746,7.716567039489746,1.3969026437523318,0.10686018317937851,10.564516067504883,1.621958613395691,9.805293083190918,0.9281346178600488,0.528035044670105
gpu_seed1103_ckpt75_optimizer_reset,1103,75,optimizer_reset,37,24.00716781616211,0.14120376748304778,0.10404427846272757,9.893875375497643,0.0005,4.502381483713786,4.606425762176514,17.415006652474403,39.655579179525375,43.09398749470711,0.22647979855537415,0.2877201735973358,0.36138227581977844,0.026693353429436684,1.3785333703992404,0.3305364206259173,1.0786375940897253,0.09856455028057098,2.4226632118225098,6.104474067687988,170.3345947265625,171.01409912109375,4.557782173156738,5.238771438598633,112,37,0.9999924982764239,0.10600584097706212,0.9797244404095548,0.03634170438858253,112,112,0,0.01,5.240661144256592,5.7311248779296875,7.3438005447387695,1.401311846461524,0.10619186609983444,10.55665397644043,1.6220269203186035,9.796266555786133,0.9279707924165932,0.5287306308746338
gpu_seed1103_ckpt75_optimizer_reset,1103,75,optimizer_reset,38,24.088903427124023,0.14168451457882061,0.12137715021769235,9.299608264602469,0.0005,4.277522563934326,4.3988997141520185,17.64262306690216,39.943005472421646,43.45611849427223,0.22761641442775726,0.28742629289627075,0.3621309995651245,0.02510005794465542,1.3653810624290796,0.3308604873614425,1.0793000712112553,0.09654071927070618,2.7731833457946777,6.0295491218566895,170.33578491210938,171.0182647705078,5.096664905548096,5.968055248260498,113,38,0.9999932484487815,0.10689983513608503,0.9817519963685992,0.03730536268419393,113,113,0,0.01,5.692687511444092,5.598809719085693,7.626076698303223,1.3396267901533452,0.08779279887676239,10.560495376586914,1.6238707304000854,9.796977043151855,0.9277005191320153,0.530071496963501
gpu_seed1103_ckpt75_optimizer_reset,1103,75,optimizer_reset,39,24.165761947631836,0.14213657592741374,0.09713872273762991,6.982068560529314,0.0005,4.2259979248046875,4.323136647542317,17.874263241887093,40.24182632565498,43.829866379499435,0.23164017498493195,0.2988208532333374,0.37374788522720337,0.023574430495500565,1.35198646347558,0.3307151904980742,1.0747715250042094,0.10237341374158859,3.8186819553375244,5.9424824714660645,170.33677673339844,171.0219268798828,4.474446773529053,5.792413234710693,114,39,0.9999939236039034,0.10779293530094891,0.9835767967317394,0.03826805732150973,114,114,0,0.01,6.080512046813965,5.7593770027160645,8.09697437286377,1.3316270587943408,0.06542070209980011,10.554043769836426,1.6255635023117065,9.786982536315918,0.9273206317645086,0.5317375063896179
gpu_seed1103_ckpt75_optimizer_reset,1103,75,optimizer_reset,40,24.23879623413086,0.14256614415004082,0.283294041951498,18.25425454883824,0.0005,4.020679314931233,4.303973356882731,18.122417524456978,40.516674906015396,44.19685736298561,0.24815428256988525,0.2748485803604126,0.36699098348617554,0.017886625602841377,1.3375034650547164,0.3305262041965485,1.070137243002973,0.10930075496435165,3.8232951164245605,5.865201950073242,170.33749389648438,171.025390625,4.546002388000488,3.888869285583496,115,40,0.999994531243513,0.10868514236564797,0.9852191170585654,0.039229789264188186,115,115,0,0.01,6.21400785446167,5.1610517501831055,7.880725383758545,1.2682194114220342,0.049024421721696854,10.547286033630371,1.6251411437988281,9.779004096984863,0.9271583292425424,0.5325708389282227
gpu_seed1103_ckpt75_optimizer_reset,1103,75,optimizer_reset,41,24.308828353881836,0.14297805442739575,0.01456030209859227,0.7987174804373041,0.0005,3.997419516245524,4.011979818344116,18.358401343226433,40.79911869764328,44.56176534295082,0.23598381876945496,0.2824437916278839,0.36490797996520996,0.01729145459830761,1.3241255542574555,0.3304746694257768,1.0672366835619926,0.1086023598909378,3.399076461791992,5.768465518951416,170.33837890625,171.02842712402344,4.401629447937012,5.098439693450928,116,41,0.9999950781191617,0.10957645722328235,0.9866972053527089,0.040190559474924004,116,116,0,0.01,5.669332027435303,5.220254421234131,7.524848937988281,1.327290217184731,0.04678167402744293,10.53758430480957,1.6259422302246094,9.767794609069824,0.926948181530626,0.5332989692687988
gpu_seed1103_ckpt75_optimizer_reset,1103,75,optimizer_reset,42,24.37468910217285,0.14336542980874678,0.23121293385823583,10.731426067669986,0.0005,3.950972636540731,3.719759702682495,18.584158644080162,41.071575343608856,44.911690056324005,0.22575730085372925,0.27245664596557617,0.3499247133731842,0.02236810512840748,1.311584213683836,0.3304773455909083,1.064700771227683,0.10378109663724899,3.020979404449463,5.669859886169434,170.33920288085938,171.03121948242188,4.620736598968506,4.5190958976745605,117,42,0.9999955703072455,0.11046688076605904,0.988027484817438,0.0411503689154491,117,117,0,0.01,5.22264289855957,5.012546539306641,6.9771623611450195,1.3359447499403065,0.07106577605009079,10.528739929199219,1.6274865865707397,9.758157730102539,0.9268115458944369,0.5334404706954956
gpu_seed1103_ckpt75_optimizer_reset,1103,75,optimizer_reset,43,24.4364013671875,0.1437284049162942,0.07440376281738281,3.513006032406402,0.0005,3.8916920820871987,3.817288319269816,18.813477709889412,41.33959063887596,45.26051712036133,0.22931906580924988,0.2680152952671051,0.348827064037323,0.02228325419127941,1.298877418837936,0.33040012957471887,1.062032016793267,0.10153445601463318,2.5638086795806885,5.544753551483154,170.33990478515625,171.03369140625,4.141696929931641,4.892735004425049,118,43,0.999996013276521,0.11135641388529294,0.9892247363356942,0.04210921854653371,118,118,0,0.01,5.099329471588135,4.84556245803833,6.841306686401367,1.341609073215928,0.05421394109725952,10.52026081085205,1.628694772720337,9.747334480285645,0.9265297368131757,0.5345421433448792
gpu_seed1103_ckpt75_optimizer_reset,1103,75,optimizer_reset,44,24.494461059570312,0.14406989656437777,0.3660397529602055,17.031041331806414,0.0005,4.017494360605876,3.6514546076456704,19.0416359603405,41.6029257774353,45.605096846818924,0.22815825045108795,0.26333513855934143,0.3445797264575958,0.022189559414982796,1.2863632678718127,0.3303924316801672,1.060500033445546,0.10452080518007278,2.667044162750244,5.484500408172607,170.3406982421875,171.03579711914062,4.1689300537109375,4.892436504364014,119,44,0.9999964119488689,0.11224505747140767,0.9903022627021247,0.043067109327987074,119,119,0,0.01,5.122944355010986,4.456905841827393,6.489236354827881,1.2667005349139104,0.08755882829427719,10.510906219482422,1.629718542098999,9.736559867858887,0.9263292493097144,0.5351645350456238
gpu_seed1103_ckpt75_optimizer_reset,1103,75,optimizer_reset,45,24.547822952270508,0.14438375700585065,0.15836882591247559,7.318064367021449,0.0005,3.911314090092977,3.7529452641805015,19.254620730876923,41.85976582765579,45.935457825660706,0.21298477053642273,0.2568400502204895,0.3303609788417816,0.020025869831442833,1.2749055561974314,0.3305380770324667,1.0613870366555211,0.09766624122858047,2.734229326248169,5.411251544952393,170.34115600585938,171.03770446777344,3.847769260406494,4.229500770568848,120,45,0.999996770753982,0.11313281241393625,0.9912720364319123,0.04402404221865919,120,120,0,0.01,4.533315181732178,4.116555690765381,5.883176803588867,1.2977647853153704,0.07730306684970856,10.502205848693848,1.6321388483047485,9.725053787231445,0.9260010637136785,0.536242663860321
gpu_seed1103_ckpt75_optimizer_reset,1103,75,optimizer_reset,46,24.598600387573242,0.14468241635720677,0.15301569302876805,7.097446034804179,0.0005,3.912482261657715,3.759466568628947,19.465849205851555,42.111018508672714,46.260107189416885,0.21122847497463226,0.251252681016922,0.3246493637561798,0.022122493013739586,1.2636797977545973,0.3307475902295905,1.062491612143928,0.09266025573015213,2.5236599445343018,5.31594705581665,170.3414306640625,171.03968811035156,3.96504545211792,3.981518030166626,121,46,0.9999970936785838,0.11401967960152237,0.992144832788721,0.044980018176440484,121,121,0,0.01,4.4348015785217285,4.199719429016113,5.786454677581787,1.3047832186235728,0.10260572284460068,10.493589401245117,1.6329401731491089,9.71496868133545,0.9258003443685145,0.5369376540184021
gpu_seed1103_ckpt75_optimizer_reset,1103,75,optimizer_reset,47,24.64873695373535,0.14497730628695463,0.05745855967203761,2.7141384603305383,0.0005,3.826299031575521,3.8837575912475586,19.65828800201416,42.35048024356365,46.56431794166565,0.19243879616260529,0.2394617348909378,0.30421075224876404,0.019860701635479927,1.253859794464738,0.33102166407759054,1.0630357008642592,0.08382515609264374,2.2855210304260254,5.200780391693115,170.34170532226562,171.0416259765625,3.8107423782348633,3.618476629257202,122,47,0.9999973843107254,0.11490565992192081,0.9929303495098489,0.04593503815826405,122,122,0,0.01,4.232113838195801,4.316158294677734,5.861012935638428,1.3848901895643857,0.059906043112277985,10.485220909118652,1.634036898612976,9.703641891479492,0.9254589841821671,0.5384056568145752
gpu_seed1103_ckpt75_optimizer_reset,1103,75,optimizer_reset,48,24.696815490722656,0.14526009143719254,0.4195031325022378,22.927947751352065,0.0005,3.7839674154917398,4.203470547993978,19.836179941892624,42.5780109167099,46.85041496157646,0.17789193987846375,0.22753067314624786,0.2860970199108124,0.01932312361896038,1.2450388917154087,0.3312765609960661,1.0628792715507667,0.08186440914869308,2.3104088306427,5.029340744018555,170.3419189453125,171.04335021972656,3.3308253288269043,4.507725238800049,123,48,0.9999976458796529,0.11579075426199892,0.9936373145588641,0.046889103120105746,123,123,0,0.01,4.098091125488281,3.988550901412964,5.597957134246826,1.3659913756989657,0.04177819937467575,10.475944519042969,1.6343108415603638,9.693862915039062,0.9253450032516707,0.5386791825294495
gpu_seed1103_ckpt75_optimizer_reset,1103,75,optimizer_reset,49,24.742496490478516,0.1455287749119495,0.5196388562520342,29.342496135935377,0.0005,3.762612819671631,4.282251675923665,20.004677668213844,42.792507633566856,47.12075820565224,0.1684977263212204,0.21449671685695648,0.27034324407577515,0.01819012686610222,1.23683554920715,0.33150848760276774,1.0635931094863564,0.07493599504232407,1.9270944595336914,4.838316917419434,170.3421630859375,171.04495239257812,3.130683660507202,3.874912738800049,124,49,0.9999978812916875,0.11667496350773687,0.9942735831029776,0.04784221401698563,124,124,0,0.01,3.875723361968994,3.552061080932617,5.123522758483887,1.3219526472806995,0.05040666460990906,10.466788291931152,1.6357178688049316,9.682249069213867,0.9250448943041093,0.5397932529449463
gpu_seed1103_ckpt75_optimizer_reset,1103,75,optimizer_reset,50,24.785018920898438,0.14577888052306562,0.31104302406311035,15.201770283075504,0.0005,3.7296864986419678,4.040729522705078,20.174526005983353,43.02327896654606,47.404556542634964,0.16984833776950836,0.23077133297920227,0.28379833698272705,0.0199301578104496,1.2285304206674537,0.3318384126168267,1.0677032644624977,0.07528373599052429,1.4485949277877808,4.731131076812744,170.34237670898438,171.04623413085938,3.9827141761779785,4.8920488357543945,125,50,0.9999980931625189,0.11755828854422912,0.9948462247926799,0.04879437180296864,125,125,1,0.01,4.165156841278076,4.063994407653809,5.559916019439697,1.334863543273512,0.08719456940889359,10.46019458770752,1.6374818086624146,9.673318862915039,0.9247742746852802,0.5407376885414124
gpu_seed1103_ckpt75_optimizer_reset,1103,75,optimizer_reset,51,24.824913024902344,0.14601352701818113,0.5088699658711753,19.87113922012037,0.0005,3.399629831314087,3.908499797185262,20.363436847925186,43.25254735350609,47.69887724518776,0.1889108419418335,0.2292683869600296,0.2943207025527954,0.018778283149003983,1.2190924945673165,0.3317116420041574,1.0666986153505618,0.08566410839557648,1.481533408164978,4.675864219665527,170.34246826171875,171.04725646972656,4.101646900177002,4.203388690948486,126,51,0.999998283846267,0.11844073025568491,0.9953616023134119,0.0497455774311657,126,126,0,0.01,4.478396892547607,4.214535236358643,5.990401744842529,1.3376218965339306,0.05121864750981331,10.454132080078125,1.6415603160858154,9.66161060333252,0.9241906003601394,0.5429983735084534
gpu_seed1103_ckpt75_optimizer_reset,1103,75,optimizer_reset,52,24.861543655395508,0.1462289786312378,0.2235813935597739,7.480167914907877,0.0005,3.3963623046875,3.619943698247274,20.53910145163536,43.47963286936283,47.98237070441246,0.17566460371017456,0.22708551585674286,0.2834934592247009,0.02578701451420784,1.2104494305136595,0.33161761606044327,1.0659127369400552,0.07969234138727188,1.434661626815796,4.635104656219482,170.34237670898438,171.04824829101562,3.849374532699585,4.076608180999756,127,52,0.9999984554616402,0.11932228952542923,0.9958254420820707,0.05069583185373461,127,127,0,0.01,3.907879114151001,4.436432838439941,5.452287673950195,1.3952037703022262,0.15071795880794525,10.445817947387695,1.6476446390151978,9.65103816986084,0.923914069579727,0.5428891181945801
gpu_seed1103_ckpt75_optimizer_reset,1103,75,optimizer_reset,53,24.896459579467773,0.14643434479778897,0.48187096913655614,18.577887971321573,0.0005,3.4014591375986734,3.8833301067352295,20.711655482649803,43.69585111737251,48.255749583244324,0.17255403101444244,0.2162182480096817,0.2733788788318634,0.02397805266082287,1.2020506810922182,0.33147578379122483,1.063526689357404,0.08257569372653961,1.984944462776184,4.61923885345459,170.3422393798828,171.0491943359375,3.3414244651794434,3.984785318374634,128,53,0.9999986099154762,0.12020296723590385,0.9962428978738637,0.05164513602188081,128,128,0,0.01,3.625188112258911,3.929849147796631,5.025031566619873,1.386143673379562,0.11703848093748093,10.437170028686523,1.647657871246338,9.64197826385498,0.9238115540278748,0.5431668162345886
gpu_seed1103_ckpt75_optimizer_reset,1103,75,optimizer_reset,54,24.928762435913086,0.14662434159647306,0.4056982199350996,15.611797829025196,0.0005,3.4404749075571694,3.846173127492269,20.88253827393055,43.89984892308712,48.51875528693199,0.17088279128074646,0.20399780571460724,0.26300570368766785,0.02358069270849228,1.1937611275460986,0.33141762619465787,1.06146483750792,0.08307234942913055,2.454193115234375,4.570914268493652,170.34181213378906,171.04998779296875,4.076496601104736,4.070206165313721,129,54,0.9999987489239286,0.12108276426866793,0.9966186080864773,0.05259349088585896,129,129,0,0.01,3.7052483558654785,3.391968011856079,4.8036274909973145,1.2964387349074142,0.08591100573539734,10.43081283569336,1.6494489908218384,9.632868766784668,0.9235012571427687,0.5443266034126282
gpu_seed1103_ckpt75_optimizer_reset,1103,75,optimizer_reset,55,24.959949493408203,0.1468077755628927,0.5287394523620601,27.076653270116992,0.0005,3.6599400838216147,4.188679536183675,21.0568864941597,44.11573752760887,48.79353055357933,0.17434822022914886,0.2158886045217514,0.27477526664733887,0.019975584000349045,1.1853580300359157,0.331421608394985,1.0600670389057842,0.09356339275836945,3.225980043411255,4.497101783752441,170.34127807617188,171.05068969726562,3.320399761199951,3.858163595199585,130,55,0.9999988740315358,0.12196168150439923,0.9969567472778296,0.05354089739497314,130,130,0,0.01,3.721536636352539,4.343735218048096,5.630950450897217,1.5130713468978696,0.031247884035110474,10.421224594116211,1.6528000831604004,9.61864948272705,0.922986487418838,0.5461864471435547
gpu_seed1103_ckpt75_optimizer_reset,1103,75,optimizer_reset,56,24.989011764526367,0.14697871210171823,0.18666974703470895,6.798314963258882,0.0005,3.500302712122599,3.686972459157308,21.221797421574593,44.32376182079315,49.055951714515686,0.1649109274148941,0.2080242931842804,0.2624211609363556,0.0233905091881752,1.177516271035589,0.3313389904651668,1.0584979475266498,0.08052647113800049,2.4374194145202637,4.27394962310791,170.34071350097656,171.05101013183594,3.6746411323547363,4.680219650268555,131,56,0.9999989866283822,0.12283971982289488,0.9972610725500466,0.05448735649757808,131,131,0,0.01,3.4438791275024414,4.1146416664123535,5.198785305023193,1.509572523467724,0.06221503019332886,10.411941528320312,1.6579110622406006,9.603007316589355,0.9223070731302523,0.548585832118988
gpu_seed1103_ckpt75_optimizer_reset,1103,75,optimizer_reset,57,25.017244338989258,0.14714476858578304,0.23219434420267726,7.450825605497517,0.0005,3.3501628239949546,3.582357168197632,21.387108400464058,44.5471917539835,49.33229446411133,0.16531097888946533,0.22342993319034576,0.2763427495956421,0.011957760900259018,1.169734770617484,0.3312675553755305,1.0582341534394508,0.07917270064353943,1.5339078903198242,4.041997909545898,170.34017944335938,171.0511474609375,4.598445892333984,5.0974860191345215,132,57,0.9999990879655439,0.12371688010307191,0.9975349652950419,0.05543286914108059,132,132,0,0.01,3.586073875427246,4.747694492340088,5.901345252990723,1.645628466671225,0.01687602512538433,10.403205871582031,1.6586576700210571,9.592576026916504,0.9220788423613907,0.5494040846824646
gpu_seed1103_ckpt75_optimizer_reset,1103,75,optimizer_reset,58,25.045373916625977,0.14731021926994653,0.3885948657989502,14.530774324344986,0.0005,3.420905272165934,3.8095001379648843,21.579947501420975,44.751381650567055,49.61254274845123,0.1928391009569168,0.20418989658355713,0.2802482843399048,0.004334303084760904,1.1605854886799727,0.3311788770419608,1.0576799740602987,0.08563433587551117,1.3662145137786865,3.9337844848632812,170.33978271484375,171.05125427246094,3.7297775745391846,3.4531667232513428,133,58,0.9999991791689895,0.12459316322296887,0.9977814687655377,0.056377436271939474,133,133,0,0.01,4.781300067901611,4.011024475097656,6.2885613441467285,1.315240887381766,-0.015561077743768692,10.395111083984375,1.6622384786605835,9.581389427185059,0.9217207348506424,0.5503267049789429
gpu_seed1103_ckpt75_optimizer_reset,1103,75,optimizer_reset,59,25.072315216064453,0.14746868081821132,0.42969163258870413,18.93590803860485,0.0005,3.5632203420003257,3.99291197458903,21.75950452685356,44.98444648087025,49.903507232666016,0.17955702543258667,0.23306483030319214,0.2909644842147827,0.022696342319250107,1.152246604931715,0.3310924064581888,1.0572483643054917,0.08324149250984192,1.6123460531234741,3.8669559955596924,170.33937072753906,171.05133056640625,3.4145443439483643,4.64832067489624,134,59,0.9999992612520906,0.12546857005974588,0.998003321888984,0.057321058835667515,134,134,0,0.01,4.132874488830566,4.12978982925415,5.666011810302734,1.3709615004312923,0.05953044444322586,10.385839462280273,1.6668717861175537,9.567642211914062,0.9212199212842933,0.5517704486846924
gpu_seed1103_ckpt75_optimizer_reset,1103,75,optimizer_reset,60,25.09804916381836,0.14762004104541052,0.4315232435862222,17.959836071830303,0.0005,3.5050633748372397,3.936586618423462,21.931556776165962,45.21096622943878,50.18468567728996,0.17205224931240082,0.22651974856853485,0.28117844462394714,0.023757999762892723,1.1443806483948475,0.3313395135850753,1.0610884599781658,0.08577286452054977,1.8609483242034912,3.87778902053833,170.3388214111328,171.0514373779297,4.0411601066589355,4.455743312835693,135,60,0.9999993351268816,0.1263431014896862,0.9982029897000856,0.0582637377768318,135,135,0,0.01,3.8065154552459717,4.113290786743164,5.359344959259033,1.4079398920794115,0.08577913045883179,10.379069328308105,1.6776028871536255,9.556161880493164,0.9207147171113458,0.551896870136261
gpu_seed1103_ckpt75_optimizer_reset,1103,75,optimizer_reset,61,25.123600006103516,0.14777032429500736,0.7773555914560952,39.23298003077882,0.0005,3.5076444943745932,4.2850000858306885,22.091587021946907,45.43853376805782,50.460088312625885,0.16003024578094482,0.22756753861904144,0.27540263533592224,0.021281544119119644,1.137247404685925,0.33174143350933877,1.0657088603996847,0.08062402158975601,2.307384967803955,3.936478853225708,170.3382568359375,171.05157470703125,3.8657033443450928,3.7502965927124023,136,61,0.9999994016141934,0.12721675838819646,0.998382690730077,0.05920547403905507,136,136,0,0.01,3.511204242706299,4.4145050048828125,5.473361968994141,1.5588275675965602,0.05995772033929825,10.370844841003418,1.684064269065857,9.546307563781738,0.9204946858367208,0.5513401627540588
gpu_seed1103_ckpt75_optimizer_reset,1103,75,optimizer_reset,62,25.146549224853516,0.14790530548783723,0.3257923126220703,13.435196908345183,0.0005,3.552058299382528,3.877850612004598,22.24718350172043,45.67043296992779,50.73704591393471,0.15559647977352142,0.2318992018699646,0.27695760130882263,0.0177646204829216,1.1303250689197464,0.3320230048162587,1.0688167400798376,0.0759953036904335,2.144751787185669,3.9926230907440186,170.33763122558594,171.05145263671875,3.4719388484954834,4.635355472564697,137,62,0.9999994614527741,0.12808954162980835,0.9985444216570694,0.060146268565015926,137,137,0,0.01,3.5279483795166016,4.410688400268555,5.629898548126221,1.595799581652618,0.006581808440387249,10.364651679992676,1.6893192529678345,9.537014961242676,0.920148139628412,0.5518566370010376
gpu_seed1103_ckpt75_optimizer_reset,1103,75,optimizer_reset,63,25.168537139892578,0.1480346325482547,0.4191865921020508,17.243510427431907,0.0005,3.4999708334604898,3.9191574255625405,22.401286482810974,45.9047988653183,51.015311658382416,0.15410298109054565,0.23436589539051056,0.27826574444770813,0.017212020233273506,1.123530881103809,0.3319041112633132,1.0668437734646552,0.07784851640462875,1.8451110124588013,4.051634788513184,170.33700561523438,171.05130004882812,3.8475303649902344,4.106292247772217,138,63,0.9999995153074966,0.12896145208817844,0.9986899794913624,0.06108612229645094,138,138,0,0.01,3.5359749794006348,4.766570568084717,5.933078289031982,1.6779186288348653,0.0006496153655461967,10.356837272644043,1.6906132698059082,9.527655601501465,0.9199387178425936,0.5524466633796692
gpu_seed1103_ckpt75_optimizer_reset,1103,75,optimizer_reset,64,25.190446853637695,0.1481634996494878,0.4520965417226157,18.47271682579119,0.0005,3.475604295730591,3.9277008374532065,22.546944066882133,46.131064519286156,51.28189918398857,0.14565758407115936,0.22626565396785736,0.2665875256061554,0.020380506291985512,1.1172443936931271,0.3317373951960113,1.0635194944601063,0.07289554923772812,1.7618014812469482,4.127385139465332,170.3363494873047,171.0510711669922,3.9732422828674316,4.54161262512207,139,64,0.9999995637767469,0.12983249063609037,0.9988209815422261,0.06202503617415456,139,139,0,0.01,3.3473751544952393,4.766965389251709,5.7931928634643555,1.7306673426439403,0.011524701490998268,10.347545623779297,1.6915624141693115,9.516277313232422,0.9196651707785188,0.5534186363220215
gpu_seed1103_ckpt75_optimizer_reset,1103,75,optimizer_reset,65,25.211864471435547,0.14828947237341455,0.7133725484212241,30.313259580907996,0.0005,3.3715354601542153,4.0849080085754395,22.69284661114216,46.33633925020695,51.530979976058006,0.14590254426002502,0.20527473092079163,0.24908079206943512,0.023105554282665253,1.1110049304724707,0.33148090486052334,1.0589024249857972,0.07110647857189178,2.1043903827667236,4.178343772888184,170.33570861816406,171.05087280273438,3.7913625240325928,4.258899211883545,140,65,0.9999996073990722,0.13070265814545423,0.9989388833880035,0.06296301113798031,140,140,0,0.01,3.478715658187866,3.9849283695220947,5.209324836730957,1.4974850917947984,0.030443888157606125,10.338226318359375,1.6921265125274658,9.505863189697266,0.9194868536409522,0.5539393424987793
gpu_seed1103_ckpt75_optimizer_reset,1103,75,optimizer_reset,66,25.231952667236328,0.14840762579120745,0.6827219327290854,28.64054224112509,0.0005,3.375783602396647,4.058505535125732,22.835127651691437,46.53470067679882,51.771977335214615,0.14228104054927826,0.19836142659187317,0.24099735915660858,0.02677624486386776,1.1049621903631552,0.33122958039520983,1.0536553963869641,0.06745532155036926,2.250565767288208,4.195306777954102,170.33514404296875,171.05056762695312,3.1641368865966797,4.0498738288879395,141,66,0.9999996466591651,0.13157195548730882,0.9990449950492032,0.06390004812684236,141,141,0,0.01,3.358504056930542,3.5982160568237305,4.791672706604004,1.4267282770478056,0.05240461602807045,10.328845977783203,1.6931790113449097,9.494916915893555,0.9192621263126293,0.5546036958694458
gpu_seed1103_ckpt75_optimizer_reset,1103,75,optimizer_reset,67,25.25092315673828,0.14851920515821926,0.44465510050455714,17.487569805002625,0.0005,3.4413944085439048,3.886049509048462,22.970679059624672,46.73151156306267,52.00830724835396,0.13555140793323517,0.19681088626384735,0.23632991313934326,0.023556547239422798,1.09926759636464,0.33094368157036874,1.0490021065650066,0.06609644740819931,2.1902687549591064,4.163950443267822,170.33448791503906,171.0501251220703,3.0020945072174072,4.018579483032227,142,67,0.9999996819932485,0.13244038353182142,0.9991404955442829,0.06483614807871552,142,142,0,0.01,3.0461883544921875,3.538776397705078,4.647799968719482,1.5257756342820648,0.009284008294343948,10.31937026977539,1.6933213472366333,9.48465633392334,0.9191119308609577,0.5550541877746582
gpu_seed1103_ckpt75_optimizer_reset,1103,75,optimizer_reset,68,25.269241333007812,0.14862694779252264,0.20273876190185547,7.214081899218513,0.0005,3.4687905311584473,3.6715292930603027,23.09860736131668,46.937913954257965,52.24725629389286,0.12792830169200897,0.20640239119529724,0.23894904553890228,0.03542839363217354,1.0939725039581913,0.3307338938871096,1.0465728144486781,0.074192114174366,2.062020778656006,4.123663425445557,170.3338165283203,171.04957580566406,3.5968704223632812,4.59003210067749,143,68,0.9999997137939237,0.13330794314828964,0.9992264459898546,0.06577131193063679,143,143,0,0.01,2.827728033065796,4.057745456695557,4.685380458831787,1.6569416874756109,0.10931285470724106,10.310128211975098,1.6976807117462158,9.469921112060547,0.9185066293414685,0.5570790767669678
gpu_seed1103_ckpt75_optimizer_reset,1103,75,optimizer_reset,69,25.286792755126953,0.1487301805831161,0.41508205731709813,15.058934638147338,0.0005,3.3765408992767334,3.7916229565938315,23.230822712183,47.1425266712904,52.487378761172295,0.13221535086631775,0.20461271703243256,0.2401224672794342,0.031206566840410233,1.088501817968963,0.33063519175908235,1.044966379052616,0.07148575782775879,1.9337574243545532,4.0821943283081055,170.3330078125,171.04901123046875,3.7732431888580322,3.725919246673584,144,69,0.9999997424145314,0.1341746352051414,0.9993038013908692,0.06670554061870615,144,144,0,0.01,2.934135675430298,4.257367134094238,4.893479347229004,1.6677754161827216,0.11160147190093994,10.3013334274292,1.6971429586410522,9.460936546325684,0.9184186312359599,0.5573594570159912
gpu_seed1103_ckpt75_optimizer_reset,1103,75,optimizer_reset,70,25.30287742614746,0.14882478633437393,0.6057844956715903,22.739421156933048,0.0005,3.307194630304972,3.9129791259765625,23.360463604331017,47.33845479786396,52.719130873680115,0.12964089214801788,0.19592812657356262,0.23175211250782013,0.029242858290672302,1.0831496264250184,0.33058438579514576,1.0435839485630878,0.06757331639528275,1.6907148361206055,4.016024112701416,170.3321533203125,171.04837036132812,2.965296983718872,3.6013121604919434,145,70,0.9999997681730782,0.13504046056993624,0.9993734212517822,0.06763883507808743,145,145,0,0.01,2.8429341316223145,4.062962532043457,4.716619968414307,1.6590676217043123,0.10144102573394775,10.291754722595215,1.6993211507797241,9.449499130249023,0.918162100142363,0.557918906211853
gpu_seed1103_ckpt75_optimizer_reset,1103,75,optimizer_reset,71,25.3179988861084,0.14891372673470266,0.8387449582417807,34.36399382481906,0.0005,3.26434318224589,4.103088140487671,23.486290886998177,47.52716983854771,52.942621514201164,0.12582728266716003,0.18871504068374634,0.2234906405210495,0.0315386988222599,1.0779905182952139,0.3305426923471794,1.041796922260787,0.06697801500558853,1.740821361541748,3.9494998455047607,170.33128356933594,171.0476837158203,4.152609348297119,4.361237049102783,146,71,0.9999997913557703,0.13590542010936624,0.9994360791266039,0.06857119624300934,146,146,0,0.01,2.7975895404815674,3.834926128387451,4.507059097290039,1.6110508822221998,0.10344307869672775,10.282464981079102,1.6988581418991089,9.439919471740723,0.9180599680242358,0.55823814868927
gpu_seed1103_ckpt75_optimizer_reset,1103,75,optimizer_reset,72,25.332324981689453,0.1489979890135711,0.8584243456522627,35.638228732261624,0.0005,3.266345977783203,4.124770323435466,23.61045490950346,47.70360139012337,53.1544354557991,0.12416402250528336,0.1764315515756607,0.21181394159793854,0.038336846977472305,1.0729282887087386,0.3305193867162575,1.041114828688816,0.060805775225162506,1.6180689334869385,3.845445394515991,170.33045959472656,171.04702758789062,2.906614303588867,3.707296848297119,147,72,0.9999998122201933,0.1367695146892569,0.9994924712139436,0.06950262504676641,147,147,0,0.01,2.8708159923553467,3.1044700145721436,3.898853063583374,1.3580992560875422,0.15025556087493896,10.272712707519531,1.6994502544403076,9.429583549499512,0.9179253638229584,0.5584760904312134
gpu_seed1103_ckpt75_optimizer_reset,1103,75,optimizer_reset,73,25.345426559448242,0.14907504900472374,0.7384293079376216,29.793629028482115,0.0005,3.305692275365194,4.0441215833028155,23.73136867582798,47.88461375236511,53.36842779815197,0.12091376632452011,0.181012362241745,0.21399234235286713,0.036389220505952835,1.0680136871019674,0.3305414501062583,1.0407311856747665,0.05885456129908562,1.3560463190078735,3.7218401432037354,170.32955932617188,171.0462646484375,3.630615711212158,4.193983554840088,148,73,0.999999830998174,0.1376327451745677,0.9995432240925493,0.07043312242171962,148,148,0,0.01,2.84683895111084,3.3082685470581055,4.083993911743164,1.4345714604432225,0.125828355550766,10.263236045837402,1.7017186880111694,9.418895721435547,0.9177315692017798,0.5586634278297424
gpu_seed1103_ckpt75_optimizer_reset,1103,75,optimizer_reset,74,25.358463287353516,0.14915172756630887,0.3722035090128579,12.318171420807065,0.0005,3.3075226147969565,3.6797261238098145,23.85592520236969,48.068431839346886,53.58715707063675,0.1245565265417099,0.18381808698177338,0.21872927248477936,0.0319037139415741,1.0629838529521174,0.33056944338381283,1.0403424220205857,0.0643557757139206,1.0812221765518188,3.6054675579071045,170.3286590576172,171.0455322265625,3.310421943664551,3.6294753551483154,149,74,0.9999998478983566,0.13849511242939305,0.9995889016832943,0.0713626892992979,149,149,0,0.01,3.04193115234375,3.3893136978149414,4.385646343231201,1.441730967464764,0.07307910919189453,10.253655433654785,1.7033990621566772,9.40761947631836,0.9174893321887466,0.5592470765113831
gpu_seed1103_ckpt75_optimizer_reset,1103,75,optimizer_reset,75,25.371360778808594,0.1492275871761755,0.1457382043202715,4.542122973624398,0.0005,3.3655839761098227,3.5113221804300943,23.976737469434738,48.24602344632149,53.79831722378731,0.12081226706504822,0.17759160697460175,0.21116015315055847,0.036023154854774475,1.0581656829312431,0.3305850549964002,1.0398755513674718,0.06107142195105553,1.1929676532745361,3.5397677421569824,170.32777404785156,171.0447540283203,3.288478136062622,3.5031819343566895,150,75,0.999999863108521,0.1393566173169637,0.9996300115149649,0.0722913266099986,150,150,1,0.01,3.027719259262085,3.381819248199463,4.365063667297363,1.4417002679303146,0.07568953186273575,10.244494438171387,1.7028793096542358,9.397974014282227,0.9173682577506305,0.559684693813324
gpu_seed1103_ckpt75_optimizer_reset,1103,75,optimizer_reset,76,25.38390350341797,0.1493013601419376,0.033834218978881836,1.0085675712871875,0.0005,3.4116830825805664,3.3778488636016846,24.09621389210224,48.43124412000179,54.0146042406559,0.11947642266750336,0.18522067368030548,0.2162870168685913,0.040697745978832245,1.0534394995446454,0.3306052982055878,1.0402065156692348,0.06095985323190689,0.9712457656860352,3.48258900642395,170.32691955566406,171.04391479492188,3.3581998348236084,3.998819589614868,151,76,0.9999998767976689,0.14021726069964668,0.9996670103634684,0.07321903528338858,151,151,0,0.01,3.0958058834075928,3.672450065612793,4.428674221038818,1.4305400234470418,0.15206651389598846,10.236235618591309,1.7024253606796265,9.389544486999512,0.9172849118425007,0.5599321722984314
gpu_seed1103_ckpt75_optimizer_reset,1103,75,optimizer_reset,77,25.396291732788086,0.14937422440784767,0.09770242373148585,3.073399630845696,0.0005,3.3993643124898276,3.4970667362213135,24.211456172168255,48.61537702381611,54.229185089468956,0.11524228006601334,0.1841329038143158,0.21458084881305695,0.02687988057732582,1.048936980584455,0.33079318168276295,1.04303839896907,0.0609201043844223,0.8887236714363098,3.413813829421997,170.32603454589844,171.04302978515625,4.106248378753662,4.399774074554443,152,77,0.9999998891179019,0.14107704343894711,0.9997003093271215,0.07414581624810523,152,152,0,0.01,2.757770538330078,3.389559507369995,4.18509578704834,1.5175649057376024,0.08448068052530289,10.227962493896484,1.7034144401550293,9.38017463684082,0.9171107776781058,0.5603449940681458
gpu_seed1103_ckpt75_optimizer_reset,1103,75,optimizer_reset,78,25.409072875976562,0.14944939968819615,0.36401828130086233,10.003079413874659,0.0005,3.1259198983510337,3.489938179651896,24.338621340692043,48.792160123586655,54.4437579959631,0.12716516852378845,0.17678309977054596,0.21457290649414062,0.030731191858649254,1.043981601106295,0.3311252556773452,1.046284109874221,0.05951870232820511,0.9936125874519348,3.3609206676483154,170.32505798339844,171.04217529296875,4.15738582611084,4.1409406661987305,153,78,0.9999999002061117,0.1419359663955081,0.9997302783944094,0.07507167043185714,153,153,0,0.01,3.53615140914917,2.9842474460601807,4.501370429992676,1.272957492245637,0.05438235402107239,10.222613334655762,1.7039717435836792,9.374017715454102,0.9169883872721913,0.5606828927993774
gpu_seed1103_ckpt75_optimizer_reset,1103,75,optimizer_reset,79,25.42180824279785,0.14952430572414405,0.34074227015177394,8.931204694134877,0.0005,3.0909759998321533,3.4317182699839273,24.468632705509663,48.96925465762615,54.65986405313015,0.13001136481761932,0.17709453403949738,0.21610605716705322,0.03395538404583931,1.0389549979665404,0.3314406768023757,1.0485713931377043,0.062468476593494415,1.2121262550354004,3.348029375076294,170.32411193847656,171.04132080078125,3.1494414806365967,3.4737086296081543,154,79,0.9999999101855006,0.14279403042911265,0.9997572505549684,0.07599659876142528,154,154,0,0.01,3.496328830718994,3.075021266937256,4.518868923187256,1.2924610761673385,0.05859280750155449,10.213322639465332,1.7043750286102295,9.363996505737305,0.9168413489213529,0.5610398650169373
gpu_seed1103_ckpt75_optimizer_reset,1103,75,optimizer_reset,80,25.434337615966797,0.1495980001602893,0.204893509546916,5.67066532683706,0.0005,3.216375986735026,3.421269496281942,24.601423673331738,49.14080320298672,54.87161481380463,0.1327909678220749,0.17154854536056519,0.21175076067447662,0.048813629895448685,1.0338563309869304,0.33158964529210616,1.0489261587911394,0.06507452577352524,1.3811525106430054,3.3625917434692383,170.3231964111328,171.0405731201172,3.020580291748047,3.1927976608276367,155,80,0.9999999191669505,0.1436512363986835,0.9997815254994716,0.07692060216266383,155,155,0,0.01,3.3640952110290527,3.111769199371338,4.156335830688477,1.2354988696695797,0.17792369425296783,10.203991889953613,1.7045581340789795,9.354195594787598,0.9167192306372173,0.5613077878952026
gpu_seed1103_ckpt75_optimizer_reset,1103,75,optimizer_reset,81,25.44631004333496,0.14966841878956066,0.15960446993509914,4.767518598803761,0.0005,3.316019137700399,3.475623607635498,24.7202011346817,49.30327957868576,55.067498460412025,0.11877746134996414,0.16247637569904327,0.195883646607399,0.05534769967198372,1.0293730987339549,0.33157683281958517,1.048215141363549,0.060801152139902115,1.5763158798217773,3.3645832538604736,170.32225036621094,171.03990173339844,2.7722156047821045,2.832533359527588,156,81,0.9999999272502554,0.1445075851622848,0.9998033729495245,0.07784368156050114,156,156,0,0.01,2.855586528778076,2.8513758182525635,3.598672866821289,1.2602219651035838,0.20474869012832642,10.195244789123535,1.7047550678253174,9.345213890075684,0.9166247680530833,0.5614420771598816
gpu_seed1103_ckpt75_optimizer_reset,1103,75,optimizer_reset,82,25.45658302307129,0.14972884172046008,0.20554137229919434,5.80754129341938,0.0005,3.2367348670959473,3.4422762393951416,24.833543486893177,49.45638747513294,55.25425224006176,0.11334235221147537,0.1531078964471817,0.1867537796497345,0.040670040994882584,1.0250886280689633,0.33126302952687864,1.0447027420124144,0.0612090528011322,1.30323326587677,3.327672004699707,170.32119750976562,171.03916931152344,3.69709849357605,3.6553070545196533,157,82,0.99999993452523,0.14536307757712252,0.999823035654572,0.07876583787894065,157,157,0,0.01,2.679051637649536,2.428222179412842,3.4572174549102783,1.290463164772059,0.08617757260799408,10.187973022460938,1.7042462825775146,9.337629318237305,0.9165345547784788,0.561773419380188
gpu_seed1103_ckpt75_optimizer_reset,1103,75,optimizer_reset,83,25.466060638427734,0.1497845865298992,0.05521901448567679,1.3314151903979017,0.0005,3.1549537976582847,3.2101728121439614,24.955148093402386,49.62823450565338,55.46105197072029,0.12160460650920868,0.17184703052043915,0.2067997306585312,0.037156619131565094,1.0204732323411618,0.3309019220195536,1.0413981852296614,0.0631231963634491,1.0759038925170898,3.246307134628296,170.320068359375,171.03836059570312,3.191591262817383,3.4758920669555664,158,83,0.999999941072707,0.14621771449954546,0.9998407320891148,0.07968707204106174,158,158,0,0.01,2.9785962104797363,3.2578165531158447,4.22572660446167,1.4186973681067199,0.08391834050416946,10.179695129394531,1.7063478231430054,9.327237129211426,0.916258985230069,0.5624743700027466
gpu_seed1103_ckpt75_optimizer_reset,1103,75,optimizer_reset,84,25.475547790527344,0.1498403874319218,0.01564192771911621,0.4004816787570249,0.0005,3.23488187789917,3.250523805618286,25.07063875347376,49.79835465550423,55.66345173120499,0.11549066007137299,0.17012014985084534,0.20239976048469543,0.033421922475099564,1.0161507267937666,0.3305783922148648,1.037950046290091,0.058686912059783936,0.9439638257026672,3.232137680053711,170.31890869140625,171.03765869140625,3.4267380237579346,3.518606424331665,159,84,0.9999999469654363,0.14707149678504594,0.9998566588802034,0.08060738496902065,159,159,0,0.01,2.7417590618133545,3.013639211654663,3.987570285797119,1.4543839177313964,0.042271215468645096,10.170042037963867,1.706626296043396,9.316896438598633,0.916111890572189,0.562838613986969
gpu_seed1103_ckpt75_optimizer_reset,1103,75,optimizer_reset,85,25.485689163208008,0.1499000362851695,0.14744226137797023,3.8876423128160837,0.0005,3.1974947452545166,3.344937006632487,25.18429173529148,49.967612102627754,55.86416284739971,0.11365298181772232,0.16925744712352753,0.20071111619472504,0.03327344357967377,1.0119676753701659,0.3303612118481112,1.0350167952911031,0.05918004363775253,1.0036424398422241,3.2632100582122803,170.31781005859375,171.03689575195312,3.622197389602661,3.539146661758423,160,85,0.9999999522688926,0.14792442528826089,0.999870992992183,0.08152677758405169,160,160,0,0.01,2.467371940612793,2.9765396118164062,3.8186066150665283,1.5476412583814165,0.024914609268307686,10.16208553314209,1.707031488418579,9.30862808227539,0.9160155218056182,0.5629619359970093
gpu_seed1103_ckpt75_optimizer_reset,1103,75,optimizer_reset,86,25.49594497680664,0.1499603582494187,0.16649436950683594,3.968435143644882,0.0005,3.0867636998494468,3.2532580693562827,25.305231526494026,50.13507525622845,56.06680020689964,0.12093979120254517,0.16746315360069275,0.20263735949993134,0.039708711206912994,1.007536522640069,0.3302181273133812,1.0320628951696202,0.06025170534849167,1.126335859298706,3.284787178039551,170.31675720214844,171.03616333007812,3.326554775238037,3.450270652770996,161,86,0.9999999570420034,0.14877650086297256,0.9998838936929647,0.08244525080646758,161,161,0,0.01,2.801961898803711,2.828636407852173,3.7147626876831055,1.3257720204074817,0.12949664890766144,10.154486656188965,1.7084660530090332,9.29952335357666,0.9158043797229142,0.5634840726852417
gpu_seed1103_ckpt75_optimizer_reset,1103,75,optimizer_reset,87,25.505970001220703,0.15001932277314825,0.17546733220418265,4.471346075081389,0.0005,3.148975690205892,3.3244430224100747,25.43564109504223,50.29614192247391,56.26926992833614,0.13040956854820251,0.1610666662454605,0.20246972143650055,0.046540647745132446,1.002764974781437,0.33019508118490887,1.0305069473238466,0.06588762253522873,1.297391414642334,3.301194190979004,170.31573486328125,171.03543090820312,3.7026500701904297,3.780629873275757,162,87,0.999999961337803,0.14962772436210958,0.9998955043236682,0.08336280555566111,162,162,0,0.01,3.310838222503662,2.6126320362091064,3.8845467567443848,1.1732819593358776,0.15594176948070526,10.145195960998535,1.7076606750488281,9.290653228759766,0.9157687307840254,0.5635029077529907
gpu_seed1103_ckpt75_optimizer_reset,1103,75,optimizer_reset,88,25.51593780517578,0.15007795074137703,0.19043326377868652,5.772356730333058,0.0005,3.3148066997528076,3.505239963531494,25.553702250123024,50.458685621619225,56.466224670410156,0.11806115508079529,0.16254369914531708,0.19695474207401276,0.04084711894392967,0.9985221536754794,0.3302951100345433,1.0304665469709515,0.054292768239974976,1.302607774734497,3.3120620250701904,170.314697265625,171.03456115722656,3.568437099456787,3.513322114944458,163,88,0.9999999652040227,0.15047809663774747,0.9999059538913014,0.08427944275010546,163,163,0,0.01,2.791816234588623,2.3771491050720215,3.508187770843506,1.2565969519692202,0.08571431040763855,10.135872840881348,1.7073885202407837,9.281472206115723,0.9157052729272156,0.5635475516319275
gpu_seed1103_ckpt75_optimizer_reset,1103,75,optimizer_reset,89,25.525476455688477,0.1501340545433503,0.2053541342417402,6.523076138019984,0.0005,3.3539318243662515,3.5592859586079917,25.67281349748373,50.639945179224014,56.6775184571743,0.11911124736070633,0.18125955760478973,0.2112937867641449,0.055522069334983826,0.9942609701967147,0.3304600747919758,1.0326627473247647,0.06084344908595085,1.3182687759399414,3.3047094345092773,170.31361389160156,171.0336456298828,3.390200138092041,4.441117286682129,164,89,0.9999999686836204,0.15132761854110977,0.9999153585021713,0.08519516330735533,164,164,0,0.01,2.6295151710510254,3.038452386856079,3.6632027626037598,1.3931095750773603,0.17068862915039062,10.127922058105469,1.7123619318008423,9.269867897033691,0.9152783605412934,0.5644040703773499
gpu_seed1103_ckpt75_optimizer_reset,1103,75,optimizer_reset,90,25.53489112854004,0.1501894291417386,0.20497163136800145,6.271819557050712,0.0005,3.3167144457499185,3.52168607711792,25.78863762319088,50.81939882040024,56.88691593706608,0.1158241257071495,0.17945364117622375,0.20939747989177704,0.04261539876461029,0.9901605312246645,0.33067162427494906,1.0353060950608495,0.060380540788173676,1.2340826988220215,3.3331382274627686,170.3125,171.03271484375,3.223874092102051,3.68387770652771,165,90,0.9999999718152583,0.15217629092256868,0.9999238226519541,0.08610996814404803,165,165,0,0.01,2.440825939178467,3.0402398109436035,3.6674532890319824,1.5025460153315444,0.1179455891251564,10.118814468383789,1.7120685577392578,9.26077651977539,0.9152037077772054,0.5645201206207275
gpu_seed1103_ckpt75_optimizer_reset,1103,75,optimizer_reset,91,25.544525146484375,0.15024609386954643,0.39101624488830566,10.463319359751281,0.0005,3.0850113232930503,3.476027568181356,25.91323906928301,50.99753364920616,57.09867236018181,0.12460144609212875,0.17813482880592346,0.21175642311573029,0.054441411048173904,0.9857712144045827,0.3308926726350761,1.0379254558675641,0.063606396317482,1.0009561777114868,3.3099684715270996,170.31143188476562,171.03179931640625,3.100421667098999,3.4096806049346924,166,91,0.9999999746337326,0.1530241146316461,0.9999314403867587,0.08702385817590397,166,166,0,0.01,3.060272455215454,3.0065743923187256,3.837423086166382,1.2539481834779838,0.19992183148860931,10.110601425170898,1.71305513381958,9.251509666442871,0.9150305978247559,0.5649071931838989
gpu_seed1103_ckpt75_optimizer_reset,1103,75,optimizer_reset,92,25.553203582763672,0.15029713812049192,0.3852017720540366,9.866501332346843,0.0005,3.0443575382232666,3.429559310277303,26.037687562406063,51.18668667972088,57.31995640695095,0.1244484931230545,0.1891530305147171,0.22128404676914215,0.04884631559252739,0.9813929720724169,0.33085445270910985,1.0375542072118442,0.06127222999930382,0.8536715507507324,3.283142328262329,170.310302734375,171.0309295654297,3.6328346729278564,3.5517640113830566,167,92,0.9999999771703593,0.15387109051701442,0.9999382963480828,0.08793683431772803,167,167,0,0.01,2.9660754203796387,3.144033908843994,3.9321727752685547,1.3257157077832957,0.1726764738559723,10.101309776306152,1.7125804424285889,9.242243766784668,0.9149549881603034,0.5650607347488403
gpu_seed1103_ckpt75_optimizer_reset,1103,75,optimizer_reset,93,25.561901092529297,0.1503482945566043,0.3288534482320151,8.307067959925867,0.0005,3.060321092605591,3.389174540837606,26.157153017818928,51.367231369018555,57.53186096251011,0.11946545541286469,0.1805446892976761,0.21190455555915833,0.04554818198084831,0.9772432449018781,0.3307666626263901,1.0357179858777739,0.05913473665714264,0.8633646965026855,3.289015054702759,170.30923461914062,171.03013610839844,2.9808859825134277,3.1678831577301025,168,93,0.9999999794533234,0.1547172194264974,0.9999444667132745,0.0888488974834103,168,168,0,0.01,2.671337127685547,3.0737318992614746,3.783534049987793,1.4163446503154171,0.13815298676490784,10.091925621032715,1.7139689922332764,9.231844902038574,0.9147753608882581,0.5653411149978638
gpu_seed1103_ckpt75_optimizer_reset,1103,75,optimizer_reset,94,25.569978713989258,0.15039580497479202,0.43576971689860056,11.21880415746286,0.0005,3.0224479834238687,3.4582177003224692,26.280768997967243,51.551448568701744,57.748583391308784,0.12361598014831543,0.1842171996831894,0.21672242879867554,0.04936465620994568,0.9729539769542537,0.33064968710933706,1.0327794359625038,0.06152023375034332,1.2227728366851807,3.2775795459747314,170.30812072753906,171.02931213378906,3.413496494293213,3.357988119125366,169,94,0.9999999815079911,0.1555625022070709,0.9999500200419471,0.0897600485859269,169,169,0,0.01,2.6062357425689697,3.1632938385009766,3.6805315017700195,1.4122020666252941,0.19726265966892242,10.083218574523926,1.713955283164978,9.222807884216309,0.9146690430293329,0.5655751824378967
gpu_seed1103_ckpt75_optimizer_reset,1103,75,optimizer_reset,95,25.578163146972656,0.15044394362991442,0.47157677014668753,12.143559021678378,0.0005,3.003434975941976,3.4750117460886636,26.397824235260487,51.72539731860161,57.95419605076313,0.11705523729324341,0.1739487498998642,0.2056126594543457,0.04134064540266991,0.9689496724811908,0.3305285050317936,1.0303153038450366,0.05963753163814545,1.3564765453338623,3.241334915161133,170.30703735351562,171.0285186767578,2.782015800476074,3.3090949058532715,170,95,0.999999983357192,0.15640693970486386,0.9999550180377524,0.09067028853734094,170,170,0,0.01,2.398083448410034,2.609353542327881,3.217989444732666,1.341900527633807,0.17611612379550934,10.074000358581543,1.713261365890503,9.213753700256348,0.914607243626579,0.5657061338424683
gpu_seed1103_ckpt75_optimizer_reset,1103,75,optimizer_reset,96,25.586645126342773,0.1504938323736407,0.4575531482696533,11.527441171758287,0.0005,2.989108085632324,3.4466612339019775,26.513062618672848,51.89367759227753,58.1541333347559,0.11523838341236115,0.16828027367591858,0.19993728399276733,0.04185205698013306,0.9650580732352447,0.3304472127097642,1.02889493926817,0.05837453156709671,1.1855145692825317,3.153437376022339,170.3059539794922,171.027587890625,3.546879291534424,4.161228656768799,171,96,0.9999999850214727,0.157250532765159,0.9999595162339772,0.09157961824880367,171,171,0,0.01,2.4025421142578125,2.427628993988037,3.142448902130127,1.3079682905369492,0.15350303053855896,10.064791679382324,1.7142409086227417,9.203866004943848,0.9144616498915727,0.565900444984436
gpu_seed1103_ckpt75_optimizer_reset,1103,75,optimizer_reset,97,25.59571075439453,0.1505471539834745,0.35424256324768066,8.737642281592024,0.0005,3.0230693022410073,3.377311865488688,26.621463142335415,52.067412719130516,58.355054542422295,0.10840052366256714,0.1737351268529892,0.2009212076663971,0.041555654257535934,0.9614689702644249,0.3303460930846853,1.0285563340772754,0.05570395290851593,1.012085199356079,3.0517280101776123,170.304931640625,171.02670288085938,3.325528383255005,4.090545177459717,172,97,0.9999999865193254,0.15809328223239383,0.9999635646105794,0.09248803863055488,172,172,0,0.01,2.3095176219940186,2.721935749053955,3.3381905555725098,1.445405968666694,0.12720327079296112,10.055269241333008,1.7138121128082275,9.194543838500977,0.9144005613201421,0.5659527778625488
gpu_seed1103_ckpt75_optimizer_reset,1103,75,optimizer_reset,98,25.605188369750977,0.15060289879291364,0.29816317558288574,7.218569279581288,0.0005,3.033988078435262,3.332151254018148,26.730706207454205,52.24656684696674,58.56069691479206,0.10924306511878967,0.17915412783622742,0.20564237236976624,0.044490229338407516,0.9578941974458453,0.33021596309355267,1.0277279782058657,0.05679762735962868,0.8678317666053772,2.9699647426605225,170.30384826660156,171.02581787109375,3.281795024871826,3.6218128204345703,173,98,0.999999987867393,0.15893518895016145,0.9999672081495214,0.09339555059192428,173,173,0,0.01,2.480487585067749,3.145089626312256,3.7818901538848877,1.5246559493584682,0.11162891238927841,10.0458984375,1.714137077331543,9.184925079345703,0.9142960320063248,0.566069483757019
gpu_seed1103_ckpt75_optimizer_reset,1103,75,optimizer_reset,99,25.615018844604492,0.15066071902794068,0.30302770932515477,7.564462754435738,0.0005,3.0620553493499756,3.3650830586751304,26.84011486172676,52.42037519812584,58.761089354753494,0.1094086542725563,0.17380835115909576,0.2003924399614334,0.05317747965455055,0.9543557833699821,0.33013992068506526,1.0274729039822186,0.05615752935409546,0.845209538936615,2.9356155395507812,170.30279541015625,171.02496337890625,2.7964823246002197,3.0098257064819336,174,99,0.9999999890806536,0.1597762537612113,0.9999704873345694,0.09430215504133233,174,174,0,0.01,2.3718669414520264,3.2060296535491943,3.611919641494751,1.522817143900179,0.18794795870780945,10.03653335571289,1.7133690118789673,9.175736427307129,0.9142336404514909,0.56621253490448
gpu_seed1103_ckpt75_optimizer_reset,1103,75,optimizer_reset,100,25.624671936035156,0.1507174959409154,0.3760383923848467,9.375019359780389,0.0005,3.0222085316975913,3.398246924082438,26.952350847423077,52.590590849518776,58.96117161214352,0.11223598569631577,0.1702156513929367,0.20008225739002228,0.04023625701665878,0.9507397733539147,0.3300302261138376,1.0282508419470249,0.0590515211224556,0.9847450256347656,2.9259016513824463,170.30174255371094,171.0240936279297,3.054394006729126,3.4042015075683594,175,100,0.9999999901725882,0.16061647750745012,0.9999734386011124,0.09520785288629108,175,175,1,0.01,2.4279026985168457,3.113452434539795,3.6547462940216064,1.505310034151166,0.14757773280143738,10.027524948120117,1.712670922279358,9.166814804077148,0.9141652453125791,0.5663844347000122
gpu_seed1103_ckpt150_optimizer_reset,1103,150,optimizer_reset,1,3.5583655834198,0.02089128213711111,10.70678742726644,1353829.9275767135,0.0005,3.4116830825805664,14.118470509847006,0.11947642266750336,3.584301710128784,3.5583655834198,0.11947642266750336,3.584301710128784,3.5583655834198,0.23296217620372772,29.78299403299647,0.07505151595511572,0.35771867639260013,0.7695344686508179,12.942329406738281,7.443140506744385,170.32691955566406,170.36373901367188,3.3581998348236084,3.3581998348236084,151,1,0.9999998767976689,0.14021726069964668,0.09999999999999998,0.0010000000000000009,151,151,0,0.01,3.0958058834075928,1.993383765220642,2.724946975708008,0.8802060201228585,0.4968504309654236,10.236235618591309,0.010335152968764305,10.23425006866455,0.9998060273325331,0.1926148682832718
gpu_seed1103_ckpt150_optimizer_reset,1103,150,optimizer_reset,2,5.23603630065918,0.030740942455974016,9.73138157526652,504178.9259248229,0.0005,3.3993643124898276,13.130745887756348,0.2347187027335167,6.277191162109375,6.234854459762573,0.11524228006601334,2.692889451980591,2.6764888763427734,0.16327860951423645,22.30770807634151,0.10293270684001923,0.46537474325803774,0.5522336363792419,15.023483276367188,7.859136581420898,170.32603454589844,170.38973999023438,4.106248378753662,17.088401794433594,152,2,0.9999998891179019,0.14107704343894711,0.18999999999999995,0.001998999999999973,152,152,0,0.01,2.757770538330078,6.612399101257324,6.8400044441223145,2.4802659790040704,0.12457749992609024,10.227962493896484,0.16291901469230652,10.187225341796875,0.9960170804180289,0.25751757621765137
gpu_seed1103_ckpt150_optimizer_reset,1103,150,optimizer_reset,3,6.638554573059082,0.038975173662482196,8.165686051050821,80123.27518336046,0.0005,3.1259198983510337,11.291605949401855,0.36188387125730515,8.574331998825073,8.51597547531128,0.12716516852378845,2.2971408367156982,2.281121015548706,0.15321634709835052,18.34443339510044,0.12487889051899793,0.5418842010693734,0.4592217206954956,9.90087890625,8.616828918457031,170.32505798339844,170.42111206054688,4.15738582611084,14.76067066192627,153,3,0.9999999002061117,0.1419359663955081,0.2709999999999999,0.002997000999999999,153,153,0,0.01,3.53615140914917,7.713577747344971,7.6221208572387695,2.155484869091215,0.25492584705352783,10.222613334655762,0.1739635020494461,10.17346477508545,0.995192172689865,0.29034900665283203
gpu_seed1103_ckpt150_optimizer_reset,1103,150,optimizer_reset,4,7.887433052062988,0.04630738055583972,11.935049136479696,3355188.7286643153,0.0005,3.0909759998321533,15.02602513631185,0.49189523607492447,10.664714574813843,10.593592882156372,0.13001136481761932,2.0903825759887695,2.0776174068450928,0.128982812166214,16.034782355252485,0.14301523766316437,0.5933626996342856,0.4240134656429291,15.62859058380127,8.565858840942383,170.32411193847656,170.4545135498047,3.1494414806365967,13.785675048828125,154,4,0.9999999101855006,0.14279403042911265,0.3439,0.003994003998999962,154,154,0,0.01,3.496328830718994,8.060805320739746,8.0540189743042,2.303564499865891,0.21881258487701416,10.213322639465332,0.2071678340435028,10.124781608581543,0.9913308299355346,0.4356761872768402
gpu_seed1103_ckpt150_optimizer_reset,1103,150,optimizer_reset,5,8.953926086425781,0.052568796465984634,11.254159291585287,1925165.1705909485,0.0005,3.216375986735026,14.470535278320312,0.6246862038969994,12.617910504341125,12.540310144424438,0.1327909678220749,1.9531959295272827,1.9467172622680664,0.08270207792520523,14.333478201621698,0.1585464205000853,0.6472756715640611,0.3935454785823822,12.954014778137207,8.069703102111816,170.3231964111328,170.49136352539062,3.020580291748047,14.543299674987793,155,5,0.9999999191669505,0.1436512363986835,0.40950999999999993,0.004990009995000988,155,155,0,0.01,3.3640952110290527,10.461016654968262,10.659679412841797,3.168661629400765,0.10117708146572113,10.203991889953613,0.35590213537216187,10.077380180358887,0.987591943333435,0.3709787130355835
gpu_seed1103_ckpt150_optimizer_reset,1103,150,optimizer_reset,6,9.943991661071777,0.05838150423006217,6.061828851699829,11795.992509054993,0.0005,3.316019137700399,9.377847989400228,0.7434636652469635,14.42854928970337,14.345126986503601,0.11877746134996414,1.8106387853622437,1.8048168420791626,0.08173569291830063,13.375222120310628,0.17208756766285763,0.6900650548839764,0.37032076716423035,7.6135149002075195,7.3128838539123535,170.32225036621094,170.53146362304688,2.7722156047821045,14.06251335144043,156,6,0.9999999272502554,0.1445075851622848,0.46855899999999995,0.0059850199850060015,156,156,0,0.01,2.855586528778076,12.208854675292969,12.198214530944824,4.271701945645558,0.12067179381847382,10.195244789123535,0.4174841046333313,10.041092872619629,0.9848800181169418,0.3869210481643677
gpu_seed1103_ckpt150_optimizer_reset,1103,150,optimizer_reset,7,10.9086332321167,0.06404494682735644,6.75319242477417,21780.26280124417,0.0005,3.2367348670959473,9.989927291870117,0.8568060174584389,16.10363745689392,16.016366004943848,0.11334235221147537,1.6750881671905518,1.6712390184402466,0.06775303184986115,12.731742086105404,0.18559227859803692,0.7516537344049975,0.3684147596359253,7.795229434967041,7.206735134124756,170.32119750976562,170.57566833496094,3.69709849357605,11.657563209533691,157,7,0.99999993452523,0.14536307757712252,0.5217030999999999,0.006979034965020947,157,157,0,0.01,2.679051637649536,11.5751371383667,11.62031078338623,4.33747174562748,0.09882966428995132,10.187973022460938,0.42574355006217957,10.024971961975098,0.984000638779916,0.40069252252578735
gpu_seed1103_ckpt150_optimizer_reset,1103,150,optimizer_reset,8,11.82901668548584,0.06944854855064653,7.26541503270467,33512.34893317151,0.0005,3.1549537976582847,10.420368830362955,0.9784106239676476,17.60844051837921,17.520257234573364,0.12160460650920868,1.5048030614852905,1.5038912296295166,0.047902971506118774,12.09003295314268,0.1989831532159198,0.802461699158416,0.3530134856700897,7.613831520080566,7.744168281555176,170.320068359375,170.62152099609375,3.191591262817383,8.743562698364258,158,8,0.999999941072707,0.14621771449954546,0.5695327899999999,0.00797205593005601,158,158,0,0.01,2.9785962104797363,10.167044639587402,10.388440132141113,3.4876966859715606,0.07134460657835007,10.179695129394531,0.43485304713249207,10.000609397888184,0.9824075545258513,0.42956793308258057
gpu_seed1103_ckpt150_optimizer_reset,1103,150,optimizer_reset,9,12.684536933898926,0.07447133625039497,5.34714682896932,5309.514167347839,0.0005,3.23488187789917,8.58202870686849,1.0939012840390205,19.007838249206543,18.91981530189514,0.11549066007137299,1.3993977308273315,1.3995580673217773,0.03987601399421692,11.595687032244912,0.21080720938372768,0.8535775928061515,0.3416873514652252,5.594187259674072,6.815585613250732,170.31890869140625,170.6673583984375,3.4267380237579346,11.506020545959473,159,9,0.9999999469654363,0.14707149678504594,0.6125795109999999,0.00896408387412595,159,159,0,0.01,2.7417590618133545,9.340197563171387,9.604177474975586,3.5029254060785475,0.049130503088235855,10.170042037963867,0.43778297305107117,9.986749649047852,0.9819772240633045,0.4364332854747772
gpu_seed1103_ckpt150_optimizer_reset,1103,150,optimizer_reset,10,13.48504638671875,0.07917115374812687,7.4261551698048915,41070.86486680618,0.0005,3.1974947452545166,10.623649915059408,1.2075542658567429,20.341477513313293,20.254650115966797,0.11365298181772232,1.3336392641067505,1.3348348140716553,0.03208494186401367,11.167238415691514,0.2211359893878284,0.8886731382408767,0.33873578906059265,7.902407169342041,6.1532769203186035,170.31781005859375,170.71263122558594,3.622197389602661,9.340522766113281,160,10,0.9999999522688926,0.14792442528826089,0.6513215599,0.009955119790251765,160,160,0,0.01,2.467371940612793,9.127293586730957,9.41386890411377,3.815342449655944,0.01719483733177185,10.16208553314209,0.4446277320384979,9.96851634979248,0.9809518250245686,0.45308244228363037
gpu_seed1103_ckpt150_optimizer_reset,1103,150,optimizer_reset,11,14.219038963317871,0.08348044846357892,5.742646535237629,6810.350133677535,0.0005,3.0867636998494468,8.829410235087076,1.328494057059288,21.634246587753296,21.55005431175232,0.12093979120254517,1.2927690744400024,1.2954041957855225,0.024964727461338043,10.703125759389527,0.23016303999156243,0.9102904555637897,0.33814817667007446,5.942805767059326,5.974025249481201,170.31675720214844,170.75584411621094,3.326554775238037,11.044881820678711,161,11,0.9999999570420034,0.14877650086297256,0.6861894039099999,0.010945164670461582,161,161,0,0.01,2.801961898803711,9.092144966125488,9.593881607055664,3.4239871752532816,-0.029919784516096115,10.154486656188965,0.46498164534568787,9.945706367492676,0.9794396018463404,0.4672870635986328
gpu_seed1103_ckpt150_optimizer_reset,1103,150,optimizer_reset,12,14.913671493530273,0.08755865904371161,6.542623519897461,16157.788419333265,0.0005,3.148975690205892,9.691599210103353,1.4589036256074905,22.876198649406433,22.796382546424866,0.13040956854820251,1.2419520616531372,1.2463282346725464,0.018885815516114235,10.222520001833546,0.23848511179525997,0.9307274028255986,0.3329051733016968,7.0272088050842285,6.337975978851318,170.31573486328125,170.79747009277344,3.7026500701904297,9.799660682678223,162,12,0.999999961337803,0.14962772436210958,0.7175704635189999,0.0119342195057911,162,162,0,0.01,3.310838222503662,8.558528900146484,9.2720947265625,2.8005278734362693,-0.031085876747965813,10.145195960998535,0.47414451837539673,9.924941062927246,0.9782897344793536,0.4828563630580902
gpu_seed1103_ckpt150_optimizer_reset,1103,150,optimizer_reset,13,15.5383939743042,0.0912264254092746,4.451199134190877,2331.513013729165,0.0005,3.3148066997528076,7.766005833943685,1.5769647806882858,24.13537096977234,24.058016896247864,0.11806115508079529,1.2591723203659058,1.261634349822998,0.026005921885371208,9.853355106328006,0.24598894530583407,0.9500624189413093,0.3466598093509674,6.660488128662109,5.998634338378906,170.314697265625,170.83685302734375,3.568437099456787,10.06812858581543,163,13,0.9999999652040227,0.15047809663774747,0.7458134171670999,0.012922285286285251,163,163,0,0.01,2.791816234588623,9.100022315979004,9.527116775512695,3.4125157155671864,-0.0031746800523251295,10.135872840881348,0.4794681966304779,9.912036895751953,0.9779164608076408,0.4853383004665375
gpu_seed1103_ckpt150_optimizer_reset,1103,150,optimizer_reset,14,16.14205551147461,0.09477054227773561,5.250058094660442,5424.759743407521,0.0005,3.3539318243662515,8.603989919026693,1.6960760280489922,25.33943271636963,25.26377046108246,0.11911124736070633,1.20406174659729,1.2057535648345947,0.03524840995669365,9.51729477011323,0.2534765988286215,0.9627363348772497,0.3192386031150818,7.335169315338135,6.612626075744629,170.31361389160156,170.8772430419922,3.390200138092041,8.082958221435547,164,14,0.9999999686836204,0.15132761854110977,0.7712320754503899,0.013909363000998987,164,164,0,0.01,2.6295151710510254,8.938098907470703,9.124335289001465,3.4699686807096723,0.07553243637084961,10.127922058105469,0.49069347977638245,9.889034271240234,0.976412951689826,0.5053200125694275
gpu_seed1103_ckpt150_optimizer_reset,1103,150,optimizer_reset,15,16.721574783325195,0.0981729191072935,4.373413562774658,2159.084834616346,0.0005,3.3167144457499185,7.690128008524577,1.8119001537561417,26.49277400970459,26.419228076934814,0.1158241257071495,1.153341293334961,1.155457615852356,0.03192334622144699,9.228750683999596,0.26048877442220164,0.9741697710585581,0.3036057949066162,7.864070415496826,7.3609299659729,170.3125,170.9169464111328,3.223874092102051,8.351704597473145,165,15,0.9999999718152583,0.15217629092256868,0.794108867905351,0.014895453637998046,165,165,0,0.01,2.440825939178467,8.522183418273926,8.702296257019043,3.565308003873679,0.06863255053758621,10.118814468383789,0.5108835101127625,9.858426094055176,0.9742669089206872,0.5283690094947815
gpu_seed1103_ckpt150_optimizer_reset,1103,150,optimizer_reset,16,17.269878387451172,0.10139202771827044,4.847636699676514,2764.92882939547,0.0005,3.0850113232930503,7.9326480229695635,1.9365015998482704,27.611259937286377,27.540002942085266,0.12460144609212875,1.118485927581787,1.1207748651504517,0.03731253370642662,8.918081136000811,0.26682519238123953,0.9788178880598306,0.30249297618865967,7.604726791381836,7.6576457023620605,170.31143188476562,170.9558563232422,3.100421667098999,7.2048726081848145,166,16,0.9999999746337326,0.1530241146316461,0.8146979811148158,0.015880558184360072,166,166,0,0.01,3.060272455215454,8.093533515930176,8.3876953125,2.7408328621860356,0.0911870151758194,10.110601425170898,0.5149089694023132,9.844606399536133,0.9736914734890518,0.535256028175354
gpu_seed1103_ckpt150_optimizer_reset,1103,150,optimizer_reset,17,17.780744552612305,0.10439133988574824,3.926470994949341,1044.1083223718779,0.0005,3.0443575382232666,6.970828533172607,2.060950092971325,28.70874059200287,28.64017605781555,0.1244484931230545,1.0974806547164917,1.1001731157302856,0.03503625467419624,8.627450326547558,0.27226064330578753,0.9758574620866969,0.28808221220970154,6.922357559204102,7.901209354400635,170.310302734375,170.99276733398438,3.6328346729278564,8.810310363769531,167,17,0.9999999771703593,0.15387109051701442,0.8332281830033342,0.016864677626175606,167,167,0,0.01,2.9660754203796387,8.566990852355957,8.92951488494873,3.010548829470695,0.048301149159669876,10.101309776306152,0.5417580008506775,9.809417724609375,0.9711035441777642,0.5578180551528931
gpu_seed1103_ckpt150_optimizer_reset,1103,150,optimizer_reset,18,18.266990661621094,0.10724610688852831,4.094726006189982,1259.218342540204,0.0005,3.060321092605591,7.155047098795573,2.1804155483841896,29.748395800590515,29.682517290115356,0.11946545541286469,1.0396552085876465,1.0423412322998047,0.03494270518422127,8.377756558904371,0.2773305345337686,0.9732610127317202,0.27178633213043213,5.850834369659424,8.003575325012207,170.30923461914062,171.02957153320312,2.9808859825134277,7.147115707397461,168,18,0.9999999794533234,0.1547172194264974,0.8499053647030008,0.017847812948549535,168,168,0,0.01,2.671337127685547,7.961487770080566,8.257128715515137,3.0910096033689474,0.05503952503204346,10.091925621032715,0.5485969185829163,9.792118072509766,0.9702923347057685,0.5655614137649536
gpu_seed1103_ckpt150_optimizer_reset,1103,150,optimizer_reset,19,18.73540687561035,0.10999619398740426,4.649218479792276,2126.114273599538,0.0005,3.0224479834238687,7.6716664632161455,2.304031528532505,30.740456759929657,30.678365886211395,0.12361598014831543,0.9920609593391418,0.9958485960960388,0.03160397335886955,8.131575737392476,0.2823685085917089,0.9739679962653451,0.2661464214324951,6.14500093460083,8.025655746459961,170.30812072753906,171.0657501220703,3.413496494293213,7.283982276916504,169,19,0.9999999815079911,0.1555625022070709,0.8649148282327007,0.01882996513560098,169,169,0,0.01,2.6062357425689697,7.350022792816162,7.711538314819336,2.9588798084762296,0.035171035677194595,10.083218574523926,0.5513067245483398,9.781279563903809,0.9700552945084459,0.5668146014213562
gpu_seed1103_ckpt150_optimizer_reset,1103,150,optimizer_reset,20,19.176591873168945,0.1125864057131481,4.749815146128336,2308.975434483496,0.0005,3.003434975941976,7.7532501220703125,2.4210867658257484,31.679174304008484,31.62077784538269,0.11705523729324341,0.9387175440788269,0.9424119591712952,0.030724868178367615,7.920654535741331,0.2870604939385876,0.9832717110183665,0.24740205705165863,6.417367935180664,7.94757604598999,170.30703735351562,171.09986877441406,2.782015800476074,7.391022205352783,170,20,0.999999983357192,0.15640693970486386,0.8784233454094307,0.01981113517046529,170,170,0,0.01,2.398083448410034,7.050704002380371,7.363207817077637,3.070455209536801,0.036858104169368744,10.074000358581543,0.5702354311943054,9.75595474243164,0.9684290644401314,0.5772427320480347
gpu_seed1103_ckpt150_optimizer_reset,1103,150,optimizer_reset,21,19.592321395874023,0.11502716750334376,4.745367209116618,2265.9410595067106,0.0005,2.989108085632324,7.734475294748942,2.5363251492381096,32.577591717243195,32.5231499671936,0.11523838341236115,0.8984174132347107,0.9023721218109131,0.029740851372480392,7.724688375128743,0.291719623802277,0.9896508909964743,0.23887686431407928,5.257476806640625,7.984546661376953,170.3059539794922,171.13290405273438,3.546879291534424,9.346733093261719,171,21,0.9999999850214727,0.157250532765159,0.8905810108684876,0.020791324035294823,171,171,0,0.01,2.4025421142578125,7.265416145324707,7.543890953063965,3.1399620045333796,0.04721127822995186,10.064791679382324,0.6154897212982178,9.717175483703613,0.9654621569175876,0.5856019258499146
gpu_seed1103_ckpt150_optimizer_reset,1103,150,optimizer_reset,22,19.989213943481445,0.11735733678915804,5.159902493158977,3558.9220593303044,0.0005,3.0230693022410073,8.182971795399984,2.6447256729006767,33.422026336193085,33.371067464351654,0.10840052366256714,0.8444346189498901,0.8479174971580505,0.0319896899163723,7.558142664206892,0.29601136057670857,1.0009915663103313,0.2259751856327057,5.164916038513184,7.880876541137695,170.304931640625,171.1645050048828,3.325528383255005,8.99495792388916,172,22,0.9999999865193254,0.15809328223239383,0.9015229097816388,0.021770532711259616,172,172,0,0.01,2.3095176219940186,7.617402076721191,7.804217338562012,3.3791547049641193,0.06971345841884613,10.055269241333008,0.6782655715942383,9.659168243408203,0.9606076189091427,0.6062166094779968
gpu_seed1103_ckpt150_optimizer_reset,1103,150,optimizer_reset,23,20.36589813232422,0.11956886213168348,4.202115774154663,1367.893003084798,0.0005,3.033988078435262,7.236103852589925,2.7539687380194664,34.21733808517456,34.170445024967194,0.10924306511878967,0.7953117489814758,0.7993775606155396,0.03136647120118141,7.395108684844072,0.3000671331866854,1.0080515705707058,0.21828827261924744,5.53132438659668,7.423708438873291,170.30384826660156,171.1949920654297,3.281795024871826,7.64572811126709,173,23,0.999999987867393,0.15893518895016145,0.9113706188034749,0.022748762178548265,173,173,0,0.01,2.480487585067749,6.425065994262695,6.72709321975708,2.7120043898831416,0.06840868294239044,10.0458984375,0.6866770386695862,9.642990112304688,0.9598932511907278,0.6091610789299011
gpu_seed1103_ckpt150_optimizer_reset,1103,150,optimizer_reset,24,20.721359252929688,0.12165578613801498,3.651838382085164,802.4005117982329,0.0005,3.0620553493499756,6.71389373143514,2.8633773922920227,35.01944535970688,34.97629117965698,0.1094086542725563,0.8021072745323181,0.8058461546897888,0.03394806757569313,7.2366846608144115,0.303702027785416,1.009870150301042,0.2216227799654007,5.952397346496582,6.742746353149414,170.30279541015625,171.22415161132812,2.7964823246002197,7.395638465881348,174,24,0.9999999890806536,0.1597762537612113,0.9202335569231275,0.023726013416369818,174,174,0,0.01,2.3718669414520264,6.693377494812012,6.859068393707275,2.8918436670420262,0.10645859688520432,10.03653335571289,0.7042720913887024,9.619224548339844,0.9584210212247769,0.6153063774108887
gpu_seed1103_ckpt150_optimizer_reset,1103,150,optimizer_reset,25,21.055191040039062,0.12361572361136906,4.541287263234457,1906.032046723449,0.0005,3.0222085316975913,7.563495794932048,2.9756133779883385,35.82612186670303,35.78760075569153,0.11223598569631577,0.8066765069961548,0.8113095760345459,0.02816891297698021,7.075916244961345,0.3063364984148898,1.0012314153541575,0.21767103672027588,5.978196144104004,6.416080474853516,170.30174255371094,171.2515411376953,3.054394006729126,7.743679523468018,175,25,0.9999999901725882,0.16061647750745012,0.9282102012308147,0.024702287402953438,175,175,1,0.01,2.4279026985168457,7.910189628601074,8.048903465270996,3.3151672306244335,0.0958322212100029,10.027524948120117,0.7430725693702698,9.589492797851562,0.9563170221429735,0.6136639714241028
gpu_seed1103_ckpt150_optimizer_reset,1103,150,optimizer_reset,26,21.36966896057129,0.12546203389335442,3.4889783064524336,665.3364415766496,0.0005,3.0423223972320557,6.531300703684489,3.082919456064701,36.61150276660919,36.57746762037277,0.10730607807636261,0.7853808999061584,0.7898668646812439,0.026389583945274353,6.931633883112343,0.30880621376598205,1.02219315318946,0.2191547453403473,4.0491251945495605,6.314038276672363,170.30072021484375,171.278076171875,2.500864267349243,6.752129554748535,176,26,0.9999999911553294,0.16145586102994258,0.9353891811077333,0.025677585115550405,176,176,0,0.01,2.281202793121338,7.655413627624512,7.774868011474609,3.4082318480914,0.09621960669755936,10.018021583557129,0.7675115466117859,9.561666488647461,0.9544465849764537,0.6193543672561646
gpu_seed1103_ckpt150_optimizer_reset,1103,150,optimizer_reset,27,21.67030906677246,0.12722710190931233,3.40616512298584,671.5330704052961,0.0005,3.1371288299560547,6.5432939529418945,3.1966884657740593,37.36363136768341,37.33464503288269,0.11376900970935822,0.7521286010742188,0.7571774125099182,0.031104447320103645,6.778986848040678,0.31150452658206085,1.0528491598849712,0.21363338828086853,3.652592658996582,6.176346778869629,170.2997283935547,171.3032684326172,3.2667577266693115,7.833178997039795,177,27,0.9999999920397965,0.1622944051689127,0.94185026299696,0.026651907530434893,177,177,0,0.01,2.4894139766693115,7.261335372924805,7.392523288726807,2.9695837486276973,0.11824126541614532,10.009031295776367,0.7747796773910522,9.547767639160156,0.9539152548347202,0.6203338503837585
gpu_seed1103_ckpt150_optimizer_reset,1103,150,optimizer_reset,28,21.959129333496094,0.12892277525641127,3.9016380310058594,1155.6869296002399,0.0005,3.1712279319763184,7.072865962982178,3.305205821990967,38.08146542310715,38.05706298351288,0.1085173562169075,0.7178340554237366,0.722417950630188,0.033210497349500656,6.643800875390526,0.31416518735103,1.080943071719219,0.2017076462507248,4.022493362426758,5.878700256347656,170.29869079589844,171.3275604248047,3.004554271697998,7.177757263183594,178,28,0.9999999928358169,0.1631321107637438,0.9476652366972639,0.02762525562290441,178,178,0,0.01,2.3948826789855957,6.2419233322143555,6.569224834442139,2.743025740710577,0.051588352769613266,10.002333641052246,0.7822986841201782,9.535386085510254,0.9533161387832068,0.6220641136169434
gpu_seed1103_ckpt150_optimizer_reset,1103,150,optimizer_reset,29,22.23500633239746,0.1305424582496491,3.452214320500692,760.2473095913123,0.0005,3.2136174043019614,6.665831724802653,3.409979872405529,38.769138753414154,38.74869966506958,0.10477405041456223,0.6876733303070068,0.6916366815567017,0.03824306279420853,6.520568204030344,0.3167789343381916,1.109469768074714,0.19020867347717285,4.376003742218018,5.689431667327881,170.29757690429688,171.3508758544922,3.0789058208465576,7.399449825286865,179,29,0.9999999935522351,0.16396897865298,0.9528987130275375,0.02859763036728158,179,179,0,0.01,2.317936658859253,5.77959680557251,6.025453567504883,2.5994901735009637,0.09220442175865173,9.993130683898926,0.79337078332901,9.518075942993164,0.9524618704654659,0.624243974685669
gpu_seed1103_ckpt150_optimizer_reset,1103,150,optimizer_reset,30,22.497114181518555,0.13208130210871027,3.9281280040740967,1229.8020804844414,0.0005,3.20635724067688,7.134485244750977,3.517918199300766,39.4352166056633,39.41937834024429,0.10793832689523697,0.6660778522491455,0.6706786751747131,0.03825381398200989,6.39500775941401,0.3192065730790852,1.1391111107176974,0.17970646917819977,5.299826622009277,5.508833408355713,170.2963409423828,171.37318420410156,3.163602590560913,6.601161956787109,180,30,0.9999999941970117,0.1648050096743271,0.9576088417247838,0.029569032736914247,180,180,0,0.01,2.4115030765533447,5.596865653991699,5.758613586425781,2.387976877331596,0.14739058911800385,9.98464584350586,0.7982029318809509,9.505772590637207,0.9520390346963513,0.6255233287811279
gpu_seed1103_ckpt150_optimizer_reset,1103,150,optimizer_reset,31,22.743017196655273,0.13352500685100105,2.2942383289337163,210.3238962867054,0.0005,3.160702625910441,5.454940954844157,3.6271471977233887,40.123119950294495,40.112247943878174,0.10922899842262268,0.6879033446311951,0.6928696036338806,0.033762115985155106,6.27022173539686,0.3215359171527658,1.1659643840284744,0.18791337311267853,2.751976728439331,5.222057819366455,170.29513549804688,171.39407348632812,2.9416346549987793,6.741055965423584,181,31,0.9999999947773105,0.16564020466465268,0.9618479575523053,0.030539463704177372,181,181,0,0.01,2.392728805541992,5.794034957885742,5.984428882598877,2.5010894961164665,0.12560275197029114,9.975541114807129,0.8030898571014404,9.492792129516602,0.9516067369443334,0.626822829246521
gpu_seed1103_ckpt150_optimizer_reset,1103,150,optimizer_reset,32,22.97658348083496,0.1348962822374455,3.122555017471313,479.2196618573102,0.0005,3.0946479638417563,6.217202981313069,3.73349629342556,40.808757305145264,40.80289775133133,0.10634909570217133,0.685637354850769,0.6906498074531555,0.03025083616375923,6.154173373973626,0.3239970256320938,1.1932545621006172,0.17986835539340973,3.5836374759674072,5.363272666931152,170.2939453125,171.41397094726562,3.005420207977295,5.0762128829956055,182,32,0.9999999952995794,0.1664745644599881,0.9656631617970749,0.031508924240473246,182,182,0,0.01,2.3224127292633057,5.846729278564453,6.137866973876953,2.6428837977568733,0.07012678682804108,9.966506958007812,0.8073159456253052,9.480362892150879,0.9512222217968471,0.6279886364936829
gpu_seed1103_ckpt150_optimizer_reset,1103,150,optimizer_reset,33,23.19769287109375,0.1361944227873048,2.9631114800771075,389.0110089374323,0.0005,3.0535361766815186,6.016647656758626,3.838548481464386,41.47118836641312,41.47054785490036,0.10505218803882599,0.6624310612678528,0.6676501035690308,0.029416736215353012,6.043350235930304,0.3260430857916341,1.2225502187476815,0.17389938235282898,3.6523561477661133,5.464888095855713,170.29281616210938,171.43275451660156,3.0531835556030273,6.928640842437744,183,33,0.9999999957696215,0.16730808989552803,0.9690968456173674,0.032477415316232716,183,183,0,0.01,2.2366116046905518,5.402112007141113,5.7679948806762695,2.5788987540694293,0.03788493573665619,9.956930160522461,0.8169379234313965,9.459953308105469,0.9500873417402915,0.6341830492019653
gpu_seed1103_ckpt150_optimizer_reset,1103,150,optimizer_reset,34,23.41157341003418,0.13745012251176864,3.102572997411092,410.7991481395423,0.0005,2.961505651473999,6.064078648885091,3.9458104968070984,42.1720033288002,42.17616730928421,0.1072620153427124,0.700814962387085,0.7056194543838501,0.031581178307533264,5.933273640224893,0.32806080987450137,1.2469879055066193,0.18550042808055878,4.856263637542725,5.618410587310791,170.2917022705078,171.45095825195312,3.3063557147979736,7.763445854187012,184,34,0.9999999961926593,0.16814078180563252,0.9721871610556306,0.033444937900916516,184,184,0,0.01,2.3563735485076904,6.815243244171143,7.036709785461426,2.98624544903538,0.07736185938119888,9.948732376098633,0.8459588289260864,9.440289497375488,0.9488937022825538,0.6281837224960327
gpu_seed1103_ckpt150_optimizer_reset,1103,150,optimizer_reset,35,23.615636825561523,0.13864818557968622,3.3300443490346274,500.4996760453033,0.0005,2.92201034228007,6.252054691314697,4.056820198893547,42.847238421440125,42.85803163051605,0.11100970208644867,0.6752350926399231,0.681864321231842,0.022189663723111153,5.821218508031636,0.3301643807953033,1.2750373939527837,0.18565016984939575,4.7536420822143555,5.663750171661377,170.29066467285156,171.46853637695312,2.8204777240753174,6.453591823577881,185,35,0.9999999965733934,0.16897264102382692,0.9749684449500675,0.0344114929630156,185,185,0,0.01,2.564249038696289,6.553215980529785,6.944467067718506,2.7081874509530834,0.038513973355293274,9.939536094665527,0.8710508346557617,9.414365768432617,0.9471634972465454,0.6308044195175171
gpu_seed1103_ckpt150_optimizer_reset,1103,150,optimizer_reset,36,23.813005447387695,0.13980694329215843,3.4826228618621826,611.7875071630789,0.0005,2.964970827102661,6.447593688964844,4.175408631563187,43.49572652578354,43.514573872089386,0.11858843266963959,0.6484881043434143,0.6565422415733337,0.02309601381421089,5.703155678553765,0.33204887263803967,1.3043715994787017,0.1781928837299347,5.2194976806640625,5.552656173706055,170.28964233398438,171.4856719970703,2.955577850341797,6.980701923370361,186,36,0.999999996916054,0.16980366838280314,0.9774716004550608,0.035377081470052585,186,186,0,0.01,2.755244255065918,6.005548000335693,6.523634433746338,2.3677154654253676,0.03324417769908905,9.930384635925293,0.8766613006591797,9.39720344543457,0.9463081028540655,0.63600754737854
gpu_seed1103_ckpt150_optimizer_reset,1103,150,optimizer_reset,37,24.005037307739258,0.14093436870134396,2.774881919225057,331.31755088923546,0.0005,3.0925811926523843,5.867463111877441,4.288569822907448,44.12648290395737,44.15356022119522,0.11316119134426117,0.6307563781738281,0.638986349105835,0.01650041714310646,5.597445838356289,0.333929887862956,1.333494237174497,0.17341624200344086,4.057493209838867,5.219202995300293,170.28866577148438,171.501953125,3.1404101848602295,7.363227844238281,187,37,0.9999999972244487,0.17063386471442032,0.9797244404095548,0.03634170438858253,187,187,0,0.01,2.6020636558532715,5.669133186340332,6.274677276611328,2.411423434047895,-0.015651732683181763,9.921422004699707,0.8834253549575806,9.38233757019043,0.9456645998673514,0.6381633281707764
gpu_seed1103_ckpt150_optimizer_reset,1103,150,optimizer_reset,38,24.190692901611328,0.14202435883894718,4.460884888966879,2008.3332870811937,0.0005,3.155794938405355,7.616679827372233,4.3900404796004295,44.77092206478119,44.803927540779114,0.10147065669298172,0.644439160823822,0.6503673195838928,0.020037250593304634,5.510357595565404,0.3357069009703096,1.3647307702745572,0.17401865124702454,5.216108798980713,5.022347450256348,170.28778076171875,171.517578125,2.9840216636657715,6.643934726715088,188,38,0.9999999975020037,0.17146323084970583,0.9817519963685992,0.03730536268419393,188,188,0,0.01,2.0881800651550293,5.716897487640381,6.0642523765563965,2.904084986609272,0.011235413141548634,9.912114143371582,0.8933153748512268,9.366424560546875,0.9449472055171434,0.6391061544418335
gpu_seed1103_ckpt150_optimizer_reset,1103,150,optimizer_reset,39,24.365018844604492,0.1430478322211813,3.601394812266032,825.2633523845249,0.0005,3.141972541809082,6.743367354075114,4.497946873307228,45.43016117811203,45.46984535455704,0.10790639370679855,0.6592391133308411,0.6659178137779236,0.019634932279586792,5.416920103968255,0.33729688053701284,1.393736559097635,0.18221962451934814,4.881625652313232,4.832132816314697,170.28683471679688,171.53221130371094,3.4476587772369385,8.218921661376953,189,39,0.9999999977518034,0.17229176761885612,0.9835767967317394,0.03826805732150973,189,189,0,0.01,2.3465821743011475,5.173232555389404,5.634796142578125,2.4012779966905966,0.02132946439087391,9.903949737548828,0.9082814455032349,9.347067832946777,0.9437717355842701,0.6417321562767029
gpu_seed1103_ckpt150_optimizer_reset,1103,150,optimizer_reset,40,24.53264808654785,0.14403198904986309,2.7507546742757163,323.1095753729834,0.0005,3.0932480494181314,5.844002723693848,4.601326674222946,46.127066016197205,46.172709822654724,0.10337980091571808,0.6969048380851746,0.7028644680976868,0.016275718808174133,5.331646680070916,0.3387570495221508,1.4192405364189549,0.1884942203760147,3.675172805786133,4.529080390930176,170.28585815429688,171.5463104248047,3.0557146072387695,6.937257766723633,190,40,0.9999999979766231,0.17311947585123733,0.9852191170585654,0.039229789264188186,190,190,0,0.01,2.2266147136688232,5.510942459106445,5.894530773162842,2.6473061266390787,0.023748129606246948,9.89454174041748,0.9124389886856079,9.33393383026123,0.9433417004177962,0.6431081295013428
gpu_seed1103_ckpt150_optimizer_reset,1103,150,optimizer_reset,41,24.693342208862305,0.14497542956162193,3.241922775904338,515.2053878252066,0.0005,3.042515993118286,6.284438769022624,4.706483833491802,46.875025153160095,46.9269140958786,0.10515715926885605,0.7479591369628906,0.754204273223877,0.010659615509212017,5.246664618953284,0.3401079476932424,1.4459979823356168,0.22066985070705414,3.6529994010925293,4.668206691741943,170.28480529785156,171.55999755859375,3.4156017303466797,7.6579155921936035,191,41,0.9999999981789608,0.17394635637538602,0.9866972053527089,0.040190559474924004,191,191,0,0.01,2.403862714767456,5.9752020835876465,6.371845722198486,2.6506695590610017,0.03067362681031227,9.885825157165527,0.9221548438072205,9.318178176879883,0.9425797066747493,0.6445332765579224
gpu_seed1103_ckpt150_optimizer_reset,1103,150,optimizer_reset,42,24.85493278503418,0.1459241331836541,3.582900524139404,691.6167532055848,0.0005,2.9843200047810874,6.567220528920491,4.812584295868874,47.612846076488495,47.671851456165314,0.10610046237707138,0.7378209233283997,0.7449373602867126,0.004505377262830734,5.164570895176737,0.341517766498305,1.4789345400022036,0.2039012759923935,4.241588592529297,4.762996196746826,170.28384399414062,171.57424926757812,2.9926559925079346,5.130655765533447,192,42,0.9999999983610647,0.17477241001901067,0.988027484817438,0.0411503689154491,192,192,0,0.01,2.0905985832214355,5.779189109802246,6.065180778503418,2.901169467528571,0.040689144283533096,9.877326011657715,0.925919771194458,9.306870460510254,0.9422459529557774,0.6451762318611145
gpu_seed1103_ckpt150_optimizer_reset,1103,150,optimizer_reset,43,25.01178741455078,0.14684503190609344,1.977307478586833,119.04554396669204,0.0005,2.9512109756469727,4.928518454233806,4.921883851289749,48.338387072086334,48.40468108654022,0.10929955542087555,0.7255409955978394,0.7328296303749084,0.008302431553602219,5.081750843834219,0.3430036988394823,1.507908286520101,0.19631588459014893,3.0349621772766113,4.473999977111816,170.2827606201172,171.58810424804688,3.132984161376953,6.4469685554504395,193,43,0.9999999985249582,0.17559763760899172,0.9892247363356942,0.04210921854653371,193,193,0,0.01,2.3070545196533203,5.625455856323242,5.996099948883057,2.599028283814241,0.03910554200410843,9.868040084838867,0.9358475208282471,9.291675567626953,0.9415928074614963,0.6453069448471069
gpu_seed1103_ckpt150_optimizer_reset,1103,150,optimizer_reset,44,25.17070770263672,0.1477780581783753,1.9898081620534263,118.12311333814219,0.0005,2.9289373556772866,4.918745517730713,5.027585230767727,49.034865617752075,49.10811549425125,0.10570137947797775,0.696478545665741,0.703434407711029,0.009747409261763096,5.006520336759775,0.3447142955804161,1.5343920300252287,0.18114660680294037,3.8122994899749756,4.422030448913574,170.28170776367188,171.6024627685547,3.0005948543548584,4.749927520751953,194,44,0.9999999986724624,0.17642203997138273,0.9903022627021247,0.043067109327987074,194,194,0,0.01,2.1740050315856934,5.490313529968262,5.849898338317871,2.690839374023129,0.027167201042175293,9.858917236328125,0.9382416605949402,9.280937194824219,0.9413748966899623,0.6455510258674622
gpu_seed1103_ckpt150_optimizer_reset,1103,150,optimizer_reset,45,25.327566146850586,0.14869897929702855,2.3889551957448325,175.81323763863708,0.0005,2.8766756852467856,5.265630880991618,5.133993603289127,49.70170259475708,49.781926572322845,0.10640837252140045,0.6668369770050049,0.6738110780715942,0.013902345672249794,4.933306915423381,0.3463602266832853,1.5586821159497901,0.1749165803194046,3.7937703132629395,4.3776092529296875,170.28053283691406,171.6162109375,3.151029109954834,6.575245380401611,195,45,0.9999999988052162,0.17724561793141136,0.9912720364319123,0.04402404221865919,195,195,0,0.01,2.217531442642212,4.962642192840576,5.302790641784668,2.3913034736787977,0.06477488577365875,9.850160598754883,0.9470376372337341,9.265942573547363,0.9406894923842857,0.6466683745384216
gpu_seed1103_ckpt150_optimizer_reset,1103,150,optimizer_reset,46,25.48066520690918,0.1495978289468548,2.528434753417969,196.05668943953134,0.0005,2.833115736643473,5.361550490061442,5.244415372610092,50.364812195301056,50.452151358127594,0.11042176932096481,0.6631096005439758,0.6702247858047485,0.018478600308299065,4.858628349688262,0.3479115229660687,1.5789393019273508,0.17278623580932617,3.6214182376861572,4.511702060699463,170.2794189453125,171.62989807128906,2.9193527698516846,5.773997783660889,196,46,0.9999999989246945,0.17806837231347994,0.992144832788721,0.044980018176440484,196,196,0,0.01,2.2519469261169434,5.165798664093018,5.367023468017578,2.3832815088895596,0.12687097489833832,9.840517044067383,0.9543139934539795,9.248531341552734,0.9398420123795749,0.6501563787460327
gpu_seed1103_ckpt150_optimizer_reset,1103,150,optimizer_reset,47,25.632186889648438,0.15048741776222138,2.9780634244283037,315.190837243511,0.0005,2.8273468017578125,5.805410226186116,5.352044120430946,50.990818321704865,51.084983468055725,0.10762874782085419,0.6260061264038086,0.6328321099281311,0.022197581827640533,4.789233106617168,0.3494957548472189,1.5973973879086398,0.16320066154003143,3.2464470863342285,4.559022426605225,170.2783203125,171.64361572265625,3.252779006958008,5.492909908294678,197,47,0.9999999990322251,0.17889030394116645,0.9929303495098489,0.04593503815826405,197,197,0,0.01,2.231536865234375,4.703935623168945,4.936277866363525,2.2120530219620025,0.13050979375839233,9.831570625305176,0.954886257648468,9.239204406738281,0.9397485670251748,0.6502262353897095
gpu_seed1103_ckpt150_optimizer_reset,1103,150,optimizer_reset,48,25.779529571533203,0.15135247152522877,2.678018013636271,248.8478495056414,0.0005,2.909996589024862,5.588014602661133,5.454750269651413,51.5978986620903,51.69853973388672,0.10270614922046661,0.607080340385437,0.6135562658309937,0.021201210096478462,4.726069626864132,0.35095582814359133,1.6146449436385535,0.15348123013973236,2.980567693710327,4.4963297843933105,170.27725219726562,171.6569366455078,2.6466121673583984,4.8405866622924805,198,48,0.9999999991290026,0.1797114136372252,0.9936373145588641,0.046889103120105746,198,198,0,0.01,2.1633150577545166,4.575462818145752,4.8385796546936035,2.2366504764746233,0.11128000915050507,9.822467803955078,0.958737313747406,9.227275848388672,0.9394050489707192,0.6508023142814636
gpu_seed1103_ckpt150_optimizer_reset,1103,150,optimizer_reset,49,25.922847747802734,0.15219389728254107,2.2476272583007817,163.68875801612444,0.0005,2.9619971911112466,5.209624449412028,5.55551615357399,52.1906653046608,52.29806685447693,0.1007658839225769,0.5927666425704956,0.59952712059021,0.017522232607007027,4.666145688573205,0.35232198013575416,1.6337637491727015,0.14568202197551727,2.981717348098755,4.376522064208984,170.2761993408203,171.66981506347656,3.1332993507385254,5.2926435470581055,199,49,0.9999999992161023,0.18053170222358805,0.9942735831029776,0.04784221401698563,199,199,0,0.01,2.1121065616607666,4.493313789367676,4.813364505767822,2.278940179031855,0.07809937000274658,9.813342094421387,0.9611863493919373,9.216009140014648,0.939130527738634,0.6515133380889893
gpu_seed1103_ckpt150_optimizer_reset,1103,150,optimizer_reset,50,26.061182022094727,0.1530060623863551,2.069589058558146,139.96159704362174,0.00025,3.006725867589315,5.076314926147461,5.6514163464307785,52.79255938529968,52.905549347400665,0.09590019285678864,0.6018940806388855,0.6074824929237366,0.021121958270668983,4.611442587936274,0.35351801090496804,1.6494450592577035,0.14072923362255096,3.9235339164733887,4.3256425857543945,170.2751922607422,171.68235778808594,2.9851601123809814,4.979921340942383,200,50,0.9999999992944921,0.1813511705213644,0.9948462247926799,0.04879437180296864,200,200,1,0.01,1.944580316543579,4.7534098625183105,4.953500270843506,2.547336424573928,0.09948386996984482,9.804162979125977,0.9650793075561523,9.203536987304688,0.9387376573501461,0.6525134444236755
gpu_seed1103_ckpt150_optimizer_reset,1103,150,optimizer_reset,51,26.125947952270508,0.15338630530644157,1.960071881612142,121.1797705788255,0.00025,2.9890130360921225,4.949084917704265,5.702229093760252,53.08499363064766,53.20086780190468,0.050812747329473495,0.2924342453479767,0.29531845450401306,0.029837854206562042,4.581707876460914,0.3541456355032087,1.6569725050220119,0.07066027075052261,3.6544899940490723,4.22731876373291,170.2747039794922,171.6880340576172,3.1872076988220215,5.617926597595215,201,51,0.9999999993650429,0.1821698193508431,0.9953616023134119,0.0497455774311657,201,201,0,0.01,1.9042755365371704,4.250124454498291,4.446103096008301,2.334800301058838,0.11873819679021835,9.794772148132324,0.9695973992347717,9.190836906433105,0.9383410627050354,0.6531652212142944
gpu_seed1103_ckpt150_optimizer_reset,1103,150,optimizer_reset,52,26.184925079345703,0.15373256197189078,1.6257845560709634,78.12188798911964,0.00025,2.9515840212504068,4.57736857732137,5.758213181048632,53.40514826774597,53.52395656704903,0.05598408728837967,0.3201546370983124,0.32308876514434814,0.03478245809674263,4.547404595147796,0.35487436057442734,1.6624695328572026,0.07814981788396835,2.62530779838562,4.106130599975586,170.27415466308594,171.6927490234375,3.201772689819336,6.261873722076416,202,52,0.9999999994285386,0.18298764953149227,0.9958254420820707,0.05069583185373461,202,202,0,0.01,2.3323471546173096,4.95650577545166,5.26076602935791,2.2555673236469116,0.10082495957612991,9.785795211791992,0.9764065742492676,9.178309440612793,0.9379216754456388,0.6527412533760071
gpu_seed1103_ckpt150_optimizer_reset,1103,150,optimizer_reset,53,26.24106216430664,0.15406214465606985,1.7584902445475263,87.47755655799338,0.00025,2.9020023345947266,4.660492579142253,5.818307518959045,53.716487526893616,53.83941814303398,0.06009433791041374,0.31133925914764404,0.31546157598495483,0.0274579506367445,4.51008511990733,0.35553385813916805,1.667736264971785,0.07531528174877167,2.3168907165527344,4.102415084838867,170.2736358642578,171.6972198486328,2.827802896499634,4.488356590270996,203,53,0.9999999994856847,0.18380466188196076,0.9962428978738637,0.05164513602188081,203,203,0,0.01,2.614516496658325,4.889647006988525,5.379541873931885,2.0575666211345562,0.07059080898761749,9.77718734741211,0.9793024063110352,9.167777061462402,0.9376701842466026,0.6529776453971863
gpu_seed1103_ckpt150_optimizer_reset,1103,150,optimizer_reset,54,26.294631958007812,0.15437665468827472,1.654941320419311,75.2484400419717,0.00025,2.8779378732045493,4.53287919362386,5.879009574651718,54.01441624760628,54.14225256443024,0.06070205569267273,0.29792872071266174,0.3028344213962555,0.020392194390296936,4.472629551647069,0.35604431097237227,1.6728709217560727,0.07251132279634476,1.954033613204956,4.173455238342285,170.2731475830078,171.7013702392578,2.8219094276428223,4.556441783905029,204,54,0.9999999995371163,0.18462085722007882,0.9966186080864773,0.05259349088585896,204,204,0,0.01,2.759967088699341,4.672816753387451,5.297365665435791,1.919358273192418,0.05391056463122368,9.767929077148438,0.9837987422943115,9.154767990112305,0.9372271151649197,0.6540554165840149
gpu_seed1103_ckpt150_optimizer_reset,1103,150,optimizer_reset,55,26.345300674438477,0.15467413239978656,1.742457071940104,83.53554985566298,0.00025,2.875295797983805,4.617752869923909,5.937360983341932,54.304679811000824,54.43721213936806,0.05835140869021416,0.2902635633945465,0.29495957493782043,0.019385486841201782,4.437207161287538,0.3564749043839132,1.677297581577796,0.07350988686084747,1.8849005699157715,4.2873358726501465,170.2726593017578,171.70521545410156,2.875380754470825,4.574251174926758,205,55,0.9999999995834047,0.18543623636285866,0.9969567472778296,0.05354089739497314,205,205,0,0.01,2.496145486831665,4.871222972869873,5.405729293823242,2.165630698346241,0.030332498252391815,9.758615493774414,0.9911707043647766,9.140084266662598,0.9366169076435741,0.6550487875938416
gpu_seed1103_ckpt150_optimizer_reset,1103,150,optimizer_reset,56,26.392351150512695,0.15495036730238676,1.7168261210123696,80.15755924128123,0.00025,2.8651744524637857,4.582000573476155,5.993637152016163,54.57522851228714,54.712226778268814,0.056276168674230576,0.2705487012863159,0.27501463890075684,0.023991450667381287,4.403394880457575,0.3568148438957182,1.6817337610085044,0.0681975856423378,2.1294283866882324,4.390851974487305,170.2721405029297,171.7086181640625,2.4589314460754395,3.780484199523926,206,56,0.9999999996250641,0.18625080012649586,0.9972610725500466,0.05448735649757808,206,206,0,0.01,2.3574020862579346,4.506311893463135,4.983306884765625,2.113897715545783,0.04851863533258438,9.74924087524414,0.9931945204734802,9.129365921020508,0.9364181312004924,0.6552169322967529
gpu_seed1103_ckpt150_optimizer_reset,1103,150,optimizer_reset,57,26.435501098632812,0.1552037020762446,1.813939094543457,87.66224599760747,0.00025,2.837496280670166,4.651435375213623,6.049148749560118,54.850968807935715,54.99181306362152,0.05551159754395485,0.27574029564857483,0.2795862853527069,0.03089325502514839,4.370119200747176,0.3571435214938855,1.6862309564471605,0.07368095219135284,2.668034791946411,4.45625638961792,170.27163696289062,171.71157836914062,3.134761095046997,5.351412773132324,207,57,0.9999999996625577,0.1870645493263694,0.9975349652950419,0.05543286914108059,207,207,0,0.01,2.300722599029541,4.883442401885986,5.110689163208008,2.221340880191948,0.1344933807849884,9.740459442138672,1.0052814483642578,9.1139554977417,0.9356802471054333,0.6547731757164001
gpu_seed1103_ckpt150_optimizer_reset,1103,150,optimizer_reset,58,26.47626304626465,0.15544301682018286,1.1564485232035318,35.74256711756852,0.00025,2.7976486682891846,3.9540971914927163,6.107654247432947,55.16031917929649,55.30458050966263,0.05850549787282944,0.3093503713607788,0.3127674460411072,0.03583325445652008,4.334931542234616,0.3578812414456026,1.6892873331280684,0.083463154733181,2.0818850994110107,4.2920122146606445,170.27113342285156,171.71426391601562,3.221653699874878,5.980982780456543,208,58,0.9999999996963019,0.18787748477704302,0.9977814687655377,0.056377436271939474,208,208,0,0.01,2.553715705871582,6.067511081695557,6.2426862716674805,2.4445502125830445,0.14085517823696136,9.732172966003418,1.0243531465530396,9.098116874694824,0.9348494839205568,0.6514458060264587
gpu_seed1103_ckpt150_optimizer_reset,1103,150,optimizer_reset,59,26.51637077331543,0.15567849061343228,1.4466877778371177,52.893448656806214,0.00025,2.789926846822103,4.236614624659221,6.16350644826889,55.471242129802704,55.61887091398239,0.05585220083594322,0.3109229505062103,0.3142904043197632,0.02919808030128479,4.30215673429832,0.35871591043896195,1.6915518606403799,0.08274777978658676,1.9936078786849976,4.202510833740234,170.27059936523438,171.71697998046875,3.0775508880615234,4.7552642822265625,209,59,0.9999999997266718,0.18868960729226592,0.998003321888984,0.057321058835667515,209,209,0,0.01,2.3599350452423096,5.846408843994141,6.0761308670043945,2.5747025873663163,0.10257284343242645,9.722681045532227,1.0284199714660645,9.085983276367188,0.9345141770891939,0.6517189145088196
gpu_seed1103_ckpt150_optimizer_reset,1103,150,optimizer_reset,60,26.554893493652344,0.15590465877979423,2.0046422481536865,105.76714119445553,0.00025,2.801286458969116,4.805928707122803,6.2212770618498325,55.754278004169464,55.90636643767357,0.057770613580942154,0.28303587436676025,0.28749552369117737,0.024251289665699005,4.268399113180188,0.35947742897603024,1.693007131582887,0.07526643574237823,2.3035595417022705,4.224850177764893,170.27003479003906,171.7195587158203,2.9815402030944824,4.187819957733154,210,60,0.9999999997540046,0.18950091768497368,0.9982029897000856,0.0582637377768318,210,210,0,0.01,2.4696743488311768,5.09670352935791,5.4623565673828125,2.211771997375189,0.08891322463750839,9.713422775268555,1.0298070907592773,9.075959205627441,0.9343729204019514,0.6517103910446167
gpu_seed1103_ckpt150_optimizer_reset,1103,150,optimizer_reset,61,26.590829849243164,0.1561156423131123,1.9199738502502437,99.87601572103412,0.00025,2.8424952824910483,4.762469132741292,6.27957820892334,56.01824262738228,56.17532014846802,0.05830114707350731,0.26396462321281433,0.26895371079444885,0.024050788953900337,4.234492980986065,0.36008207352872884,1.6944065556628567,0.07113075256347656,2.420126438140869,4.275230407714844,170.2694549560547,171.7216796875,2.9946513175964355,4.799215793609619,211,61,0.9999999997786041,0.1903114167672887,0.998382690730077,0.05920547403905507,211,211,0,0.01,2.5082130432128906,4.4594502449035645,4.987546443939209,1.988485969097917,0.05821098014712334,9.703937530517578,1.0332176685333252,9.064309120178223,0.9340856834322414,0.6518992781639099
gpu_seed1103_ckpt150_optimizer_reset,1103,150,optimizer_reset,62,26.624752044677734,0.1563148006454759,1.539776643117269,65.12674422968396,0.00025,2.8779030640920005,4.4176797072092695,6.33347187936306,56.29007863998413,56.45169159770012,0.053893670439720154,0.2718360126018524,0.27637144923210144,0.014271439984440804,4.2038162562034,0.3605696015780828,1.6966276268615688,0.06980568915605545,2.197322130203247,4.245848655700684,170.2688751220703,171.7235107421875,2.734297752380371,4.651281833648682,212,62,0.9999999998007437,0.1911211053505214,0.9985444216570694,0.060146268565015926,212,212,0,0.01,2.094313859939575,4.7953619956970215,5.298455238342285,2.529924162605038,-0.03445076942443848,9.694581985473633,1.0398714542388916,9.051924705505371,0.9337096451469332,0.6511631608009338
gpu_seed1103_ckpt150_optimizer_reset,1103,150,optimizer_reset,63,26.657365798950195,0.1565062770764618,1.3720921675364175,51.79012547596821,0.00025,2.8675686518351235,4.239660819371541,6.388737663626671,56.56146305799484,56.72733220458031,0.05526578426361084,0.27138441801071167,0.275640606880188,0.024204963818192482,4.172556020059452,0.3609207327174395,1.6984507171715495,0.07062370330095291,2.1277220249176025,4.168524265289307,170.268310546875,171.72528076171875,3.3015663623809814,4.729446887969971,213,63,0.9999999998206693,0.19192998424517094,0.9986899794913624,0.06108612229645094,213,213,0,0.01,2.011293649673462,4.901246547698975,5.215874671936035,2.5932934620363617,0.04373030364513397,9.68635082244873,1.0407346487045288,9.043091773986816,0.9335911882344737,0.6512805819511414
gpu_seed1103_ckpt150_optimizer_reset,1103,150,optimizer_reset,64,26.689043045043945,0.15669225523692817,1.2816937764485679,42.69450541812617,0.00025,2.7975067297617593,4.079200506210327,6.446403134614229,56.824631959199905,56.994936645030975,0.057665470987558365,0.26316890120506287,0.26760444045066833,0.031993038952350616,4.140144897506003,0.36118254569299574,1.6996077823569729,0.06798817962408066,1.831626057624817,4.052877902984619,170.26771545410156,171.72689819335938,2.9211058616638184,3.9165759086608887,214,64,0.9999999998386024,0.19273805426092572,0.9988209815422261,0.06202503617415456,214,214,0,0.01,2.3434183597564697,4.719273567199707,5.008974552154541,2.137464926524234,0.12086383998394012,9.677848815917969,1.0424141883850098,9.033157348632812,0.9333848379377748,0.6517162919044495
gpu_seed1103_ckpt150_optimizer_reset,1103,150,optimizer_reset,65,26.720260620117188,0.15687553465361612,1.3797107537587485,47.56249514044684,0.00025,2.7722200552622476,4.151930809020996,6.507124412804842,57.07526737451553,57.25087812542915,0.06072127819061279,0.25063541531562805,0.2559414803981781,0.032825712114572525,4.106308551213874,0.36139973470959247,1.700561172031166,0.06588169932365417,1.701062560081482,3.937058687210083,170.2671356201172,171.72845458984375,2.9064888954162598,3.6236581802368164,215,65,0.9999999998547422,0.19354531620666482,0.9989388833880035,0.06296301113798031,215,215,0,0.01,2.7636334896087646,4.589510440826416,5.037076473236084,1.8226282508782805,0.13123655319213867,9.669258117675781,1.0440057516098022,9.023370742797852,0.9332019719591356,0.6519860029220581
gpu_seed1103_ckpt150_optimizer_reset,1103,150,optimizer_reset,66,26.749736785888672,0.15704859019864545,1.5500489075978598,60.03574924472205,0.00025,2.7834500471750894,4.333498954772949,6.566001981496811,57.31767816841602,57.4984904974699,0.05887756869196892,0.2424107939004898,0.2476123720407486,0.032148443162441254,4.073976349880209,0.36165658491076297,1.7024574941475374,0.06332271546125412,1.8542821407318115,3.842574119567871,170.26654052734375,171.7296905517578,2.8644394874572754,4.922340393066406,216,66,0.9999999998692679,0.1943517708904582,0.9990449950492032,0.06390004812684236,216,216,0,0.01,2.723531484603882,4.148637771606445,4.6421403884887695,1.7044562968076835,0.13626709580421448,9.660632133483887,1.044995665550232,9.014514923095703,0.9331185370210231,0.6517059206962585
gpu_seed1103_ckpt150_optimizer_reset,1103,150,optimizer_reset,67,26.776317596435547,0.15720464701730266,1.447716156641642,53.58209118238648,0.00025,2.8015175660451255,4.249233722686768,6.6232776418328285,57.55251732468605,57.73830319941044,0.05727566033601761,0.23483915627002716,0.2398127019405365,0.03419163078069687,4.042759347322456,0.36192371940005597,1.7040136218087016,0.06138278916478157,1.7570829391479492,3.7787818908691406,170.2659454345703,171.73045349121094,3.7313199043273926,5.488855838775635,217,67,0.9999999998823411,0.19515741911956763,0.9991404955442829,0.06483614807871552,217,217,0,0.01,2.5214121341705322,3.6843090057373047,4.262465000152588,1.6905070545133702,0.09489305317401886,9.651970863342285,1.050860047340393,9.001847267150879,0.9326434356881995,0.6522608399391174
gpu_seed1103_ckpt150_optimizer_reset,1103,150,optimizer_reset,68,26.801401138305664,0.15735191332199278,1.1212541262308755,34.63369900067894,0.00025,2.817906618118286,3.9391607443491616,6.677459314465523,57.78539292514324,57.975849002599716,0.054181672632694244,0.23287560045719147,0.23754580318927765,0.029272370040416718,4.013712383127697,0.36229671151371606,1.7051283801731008,0.06062224879860878,1.484867811203003,3.7268478870391846,170.26535034179688,171.73101806640625,2.525909423828125,4.081973552703857,218,68,0.999999999894107,0.19596226170044806,0.9992264459898546,0.06577131193063679,218,218,0,0.01,2.347107410430908,3.875399351119995,4.4784464836120605,1.9080705312876793,0.025898629799485207,9.642667770385742,1.0565942525863647,8.988845825195312,0.9321949111220694,0.6526091694831848
gpu_seed1103_ckpt150_optimizer_reset,1103,150,optimizer_reset,69,26.825414657592773,0.1574928974886758,1.0343738396962485,31.133023778271195,0.00025,2.8430964152018228,3.8774702548980713,6.733284369111061,58.01987558603287,58.21535721421242,0.05582505464553833,0.23448266088962555,0.23950821161270142,0.0280507393181324,3.984001445216003,0.3627117018168437,1.7046637599785306,0.061110496520996094,1.583528995513916,3.709226608276367,170.26478576660156,171.73153686523438,3.06585693359375,4.3824849128723145,219,69,0.9999999999046963,0.19676629943874768,0.9993038013908692,0.06670554061870615,219,219,0,0.01,2.505979299545288,3.888796091079712,4.620896816253662,1.8439485182859585,0.002564455848187208,9.633408546447754,1.0580360889434814,8.978816032409668,0.9320497505236198,0.6525817513465881
gpu_seed1103_ckpt150_optimizer_reset,1103,150,optimizer_reset,70,26.848312377929688,0.15762733076278457,1.297951539357503,46.91201694125085,0.00025,2.8692758083343506,4.1672273476918535,6.789286717772484,58.25199644267559,58.45232720673084,0.05600234866142273,0.23212085664272308,0.236969992518425,0.03313911706209183,3.9545114964204178,0.3631190159895639,1.7049421675419574,0.05988918989896774,2.1739742755889893,3.6999762058258057,170.2642059326172,171.73194885253906,2.982703447341919,4.383770942687988,220,70,0.9999999999142267,0.19756953313930892,0.9993734212517822,0.06763883507808743,220,220,0,0.01,2.3933165073394775,3.8907675743103027,4.427451133728027,1.8499229500773129,0.06785481423139572,9.624552726745605,1.058112621307373,8.970001220703125,0.9319914883707288,0.6525373458862305
gpu_seed1103_ckpt150_optimizer_reset,1103,150,optimizer_reset,71,26.869516372680664,0.15775182011790886,1.204325358072917,41.37221596590031,0.00025,2.8748080730438232,4.07913343111674,6.840674001723528,58.467395558953285,58.672321170568466,0.05138728395104408,0.2153991162776947,0.2199939638376236,0.02891414798796177,3.9279048184297163,0.3633054488131504,1.7050402313985709,0.05776645243167877,2.245847225189209,3.672168731689453,170.2636260986328,171.7322235107422,2.6734542846679688,4.382696151733398,221,71,0.9999999999228041,0.1983719636061696,0.9994360791266039,0.06857119624300934,221,221,0,0.01,2.0918946266174316,3.2780063152313232,3.782796859741211,1.8083113803184911,0.059192508459091187,9.615690231323242,1.0677165985107422,8.955755233764648,0.931368941627323,0.6523899435997009
gpu_seed1103_ckpt150_optimizer_reset,1103,150,optimizer_reset,72,26.8894100189209,0.15786861637354857,0.894883394241333,25.343304685552408,0.00025,2.8629872798919678,3.757870674133301,6.890191096812487,58.68861801922321,58.89791366457939,0.04951709508895874,0.22122246026992798,0.2255924940109253,0.022792255505919456,3.9025637520208214,0.36328338627862744,1.7049787879353762,0.059659697115421295,1.8412833213806152,3.634860038757324,170.26300048828125,171.73240661621094,2.7920982837677,4.069317817687988,222,72,0.9999999999305237,0.19917359164256343,0.9994924712139436,0.06950262504676641,222,222,0,0.01,2.062617778778076,4.001543998718262,4.3849711418151855,2.1259252135462434,0.0629282221198082,9.60658073425293,1.084795594215393,8.936615943908691,0.9302598074300918,0.6525208353996277
gpu_seed1103_ckpt150_optimizer_reset,1103,150,optimizer_reset,73,26.90861701965332,0.15798138131068107,0.8480330308278399,23.05838223985651,0.00025,2.8490610917409263,3.697094122568766,6.9387734569609165,58.910063073039055,59.12336114048958,0.04858236014842987,0.22144505381584167,0.22544747591018677,0.026565006002783775,3.878007718014623,0.3632108684072805,1.7048697510127837,0.05882379785180092,1.6148433685302734,3.584332227706909,170.26239013671875,171.73251342773438,2.8224620819091797,4.091818332672119,223,73,0.9999999999374712,0.19997441805092087,0.9995432240925493,0.07043312242171962,223,223,0,0.01,2.103740930557251,4.158614635467529,4.4994096755981445,2.1387660477776493,0.08430546522140503,9.597386360168457,1.0854861736297607,8.927045822143555,0.9301538447167332,0.6525323987007141
gpu_seed1103_ckpt150_optimizer_reset,1103,150,optimizer_reset,74,26.92630386352539,0.15808522135656283,0.8063626289367676,20.87998038411108,0.00025,2.8238840103149414,3.630246639251709,6.988005053251982,59.12072044610977,59.33856637775898,0.049231596291065216,0.21065737307071686,0.21520523726940155,0.023478111252188683,3.853217571872096,0.3630464884044027,1.704272566086019,0.057457517832517624,1.4917956590652466,3.519261360168457,170.26174926757812,171.73243713378906,2.814319133758545,3.872580051422119,224,74,0.9999999999437241,0.20077444363287,0.9995889016832943,0.0713626892992979,224,224,0,0.01,2.2458460330963135,3.6803054809570312,4.256779670715332,1.8954013801403293,0.02832883410155773,9.588249206542969,1.0897310972213745,8.915657043457031,0.9298524528724291,0.6523879766464233
gpu_seed1103_ckpt150_optimizer_reset,1103,150,optimizer_reset,75,26.94344139099121,0.15818583634763883,0.956048409144084,26.56163950817363,0.00025,2.8085920015970864,3.7646404107411704,7.03704197704792,59.326779305934906,59.54939226806164,0.04903692379593849,0.20605885982513428,0.21082589030265808,0.020650295540690422,3.8288021414205504,0.3628938257244159,1.7037934160482422,0.05522586777806282,1.792384147644043,3.46024489402771,170.26113891601562,171.73231506347656,2.5855281352996826,2.9834177494049072,225,75,0.9999999999493517,0.20157366918923714,0.9996300115149649,0.0722913266099986,225,225,1,0.01,2.114051580429077,3.555774450302124,4.127096176147461,1.9522211351663685,0.0053093889728188515,9.579004287719727,1.0924384593963623,8.904984474182129,0.9296357123043968,0.652302622795105
gpu_seed1103_ckpt150_optimizer_reset,1103,150,optimizer_reset,76,26.959497451782227,0.15828010201206597,1.0087382793426514,28.211958951780346,0.00025,2.7846322854359946,3.793370564778646,7.089273825287819,59.52288393676281,59.75146888196468,0.05223184823989868,0.19610463082790375,0.20207661390304565,0.017096498981118202,3.802857403477977,0.36279323091310467,1.7034930051206778,0.053532831370830536,1.681256651878357,3.3522653579711914,170.26055908203125,171.73191833496094,3.010270118713379,4.198275089263916,226,76,0.9999999999544166,0.20237209552004787,0.9996670103634684,0.07321903528338858,226,226,0,0.01,2.2854743003845215,3.136120319366455,3.9297313690185547,1.7194380038995294,-0.026797305792570114,9.56988525390625,1.0959672927856445,8.894156455993652,0.9293900835814403,0.6520533561706543
gpu_seed1103_ckpt150_optimizer_reset,1103,150,optimizer_reset,77,26.974315643310547,0.15836710010507316,0.8965387344360352,22.902135391380128,0.00025,2.7589051723480225,3.6554439067840576,7.139724098145962,59.72355903685093,59.95715145766735,0.05045027285814285,0.2006751000881195,0.20568257570266724,0.02520730346441269,3.7780613469799817,0.3627495183576346,1.7033357242219471,0.0524025559425354,1.2893482446670532,3.2422471046447754,170.260009765625,171.7313690185547,2.8075056076049805,3.8666489124298096,227,77,0.9999999999589749,0.20316972342452777,0.9997003093271215,0.07414581624810523,227,227,0,0.01,2.1751701831817627,3.350337505340576,3.9572741985321045,1.819294062196882,0.020316094160079956,9.560563087463379,1.101161003112793,8.882465362548828,0.9290734532357556,0.6515530347824097
gpu_seed1103_ckpt150_optimizer_reset,1103,150,optimizer_reset,78,26.988515853881836,0.15845047001142384,0.9449746608734131,24.441567309688196,0.00025,2.743460734685262,3.6884353955586753,7.189615201205015,59.92996235191822,60.167663902044296,0.04989110305905342,0.20640331506729126,0.2105124443769455,0.03767670318484306,3.7538192376908674,0.3627957952149183,1.7042286574398895,0.05278695374727249,1.0679210424423218,3.158031940460205,170.2594757080078,171.7306671142578,3.0362601280212402,3.7914202213287354,228,78,0.9999999999630774,0.20396655370110328,0.9997302783944094,0.07507167043185714,228,228,0,0.01,2.08451247215271,3.5255887508392334,3.9844977855682373,1.9114770666022785,0.06114619970321655,9.551450729370117,1.1016720533370972,8.873321533203125,0.9290024923561908,0.6513649225234985
gpu_seed1103_ckpt150_optimizer_reset,1103,150,optimizer_reset,79,27.00179672241211,0.15852844243021763,1.0413018862406411,28.642125780346287,0.00025,2.7489776611328125,3.7902795473734536,7.237204547971487,60.13094747066498,60.37249310314655,0.04758934676647186,0.2009851187467575,0.20482920110225677,0.03684161230921745,3.7309705071106083,0.3628979976467534,1.7051234398155917,0.05060185492038727,1.1033059358596802,3.0798187255859375,170.2589569091797,171.72998046875,2.895324230194092,3.855186700820923,229,79,0.9999999999667697,0.20476258714740214,0.9997572505549684,0.07599659876142528,229,229,0,0.01,1.9780914783477783,3.38364577293396,3.73136043548584,1.8863437188459107,0.10748681426048279,9.542412757873535,1.1024285554885864,8.863921165466309,0.9288972705725472,0.6513370871543884
gpu_seed1103_ckpt150_optimizer_reset,1103,150,optimizer_reset,80,27.01421356201172,0.1586013421065565,1.0137746334075928,27.406146779304713,0.00025,2.7477378050486245,3.7615124384562173,7.2847770638763905,60.332007601857185,60.577274173498154,0.04757251590490341,0.20106013119220734,0.20478107035160065,0.03936390206217766,3.7083102646978126,0.3630313223804987,1.7062791786266809,0.05159033089876175,1.0901936292648315,3.0036215782165527,170.2584686279297,171.72915649414062,2.9119436740875244,4.123829364776611,230,80,0.9999999999700927,0.20555782456025473,0.9997815254994716,0.07692060216266383,230,230,0,0.01,1.7656086683273315,3.212122678756714,3.476280927658081,1.9688852858597508,0.11907012015581131,9.533418655395508,1.1067304611206055,8.852655410766602,0.9285919071387312,0.6511940360069275
gpu_seed1103_ckpt150_optimizer_reset,1103,150,optimizer_reset,81,27.025524139404297,0.15866774688085597,0.8280046780904136,19.73493401437989,0.00025,2.728719631830851,3.5567243099212646,7.3343856781721115,60.54518838226795,60.79432272911072,0.049608614295721054,0.2131807804107666,0.2170485556125641,0.03768055513501167,3.684769976009219,0.3631843667498809,1.7077197117466216,0.05570021644234657,0.9003031253814697,2.885571241378784,170.25794982910156,171.7281036376953,3.1025707721710205,4.296907901763916,231,81,0.9999999999730834,0.2063522667356945,0.9998033729495245,0.07784368156050114,231,231,0,0.01,1.9137042760849,3.4020466804504395,3.7584304809570312,1.9639557312607099,0.08527641743421555,9.524335861206055,1.1141027212142944,8.839811325073242,0.9281288956931996,0.6508259773254395
gpu_seed1103_ckpt150_optimizer_reset,1103,150,optimizer_reset,82,27.036497116088867,0.1587321695902227,0.7780028184254966,17.92479791110377,0.00025,2.723114490509033,3.5011173089345298,7.3843886107206345,60.75361409783363,61.00684151053429,0.05000293254852295,0.20842571556568146,0.21251878142356873,0.037293460220098495,3.661304752682395,0.36327061315399534,1.7090742532581948,0.05378897488117218,0.9048283100128174,2.822800397872925,170.25747680664062,171.72702026367188,2.5066118240356445,3.1657912731170654,232,82,0.999999999975775,0.2071459144689588,0.999823035654572,0.07876583787894065,232,232,0,0.01,2.046466588973999,3.68904972076416,4.1059441566467285,2.00635777723752,0.062145598232746124,9.515071868896484,1.1206940412521362,8.827412605285645,0.9277294724531051,0.6503186225891113
gpu_seed1103_ckpt150_optimizer_reset,1103,150,optimizer_reset,83,27.04749870300293,0.15879676027119394,0.7290401458740234,16.363868718705614,0.00025,2.7245336373647056,3.453573783238729,7.435059279203415,60.95326082408428,61.210362657904625,0.05067066848278046,0.1996467262506485,0.20352114737033844,0.049696020781993866,3.637832287182132,0.36336922877948125,1.710556464302645,0.05385679751634598,1.1076308488845825,2.8367605209350586,170.2570037841797,171.7259979248047,3.035473346710205,3.930292844772339,233,83,0.9999999999781976,0.2079387685544899,0.9998407320891148,0.07968707204106174,233,233,0,0.01,2.1206274032592773,3.056502103805542,3.4536285400390625,1.6285880936601185,0.14747010171413422,9.506450653076172,1.1256122589111328,8.816522598266602,0.92742527363909,0.6498957872390747
gpu_seed1103_ckpt150_optimizer_reset,1103,150,optimizer_reset,84,27.058364868164062,0.15886055588657066,0.6309098402659097,13.606461613699532,0.00025,2.7391515572865806,3.3700613975524902,7.484583083540201,61.147809982299805,61.40907393395901,0.04952380433678627,0.19454915821552277,0.19871127605438232,0.04233698919415474,3.615213374765808,0.36357147028636955,1.7116288259951615,0.05326729267835617,1.1727787256240845,2.8746039867401123,170.2565155029297,171.724853515625,2.867357015609741,3.5523622035980225,234,84,0.9999999999803778,0.20873082978593538,0.9998566588802034,0.08060738496902065,234,234,0,0.01,2.001770496368408,2.719301223754883,3.1600794792175293,1.5786422494231656,0.13002696633338928,9.497260093688965,1.1287957429885864,8.805951118469238,0.9272096406330879,0.6495682001113892
gpu_seed1103_ckpt150_optimizer_reset,1103,150,optimizer_reset,85,27.069324493408203,0.15892490020918867,0.5634264945983887,11.945558452828845,0.00025,2.7591724395751953,3.322598934173584,7.5325326807796955,61.33523288369179,61.60043354332447,0.047949597239494324,0.18742290139198303,0.19135960936546326,0.04495493322610855,3.5936551012218976,0.3637769909690276,1.712306800819382,0.05092407017946243,1.1633930206298828,2.9037187099456787,170.25604248046875,171.7238311767578,2.7606122493743896,3.3799257278442383,235,85,0.99999999998234,0.20952209895614948,0.999870992992183,0.08152677758405169,235,235,0,0.01,1.8508672714233398,2.706559658050537,3.067540168762207,1.6573528616136657,0.13388320803642273,9.487932205200195,1.1318997144699097,8.795183181762695,0.9269863012871506,0.6493298411369324
gpu_seed1103_ckpt150_optimizer_reset,1103,150,optimizer_reset,86,27.080530166625977,0.15899068908760508,0.5832829475402832,13.062115313926181,0.00025,2.8030216693878174,3.3863046169281006,7.583019532263279,61.52866245806217,61.79781274497509,0.05048685148358345,0.19342957437038422,0.1973792016506195,0.05147490277886391,3.571206700893169,0.3640083074606562,1.7124199074008224,0.0503576435148716,1.1306438446044922,2.925631284713745,170.25558471679688,171.72286987304688,2.7704877853393555,3.4041500091552734,236,86,0.999999999984106,0.2103125768571933,0.9998838936929647,0.08244525080646758,236,236,0,0.01,2.063047409057617,3.012458562850952,3.274085760116577,1.587014309870157,0.21009662747383118,9.47914981842041,1.1323989629745483,8.786063194274902,0.9268830393629194,0.6494070291519165
gpu_seed1103_ckpt150_optimizer_reset,1103,150,optimizer_reset,87,27.0916748046875,0.15905611962659863,0.5761244297027588,13.210002399845383,0.00025,2.830551783243815,3.4066762129465737,7.632973559200764,61.714280396699905,61.98772121965885,0.04995402693748474,0.18561793863773346,0.1899084746837616,0.047679025679826736,3.5492949889794554,0.36423698030815466,1.712587358909306,0.049235861748456955,1.0430034399032593,2.9449164867401123,170.255126953125,171.7218780517578,2.6857545375823975,3.3463313579559326,237,87,0.9999999999856954,0.21110226428033607,0.9998955043236682,0.08336280555566111,237,237,0,0.01,2.009902000427246,2.7286553382873535,3.0840532779693604,1.5344296773236938,0.17995642125606537,9.470185279846191,1.1336623430252075,8.776700973510742,0.9267718333016987,0.6491775512695312
gpu_seed1103_ckpt150_optimizer_reset,1103,150,optimizer_reset,88,27.10306739807129,0.15912300591949757,0.6869454383850098,17.132309934171776,0.00025,2.8534083366394043,3.540353775024414,7.682294674217701,61.9028889387846,62.18047980964184,0.049321115016937256,0.1886085420846939,0.19275858998298645,0.04568090662360191,3.527991120807626,0.3644670083009393,1.712957240495565,0.05043358355760574,1.0733519792556763,2.9747676849365234,170.25462341308594,171.7209014892578,2.9966423511505127,3.5197858810424805,238,88,0.9999999999871259,0.21189116201605573,0.9999059538913014,0.08427944275010546,238,238,0,0.01,1.8674545288085938,2.7463736534118652,3.039261817932129,1.6274890612032744,0.17478427290916443,9.460870742797852,1.1338611841201782,8.767245292663574,0.9266848190835679,0.6492366790771484
gpu_seed1103_ckpt150_optimizer_reset,1103,150,optimizer_reset,89,27.114179611206055,0.15918824609067275,0.7320090929667153,18.777109042670247,0.00025,2.856368621190389,3.5883777141571045,7.732383351773024,62.08616164326668,62.36801369488239,0.05008867755532265,0.18327270448207855,0.1875338852405548,0.05058866739273071,3.5065746714414137,0.36459698880619407,1.7133480651744724,0.050145916640758514,0.9553011059761047,2.959554672241211,170.254150390625,171.71998596191406,2.7045161724090576,3.2297935485839844,239,89,0.9999999999884133,0.2126792708540397,0.9999153585021713,0.08519516330735533,239,239,0,0.01,1.9844977855682373,2.7503128051757812,3.0852396488189697,1.5546702401252583,0.18172875046730042,9.452030181884766,1.1379731893539429,8.75665283203125,0.9264309004019937,0.6487864255905151
gpu_seed1103_ckpt150_optimizer_reset,1103,150,optimizer_reset,90,27.124208450317383,0.15924712573709207,0.6411856015523272,15.577307397162809,0.00025,2.8525870641072593,3.4937726656595864,7.782151453197002,62.27093763649464,62.556777223944664,0.049768101423978806,0.18477599322795868,0.18876352906227112,0.05368414893746376,3.4854382638840757,0.3647014845106793,1.7139090078919725,0.05040491372346878,0.8146483302116394,2.9465456008911133,170.25367736816406,171.71900939941406,3.0138189792633057,3.526099920272827,240,90,0.999999999989572,0.2134665915831857,0.9999238226519541,0.08610996814404803,240,240,0,0.01,1.9465866088867188,2.8096354007720947,3.151139259338379,1.6188024950705597,0.16031332314014435,9.443325996398926,1.1381436586380005,8.747788429260254,0.9263461234521787,0.6488724946975708
gpu_seed1103_ckpt150_optimizer_reset,1103,150,optimizer_reset,91,27.13331413269043,0.15930058549974058,0.54603640238444,12.446619813978202,0.00025,2.8411080837249756,3.3871444861094155,7.829796694219112,62.446554750204086,62.73645859956741,0.047645241022109985,0.17561711370944977,0.17968137562274933,0.04936124384403229,3.465391911480921,0.36476670140288164,1.7148173696062368,0.049021054059267044,0.7175226807594299,2.950303077697754,170.25318908691406,171.718017578125,2.7155652046203613,3.0463356971740723,241,91,0.9999999999906147,0.21425312499160254,0.9999314403867587,0.08702385817590397,241,241,0,0.01,1.9249930381774902,2.6827094554901123,3.107008457183838,1.6140362045796386,0.12093159556388855,9.434408187866211,1.1385271549224854,8.738751411437988,0.9262638670516877,0.6488264799118042
gpu_seed1103_ckpt150_optimizer_reset,1103,150,optimizer_reset,92,27.141803741455078,0.15935042827383955,0.5136609077453613,11.1419069754756,0.00025,2.809105316797892,3.3227662245432534,7.878609552979469,62.62014697492123,62.91449801623821,0.0488128587603569,0.1735922247171402,0.17803941667079926,0.04832248389720917,3.4449992170493284,0.36479915502227833,1.715865603529696,0.04857984185218811,0.7306480407714844,2.9738004207611084,170.25270080566406,171.71713256835938,2.6637933254241943,3.0236613750457764,242,92,0.9999999999915533,0.21503887186661086,0.9999382963480828,0.08793683431772803,242,242,0,0.01,1.979918360710144,2.7635586261749268,3.1745975017547607,1.6033981828495765,0.13517601788043976,9.425564765930176,1.1386858224868774,8.729900360107422,0.9261938755820509,0.648794949054718
gpu_seed1103_ckpt150_optimizer_reset,1103,150,optimizer_reset,93,27.150033950805664,0.15939874810539134,0.51519505182902,10.86974116072086,0.00025,2.78056001663208,3.2957550684611,7.925548270344734,62.78863134980202,63.08741584420204,0.04693871736526489,0.1684843748807907,0.17291782796382904,0.04360228031873703,3.425634798338223,0.36485411689904573,1.716996514873769,0.04827835038304329,0.8011906147003174,2.9929192066192627,170.25216674804688,171.71621704101562,2.6632375717163086,3.1561076641082764,243,93,0.999999999992398,0.21582383299474428,0.9999444667132745,0.0888488974834103,243,243,0,0.01,1.9845027923583984,2.602175235748291,3.0488035678863525,1.5363060105657973,0.13694411516189575,9.416411399841309,1.1394035816192627,8.720491409301758,0.926094988739319,0.6487069725990295
gpu_seed1103_ckpt150_optimizer_reset,1103,150,optimizer_reset,94,27.15740203857422,0.1594420063925952,0.5411288738250732,11.219869088839737,0.00025,2.749048391977946,3.290177265803019,7.973886966705322,62.95704346895218,63.26079858839512,0.048338696360588074,0.16841211915016174,0.1733827441930771,0.039166755974292755,3.405792200462029,0.3649342289099272,1.718057052154872,0.047222841531038284,0.86220383644104,3.0181503295898438,170.25164794921875,171.71530151367188,2.9290850162506104,3.1802761554718018,244,94,0.9999999999931581,0.2166080091617495,0.9999500200419471,0.0897600485859269,244,244,0,0.01,2.111642599105835,2.4667534828186035,3.027636766433716,1.4337827659445401,0.1322086751461029,9.407785415649414,1.141167402267456,8.711020469665527,0.9259374108569933,0.6486116051673889
gpu_seed1103_ckpt150_optimizer_reset,1103,150,optimizer_reset,95,27.164880752563477,0.159485914170003,0.5023945172627768,10.09289051542897,0.00025,2.738508939743042,3.240903457005819,8.021801862865686,63.12690953910351,63.435761496424675,0.04791489616036415,0.16986607015132904,0.17496290802955627,0.03306860849261284,3.386381416164246,0.3649602007769738,1.7188827233660628,0.04695833474397659,0.8544552326202393,3.0344786643981934,170.25111389160156,171.71435546875,2.8564445972442627,3.463155508041382,245,95,0.9999999999938424,0.21739140115258782,0.9999550180377524,0.09067028853734094,245,245,0,0.01,1.975803256034851,2.5580010414123535,3.173391580581665,1.6061273160104983,0.03727211058139801,9.398710250854492,1.1432006359100342,8.700897216796875,0.9257543838001495,0.6485599279403687
gpu_seed1103_ckpt150_optimizer_reset,1103,150,optimizer_reset,96,27.172056198120117,0.15952804144840343,0.5322964191436768,10.926579324498155,0.00025,2.7438267866770425,3.2761232058207193,8.067246846854687,63.298919931054115,63.61208373308182,0.04544498398900032,0.1720103919506073,0.17632223665714264,0.03602977469563484,3.3681944675723883,0.36495779505957876,1.7194167494139534,0.046778541058301926,0.8814824819564819,3.03466534614563,170.25059509277344,171.71334838867188,2.6661901473999023,3.3371145725250244,246,96,0.9999999999944581,0.2181740097514352,0.9999595162339772,0.09157961824880367,246,246,0,0.01,1.8436933755874634,2.538609027862549,3.047431230545044,1.6528948201988174,0.059493016451597214,9.389610290527344,1.1432405710220337,8.691804885864258,0.9256832410427098,0.648572564125061
gpu_seed1103_ckpt150_optimizer_reset,1103,150,optimizer_reset,97,27.178770065307617,0.15956745878491846,0.6610101064046225,14.58943208771226,0.00025,2.7456387678782144,3.406648874282837,8.113785956054926,63.46571497619152,63.78345397114754,0.04653910920023918,0.1667950451374054,0.1713702380657196,0.03985312208533287,3.349702618790685,0.3649298253156867,1.7206623733050217,0.04532299190759659,0.9722647070884705,3.027195453643799,170.25010681152344,171.7122802734375,2.877439022064209,3.236975908279419,247,97,0.9999999999950123,0.21895583574168376,0.9999635646105794,0.09248803863055488,247,247,0,0.01,1.9696955680847168,2.3696603775024414,2.9957942962646484,1.5209428019255602,0.05572663992643356,9.380640029907227,1.1433073282241821,8.682868003845215,0.9256157336985206,0.6485514044761658
gpu_seed1103_ckpt150_optimizer_reset,1103,150,optimizer_reset,98,27.184511184692383,0.1596011650868816,0.61844531695048,13.398546551846382,0.00025,2.750584125518799,3.369029442469279,8.159504283219576,63.63718928396702,63.958864748477936,0.04571832716464996,0.17147430777549744,0.17541077733039856,0.04621867835521698,3.331637589871157,0.36500739090024165,1.7231777102886898,0.04720630869269371,0.9028845429420471,2.9865975379943848,170.24960327148438,171.71096801757812,3.264521360397339,3.7917320728302,248,98,0.999999999995511,0.21973687990594204,0.9999672081495214,0.09339555059192428,248,248,0,0.01,1.8676245212554932,2.3661155700683594,2.8266124725341797,1.5134800600243254,0.12409878522157669,9.371954917907715,1.1449270248413086,8.673781394958496,0.9255039605860577,0.6481655836105347
gpu_seed1103_ckpt150_optimizer_reset,1103,150,optimizer_reset,99,27.19057846069336,0.15963678626513567,0.5522334575653076,11.865694525503592,0.00025,2.7786444822947183,3.330877939860026,8.208410456776619,63.813073843717575,64.1391690671444,0.048906173557043076,0.17588455975055695,0.18030431866645813,0.047521308064460754,3.3125266583425192,0.3651172837137622,1.7257808271666868,0.04636844992637634,0.8636600971221924,2.9674923419952393,170.2490997314453,171.70962524414062,2.731001853942871,3.0804085731506348,249,99,0.99999999999596,0.2205171430260361,0.9999704873345694,0.09430215504133233,249,249,0,0.01,2.1630284786224365,2.4474592208862305,3.0719504356384277,1.420208039791244,0.1163475438952446,9.362998008728027,1.1448397636413574,8.665038108825684,0.9254555112312698,0.6480699777603149
gpu_seed1103_ckpt150_optimizer_reset,1103,150,optimizer_reset,100,27.19643211364746,0.1596711532554097,0.3991748491923013,8.208606225638906,0.00025,2.8173210620880127,3.216495911280314,8.256882101297379,63.99301815032959,64.32344980537891,0.04847164452075958,0.17994430661201477,0.18428073823451996,0.04414413124322891,3.2937895660846213,0.365215359282716,1.7269700003051733,0.04920537769794464,0.8097272515296936,2.973956346511841,170.24859619140625,171.70822143554688,3.095897674560547,3.6533164978027344,250,100,0.999999999996364,0.22129662588301013,0.9999734386011124,0.09520785288629108,250,250,1,0.01,2.1101253032684326,2.424673557281494,3.0899620056152344,1.4643500084225523,0.07659783214330673,9.35415267944336,1.1475502252578735,8.655237197875977,0.9252828657475047,0.6476362347602844
gpu_seed1103_ckpt300_optimizer_reset,1103,300,optimizer_reset,1,3.645922899246216,0.02141859665727492,19.782187461853027,5885024106.250508,0.000125,2.713489214579264,22.495676676432293,0.024280330166220665,3.6513028144836426,3.6459226608276367,0.024280330166220665,3.6513028144836426,3.6459226608276367,0.22475586831569672,150.1595272443348,0.0760906258539315,0.3699636091857647,0.7743595838546753,19.87773895263672,7.003164291381836,170.22206115722656,170.25640869140625,3.0284109115600586,3.0284109115600586,301,1,0.9999999999999831,0.2600336748760569,0.09999999999999998,0.0010000000000000009,301,301,0,0.01,1.751328468322754,1.0285348892211914,1.7733904123306274,1.0125972622531452,0.2720593512058258,8.917399406433105,0.0010230059269815683,8.91706371307373,0.9999623552400116,0.32815685868263245
gpu_seed1103_ckpt300_optimizer_reset,1103,300,optimizer_reset,2,5.21847677230835,0.030656832917267413,19.09348440170288,2920881781.238507,0.000125,2.701666990915934,21.795151392618816,0.048106566071510315,6.419532775878906,6.411778211593628,0.02382623590528965,2.7682299613952637,2.765855550765991,0.10392095893621445,108.47743246613398,0.09622538136005296,0.4466764169557448,0.5669335126876831,20.174291610717773,8.36342716217041,170.22177124023438,170.28488159179688,2.6980762481689453,22.88602638244629,302,2,0.9999999999999848,0.26077364120118074,0.18999999999999995,0.001998999999999973,302,302,0,0.01,1.6790066957473755,9.838214874267578,9.952507019042969,5.927616038843064,0.016863645985722542,8.90937614440918,0.31241217255592346,8.902948379516602,0.999278539283852,0.038099415600299835
gpu_seed1103_ckpt300_optimizer_reset,1103,300,optimizer_reset,3,6.547671318054199,0.0384654132523771,9.983197450637817,313486.6636485323,0.000125,2.672360817591349,12.655558268229166,0.07207627035677433,8.786550521850586,8.777440786361694,0.023969704285264015,2.3670177459716797,2.3656625747680664,0.06158195808529854,90.84364778522354,0.11519600745515096,0.5132548483028941,0.47662609815597534,10.509533882141113,10.117156028747559,170.22149658203125,170.31594848632812,2.425478458404541,22.32891273498535,303,3,0.9999999999999863,0.2615128675599796,0.2709999999999999,0.002997000999999999,303,303,0,0.01,1.7782847881317139,16.630178451538086,16.767780303955078,9.429187279705669,-0.0242325309664011,8.900854110717773,0.8047935962677002,8.901148796081543,1.0000331075376705,0.04484321177005768
gpu_seed1103_ckpt300_optimizer_reset,1103,300,optimizer_reset,4,7.8756103515625,0.046266617866453336,9.013848066329956,113791.01056639673,0.000125,2.628392457962036,11.642240524291992,0.09816944971680641,10.878723859786987,10.868252992630005,0.02609317936003208,2.0921733379364014,2.0908122062683105,0.058386657387018204,80.22465618582342,0.13756738213490938,0.604090855933616,0.45371708273887634,10.878179550170898,11.691366195678711,170.22117614746094,170.3556365966797,2.9978833198547363,13.078092575073242,304,4,0.9999999999999877,0.26225135469241967,0.3439,0.003994003998999962,304,304,0,0.01,1.959065318107605,15.644573211669922,15.816817283630371,8.073654889108466,-0.025794055312871933,8.892335891723633,0.8126242756843567,8.859556198120117,0.9963137139663133,0.08595624566078186
gpu_seed1103_ckpt300_optimizer_reset,1103,300,optimizer_reset,5,9.083268165588379,0.05336120991719978,7.283144235610962,19423.093238515095,0.000125,2.591761032740275,9.874905268351236,0.1253178734332323,12.750791192054749,12.739354729652405,0.027148423716425896,1.8720673322677612,1.8711017370224,0.04281114786863327,72.48182495177227,0.15828545036972114,0.6843963210198903,0.3943626284599304,8.24312973022461,11.551543235778809,170.2208709716797,170.39901733398438,3.233119249343872,14.287245750427246,305,5,0.9999999999999889,0.2629891033377272,0.40950999999999993,0.004990009995000988,305,305,0,0.01,2.1133432388305664,16.130224227905273,16.41718292236328,7.768346674930135,-0.0714825764298439,8.884520530700684,0.8502900004386902,8.828449249267578,0.9936888792996377,0.11358794569969177
gpu_seed1103_ckpt300_optimizer_reset,1103,300,optimizer_reset,6,10.198600769042969,0.059913421752793225,12.866788705190023,5030955.65622684,0.000125,2.5643343925476074,15.43112309773763,0.1544744409620762,14.434994101524353,14.42286729812622,0.02915656752884388,1.6842029094696045,1.683512568473816,0.03232797980308533,66.02128290906536,0.17702307001526138,0.762572482593753,0.35679733753204346,13.501991271972656,11.379659652709961,170.22055053710938,170.44602966308594,2.657413959503174,12.423243522644043,306,6,0.99999999999999,0.2637261142343895,0.46855899999999995,0.0059850199850060015,306,306,0,0.01,2.388913869857788,16.06889533996582,16.383508682250977,6.858141220143457,-0.058653250336647034,8.876115798950195,0.9175094962120056,8.746829986572266,0.9854344157616549,0.1915678232908249
gpu_seed1103_ckpt300_optimizer_reset,1103,300,optimizer_reset,7,11.171564102172852,0.0656292609985807,12.821358998616535,4727593.431147346,0.000125,2.547570546468099,15.368929545084635,0.1834257747977972,16.017266273498535,16.004581570625305,0.028951333835721016,1.5822721719741821,1.5817142724990845,0.02841399796307087,60.90509425094225,0.19303763620285902,0.8358684859757551,0.33466047048568726,12.646708488464355,11.09753704071045,170.22024536132812,170.4922332763672,2.7699215412139893,13.42485237121582,307,7,0.999999999999991,0.2644623881201551,0.5217030999999999,0.006979034965020947,307,307,0,0.01,2.524585008621216,19.300682067871094,19.588640213012695,7.759152552245857,-0.04951145872473717,8.867754936218262,1.2781994342803955,8.74650764465332,0.9863271715966437,0.16627950966358185
gpu_seed1103_ckpt300_optimizer_reset,1103,300,optimizer_reset,8,12.092421531677246,0.07103899521580383,11.056463241577148,805178.4481320006,0.000125,2.5423717498779297,13.598834991455078,0.2117564082145691,17.45508372783661,17.441595792770386,0.02833063341677189,1.4378174543380737,1.4370142221450806,0.038193609565496445,57.10533926022725,0.2078023020741692,0.9016067285346002,0.3188451826572418,10.257430076599121,10.619290351867676,170.21990966796875,170.54026794433594,2.691180944442749,14.597758293151855,308,8,0.9999999999999919,0.26519792573203493,0.5695327899999999,0.00797205593005601,308,308,0,0.01,2.4684646129608154,17.108291625976562,17.342365264892578,7.025567704648657,-0.023332152515649796,8.85910415649414,1.3031442165374756,8.696588516235352,0.9816555221172516,0.19711509346961975
gpu_seed1103_ckpt300_optimizer_reset,1103,300,optimizer_reset,9,12.952332496643066,0.07609068901974544,9.090704997380575,112395.5510564237,0.000125,2.5391873518625894,11.629892349243164,0.23825529031455517,18.80354154109955,18.789021015167236,0.026498882099986076,1.3484578132629395,1.3474252223968506,0.048773352056741714,54.36325245701139,0.22149165903517953,0.9605784008628605,0.3065905272960663,8.00711441040039,10.020404815673828,170.21963500976562,170.5889892578125,2.5449957847595215,12.253588676452637,309,9,0.9999999999999928,0.26593272780630295,0.6125795109999999,0.00896408387412595,309,309,0,0.01,2.2312517166137695,16.989009857177734,17.081750869750977,7.655680774407299,0.023989100009202957,8.850648880004883,1.3471025228500366,8.654508590698242,0.9778388802937678,0.22009053826332092
gpu_seed1103_ckpt300_optimizer_reset,1103,300,optimizer_reset,10,13.756362915039062,0.08081410301058005,7.246249596277874,17824.202924589263,0.000125,2.542776028315226,9.7890256245931,0.26543998159468174,20.099266290664673,20.08405840396881,0.02718469128012657,1.2957247495651245,1.2950373888015747,0.03576689958572388,51.82475839676918,0.2343221474311693,1.015081238080356,0.32315799593925476,6.487301826477051,8.8842191696167,170.21932983398438,170.63697814941406,2.907620668411255,10.293703079223633,310,10,0.9999999999999934,0.26666679507849655,0.6513215599,0.009955119790251765,310,310,0,0.01,2.3559155464172363,15.259876251220703,15.414372444152832,6.542837440666211,0.011282690800726414,8.84237003326416,1.348390817642212,8.64093017578125,0.9772187935218624,0.22393763065338135
gpu_seed1103_ckpt300_optimizer_reset,1103,300,optimizer_reset,11,14.511157989501953,0.08524827556594616,6.334014495213827,7207.5514478198775,0.000125,2.5506465435028076,8.884661038716635,0.2913630362600088,21.34708321094513,21.33138883113861,0.025923054665327072,1.2478169202804565,1.2473304271697998,0.02915319986641407,49.80438897026927,0.2463758293432787,1.062444462994853,0.31955206394195557,7.338950157165527,7.924811363220215,170.2190399169922,170.68487548828125,2.5307776927948,10.106393814086914,311,11,0.9999999999999941,0.2674001282834181,0.6861894039099999,0.010945164670461582,311,311,0,0.01,2.0306131839752197,14.449308395385742,14.603092193603516,7.191469211781957,-0.005869104992598295,8.83407211303711,1.3556597232818604,8.615233421325684,0.9752278803124729,0.23615579307079315
gpu_seed1103_ckpt300_optimizer_reset,1103,300,optimizer_reset,12,15.176712036132812,0.08915818646432275,6.324011961619059,7187.361540842526,0.000125,2.557861804962158,8.881873766581217,0.31718623638153076,22.58963930606842,22.57347047328949,0.02582320012152195,1.242556095123291,1.242081642150879,0.028756139799952507,47.84795270192462,0.2576891121688303,1.125107948986392,0.3073492646217346,6.600625514984131,8.072341918945312,170.2187957763672,170.7317657470703,3.0470407009124756,10.746973991394043,312,12,0.9999999999999947,0.26813272815513467,0.7175704635189999,0.0119342195057911,312,312,0,0.01,1.9382537603378296,13.875679969787598,14.013909339904785,7.230172656781013,-0.0018277486087754369,8.825460433959961,1.3806051015853882,8.602862358093262,0.9747777379397536,0.23741549253463745
gpu_seed1103_ckpt300_optimizer_reset,1103,300,optimizer_reset,13,15.806122779846191,0.09285576735780228,5.9490544001261405,4914.453659734634,0.000125,2.5534931818644204,8.50254758199056,0.3433808218687773,23.773626565933228,23.757003903388977,0.026194585487246513,1.1839872598648071,1.1835334300994873,0.02838057652115822,46.030884001554575,0.2679091738430028,1.1768751993675297,0.3178844153881073,6.545790195465088,8.926179885864258,170.21852111816406,170.77626037597656,3.093257188796997,9.408029556274414,313,13,0.9999999999999952,0.2688645954269795,0.7458134171670999,0.012922285286285251,313,313,0,0.01,1.8663712739944458,12.792943000793457,12.852540016174316,6.886379036824844,0.04093893989920616,8.817097663879395,1.3945698738098145,8.569954872131348,0.9719700516915586,0.25381723046302795
gpu_seed1103_ckpt300_optimizer_reset,1103,300,optimizer_reset,14,16.40374755859375,0.0963666161722502,5.701568524042765,3827.465705607231,0.000125,2.5517359574635825,8.253304481506348,0.37184267304837704,24.902265548706055,24.88505780696869,0.028461851179599762,1.1286389827728271,1.128053903579712,0.03316338732838631,44.114752683093734,0.2773564879668538,1.2228439865995546,0.3259925842285156,6.20152473449707,9.654033660888672,170.2182159423828,170.81951904296875,2.774235486984253,8.321649551391602,314,14,0.9999999999999957,0.2695957308315525,0.7712320754503899,0.013909363000998987,314,314,0,0.01,2.1340956687927246,11.73536491394043,11.820892333984375,5.539063926157542,0.05070289224386215,8.808883666992188,1.3979777097702026,8.555055618286133,0.9711849925254268,0.25830286741256714
gpu_seed1103_ckpt300_optimizer_reset,1103,300,optimizer_reset,15,16.971162796020508,0.09969999387756269,4.764301141103109,1493.9943031772887,0.000125,2.5534728368123374,7.317773977915446,0.40009190887212753,25.969072937965393,25.951331973075867,0.028249235823750496,1.0668073892593384,1.0662741661071777,0.032113317400217056,42.41816047672737,0.2859791535879712,1.2632196459392246,0.30732476711273193,6.068127632141113,9.86154842376709,170.21795654296875,170.8615264892578,2.8180205821990967,8.541622161865234,315,15,0.9999999999999961,0.270326135100721,0.794108867905351,0.014895453637998046,315,315,0,0.01,2.018030881881714,10.669882774353027,10.786478996276855,5.345051501993693,0.03647379204630852,8.800374031066895,1.4016057252883911,8.53758430480957,0.9701388003134185,0.26432573795318604
gpu_seed1103_ckpt300_optimizer_reset,1103,300,optimizer_reset,16,17.512516021728516,0.10288026584462809,5.5207788944244385,3222.5296711607357,0.000125,2.5611538092295327,8.08193270365397,0.42836774699389935,27.0004004240036,26.982011675834656,0.028275838121771812,1.031327486038208,1.030679702758789,0.036611299961805344,40.88196682542731,0.29400462463531046,1.295387195586709,0.30547845363616943,5.977783203125,9.313798904418945,170.21766662597656,170.90284729003906,2.5696558952331543,9.001673698425293,316,16,0.9999999999999966,0.2710558089656203,0.8146979811148158,0.015880558184360072,316,316,0,0.01,1.9533849954605103,10.066903114318848,10.121492385864258,5.181514350412493,0.06899772584438324,8.791803359985352,1.4061349630355835,8.518438339233398,0.9689068317886744,0.2713553011417389
gpu_seed1103_ckpt300_optimizer_reset,1103,300,optimizer_reset,17,18.00971794128418,0.10580116342432934,5.686632474263508,3848.5311130932173,0.000125,2.5722111066182456,8.258843580881754,0.4570191316306591,27.98381018638611,27.964799463748932,0.028651384636759758,0.9834097623825073,0.9827877879142761,0.03627010062336922,39.40692346288768,0.30130889162530955,1.325137285324325,0.2866930663585663,5.449759006500244,8.808307647705078,170.21739196777344,170.94239807128906,2.8951616287231445,7.193236827850342,317,17,0.9999999999999969,0.2717847531566546,0.8332281830033342,0.016864677626175606,317,317,0,0.01,1.9826253652572632,9.28470516204834,9.330738067626953,4.706253753800583,0.08349262923002243,8.783415794372559,1.4223010540008545,8.4993896484375,0.9676633609764895,0.2774317264556885
gpu_seed1103_ckpt300_optimizer_reset,1103,300,optimizer_reset,18,18.473968505859375,0.10852848264235342,5.108396530151367,2175.0286288029806,0.000125,2.5824646949768066,7.690861225128174,0.4841641541570425,28.934860229492188,28.915465891361237,0.0271450225263834,0.9510500431060791,0.9506664276123047,0.028399493545293808,38.1564152306679,0.3079491830970065,1.3508489685900678,0.2747213542461395,4.665832996368408,8.386829376220703,170.2171173095703,170.98001098632812,2.8751015663146973,8.427558898925781,318,18,0.9999999999999972,0.27251296840349803,0.8499053647030008,0.017847812948549535,318,318,0,0.01,1.8794022798538208,8.529266357421875,8.607467651367188,4.57989635514973,0.06837333738803864,8.775147438049316,1.424105167388916,8.486151695251465,0.9670665655660982,0.2807348668575287
gpu_seed1103_ckpt300_optimizer_reset,1103,300,optimizer_reset,19,18.916584014892578,0.11112870303214734,4.765912214914958,1541.0065197614322,0.000125,2.5828304290771484,7.348742643992106,0.510427163913846,29.8328857421875,29.81311047077179,0.026263009756803513,0.8980255126953125,0.897644579410553,0.029122523963451385,37.060300376271535,0.3140243189513924,1.3738074604753034,0.2594429552555084,4.933981895446777,7.925068378448486,170.21681213378906,171.01646423339844,2.832251787185669,6.891595840454102,319,19,0.9999999999999974,0.27324045543509456,0.8649148282327007,0.01882996513560098,319,319,0,0.01,1.822753667831421,7.757721900939941,7.840204238891602,4.301296646526572,0.07198841869831085,8.766961097717285,1.4245100021362305,8.474141120910645,0.9665996034950068,0.28336837887763977
gpu_seed1103_ckpt300_optimizer_reset,1103,300,optimizer_reset,20,19.336544036865234,0.11359582989450429,4.274718205134073,927.9060316675211,0.000125,2.5722259680430093,6.846944173177083,0.5358004905283451,30.723329305648804,30.70325857400894,0.025373326614499092,0.8904435634613037,0.8901481032371521,0.025890393182635307,36.08907490502978,0.3195882700614402,1.3956791571200762,0.26159167289733887,4.733036994934082,7.2068400382995605,170.21649169921875,171.05125427246094,2.8427138328552246,8.102198600769043,320,20,0.9999999999999977,0.2739672149796595,0.8784233454094307,0.01981113517046529,320,320,0,0.01,1.8786978721618652,7.458466529846191,7.558177471160889,4.023093645419143,0.0725148543715477,8.758781433105469,1.428990125656128,8.45993423461914,0.9658802767519983,0.28713861107826233
gpu_seed1103_ckpt300_optimizer_reset,1103,300,optimizer_reset,21,19.731943130493164,0.11591866938922306,3.880789915720622,615.9347037945599,0.000125,2.563201427459717,6.443991343180339,0.5619942061603069,31.613563001155853,31.59330016374588,0.026193715631961823,0.8902336955070496,0.8900415897369385,0.022046027705073357,35.11058105967303,0.3245371836631321,1.416047598139336,0.2745622396469116,4.507135391235352,6.482954502105713,170.21620178222656,171.0836181640625,2.672680616378784,7.91249942779541,321,21,0.999999999999998,0.27469324776467974,0.8905810108684876,0.020791324035294823,321,321,0,0.01,2.0180797576904297,7.106956481933594,7.274660587310791,3.6047438460175605,0.05789792537689209,8.750518798828125,1.431528091430664,8.448862075805664,0.9655269898895795,0.2888886034488678
gpu_seed1103_ckpt300_optimizer_reset,1103,300,optimizer_reset,22,20.109882354736328,0.1181389378997561,4.9699536959330235,1828.2743187622177,0.000125,2.5481417973836265,7.51809549331665,0.5891063418239355,32.4882732629776,32.46802544593811,0.027112135663628578,0.8747102618217468,0.8747252821922302,0.0149456188082695,34.13625168664773,0.3289197683127009,1.4284562931429294,0.2603861093521118,5.127349853515625,5.935008525848389,170.21591186523438,171.1152801513672,2.7376229763031006,6.239296913146973,322,22,0.9999999999999981,0.2754185545169151,0.9015229097816388,0.021770532711259616,322,322,0,0.01,2.128535747528076,7.646629810333252,7.996419429779053,3.7567700890444264,-0.028910867869853973,8.74244213104248,1.4580587148666382,8.40784740447998,0.9617275445981632,0.3084776699542999
gpu_seed1103_ckpt300_optimizer_reset,1103,300,optimizer_reset,23,20.465126037597656,0.120225877576902,4.317098776499431,942.1959645764794,0.000125,2.5445427894592285,6.861641565958659,0.6171830631792545,33.33764624595642,33.31726962327957,0.028076721355319023,0.8493729829788208,0.8492441773414612,0.021115578711032867,33.15892359739077,0.3330887919005405,1.4445689416641174,0.2423703372478485,4.76955509185791,5.581902503967285,170.2156219482422,171.14517211914062,2.69537091255188,7.2688117027282715,323,23,0.9999999999999983,0.27614313596239815,0.9113706188034749,0.022748762178548265,323,323,0,0.01,2.063826560974121,6.786048889160156,7.066511631011963,3.4239852149558354,0.013361460529267788,8.733986854553223,1.4732437133789062,8.38706111907959,0.9602786515194108,0.3151472508907318
gpu_seed1103_ckpt300_optimizer_reset,1103,300,optimizer_reset,24,20.802467346191406,0.12220764669936496,4.512434720993042,1149.8672969743013,0.000125,2.545999447504679,7.058434168497722,0.6457020100206137,34.19470202922821,34.17415118217468,0.02851894684135914,0.8570557832717896,0.8568815588951111,0.022745775058865547,32.216822966828126,0.33701071018184753,1.4551937295247575,0.23655197024345398,4.394312381744385,5.42513370513916,170.21530151367188,171.17367553710938,3.0396759510040283,7.5838236808776855,324,24,0.9999999999999986,0.2768669928264358,0.9202335569231275,0.023726013416369818,324,324,0,0.01,2.0784189701080322,6.929950714111328,7.228684902191162,3.4779729237228576,0.003129525575786829,8.725549697875977,1.4803917407989502,8.363649368286133,0.9585240652885286,0.32422375679016113
gpu_seed1103_ckpt300_optimizer_reset,1103,300,optimizer_reset,25,21.12459945678711,0.12410006679103298,4.337953170140584,969.3181651940114,0.000125,2.5517890453338623,6.889742215474446,0.6734378766268492,35.04218930006027,35.021629989147186,0.027735866606235504,0.8474872708320618,0.8474788069725037,0.016670212149620056,31.368297195527134,0.34072624570435006,1.4653804866583569,0.22684930264949799,4.129793643951416,5.384471416473389,170.2149658203125,171.2010955810547,2.9850656986236572,7.853697299957275,325,25,0.9999999999999987,0.2775901258336093,0.9282102012308147,0.024702287402953438,325,325,1,0.01,1.9425928592681885,7.151599884033203,7.4724531173706055,3.8466388269242238,-0.033057134598493576,8.717257499694824,1.48136568069458,8.350793838500977,0.9579611292648365,0.327149897813797
gpu_seed1103_ckpt300_optimizer_reset,1103,300,optimizer_reset,26,21.432769775390625,0.12591046595149719,3.952195644378662,657.3142758464833,0.000125,2.555366039276123,6.507561683654785,0.7004038132727146,35.86114877462387,35.84029960632324,0.02696593664586544,0.8189594745635986,0.8186696171760559,0.02721063606441021,30.60058978721579,0.344163771273971,1.4735602570307216,0.22522959113121033,3.912559986114502,5.614390850067139,170.21469116210938,171.22755432128906,2.7014315128326416,6.943264007568359,326,26,0.9999999999999988,0.2783125357077757,0.9353891811077333,0.025677585115550405,326,326,0,0.01,1.8906450271606445,7.047989368438721,7.227047920227051,3.822530309180645,0.03821571171283722,8.70936393737793,1.4833929538726807,8.335710525512695,0.9570975085490934,0.33164840936660767
gpu_seed1103_ckpt300_optimizer_reset,1103,300,optimizer_reset,27,21.728832244873047,0.12764973548473713,5.246775388717651,2435.1792378743157,0.000125,2.556278626124064,7.803054014841716,0.7266595624387264,36.63139760494232,36.61022335290909,0.02625574916601181,0.7702488303184509,0.769923746585846,0.029422566294670105,29.902355061453374,0.34740403898601085,1.4798285109651452,0.21097925305366516,5.668864727020264,5.904919147491455,170.21441650390625,171.25315856933594,2.524935483932495,6.019371509552002,327,27,0.9999999999999989,0.27903422317206794,0.94185026299696,0.026651907530434893,327,327,0,0.01,1.8418933153152466,6.493965148925781,6.594479560852051,3.580272269851743,0.08682190626859665,8.700945854187012,1.4934072494506836,8.312249183654785,0.9553270785674254,0.3402797281742096
gpu_seed1103_ckpt300_optimizer_reset,1103,300,optimizer_reset,28,22.010738372802734,0.12930584117215813,4.570086558659872,1228.2614995897313,0.000125,2.5536795457204184,7.12376610438029,0.7516995090991259,37.37059164047241,37.34923851490021,0.025039946660399437,0.7391940355300903,0.7390151619911194,0.024080295115709305,29.281299384048047,0.3504302105891758,1.4863875415401135,0.20157279074192047,4.994655609130859,6.141579627990723,170.214111328125,171.27696228027344,2.4715487957000732,6.798264980316162,328,28,0.999999999999999,0.27975518894889584,0.9476652366972639,0.02762525562290441,328,328,0,0.01,1.7104904651641846,5.8454060554504395,5.985579967498779,3.49933547681059,0.06337903439998627,8.69257640838623,1.5096198320388794,8.28390884399414,0.9529866008426711,0.35117965936660767
gpu_seed1103_ckpt300_optimizer_reset,1103,300,optimizer_reset,29,22.280046463012695,0.13088793753572653,3.8886009057362876,612.3550757822434,0.000125,2.549397865931193,6.4379987716674805,0.7776232846081257,38.091286301612854,38.069878339767456,0.025923775508999825,0.7206946611404419,0.7206398248672485,0.02009834349155426,28.651465181127925,0.35318680305315164,1.4903679149456777,0.19354230165481567,3.5688860416412354,6.035784721374512,170.21383666992188,171.29962158203125,2.703983783721924,7.388044834136963,329,29,0.9999999999999991,0.280475433759947,0.9528987130275375,0.02859763036728158,329,329,0,0.01,1.8481779098510742,5.97714900970459,6.218392848968506,3.3646072793209707,0.021438853815197945,8.684229850769043,1.514078140258789,8.266366004943848,0.9518824520991758,0.35651955008506775
gpu_seed1103_ckpt300_optimizer_reset,1103,300,optimizer_reset,30,22.53351402282715,0.13237697599852338,3.3231159845987954,341.4396741799933,0.000125,2.54676087697347,5.869876861572266,0.8025355730205774,38.867897748947144,38.84626239538193,0.024912288412451744,0.7766114473342896,0.7763840556144714,0.025164654478430748,28.07790056955058,0.35593542917778015,1.493246428287443,0.2036023736000061,3.137277364730835,6.226377964019775,170.21356201171875,171.32192993164062,2.431044816970825,7.548850059509277,330,30,0.9999999999999992,0.281194958326187,0.9576088417247838,0.029569032736914247,330,330,0,0.01,1.7529540061950684,6.955763339996338,7.11307954788208,4.057767358835358,0.035249363631010056,8.675869941711426,1.5184745788574219,8.249360084533691,0.9508395284802356,0.3614876866340637
gpu_seed1103_ckpt300_optimizer_reset,1103,300,optimizer_reset,31,22.78191566467285,0.13383625386114575,3.7340041796366377,522.2305824030851,0.000125,2.5482921600341797,6.282296339670817,0.8273417130112648,39.60762220621109,39.58576077222824,0.02480613999068737,0.7397244572639465,0.7394983768463135,0.02587989531457424,27.536283141975613,0.35848946169597046,1.492300837171159,0.19659502804279327,3.1708526611328125,6.383262634277344,170.2133026123047,171.34429931640625,2.4806947708129883,5.929007530212402,331,31,0.9999999999999993,0.2819137633678609,0.9618479575523053,0.030539463704177372,331,331,0,0.01,1.7364099025726318,6.589761734008789,6.698798656463623,3.8578440761797963,0.06843703985214233,8.667369842529297,1.5433549880981445,8.212091445922852,0.9474721391980506,0.3762776851654053
gpu_seed1103_ckpt300_optimizer_reset,1103,300,optimizer_reset,32,23.02045440673828,0.13523759043479888,3.118250211079915,276.6520859628876,0.000125,2.549753189086914,5.668003400166829,0.851360734552145,40.331417202949524,40.30938112735748,0.024019021540880203,0.7237949967384338,0.7236203551292419,0.023859644308686256,27.03960080895798,0.3610092290843071,1.4966393128373505,0.19379140436649323,3.0794012546539307,6.6265058517456055,170.2130584716797,171.36598205566406,2.4152262210845947,7.132282733917236,332,32,0.9999999999999993,0.28263184960449306,0.9656631617970749,0.031508924240473246,332,332,0,0.01,1.6949396133422852,7.094912052154541,7.173948764801025,4.232568941291271,0.07255705446004868,8.658974647521973,1.5720503330230713,8.187836647033691,0.9455896316056247,0.3823193609714508
gpu_seed1103_ckpt300_optimizer_reset,1103,300,optimizer_reset,33,23.251426696777344,0.13659447659395946,2.917709191640218,225.0636391945589,0.000125,2.5542473793029785,5.471956570943196,0.8763200007379055,41.033644914627075,41.01128101348877,0.024959266185760498,0.7022277116775513,0.7018998861312866,0.03090294823050499,26.53303208550751,0.3634922997779682,1.5029264427616447,0.18959756195545197,3.3891215324401855,6.888038158416748,170.21279907226562,171.38729858398438,2.66276478767395,5.973768711090088,333,33,0.9999999999999994,0.2833492177548885,0.9690968456173674,0.032477415316232716,333,333,0,0.01,1.9338963031768799,7.324049949645996,7.249990463256836,3.7489034191457273,0.1701255887746811,8.6508207321167,1.575843334197998,8.170646667480469,0.9444938139968039,0.387332946062088
gpu_seed1103_ckpt300_optimizer_reset,1103,300,optimizer_reset,34,23.473896026611328,0.1379014106614115,3.722063382466634,522.0260528071191,0.000125,2.5601353645324707,6.2821987469991045,0.9007444009184837,41.686032593250275,41.663286328315735,0.024424400180578232,0.6523876786231995,0.6520053148269653,0.03437025099992752,26.060551697739196,0.36581426477413886,1.505616871958171,0.17459511756896973,3.819471836090088,7.004878997802734,170.21250915527344,171.40792846679688,2.9375500679016113,6.2059221267700195,334,34,0.9999999999999994,0.28406586853713367,0.9721871610556306,0.033444937900916516,334,334,0,0.01,1.7993437051773071,6.316736698150635,6.313189506530762,3.5086067705475714,0.1443973183631897,8.642400741577148,1.5771117210388184,8.158408164978027,0.9439979016164273,0.38953539729118347
gpu_seed1103_ckpt300_optimizer_reset,1103,300,optimizer_reset,35,23.686206817626953,0.1391486666578811,3.737353245417277,531.5608475257642,0.000125,2.5625696976979575,6.299922943115234,0.9262861032038927,42.29868561029434,42.275556325912476,0.025541702285408974,0.6126530170440674,0.6122699975967407,0.03583749756217003,25.57115640154175,0.36793946860187443,1.5067888509241996,0.1651206612586975,3.8302342891693115,6.961144924163818,170.2122802734375,171.42738342285156,2.7431650161743164,6.553988456726074,335,35,0.9999999999999996,0.28478180266859654,0.9749684449500675,0.0344114929630156,335,335,0,0.01,1.8598726987838745,5.408654689788818,5.495887756347656,2.954980606972901,0.12465406954288483,8.633938789367676,1.5798741579055786,8.145081520080566,0.9433795766666704,0.39216047525405884
gpu_seed1103_ckpt300_optimizer_reset,1103,300,optimizer_reset,36,23.889299392700195,0.14034176867067474,3.380414724349976,366.7837699018093,0.000125,2.5589837233225503,5.939398447672526,0.9559020008891821,42.89317685365677,42.86972218751907,0.029615897685289383,0.5944912433624268,0.5941658616065979,0.035892367362976074,24.99136874957195,0.36971774621149706,1.5038128946468967,0.15591193735599518,3.3594417572021484,6.4627532958984375,170.21206665039062,171.4459991455078,2.9801602363586426,7.020691871643066,336,36,0.9999999999999996,0.2854970208659279,0.9774716004550608,0.035377081470052585,336,336,0,0.01,2.1938693523406982,5.371708393096924,5.607260704040527,2.5558772212463032,0.0944834053516388,8.62560749053955,1.579782485961914,8.135207176208496,0.9431459969781998,0.39317336678504944
gpu_seed1103_ckpt300_optimizer_reset,1103,300,optimizer_reset,37,24.08237075805664,0.1414759993757437,3.5186786651611333,422.1066684777196,0.000125,2.556666056315104,6.075344721476237,0.985481858253479,43.45594930648804,43.43249320983887,0.029579857364296913,0.5627724528312683,0.5627710223197937,0.026328163221478462,24.437152806356277,0.37135714980357126,1.4993356890436507,0.14705918729305267,3.614518642425537,6.0419158935546875,170.21182250976562,171.46359252929688,2.6116602420806885,5.502065181732178,337,37,0.9999999999999997,0.286211523845062,0.9797244404095548,0.03634170438858253,337,337,0,0.01,2.219013214111328,4.925773620605469,5.346755504608154,2.409519452432381,0.027422400191426277,8.617292404174805,1.5813522338867188,8.123830795288086,0.9427358866633567,0.3948706388473511
gpu_seed1103_ckpt300_optimizer_reset,1103,300,optimizer_reset,38,24.26377296447754,0.14254167761399503,3.4455893039703365,392.5310103754347,0.000125,2.5594316323598227,6.005020936330159,1.0137369222939014,44.02121329307556,43.99819594621658,0.02825506404042244,0.5652639865875244,0.5657027363777161,0.009459859691560268,23.934980004032127,0.3728583289984063,1.494418970090665,0.14681121706962585,3.7217984199523926,5.640238285064697,170.21160888671875,171.47958374023438,2.6511242389678955,6.993104457855225,338,38,0.9999999999999997,0.2869253123212169,0.9817519963685992,0.03730536268419393,338,338,0,0.01,2.0435292720794678,5.152379989624023,5.519293308258057,2.700863346400219,0.012367279268801212,8.60936164855957,1.5826512575149536,8.114226341247559,0.9424887317405471,0.39577019214630127
gpu_seed1103_ckpt300_optimizer_reset,1103,300,optimizer_reset,39,24.436044692993164,0.14355371730065178,2.654053211212158,170.72470201303273,0.000125,2.558962821960449,5.213016033172607,1.04173169657588,44.604303777217865,44.581600069999695,0.027994774281978607,0.5830904841423035,0.5834041237831116,0.012795994989573956,23.457138506286945,0.3742484930409724,1.4866235410200561,0.15142285823822021,2.877089500427246,5.152847766876221,170.21141052246094,171.4944610595703,2.8807883262634277,6.438839912414551,339,39,0.9999999999999997,0.28763838700889566,0.9835767967317394,0.03826805732150973,339,339,0,0.01,2.0494544506073,5.3566389083862305,5.67843770980835,2.770706959660864,0.029567357152700424,8.601151466369629,1.5878808498382568,8.097389221191406,0.9414308366561307,0.40026983618736267
gpu_seed1103_ckpt300_optimizer_reset,1103,300,optimizer_reset,40,24.601118087768555,0.1445234691465485,2.3129785855611167,118.61643827226759,0.000125,2.567128817240397,4.880107402801514,1.0723940525203943,45.1848087310791,45.16239798069,0.030662355944514275,0.5805049538612366,0.5807979106903076,0.016853097826242447,22.940371619860098,0.37566968787743243,1.4819062177855449,0.1604742556810379,2.5084633827209473,4.927025318145752,170.21121215820312,171.50869750976562,2.547454595565796,5.335226058959961,340,40,0.9999999999999998,0.2883507486218868,0.9852191170585654,0.039229789264188186,340,340,0,0.01,2.3860690593719482,5.079305648803711,5.447877883911133,2.2832020986613095,0.07480867207050323,8.592886924743652,1.5875808000564575,8.088401794433594,0.941290379504668,0.4008185863494873
gpu_seed1103_ckpt300_optimizer_reset,1103,300,optimizer_reset,41,24.760169982910156,0.1454578466646023,2.2331376075744624,110.47323864209477,0.000125,2.5850189526875815,4.818156560262044,1.1019571255892515,45.786878883838654,45.764626026153564,0.029563073068857193,0.602070152759552,0.602228045463562,0.019209235906600952,22.469268003188088,0.3772764869767186,1.4832829537231396,0.16950321197509766,2.929828405380249,5.1476640701293945,170.2110137939453,171.52259826660156,2.65604567527771,4.689982891082764,341,41,0.9999999999999998,0.28906239787326493,0.9866972053527089,0.040190559474924004,341,341,0,0.01,2.282440185546875,5.400709629058838,5.702590465545654,2.4984621729207808,0.07535038143396378,8.584568977355957,1.589430809020996,8.07709789276123,0.9408856652052939,0.40241628885269165
gpu_seed1103_ckpt300_optimizer_reset,1103,300,optimizer_reset,42,24.91325569152832,0.14635717480112528,2.2078948815663653,108.68411570901809,0.000125,2.597007989883423,4.804902871449788,1.1285558305680752,46.36796182394028,46.34567254781723,0.026598704978823662,0.5810829401016235,0.5810465216636658,0.024257199838757515,22.07534179232036,0.37866042803080013,1.481386840988286,0.1647752970457077,3.1619973182678223,5.274899482727051,170.21083068847656,171.5360565185547,2.8600618839263916,5.44102668762207,342,42,0.9999999999999998,0.28977333547539164,0.988027484817438,0.0411503689154491,342,342,0,0.01,1.899640440940857,5.322361946105957,5.521693706512451,2.906704651841772,0.07156209647655487,8.576420783996582,1.5911725759506226,8.065437316894531,0.9404199630623913,0.40433433651924133
gpu_seed1103_ckpt300_optimizer_reset,1103,300,optimizer_reset,43,25.059598922729492,0.14721689310270217,1.8604687054951983,72.60412162765456,0.000125,2.593681573867798,4.454150279362996,1.1538857035338879,46.952267944812775,46.92993104457855,0.025329872965812683,0.5843061208724976,0.584258496761322,0.023555409163236618,21.717574666156533,0.3800827221991532,1.4832490947959822,0.16382044553756714,3.1509644985198975,5.576871871948242,170.21060180664062,171.54916381835938,2.700425148010254,4.633612155914307,343,43,0.9999999999999998,0.2904835621399162,0.9892247363356942,0.04210921854653371,343,343,0,0.01,1.8274815082550049,5.110414505004883,5.292892932891846,2.8962771491695904,0.07716453075408936,8.568321228027344,1.5954554080963135,8.051639556884766,0.9396986110355632,0.407183974981308
gpu_seed1103_ckpt300_optimizer_reset,1103,300,optimizer_reset,44,25.2017879486084,0.14805220681573233,2.036467949549357,87.82020405862744,0.000125,2.5786476929982505,4.615115642547607,1.178482448682189,47.52355796098709,47.50108468532562,0.024596745148301125,0.5712900161743164,0.5711536407470703,0.027071475982666016,21.38494975191895,0.38140652048277335,1.4849172600775051,0.15512587130069733,3.1185505390167236,5.730065822601318,170.21035766601562,171.56222534179688,2.68748140335083,4.867580413818359,344,44,0.9999999999999998,0.2911930785777763,0.9903022627021247,0.043067109327987074,344,344,0,0.01,1.7736903429031372,4.7223896980285645,4.970409393310547,2.8022982778224343,0.0442916601896286,8.559958457946777,1.6026413440704346,8.039714813232422,0.9392235783302992,0.40836456418037415
gpu_seed1103_ckpt300_optimizer_reset,1103,300,optimizer_reset,45,25.33957290649414,0.14886164807928853,2.130067745844523,96.48353292458053,0.000125,2.5658084551493325,4.6958762009938555,1.2029175832867622,48.06531709432602,48.042597234249115,0.02443513460457325,0.5417591333389282,0.5415125489234924,0.03263859823346138,21.06509478167001,0.38256651264307817,1.4819303549169114,0.14914430677890778,3.348630428314209,5.677125930786133,170.21006774902344,171.5747528076172,2.675912380218506,5.600365161895752,345,45,0.9999999999999999,0.2919018854991986,0.9912720364319123,0.04402404221865919,345,345,0,0.01,1.6637187004089355,4.473273277282715,4.640654563903809,2.7893264424811504,0.08347330242395401,8.551833152770996,1.6043570041656494,8.026640892028809,0.9385871717372138,0.4111042022705078
gpu_seed1103_ckpt300_optimizer_reset,1103,300,optimizer_reset,46,25.46999168395996,0.14962781545810305,2.5399899482727046,149.94097378895094,0.000125,2.5524028142293296,5.092392762502034,1.2288337368518114,48.64289075136185,48.61989712715149,0.02591615356504917,0.5775736570358276,0.5772998929023743,0.032994382083415985,20.726963233603612,0.3836862979672869,1.4754293863623105,0.17014800012111664,3.9217073917388916,5.5193190574646,170.20982360839844,171.5859832763672,2.667849540710449,5.047561168670654,346,46,0.9999999999999999,0.2926099836136994,0.992144832788721,0.044980018176440484,346,346,0,0.01,1.7863541841506958,5.017219066619873,5.086461544036865,2.8473981191206628,0.13899315893650055,8.543659210205078,1.6104165315628052,8.009893417358398,0.9375249199769047,0.415338933467865
gpu_seed1103_ckpt300_optimizer_reset,1103,300,optimizer_reset,47,25.595924377441406,0.15036762857049799,2.2506020069122314,107.40717735294781,0.000125,2.5373318195343018,4.787933826446533,1.2553541027009487,49.22717273235321,49.203954100608826,0.026520365849137306,0.5842819809913635,0.5840569734573364,0.031178362667560577,20.389405923277167,0.3845704046887473,1.4666498146030058,0.16708840429782867,2.8905093669891357,5.371552467346191,170.20957946777344,171.5968017578125,2.3505923748016357,4.653924942016602,347,47,0.9999999999999999,0.2933173736300857,0.9929303495098489,0.04593503815826405,347,347,0,0.01,1.880613923072815,4.8809332847595215,5.05437707901001,2.687620790740909,0.09878312796354294,8.53554916381836,1.6119178533554077,7.996979236602783,0.9369027209755318,0.41800037026405334
gpu_seed1103_ckpt300_optimizer_reset,1103,300,optimizer_reset,48,25.72039222717285,0.15109883620814368,2.2674065430959067,108.72413581260115,0.000125,2.530754009882609,4.798160552978516,1.2823360804468393,49.78730672597885,49.763991594314575,0.026981977745890617,0.5601339936256409,0.5600374937057495,0.027661481872200966,20.057450320036487,0.3855703149943179,1.4588075798038551,0.16129441559314728,2.3087759017944336,5.321709632873535,170.20932006835938,171.60760498046875,2.79032564163208,5.261106491088867,348,48,0.9999999999999999,0.29402405625645556,0.9936373145588641,0.046889103120105746,348,348,0,0.01,1.959359884262085,4.269393444061279,4.605830192565918,2.350681071689987,0.05099262669682503,8.527643203735352,1.6127108335494995,7.98731803894043,0.936638394467632,0.4189848303794861
gpu_seed1103_ckpt300_optimizer_reset,1103,300,optimizer_reset,49,25.842275619506836,0.15181486100948047,2.40306289990743,125.955894788328,0.000125,2.527663787206014,4.930726687113444,1.3088894318789244,50.34229922294617,50.31887727975845,0.026553351432085037,0.5549924969673157,0.5548856854438782,0.027944840490818024,19.74366588199145,0.38654582794877373,1.4518983976823807,0.1527486890554428,2.224449396133423,5.3745245933532715,170.20904541015625,171.61819458007812,2.63040828704834,4.713120460510254,349,49,0.9999999999999999,0.2947300322001991,0.9942735831029776,0.04784221401698563,349,349,0,0.01,1.9849908351898193,4.387845993041992,4.732796669006348,2.384291446137271,0.045581601560115814,8.519458770751953,1.6143420934677124,7.975973129272461,0.9362065530094162,0.42066678404808044
gpu_seed1103_ckpt300_optimizer_reset,1103,300,optimizer_reset,50,25.960161209106445,0.15250740003598076,2.6012741724650064,156.9884213135173,0.000125,2.5319722493489585,5.133246421813965,1.335201831534505,50.8839607834816,50.8604502081871,0.02631239965558052,0.5416615605354309,0.5415729284286499,0.027656449005007744,19.442874175248708,0.3875631634295096,1.4468815138884732,0.14716346561908722,2.623751640319824,5.368000030517578,170.20872497558594,171.62843322753906,2.30405592918396,3.7678606510162354,350,50,0.9999999999999999,0.29543530216799896,0.9948462247926799,0.04879437180296864,350,350,1,0.01,1.9523354768753052,4.137729644775391,4.433830738067627,2.271039373397886,0.07882674783468246,8.511237144470215,1.6135505437850952,7.966845512390137,0.936038483849001,0.4213865399360657
gpu_seed1103_ckpt300_optimizer_reset,1103,300,optimizer_reset,51,26.0738525390625,0.15317529916798417,3.0656215349833174,258.6859972379467,0.000125,2.5377402305603027,5.60336176554362,1.3647282999008894,51.42856973409653,51.40500444173813,0.029526468366384506,0.5446089506149292,0.5445542335510254,0.028960736468434334,19.105526382751023,0.3884672993977141,1.4412940414762994,0.1454903930425644,3.1003894805908203,5.174668788909912,170.20848083496094,171.63836669921875,2.473038673400879,3.7447566986083984,351,51,0.9999999999999999,0.29613986686583094,0.9953616023134119,0.0497455774311657,351,351,0,0.01,2.12660551071167,4.171581745147705,4.5687360763549805,2.148370279932126,0.05924687907099724,8.50314712524414,1.6154779195785522,7.953736305236816,0.9353873557735854,0.4240972697734833
gpu_seed1103_ckpt300_optimizer_reset,1103,300,optimizer_reset,52,26.183137893676758,0.15381731464546833,2.623268683751424,162.46526140965472,0.000125,2.5425283908843994,5.165797074635823,1.3932740315794945,51.99008494615555,51.966936111450195,0.02854573167860508,0.561515212059021,0.5619316697120667,0.010826313868165016,18.792525590945864,0.3894879498965833,1.4402542642297493,0.15825796127319336,2.7567028999328613,4.935338497161865,170.2082061767578,171.64788818359375,2.5328776836395264,4.870702266693115,352,52,0.9999999999999999,0.2968437269989651,0.9958254420820707,0.05069583185373461,352,352,0,0.01,2.0907511711120605,3.8912353515625,4.486710071563721,2.1459799394373245,-0.037957459688186646,8.494964599609375,1.6159003973007202,7.943190574645996,0.9350469306264458,0.42548519372940063
gpu_seed1103_ckpt300_optimizer_reset,1103,300,optimizer_reset,53,26.289825439453125,0.1544440688513269,2.6056310335795088,160.871207028246,0.000125,2.551699161529541,5.15733019510905,1.422647338360548,52.5590735077858,52.5364031791687,0.029373306781053543,0.568988561630249,0.5694670677185059,0.00951644591987133,18.479509805803954,0.3907620174906006,1.448477826912202,0.15698577463626862,2.141155481338501,5.152210235595703,170.20797729492188,171.65733337402344,2.4634976387023926,5.084559917449951,353,53,0.9999999999999999,0.2975468832719661,0.9962428978738637,0.05164513602188081,353,353,0,0.01,2.111158847808838,4.045405864715576,4.651800155639648,2.2034344599249494,-0.04782789945602417,8.486873626708984,1.6181575059890747,7.93097448348999,0.9344989488861408,0.42762014269828796
gpu_seed1103_ckpt300_optimizer_reset,1103,300,optimizer_reset,54,26.394378662109375,0.1550582846115547,2.118634223937988,94.40317010743205,0.000125,2.5569961865743003,4.675630410512288,1.4506840631365776,53.10751098394394,53.0850864648819,0.028036724776029587,0.5484374761581421,0.5486832857131958,0.016791701316833496,18.194436219987775,0.39189467323762917,1.45459242800334,0.15070435404777527,1.9448440074920654,5.219842910766602,170.2077178955078,171.66668701171875,2.606813907623291,5.306143283843994,354,54,0.9999999999999999,0.2982493363886942,0.9966186080864773,0.05259349088585896,354,354,0,0.01,2.0172486305236816,4.144039630889893,4.52719259262085,2.244241252226473,0.044672656804323196,8.478774070739746,1.6199253797531128,7.919384002685547,0.9340246522211756,0.42945536971092224
gpu_seed1103_ckpt300_optimizer_reset,1103,300,optimizer_reset,55,26.495311737060547,0.1556512331959048,1.9160567919413247,75.55429692726149,0.000125,2.568008820215861,4.484065612157186,1.4785224460065365,53.63959687948227,53.617228746414185,0.027838382869958878,0.5320858955383301,0.5321422815322876,0.024134952574968338,17.92012817161214,0.39280413290586097,1.4556837213984444,0.15024462342262268,1.8431469202041626,4.864980697631836,170.2074737548828,171.67543029785156,2.575918674468994,5.11138916015625,355,55,0.9999999999999999,0.29895108705230544,0.9969567472778296,0.05354089739497314,355,355,0,0.01,1.925697922706604,4.017736434936523,4.344498634338379,2.2560644549223223,0.06306411325931549,8.47065544128418,1.6204131841659546,7.909138202667236,0.9337102963861378,0.43069037795066833
gpu_seed1103_ckpt300_optimizer_reset,1103,300,optimizer_reset,56,26.592920303344727,0.15622465138639038,1.5176335175832114,46.98215026766409,0.000125,2.579608996709188,4.097242514292399,1.505440516397357,54.17711889743805,54.154561281204224,0.026918070390820503,0.53752201795578,0.5373325347900391,0.032077424228191376,17.66454404121267,0.3935902218933939,1.4549373134822692,0.14873842895030975,2.068744659423828,4.692169189453125,170.20724487304688,171.6839599609375,2.5913121700286865,4.22472620010376,356,56,1.0,0.2996521359652532,0.9972610725500466,0.05448735649757808,356,356,0,0.01,1.8456987142562866,4.093017101287842,4.219343185424805,2.286041135983929,0.15596958994865417,8.462359428405762,1.6205594539642334,7.898459434509277,0.9333637387222571,0.4321235716342926
gpu_seed1103_ckpt300_optimizer_reset,1103,300,optimizer_reset,57,26.689605712890625,0.1567926463349767,1.970476627349854,82.13018055443436,0.000125,2.5879432360331216,4.558419863382976,1.5312239322811365,54.69686949253082,54.67408090829849,0.025783415883779526,0.5197505950927734,0.5195196270942688,0.03376239538192749,17.43024331726087,0.39447765205586677,1.457070777288824,0.1466929316520691,2.6700198650360107,4.630635738372803,170.20697021484375,171.69259643554688,2.7246060371398926,4.182997703552246,357,57,1.0,0.3003524838292879,0.9975349652950419,0.05543286914108059,357,357,0,0.01,1.8640714883804321,4.196318626403809,4.366864204406738,2.342648461512854,0.1287575513124466,8.454662322998047,1.6257768869400024,7.888017177581787,0.9329783823682909,0.4330049753189087
gpu_seed1103_ckpt300_optimizer_reset,1103,300,optimizer_reset,58,26.78373146057129,0.15734560411284232,1.564757982889811,50.48936000290211,0.000125,2.591637214024862,4.156395196914673,1.5552036724984646,55.28698790073395,55.26424700021744,0.02397974021732807,0.590118408203125,0.5901660919189453,0.018330033868551254,17.22200888165695,0.39505843907545846,1.455233448970877,0.16335131227970123,2.680603504180908,4.379884243011475,170.20672607421875,171.70101928710938,2.6266753673553467,4.597092151641846,358,58,1.0,0.3010521313454586,0.9977814687655377,0.056377436271939474,358,358,0,0.01,1.5767464637756348,4.584672927856445,4.825399875640869,3.0603524323644495,0.015277190133929253,8.446348190307617,1.6267800331115723,7.876965522766113,0.9325883026944335,0.43450963497161865
gpu_seed1103_ckpt300_optimizer_reset,1103,300,optimizer_reset,59,26.878826141357422,0.15790425405369313,2.5914862950642905,164.15860750930997,0.000125,2.5872095425923667,5.178695837656657,1.5789220500737429,55.95086199045181,55.9281821846962,0.023718377575278282,0.663874089717865,0.6639351844787598,0.015286486595869064,17.023529527683163,0.3958414048053776,1.4502406200857307,0.19283968210220337,2.9264228343963623,4.53203821182251,170.20648193359375,171.7093963623047,3.141280174255371,6.168100357055664,359,59,1.0,0.30175107921411315,0.998003321888984,0.057321058835667515,359,359,0,0.01,1.5302180051803589,6.537413597106934,6.696085453033447,4.375902930406205,0.012084686197340488,8.438307762145996,1.6503986120224,7.852969169616699,0.9306331779985509,0.44015616178512573
gpu_seed1103_ckpt300_optimizer_reset,1103,300,optimizer_reset,60,26.97455596923828,0.15846663527461097,2.6744663715362544,178.37571953045125,0.000125,2.5808611710866294,5.255327542622884,1.6035088300704956,56.57986843585968,56.556946754455566,0.02458677999675274,0.6290064454078674,0.6287645697593689,0.02937941811978817,16.82220606670159,0.39648568922606203,1.4451321054373543,0.1833002120256424,3.378523111343384,4.530259609222412,170.20620727539062,171.71775817871094,2.790708065032959,5.935995101928711,360,60,1.0,0.3024493281348991,0.9982029897000856,0.0582637377768318,360,360,0,0.01,1.6834080219268799,5.958516597747803,6.039719581604004,3.58779303824819,0.0926947146654129,8.43047046661377,1.6539009809494019,7.837037563323975,0.929608566254893,0.4442703425884247
gpu_seed1103_ckpt300_optimizer_reset,1103,300,optimizer_reset,61,27.06986427307129,0.1590265401805294,2.4547483126322427,138.52758239826647,0.000125,2.566119829813639,5.020868142445882,1.62848549336195,57.20460969209671,57.18152701854706,0.024976663291454315,0.62474125623703,0.6245802640914917,0.02643558569252491,16.622723618599696,0.39725968048651733,1.4402752521098037,0.18750064074993134,3.518010139465332,4.403102397918701,170.2059326171875,171.72586059570312,2.497026205062866,5.692270278930664,361,61,1.0,0.30314687880676416,0.998382690730077,0.05920547403905507,361,361,0,0.01,1.6640604734420776,5.598669052124023,5.718048095703125,3.4362021014008066,0.07610735297203064,8.422554969787598,1.6563515663146973,7.823955059051514,0.9289289398663184,0.44688257575035095
gpu_seed1103_ckpt300_optimizer_reset,1103,300,optimizer_reset,62,27.165925979614258,0.15959087107932013,2.7186046441396075,180.68738805739065,0.000125,2.5464069843292236,5.265011628468831,1.655382676050067,57.804656863212585,57.781185269355774,0.026897182688117027,0.6000471711158752,0.5996582508087158,0.03686727583408356,16.410662243016137,0.3981001332454696,1.4354366772934002,0.1781107634305954,3.054112195968628,4.183500289916992,170.20567321777344,171.7341766357422,3.2941787242889404,5.985573768615723,362,62,1.0,0.30384373192795744,0.9985444216570694,0.060146268565015926,362,362,0,0.01,2.038391351699829,5.126178741455078,5.2316975593566895,2.566581512912804,0.1465233713388443,8.414555549621582,1.6582261323928833,7.8139567375183105,0.9286238223085698,0.44780075550079346
gpu_seed1103_ckpt300_optimizer_reset,1103,300,optimizer_reset,63,27.26092529296875,0.1601489607679086,2.968995968500773,232.86589724469624,0.000125,2.5341872374216714,5.503183205922444,1.6815755628049374,58.39452862739563,58.37091815471649,0.026192886754870415,0.5898717641830444,0.5897328853607178,0.027502940967679024,16.211537498487544,0.3990234445557146,1.4340777036243126,0.16821706295013428,3.2345752716064453,4.102349758148193,170.2053985595703,171.74258422851562,2.3567049503326416,5.114372253417969,363,63,1.0,0.3045398881960294,0.9986899794913624,0.06108612229645094,363,363,0,0.01,1.9956398010253906,4.485083103179932,4.7612996101379395,2.385851198041412,0.07980327308177948,8.406323432922363,1.6605854034423828,7.802465438842773,0.9281662192873069,0.4493509531021118
gpu_seed1103_ckpt300_optimizer_reset,1103,300,optimizer_reset,64,27.355667114257812,0.16070553777538882,2.7302665710449223,179.4692012628366,0.000125,2.5271617571512857,5.257428328196208,1.7067886050790548,59.013534247875214,58.989825785160065,0.02521304227411747,0.6190056204795837,0.618907630443573,0.024249786511063576,16.027566057587272,0.399717295963638,1.428560761223485,0.16902771592140198,2.8986623287200928,4.042647838592529,170.20513916015625,171.75112915039062,2.7064785957336426,5.877273082733154,364,64,1.0,0.3052353483078334,0.9988209815422261,0.06202503617415456,364,364,0,0.01,1.8280398845672607,4.6107707023620605,4.8572611808776855,2.6570870919618113,0.05979250371456146,8.39808464050293,1.660552740097046,7.79252815246582,0.9278935002491505,0.45038890838623047
gpu_seed1103_ckpt300_optimizer_reset,1103,300,optimizer_reset,65,27.44996452331543,0.1612595040073266,2.8199299971262612,196.838863696515,0.000125,2.523916165033976,5.343846162160237,1.7362436056137085,59.66163498163223,59.63786959648132,0.029455000534653664,0.648100733757019,0.6480438113212585,0.024656428024172783,15.809972998343687,0.4005167280409765,1.4263263775468007,0.21104837954044342,2.8686647415161133,3.969430923461914,170.20486450195312,171.75924682617188,2.8638572692871094,6.372604846954346,365,65,1.0,0.30593011295952555,0.9989388833880035,0.06296301113798031,365,365,0,0.01,2.22835636138916,5.286396026611328,5.5967631340026855,2.511610454672135,0.06739398837089539,8.390517234802246,1.6736043691635132,7.777804374694824,0.9269755555036662,0.4524686336517334
gpu_seed1103_ckpt300_optimizer_reset,1103,300,optimizer_reset,66,27.544775009155273,0.1618164843964357,2.9102112452189126,216.47329114253367,0.000125,2.523259480794271,5.433470726013184,1.7640911974012852,60.281424164772034,60.25762742757797,0.027847591787576675,0.619789183139801,0.6197578310966492,0.02359282597899437,15.614144580346167,0.40128380983656153,1.4242528473340115,0.19877654314041138,2.9454545974731445,4.009829044342041,170.20460510253906,171.76742553710938,2.658322811126709,5.13817024230957,366,66,1.0,0.306624182846566,0.9990449950492032,0.06390004812684236,366,366,0,0.01,1.9842572212219238,4.654124736785889,4.936115264892578,2.487638806147514,0.06675282120704651,8.382583618164062,1.6733276844024658,7.768458843231201,0.9267380078854146,0.4533744752407074
gpu_seed1103_ckpt300_optimizer_reset,1103,300,optimizer_reset,67,27.639509201049805,0.16237301658373493,2.55646554629008,147.42928770581992,0.000125,2.5176360607147217,5.074101607004802,1.791153334081173,60.94147461652756,60.91778641939163,0.02706213667988777,0.6600504517555237,0.6601589918136597,0.01648949831724167,15.43112399989636,0.40197658550868876,1.4208927562423461,0.2049379199743271,3.2197535037994385,4.02871036529541,170.20437622070312,171.77581787109375,2.901747226715088,5.960073471069336,367,67,1.0,0.30731755866371946,0.9991404955442829,0.06483614807871552,367,367,0,0.01,1.8496969938278198,5.135787487030029,5.42229700088501,2.9314514858247187,0.020863445475697517,8.374863624572754,1.674552321434021,7.757630348205566,0.9262993041991652,0.45498785376548767
gpu_seed1103_ckpt300_optimizer_reset,1103,300,optimizer_reset,68,27.736675262451172,0.16294383520372335,2.5552349090576176,147.0555424939507,0.000125,2.516431967417399,5.071666876475017,1.818406067788601,61.55687242746353,61.53326457738876,0.02725273370742798,0.6153978109359741,0.6154781579971313,0.019196176901459694,15.253290094971486,0.4026314455493745,1.4172072470687533,0.19496086239814758,3.518749237060547,3.9660136699676514,170.20411682128906,171.78475952148438,2.6087045669555664,5.1881513595581055,368,68,1.0,0.3080102411050558,0.9992264459898546,0.06577131193063679,368,368,0,0.01,1.7916967868804932,4.78541898727417,5.110126495361328,2.8521156775950187,-0.00017324602231383324,8.366608619689941,1.677181601524353,7.745913028717041,0.9258127612766439,0.4565853476524353
gpu_seed1103_ckpt300_optimizer_reset,1103,300,optimizer_reset,69,27.83193016052246,0.16350342636837487,2.0521566867828374,83.61285201960169,0.000125,2.5115312735239663,4.563687960306804,1.8453892562538385,62.1876203417778,62.164200127124786,0.026983188465237617,0.63074791431427,0.630935549736023,0.014434665441513062,15.081875038660687,0.4033793969979768,1.418133803761297,0.18901963531970978,2.368753671646118,3.8140769004821777,170.20388793945312,171.7931365966797,2.767396926879883,5.785270690917969,369,69,1.0,0.30870223086395077,0.9993038013908692,0.06670554061870615,369,369,0,0.01,1.7864910364151,4.964170932769775,5.229741096496582,2.9273816604129315,0.027307594195008278,8.35898208618164,1.6786377429962158,7.736148357391357,0.9254892853735356,0.4576214551925659
gpu_seed1103_ckpt300_optimizer_reset,1103,300,optimizer_reset,70,27.929214477539062,0.16407493970116854,2.2534788449605307,104.76677365696997,0.000125,2.5092264811197915,4.762705326080322,1.8742821887135506,62.79094099998474,62.767669320106506,0.02889293245971203,0.6033206582069397,0.60346919298172,0.018801633268594742,14.901285753931168,0.40416915132140746,1.4233174461866027,0.18093843758106232,2.1541569232940674,3.74289608001709,170.20362854003906,171.80206298828125,2.9110281467437744,4.244117736816406,370,70,1.0,0.3093935286330868,0.9993734212517822,0.06763883507808743,370,370,0,0.01,2.039836883544922,4.776889801025391,5.090466022491455,2.4955260214936965,0.05473928898572922,8.351086616516113,1.67886483669281,7.727085590362549,0.9252790618983174,0.45831215381622314
gpu_seed1103_ckpt300_optimizer_reset,1103,300,optimizer_reset,71,28.02654457092285,0.16464672195504815,1.8697901566823325,67.56862793139607,0.000125,2.5107739766438804,4.380564133326213,1.9030534569174051,63.409949481487274,63.3869469165802,0.02877126820385456,0.619008481502533,0.6192775964736938,0.013884108513593674,14.727145193443985,0.405036967731399,1.4277497911836932,0.18488216400146484,2.267463445663452,3.8219687938690186,170.2034149169922,171.81118774414062,2.7642948627471924,4.280933856964111,371,71,1.0,0.31008413510445365,0.9994360791266039,0.06857119624300934,371,371,0,0.01,2.1496219635009766,4.897719860076904,5.297789573669434,2.4645215129076634,0.025738216936588287,8.343433380126953,1.6824363470077515,7.714766502380371,0.9246512977205625,0.4604111611843109
gpu_seed1103_ckpt300_optimizer_reset,1103,300,optimizer_reset,72,28.127103805541992,0.16523747435052996,2.0457785129547115,83.37527152584164,0.000125,2.5160075028737388,4.56178601582845,1.9313777722418308,64.03901815414429,64.01617795228958,0.028324315324425697,0.6290686726570129,0.6292310357093811,0.016779044643044472,14.563232636191689,0.4063578550950162,1.432425085246268,0.17507947981357574,2.748548984527588,4.017212867736816,170.20314025878906,171.8208770751953,2.9585423469543457,4.828600883483887,372,72,1.0,0.3107740509693492,0.9994924712139436,0.06950262504676641,372,372,0,0.01,2.0733134746551514,4.609396457672119,5.05461311340332,2.4379396435657674,-0.0002069897745968774,8.335464477539062,1.6835821866989136,7.705521583557129,0.9244261797671484,0.46101871132850647
gpu_seed1103_ckpt300_optimizer_reset,1103,300,optimizer_reset,73,28.226680755615234,0.16582245614770985,2.5649379889170327,150.4261427516009,0.000125,2.5285778840382895,5.093515872955322,1.9583018068224192,64.65237361192703,64.62949240207672,0.02692403458058834,0.6133554577827454,0.6133144497871399,0.02347147837281227,14.413856259164675,0.4076448131634896,1.4339240524890855,0.16527943313121796,3.299687385559082,4.258086204528809,170.20291137695312,171.8307647705078,2.3597395420074463,4.344723701477051,373,73,1.0,0.31146327691837983,0.9995432240925493,0.07043312242171962,373,373,0,0.01,1.9595593214035034,4.237593650817871,4.610733509063721,2.352944082223039,0.03240735083818436,8.327308654785156,1.6871755123138428,7.694422245025635,0.9239986848095552,0.46216467022895813
gpu_seed1103_ckpt300_optimizer_reset,1103,300,optimizer_reset,74,28.32388687133789,0.16639351007364844,2.2822032769521075,111.4779917957227,0.000125,2.5392749309539795,4.821478207906087,1.9837028682231903,65.25952231884003,65.23665118217468,0.02540106140077114,0.6071487069129944,0.6071587800979614,0.02052217163145542,14.278291030900922,0.40862206390401073,1.4392292936228945,0.16344156861305237,2.768671751022339,4.272171497344971,170.20269775390625,171.83990478515625,2.5148069858551025,5.600687026977539,374,74,1.0,0.3121518136414615,0.9995889016832943,0.0713626892992979,374,374,0,0.01,1.7535673379898071,4.002546310424805,4.314050197601318,2.4601565643576864,0.03450385481119156,8.319371223449707,1.6882039308547974,7.684161186218262,0.923646869436249,0.463361918926239
gpu_seed1103_ckpt300_optimizer_reset,1103,300,optimizer_reset,75,28.419694900512695,0.16695635070142142,1.9283569653828936,74.72138418555173,0.000125,2.542515754699707,4.470872720082601,2.0101057682186365,65.87187367677689,65.8489488363266,0.026402899995446205,0.6123513579368591,0.6122976541519165,0.023594556376338005,14.138407714577228,0.40952288974202566,1.4481563011976728,0.17339394986629486,2.8181519508361816,4.266688823699951,170.20242309570312,171.848388671875,2.8022258281707764,5.705582618713379,375,75,1.0,0.3128396618278201,0.9996300115149649,0.0722913266099986,375,375,1,0.01,1.6988070011138916,4.313940525054932,4.488460540771484,2.642125054715339,0.09208831191062927,8.311341285705566,1.6968958377838135,7.669558525085449,0.922782287652557,0.46569088101387024
gpu_seed1103_ckpt300_optimizer_reset,1103,300,optimizer_reset,76,28.515512466430664,0.16751924735442061,1.8514351844787602,68.47281006804077,0.000125,2.545803705851237,4.397238890329997,2.0360580515116453,66.46555316448212,66.44252073764801,0.025952283293008804,0.5936794877052307,0.5935719013214111,0.02600260265171528,14.005255127792491,0.4103153213086497,1.4588539500561468,0.16413375735282898,2.686087131500244,4.212196350097656,170.20217895507812,171.8571014404297,2.879398822784424,4.745534420013428,376,76,1.0,0.31352682216599226,0.9996670103634684,0.07321903528338858,376,376,0,0.01,1.6480822563171387,4.478114128112793,4.611509799957275,2.7981065764639172,0.1018698513507843,8.30324649810791,1.6977418661117554,7.659728527069092,0.9224980287907408,0.46658870577812195
gpu_seed1103_ckpt300_optimizer_reset,1103,300,optimizer_reset,77,28.61067008972168,0.16807826706176454,2.0437855720520024,85.77892590301227,0.000125,2.5467182795206704,4.590503851572673,2.0620797984302044,67.06376987695694,67.04061144590378,0.026021746918559074,0.598216712474823,0.5980907082557678,0.026589948683977127,13.874666786168117,0.4111617652561874,1.469101878844868,0.1718742698431015,2.867400884628296,4.298281192779541,170.20191955566406,171.8660888671875,2.76542329788208,4.703250885009766,377,77,1.0,0.31421329534382625,0.9997003093271215,0.07414581624810523,377,377,0,0.01,1.6554036140441895,4.327234745025635,4.504855155944824,2.721303202266568,0.08177796006202698,8.295204162597656,1.6993799209594727,7.648891448974609,0.9220859787227256,0.4679379165172577
gpu_seed1103_ckpt300_optimizer_reset,1103,300,optimizer_reset,78,28.70362091064453,0.16862432253175838,1.825239896774292,66.37298100588345,0.000125,2.5458080768585205,4.3710479736328125,2.089232601225376,67.66455960273743,67.6413305401802,0.027152802795171738,0.6007897257804871,0.6007190942764282,0.025198830291628838,13.73883448582774,0.41186672015120696,1.4789620852207361,0.17947882413864136,2.927105188369751,4.357232093811035,170.20166015625,171.87452697753906,2.7802813053131104,5.3803300857543945,378,78,1.0,0.3148990820484824,0.9997302783944094,0.07507167043185714,378,378,0,0.01,1.810166835784912,4.196305274963379,4.431923866271973,2.4483510462436375,0.08186717331409454,8.287898063659668,1.7049099206924438,7.635412216186523,0.9212724574479203,0.47050023078918457
gpu_seed1103_ckpt300_optimizer_reset,1103,300,optimizer_reset,79,28.798673629760742,0.16918272596161377,1.7683382034301762,61.702211361478966,0.000125,2.5410539309183755,4.309392134348552,2.1163368243724108,68.27145862579346,68.2481495141983,0.027104223147034645,0.6068990230560303,0.6068189740180969,0.025282546877861023,13.607793097059226,0.412761661686851,1.4865026173713165,0.17925673723220825,2.7794382572174072,4.461119174957275,170.20143127441406,171.88339233398438,2.4329993724823,3.4075052738189697,379,79,1.0,0.31558418296643387,0.9997572505549684,0.07599659876142528,379,379,0,0.01,1.7865467071533203,4.21229887008667,4.435537338256836,2.482743563599257,0.08379681408405304,8.279937744140625,1.7040923833847046,7.627185821533203,0.9211646339889127,0.47085538506507874
gpu_seed1103_ckpt300_optimizer_reset,1103,300,optimizer_reset,80,28.893720626831055,0.1697410957763334,1.8264925479888912,65.64311467468552,0.000125,2.533257563908895,4.359750111897786,2.1418743561953306,68.8786426782608,68.85520678758621,0.025537531822919846,0.6071840524673462,0.6070572733879089,0.025994662195444107,13.489923226935804,0.4136474072318177,1.4871607639812927,0.18576571345329285,2.5291800498962402,4.467342853546143,170.20114135742188,171.8924102783203,2.7610340118408203,5.015200138092041,380,80,1.0,0.31626859878346747,0.9997815254994716,0.07692060216266383,380,380,0,0.01,1.609578251838684,4.234443664550781,4.430237770080566,2.752421489925687,0.06560217589139938,8.271899223327637,1.7035601139068604,7.61841344833374,0.9209993065254086,0.47142091393470764
gpu_seed1103_ckpt300_optimizer_reset,1103,300,optimizer_reset,81,28.98967933654785,0.17030482160268082,1.7358779112497964,58.30040659967911,0.000125,2.523613770802816,4.259491682052612,2.1683185379952192,69.47520691156387,69.45170885324478,0.02644418179988861,0.5965642333030701,0.5965020656585693,0.024514641612768173,13.3696589447313,0.4144953719951621,1.488548185627806,0.17604480683803558,2.5282235145568848,4.486739635467529,170.2008819580078,171.901611328125,2.7196404933929443,5.027534008026123,381,81,1.0,0.31695233018468405,0.9998033729495245,0.07784368156050114,381,381,0,0.01,1.8021293878555298,4.000015735626221,4.3070573806762695,2.3899823229669015,0.04834901914000511,8.264148712158203,1.7033058404922485,7.609832763671875,0.9208247611124639,0.4719914495944977
gpu_seed1103_ckpt300_optimizer_reset,1103,300,optimizer_reset,82,29.085834503173828,0.17086970154868864,1.87722118695577,68.57784894387112,0.000125,2.5168203512827554,4.394041538238525,2.194270620122552,70.07139503955841,70.04787087440491,0.025952082127332687,0.5961881279945374,0.5961620211601257,0.022769764065742493,13.25535430152918,0.41547621467269763,1.49776499543517,0.17648182809352875,2.448302984237671,4.554034233093262,170.20062255859375,171.91094970703125,2.539719581604004,4.346109390258789,382,82,1.0,0.31763537785449936,0.999823035654572,0.07876583787894065,382,382,0,0.01,1.823470950126648,4.194238662719727,4.454123020172119,2.442661902488942,0.07044079899787903,8.25615119934082,1.7051790952682495,7.599381923675537,0.920450914741164,0.4731092154979706
gpu_seed1103_ckpt300_optimizer_reset,1103,300,optimizer_reset,83,29.179197311401367,0.1714181773084557,1.7623291810353594,59.82401386282423,0.000125,2.5173909664154053,4.279720147450765,2.2210507057607174,70.6391658782959,70.61555790901184,0.026780085638165474,0.5677708387374878,0.5676870346069336,0.02671225182712078,13.137564683105357,0.4163176097590451,1.5090384872800102,0.17177119851112366,2.387538194656372,4.467069149017334,170.20037841796875,171.91964721679688,3.1799590587615967,5.536662578582764,383,83,1.0,0.3183177424766448,0.9998407320891148,0.07968707204106174,383,383,0,0.01,1.7835603952407837,3.8165764808654785,4.108734607696533,2.3036700179359744,0.0635840967297554,8.248255729675293,1.7058775424957275,7.589422225952148,0.920124505675335,0.4741975665092468
gpu_seed1103_ckpt300_optimizer_reset,1103,300,optimizer_reset,84,29.270627975463867,0.17195530235738812,1.4757591088612876,41.961098350904436,0.000125,2.5205387274424234,3.996297836303711,2.246987473219633,71.19069230556488,71.16696602106094,0.02593676745891571,0.5515264272689819,0.5514081120491028,0.02807391621172428,13.026609326624298,0.4172967564963645,1.5178257967105904,0.1634225994348526,2.0963797569274902,4.376120090484619,170.2001190185547,171.9282684326172,2.699735164642334,4.673596382141113,384,84,1.0,0.3189994247341682,0.9998566588802034,0.08060738496902065,384,384,0,0.01,1.6110633611679077,3.973158121109009,4.117717266082764,2.555900261486396,0.11138183623552322,8.240729331970215,1.710868000984192,7.579761505126953,0.9197925571611808,0.47464719414711
gpu_seed1103_ckpt300_optimizer_reset,1103,300,optimizer_reset,85,29.359249114990234,0.17247592237467257,1.5978262424468999,49.12323856326573,0.000125,2.522573630015055,4.120399872461955,2.2737071122974157,71.74693781137466,71.72308307886124,0.02671963907778263,0.5562455058097839,0.556117057800293,0.02882370725274086,12.91250265092936,0.4182364105517251,1.5263741599943053,0.1570788323879242,2.1032016277313232,4.344689846038818,170.1998748779297,171.936767578125,2.6180155277252197,4.102670192718506,385,85,1.0,0.3196804253094341,0.999870992992183,0.08152677758405169,385,385,0,0.01,1.7429081201553345,4.085540294647217,4.202664375305176,2.4112942769055477,0.14513829350471497,8.233219146728516,1.7127633094787598,7.5703606605529785,0.9194897555423573,0.475447416305542
gpu_seed1103_ckpt300_optimizer_reset,1103,300,optimizer_reset,86,29.447412490844727,0.1729938531810979,1.7770204544067378,61.23501735511059,0.000125,2.52299435933431,4.300014813741048,2.300114668905735,72.30367749929428,72.27979600429535,0.026407556608319283,0.5567396879196167,0.5567129254341125,0.02472882717847824,12.80258453585766,0.41927647009327984,1.5331809586824166,0.17758560180664062,1.9880032539367676,4.271854877471924,170.19960021972656,171.94529724121094,2.8047494888305664,4.53120756149292,386,86,1.0,0.3203607448841246,0.9998838936929647,0.08244525080646758,386,386,0,0.01,1.834894061088562,4.388998508453369,4.618132591247559,2.5168388133020096,0.08089786022901535,8.225577354431152,1.720664143562317,7.554086208343506,0.9183654694187722,0.4789144694805145
gpu_seed1103_ckpt300_optimizer_reset,1103,300,optimizer_reset,87,29.532777786254883,0.1734953461861467,1.6711920897165933,53.82284490834523,0.000125,2.522788921991984,4.193981011708577,2.325771100819111,72.83782750368118,72.81409192085266,0.025656431913375854,0.5341500043869019,0.534295916557312,0.01832827925682068,12.69805862487545,0.4201390321913628,1.5443986138283499,0.16741687059402466,1.9355530738830566,4.211870193481445,170.19937133789062,171.95338439941406,2.669020891189575,4.684841632843018,387,87,1.0,0.3210403841392405,0.9998955043236682,0.08336280555566111,387,387,0,0.01,1.685772180557251,3.929586172103882,4.296677112579346,2.5487887166084815,-0.013432320207357407,8.217713356018066,1.7261537313461304,7.540750026702881,0.9176214477205702,0.48105281591415405
gpu_seed1103_ckpt300_optimizer_reset,1103,300,optimizer_reset,88,29.615768432617188,0.17398288890986371,1.7431770960489907,58.67434425523534,0.000125,2.521153291066488,4.2643303871154785,2.353818902745843,73.37713474035263,73.35358196496964,0.028047801926732063,0.5393072366714478,0.5394900441169739,0.01948540098965168,12.582008071248126,0.42082036637858555,1.5542729766571708,0.16507457196712494,1.9484598636627197,4.166273593902588,170.19912719726562,171.96119689941406,2.6366384029388428,4.587743282318115,388,88,1.0,0.32171934375510125,0.9999059538913014,0.08427944275010546,388,388,0,0.01,2.1053905487060547,3.94592022895813,4.384887218475342,2.0826954035526346,0.04668682813644409,8.210485458374023,1.7272300720214844,7.531867980957031,0.9173474600426001,0.4818407893180847
gpu_seed1103_ckpt300_optimizer_reset,1103,300,optimizer_reset,89,29.69741439819336,0.174462532076682,1.677867492039998,54.2946792689684,0.000125,2.5233023166656494,4.2011698087056475,2.3826739955693483,73.89608240127563,73.87258845567703,0.0288550928235054,0.5189476609230042,0.5190064907073975,0.025760849937796593,12.463901672408438,0.4215977402825175,1.561733431968441,0.1600368171930313,2.0572986602783203,4.179703712463379,170.19891357421875,171.96897888183594,2.660409927368164,4.716901779174805,389,89,1.0,0.3223976244113461,0.9999153585021713,0.08519516330735533,389,389,0,0.01,2.1015114784240723,3.7654857635498047,4.05772066116333,1.9308581955518473,0.1345936506986618,8.202710151672363,1.7329661846160889,7.519183158874512,0.9166705905536098,0.48362618684768677
gpu_seed1103_ckpt300_optimizer_reset,1103,300,optimizer_reset,90,29.776887893676758,0.17492941269696463,1.9406754970550533,74.4616083855513,0.000125,2.5246339639027915,4.465309460957845,2.411903288215399,74.3894904255867,74.3661241531372,0.029229292646050453,0.4934080243110657,0.49353569746017456,0.02525097131729126,12.34580509059165,0.42221682217914513,1.5694211175235588,0.15241581201553345,2.3765311241149902,4.181346416473389,170.1986846923828,171.97640991210938,2.79254150390625,4.562369346618652,390,90,1.0,0.3230752267869348,0.9999238226519541,0.08610996814404803,390,390,0,0.01,2.0297906398773193,3.6843717098236084,3.980149269104004,1.9608668947959103,0.12389198690652847,8.195225715637207,1.7339359521865845,7.509834289550781,0.9163669861124685,0.4845408797264099
gpu_seed1103_ckpt300_optimizer_reset,1103,300,optimizer_reset,91,29.853622436523438,0.17538020287227338,1.4556248188018799,40.95792147126494,0.000125,2.5225208600362143,3.9781456788380942,2.44143701530993,74.92058515548706,74.89769560098648,0.02953372709453106,0.5310947299003601,0.5315714478492737,0.011657086201012135,12.227889660598686,0.42294144301379055,1.5824497532034558,0.16168174147605896,2.2854485511779785,4.210968017578125,170.1984405517578,171.9833221435547,2.848475933074951,5.168214797973633,391,91,1.0,0.3237521515601478,0.9999314403867587,0.08702385817590397,391,391,0,0.01,2.1787283420562744,4.137940406799316,4.742810249328613,2.1768708644282806,-0.034654200077056885,8.188959121704102,1.7430343627929688,7.4969329833984375,0.9154927838786707,0.4866739511489868
gpu_seed1103_ckpt300_optimizer_reset,1103,300,optimizer_reset,92,29.92914581298828,0.17582387784385067,1.502792119979858,43.457865750257675,0.000125,2.520681699117025,4.023473819096883,2.4706158228218555,75.45657283067703,75.43391698598862,0.029178807511925697,0.5359876751899719,0.5362213850021362,0.019207069650292397,12.11404279714848,0.42378252557594065,1.5952631807123276,0.1616699993610382,1.910537838935852,4.316015720367432,170.1981964111328,171.990234375,2.8039498329162598,4.190328121185303,392,92,1.0,0.3244283994085877,0.9999382963480828,0.08793683431772803,392,392,0,0.01,2.2245750427246094,4.267971038818359,4.652802467346191,2.091546645082133,0.07982287555932999,8.181809425354004,1.7451683282852173,7.487062454223633,0.9150863904287008,0.48784470558166504
gpu_seed1103_ckpt300_optimizer_reset,1103,300,optimizer_reset,93,30.003206253051758,0.17625895854572393,1.7732575734456382,60.854021594392464,0.000125,2.5212837060292563,4.2945412794748945,2.4995215348899364,75.95865672826767,75.9363107085228,0.028905712068080902,0.5020838975906372,0.5023937225341797,0.018063640221953392,12.003579818871579,0.42460455280133397,1.6077094439487216,0.15193676948547363,1.9654772281646729,4.400994300842285,170.19793701171875,171.99697875976562,2.691636562347412,3.9919254779815674,393,93,1.0,0.3251039710091791,0.9999444667132745,0.0888488974834103,393,393,0,0.01,2.2343244552612305,3.6680891513824463,4.2289299964904785,1.892710786264993,0.034361548721790314,8.174277305603027,1.7453300952911377,7.479018211364746,0.9149454969233018,0.4881703555583954
gpu_seed1103_ckpt300_optimizer_reset,1103,300,optimizer_reset,94,30.07512664794922,0.17668146718683073,1.72711451848348,57.699883001540194,0.000125,2.5239082177480063,4.251022736231486,2.5272963158786297,76.43965837359428,76.41770729422569,0.027774780988693237,0.4810016453266144,0.4813965857028961,0.014646793715655804,11.900118897408166,0.42525185261717885,1.6191543557983996,0.14602287113666534,1.8295044898986816,4.414036750793457,170.1977081298828,172.00355529785156,2.467101812362671,4.175224304199219,394,94,1.0,0.32577886703816994,0.9999500200419471,0.0897600485859269,394,394,0,0.01,2.1130237579345703,3.381620407104492,4.119156837463379,1.949413404365981,-0.07467880100011826,8.166784286499023,1.7479193210601807,7.469196796417236,0.9145823538848793,0.4890650510787964
gpu_seed1103_ckpt300_optimizer_reset,1103,300,optimizer_reset,95,30.144512176513672,0.177089084322805,1.8900907834370932,70.30966679200674,0.000125,2.5265830357869468,4.41667381922404,2.555225297808647,76.90350088477135,76.88188868761063,0.02792898193001747,0.463842511177063,0.46418139338493347,0.017967630177736282,11.797203245582184,0.4258064399205916,1.630173461243334,0.1414506584405899,2.170361042022705,4.31257438659668,170.19747924804688,172.0098419189453,2.7313146591186523,4.052656650543213,395,95,1.0,0.3264530881711317,0.9999550180377524,0.09067028853734094,395,395,0,0.01,2.0531129837036133,3.2828481197357178,3.9945316314697266,1.9455975697265524,-0.07150658965110779,8.158926010131836,1.7478686571121216,7.460643768310547,0.9144149314560434,0.4895229637622833
gpu_seed1103_ckpt300_optimizer_reset,1103,300,optimizer_reset,96,30.210786819458008,0.1774784260299824,1.7482184569040933,59.68116963413894,0.000125,2.5320600668589273,4.2802785237630205,2.582220070064068,77.36102652549744,77.33984753489494,0.026994772255420685,0.4575256407260895,0.457958847284317,0.01344474870711565,11.699539930652287,0.42639423555411693,1.639705251765548,0.13818728923797607,1.909245252609253,4.155720233917236,170.19725036621094,172.0155029296875,2.7212069034576416,4.656300067901611,396,96,1.0,0.3271266350829606,0.9999595162339772,0.09157961824880367,396,396,0,0.01,1.884353518486023,3.135878801345825,3.690406322479248,1.958446908328716,-0.01984848454594612,8.151182174682617,1.7512139081954956,7.449338912963867,0.9138967518233646,0.4909419119358063
gpu_seed1103_ckpt300_optimizer_reset,1103,300,optimizer_reset,97,30.276084899902344,0.17786203075399362,1.8128331502278643,64.94706164369384,0.000125,2.5388989448547363,4.351732095082601,2.6091062128543854,77.8434584736824,77.82246798276901,0.026886142790317535,0.48243194818496704,0.4826204478740692,0.020853206515312195,11.604006287949632,0.4270463652498874,1.6473034160411923,0.14159204065799713,1.766959547996521,4.063766956329346,170.19700622558594,172.02090454101562,2.6036808490753174,3.975067138671875,397,97,1.0,0.32779950844787764,0.9999635646105794,0.09248803863055488,397,397,0,0.01,1.7448097467422485,3.429762363433838,3.764472007751465,2.1575257788294624,0.05317087471485138,8.1434326171875,1.7515252828598022,7.440463542938232,0.913676565240253,0.49156612157821655
gpu_seed1103_ckpt300_optimizer_reset,1103,300,optimizer_reset,98,30.3399658203125,0.17823731012938676,1.5712155501047769,48.397188891329506,0.000125,2.5411580403645835,4.11237359046936,2.6350047029554844,78.34366023540497,78.32284039258957,0.025898490101099014,0.5002017617225647,0.5003724098205566,0.019298871979117393,11.514197977055202,0.42781936741955534,1.6578858183143612,0.14268063008785248,1.683664083480835,4.008567810058594,170.19677734375,172.0257110595703,2.75989031791687,4.789251327514648,398,98,1.0,0.3284717089394298,0.9999672081495214,0.09339555059192428,398,398,0,0.01,1.577011227607727,3.695037603378296,3.985823392868042,2.527454036526978,0.0217499528080225,8.135750770568848,1.754933476448059,7.429827690124512,0.9132319683391812,0.4926522970199585
gpu_seed1103_ckpt300_optimizer_reset,1103,300,optimizer_reset,99,30.4029541015625,0.17860734554360455,1.5528879165649419,47.449880460135454,0.000125,2.544581333796183,4.097469250361125,2.661977458745241,78.82846131920815,78.80757004022598,0.026972755789756775,0.4848010838031769,0.4847296476364136,0.030466236174106598,11.421191416054258,0.42827538551978855,1.6644326494595016,0.14550773799419403,1.751615285873413,3.8170299530029297,170.1965789794922,172.03060913085938,2.721613883972168,4.487245082855225,399,99,1.0,0.3291432372304903,0.9999704873345694,0.09430215504133233,399,399,0,0.01,1.681982398033142,3.297553300857544,3.619849681854248,2.1521329153533566,0.05405378341674805,8.127870559692383,1.7553824186325073,7.42103385925293,0.913035438341538,0.49314451217651367
gpu_seed1103_ckpt300_optimizer_reset,1103,300,optimizer_reset,100,30.4656925201416,0.1789759130968951,1.6617709000905352,53.96015199589978,6.25e-05,2.536952257156372,4.198723157246907,2.688069399446249,79.31369227170944,79.29265460371971,0.026091940701007843,0.485230952501297,0.48508456349372864,0.032496023923158646,11.333670375625829,0.428712272319965,1.6692888748935604,0.14302389323711395,2.2478621006011963,3.7313406467437744,170.19638061523438,172.0357208251953,2.449199914932251,3.6835901737213135,400,100,1.0,0.3298140939932599,0.9999734386011124,0.09520785288629108,400,400,1,0.01,1.6217669248580933,3.8010871410369873,4.076168060302734,2.51341175961946,0.03757358714938164,8.120429992675781,1.7611253261566162,7.4096455574035645,0.9124696061767392,0.4943714141845703
