row_id,experiment,dataset,model,model_config,n_params,training_seed,checkpoint_step,training_steps,horizon,rewrite_family,checkpoint_file,scenario_checkpoint_file,torch_save_file_exists,torch_load_executed,checkpoint_load_success,training_resume_success,same_future_minibatches,same_rng_stream,theta_checkpoint_norm,tau_formula,tau_numeric,tau_provenance,parameter_label,T_tau,max_parameter_divergence,final_parameter_divergence,normalized_max_parameter_divergence,divergence_curve,validation_loss_base,validation_loss_rewrite,validation_loss_gap,perplexity_base,perplexity_rewrite,perplexity_gap,task_recovery_epsilon_loss,task_recovery_step,task_damaged,task_unrecovered_by_window,final_validation_loss_gap,max_validation_loss_gap,final_perplexity_gap,max_perplexity_gap,full_h_replay_decision,full_h_replay_runtime_seconds,budgeted_lopt_decision,budgeted_lopt_projected,budgeted_lopt_growth,full_lopt_decision,full_lopt_projected,full_lopt_growth,T_tau_x0.25,parameter_label_x0.25,rollout_k1_decision_x0.25,rollout_k2_decision_x0.25,rollout_k5_decision_x0.25,rollout_k10_decision_x0.25,rollout_k20_decision_x0.25,T_tau_x0.5,parameter_label_x0.5,rollout_k1_decision_x0.5,rollout_k2_decision_x0.5,rollout_k5_decision_x0.5,rollout_k10_decision_x0.5,rollout_k20_decision_x0.5,T_tau_x0.75,parameter_label_x0.75,rollout_k1_decision_x0.75,rollout_k2_decision_x0.75,rollout_k5_decision_x0.75,rollout_k10_decision_x0.75,rollout_k20_decision_x0.75,T_tau_x1.0,parameter_label_x1.0,rollout_k1_decision_x1.0,rollout_k2_decision_x1.0,rollout_k5_decision_x1.0,rollout_k10_decision_x1.0,rollout_k20_decision_x1.0,T_tau_x1.5,parameter_label_x1.5,rollout_k1_decision_x1.5,rollout_k2_decision_x1.5,rollout_k5_decision_x1.5,rollout_k10_decision_x1.5,rollout_k20_decision_x1.5,T_tau_x2.0,parameter_label_x2.0,rollout_k1_decision_x2.0,rollout_k2_decision_x2.0,rollout_k5_decision_x2.0,rollout_k10_decision_x2.0,rollout_k20_decision_x2.0
gpu_seed1101_ckpt75_exact_restore,opt2026_10m_gpu_final,"WikiText-2 cached char-level, first 500000 chars",GPTMini,candidate_B_19p48m,19484864,1101,75,300,20,exact_restore,results\opt2026_10m_gpu_final\gpu_scale\checkpoints\seed_1101\checkpoint_step_75.pt,,True,True,True,True,True,True,169.74110412597656,tau = 0.10 * (||theta_checkpoint||_2 + 1e-12),16.974110412597756,Inherited fixed threshold from final task-validity campaign; not tuned on GPU rows.,benign,,0.0,0.0,0.0,"[0.0, 0.0, 0.0, 0.0, 0.0, 0.0, 0.0, 0.0, 0.0, 0.0, 0.0, 0.0, 0.0, 0.0, 0.0, 0.0, 0.0, 0.0, 0.0, 0.0, 0.0]","[7.566010475158691, 7.721720059712728, 8.619297663370768, 8.788557052612305, 9.018457094828287, 8.657916069030762, 8.583048184712728, 8.571062088012695, 7.355719884236653, 7.190003712972005, 6.73471736907959, 6.83251158396403, 6.305326461791992, 5.879145622253418, 5.67840560277303, 5.738923867543538, 6.0148013432820635, 6.332261244455974, 5.939255396525065, 5.654595851898193]","[7.566010475158691, 7.721720059712728, 8.619297663370768, 8.788557052612305, 9.018457094828287, 8.657916069030762, 8.583048184712728, 8.571062088012695, 7.355719884236653, 7.190003712972005, 6.73471736907959, 6.83251158396403, 6.305326461791992, 5.879145622253418, 5.67840560277303, 5.738923867543538, 6.0148013432820635, 6.332261244455974, 5.939255396525065, 5.654595851898193]","[0.0, 0.0, 0.0, 0.0, 0.0, 0.0, 0.0, 0.0, 0.0, 0.0, 0.0, 0.0, 0.0, 0.0, 0.0, 0.0, 0.0, 0.0, 0.0, 0.0]","[1931.4194447104937, 2256.838140298572, 5537.495841435284, 6558.7613965685605, 8254.032062855358, 5755.528033241945, 5340.359141806829, 5276.731168009218, 1565.1232975323594, 1326.1081294004334, 841.1057280040329, 927.5174274086886, 547.4802904102554, 357.5036680114867, 292.4827243197669, 310.7298445238849, 409.44449193789245, 562.4269418321383, 379.65213396770696, 285.6010342830702]","[1931.4194447104937, 2256.838140298572, 5537.495841435284, 6558.7613965685605, 8254.032062855358, 5755.528033241945, 5340.359141806829, 5276.731168009218, 1565.1232975323594, 1326.1081294004334, 841.1057280040329, 927.5174274086886, 547.4802904102554, 357.5036680114867, 292.4827243197669, 310.7298445238849, 409.44449193789245, 562.4269418321383, 379.65213396770696, 285.6010342830702]","[0.0, 0.0, 0.0, 0.0, 0.0, 0.0, 0.0, 0.0, 0.0, 0.0, 0.0, 0.0, 0.0, 0.0, 0.0, 0.0, 0.0, 0.0, 0.0, 0.0]",0.05,0,False,False,0.0,0.0,0.0,0.0,PASS,12.545079599998644,PASS,0.0,0.0,PASS,0.0,0.0,,benign,PASS,PASS,PASS,PASS,PASS,,benign,PASS,PASS,PASS,PASS,PASS,,benign,PASS,PASS,PASS,PASS,PASS,,benign,PASS,PASS,PASS,PASS,PASS,,benign,PASS,PASS,PASS,PASS,PASS,,benign,PASS,PASS,PASS,PASS,PASS
gpu_seed1101_ckpt75_benign_nonzero,opt2026_10m_gpu_final,"WikiText-2 cached char-level, first 500000 chars",GPTMini,candidate_B_19p48m,19484864,1101,75,300,20,benign_nonzero,results\opt2026_10m_gpu_final\gpu_scale\checkpoints\seed_1101\checkpoint_step_75.pt,,True,True,True,True,True,True,169.74110412597656,tau = 0.10 * (||theta_checkpoint||_2 + 1e-12),16.974110412597756,Inherited fixed threshold from final task-validity campaign; not tuned on GPU rows.,benign,,0.016340618953108788,0.016340618953108788,9.626789596573611e-05,"[7.450580596923828e-09, 0.00046601673238910735, 0.001259002136066556, 0.0021135988645255566, 0.0030712473671883345, 0.004067704081535339, 0.005012971349060535, 0.005969008430838585, 0.006847601383924484, 0.007758766412734985, 0.008614880032837391, 0.009488310664892197, 0.010328488424420357, 0.011194205842912197, 0.011935686692595482, 0.012632827274501324, 0.01339694857597351, 0.014235785230994225, 0.01502093393355608, 0.015701884403824806, 0.016340618953108788]","[7.566010475158691, 7.721720059712728, 8.619297663370768, 8.788557052612305, 9.018457094828287, 8.657916069030762, 8.583048184712728, 8.571062088012695, 7.355719884236653, 7.190003712972005, 6.73471736907959, 6.83251158396403, 6.305326461791992, 5.879145622253418, 5.67840560277303, 5.738923867543538, 6.0148013432820635, 6.332261244455974, 5.939255396525065, 5.654595851898193]","[7.566010475158691, 7.721719900767009, 8.61929734547933, 8.788556416829428, 9.01845645904541, 8.657915433247885, 8.583048184712728, 8.571061293284098, 7.355718771616618, 7.190002918243408, 6.7347181638081866, 6.832510789235433, 6.305327574412028, 5.879145463307698, 5.678406874338786, 5.738923708597819, 6.014801661173503, 6.33226219813029, 5.939236005147298, 5.654580275217692]","[0.0, 1.5894571880892272e-07, 3.1789143761784544e-07, 6.357828770120477e-07, 6.357828770120477e-07, 6.357828770120477e-07, 0.0, 7.947285975973273e-07, 1.1126200352151727e-06, 7.947285967091489e-07, 7.947285967091489e-07, 7.947285975973273e-07, 1.1126200361033511e-06, 1.5894571969710114e-07, 1.2715657558004523e-06, 1.5894571880892272e-07, 3.178914393942023e-07, 9.5367431640625e-07, 1.9391377767519202e-05, 1.5576680501006024e-05]","[1931.4194447104937, 2256.838140298572, 5537.495841435284, 6558.7613965685605, 8254.032062855358, 5755.528033241945, 5340.359141806829, 5276.731168009218, 1565.1232975323594, 1326.1081294004334, 841.1057280040329, 927.5174274086886, 547.4802904102554, 357.5036680114867, 292.4827243197669, 310.7298445238849, 409.44449193789245, 562.4269418321383, 379.65213396770696, 285.6010342830702]","[1931.4194447104937, 2256.8377815838403, 5537.49408111305, 6558.757226621696, 8254.026815084773, 5755.524373976937, 5340.359141806829, 5276.726974441723, 1565.1215561457898, 1326.1070755047995, 841.1063964550735, 927.5166902843572, 547.4808995481347, 357.5036111878134, 292.4830962310197, 310.7297951347103, 409.444622096812, 562.4274782045233, 379.6447720611359, 285.59658560165633]","[0.0, 0.0003587147316466144, 0.0017603222340767388, 0.004169946864749363, 0.0052477705849014455, 0.0036592650085367495, 0.0, 0.004193567495349271, 0.0017413865696198627, 0.0010538956339587457, 0.0006684510406103072, 0.0007371243314082676, 0.0006091378793371405, 5.6823673276085174e-05, 0.00037191125284152804, 4.938917459185177e-05, 0.00013015891954637482, 0.0005363723849995949, 0.00736190657107727, 0.004448681413862232]",0.05,0,False,False,1.5576680501006024e-05,1.9391377767519202e-05,0.004448681413862232,0.00736190657107727,PASS,8.201669399999446,FLAG,1.414339321544965e+44,411.0722640242224,FLAG,661952845950796.6,14.042093058653457,,benign,PASS,PASS,PASS,PASS,PASS,,benign,PASS,PASS,PASS,PASS,PASS,,benign,PASS,PASS,PASS,PASS,PASS,,benign,PASS,PASS,PASS,PASS,PASS,,benign,PASS,PASS,PASS,PASS,PASS,,benign,PASS,PASS,PASS,PASS,PASS
gpu_seed1101_ckpt75_reset_m,opt2026_10m_gpu_final,"WikiText-2 cached char-level, first 500000 chars",GPTMini,candidate_B_19p48m,19484864,1101,75,300,20,reset_m,results\opt2026_10m_gpu_final\gpu_scale\checkpoints\seed_1101\checkpoint_step_75.pt,,True,True,True,True,True,True,169.74110412597656,tau = 0.10 * (||theta_checkpoint||_2 + 1e-12),16.974110412597756,Inherited fixed threshold from final task-validity campaign; not tuned on GPU rows.,benign,,6.408416748046875,6.408416748046875,0.03775406541064273,"[0.0, 0.42717233300209045, 0.8072988986968994, 1.1795835494995117, 1.528049349784851, 1.8419808149337769, 2.174673557281494, 2.519925117492676, 2.8751230239868164, 3.193916082382202, 3.5162196159362793, 3.832169771194458, 4.1586689949035645, 4.4595489501953125, 4.755804061889648, 5.0467448234558105, 5.333995819091797, 5.621667861938477, 5.898896217346191, 6.159221649169922, 6.408416748046875]","[7.566010475158691, 7.721720059712728, 8.619297663370768, 8.788557052612305, 9.018457094828287, 8.657916069030762, 8.583048184712728, 8.571062088012695, 7.355719884236653, 7.190003712972005, 6.73471736907959, 6.83251158396403, 6.305326461791992, 5.879145622253418, 5.67840560277303, 5.738923867543538, 6.0148013432820635, 6.332261244455974, 5.939255396525065, 5.654595851898193]","[6.629001299540202, 6.493771870930989, 6.529947916666667, 7.027811050415039, 7.092718283335368, 6.257312615712483, 5.716375986735026, 5.728708426157634, 5.388866901397705, 5.870232264200847, 5.932658672332764, 6.336349646250407, 5.5755330721537275, 5.731647332509358, 5.327089150746663, 5.588908513387044, 5.398858865102132, 5.633561929066976, 5.232911427815755, 5.381637891133626]","[0.9370091756184893, 1.2279481887817383, 2.0893497467041007, 1.7607460021972656, 1.925738811492919, 2.4006034533182783, 2.866672197977702, 2.8423536618550616, 1.9668529828389483, 1.3197714487711583, 0.8020586967468262, 0.49616193771362305, 0.7297933896382647, 0.14749828974405954, 0.3513164520263672, 0.15001535415649414, 0.6159424781799316, 0.698699315388998, 0.7063439687093105, 0.27295796076456735]","[1931.4194447104937, 2256.838140298572, 5537.495841435284, 6558.7613965685605, 8254.032062855358, 5755.528033241945, 5340.359141806829, 5276.731168009218, 1565.1232975323594, 1326.1081294004334, 841.1057280040329, 927.5174274086886, 547.4802904102554, 357.5036680114867, 292.4827243197669, 310.7298445238849, 409.44449193789245, 562.4269418321383, 379.65213396770696, 285.6010342830702]","[756.7260504813231, 661.0119186508721, 685.3625145979087, 1127.5597354479262, 1203.1739271066976, 521.814737410656, 303.8019432852001, 307.571760087036, 218.95514717000768, 354.3312691800823, 377.1559160337921, 564.7310760541347, 263.8901906615845, 308.47701426342195, 205.83793806435767, 267.44354929339147, 221.15390571771002, 279.6564621707592, 187.337429719346, 217.37802554611943]","[1174.6933942291707, 1595.8262216476999, 4852.1333268373755, 5431.2016611206345, 7050.85813574866, 5233.7132958312895, 5036.557198521629, 4969.159407922182, 1346.1681503623518, 971.7768602203512, 463.94981197024083, 362.78635135455386, 283.5900997486709, 49.026653748064746, 86.6447862554092, 43.28629523049341, 188.29058622018243, 282.77047966137906, 192.31470424836095, 68.22300873695076]",0.05,,True,True,0.27295796076456735,2.866672197977702,68.22300873695076,7050.85813574866,PASS,6.683436299999812,PASS,0.0,0.0,PASS,0.0,0.0,13,dangerous,PASS,PASS,PASS,PASS,FLAG,,benign,PASS,PASS,PASS,PASS,PASS,,benign,PASS,PASS,PASS,PASS,PASS,,benign,PASS,PASS,PASS,PASS,PASS,,benign,PASS,PASS,PASS,PASS,PASS,,benign,PASS,PASS,PASS,PASS,PASS
gpu_seed1101_ckpt75_reset_v,opt2026_10m_gpu_final,"WikiText-2 cached char-level, first 500000 chars",GPTMini,candidate_B_19p48m,19484864,1101,75,300,20,reset_v,results\opt2026_10m_gpu_final\gpu_scale\checkpoints\seed_1101\checkpoint_step_75.pt,,True,True,True,True,True,True,169.74110412597656,tau = 0.10 * (||theta_checkpoint||_2 + 1e-12),16.974110412597756,Inherited fixed threshold from final task-validity campaign; not tuned on GPU rows.,dangerous,1,631372.0625,631372.0625,3719.617977926028,"[0.0, 93483.515625, 167142.5, 218753.859375, 266649.40625, 311004.84375, 351556.59375, 388088.5625, 421186.78125, 450885.125, 477719.96875, 501918.0, 523502.84375, 542810.4375, 560219.125, 575907.9375, 589416.0, 601589.625, 612565.1875, 622457.5625, 631372.0625]","[7.566010475158691, 7.721720059712728, 8.619297663370768, 8.788557052612305, 9.018457094828287, 8.657916069030762, 8.583048184712728, 8.571062088012695, 7.355719884236653, 7.190003712972005, 6.73471736907959, 6.83251158396403, 6.305326461791992, 5.879145622253418, 5.67840560277303, 5.738923867543538, 6.0148013432820635, 6.332261244455974, 5.939255396525065, 5.654595851898193]","[753890776405.3334, 905650110464.0, 892323168256.0, 873406682453.3334, 851932916394.6666, 828101558272.0, 804022801749.3334, 781139662165.3334, 762547404800.0, 792301884757.3334, 896894085802.6666, 816065456810.6666, 736867975168.0, 714374905856.0, 709890954581.3334, 707607680341.3334, 706352818858.6666, 705080961706.6666, 703799164928.0, 702180906325.3334]","[753890776397.7673, 905650110456.2783, 892323168247.3807, 873406682444.5448, 851932916385.6482, 828101558263.342, 804022801740.7504, 781139662156.7623, 762547404792.6443, 792301884750.1433, 896894085795.9319, 816065456803.8341, 736867975161.6947, 714374905850.1208, 709890954575.655, 707607680335.5945, 706352818852.6519, 705080961700.3344, 703799164922.0608, 702180906319.6788]","[1931.4194447104937, 2256.838140298572, 5537.495841435284, 6558.7613965685605, 8254.032062855358, 5755.528033241945, 5340.359141806829, 5276.731168009218, 1565.1232975323594, 1326.1081294004334, 841.1057280040329, 927.5174274086886, 547.4802904102554, 357.5036680114867, 292.4827243197669, 310.7298445238849, 409.44449193789245, 562.4269418321383, 379.65213396770696, 285.6010342830702]","[5.184705528587072e+21, 5.184705528587072e+21, 5.184705528587072e+21, 5.184705528587072e+21, 5.184705528587072e+21, 5.184705528587072e+21, 5.184705528587072e+21, 5.184705528587072e+21, 5.184705528587072e+21, 5.184705528587072e+21, 5.184705528587072e+21, 5.184705528587072e+21, 5.184705528587072e+21, 5.184705528587072e+21, 5.184705528587072e+21, 5.184705528587072e+21, 5.184705528587072e+21, 5.184705528587072e+21, 5.184705528587072e+21, 5.184705528587072e+21]","[5.184705528587072e+21, 5.184705528587072e+21, 5.184705528587072e+21, 5.184705528587072e+21, 5.184705528587072e+21, 5.184705528587072e+21, 5.184705528587072e+21, 5.184705528587072e+21, 5.184705528587072e+21, 5.184705528587072e+21, 5.184705528587072e+21, 5.184705528587072e+21, 5.184705528587072e+21, 5.184705528587072e+21, 5.184705528587072e+21, 5.184705528587072e+21, 5.184705528587072e+21, 5.184705528587072e+21, 5.184705528587072e+21, 5.184705528587072e+21]",0.05,,True,True,702180906319.6788,905650110456.2783,5.184705528587072e+21,5.184705528587072e+21,FLAG,6.607913400001053,PASS,0.0,0.0,PASS,0.0,0.0,1,dangerous,FLAG,FLAG,FLAG,FLAG,FLAG,1,dangerous,FLAG,FLAG,FLAG,FLAG,FLAG,1,dangerous,FLAG,FLAG,FLAG,FLAG,FLAG,1,dangerous,FLAG,FLAG,FLAG,FLAG,FLAG,1,dangerous,FLAG,FLAG,FLAG,FLAG,FLAG,1,dangerous,FLAG,FLAG,FLAG,FLAG,FLAG
gpu_seed1101_ckpt75_stale_m,opt2026_10m_gpu_final,"WikiText-2 cached char-level, first 500000 chars",GPTMini,candidate_B_19p48m,19484864,1101,75,300,20,stale_m,results\opt2026_10m_gpu_final\gpu_scale\checkpoints\seed_1101\checkpoint_step_75.pt,,True,True,True,True,True,True,169.74110412597656,tau = 0.10 * (||theta_checkpoint||_2 + 1e-12),16.974110412597756,Inherited fixed threshold from final task-validity campaign; not tuned on GPU rows.,benign,,8.316341400146484,8.316341400146484,0.04899426949629305,"[0.0, 0.715097963809967, 1.3566977977752686, 1.9584593772888184, 2.514712333679199, 3.0168235301971436, 3.504257917404175, 3.975895643234253, 4.434691429138184, 4.844845771789551, 5.2286882400512695, 5.598433017730713, 5.956679344177246, 6.299729347229004, 6.61862325668335, 6.913992881774902, 7.212521076202393, 7.503457069396973, 7.7880730628967285, 8.058917999267578, 8.316341400146484]","[7.566010475158691, 7.721720059712728, 8.619297663370768, 8.788557052612305, 9.018457094828287, 8.657916069030762, 8.583048184712728, 8.571062088012695, 7.355719884236653, 7.190003712972005, 6.73471736907959, 6.83251158396403, 6.305326461791992, 5.879145622253418, 5.67840560277303, 5.738923867543538, 6.0148013432820635, 6.332261244455974, 5.939255396525065, 5.654595851898193]","[7.025254726409912, 6.575212160746257, 6.434943675994873, 7.006462415059407, 6.804515520731608, 6.3228044509887695, 6.411885420481364, 6.32355531056722, 6.311238606770833, 6.458857536315918, 6.862029870351155, 6.048539479573567, 6.096709410349528, 7.7874908447265625, 6.047115325927734, 6.3902764320373535, 6.149197419484456, 6.154945055643718, 6.297896544138591, 6.234225432078044]","[0.5407557487487793, 1.1465078989664708, 2.1843539873758946, 1.7820946375528974, 2.213941574096679, 2.335111618041992, 2.1711627642313642, 2.2475067774454756, 1.0444812774658203, 0.7311461766560869, 0.12731250127156546, 0.7839721043904628, 0.2086170514424639, 1.9083452224731445, 0.36870972315470407, 0.6513525644938154, 0.13439607620239258, 0.17731618881225586, 0.3586411476135254, 0.5796295801798506]","[1931.4194447104937, 2256.838140298572, 5537.495841435284, 6558.7613965685605, 8254.032062855358, 5755.528033241945, 5340.359141806829, 5276.731168009218, 1565.1232975323594, 1326.1081294004334, 841.1057280040329, 927.5174274086886, 547.4802904102554, 357.5036680114867, 292.4827243197669, 310.7298445238849, 409.44449193789245, 562.4269418321383, 379.65213396770696, 285.6010342830702]","[1124.6810084760739, 717.0977482075119, 623.2474780808213, 1103.7430057143017, 901.9107070234696, 557.1332564988263, 609.0408974109954, 557.5517424333663, 550.7266603089844, 638.3313694204123, 955.3042444791607, 423.49405642310535, 444.39304634275686, 2410.2622662323033, 422.8913650830619, 596.0213163045005, 468.34135425886154, 471.04096070743736, 543.4276310417969, 509.90550899799416]","[806.7384362344199, 1539.7403920910601, 4914.2483633544625, 5455.0183908542585, 7352.121355831889, 5198.394776743119, 4731.318244395834, 4719.179425575851, 1014.396637223375, 687.7767599800211, 114.1985164751278, 504.02337098558326, 103.08724406749855, 2052.7585982208166, 130.408640763295, 285.2914717806156, 58.89686232096909, 91.38598112470089, 163.7754970740899, 224.30447471492397]",0.05,,True,True,0.5796295801798506,2.335111618041992,224.30447471492397,7352.121355831889,PASS,6.868827000000238,PASS,0.0,0.0,PASS,0.0,0.0,8,dangerous,PASS,PASS,PASS,FLAG,FLAG,,benign,PASS,PASS,PASS,PASS,PASS,,benign,PASS,PASS,PASS,PASS,PASS,,benign,PASS,PASS,PASS,PASS,PASS,,benign,PASS,PASS,PASS,PASS,PASS,,benign,PASS,PASS,PASS,PASS,PASS
gpu_seed1101_ckpt75_stale_v,opt2026_10m_gpu_final,"WikiText-2 cached char-level, first 500000 chars",GPTMini,candidate_B_19p48m,19484864,1101,75,300,20,stale_v,results\opt2026_10m_gpu_final\gpu_scale\checkpoints\seed_1101\checkpoint_step_75.pt,,True,True,True,True,True,True,169.74110412597656,tau = 0.10 * (||theta_checkpoint||_2 + 1e-12),16.974110412597756,Inherited fixed threshold from final task-validity campaign; not tuned on GPU rows.,dangerous,1,1865.91845703125,1865.91845703125,10.992731941029513,"[0.0, 277.9488525390625, 528.091796875, 753.211181640625, 955.8106689453125, 1138.14306640625, 1302.2362060546875, 1449.9144287109375, 1582.81982421875, 1617.5841064453125, 1650.3402099609375, 1680.901123046875, 1709.2640380859375, 1735.4515380859375, 1759.530517578125, 1781.5982666015625, 1801.764404296875, 1820.1539306640625, 1836.893798828125, 1852.1082763671875, 1865.91845703125]","[7.566010475158691, 7.721720059712728, 8.619297663370768, 8.788557052612305, 9.018457094828287, 8.657916069030762, 8.583048184712728, 8.571062088012695, 7.355719884236653, 7.190003712972005, 6.73471736907959, 6.83251158396403, 6.305326461791992, 5.879145622253418, 5.67840560277303, 5.738923867543538, 6.0148013432820635, 6.332261244455974, 5.939255396525065, 5.654595851898193]","[7.707871437072754, 8.171350797017416, 9.423027356465658, 9.603254000345865, 9.862480799357096, 9.663816452026367, 8.86134147644043, 8.793699900309244, 7.363551298777263, 6.883780161539714, 6.245410442352295, 6.327701568603516, 5.329513072967529, 5.546228885650635, 4.954255898793538, 5.455329259236653, 5.0891038576761884, 5.229963779449463, 5.241580168406169, 5.27030881245931]","[0.1418609619140625, 0.4496307373046884, 0.8037296930948905, 0.8146969477335606, 0.8440237045288086, 1.0059003829956055, 0.27829329172770123, 0.2226378122965489, 0.007831414540609316, 0.3062235514322911, 0.4893069267272949, 0.5048100153605146, 0.9758133888244629, 0.3329167366027832, 0.7241497039794922, 0.28359460830688477, 0.9256974856058751, 1.1022974650065107, 0.6976752281188965, 0.38428703943888376]","[1931.4194447104937, 2256.838140298572, 5537.495841435284, 6558.7613965685605, 8254.032062855358, 5755.528033241945, 5340.359141806829, 5276.731168009218, 1565.1232975323594, 1326.1081294004334, 841.1057280040329, 927.5174274086886, 547.4802904102554, 357.5036680114867, 292.4827243197669, 310.7298445238849, 409.44449193789245, 562.4269418321383, 379.65213396770696, 285.6010342830702]","[2225.7994580921727, 3538.1200191248618, 12369.97391267628, 14812.904423333706, 19196.452961434614, 15737.732502408324, 7053.93909351877, 6592.578992347528, 1577.4285477491383, 976.3100025455259, 515.6408223316696, 559.8682950197285, 206.3374783952, 256.2693104970558, 141.77707062388896, 234.00190567543453, 162.24440281097145, 186.78603790451612, 188.96846861301987, 194.4760097880912]","[294.38001338167896, 1281.2818788262898, 6832.478071240996, 8254.143026765145, 10942.420898579256, 9982.20446916638, 1713.5799517119412, 1315.8478243383097, 12.305250216778859, 349.79812685490754, 325.46490567236333, 367.6491323889601, 341.14281201505537, 101.23435751443088, 150.7056536958779, 76.72793884845035, 247.200089126921, 375.64090392762216, 190.6836653546871, 91.12502449497899]",0.05,,True,True,0.38428703943888376,1.1022974650065107,91.12502449497899,10942.420898579256,FLAG,9.020273800000723,PASS,0.0,0.0,PASS,0.0,0.0,1,dangerous,FLAG,FLAG,FLAG,FLAG,FLAG,1,dangerous,FLAG,FLAG,FLAG,FLAG,FLAG,1,dangerous,FLAG,FLAG,FLAG,FLAG,FLAG,1,dangerous,FLAG,FLAG,FLAG,FLAG,FLAG,1,dangerous,FLAG,FLAG,FLAG,FLAG,FLAG,1,dangerous,FLAG,FLAG,FLAG,FLAG,FLAG
gpu_seed1101_ckpt75_stale_mv,opt2026_10m_gpu_final,"WikiText-2 cached char-level, first 500000 chars",GPTMini,candidate_B_19p48m,19484864,1101,75,300,20,stale_mv,results\opt2026_10m_gpu_final\gpu_scale\checkpoints\seed_1101\checkpoint_step_75.pt,,True,True,True,True,True,True,169.74110412597656,tau = 0.10 * (||theta_checkpoint||_2 + 1e-12),16.974110412597756,Inherited fixed threshold from final task-validity campaign; not tuned on GPU rows.,benign,,9.426410675048828,9.426410675048828,0.05553404830012643,"[0.0, 0.8026968240737915, 1.5273514986038208, 2.2064926624298096, 2.824936866760254, 3.381901979446411, 3.931488513946533, 4.464219570159912, 4.9846038818359375, 5.442526817321777, 5.8742852210998535, 6.290717124938965, 6.69632625579834, 7.08253812789917, 7.440526485443115, 7.773414611816406, 8.119637489318848, 8.464580535888672, 8.794593811035156, 9.115321159362793, 9.426410675048828]","[7.566010475158691, 7.721720059712728, 8.619297663370768, 8.788557052612305, 9.018457094828287, 8.657916069030762, 8.583048184712728, 8.571062088012695, 7.355719884236653, 7.190003712972005, 6.73471736907959, 6.83251158396403, 6.305326461791992, 5.879145622253418, 5.67840560277303, 5.738923867543538, 6.0148013432820635, 6.332261244455974, 5.939255396525065, 5.654595851898193]","[6.9886423746744795, 6.61245854695638, 6.554434935251872, 7.10328467686971, 6.868917942047119, 6.434591770172119, 6.548056602478027, 6.732474168141683, 6.671530723571777, 7.233802954355876, 6.854031562805176, 6.516891320546468, 8.466188907623291, 10.139146486918131, 7.527998288472493, 7.906777540842692, 8.969759941101074, 7.330301920572917, 7.465914726257324, 7.3254750569661455]","[0.5773681004842119, 1.1092615127563477, 2.0648627281188956, 1.6852723757425947, 2.149539152781168, 2.2233242988586426, 2.034991582234701, 1.8385879198710127, 0.684189160664876, 0.043799241383871035, 0.11931419372558594, 0.31562026341756244, 2.160862445831299, 4.260000864664713, 1.849592685699463, 2.1678536732991542, 2.9549585978190107, 0.9980406761169434, 1.5266593297322588, 1.6708792050679522]","[1931.4194447104937, 2256.838140298572, 5537.495841435284, 6558.7613965685605, 8254.032062855358, 5755.528033241945, 5340.359141806829, 5276.731168009218, 1565.1232975323594, 1326.1081294004334, 841.1057280040329, 927.5174274086886, 547.4802904102554, 357.5036680114867, 292.4827243197669, 310.7298445238849, 409.44449193789245, 562.4269418321383, 379.65213396770696, 285.6010342830702]","[1084.2484733326248, 744.3106938744427, 702.3521632237397, 1215.954539891598, 961.9071631887672, 623.0281922505113, 697.8865840168414, 839.2210734657997, 789.6033443203808, 1385.4814206427882, 947.6939028296321, 676.4721781130705, 4751.372998720401, 25314.850705585213, 1859.3798338950544, 2715.625359518727, 7861.714104505999, 1525.8423856599463, 1747.4532587561214, 1518.4950990193086]","[847.1709713778689, 1512.5274464241293, 4835.143678211544, 5342.8068566769625, 7292.124899666591, 5132.499840991434, 4642.472557789988, 4437.510094543419, 775.5199532119786, 59.37329124235475, 106.58817482559914, 251.04524929561808, 4203.892708310145, 24957.347037573727, 1566.8971095752875, 2404.895514994842, 7452.269612568107, 963.4154438278081, 1367.8011247884144, 1232.8940647362383]",0.05,,True,True,1.6708792050679522,4.260000864664713,1232.8940647362383,24957.347037573727,PASS,19.934563300001173,PASS,0.0,0.0,PASS,0.0,0.0,7,dangerous,PASS,PASS,PASS,FLAG,FLAG,18,dangerous,PASS,PASS,PASS,PASS,FLAG,,benign,PASS,PASS,PASS,PASS,PASS,,benign,PASS,PASS,PASS,PASS,PASS,,benign,PASS,PASS,PASS,PASS,PASS,,benign,PASS,PASS,PASS,PASS,PASS
gpu_seed1101_ckpt75_model_current_optimizer_stale,opt2026_10m_gpu_final,"WikiText-2 cached char-level, first 500000 chars",GPTMini,candidate_B_19p48m,19484864,1101,75,300,20,model_current_optimizer_stale,results\opt2026_10m_gpu_final\gpu_scale\checkpoints\seed_1101\checkpoint_step_75.pt,,True,True,True,True,True,True,169.74110412597656,tau = 0.10 * (||theta_checkpoint||_2 + 1e-12),16.974110412597756,Inherited fixed threshold from final task-validity campaign; not tuned on GPU rows.,benign,,8.26423454284668,8.26423454284668,0.0486872910683624,"[0.0, 0.7009298801422119, 1.3326488733291626, 1.9291325807571411, 2.478925943374634, 2.9677512645721436, 3.441236734390259, 3.901373863220215, 4.353870391845703, 4.760690689086914, 5.141780376434326, 5.510121822357178, 5.872687816619873, 6.2204484939575195, 6.548388957977295, 6.856720447540283, 7.163020133972168, 7.4546122550964355, 7.735769271850586, 8.006053924560547, 8.26423454284668]","[7.566010475158691, 7.721720059712728, 8.619297663370768, 8.788557052612305, 9.018457094828287, 8.657916069030762, 8.583048184712728, 8.571062088012695, 7.355719884236653, 7.190003712972005, 6.73471736907959, 6.83251158396403, 6.305326461791992, 5.879145622253418, 5.67840560277303, 5.738923867543538, 6.0148013432820635, 6.332261244455974, 5.939255396525065, 5.654595851898193]","[7.003380298614502, 6.546785990397136, 6.389520327250163, 6.855220317840576, 6.6451772054036455, 6.124568621317546, 6.103067874908447, 6.035135904947917, 5.967332045237224, 6.065102259318034, 6.29614798227946, 6.030270576477051, 5.395298322041829, 6.620551109313965, 5.319265524546306, 5.735346953074138, 5.493493556976318, 5.368307749430339, 5.679183483123779, 6.384541034698486]","[0.5626301765441895, 1.1749340693155919, 2.2297773361206046, 1.9333367347717285, 2.3732798894246416, 2.533347447713216, 2.479980309804281, 2.5359261830647783, 1.3883878389994297, 1.1249014536539708, 0.4385693868001299, 0.8022410074869795, 0.9100281397501631, 0.7414054870605469, 0.35914007822672467, 0.0035769144694004495, 0.5213077863057451, 0.9639534950256348, 0.2600719134012861, 0.729945182800293]","[1931.4194447104937, 2256.838140298572, 5537.495841435284, 6558.7613965685605, 8254.032062855358, 5755.528033241945, 5340.359141806829, 5276.731168009218, 1565.1232975323594, 1326.1081294004334, 841.1057280040329, 927.5174274086886, 547.4802904102554, 357.5036680114867, 292.4827243197669, 310.7298445238849, 409.44449193789245, 562.4269418321383, 379.65213396770696, 285.6010342830702]","[1100.3463783348304, 697.0004040068355, 595.5708320620828, 948.8211486054389, 769.0663182650296, 456.9475533131665, 447.22770627004724, 417.8555944223725, 390.46254345791726, 430.5667048786738, 542.4782444854137, 415.82752730905327, 220.36787788682054, 750.3585127480032, 204.23382216289016, 309.6203758670863, 243.10502630350678, 214.49957337328058, 292.71032939723057, 592.612681514365]","[831.0730663756633, 1559.8377362917363, 4941.925009373202, 5609.940247963122, 7484.9657445903285, 5298.580479928779, 4893.131435536782, 4858.875573586845, 1174.6607540744421, 895.5414245217596, 298.6274835186192, 511.68990009963534, 327.11241252343484, 392.85484473651655, 88.24890215687671, 1.1094686567985832, 166.33946563438568, 347.9273684588577, 86.94180457047639, 307.01164723129483]",0.05,,True,True,0.729945182800293,2.5359261830647783,307.01164723129483,7484.9657445903285,PASS,25.550157900001068,PASS,0.0,0.0,PASS,0.0,0.0,8,dangerous,PASS,PASS,PASS,FLAG,FLAG,,benign,PASS,PASS,PASS,PASS,PASS,,benign,PASS,PASS,PASS,PASS,PASS,,benign,PASS,PASS,PASS,PASS,PASS,,benign,PASS,PASS,PASS,PASS,PASS,,benign,PASS,PASS,PASS,PASS,PASS
gpu_seed1101_ckpt75_step_counter_mismatch,opt2026_10m_gpu_final,"WikiText-2 cached char-level, first 500000 chars",GPTMini,candidate_B_19p48m,19484864,1101,75,300,20,step_counter_mismatch,results\opt2026_10m_gpu_final\gpu_scale\checkpoints\seed_1101\checkpoint_step_75.pt,,True,True,True,True,True,True,169.74110412597656,tau = 0.10 * (||theta_checkpoint||_2 + 1e-12),16.974110412597756,Inherited fixed threshold from final task-validity campaign; not tuned on GPU rows.,benign,,2.869584798812866,2.869584798812866,0.016905656491330072,"[0.0, 0.07658275961875916, 0.15525653958320618, 0.23807398974895477, 0.3256925046443939, 0.4170491397380829, 0.5095884203910828, 0.603150486946106, 0.712102472782135, 0.8359691500663757, 0.9665138125419617, 1.1138032674789429, 1.2910078763961792, 1.469665288925171, 1.6632698774337769, 1.871126413345337, 2.0771055221557617, 2.2755067348480225, 2.4733572006225586, 2.6716816425323486, 2.869584798812866]","[7.566010475158691, 7.721720059712728, 8.619297663370768, 8.788557052612305, 9.018457094828287, 8.657916069030762, 8.583048184712728, 8.571062088012695, 7.355719884236653, 7.190003712972005, 6.73471736907959, 6.83251158396403, 6.305326461791992, 5.879145622253418, 5.67840560277303, 5.738923867543538, 6.0148013432820635, 6.332261244455974, 5.939255396525065, 5.654595851898193]","[7.510499318440755, 7.299980481465657, 7.710938135782878, 7.801903406778972, 7.8994520505269366, 7.524609088897705, 7.275348663330078, 7.2285207112630205, 6.590005556742351, 6.0088791847229, 5.917762756347656, 5.363231817881267, 5.681164105733235, 5.257321834564209, 5.048165162404378, 5.313635349273682, 5.248061974843343, 6.339701175689697, 5.734744071960449, 5.521109580993652]","[0.055511156717936494, 0.4217395782470703, 0.9083595275878897, 0.986653645833333, 1.1190050443013506, 1.1333069801330566, 1.3076995213826503, 1.3425413767496748, 0.7657143274943028, 1.1811245282491045, 0.8169546127319336, 1.4692797660827637, 0.6241623560587568, 0.621823787689209, 0.6302404403686523, 0.4252885182698565, 0.7667393684387207, 0.007439931233723662, 0.20451132456461618, 0.13348627090454102]","[1931.4194447104937, 2256.838140298572, 5537.495841435284, 6558.7613965685605, 8254.032062855358, 5755.528033241945, 5340.359141806829, 5276.731168009218, 1565.1232975323594, 1326.1081294004334, 841.1057280040329, 927.5174274086886, 547.4802904102554, 357.5036680114867, 292.4827243197669, 310.7298445238849, 409.44449193789245, 562.4269418321383, 379.65213396770696, 285.6010342830702]","[1827.1256326079701, 1480.2710345815465, 2232.635791549025, 2445.2518598783226, 2695.804758691736, 1853.0886915431633, 1444.2546630123022, 1378.1822659049665, 727.7849140008462, 407.0268625935305, 371.57946944717054, 213.41354685147098, 293.2906526045779, 191.96668369789097, 155.7364510771136, 203.08718087217082, 190.1973038831456, 566.6269641685574, 309.43376784694055, 249.91218121074402]","[104.29381210252359, 776.5671057170255, 3304.8600498862593, 4113.509536690238, 5558.227304163622, 3902.439341698782, 3896.1044787945266, 3898.5489021042513, 837.3383835315132, 919.0812668069029, 469.5262585568624, 714.1038805572176, 254.18963780567753, 165.53698431359572, 136.74627324265327, 107.64266365171406, 219.24718805474686, 4.200022336419124, 70.2183661207664, 35.68885307232617]",0.05,,True,True,0.13348627090454102,1.4692797660827637,35.68885307232617,5558.227304163622,PASS,28.376489700000093,PASS,0.0,0.0,PASS,0.0,0.0,,benign,PASS,PASS,PASS,PASS,PASS,,benign,PASS,PASS,PASS,PASS,PASS,,benign,PASS,PASS,PASS,PASS,PASS,,benign,PASS,PASS,PASS,PASS,PASS,,benign,PASS,PASS,PASS,PASS,PASS,,benign,PASS,PASS,PASS,PASS,PASS
gpu_seed1101_ckpt75_scheduler_mismatch,opt2026_10m_gpu_final,"WikiText-2 cached char-level, first 500000 chars",GPTMini,candidate_B_19p48m,19484864,1101,75,300,20,scheduler_mismatch,results\opt2026_10m_gpu_final\gpu_scale\checkpoints\seed_1101\checkpoint_step_75.pt,,True,True,True,True,True,True,169.74110412597656,tau = 0.10 * (||theta_checkpoint||_2 + 1e-12),16.974110412597756,Inherited fixed threshold from final task-validity campaign; not tuned on GPU rows.,benign,,0.0,0.0,0.0,"[0.0, 0.0, 0.0, 0.0, 0.0, 0.0, 0.0, 0.0, 0.0, 0.0, 0.0, 0.0, 0.0, 0.0, 0.0, 0.0, 0.0, 0.0, 0.0, 0.0, 0.0]","[7.566010475158691, 7.721720059712728, 8.619297663370768, 8.788557052612305, 9.018457094828287, 8.657916069030762, 8.583048184712728, 8.571062088012695, 7.355719884236653, 7.190003712972005, 6.73471736907959, 6.83251158396403, 6.305326461791992, 5.879145622253418, 5.67840560277303, 5.738923867543538, 6.0148013432820635, 6.332261244455974, 5.939255396525065, 5.654595851898193]","[7.566010475158691, 7.721720059712728, 8.619297663370768, 8.788557052612305, 9.018457094828287, 8.657916069030762, 8.583048184712728, 8.571062088012695, 7.355719884236653, 7.190003712972005, 6.73471736907959, 6.83251158396403, 6.305326461791992, 5.879145622253418, 5.67840560277303, 5.738923867543538, 6.0148013432820635, 6.332261244455974, 5.939255396525065, 5.654595851898193]","[0.0, 0.0, 0.0, 0.0, 0.0, 0.0, 0.0, 0.0, 0.0, 0.0, 0.0, 0.0, 0.0, 0.0, 0.0, 0.0, 0.0, 0.0, 0.0, 0.0]","[1931.4194447104937, 2256.838140298572, 5537.495841435284, 6558.7613965685605, 8254.032062855358, 5755.528033241945, 5340.359141806829, 5276.731168009218, 1565.1232975323594, 1326.1081294004334, 841.1057280040329, 927.5174274086886, 547.4802904102554, 357.5036680114867, 292.4827243197669, 310.7298445238849, 409.44449193789245, 562.4269418321383, 379.65213396770696, 285.6010342830702]","[1931.4194447104937, 2256.838140298572, 5537.495841435284, 6558.7613965685605, 8254.032062855358, 5755.528033241945, 5340.359141806829, 5276.731168009218, 1565.1232975323594, 1326.1081294004334, 841.1057280040329, 927.5174274086886, 547.4802904102554, 357.5036680114867, 292.4827243197669, 310.7298445238849, 409.44449193789245, 562.4269418321383, 379.65213396770696, 285.6010342830702]","[0.0, 0.0, 0.0, 0.0, 0.0, 0.0, 0.0, 0.0, 0.0, 0.0, 0.0, 0.0, 0.0, 0.0, 0.0, 0.0, 0.0, 0.0, 0.0, 0.0]",0.05,0,False,False,0.0,0.0,0.0,0.0,PASS,19.453887499999837,PASS,0.0,0.0,PASS,0.0,0.0,,benign,PASS,PASS,PASS,PASS,PASS,,benign,PASS,PASS,PASS,PASS,PASS,,benign,PASS,PASS,PASS,PASS,PASS,,benign,PASS,PASS,PASS,PASS,PASS,,benign,PASS,PASS,PASS,PASS,PASS,,benign,PASS,PASS,PASS,PASS,PASS
gpu_seed1101_ckpt75_optimizer_reset,opt2026_10m_gpu_final,"WikiText-2 cached char-level, first 500000 chars",GPTMini,candidate_B_19p48m,19484864,1101,75,300,20,optimizer_reset,results\opt2026_10m_gpu_final\gpu_scale\checkpoints\seed_1101\checkpoint_step_75.pt,,True,True,True,True,True,True,169.74110412597656,tau = 0.10 * (||theta_checkpoint||_2 + 1e-12),16.974110412597756,Inherited fixed threshold from final task-validity campaign; not tuned on GPU rows.,dangerous,15,19.69366455078125,19.69366455078125,0.11602177711867073,"[0.0, 3.588268280029297, 5.380219459533691, 6.808820724487305, 8.049033164978027, 9.191717147827148, 10.229436874389648, 11.20024299621582, 12.087366104125977, 12.934453010559082, 13.758225440979004, 14.517342567443848, 15.238125801086426, 15.91478443145752, 16.55394744873047, 17.15021324157715, 17.689558029174805, 18.221586227416992, 18.732088088989258, 19.22760772705078, 19.69366455078125]","[7.566010475158691, 7.721720059712728, 8.619297663370768, 8.788557052612305, 9.018457094828287, 8.657916069030762, 8.583048184712728, 8.571062088012695, 7.355719884236653, 7.190003712972005, 6.73471736907959, 6.83251158396403, 6.305326461791992, 5.879145622253418, 5.67840560277303, 5.738923867543538, 6.0148013432820635, 6.332261244455974, 5.939255396525065, 5.654595851898193]","[17.179445266723633, 17.84247334798177, 17.282986323038738, 17.215587615966797, 20.54620297749837, 17.096157709757488, 13.093048731486002, 12.043178876241049, 12.849786758422852, 15.761418024698893, 12.964870770772299, 11.604488690694174, 13.327795346577963, 12.679619153340658, 11.830565134684244, 15.155582745869955, 16.21415837605794, 13.66214688618978, 14.136800448099772, 12.768434206644693]","[9.613434791564941, 10.120753288269043, 8.66368865966797, 8.427030563354492, 11.527745882670084, 8.438241640726726, 4.5100005467732736, 3.4721167882283535, 5.494066874186198, 8.571414311726887, 6.230153401692709, 4.7719771067301435, 7.022468884785971, 6.80047353108724, 6.152159531911214, 9.416658878326416, 10.199357032775879, 7.329885641733806, 8.197545051574707, 7.1138383547465]","[1931.4194447104937, 2256.838140298572, 5537.495841435284, 6558.7613965685605, 8254.032062855358, 5755.528033241945, 5340.359141806829, 5276.731168009218, 1565.1232975323594, 1326.1081294004334, 841.1057280040329, 927.5174274086886, 547.4802904102554, 357.5036680114867, 292.4827243197669, 310.7298445238849, 409.44449193789245, 562.4269418321383, 379.65213396770696, 285.6010342830702]","[28902691.109511655, 56090294.27680271, 32055724.05482504, 29966409.110058796, 837727123.8032889, 26592976.825072538, 485555.4301610673, 169936.2891768923, 380707.54404584283, 6999981.223780318, 427141.5648073295, 109588.60626918648, 614027.716247035, 321135.7318327282, 137388.11210486616, 3819319.204069629, 11008281.113814069, 857817.7009927372, 1378905.2539912285, 350962.3411933905]","[28900759.690066945, 56088037.43866241, 32050186.558983605, 29959850.348662227, 837718869.771226, 26587221.297039296, 480215.07101926045, 164659.55800888306, 379142.42074831045, 6998655.115650917, 426300.4590793255, 108661.08884177779, 613480.2359566247, 320778.2281647167, 137095.6293805464, 3819008.474225105, 11007871.669322131, 857255.274050905, 1378525.6018572608, 350676.74015910743]",0.05,,True,True,7.1138383547465,11.527745882670084,350676.74015910743,837718869.771226,FLAG,19.001734400000714,PASS,0.0,0.0,PASS,0.0,0.0,2,dangerous,PASS,FLAG,FLAG,FLAG,FLAG,5,dangerous,PASS,PASS,FLAG,FLAG,FLAG,9,dangerous,PASS,PASS,PASS,FLAG,FLAG,15,dangerous,PASS,PASS,PASS,PASS,FLAG,,benign,PASS,PASS,PASS,PASS,PASS,,benign,PASS,PASS,PASS,PASS,PASS
gpu_seed1101_ckpt150_exact_restore,opt2026_10m_gpu_final,"WikiText-2 cached char-level, first 500000 chars",GPTMini,candidate_B_19p48m,19484864,1101,150,300,20,exact_restore,results\opt2026_10m_gpu_final\gpu_scale\checkpoints\seed_1101\checkpoint_step_150.pt,,True,True,True,True,True,True,169.8172149658203,tau = 0.10 * (||theta_checkpoint||_2 + 1e-12),16.981721496582132,Inherited fixed threshold from final task-validity campaign; not tuned on GPU rows.,benign,,0.0,0.0,0.0,"[0.0, 0.0, 0.0, 0.0, 0.0, 0.0, 0.0, 0.0, 0.0, 0.0, 0.0, 0.0, 0.0, 0.0, 0.0, 0.0, 0.0, 0.0, 0.0, 0.0, 0.0]","[3.260014772415161, 3.2084927558898926, 3.133095900217692, 3.041401465733846, 3.02677845954895, 3.0809868971506753, 3.1897761821746826, 3.2284960746765137, 3.187577962875366, 3.1164165337880454, 3.0709404150644937, 3.0749345620473227, 3.0948193073272705, 3.118668476740519, 3.126234451929728, 3.1726675828297934, 3.2413628101348877, 3.2117411295572915, 3.0844311714172363, 3.031591256459554]","[3.260014772415161, 3.2084927558898926, 3.133095900217692, 3.041401465733846, 3.02677845954895, 3.0809868971506753, 3.1897761821746826, 3.2284960746765137, 3.187577962875366, 3.1164165337880454, 3.0709404150644937, 3.0749345620473227, 3.0948193073272705, 3.118668476740519, 3.126234451929728, 3.1726675828297934, 3.2413628101348877, 3.2117411295572915, 3.0844311714172363, 3.031591256459554]","[0.0, 0.0, 0.0, 0.0, 0.0, 0.0, 0.0, 0.0, 0.0, 0.0, 0.0, 0.0, 0.0, 0.0, 0.0, 0.0, 0.0, 0.0, 0.0, 0.0]","[26.0499219599381, 24.74176622506183, 22.94490483284755, 20.934561756797503, 20.630662903419545, 21.779886300983627, 24.282991868395808, 25.24166682900396, 24.229671153808706, 22.565372337059276, 21.56217053340182, 21.648465233916806, 22.083247895931763, 22.616245528526953, 22.788008438661823, 23.871077575297065, 25.56854308417625, 24.822267405122112, 21.85503153901606, 20.730193412048248]","[26.0499219599381, 24.74176622506183, 22.94490483284755, 20.934561756797503, 20.630662903419545, 21.779886300983627, 24.282991868395808, 25.24166682900396, 24.229671153808706, 22.565372337059276, 21.56217053340182, 21.648465233916806, 22.083247895931763, 22.616245528526953, 22.788008438661823, 23.871077575297065, 25.56854308417625, 24.822267405122112, 21.85503153901606, 20.730193412048248]","[0.0, 0.0, 0.0, 0.0, 0.0, 0.0, 0.0, 0.0, 0.0, 0.0, 0.0, 0.0, 0.0, 0.0, 0.0, 0.0, 0.0, 0.0, 0.0, 0.0]",0.05,0,False,False,0.0,0.0,0.0,0.0,PASS,51.49920440000096,PASS,0.0,0.0,PASS,0.0,0.0,,benign,PASS,PASS,PASS,PASS,PASS,,benign,PASS,PASS,PASS,PASS,PASS,,benign,PASS,PASS,PASS,PASS,PASS,,benign,PASS,PASS,PASS,PASS,PASS,,benign,PASS,PASS,PASS,PASS,PASS,,benign,PASS,PASS,PASS,PASS,PASS
gpu_seed1101_ckpt150_benign_nonzero,opt2026_10m_gpu_final,"WikiText-2 cached char-level, first 500000 chars",GPTMini,candidate_B_19p48m,19484864,1101,150,300,20,benign_nonzero,results\opt2026_10m_gpu_final\gpu_scale\checkpoints\seed_1101\checkpoint_step_150.pt,,True,True,True,True,True,True,169.8172149658203,tau = 0.10 * (||theta_checkpoint||_2 + 1e-12),16.981721496582132,Inherited fixed threshold from final task-validity campaign; not tuned on GPU rows.,benign,,0.00486641563475132,0.00486641563475132,2.8656786272998124e-05,"[7.450580596923828e-09, 7.450580596923828e-09, 0.00015903457824606448, 0.0003355002263560891, 0.0005336299072951078, 0.0007398735615424812, 0.0009726351127028465, 0.0012085284106433392, 0.0014342298964038491, 0.0016835302812978625, 0.0019186623394489288, 0.0021523036994040012, 0.0023883490357548, 0.002627650275826454, 0.002902156440541148, 0.003189332550391555, 0.0034663304686546326, 0.0037701951805502176, 0.004093482159078121, 0.004476543981581926, 0.00486641563475132]","[3.260014772415161, 3.2084927558898926, 3.133095900217692, 3.041401465733846, 3.02677845954895, 3.0809868971506753, 3.1897761821746826, 3.2284960746765137, 3.187577962875366, 3.1164165337880454, 3.0709404150644937, 3.0749345620473227, 3.0948193073272705, 3.118668476740519, 3.126234451929728, 3.1726675828297934, 3.2413628101348877, 3.2117411295572915, 3.0844311714172363, 3.031591256459554]","[3.260014772415161, 3.2084928353627524, 3.1330959796905518, 3.0414013862609863, 3.02677853902181, 3.080986738204956, 3.1897751490275064, 3.228495200475057, 3.187576691309611, 3.1164077123006186, 3.0709330240885415, 3.0749247868855796, 3.0947887102762857, 3.1186378796895347, 3.126239061355591, 3.1727429231007895, 3.241516590118408, 3.2119393348693848, 3.0845304330190024, 3.031665881474813]","[0.0, 7.947285984855057e-08, 7.947285984855057e-08, 7.947285984855057e-08, 7.947285984855057e-08, 1.5894571925301193e-07, 1.0331471762548006e-06, 8.742014565576994e-07, 1.271565755356363e-06, 8.821487426757812e-06, 7.3909759521484375e-06, 9.775161743164062e-06, 3.059705098484855e-05, 3.059705098440446e-05, 4.609425862778238e-06, 7.534027099609375e-05, 0.0001537799835205078, 0.000198205312093247, 9.926160176609855e-05, 7.462501525878906e-05]","[26.0499219599381, 24.74176622506183, 22.94490483284755, 20.934561756797503, 20.630662903419545, 21.779886300983627, 24.282991868395808, 25.24166682900396, 24.229671153808706, 22.565372337059276, 21.56217053340182, 21.648465233916806, 22.083247895931763, 22.616245528526953, 22.788008438661823, 23.871077575297065, 25.56854308417625, 24.822267405122112, 21.85503153901606, 20.730193412048248]","[26.0499219599381, 24.741768191360826, 22.944906656344827, 20.934560093068075, 20.630664542997394, 21.779882839164205, 24.28296678050429, 25.2416447627117, 24.229640344208192, 22.565173277788926, 21.562011168506864, 21.648253617701947, 22.082572224006817, 22.615553548695765, 22.78811347853937, 23.872876096500242, 25.572475316651953, 24.8271877979879, 21.85720101212418, 20.73174046077149]","[0.0, 1.966298995625948e-06, 1.8234972785080572e-06, 1.66372942800308e-06, 1.6395778494882052e-06, 3.4618194213464903e-06, 2.5087891518893457e-05, 2.206629226009227e-05, 3.0809600513492796e-05, 0.0001990592703506877, 0.0001593648949551607, 0.0002116162148588785, 0.0006756719249452203, 0.0006919798311884051, 0.00010503987754617583, 0.0017985212031774722, 0.003932232475701625, 0.004920392865788159, 0.002169473108118325, 0.0015470487232427388]",0.05,0,False,False,7.462501525878906e-05,0.000198205312093247,0.0015470487232427388,0.004920392865788159,PASS,12.675247899998794,FLAG,1.4628660506554955e+35,146.10017031347022,FLAG,724535523154.8457,9.986044069476092,,benign,PASS,PASS,PASS,PASS,PASS,,benign,PASS,PASS,PASS,PASS,PASS,,benign,PASS,PASS,PASS,PASS,PASS,,benign,PASS,PASS,PASS,PASS,PASS,,benign,PASS,PASS,PASS,PASS,PASS,,benign,PASS,PASS,PASS,PASS,PASS
gpu_seed1101_ckpt150_reset_m,opt2026_10m_gpu_final,"WikiText-2 cached char-level, first 500000 chars",GPTMini,candidate_B_19p48m,19484864,1101,150,300,20,reset_m,results\opt2026_10m_gpu_final\gpu_scale\checkpoints\seed_1101\checkpoint_step_150.pt,,True,True,True,True,True,True,169.8172149658203,tau = 0.10 * (||theta_checkpoint||_2 + 1e-12),16.981721496582132,Inherited fixed threshold from final task-validity campaign; not tuned on GPU rows.,benign,,0.9456748366355896,0.9456748366355896,0.005568780743612615,"[0.0, 0.11007959395647049, 0.2040698379278183, 0.2841602563858032, 0.35148903727531433, 0.4129697382450104, 0.474031925201416, 0.5311311483383179, 0.5822126865386963, 0.6276853680610657, 0.6696548461914062, 0.7081047296524048, 0.7419478893280029, 0.7724195122718811, 0.8018982410430908, 0.8309341669082642, 0.8582299947738647, 0.8824539184570312, 0.9053466320037842, 0.9260694980621338, 0.9456748366355896]","[3.260014772415161, 3.2084927558898926, 3.133095900217692, 3.041401465733846, 3.02677845954895, 3.0809868971506753, 3.1897761821746826, 3.2284960746765137, 3.187577962875366, 3.1164165337880454, 3.0709404150644937, 3.0749345620473227, 3.0948193073272705, 3.118668476740519, 3.126234451929728, 3.1726675828297934, 3.2413628101348877, 3.2117411295572915, 3.0844311714172363, 3.031591256459554]","[3.095395803451538, 2.9845662911732993, 2.9896418253580728, 3.042276620864868, 3.032348871231079, 3.015292247136434, 3.036153872807821, 3.0437099933624268, 2.9998780886332193, 2.981336990992228, 3.012084484100342, 3.1232539812723794, 3.1879165967305503, 3.1448331673940024, 3.099786361058553, 3.177189032236735, 3.2565388679504395, 3.2029239336649575, 3.110912879308065, 3.0984265009562173]","[0.16461896896362305, 0.22392646471659328, 0.14345407485961914, 0.0008751551310219874, 0.005570411682128906, 0.06569465001424124, 0.15362230936686183, 0.18478608131408691, 0.18769987424214696, 0.13507954279581735, 0.05885593096415187, 0.04831941922505667, 0.09309728940327977, 0.02616469065348337, 0.026448090871174834, 0.004521449406941436, 0.015176057815551758, 0.008817195892333984, 0.0264817078908286, 0.06683524449666312]","[26.0499219599381, 24.74176622506183, 22.94490483284755, 20.934561756797503, 20.630662903419545, 21.779886300983627, 24.282991868395808, 25.24166682900396, 24.229671153808706, 22.565372337059276, 21.56217053340182, 21.648465233916806, 22.083247895931763, 22.616245528526953, 22.788008438661823, 23.871077575297065, 25.56854308417625, 24.822267405122112, 21.85503153901606, 20.730193412048248]","[22.095982473119513, 19.777922516385523, 19.878561219764453, 20.95289076512766, 20.74590486365619, 20.39505046477561, 20.824993435022126, 20.982945597233844, 20.083088417182225, 19.714156682546044, 20.32973279358958, 22.720190562968586, 24.237877530161374, 23.215801997434745, 22.193209441166484, 23.97925381725373, 25.959532104150387, 24.604366659384663, 22.44152145336176, 22.163050291864156]","[3.9539394868185873, 4.963843708676308, 3.066343613083095, 0.018329008330155716, 0.11524196023664501, 1.3848358362080155, 3.4579984333736817, 4.258721231770117, 4.146582736626481, 2.8512156545132328, 1.2324377398122373, 1.0717253290517803, 2.154629634229611, 0.5995564689077924, 0.5947989974953387, 0.10817624195666653, 0.3909890199741355, 0.2179007457374489, 0.5864899143456981, 1.4328568798159083]",0.05,13,False,False,0.06683524449666312,0.22392646471659328,1.4328568798159083,4.963843708676308,PASS,8.778959600000235,PASS,0.0,0.0,PASS,0.0,0.0,,benign,PASS,PASS,PASS,PASS,PASS,,benign,PASS,PASS,PASS,PASS,PASS,,benign,PASS,PASS,PASS,PASS,PASS,,benign,PASS,PASS,PASS,PASS,PASS,,benign,PASS,PASS,PASS,PASS,PASS,,benign,PASS,PASS,PASS,PASS,PASS
gpu_seed1101_ckpt150_reset_v,opt2026_10m_gpu_final,"WikiText-2 cached char-level, first 500000 chars",GPTMini,candidate_B_19p48m,19484864,1101,150,300,20,reset_v,results\opt2026_10m_gpu_final\gpu_scale\checkpoints\seed_1101\checkpoint_step_150.pt,,True,True,True,True,True,True,169.8172149658203,tau = 0.10 * (||theta_checkpoint||_2 + 1e-12),16.981721496582132,Inherited fixed threshold from final task-validity campaign; not tuned on GPU rows.,dangerous,1,33543.41015625,33543.41015625,197.5265591477354,"[0.0, 6205.796875, 9472.47265625, 12203.7373046875, 14817.619140625, 17229.498046875, 19438.16796875, 21441.6015625, 23218.7109375, 24828.53515625, 26200.810546875, 27430.97265625, 28470.658203125, 29391.3984375, 30216.74609375, 30943.73828125, 31577.904296875, 32147.974609375, 32662.10546875, 33125.171875, 33543.41015625]","[3.260014772415161, 3.2084927558898926, 3.133095900217692, 3.041401465733846, 3.02677845954895, 3.0809868971506753, 3.1897761821746826, 3.2284960746765137, 3.187577962875366, 3.1164165337880454, 3.0709404150644937, 3.0749345620473227, 3.0948193073272705, 3.118668476740519, 3.126234451929728, 3.1726675828297934, 3.2413628101348877, 3.2117411295572915, 3.0844311714172363, 3.031591256459554]","[17943430.333333332, 16457366.666666666, 14572217.666666666, 13188716.666666666, 12121524.0, 11198467.333333334, 10304693.666666666, 9464320.333333334, 8722916.166666666, 8191970.833333333, 7788537.166666667, 7457107.833333333, 7053219.333333333, 6586522.166666667, 6111874.166666667, 5658499.833333333, 5244513.0, 4862875.833333333, 4509997.0, 4227519.25]","[17943427.07331856, 16457363.45817391, 14572214.533570766, 13188713.6252652, 12121520.97322154, 11198464.252346437, 10304690.476890484, 9464317.10483726, 8722912.979088703, 8191967.7169168, 7788534.095726252, 7457104.758398771, 7053216.238514026, 6586519.04799819, 6111871.040432215, 5658496.6606657505, 5244509.75863719, 4862872.621592203, 4509993.915568829, 4227516.218408744]","[26.0499219599381, 24.74176622506183, 22.94490483284755, 20.934561756797503, 20.630662903419545, 21.779886300983627, 24.282991868395808, 25.24166682900396, 24.229671153808706, 22.565372337059276, 21.56217053340182, 21.648465233916806, 22.083247895931763, 22.616245528526953, 22.788008438661823, 23.871077575297065, 25.56854308417625, 24.822267405122112, 21.85503153901606, 20.730193412048248]","[5.184705528587072e+21, 5.184705528587072e+21, 5.184705528587072e+21, 5.184705528587072e+21, 5.184705528587072e+21, 5.184705528587072e+21, 5.184705528587072e+21, 5.184705528587072e+21, 5.184705528587072e+21, 5.184705528587072e+21, 5.184705528587072e+21, 5.184705528587072e+21, 5.184705528587072e+21, 5.184705528587072e+21, 5.184705528587072e+21, 5.184705528587072e+21, 5.184705528587072e+21, 5.184705528587072e+21, 5.184705528587072e+21, 5.184705528587072e+21]","[5.184705528587072e+21, 5.184705528587072e+21, 5.184705528587072e+21, 5.184705528587072e+21, 5.184705528587072e+21, 5.184705528587072e+21, 5.184705528587072e+21, 5.184705528587072e+21, 5.184705528587072e+21, 5.184705528587072e+21, 5.184705528587072e+21, 5.184705528587072e+21, 5.184705528587072e+21, 5.184705528587072e+21, 5.184705528587072e+21, 5.184705528587072e+21, 5.184705528587072e+21, 5.184705528587072e+21, 5.184705528587072e+21, 5.184705528587072e+21]",0.05,,True,True,4227516.218408744,17943427.07331856,5.184705528587072e+21,5.184705528587072e+21,FLAG,8.392878599999676,PASS,0.0,0.0,PASS,0.0,0.0,1,dangerous,FLAG,FLAG,FLAG,FLAG,FLAG,1,dangerous,FLAG,FLAG,FLAG,FLAG,FLAG,1,dangerous,FLAG,FLAG,FLAG,FLAG,FLAG,1,dangerous,FLAG,FLAG,FLAG,FLAG,FLAG,1,dangerous,FLAG,FLAG,FLAG,FLAG,FLAG,1,dangerous,FLAG,FLAG,FLAG,FLAG,FLAG
gpu_seed1101_ckpt150_stale_m,opt2026_10m_gpu_final,"WikiText-2 cached char-level, first 500000 chars",GPTMini,candidate_B_19p48m,19484864,1101,150,300,20,stale_m,results\opt2026_10m_gpu_final\gpu_scale\checkpoints\seed_1101\checkpoint_step_150.pt,,True,True,True,True,True,True,169.8172149658203,tau = 0.10 * (||theta_checkpoint||_2 + 1e-12),16.981721496582132,Inherited fixed threshold from final task-validity campaign; not tuned on GPU rows.,benign,,1.5043022632598877,1.5043022632598877,0.008858361406778783,"[0.0, 0.17780375480651855, 0.3322299122810364, 0.4653871953487396, 0.5790507793426514, 0.6793191432952881, 0.7719161510467529, 0.8581945300102234, 0.9380547404289246, 1.0111701488494873, 1.0776337385177612, 1.1378695964813232, 1.1932576894760132, 1.2425259351730347, 1.2886067628860474, 1.3315775394439697, 1.3718509674072266, 1.4078501462936401, 1.4412623643875122, 1.472927451133728, 1.5043022632598877]","[3.260014772415161, 3.2084927558898926, 3.133095900217692, 3.041401465733846, 3.02677845954895, 3.0809868971506753, 3.1897761821746826, 3.2284960746765137, 3.187577962875366, 3.1164165337880454, 3.0709404150644937, 3.0749345620473227, 3.0948193073272705, 3.118668476740519, 3.126234451929728, 3.1726675828297934, 3.2413628101348877, 3.2117411295572915, 3.0844311714172363, 3.031591256459554]","[3.327113469441732, 3.418025573094686, 3.473851044972738, 3.510382970174154, 3.4721575578053794, 3.3266847928365073, 3.137850205103556, 3.0587875048319497, 3.061716159184774, 3.070138692855835, 3.067318598429362, 3.08253804842631, 3.1810120741526284, 3.292492945988973, 3.306810220082601, 3.3211591243743896, 3.305039564768473, 3.260027011235555, 3.167018095652262, 3.0919694105784097]","[0.06709869702657079, 0.20953281720479344, 0.34075514475504587, 0.4689815044403076, 0.4453790982564292, 0.245697895685832, 0.05192597707112645, 0.16970856984456395, 0.1258618036905923, 0.046277840932210434, 0.003621816635131836, 0.007603486378987334, 0.08619276682535792, 0.17382446924845407, 0.18057576815287302, 0.1484915415445962, 0.06367675463358546, 0.04828588167826364, 0.0825869242350259, 0.0603781541188555]","[26.0499219599381, 24.74176622506183, 22.94490483284755, 20.934561756797503, 20.630662903419545, 21.779886300983627, 24.282991868395808, 25.24166682900396, 24.229671153808706, 22.565372337059276, 21.56217053340182, 21.648465233916806, 22.083247895931763, 22.616245528526953, 22.788008438661823, 23.871077575297065, 25.56854308417625, 24.822267405122112, 21.85503153901606, 20.730193412048248]","[27.857813106204926, 30.509117491673564, 32.26074109412555, 33.461079926060826, 32.20615417724061, 27.845873672714323, 23.05425163404813, 21.30171327298311, 21.364190070099188, 21.54489059020099, 21.48421755638155, 21.813696414924134, 24.07110296941872, 26.909864945780672, 27.29791211828687, 27.69243093403404, 27.249619692367606, 26.050240782205247, 23.736598455330864, 22.02040251350976]","[1.807891146266826, 5.767351266611733, 9.315836261278001, 12.526518169263323, 11.575491273821068, 6.065987371730696, 1.2287402343476792, 3.93995355602085, 2.8654810837095184, 1.0204817468582874, 0.07795297702026716, 0.1652311810073286, 1.9878550734869584, 4.293619417253719, 4.509903679625047, 3.8213533587369746, 1.6810766081913542, 1.227973377083135, 1.881566916314803, 1.2902091014615138]",0.05,9,False,False,0.0603781541188555,0.4689815044403076,1.2902091014615138,12.526518169263323,PASS,7.5863192999986495,PASS,0.0,0.0,PASS,0.0,0.0,,benign,PASS,PASS,PASS,PASS,PASS,,benign,PASS,PASS,PASS,PASS,PASS,,benign,PASS,PASS,PASS,PASS,PASS,,benign,PASS,PASS,PASS,PASS,PASS,,benign,PASS,PASS,PASS,PASS,PASS,,benign,PASS,PASS,PASS,PASS,PASS
gpu_seed1101_ckpt150_stale_v,opt2026_10m_gpu_final,"WikiText-2 cached char-level, first 500000 chars",GPTMini,candidate_B_19p48m,19484864,1101,150,300,20,stale_v,results\opt2026_10m_gpu_final\gpu_scale\checkpoints\seed_1101\checkpoint_step_150.pt,,True,True,True,True,True,True,169.8172149658203,tau = 0.10 * (||theta_checkpoint||_2 + 1e-12),16.981721496582132,Inherited fixed threshold from final task-validity campaign; not tuned on GPU rows.,dangerous,1,242.48141479492188,242.48141479492188,1.4278965465528657,"[0.0, 27.606090545654297, 52.45133590698242, 74.81182861328125, 94.9361572265625, 113.04791259765625, 129.34835815429688, 144.01861572265625, 157.22171020507812, 169.1043701171875, 179.79861450195312, 189.4232940673828, 198.0853729248047, 205.881103515625, 212.89712524414062, 219.21139526367188, 224.89410400390625, 230.00840759277344, 234.61114501953125, 238.7534637451172, 242.48141479492188]","[3.260014772415161, 3.2084927558898926, 3.133095900217692, 3.041401465733846, 3.02677845954895, 3.0809868971506753, 3.1897761821746826, 3.2284960746765137, 3.187577962875366, 3.1164165337880454, 3.0709404150644937, 3.0749345620473227, 3.0948193073272705, 3.118668476740519, 3.126234451929728, 3.1726675828297934, 3.2413628101348877, 3.2117411295572915, 3.0844311714172363, 3.031591256459554]","[3.2627106507619223, 3.2120299339294434, 3.1348112424214682, 3.0420929590861, 3.028665781021118, 3.0851358572642007, 3.1953365008036294, 3.2327304681142173, 3.188174247741699, 3.1155393918355307, 3.071361541748047, 3.0765915711720786, 3.0975722471872964, 3.1224103768666587, 3.129380226135254, 3.1789453824361167, 3.2487622102101645, 3.209245284398397, 3.0795281728108725, 3.0354321002960205]","[0.0026958783467612157, 0.0035371780395507812, 0.0017153422037763377, 0.0006914933522539357, 0.0018873214721679688, 0.004148960113525391, 0.005560318628946792, 0.0042343934377035986, 0.0005962848663330078, 0.0008771419525146484, 0.0004211266835532079, 0.0016570091247558594, 0.0027529398600258936, 0.003741900126139619, 0.003145774205525864, 0.006277799606323242, 0.007399400075276841, 0.0024958451588945607, 0.004902998606363784, 0.0038408438364663233]","[26.0499219599381, 24.74176622506183, 22.94490483284755, 20.934561756797503, 20.630662903419545, 21.779886300983627, 24.282991868395808, 25.24166682900396, 24.229671153808706, 22.565372337059276, 21.56217053340182, 21.648465233916806, 22.083247895931763, 22.616245528526953, 22.788008438661823, 23.871077575297065, 25.56854308417625, 24.822267405122112, 21.85503153901606, 20.730193412048248]","[26.120244127899287, 24.829437219762507, 22.98429697230967, 20.949042873305547, 20.669636362656895, 21.870437898110623, 24.41838911753038, 25.34877658977489, 24.24412324838838, 22.545587980421406, 21.571252851037684, 21.684366674639314, 22.144125507056785, 22.701031792458682, 22.859807240002652, 24.021406791332904, 25.75843664661178, 24.76039211687525, 21.74813861191123, 20.809967950345516]","[0.07032216796118718, 0.08767099470067663, 0.039392139462123055, 0.014481116508044067, 0.03897345923735074, 0.09055159712699634, 0.13539724913457363, 0.10710976077092837, 0.014452094579674224, 0.019784356637870815, 0.009082317635865422, 0.03590144072250823, 0.06087761112502221, 0.08478626393172917, 0.0717988013408295, 0.15032921603583915, 0.1898935624355289, 0.06187528824686339, 0.10689292710483045, 0.07977453829726855]",0.05,0,False,False,0.0038408438364663233,0.007399400075276841,0.07977453829726855,0.1898935624355289,FLAG,6.3508962000014435,PASS,0.0,0.0,PASS,0.0,0.0,1,dangerous,FLAG,FLAG,FLAG,FLAG,FLAG,1,dangerous,FLAG,FLAG,FLAG,FLAG,FLAG,1,dangerous,FLAG,FLAG,FLAG,FLAG,FLAG,1,dangerous,FLAG,FLAG,FLAG,FLAG,FLAG,1,dangerous,FLAG,FLAG,FLAG,FLAG,FLAG,2,dangerous,PASS,FLAG,FLAG,FLAG,FLAG
gpu_seed1101_ckpt150_stale_mv,opt2026_10m_gpu_final,"WikiText-2 cached char-level, first 500000 chars",GPTMini,candidate_B_19p48m,19484864,1101,150,300,20,stale_mv,results\opt2026_10m_gpu_final\gpu_scale\checkpoints\seed_1101\checkpoint_step_150.pt,,True,True,True,True,True,True,169.8172149658203,tau = 0.10 * (||theta_checkpoint||_2 + 1e-12),16.981721496582132,Inherited fixed threshold from final task-validity campaign; not tuned on GPU rows.,benign,,1.5447096824645996,1.5447096824645996,0.009096307949553286,"[0.0, 0.182718425989151, 0.3414435386657715, 0.47793692350387573, 0.5943877696990967, 0.696769654750824, 0.791279137134552, 0.8795950412750244, 0.9614527821540833, 1.036699652671814, 1.1052640676498413, 1.1674103736877441, 1.224483609199524, 1.2753630876541138, 1.3230857849121094, 1.3673834800720215, 1.408810019493103, 1.4456393718719482, 1.480012059211731, 1.512649416923523, 1.5447096824645996]","[3.260014772415161, 3.2084927558898926, 3.133095900217692, 3.041401465733846, 3.02677845954895, 3.0809868971506753, 3.1897761821746826, 3.2284960746765137, 3.187577962875366, 3.1164165337880454, 3.0709404150644937, 3.0749345620473227, 3.0948193073272705, 3.118668476740519, 3.126234451929728, 3.1726675828297934, 3.2413628101348877, 3.2117411295572915, 3.0844311714172363, 3.031591256459554]","[3.32934300104777, 3.423140287399292, 3.4809091885884604, 3.5198052724202475, 3.4774608612060547, 3.3236522674560547, 3.134626547495524, 3.0593953927357993, 3.063171704610189, 3.0714279810587564, 3.0671586195627847, 3.083536386489868, 3.1884769598642984, 3.301481326421102, 3.3111899693806968, 3.3239537874857583, 3.306365648905436, 3.2571565310160318, 3.1622963746388755, 3.0900750954945884]","[0.0693282286326089, 0.21464753150939941, 0.3478132883707685, 0.47840380668640137, 0.4506824016571045, 0.24266537030537938, 0.05514963467915868, 0.16910068194071437, 0.12440625826517726, 0.04498855272928903, 0.0037817955017089844, 0.008601824442545425, 0.09365765253702785, 0.18281284968058298, 0.18495551745096872, 0.15128620465596487, 0.06500283877054835, 0.045415401458740234, 0.07786520322163915, 0.05848383903503418]","[26.0499219599381, 24.74176622506183, 22.94490483284755, 20.934561756797503, 20.630662903419545, 21.779886300983627, 24.282991868395808, 25.24166682900396, 24.229671153808706, 22.565372337059276, 21.56217053340182, 21.648465233916806, 22.083247895931763, 22.616245528526953, 22.788008438661823, 23.871077575297065, 25.56854308417625, 24.822267405122112, 21.85503153901606, 20.730193412048248]","[27.919992270449534, 30.665562656435927, 32.489247504817435, 33.7778503443529, 32.37740688537242, 27.761558262986096, 22.980052281281004, 21.31466626339725, 21.39530926142758, 21.57268607781902, 21.48078081051827, 21.83548473260583, 24.251463349310168, 27.15283135074155, 27.41773232943467, 27.769930190946727, 27.285778950590455, 25.975571301231074, 23.624785043223426, 21.978728417273203]","[1.8700703105114336, 5.923796431374097, 9.544342671969886, 12.843288587555396, 11.746743981952878, 5.981671962002469, 1.3029395871148033, 3.9270005656067113, 2.834361892381125, 0.992686259240255, 0.08138972288355006, 0.18701949868902545, 2.168215453378405, 4.536585822214597, 4.629723890772848, 3.8988526156496626, 1.7172358664142031, 1.1533038961089623, 1.7697535042073653, 1.248535005224955]",0.05,9,False,False,0.05848383903503418,0.47840380668640137,1.248535005224955,12.843288587555396,PASS,6.342874699999811,PASS,0.0,0.0,PASS,0.0,0.0,,benign,PASS,PASS,PASS,PASS,PASS,,benign,PASS,PASS,PASS,PASS,PASS,,benign,PASS,PASS,PASS,PASS,PASS,,benign,PASS,PASS,PASS,PASS,PASS,,benign,PASS,PASS,PASS,PASS,PASS,,benign,PASS,PASS,PASS,PASS,PASS
gpu_seed1101_ckpt150_model_current_optimizer_stale,opt2026_10m_gpu_final,"WikiText-2 cached char-level, first 500000 chars",GPTMini,candidate_B_19p48m,19484864,1101,150,300,20,model_current_optimizer_stale,results\opt2026_10m_gpu_final\gpu_scale\checkpoints\seed_1101\checkpoint_step_150.pt,,True,True,True,True,True,True,169.8172149658203,tau = 0.10 * (||theta_checkpoint||_2 + 1e-12),16.981721496582132,Inherited fixed threshold from final task-validity campaign; not tuned on GPU rows.,benign,,1.4623780250549316,1.4623780250549316,0.008611482795482548,"[0.0, 0.17299729585647583, 0.32332587242126465, 0.45293283462524414, 0.5636165738105774, 0.6614935398101807, 0.7515279650688171, 0.8347207903862, 0.9115510582923889, 0.982245147228241, 1.0465905666351318, 1.105459213256836, 1.1594359874725342, 1.2074867486953735, 1.2523951530456543, 1.2947783470153809, 1.3343614339828491, 1.3697726726531982, 1.4020862579345703, 1.432356834411621, 1.4623780250549316]","[3.260014772415161, 3.2084927558898926, 3.133095900217692, 3.041401465733846, 3.02677845954895, 3.0809868971506753, 3.1897761821746826, 3.2284960746765137, 3.187577962875366, 3.1164165337880454, 3.0709404150644937, 3.0749345620473227, 3.0948193073272705, 3.118668476740519, 3.126234451929728, 3.1726675828297934, 3.2413628101348877, 3.2117411295572915, 3.0844311714172363, 3.031591256459554]","[3.3159496784210205, 3.391857306162516, 3.4377854665120444, 3.465949455897013, 3.451040347417196, 3.3483306566874185, 3.159369150797526, 3.0490427017211914, 3.0455525716145835, 3.0584216117858887, 3.0621144771575928, 3.062249739964803, 3.116003433863322, 3.216517368952433, 3.2722396850585938, 3.3084916273752847, 3.300563017527262, 3.2583645979563394, 3.169205665588379, 3.0816805362701416]","[0.055934906005859375, 0.18336455027262355, 0.3046895662943525, 0.424547990163167, 0.4242618878682456, 0.26734375953674316, 0.030407031377156724, 0.17945337295532227, 0.14202539126078273, 0.057994922002156724, 0.008825937906900894, 0.012684822082519531, 0.021184126536051284, 0.09784889221191406, 0.1460052331288657, 0.13582404454549124, 0.059200207392374526, 0.04662346839904785, 0.08477449417114258, 0.05008927981058742]","[26.0499219599381, 24.74176622506183, 22.94490483284755, 20.934561756797503, 20.630662903419545, 21.779886300983627, 24.282991868395808, 25.24166682900396, 24.229671153808706, 22.565372337059276, 21.56217053340182, 21.648465233916806, 22.083247895931763, 22.616245528526953, 22.788008438661823, 23.871077575297065, 25.56854308417625, 24.822267405122112, 21.85503153901606, 20.730193412048248]","[27.54854382323381, 29.72110222565972, 31.11797002153299, 32.00683442884392, 31.53318071323565, 28.455192488264043, 23.55573112664179, 21.095140411843744, 21.021643957887648, 21.293920549965858, 21.372701505995238, 21.375592633125187, 22.556052508588234, 24.94110807640655, 26.37033449748641, 27.34384963581347, 27.1279081095877, 26.006970492519436, 23.788580761232275, 21.794998922886457]","[1.4986218632957105, 4.97933600059789, 8.173065188685442, 11.07227267204642, 10.902517809816107, 6.675306187280416, 0.7272607417540193, 4.146526417160217, 3.2080271959210584, 1.2714517870934188, 0.1894690274065809, 0.2728726007916187, 0.47280461265647133, 2.3248625478795972, 3.582326058824588, 3.472772060516405, 1.5593650254114486, 1.1847030873973239, 1.9335492222162145, 1.0648055108382088]",0.05,10,False,False,0.05008927981058742,0.424547990163167,1.0648055108382088,11.07227267204642,PASS,5.727033499999379,PASS,0.0,0.0,PASS,0.0,0.0,,benign,PASS,PASS,PASS,PASS,PASS,,benign,PASS,PASS,PASS,PASS,PASS,,benign,PASS,PASS,PASS,PASS,PASS,,benign,PASS,PASS,PASS,PASS,PASS,,benign,PASS,PASS,PASS,PASS,PASS,,benign,PASS,PASS,PASS,PASS,PASS
gpu_seed1101_ckpt150_step_counter_mismatch,opt2026_10m_gpu_final,"WikiText-2 cached char-level, first 500000 chars",GPTMini,candidate_B_19p48m,19484864,1101,150,300,20,step_counter_mismatch,results\opt2026_10m_gpu_final\gpu_scale\checkpoints\seed_1101\checkpoint_step_150.pt,,True,True,True,True,True,True,169.8172149658203,tau = 0.10 * (||theta_checkpoint||_2 + 1e-12),16.981721496582132,Inherited fixed threshold from final task-validity campaign; not tuned on GPU rows.,benign,,0.1448056399822235,0.1448056399822235,0.0008527147263095098,"[0.0, 0.009578775614500046, 0.01872974820435047, 0.02749350294470787, 0.036048971116542816, 0.04419318214058876, 0.051719553768634796, 0.0587710365653038, 0.065517857670784, 0.0720498263835907, 0.07874372601509094, 0.08556687086820602, 0.09244967997074127, 0.09913463890552521, 0.10533235222101212, 0.1112777516245842, 0.11764590442180634, 0.12402316182851791, 0.13037115335464478, 0.137316033244133, 0.1448056399822235]","[3.260014772415161, 3.2084927558898926, 3.133095900217692, 3.041401465733846, 3.02677845954895, 3.0809868971506753, 3.1897761821746826, 3.2284960746765137, 3.187577962875366, 3.1164165337880454, 3.0709404150644937, 3.0749345620473227, 3.0948193073272705, 3.118668476740519, 3.126234451929728, 3.1726675828297934, 3.2413628101348877, 3.2117411295572915, 3.0844311714172363, 3.031591256459554]","[3.250065883000692, 3.1960728963216147, 3.124196211496989, 3.036931037902832, 3.0135839780171714, 3.0551647345225015, 3.1601014137268066, 3.2039612929026284, 3.178586006164551, 3.1129764715830484, 3.0643266836802163, 3.06337308883667, 3.06718118985494, 3.07751456896464, 3.0995102723439536, 3.146328846613566, 3.216810623804728, 3.2246929009755454, 3.1186610062917075, 3.01580015818278]","[0.009948889414469253, 0.012419859568277847, 0.008899688720703125, 0.004470427831014145, 0.013194481531778823, 0.025822162628173828, 0.029674768447875977, 0.02453478177388524, 0.00899195671081543, 0.003440062204997041, 0.006613731384277344, 0.011561473210652817, 0.02763811747233058, 0.041153907775878906, 0.026724179585774444, 0.02633873621622751, 0.024552186330159653, 0.012951771418253877, 0.03422983487447118, 0.015791098276774385]","[26.0499219599381, 24.74176622506183, 22.94490483284755, 20.934561756797503, 20.630662903419545, 21.779886300983627, 24.282991868395808, 25.24166682900396, 24.229671153808706, 22.565372337059276, 21.56217053340182, 21.648465233916806, 22.083247895931763, 22.616245528526953, 22.788008438661823, 23.871077575297065, 25.56854308417625, 24.822267405122112, 21.85503153901606, 20.730193412048248]","[25.792039118149283, 24.43637733224041, 22.741608301861813, 20.841184183651098, 20.36023997119172, 21.224681676737106, 23.572986432257213, 24.62990346955874, 24.012775618734675, 22.48787941919093, 21.420034671738403, 21.399618373112514, 21.481265643488275, 21.704390536781812, 22.187082992259647, 23.2505513705274, 24.94842324992421, 25.145850703726566, 22.616076575653498, 20.405411967335503]","[0.2578828417888168, 0.30538889282141923, 0.2032965309857353, 0.09337757314640527, 0.27042293222782376, 0.555204624246521, 0.7100054361385943, 0.6117633594452201, 0.21689553507403048, 0.07749291786834789, 0.14213586166341585, 0.2488468608042922, 0.6019822524434879, 0.9118549917451411, 0.6009254464021758, 0.6205262047696642, 0.6201198342520406, 0.32358329860445423, 0.7610450366374373, 0.3247814447127446]",0.05,0,False,False,0.015791098276774385,0.041153907775878906,0.3247814447127446,0.9118549917451411,PASS,7.278394299999491,PASS,0.0,0.0,PASS,0.0,0.0,,benign,PASS,PASS,PASS,PASS,PASS,,benign,PASS,PASS,PASS,PASS,PASS,,benign,PASS,PASS,PASS,PASS,PASS,,benign,PASS,PASS,PASS,PASS,PASS,,benign,PASS,PASS,PASS,PASS,PASS,,benign,PASS,PASS,PASS,PASS,PASS
gpu_seed1101_ckpt150_scheduler_mismatch,opt2026_10m_gpu_final,"WikiText-2 cached char-level, first 500000 chars",GPTMini,candidate_B_19p48m,19484864,1101,150,300,20,scheduler_mismatch,results\opt2026_10m_gpu_final\gpu_scale\checkpoints\seed_1101\checkpoint_step_150.pt,,True,True,True,True,True,True,169.8172149658203,tau = 0.10 * (||theta_checkpoint||_2 + 1e-12),16.981721496582132,Inherited fixed threshold from final task-validity campaign; not tuned on GPU rows.,benign,,0.0,0.0,0.0,"[0.0, 0.0, 0.0, 0.0, 0.0, 0.0, 0.0, 0.0, 0.0, 0.0, 0.0, 0.0, 0.0, 0.0, 0.0, 0.0, 0.0, 0.0, 0.0, 0.0, 0.0]","[3.260014772415161, 3.2084927558898926, 3.133095900217692, 3.041401465733846, 3.02677845954895, 3.0809868971506753, 3.1897761821746826, 3.2284960746765137, 3.187577962875366, 3.1164165337880454, 3.0709404150644937, 3.0749345620473227, 3.0948193073272705, 3.118668476740519, 3.126234451929728, 3.1726675828297934, 3.2413628101348877, 3.2117411295572915, 3.0844311714172363, 3.031591256459554]","[3.260014772415161, 3.2084927558898926, 3.133095900217692, 3.041401465733846, 3.02677845954895, 3.0809868971506753, 3.1897761821746826, 3.2284960746765137, 3.187577962875366, 3.1164165337880454, 3.0709404150644937, 3.0749345620473227, 3.0948193073272705, 3.118668476740519, 3.126234451929728, 3.1726675828297934, 3.2413628101348877, 3.2117411295572915, 3.0844311714172363, 3.031591256459554]","[0.0, 0.0, 0.0, 0.0, 0.0, 0.0, 0.0, 0.0, 0.0, 0.0, 0.0, 0.0, 0.0, 0.0, 0.0, 0.0, 0.0, 0.0, 0.0, 0.0]","[26.0499219599381, 24.74176622506183, 22.94490483284755, 20.934561756797503, 20.630662903419545, 21.779886300983627, 24.282991868395808, 25.24166682900396, 24.229671153808706, 22.565372337059276, 21.56217053340182, 21.648465233916806, 22.083247895931763, 22.616245528526953, 22.788008438661823, 23.871077575297065, 25.56854308417625, 24.822267405122112, 21.85503153901606, 20.730193412048248]","[26.0499219599381, 24.74176622506183, 22.94490483284755, 20.934561756797503, 20.630662903419545, 21.779886300983627, 24.282991868395808, 25.24166682900396, 24.229671153808706, 22.565372337059276, 21.56217053340182, 21.648465233916806, 22.083247895931763, 22.616245528526953, 22.788008438661823, 23.871077575297065, 25.56854308417625, 24.822267405122112, 21.85503153901606, 20.730193412048248]","[0.0, 0.0, 0.0, 0.0, 0.0, 0.0, 0.0, 0.0, 0.0, 0.0, 0.0, 0.0, 0.0, 0.0, 0.0, 0.0, 0.0, 0.0, 0.0, 0.0]",0.05,0,False,False,0.0,0.0,0.0,0.0,PASS,9.074179700000968,PASS,0.0,0.0,PASS,0.0,0.0,,benign,PASS,PASS,PASS,PASS,PASS,,benign,PASS,PASS,PASS,PASS,PASS,,benign,PASS,PASS,PASS,PASS,PASS,,benign,PASS,PASS,PASS,PASS,PASS,,benign,PASS,PASS,PASS,PASS,PASS,,benign,PASS,PASS,PASS,PASS,PASS
gpu_seed1101_ckpt150_optimizer_reset,opt2026_10m_gpu_final,"WikiText-2 cached char-level, first 500000 chars",GPTMini,candidate_B_19p48m,19484864,1101,150,300,20,optimizer_reset,results\opt2026_10m_gpu_final\gpu_scale\checkpoints\seed_1101\checkpoint_step_150.pt,,True,True,True,True,True,True,169.8172149658203,tau = 0.10 * (||theta_checkpoint||_2 + 1e-12),16.981721496582132,Inherited fixed threshold from final task-validity campaign; not tuned on GPU rows.,dangerous,16,19.276397705078125,19.276397705078125,0.1135126241998365,"[0.0, 3.443235397338867, 4.997612476348877, 6.313131332397461, 7.618713855743408, 8.788617134094238, 9.829567909240723, 10.788735389709473, 11.713998794555664, 12.556682586669922, 13.366349220275879, 14.120989799499512, 14.842206954956055, 15.51852035522461, 16.15953254699707, 16.755571365356445, 17.325408935546875, 17.8636417388916, 18.361417770385742, 18.82579231262207, 19.276397705078125]","[3.260014772415161, 3.2084927558898926, 3.133095900217692, 3.041401465733846, 3.02677845954895, 3.0809868971506753, 3.1897761821746826, 3.2284960746765137, 3.187577962875366, 3.1164165337880454, 3.0709404150644937, 3.0749345620473227, 3.0948193073272705, 3.118668476740519, 3.126234451929728, 3.1726675828297934, 3.2413628101348877, 3.2117411295572915, 3.0844311714172363, 3.031591256459554]","[23.909161885579426, 20.650432586669922, 14.860981623331705, 13.060131072998047, 15.188823382059732, 13.958373387654623, 11.063908259073893, 9.65512212117513, 10.297529220581055, 10.550123532613119, 10.028180758158365, 9.491442998250326, 8.519694646199545, 8.227961858113607, 8.860704104105631, 8.108143965403238, 7.528000990549724, 8.237227280934652, 7.916323979695638, 7.62356424331665]","[20.649147113164265, 17.44193983078003, 11.727885723114014, 10.0187296072642, 12.162044922510782, 10.877386490503948, 7.87413207689921, 6.426626046498617, 7.1099512577056885, 7.433706998825073, 6.957240343093872, 6.416508436203003, 5.424875338872274, 5.109293381373089, 5.734469652175903, 4.9354763825734445, 4.286638180414836, 5.025486151377361, 4.831892808278401, 4.591972986857096]","[26.0499219599381, 24.74176622506183, 22.94490483284755, 20.934561756797503, 20.630662903419545, 21.779886300983627, 24.282991868395808, 25.24166682900396, 24.229671153808706, 22.565372337059276, 21.56217053340182, 21.648465233916806, 22.083247895931763, 22.616245528526953, 22.788008438661823, 23.871077575297065, 25.56854308417625, 24.822267405122112, 21.85503153901606, 20.730193412048248]","[24188953176.479324, 929755853.6318873, 2844738.2657503434, 469832.2866068416, 3948409.4387951847, 1153571.5550454792, 63825.51168479166, 15601.496547604253, 29659.246790575602, 38182.15476183024, 22656.017256286977, 13245.89534648817, 5012.522930158359, 3744.194769878342, 7049.444540393273, 3321.407657930255, 1859.384858089754, 3779.047530993244, 2741.674049245169, 2045.8410254396865]","[24188953150.4294, 929755828.8901211, 2844715.320845511, 469811.3520450848, 3948388.8081322815, 1153549.7751591783, 63801.228692923265, 15576.254880775248, 29635.017119421795, 38159.58938949319, 22634.455085753576, 13224.246881254254, 4990.439682262427, 3721.578524349815, 7026.656531954612, 3297.536580354958, 1833.8163150055777, 3754.225263588122, 2719.819017706153, 2025.1108320276383]",0.05,,True,True,4.591972986857096,20.649147113164265,2025.1108320276383,24188953150.4294,FLAG,11.67915229999926,PASS,0.0,0.0,PASS,0.0,0.0,2,dangerous,PASS,FLAG,FLAG,FLAG,FLAG,5,dangerous,PASS,PASS,FLAG,FLAG,FLAG,10,dangerous,PASS,PASS,PASS,FLAG,FLAG,16,dangerous,PASS,PASS,PASS,PASS,FLAG,,benign,PASS,PASS,PASS,PASS,PASS,,benign,PASS,PASS,PASS,PASS,PASS
gpu_seed1101_ckpt300_exact_restore,opt2026_10m_gpu_final,"WikiText-2 cached char-level, first 500000 chars",GPTMini,candidate_B_19p48m,19484864,1101,300,300,20,exact_restore,results\opt2026_10m_gpu_final\gpu_scale\checkpoints\seed_1101\checkpoint_step_300.pt,results\opt2026_10m_gpu_final\gpu_scale\checkpoints\representative_scenarios\exact_restore.pt,True,True,True,True,True,True,169.71240234375,tau = 0.10 * (||theta_checkpoint||_2 + 1e-12),16.9712402343751,Inherited fixed threshold from final task-validity campaign; not tuned on GPU rows.,benign,,0.0,0.0,0.0,"[0.0, 0.0, 0.0, 0.0, 0.0, 0.0, 0.0, 0.0, 0.0, 0.0, 0.0, 0.0, 0.0, 0.0, 0.0, 0.0, 0.0, 0.0, 0.0, 0.0, 0.0]","[2.81691845258077, 2.7871936162312827, 2.739612897237142, 2.694030284881592, 2.6620585123697915, 2.6423872311909995, 2.6289586226145425, 2.6231484413146973, 2.617868185043335, 2.6158992449442544, 2.609893321990967, 2.599823474884033, 2.5833255449930825, 2.5695221424102783, 2.5602915287017822, 2.5541492303212485, 2.554551045099894, 2.558579126993815, 2.5653998851776123, 2.578803300857544]","[2.81691845258077, 2.7871936162312827, 2.739612897237142, 2.694030284881592, 2.6620585123697915, 2.6423872311909995, 2.6289586226145425, 2.6231484413146973, 2.617868185043335, 2.6158992449442544, 2.609893321990967, 2.599823474884033, 2.5833255449930825, 2.5695221424102783, 2.5602915287017822, 2.5541492303212485, 2.554551045099894, 2.558579126993815, 2.5653998851776123, 2.578803300857544]","[0.0, 0.0, 0.0, 0.0, 0.0, 0.0, 0.0, 0.0, 0.0, 0.0, 0.0, 0.0, 0.0, 0.0, 0.0, 0.0, 0.0, 0.0, 0.0, 0.0]","[16.72523158542767, 16.23539306509071, 15.480991201822214, 14.79116857683283, 14.325748497494997, 14.046696325996782, 13.859329592113934, 13.779037855139089, 13.706472753856247, 13.67951208071937, 13.597600209538502, 13.461361556843928, 13.241098892571458, 13.059582329098527, 12.939589027325976, 12.860353802908232, 12.865522321448879, 12.917450213656197, 13.005858179846086, 13.181354601708573]","[16.72523158542767, 16.23539306509071, 15.480991201822214, 14.79116857683283, 14.325748497494997, 14.046696325996782, 13.859329592113934, 13.779037855139089, 13.706472753856247, 13.67951208071937, 13.597600209538502, 13.461361556843928, 13.241098892571458, 13.059582329098527, 12.939589027325976, 12.860353802908232, 12.865522321448879, 12.917450213656197, 13.005858179846086, 13.181354601708573]","[0.0, 0.0, 0.0, 0.0, 0.0, 0.0, 0.0, 0.0, 0.0, 0.0, 0.0, 0.0, 0.0, 0.0, 0.0, 0.0, 0.0, 0.0, 0.0, 0.0]",0.05,0,False,False,0.0,0.0,0.0,0.0,PASS,30.85712059999969,PASS,0.0,0.0,PASS,0.0,0.0,,benign,PASS,PASS,PASS,PASS,PASS,,benign,PASS,PASS,PASS,PASS,PASS,,benign,PASS,PASS,PASS,PASS,PASS,,benign,PASS,PASS,PASS,PASS,PASS,,benign,PASS,PASS,PASS,PASS,PASS,,benign,PASS,PASS,PASS,PASS,PASS
gpu_seed1101_ckpt300_benign_nonzero,opt2026_10m_gpu_final,"WikiText-2 cached char-level, first 500000 chars",GPTMini,candidate_B_19p48m,19484864,1101,300,300,20,benign_nonzero,results\opt2026_10m_gpu_final\gpu_scale\checkpoints\seed_1101\checkpoint_step_300.pt,results\opt2026_10m_gpu_final\gpu_scale\checkpoints\representative_scenarios\benign_nonzero.pt,True,True,True,True,True,True,169.71240234375,tau = 0.10 * (||theta_checkpoint||_2 + 1e-12),16.9712402343751,Inherited fixed threshold from final task-validity campaign; not tuned on GPU rows.,benign,,0.0005319171468727291,0.0005319171468727291,3.1342267243105515e-06,"[1.1175870895385742e-08, 1.1175870895385742e-08, 1.1175870895385742e-08, 1.1175870895385742e-08, 1.1175870895385742e-08, 1.1175870895385742e-08, 1.9502713257679716e-05, 4.543868635664694e-05, 7.510692375944927e-05, 0.00011127237667096779, 0.00014566197933163494, 0.0001839710894273594, 0.00022397926659323275, 0.00026383300428278744, 0.0003046335477847606, 0.00034306442830711603, 0.0003801969578489661, 0.0004212414496578276, 0.00045622786274179816, 0.0004940599901601672, 0.0005319171468727291]","[2.81691845258077, 2.7871936162312827, 2.739612897237142, 2.694030284881592, 2.6620585123697915, 2.6423872311909995, 2.6289586226145425, 2.6231484413146973, 2.617868185043335, 2.6158992449442544, 2.609893321990967, 2.599823474884033, 2.5833255449930825, 2.5695221424102783, 2.5602915287017822, 2.5541492303212485, 2.554551045099894, 2.558579126993815, 2.5653998851776123, 2.578803300857544]","[2.81691845258077, 2.7871936162312827, 2.739612897237142, 2.694030284881592, 2.6620585123697915, 2.6423872311909995, 2.628958543141683, 2.6231483618418374, 2.617868264516195, 2.6158993244171143, 2.609893560409546, 2.5998236338297525, 2.5833256244659424, 2.5695223808288574, 2.5602916876475015, 2.5541493892669678, 2.554551124572754, 2.5585790475209556, 2.5653998057047525, 2.5788036982218423]","[0.0, 0.0, 0.0, 0.0, 0.0, 0.0, 7.947285940446136e-08, 7.947285984855057e-08, 7.947285984855057e-08, 7.947285984855057e-08, 2.384185791015625e-07, 1.5894571925301193e-07, 7.947285984855057e-08, 2.384185791015625e-07, 1.5894571925301193e-07, 1.5894571925301193e-07, 7.947285984855057e-08, 7.947285940446136e-08, 7.947285984855057e-08, 3.9736429835457443e-07]","[16.72523158542767, 16.23539306509071, 15.480991201822214, 14.79116857683283, 14.325748497494997, 14.046696325996782, 13.859329592113934, 13.779037855139089, 13.706472753856247, 13.67951208071937, 13.597600209538502, 13.461361556843928, 13.241098892571458, 13.059582329098527, 12.939589027325976, 12.860353802908232, 12.865522321448879, 12.917450213656197, 13.005858179846086, 13.181354601708573]","[16.72523158542767, 16.23539306509071, 15.480991201822214, 14.79116857683283, 14.325748497494997, 14.046696325996782, 13.859328490673427, 13.779036760079588, 13.70647384314888, 13.67951316786936, 13.59760345145941, 13.461363696469892, 13.241099944879496, 13.05958544274596, 12.939591084018424, 12.86035584700658, 12.865523343908771, 12.917449187069534, 13.005857146233383, 13.181359839509337]","[0.0, 0.0, 0.0, 0.0, 0.0, 0.0, 1.1014405068010547e-06, 1.0950595008552e-06, 1.0892926329830743e-06, 1.087149989587033e-06, 3.2419209077261257e-06, 2.1396259644035354e-06, 1.0523080380409056e-06, 3.113647432329003e-06, 2.05669244834894e-06, 2.044098348363832e-06, 1.022459892752181e-06, 1.0265866627889864e-06, 1.0336127029830777e-06, 5.237800763779887e-06]",0.05,0,False,False,3.9736429835457443e-07,3.9736429835457443e-07,5.237800763779887e-06,5.237800763779887e-06,PASS,17.42787970000063,PASS,1.1175870895385742e-08,1.0,PASS,1.1175870895385742e-08,1.0,,benign,PASS,PASS,PASS,PASS,PASS,,benign,PASS,PASS,PASS,PASS,PASS,,benign,PASS,PASS,PASS,PASS,PASS,,benign,PASS,PASS,PASS,PASS,PASS,,benign,PASS,PASS,PASS,PASS,PASS,,benign,PASS,PASS,PASS,PASS,PASS
gpu_seed1101_ckpt300_reset_m,opt2026_10m_gpu_final,"WikiText-2 cached char-level, first 500000 chars",GPTMini,candidate_B_19p48m,19484864,1101,300,300,20,reset_m,results\opt2026_10m_gpu_final\gpu_scale\checkpoints\seed_1101\checkpoint_step_300.pt,results\opt2026_10m_gpu_final\gpu_scale\checkpoints\representative_scenarios\reset_m.pt,True,True,True,True,True,True,169.71240234375,tau = 0.10 * (||theta_checkpoint||_2 + 1e-12),16.9712402343751,Inherited fixed threshold from final task-validity campaign; not tuned on GPU rows.,benign,,0.15352968871593475,0.15352968871593475,0.0009046462521045557,"[0.0, 0.0202108733355999, 0.038138262927532196, 0.053871892392635345, 0.06747902184724808, 0.07924468070268631, 0.08936913311481476, 0.09805680811405182, 0.10556872189044952, 0.112026147544384, 0.11770588159561157, 0.12273965775966644, 0.1274222582578659, 0.13176566362380981, 0.13577276468276978, 0.1394485980272293, 0.14285814762115479, 0.145956888794899, 0.14878827333450317, 0.15131226181983948, 0.15352968871593475]","[2.81691845258077, 2.7871936162312827, 2.739612897237142, 2.694030284881592, 2.6620585123697915, 2.6423872311909995, 2.6289586226145425, 2.6231484413146973, 2.617868185043335, 2.6158992449442544, 2.609893321990967, 2.599823474884033, 2.5833255449930825, 2.5695221424102783, 2.5602915287017822, 2.5541492303212485, 2.554551045099894, 2.558579126993815, 2.5653998851776123, 2.578803300857544]","[2.80587108929952, 2.7676058610280356, 2.7177932262420654, 2.6715447902679443, 2.6417972246805825, 2.627458095550537, 2.6195855140686035, 2.6191324392954507, 2.6156318187713623, 2.613929112752279, 2.6064021587371826, 2.5958755016326904, 2.5807812213897705, 2.570132255554199, 2.5631407101949057, 2.5569324493408203, 2.5564573605855307, 2.559561332066854, 2.5650495688120523, 2.5784032344818115]","[0.01104736328125, 0.01958775520324707, 0.021819670995076645, 0.02248549461364746, 0.020261287689208984, 0.014929135640462388, 0.00937310854593898, 0.004016002019246567, 0.0022363662719726562, 0.0019701321919756154, 0.0034911632537841797, 0.0039479732513427734, 0.0025443236033120264, 0.0006101131439208984, 0.0028491814931235204, 0.002783219019571792, 0.0019063154856366893, 0.000982205073039033, 0.00035031636556004386, 0.0004000663757324219]","[16.72523158542767, 16.23539306509071, 15.480991201822214, 14.79116857683283, 14.325748497494997, 14.046696325996782, 13.859329592113934, 13.779037855139089, 13.706472753856247, 13.67951208071937, 13.597600209538502, 13.461361556843928, 13.241098892571458, 13.059582329098527, 12.939589027325976, 12.860353802908232, 12.865522321448879, 12.917450213656197, 13.005858179846086, 13.181354601708573]","[16.54147873720209, 15.920472522352176, 15.146859643961433, 14.462293155161788, 14.038411128115285, 13.838548887875676, 13.730031500620314, 13.723812178728107, 13.675854310270166, 13.652588164144602, 13.55021153627664, 13.408321231276847, 13.207452074473318, 13.067552583062742, 12.976508835552682, 12.896196840585402, 12.89007145764593, 12.93014403173253, 13.001302812833929, 13.176082239663533]","[0.18375284822558058, 0.31492054273853576, 0.33413155786078086, 0.3288754216710412, 0.28733736937971166, 0.20814743812110592, 0.12929809149362015, 0.055225676410982416, 0.030618443586080346, 0.026923916574768114, 0.047388673261862024, 0.05304032556708016, 0.03364681809813952, 0.007970253964215246, 0.03691980822670615, 0.035843037677169676, 0.024549136197052235, 0.01269381807633252, 0.004555367012157419, 0.005272362045040779]",0.05,0,False,False,0.0004000663757324219,0.02248549461364746,0.005272362045040779,0.33413155786078086,PASS,6.066623800001253,PASS,0.0,0.0,PASS,0.0,0.0,,benign,PASS,PASS,PASS,PASS,PASS,,benign,PASS,PASS,PASS,PASS,PASS,,benign,PASS,PASS,PASS,PASS,PASS,,benign,PASS,PASS,PASS,PASS,PASS,,benign,PASS,PASS,PASS,PASS,PASS,,benign,PASS,PASS,PASS,PASS,PASS
gpu_seed1101_ckpt300_reset_v,opt2026_10m_gpu_final,"WikiText-2 cached char-level, first 500000 chars",GPTMini,candidate_B_19p48m,19484864,1101,300,300,20,reset_v,results\opt2026_10m_gpu_final\gpu_scale\checkpoints\seed_1101\checkpoint_step_300.pt,results\opt2026_10m_gpu_final\gpu_scale\checkpoints\representative_scenarios\reset_v.pt,True,True,True,True,True,True,169.71240234375,tau = 0.10 * (||theta_checkpoint||_2 + 1e-12),16.9712402343751,Inherited fixed threshold from final task-validity campaign; not tuned on GPU rows.,dangerous,1,2571.784423828125,2571.784423828125,15.153780090974129,"[0.0, 768.1163940429688, 1174.754638671875, 1561.71826171875, 1771.3115234375, 1976.361328125, 2069.411376953125, 2159.017333984375, 2237.0087890625, 2309.674072265625, 2362.322509765625, 2409.98779296875, 2440.4873046875, 2468.373046875, 2491.522216796875, 2512.82373046875, 2530.1455078125, 2545.89404296875, 2555.41455078125, 2564.102783203125, 2571.784423828125]","[2.81691845258077, 2.7871936162312827, 2.739612897237142, 2.694030284881592, 2.6620585123697915, 2.6423872311909995, 2.6289586226145425, 2.6231484413146973, 2.617868185043335, 2.6158992449442544, 2.609893321990967, 2.599823474884033, 2.5833255449930825, 2.5695221424102783, 2.5602915287017822, 2.5541492303212485, 2.554551045099894, 2.558579126993815, 2.5653998851776123, 2.578803300857544]","[3678.01025390625, 3296.4119466145835, 2865.3617350260415, 2480.08447265625, 2189.2689615885415, 1927.4528401692708, 1706.7694091796875, 1484.5257161458333, 1292.4342854817708, 1147.8230387369792, 1025.6412963867188, 911.4972737630209, 814.9715372721354, 753.0162353515625, 718.1774291992188, 666.4590657552084, 610.9646402994791, 559.6216125488281, 534.4267578125, 494.6148274739583]","[3675.193335453669, 3293.624752998352, 2862.622122128804, 2477.3904423713684, 2186.606903076172, 1924.8104529380798, 1704.1404505570729, 1481.9025677045186, 1289.8164172967274, 1145.207139492035, 1023.0314030647278, 908.8974502881368, 812.3882117271423, 750.4467132091522, 715.617137670517, 663.9049165248871, 608.4100892543793, 557.0630334218343, 531.8613579273224, 492.03602417310077]","[16.72523158542767, 16.23539306509071, 15.480991201822214, 14.79116857683283, 14.325748497494997, 14.046696325996782, 13.859329592113934, 13.779037855139089, 13.706472753856247, 13.67951208071937, 13.597600209538502, 13.461361556843928, 13.241098892571458, 13.059582329098527, 12.939589027325976, 12.860353802908232, 12.865522321448879, 12.917450213656197, 13.005858179846086, 13.181354601708573]","[5.184705528587072e+21, 5.184705528587072e+21, 5.184705528587072e+21, 5.184705528587072e+21, 5.184705528587072e+21, 5.184705528587072e+21, 5.184705528587072e+21, 5.184705528587072e+21, 5.184705528587072e+21, 5.184705528587072e+21, 5.184705528587072e+21, 5.184705528587072e+21, 5.184705528587072e+21, 5.184705528587072e+21, 5.184705528587072e+21, 5.184705528587072e+21, 5.184705528587072e+21, 5.184705528587072e+21, 5.184705528587072e+21, 5.184705528587072e+21]","[5.184705528587072e+21, 5.184705528587072e+21, 5.184705528587072e+21, 5.184705528587072e+21, 5.184705528587072e+21, 5.184705528587072e+21, 5.184705528587072e+21, 5.184705528587072e+21, 5.184705528587072e+21, 5.184705528587072e+21, 5.184705528587072e+21, 5.184705528587072e+21, 5.184705528587072e+21, 5.184705528587072e+21, 5.184705528587072e+21, 5.184705528587072e+21, 5.184705528587072e+21, 5.184705528587072e+21, 5.184705528587072e+21, 5.184705528587072e+21]",0.05,,True,True,492.03602417310077,3675.193335453669,5.184705528587072e+21,5.184705528587072e+21,FLAG,6.8495356000003085,PASS,0.0,0.0,PASS,0.0,0.0,1,dangerous,FLAG,FLAG,FLAG,FLAG,FLAG,1,dangerous,FLAG,FLAG,FLAG,FLAG,FLAG,1,dangerous,FLAG,FLAG,FLAG,FLAG,FLAG,1,dangerous,FLAG,FLAG,FLAG,FLAG,FLAG,1,dangerous,FLAG,FLAG,FLAG,FLAG,FLAG,1,dangerous,FLAG,FLAG,FLAG,FLAG,FLAG
gpu_seed1101_ckpt300_stale_m,opt2026_10m_gpu_final,"WikiText-2 cached char-level, first 500000 chars",GPTMini,candidate_B_19p48m,19484864,1101,300,300,20,stale_m,results\opt2026_10m_gpu_final\gpu_scale\checkpoints\seed_1101\checkpoint_step_300.pt,results\opt2026_10m_gpu_final\gpu_scale\checkpoints\representative_scenarios\stale_m.pt,True,True,True,True,True,True,169.71240234375,tau = 0.10 * (||theta_checkpoint||_2 + 1e-12),16.9712402343751,Inherited fixed threshold from final task-validity campaign; not tuned on GPU rows.,benign,,0.22183313965797424,0.22183313965797424,0.0013071121296642373,"[0.0, 0.030162250623106956, 0.05676303058862686, 0.07986721396446228, 0.0994739830493927, 0.11599168181419373, 0.12998256087303162, 0.14193829894065857, 0.15237894654273987, 0.16166606545448303, 0.17005810141563416, 0.1776844561100006, 0.18475675582885742, 0.19122041761875153, 0.1971054971218109, 0.20234698057174683, 0.20709703862667084, 0.21136531233787537, 0.21527470648288727, 0.21875925362110138, 0.22183313965797424]","[2.81691845258077, 2.7871936162312827, 2.739612897237142, 2.694030284881592, 2.6620585123697915, 2.6423872311909995, 2.6289586226145425, 2.6231484413146973, 2.617868185043335, 2.6158992449442544, 2.609893321990967, 2.599823474884033, 2.5833255449930825, 2.5695221424102783, 2.5602915287017822, 2.5541492303212485, 2.554551045099894, 2.558579126993815, 2.5653998851776123, 2.578803300857544]","[2.7958718140920005, 2.7565550804138184, 2.7145256201426187, 2.6771300633748374, 2.6557594935099282, 2.64607826868693, 2.6387319564819336, 2.637618144353231, 2.6305741469065347, 2.624827226003011, 2.6168761253356934, 2.608043909072876, 2.594583749771118, 2.584517558415731, 2.576082785924276, 2.5676167805989585, 2.5660531520843506, 2.5694005489349365, 2.576233228047689, 2.591722249984741]","[0.02104663848876953, 0.03063853581746434, 0.025087277094523408, 0.01690022150675441, 0.006299018859863281, 0.0036910374959306935, 0.009773333867391099, 0.014469703038533677, 0.012705961863199722, 0.008927981058756806, 0.0069828033447265625, 0.008220434188842773, 0.01125820477803563, 0.014995416005452622, 0.015791257222493638, 0.013467550277709961, 0.011502106984456528, 0.010821421941121567, 0.010833342870076645, 0.012918949127197266]","[16.72523158542767, 16.23539306509071, 15.480991201822214, 14.79116857683283, 14.325748497494997, 14.046696325996782, 13.859329592113934, 13.779037855139089, 13.706472753856247, 13.67951208071937, 13.597600209538502, 13.461361556843928, 13.241098892571458, 13.059582329098527, 12.939589027325976, 12.860353802908232, 12.865522321448879, 12.917450213656197, 13.005858179846086, 13.181354601708573]","[16.376900143582105, 15.745507404354502, 15.097446448397381, 14.5432950103542, 14.235793947662394, 14.09863901105789, 13.995445517126813, 13.979865898158167, 13.881737771346039, 13.80218932063554, 13.692881857108446, 13.572475871854406, 13.391012189266261, 13.256891871033158, 13.145543264400128, 13.034722790385576, 13.014357252367866, 13.057994465635494, 13.147521056610143, 13.352748582507695]","[0.3483314418455663, 0.48988566073620987, 0.3835447534248324, 0.24787356647862957, 0.08995454983260309, 0.051942685061106886, 0.13611592501287895, 0.20082804301907764, 0.17526501748979229, 0.12267723991616997, 0.09528164756994428, 0.11111431501047875, 0.14991329669480358, 0.19730954193463113, 0.2059542370741525, 0.17436898747734375, 0.14883493091898714, 0.14054425197929632, 0.1416628767640571, 0.17139398079912205]",0.05,0,False,False,0.012918949127197266,0.03063853581746434,0.17139398079912205,0.48988566073620987,PASS,6.229315599999609,PASS,0.0,0.0,PASS,0.0,0.0,,benign,PASS,PASS,PASS,PASS,PASS,,benign,PASS,PASS,PASS,PASS,PASS,,benign,PASS,PASS,PASS,PASS,PASS,,benign,PASS,PASS,PASS,PASS,PASS,,benign,PASS,PASS,PASS,PASS,PASS,,benign,PASS,PASS,PASS,PASS,PASS
gpu_seed1101_ckpt300_stale_v,opt2026_10m_gpu_final,"WikiText-2 cached char-level, first 500000 chars",GPTMini,candidate_B_19p48m,19484864,1101,300,300,20,stale_v,results\opt2026_10m_gpu_final\gpu_scale\checkpoints\seed_1101\checkpoint_step_300.pt,results\opt2026_10m_gpu_final\gpu_scale\checkpoints\representative_scenarios\stale_v.pt,True,True,True,True,True,True,169.71240234375,tau = 0.10 * (||theta_checkpoint||_2 + 1e-12),16.9712402343751,Inherited fixed threshold from final task-validity campaign; not tuned on GPU rows.,benign,,0.008053610101342201,0.008053610101342201,4.7454458189977675e-05,"[0.0, 0.000495109532494098, 0.0009551271796226501, 0.001519293524324894, 0.0021459676790982485, 0.002754317596554756, 0.003298215800896287, 0.0038093558978289366, 0.004287410527467728, 0.004736274480819702, 0.00515274191275239, 0.0055253650061786175, 0.005871188826858997, 0.006186156067997217, 0.006493873428553343, 0.006782999262213707, 0.007054699119180441, 0.007323082536458969, 0.007579116150736809, 0.007828069850802422, 0.008053610101342201]","[2.81691845258077, 2.7871936162312827, 2.739612897237142, 2.694030284881592, 2.6620585123697915, 2.6423872311909995, 2.6289586226145425, 2.6231484413146973, 2.617868185043335, 2.6158992449442544, 2.609893321990967, 2.599823474884033, 2.5833255449930825, 2.5695221424102783, 2.5602915287017822, 2.5541492303212485, 2.554551045099894, 2.558579126993815, 2.5653998851776123, 2.578803300857544]","[2.816916306813558, 2.7872968514760337, 2.739842971165975, 2.6943501631418862, 2.6623677412668862, 2.6426841417948403, 2.629257837931315, 2.6234544118245444, 2.618250290552775, 2.6163466771443686, 2.6103933652242026, 2.6003870964050293, 2.583947022755941, 2.5701297918955484, 2.560843070348104, 2.554642120997111, 2.554973920186361, 2.558971643447876, 2.5657711029052734, 2.5791683991750083]","[2.1457672119140625e-06, 0.00010323524475097656, 0.0002300739288330078, 0.0003198782602944483, 0.00030922889709472656, 0.0002969106038408498, 0.00029921531677246094, 0.00030597050984715324, 0.00038210550943995614, 0.00044743220011422835, 0.0005000432332358251, 0.0005636215209960938, 0.000621477762858369, 0.0006076494852700343, 0.0005515416463217626, 0.0004928906758623341, 0.0004228750864667674, 0.0003925164540610204, 0.0003712177276611328, 0.00036509831746434074]","[16.72523158542767, 16.23539306509071, 15.480991201822214, 14.79116857683283, 14.325748497494997, 14.046696325996782, 13.859329592113934, 13.779037855139089, 13.706472753856247, 13.67951208071937, 13.597600209538502, 13.461361556843928, 13.241098892571458, 13.059582329098527, 12.939589027325976, 12.860353802908232, 12.865522321448879, 12.917450213656197, 13.005858179846086, 13.181354601708573]","[16.725195697012627, 16.23706921638487, 15.484553384057165, 14.795900706917328, 14.33017911790556, 14.05086755829581, 13.863477136281519, 13.783254479425274, 13.711711073342117, 13.685634104399263, 13.604401297788893, 13.468950808451135, 13.249330498704138, 13.067520389113433, 12.946727718022478, 12.866694113797676, 12.870963980802994, 12.922521520630177, 13.010687081197332, 13.186167970718554]","[3.5888415045093325e-05, 0.0016761512941592116, 0.0035621822349511945, 0.004732130084498465, 0.00443062041056308, 0.004171232299027494, 0.0041475441675853375, 0.004216624286184967, 0.005238319485870946, 0.006122023679893118, 0.006801088250391274, 0.007589251607207359, 0.008231606132680369, 0.007938060014906156, 0.007138690696502081, 0.0063403108894437565, 0.005441659354115558, 0.005071306973979617, 0.004828901351245918, 0.004813369009980306]",0.05,0,False,False,0.00036509831746434074,0.000621477762858369,0.004813369009980306,0.008231606132680369,PASS,19.390496200001508,PASS,0.0,0.0,PASS,0.0,0.0,,benign,PASS,PASS,PASS,PASS,PASS,,benign,PASS,PASS,PASS,PASS,PASS,,benign,PASS,PASS,PASS,PASS,PASS,,benign,PASS,PASS,PASS,PASS,PASS,,benign,PASS,PASS,PASS,PASS,PASS,,benign,PASS,PASS,PASS,PASS,PASS
gpu_seed1101_ckpt300_stale_mv,opt2026_10m_gpu_final,"WikiText-2 cached char-level, first 500000 chars",GPTMini,candidate_B_19p48m,19484864,1101,300,300,20,stale_mv,results\opt2026_10m_gpu_final\gpu_scale\checkpoints\seed_1101\checkpoint_step_300.pt,results\opt2026_10m_gpu_final\gpu_scale\checkpoints\representative_scenarios\stale_mv.pt,True,True,True,True,True,True,169.71240234375,tau = 0.10 * (||theta_checkpoint||_2 + 1e-12),16.9712402343751,Inherited fixed threshold from final task-validity campaign; not tuned on GPU rows.,benign,,0.2216375172138214,0.2216375172138214,0.0013059594593734908,"[0.0, 0.030173666775226593, 0.056789886206388474, 0.07991030067205429, 0.09952182322740555, 0.11604728549718857, 0.13004542887210846, 0.1419985294342041, 0.15242920815944672, 0.16169701516628265, 0.17006614804267883, 0.17766177654266357, 0.18470880389213562, 0.19114898145198822, 0.1970137655735016, 0.20223094522953033, 0.20695631206035614, 0.21120044589042664, 0.2150912880897522, 0.21856415271759033, 0.2216375172138214]","[2.81691845258077, 2.7871936162312827, 2.739612897237142, 2.694030284881592, 2.6620585123697915, 2.6423872311909995, 2.6289586226145425, 2.6231484413146973, 2.617868185043335, 2.6158992449442544, 2.609893321990967, 2.599823474884033, 2.5833255449930825, 2.5695221424102783, 2.5602915287017822, 2.5541492303212485, 2.554551045099894, 2.558579126993815, 2.5653998851776123, 2.578803300857544]","[2.7959535121917725, 2.756746212641398, 2.7147598266601562, 2.6773972511291504, 2.6559930642445884, 2.6463038126627603, 2.638972441355387, 2.63786514600118, 2.6308650175730386, 2.625138521194458, 2.617167075475057, 2.6083590984344482, 2.5949766635894775, 2.584989070892334, 2.5766127904256186, 2.5681752363840737, 2.5665668646494546, 2.5698046684265137, 2.576577107111613, 2.5919912656148276]","[0.020964940388997544, 0.030447403589884736, 0.024853070576985825, 0.016633033752441406, 0.0060654481252031545, 0.003916581471760772, 0.010013818740844727, 0.014716704686482895, 0.012996832529703628, 0.009239276250203599, 0.007273753484090317, 0.008535623550415039, 0.011651118596395005, 0.015466928482055664, 0.01632126172383641, 0.014026006062825225, 0.012015819549560547, 0.011225541432698716, 0.011177221934000503, 0.013187964757283677]","[16.72523158542767, 16.23539306509071, 15.480991201822214, 14.79116857683283, 14.325748497494997, 14.046696325996782, 13.859329592113934, 13.779037855139089, 13.706472753856247, 13.67951208071937, 13.597600209538502, 13.461361556843928, 13.241098892571458, 13.059582329098527, 12.939589027325976, 12.860353802908232, 12.865522321448879, 12.917450213656197, 13.005858179846086, 13.181354601708573]","[16.37823815985994, 15.748517165881116, 15.100982782853894, 14.547181319852362, 14.239119400862375, 14.101819232780679, 13.99881161480249, 13.983319374562745, 13.885776148958143, 13.806486544620372, 13.69686638261408, 13.576754446104534, 13.396274736793362, 13.263144134845689, 13.152512308152, 13.042004139701827, 13.021044608757595, 13.063272522130886, 13.152042991298782, 13.356341163789597]","[0.3469934255677316, 0.4868758992095952, 0.3800084189683197, 0.24398725698046775, 0.0866290966326222, 0.05512290678389675, 0.13948202268855603, 0.20428151942365602, 0.17930339510189697, 0.12697446390100176, 0.09926617307557883, 0.11539288926060642, 0.15517584422190467, 0.20356180574716198, 0.21292328082602374, 0.1816503367935951, 0.15552228730871676, 0.14582230847468836, 0.14618481145269513, 0.17498656208102403]",0.05,0,False,False,0.013187964757283677,0.030447403589884736,0.17498656208102403,0.4868758992095952,PASS,14.248508999999103,PASS,0.0,0.0,PASS,0.0,0.0,,benign,PASS,PASS,PASS,PASS,PASS,,benign,PASS,PASS,PASS,PASS,PASS,,benign,PASS,PASS,PASS,PASS,PASS,,benign,PASS,PASS,PASS,PASS,PASS,,benign,PASS,PASS,PASS,PASS,PASS,,benign,PASS,PASS,PASS,PASS,PASS
gpu_seed1101_ckpt300_model_current_optimizer_stale,opt2026_10m_gpu_final,"WikiText-2 cached char-level, first 500000 chars",GPTMini,candidate_B_19p48m,19484864,1101,300,300,20,model_current_optimizer_stale,results\opt2026_10m_gpu_final\gpu_scale\checkpoints\seed_1101\checkpoint_step_300.pt,results\opt2026_10m_gpu_final\gpu_scale\checkpoints\representative_scenarios\model_current_optimizer_stale.pt,True,True,True,True,True,True,169.71240234375,tau = 0.10 * (||theta_checkpoint||_2 + 1e-12),16.9712402343751,Inherited fixed threshold from final task-validity campaign; not tuned on GPU rows.,benign,,0.42930054664611816,0.42930054664611816,0.0025295767469991595,"[0.0, 0.04767442122101784, 0.09114757925271988, 0.13039690256118774, 0.16231577098369598, 0.18966102600097656, 0.2128957062959671, 0.23480919003486633, 0.2556949257850647, 0.27544906735420227, 0.29451149702072144, 0.3124304711818695, 0.3289596140384674, 0.3444339334964752, 0.3594849407672882, 0.37419289350509644, 0.3872312903404236, 0.39836087822914124, 0.408486545085907, 0.4186045229434967, 0.42930054664611816]","[2.81691845258077, 2.7871936162312827, 2.739612897237142, 2.694030284881592, 2.6620585123697915, 2.6423872311909995, 2.6289586226145425, 2.6231484413146973, 2.617868185043335, 2.6158992449442544, 2.609893321990967, 2.599823474884033, 2.5833255449930825, 2.5695221424102783, 2.5602915287017822, 2.5541492303212485, 2.554551045099894, 2.558579126993815, 2.5653998851776123, 2.578803300857544]","[2.779672940572103, 2.73025115331014, 2.701599438985189, 2.663334528605143, 2.6418588161468506, 2.617638349533081, 2.600412607192993, 2.5951716899871826, 2.5845422744750977, 2.5860304832458496, 2.5924177169799805, 2.564969460169474, 2.5220985412597656, 2.503798007965088, 2.5157011349995932, 2.53669540087382, 2.5399881998697915, 2.5328214963277182, 2.5194007555643716, 2.5344885190327964]","[0.03724551200866699, 0.05694246292114258, 0.038013458251953125, 0.030695756276448716, 0.020199696222940933, 0.024748881657918442, 0.02854601542154933, 0.02797675132751465, 0.033325910568237305, 0.0298687616984048, 0.017475605010986328, 0.03485401471455907, 0.06122700373331691, 0.06572413444519043, 0.04459039370218898, 0.01745382944742868, 0.014562845230102539, 0.02575763066609671, 0.04599912961324071, 0.04431478182474757]","[16.72523158542767, 16.23539306509071, 15.480991201822214, 14.79116857683283, 14.325748497494997, 14.046696325996782, 13.859329592113934, 13.779037855139089, 13.706472753856247, 13.67951208071937, 13.597600209538502, 13.461361556843928, 13.241098892571458, 13.059582329098527, 12.939589027325976, 12.860353802908232, 12.865522321448879, 12.917450213656197, 13.005858179846086, 13.181354601708573]","[16.113749932272707, 15.336738408860548, 14.903549990736572, 14.344040052840274, 14.039275801068703, 13.703322881687187, 13.46929441638214, 13.398887618780146, 13.257219533208904, 13.276963731694623, 13.362038208382225, 13.000261337829976, 12.454705972626353, 12.228851146556751, 12.375282481716415, 12.637838898406889, 12.679521349948194, 12.588975823397545, 12.421151127255134, 12.60997943381253]","[0.6114816531549643, 0.898654656230164, 0.5774412110856417, 0.4471285239925553, 0.28647269642629425, 0.34337344430959504, 0.3900351757317928, 0.3801502363589435, 0.44925322064734274, 0.40254834902474634, 0.23556200115627668, 0.46110021901395193, 0.7863929199451043, 0.8307311825417756, 0.5643065456095613, 0.22251490450134348, 0.1860009715006843, 0.328474390258652, 0.5847070525909519, 0.5713751678960435]",0.05,2,False,False,0.04431478182474757,0.06572413444519043,0.5713751678960435,0.898654656230164,PASS,53.46666120000009,PASS,0.0,0.0,PASS,0.0,0.0,,benign,PASS,PASS,PASS,PASS,PASS,,benign,PASS,PASS,PASS,PASS,PASS,,benign,PASS,PASS,PASS,PASS,PASS,,benign,PASS,PASS,PASS,PASS,PASS,,benign,PASS,PASS,PASS,PASS,PASS,,benign,PASS,PASS,PASS,PASS,PASS
gpu_seed1101_ckpt300_step_counter_mismatch,opt2026_10m_gpu_final,"WikiText-2 cached char-level, first 500000 chars",GPTMini,candidate_B_19p48m,19484864,1101,300,300,20,step_counter_mismatch,results\opt2026_10m_gpu_final\gpu_scale\checkpoints\seed_1101\checkpoint_step_300.pt,results\opt2026_10m_gpu_final\gpu_scale\checkpoints\representative_scenarios\step_counter_mismatch.pt,True,True,True,True,True,True,169.71240234375,tau = 0.10 * (||theta_checkpoint||_2 + 1e-12),16.9712402343751,Inherited fixed threshold from final task-validity campaign; not tuned on GPU rows.,benign,,0.013183163478970528,0.013183163478970528,7.767943471961552e-05,"[0.0, 0.0008141894359141588, 0.0015854198718443513, 0.0024560699239373207, 0.0033510946668684483, 0.004235622473061085, 0.00500782486051321, 0.005742852576076984, 0.0064393263310194016, 0.007098674774169922, 0.00774327851831913, 0.008364723064005375, 0.008967331610620022, 0.009562849067151546, 0.010165229439735413, 0.010748530738055706, 0.011297647841274738, 0.011814817786216736, 0.01229812204837799, 0.012739391066133976, 0.013183163478970528]","[2.81691845258077, 2.7871936162312827, 2.739612897237142, 2.694030284881592, 2.6620585123697915, 2.6423872311909995, 2.6289586226145425, 2.6231484413146973, 2.617868185043335, 2.6158992449442544, 2.609893321990967, 2.599823474884033, 2.5833255449930825, 2.5695221424102783, 2.5602915287017822, 2.5541492303212485, 2.554551045099894, 2.558579126993815, 2.5653998851776123, 2.578803300857544]","[2.816969712575277, 2.788085460662842, 2.7414769331614175, 2.6964732805887857, 2.6643906434377036, 2.6446990172068277, 2.6312801043192544, 2.6252766450246177, 2.6201632022857666, 2.618367830912272, 2.6129048665364585, 2.603466828664144, 2.587731202443441, 2.5740596453348794, 2.5644148190816245, 2.5576652685801187, 2.5573018391927085, 2.56071146329244, 2.567403475443522, 2.5807172457377114]","[5.125999450683594e-05, 0.0008918444315590968, 0.00186403592427542, 0.0024429957071938624, 0.00233213106791208, 0.0023117860158281545, 0.002321481704711914, 0.0021282037099203954, 0.0022950172424316406, 0.002468585968017578, 0.0030115445454916845, 0.003643353780110825, 0.004405657450358369, 0.004537502924601089, 0.00412329037984227, 0.0035160382588701466, 0.0027507940928144237, 0.0021323362986249705, 0.0020035902659096827, 0.0019139448801674952]","[16.72523158542767, 16.23539306509071, 15.480991201822214, 14.79116857683283, 14.325748497494997, 14.046696325996782, 13.859329592113934, 13.779037855139089, 13.706472753856247, 13.67951208071937, 13.597600209538502, 13.461361556843928, 13.241098892571458, 13.059582329098527, 12.939589027325976, 12.860353802908232, 12.865522321448879, 12.917450213656197, 13.005858179846086, 13.181354601708573]","[16.72608894268074, 16.249878968616027, 15.509875237642563, 14.827347512669206, 14.359197008633023, 14.079206846335973, 13.891541147002862, 13.808393681130429, 13.737965469499022, 13.7133228475134, 13.638611711267675, 13.510495511196213, 13.299563331137813, 13.118974867115977, 12.993052857983578, 12.90565088537383, 12.900961444770306, 12.945023949423469, 13.031942713327627, 13.206607146142524]","[0.000857357253067903, 0.014485903525315535, 0.02888403582034904, 0.03617893583637688, 0.03344851113802605, 0.03251052033919066, 0.03221155488892791, 0.029355825991340012, 0.03149271564277534, 0.033810766794029945, 0.041011501729173006, 0.049133954352285514, 0.058464438566355525, 0.059392538017450036, 0.053463830657602074, 0.04529708246559849, 0.03543912332142796, 0.0275737357672714, 0.026084533481540717, 0.02525254443395042]",0.05,0,False,False,0.0019139448801674952,0.004537502924601089,0.02525254443395042,0.059392538017450036,PASS,5.962323199999446,PASS,0.0,0.0,PASS,0.0,0.0,,benign,PASS,PASS,PASS,PASS,PASS,,benign,PASS,PASS,PASS,PASS,PASS,,benign,PASS,PASS,PASS,PASS,PASS,,benign,PASS,PASS,PASS,PASS,PASS,,benign,PASS,PASS,PASS,PASS,PASS,,benign,PASS,PASS,PASS,PASS,PASS
gpu_seed1101_ckpt300_scheduler_mismatch,opt2026_10m_gpu_final,"WikiText-2 cached char-level, first 500000 chars",GPTMini,candidate_B_19p48m,19484864,1101,300,300,20,scheduler_mismatch,results\opt2026_10m_gpu_final\gpu_scale\checkpoints\seed_1101\checkpoint_step_300.pt,results\opt2026_10m_gpu_final\gpu_scale\checkpoints\representative_scenarios\scheduler_mismatch.pt,True,True,True,True,True,True,169.71240234375,tau = 0.10 * (||theta_checkpoint||_2 + 1e-12),16.9712402343751,Inherited fixed threshold from final task-validity campaign; not tuned on GPU rows.,benign,,0.0,0.0,0.0,"[0.0, 0.0, 0.0, 0.0, 0.0, 0.0, 0.0, 0.0, 0.0, 0.0, 0.0, 0.0, 0.0, 0.0, 0.0, 0.0, 0.0, 0.0, 0.0, 0.0, 0.0]","[2.81691845258077, 2.7871936162312827, 2.739612897237142, 2.694030284881592, 2.6620585123697915, 2.6423872311909995, 2.6289586226145425, 2.6231484413146973, 2.617868185043335, 2.6158992449442544, 2.609893321990967, 2.599823474884033, 2.5833255449930825, 2.5695221424102783, 2.5602915287017822, 2.5541492303212485, 2.554551045099894, 2.558579126993815, 2.5653998851776123, 2.578803300857544]","[2.81691845258077, 2.7871936162312827, 2.739612897237142, 2.694030284881592, 2.6620585123697915, 2.6423872311909995, 2.6289586226145425, 2.6231484413146973, 2.617868185043335, 2.6158992449442544, 2.609893321990967, 2.599823474884033, 2.5833255449930825, 2.5695221424102783, 2.5602915287017822, 2.5541492303212485, 2.554551045099894, 2.558579126993815, 2.5653998851776123, 2.578803300857544]","[0.0, 0.0, 0.0, 0.0, 0.0, 0.0, 0.0, 0.0, 0.0, 0.0, 0.0, 0.0, 0.0, 0.0, 0.0, 0.0, 0.0, 0.0, 0.0, 0.0]","[16.72523158542767, 16.23539306509071, 15.480991201822214, 14.79116857683283, 14.325748497494997, 14.046696325996782, 13.859329592113934, 13.779037855139089, 13.706472753856247, 13.67951208071937, 13.597600209538502, 13.461361556843928, 13.241098892571458, 13.059582329098527, 12.939589027325976, 12.860353802908232, 12.865522321448879, 12.917450213656197, 13.005858179846086, 13.181354601708573]","[16.72523158542767, 16.23539306509071, 15.480991201822214, 14.79116857683283, 14.325748497494997, 14.046696325996782, 13.859329592113934, 13.779037855139089, 13.706472753856247, 13.67951208071937, 13.597600209538502, 13.461361556843928, 13.241098892571458, 13.059582329098527, 12.939589027325976, 12.860353802908232, 12.865522321448879, 12.917450213656197, 13.005858179846086, 13.181354601708573]","[0.0, 0.0, 0.0, 0.0, 0.0, 0.0, 0.0, 0.0, 0.0, 0.0, 0.0, 0.0, 0.0, 0.0, 0.0, 0.0, 0.0, 0.0, 0.0, 0.0]",0.05,0,False,False,0.0,0.0,0.0,0.0,PASS,5.534582500000397,PASS,0.0,0.0,PASS,0.0,0.0,,benign,PASS,PASS,PASS,PASS,PASS,,benign,PASS,PASS,PASS,PASS,PASS,,benign,PASS,PASS,PASS,PASS,PASS,,benign,PASS,PASS,PASS,PASS,PASS,,benign,PASS,PASS,PASS,PASS,PASS,,benign,PASS,PASS,PASS,PASS,PASS
gpu_seed1101_ckpt300_optimizer_reset,opt2026_10m_gpu_final,"WikiText-2 cached char-level, first 500000 chars",GPTMini,candidate_B_19p48m,19484864,1101,300,300,20,optimizer_reset,results\opt2026_10m_gpu_final\gpu_scale\checkpoints\seed_1101\checkpoint_step_300.pt,results\opt2026_10m_gpu_final\gpu_scale\checkpoints\representative_scenarios\optimizer_reset.pt,True,True,True,True,True,True,169.71240234375,tau = 0.10 * (||theta_checkpoint||_2 + 1e-12),16.9712402343751,Inherited fixed threshold from final task-validity campaign; not tuned on GPU rows.,dangerous,18,18.33888816833496,18.33888816833496,0.10805862102635082,"[0.0, 3.380509376525879, 4.788663387298584, 6.11093807220459, 7.341226577758789, 8.456459999084473, 9.47697925567627, 10.39976692199707, 11.254308700561523, 12.05516242980957, 12.784454345703125, 13.479402542114258, 14.141342163085938, 14.76617431640625, 15.357165336608887, 15.920475006103516, 16.457942962646484, 16.97054672241211, 17.450716018676758, 17.902620315551758, 18.33888816833496]","[2.81691845258077, 2.7871936162312827, 2.739612897237142, 2.694030284881592, 2.6620585123697915, 2.6423872311909995, 2.6289586226145425, 2.6231484413146973, 2.617868185043335, 2.6158992449442544, 2.609893321990967, 2.599823474884033, 2.5833255449930825, 2.5695221424102783, 2.5602915287017822, 2.5541492303212485, 2.554551045099894, 2.558579126993815, 2.5653998851776123, 2.578803300857544]","[17.257204055786133, 11.642573356628418, 11.913517316182455, 10.746689478556315, 13.7799285252889, 15.020570755004883, 10.74953810373942, 10.15182367960612, 8.011058807373047, 8.444441159566244, 9.263595581054688, 8.798290888468424, 8.056911945343018, 7.3739471435546875, 7.805501461029053, 7.61441691716512, 9.090477148691813, 8.071576118469238, 7.213892300923665, 6.27927303314209]","[14.440285603205362, 8.855379740397135, 9.173904418945312, 8.052659193674723, 11.11787001291911, 12.378183523813883, 8.120579481124878, 7.528675238291422, 5.393190622329712, 5.82854191462199, 6.653702259063721, 6.198467413584391, 5.4735864003499355, 4.804425001144409, 5.2452099323272705, 5.060267686843872, 6.535926103591919, 5.512996991475424, 4.648492415746053, 3.700469732284546]","[16.72523158542767, 16.23539306509071, 15.480991201822214, 14.79116857683283, 14.325748497494997, 14.046696325996782, 13.859329592113934, 13.779037855139089, 13.706472753856247, 13.67951208071937, 13.597600209538502, 13.461361556843928, 13.241098892571458, 13.059582329098527, 12.939589027325976, 12.860353802908232, 12.865522321448879, 12.917450213656197, 13.005858179846086, 13.181354601708573]","[31239817.960376054, 113842.74629388111, 149270.78972325922, 46475.913984788145, 965043.5658772878, 3336959.94713494, 46608.49519120042, 25637.814759300505, 3014.1067824459737, 4649.156850029819, 10546.987794787401, 6622.915027345454, 3155.530622126315, 1593.912785408046, 2454.0658558342548, 2027.2123813609735, 8870.41755078091, 3202.1448134446387, 1358.168392668746, 533.4007581721922]","[31239801.23514447, 113826.51090081602, 149255.3087320574, 46461.12281621131, 965029.2401287903, 3336945.900438614, 46594.6358616083, 25624.035721445365, 3000.4003096921174, 4635.4773379491, 10533.390194577863, 6609.45366578861, 3142.2895232337437, 1580.8532030789474, 2441.126266806929, 2014.3520275580652, 8857.552028459462, 3189.2273632309825, 1345.1625344888998, 520.2194035704837]",0.05,,True,True,3.700469732284546,14.440285603205362,520.2194035704837,31239801.23514447,FLAG,9.190612000000328,PASS,0.0,0.0,PASS,0.0,0.0,2,dangerous,PASS,FLAG,FLAG,FLAG,FLAG,6,dangerous,PASS,PASS,PASS,FLAG,FLAG,10,dangerous,PASS,PASS,PASS,FLAG,FLAG,18,dangerous,PASS,PASS,PASS,PASS,FLAG,,benign,PASS,PASS,PASS,PASS,PASS,,benign,PASS,PASS,PASS,PASS,PASS
gpu_seed1102_ckpt75_exact_restore,opt2026_10m_gpu_final,"WikiText-2 cached char-level, first 500000 chars",GPTMini,candidate_B_19p48m,19484864,1102,75,300,20,exact_restore,results\opt2026_10m_gpu_final\gpu_scale\checkpoints\seed_1102\checkpoint_step_75.pt,,True,True,True,True,True,True,169.6602783203125,tau = 0.10 * (||theta_checkpoint||_2 + 1e-12),16.96602783203135,Inherited fixed threshold from final task-validity campaign; not tuned on GPU rows.,benign,,0.0,0.0,0.0,"[0.0, 0.0, 0.0, 0.0, 0.0, 0.0, 0.0, 0.0, 0.0, 0.0, 0.0, 0.0, 0.0, 0.0, 0.0, 0.0, 0.0, 0.0, 0.0, 0.0, 0.0]","[4.872601350148519, 4.431580225626628, 4.248840252558391, 4.1488831837972, 4.040281057357788, 3.984073003133138, 4.650284131368001, 3.985112984975179, 4.017379919687907, 4.1303309599558515, 4.5035115877787275, 4.3253733317057295, 4.366367816925049, 4.337862650553386, 4.0157577196757, 4.278970956802368, 4.038034677505493, 4.2466505368550616, 4.117470979690552, 4.115745147069295]","[4.872601350148519, 4.431580225626628, 4.248840252558391, 4.1488831837972, 4.040281057357788, 3.984073003133138, 4.650284131368001, 3.985112984975179, 4.017379919687907, 4.1303309599558515, 4.5035115877787275, 4.3253733317057295, 4.366367816925049, 4.337862650553386, 4.0157577196757, 4.278970956802368, 4.038034677505493, 4.2466505368550616, 4.117470979690552, 4.115745147069295]","[0.0, 0.0, 0.0, 0.0, 0.0, 0.0, 0.0, 0.0, 0.0, 0.0, 0.0, 0.0, 0.0, 0.0, 0.0, 0.0, 0.0, 0.0, 0.0, 0.0]","[130.66036855787436, 84.0641523344878, 70.02415490224017, 63.36319572398921, 56.84231651188939, 53.735453785394625, 104.61470567414456, 53.79136675080021, 55.555355478245545, 62.198504743079546, 90.33379002071905, 75.59372912822295, 78.75705152920987, 76.54376360687175, 55.46530663827243, 72.16613970960644, 56.71477038947464, 69.87098966600031, 61.40375438937877, 61.29787317988917]","[130.66036855787436, 84.0641523344878, 70.02415490224017, 63.36319572398921, 56.84231651188939, 53.735453785394625, 104.61470567414456, 53.79136675080021, 55.555355478245545, 62.198504743079546, 90.33379002071905, 75.59372912822295, 78.75705152920987, 76.54376360687175, 55.46530663827243, 72.16613970960644, 56.71477038947464, 69.87098966600031, 61.40375438937877, 61.29787317988917]","[0.0, 0.0, 0.0, 0.0, 0.0, 0.0, 0.0, 0.0, 0.0, 0.0, 0.0, 0.0, 0.0, 0.0, 0.0, 0.0, 0.0, 0.0, 0.0, 0.0]",0.05,0,False,False,0.0,0.0,0.0,0.0,PASS,12.523169800000687,PASS,0.0,0.0,PASS,0.0,0.0,,benign,PASS,PASS,PASS,PASS,PASS,,benign,PASS,PASS,PASS,PASS,PASS,,benign,PASS,PASS,PASS,PASS,PASS,,benign,PASS,PASS,PASS,PASS,PASS,,benign,PASS,PASS,PASS,PASS,PASS,,benign,PASS,PASS,PASS,PASS,PASS
gpu_seed1102_ckpt75_benign_nonzero,opt2026_10m_gpu_final,"WikiText-2 cached char-level, first 500000 chars",GPTMini,candidate_B_19p48m,19484864,1102,75,300,20,benign_nonzero,results\opt2026_10m_gpu_final\gpu_scale\checkpoints\seed_1102\checkpoint_step_75.pt,,True,True,True,True,True,True,169.6602783203125,tau = 0.10 * (||theta_checkpoint||_2 + 1e-12),16.96602783203135,Inherited fixed threshold from final task-validity campaign; not tuned on GPU rows.,benign,,0.016152726486325264,0.016152726486325264,9.520629487492295e-05,"[7.450580596923828e-09, 0.0002833960170391947, 0.0006870125653222203, 0.0012416940880939364, 0.0019345274195075035, 0.002784288953989744, 0.0038099228404462337, 0.004866632167249918, 0.005973540712147951, 0.0069681075401604176, 0.00793161615729332, 0.008803040720522404, 0.009652896784245968, 0.010525865480303764, 0.01134394109249115, 0.012140056118369102, 0.012906606309115887, 0.01371300034224987, 0.014495103619992733, 0.015278001315891743, 0.016152726486325264]","[4.872601350148519, 4.431580225626628, 4.248840252558391, 4.1488831837972, 4.040281057357788, 3.984073003133138, 4.650284131368001, 3.985112984975179, 4.017379919687907, 4.1303309599558515, 4.5035115877787275, 4.3253733317057295, 4.366367816925049, 4.337862650553386, 4.0157577196757, 4.278970956802368, 4.038034677505493, 4.2466505368550616, 4.117470979690552, 4.115745147069295]","[4.8726011912028, 4.431580225626628, 4.24884017308553, 4.148882945378621, 4.040280898412068, 3.9840729236602783, 4.650284131368001, 3.9851129055023193, 4.017379522323608, 4.130330642064412, 4.503511110941569, 4.32537317276001, 4.366359233856201, 4.33782958984375, 4.015762249628703, 4.279266357421875, 4.037983655929565, 4.246508280436198, 4.117160717646281, 4.115978717803955]","[1.5894571880892272e-07, 0.0, 7.947286029263978e-08, 2.384185791015625e-07, 1.5894571969710114e-07, 7.947285984855057e-08, 0.0, 7.947285984855057e-08, 3.9736429879866364e-07, 3.178914393942023e-07, 4.76837158203125e-07, 1.5894571969710114e-07, 8.58306884765625e-06, 3.3060709635712726e-05, 4.5299530029296875e-06, 0.00029540061950683594, 5.1021575927734375e-05, 0.00014225641886334017, 0.0003102620442705373, 0.0002335707346601268]","[130.66036855787436, 84.0641523344878, 70.02415490224017, 63.36319572398921, 56.84231651188939, 53.735453785394625, 104.61470567414456, 53.79136675080021, 55.555355478245545, 62.198504743079546, 90.33379002071905, 75.59372912822295, 78.75705152920987, 76.54376360687175, 55.46530663827243, 72.16613970960644, 56.71477038947464, 69.87098966600031, 61.40375438937877, 61.29787317988917]","[130.66034778996982, 84.0641523344878, 70.0241493372205, 63.363180617027915, 56.84230747704721, 53.73544951488461, 104.61470567414456, 53.791362475846626, 55.55533340253506, 62.19848497071049, 90.3337469462216, 75.59371711292422, 78.75637555491534, 76.54123305755984, 55.46555789407388, 72.18746078095788, 56.71187678632971, 69.86105077618018, 61.384706090150964, 61.31219224135266]","[2.0767904544527482e-05, 0.0, 5.5650196628675985e-06, 1.510696129258804e-05, 9.034842186395053e-06, 4.2705100185003175e-06, 0.0, 4.274953582239505e-06, 2.2075710482738486e-05, 1.9772369057591277e-05, 4.307449745510894e-05, 1.2015298722189982e-05, 0.0006759742945376956, 0.0025305493119134326, 0.00025125580145157755, 0.021321071351437126, 0.00289360314492626, 0.009938889820134023, 0.019048299227804932, 0.014319061463488936]",0.05,0,False,False,0.0002335707346601268,0.0003102620442705373,0.014319061463488936,0.021321071351437126,PASS,6.205148700000791,FLAG,3.310821366423429e+41,303.6597859858957,FLAG,145307110436109.7,13.016818145307887,,benign,PASS,PASS,PASS,PASS,PASS,,benign,PASS,PASS,PASS,PASS,PASS,,benign,PASS,PASS,PASS,PASS,PASS,,benign,PASS,PASS,PASS,PASS,PASS,,benign,PASS,PASS,PASS,PASS,PASS,,benign,PASS,PASS,PASS,PASS,PASS
gpu_seed1102_ckpt75_reset_m,opt2026_10m_gpu_final,"WikiText-2 cached char-level, first 500000 chars",GPTMini,candidate_B_19p48m,19484864,1102,75,300,20,reset_m,results\opt2026_10m_gpu_final\gpu_scale\checkpoints\seed_1102\checkpoint_step_75.pt,,True,True,True,True,True,True,169.6602783203125,tau = 0.10 * (||theta_checkpoint||_2 + 1e-12),16.96602783203135,Inherited fixed threshold from final task-validity campaign; not tuned on GPU rows.,benign,,5.286141872406006,5.286141872406006,0.03115721561192968,"[0.0, 0.3914386034011841, 0.7326321601867676, 1.0281057357788086, 1.2938252687454224, 1.580438494682312, 1.8474011421203613, 2.117992639541626, 2.3855841159820557, 2.6592600345611572, 2.929478406906128, 3.191819906234741, 3.4454996585845947, 3.6882541179656982, 3.9384548664093018, 4.185009479522705, 4.424185752868652, 4.652801513671875, 4.877305030822754, 5.084600925445557, 5.286141872406006]","[4.872601350148519, 4.431580225626628, 4.248840252558391, 4.1488831837972, 4.040281057357788, 3.984073003133138, 4.650284131368001, 3.985112984975179, 4.017379919687907, 4.1303309599558515, 4.5035115877787275, 4.3253733317057295, 4.366367816925049, 4.337862650553386, 4.0157577196757, 4.278970956802368, 4.038034677505493, 4.2466505368550616, 4.117470979690552, 4.115745147069295]","[4.445270538330078, 3.9673899014790854, 4.1307501792907715, 3.3514459133148193, 3.751136541366577, 4.457776705423991, 4.716316858927409, 4.402100404103597, 4.87758223215739, 4.390549977620442, 4.795467853546143, 4.753354549407959, 4.140883048375447, 4.720893383026123, 4.538611729939778, 4.2720770835876465, 4.195509831110637, 4.2999647458394366, 4.054064035415649, 4.0422665278116865]","[0.42733081181844046, 0.46419032414754247, 0.11809007326761911, 0.7974372704823809, 0.28914451599121094, 0.473703702290853, 0.06603272755940814, 0.4169874191284175, 0.8602023124694824, 0.2602190176645909, 0.29195626576741507, 0.4279812177022295, 0.22548476854960153, 0.38303073247273733, 0.5228540102640782, 0.00689387321472168, 0.15747515360514353, 0.053314208984375, 0.06340694427490234, 0.07347861925760846]","[130.66036855787436, 84.0641523344878, 70.02415490224017, 63.36319572398921, 56.84231651188939, 53.735453785394625, 104.61470567414456, 53.79136675080021, 55.555355478245545, 62.198504743079546, 90.33379002071905, 75.59372912822295, 78.75705152920987, 76.54376360687175, 55.46530663827243, 72.16613970960644, 56.71477038947464, 69.87098966600031, 61.40375438937877, 61.29787317988917]","[85.22293078820836, 52.846416318763616, 62.22458502516826, 28.543975935055286, 42.56943644191413, 86.29543548369253, 111.7558810469644, 81.62212819790432, 131.3127959199028, 80.6847816043263, 120.96096056107464, 115.97266878329857, 62.85830387188219, 112.26850665675052, 93.5608222298317, 71.67034642364618, 66.38756939901396, 73.69719552103379, 57.63119698563313, 56.95528736488849]","[45.437437769666005, 31.217736015724185, 7.79956987707191, 34.81921978893392, 14.272880069975265, 32.559981698297904, 7.141175372819845, 27.83076144710411, 75.75744044165727, 18.486276861246758, 30.627170540355593, 40.37893965507563, 15.898747657327682, 35.72474304987877, 38.09551559155927, 0.49579328596026073, 9.672799009539318, 3.8262058550334785, 3.772557403745637, 4.342585815000682]",0.05,,True,True,0.07347861925760846,0.8602023124694824,4.342585815000682,75.75744044165727,PASS,6.08677279999938,PASS,0.0,0.0,PASS,0.0,0.0,16,dangerous,PASS,PASS,PASS,PASS,FLAG,,benign,PASS,PASS,PASS,PASS,PASS,,benign,PASS,PASS,PASS,PASS,PASS,,benign,PASS,PASS,PASS,PASS,PASS,,benign,PASS,PASS,PASS,PASS,PASS,,benign,PASS,PASS,PASS,PASS,PASS
gpu_seed1102_ckpt75_reset_v,opt2026_10m_gpu_final,"WikiText-2 cached char-level, first 500000 chars",GPTMini,candidate_B_19p48m,19484864,1102,75,300,20,reset_v,results\opt2026_10m_gpu_final\gpu_scale\checkpoints\seed_1102\checkpoint_step_75.pt,,True,True,True,True,True,True,169.6602783203125,tau = 0.10 * (||theta_checkpoint||_2 + 1e-12),16.96602783203135,Inherited fixed threshold from final task-validity campaign; not tuned on GPU rows.,dangerous,1,241002.953125,241002.953125,1420.5031107516734,"[0.0, 48191.125, 70431.453125, 89505.3671875, 107587.2421875, 123649.4375, 138322.3125, 151519.75, 163563.265625, 174132.03125, 183723.109375, 192415.640625, 200276.96875, 207375.828125, 213784.75, 219570.359375, 224789.8125, 229494.1875, 233736.96875, 237558.625, 241002.953125]","[4.872601350148519, 4.431580225626628, 4.248840252558391, 4.1488831837972, 4.040281057357788, 3.984073003133138, 4.650284131368001, 3.985112984975179, 4.017379919687907, 4.1303309599558515, 4.5035115877787275, 4.3253733317057295, 4.366367816925049, 4.337862650553386, 4.0157577196757, 4.278970956802368, 4.038034677505493, 4.2466505368550616, 4.117470979690552, 4.115745147069295]","[25539791530.666668, 24539495765.333332, 23358723413.333332, 23288592384.0, 21571633152.0, 20615594666.666668, 20110832298.666668, 19759211861.333332, 19337150464.0, 19334961834.666668, 19006197077.333332, 18665754624.0, 18331706709.333332, 17923673429.333332, 17644132693.333332, 17445968896.0, 17261559808.0, 16982049109.333334, 16691750912.0, 16328165717.333334]","[25539791525.794067, 24539495760.901752, 23358723409.08449, 23288592379.851116, 21571633147.95972, 20615594662.682594, 20110832294.016384, 19759211857.34822, 19337150459.98262, 19334961830.53634, 19006197072.82982, 18665754619.674625, 18331706704.966965, 17923673424.99547, 17644132689.317574, 17445968891.721027, 17261559803.961964, 16982049105.086683, 16691750907.882528, 16328165713.217588]","[130.66036855787436, 84.0641523344878, 70.02415490224017, 63.36319572398921, 56.84231651188939, 53.735453785394625, 104.61470567414456, 53.79136675080021, 55.555355478245545, 62.198504743079546, 90.33379002071905, 75.59372912822295, 78.75705152920987, 76.54376360687175, 55.46530663827243, 72.16613970960644, 56.71477038947464, 69.87098966600031, 61.40375438937877, 61.29787317988917]","[5.184705528587072e+21, 5.184705528587072e+21, 5.184705528587072e+21, 5.184705528587072e+21, 5.184705528587072e+21, 5.184705528587072e+21, 5.184705528587072e+21, 5.184705528587072e+21, 5.184705528587072e+21, 5.184705528587072e+21, 5.184705528587072e+21, 5.184705528587072e+21, 5.184705528587072e+21, 5.184705528587072e+21, 5.184705528587072e+21, 5.184705528587072e+21, 5.184705528587072e+21, 5.184705528587072e+21, 5.184705528587072e+21, 5.184705528587072e+21]","[5.184705528587072e+21, 5.184705528587072e+21, 5.184705528587072e+21, 5.184705528587072e+21, 5.184705528587072e+21, 5.184705528587072e+21, 5.184705528587072e+21, 5.184705528587072e+21, 5.184705528587072e+21, 5.184705528587072e+21, 5.184705528587072e+21, 5.184705528587072e+21, 5.184705528587072e+21, 5.184705528587072e+21, 5.184705528587072e+21, 5.184705528587072e+21, 5.184705528587072e+21, 5.184705528587072e+21, 5.184705528587072e+21, 5.184705528587072e+21]",0.05,,True,True,16328165713.217588,25539791525.794067,5.184705528587072e+21,5.184705528587072e+21,FLAG,8.288162700000612,PASS,0.0,0.0,PASS,0.0,0.0,1,dangerous,FLAG,FLAG,FLAG,FLAG,FLAG,1,dangerous,FLAG,FLAG,FLAG,FLAG,FLAG,1,dangerous,FLAG,FLAG,FLAG,FLAG,FLAG,1,dangerous,FLAG,FLAG,FLAG,FLAG,FLAG,1,dangerous,FLAG,FLAG,FLAG,FLAG,FLAG,1,dangerous,FLAG,FLAG,FLAG,FLAG,FLAG
gpu_seed1102_ckpt75_stale_m,opt2026_10m_gpu_final,"WikiText-2 cached char-level, first 500000 chars",GPTMini,candidate_B_19p48m,19484864,1102,75,300,20,stale_m,results\opt2026_10m_gpu_final\gpu_scale\checkpoints\seed_1102\checkpoint_step_75.pt,,True,True,True,True,True,True,169.6602783203125,tau = 0.10 * (||theta_checkpoint||_2 + 1e-12),16.96602783203135,Inherited fixed threshold from final task-validity campaign; not tuned on GPU rows.,benign,,7.836328983306885,7.836328983306885,0.04618835393227478,"[0.0, 0.7003878951072693, 1.3268812894821167, 1.8876570463180542, 2.395099639892578, 2.8831934928894043, 3.3414859771728516, 3.7755422592163086, 4.16994047164917, 4.542462348937988, 4.892096519470215, 5.225638389587402, 5.54399299621582, 5.835899353027344, 6.097441673278809, 6.3860087394714355, 6.688183784484863, 6.992802143096924, 7.286390781402588, 7.562761306762695, 7.836328983306885]","[4.872601350148519, 4.431580225626628, 4.248840252558391, 4.1488831837972, 4.040281057357788, 3.984073003133138, 4.650284131368001, 3.985112984975179, 4.017379919687907, 4.1303309599558515, 4.5035115877787275, 4.3253733317057295, 4.366367816925049, 4.337862650553386, 4.0157577196757, 4.278970956802368, 4.038034677505493, 4.2466505368550616, 4.117470979690552, 4.115745147069295]","[4.502998034159343, 4.060918887456258, 4.108241240183513, 3.6932135423024497, 3.8127941290537515, 4.629052956899007, 5.20065450668335, 4.983249028523763, 4.835692087809245, 4.605364640553792, 4.334814707438151, 4.675245602925618, 7.237059593200684, 5.895264784495036, 5.5552183787028, 6.036121527353923, 5.763120969136556, 5.931958516438802, 5.5607733726501465, 5.486502647399902]","[0.36960331598917584, 0.37066133817037006, 0.14059901237487793, 0.45566964149475053, 0.2274869283040366, 0.6449799537658687, 0.5503703753153486, 0.9981360435485835, 0.8183121681213379, 0.4750336805979405, 0.16869688034057617, 0.34987227121988873, 2.8706917762756348, 1.5574021339416504, 1.5394606590270996, 1.7571505705515547, 1.7250862916310625, 1.6853079795837402, 1.4433023929595947, 1.3707575003306074]","[130.66036855787436, 84.0641523344878, 70.02415490224017, 63.36319572398921, 56.84231651188939, 53.735453785394625, 104.61470567414456, 53.79136675080021, 55.555355478245545, 62.198504743079546, 90.33379002071905, 75.59372912822295, 78.75705152920987, 76.54376360687175, 55.46530663827243, 72.16613970960644, 56.71477038947464, 69.87098966600031, 61.40375438937877, 61.29787317988917]","[90.28741068605808, 58.02760742911867, 60.839621137870495, 40.17373975729032, 45.276771431899185, 102.41702483076585, 181.3909246040471, 145.94780072866033, 125.92570470062739, 100.01944734732153, 76.31081775276624, 107.2589069586856, 1390.0007882357886, 363.31302281922257, 258.58342746865287, 418.26764528863595, 318.34031042457866, 376.8919405190285, 260.0238539191829, 241.4114278414718]","[40.37295787181628, 26.036544905369134, 9.184533764369675, 23.189455966698887, 11.565545079990208, 48.68157104537123, 76.77621892990253, 92.15643397786012, 70.37034922238185, 37.820942604241985, 14.02297226795281, 31.665177830462653, 1311.2437367065788, 286.7692592123508, 203.11812083038043, 346.1015055790295, 261.625540035104, 307.0209508530282, 198.62009952980412, 180.11355466158264]",0.05,,True,True,1.3707575003306074,2.8706917762756348,180.11355466158264,1311.2437367065788,PASS,72.74332330000107,PASS,0.0,0.0,PASS,0.0,0.0,9,dangerous,PASS,PASS,PASS,FLAG,FLAG,,benign,PASS,PASS,PASS,PASS,PASS,,benign,PASS,PASS,PASS,PASS,PASS,,benign,PASS,PASS,PASS,PASS,PASS,,benign,PASS,PASS,PASS,PASS,PASS,,benign,PASS,PASS,PASS,PASS,PASS
gpu_seed1102_ckpt75_stale_v,opt2026_10m_gpu_final,"WikiText-2 cached char-level, first 500000 chars",GPTMini,candidate_B_19p48m,19484864,1102,75,300,20,stale_v,results\opt2026_10m_gpu_final\gpu_scale\checkpoints\seed_1102\checkpoint_step_75.pt,,True,True,True,True,True,True,169.6602783203125,tau = 0.10 * (||theta_checkpoint||_2 + 1e-12),16.96602783203135,Inherited fixed threshold from final task-validity campaign; not tuned on GPU rows.,dangerous,1,19110.296875,19110.296875,112.63860382758736,"[0.0, 2176.170166015625, 4134.53515625, 5897.00830078125, 7483.17529296875, 8910.6708984375, 10195.3671875, 11351.548828125, 12392.0732421875, 13328.509765625, 14171.2666015625, 14929.7177734375, 15612.294921875, 16226.583984375, 16779.41796875, 17276.943359375, 17724.689453125, 18127.63671875, 18490.265625, 18816.611328125, 19110.296875]","[4.872601350148519, 4.431580225626628, 4.248840252558391, 4.1488831837972, 4.040281057357788, 3.984073003133138, 4.650284131368001, 3.985112984975179, 4.017379919687907, 4.1303309599558515, 4.5035115877787275, 4.3253733317057295, 4.366367816925049, 4.337862650553386, 4.0157577196757, 4.278970956802368, 4.038034677505493, 4.2466505368550616, 4.117470979690552, 4.115745147069295]","[36.16871134440104, 5.5303874015808105, 5.313666343688965, 4.641072591145833, 4.734540621439616, 4.902804692586263, 4.88370418548584, 4.879200617472331, 5.767623742421468, 6.481297016143799, 7.462096532185872, 7.2396494547526045, 6.6535037358601885, 6.577324867248535, 6.977712154388428, 6.434456984202067, 6.7584584554036455, 6.710488478342692, 6.677601019541423, 5.736898899078369]","[31.29610999425252, 1.0988071759541826, 1.0648260911305742, 0.4921894073486328, 0.6942595640818281, 0.9187316894531246, 0.23342005411783884, 0.8940876324971518, 1.7502438227335606, 2.3509660561879473, 2.9585849444071446, 2.914276123046875, 2.2871359189351397, 2.2394622166951494, 2.9619544347127276, 2.155486027399699, 2.7204237778981524, 2.463837941487631, 2.560130039850871, 1.6211537520090742]","[130.66036855787436, 84.0641523344878, 70.02415490224017, 63.36319572398921, 56.84231651188939, 53.735453785394625, 104.61470567414456, 53.79136675080021, 55.555355478245545, 62.198504743079546, 90.33379002071905, 75.59372912822295, 78.75705152920987, 76.54376360687175, 55.46530663827243, 72.16613970960644, 56.71477038947464, 69.87098966600031, 61.40375438937877, 61.29787317988917]","[5103542719683580.0, 252.24161089655573, 203.0934755381427, 103.65546791638943, 113.81116429885098, 134.66694991045182, 132.11915244806326, 131.52548267862508, 319.77695668874935, 652.8171117402886, 1740.793864603424, 1393.6053634950458, 775.496706647401, 718.6143668037815, 1072.4619307719238, 622.9442224503518, 861.3134188213459, 820.9715683512195, 794.411047647048, 310.10126303117875]","[5103542719683449.0, 168.17745856206793, 133.06932063590256, 40.29227219240022, 56.96884778696159, 80.9314961250572, 27.5044467739187, 77.73411592782487, 264.2216012105038, 590.6186069972091, 1650.460074582705, 1318.0116343668228, 696.7396551181911, 642.0706031969098, 1016.9966241336514, 550.7780827407454, 804.5986484318712, 751.1005786852191, 733.0072932576693, 248.80338985128958]",0.05,,True,True,1.6211537520090742,31.29610999425252,248.80338985128958,5103542719683449.0,FLAG,28.503597199998694,PASS,0.0,0.0,PASS,0.0,0.0,1,dangerous,FLAG,FLAG,FLAG,FLAG,FLAG,1,dangerous,FLAG,FLAG,FLAG,FLAG,FLAG,1,dangerous,FLAG,FLAG,FLAG,FLAG,FLAG,1,dangerous,FLAG,FLAG,FLAG,FLAG,FLAG,1,dangerous,FLAG,FLAG,FLAG,FLAG,FLAG,1,dangerous,FLAG,FLAG,FLAG,FLAG,FLAG
gpu_seed1102_ckpt75_stale_mv,opt2026_10m_gpu_final,"WikiText-2 cached char-level, first 500000 chars",GPTMini,candidate_B_19p48m,19484864,1102,75,300,20,stale_mv,results\opt2026_10m_gpu_final\gpu_scale\checkpoints\seed_1102\checkpoint_step_75.pt,,True,True,True,True,True,True,169.6602783203125,tau = 0.10 * (||theta_checkpoint||_2 + 1e-12),16.96602783203135,Inherited fixed threshold from final task-validity campaign; not tuned on GPU rows.,benign,,8.756280899047852,8.756280899047852,0.051610671547504226,"[0.0, 0.7939260601997375, 1.4988588094711304, 2.1298840045928955, 2.7054495811462402, 3.259695053100586, 3.7910919189453125, 4.294393062591553, 4.754884719848633, 5.182871341705322, 5.5852813720703125, 5.959237575531006, 6.315563201904297, 6.629577159881592, 6.918190002441406, 7.2225117683410645, 7.539605140686035, 7.85675048828125, 8.166282653808594, 8.463250160217285, 8.756280899047852]","[4.872601350148519, 4.431580225626628, 4.248840252558391, 4.1488831837972, 4.040281057357788, 3.984073003133138, 4.650284131368001, 3.985112984975179, 4.017379919687907, 4.1303309599558515, 4.5035115877787275, 4.3253733317057295, 4.366367816925049, 4.337862650553386, 4.0157577196757, 4.278970956802368, 4.038034677505493, 4.2466505368550616, 4.117470979690552, 4.115745147069295]","[4.4651767412821455, 4.133633852005005, 4.125344435373942, 3.9246437549591064, 3.9413283665974936, 4.808566729227702, 5.19641653696696, 4.922794024149577, 4.672637462615967, 4.2964662710825605, 4.112215995788574, 5.025508562723796, 5.941510359446208, 5.800849278767903, 6.168896675109863, 6.437717755635579, 6.273359616597493, 6.282012462615967, 6.228944460550944, 5.948899110158284]","[0.4074246088663731, 0.297946373621623, 0.12349581718444824, 0.22423942883809378, 0.09895269076029445, 0.824493726094564, 0.5461324055989589, 0.9376810391743979, 0.6552575429280596, 0.16613531112670898, 0.3912955919901533, 0.7001352310180664, 1.5751425425211592, 1.4629866282145176, 2.153138955434163, 2.158746798833211, 2.235324939092, 2.0353619257609052, 2.1114734808603925, 1.8331539630889893]","[130.66036855787436, 84.0641523344878, 70.02415490224017, 63.36319572398921, 56.84231651188939, 53.735453785394625, 104.61470567414456, 53.79136675080021, 55.555355478245545, 62.198504743079546, 90.33379002071905, 75.59372912822295, 78.75705152920987, 76.54376360687175, 55.46530663827243, 72.16613970960644, 56.71477038947464, 69.87098966600031, 61.40375438937877, 61.29787317988917]","[86.93639343163562, 62.40427932841775, 61.88912238266967, 50.635036364797, 51.48694943862585, 122.55583587847528, 180.6238219857015, 137.38593705496962, 106.97952517169982, 73.43981821935768, 61.08192499329509, 152.2476639142918, 380.5092014172244, 330.5801954649691, 477.65880240342733, 624.9788165459851, 530.2558450589353, 534.8639752053951, 507.2198103143126, 383.3311013696521]","[43.72397512623874, 21.65987300607005, 8.135032519570501, 12.728159359192205, 5.355367073263544, 68.82038209308065, 76.00911631155695, 83.59457030416941, 51.424169693454274, 11.24131347627813, 29.25186502742396, 76.65393478606885, 301.7521498880145, 254.03643185809736, 422.1934957651549, 552.8126768363786, 473.5410746694606, 464.99298553939485, 445.81605592493383, 322.03322818976295]",0.05,,True,True,1.8331539630889893,2.235324939092,322.03322818976295,552.8126768363786,PASS,57.02734679999958,PASS,0.0,0.0,PASS,0.0,0.0,7,dangerous,PASS,PASS,PASS,FLAG,FLAG,20,dangerous,PASS,PASS,PASS,PASS,FLAG,,benign,PASS,PASS,PASS,PASS,PASS,,benign,PASS,PASS,PASS,PASS,PASS,,benign,PASS,PASS,PASS,PASS,PASS,,benign,PASS,PASS,PASS,PASS,PASS
gpu_seed1102_ckpt75_model_current_optimizer_stale,opt2026_10m_gpu_final,"WikiText-2 cached char-level, first 500000 chars",GPTMini,candidate_B_19p48m,19484864,1102,75,300,20,model_current_optimizer_stale,results\opt2026_10m_gpu_final\gpu_scale\checkpoints\seed_1102\checkpoint_step_75.pt,,True,True,True,True,True,True,169.6602783203125,tau = 0.10 * (||theta_checkpoint||_2 + 1e-12),16.96602783203135,Inherited fixed threshold from final task-validity campaign; not tuned on GPU rows.,benign,,7.40891695022583,7.40891695022583,0.04366913118130113,"[0.0, 0.6865429282188416, 1.2975445985794067, 1.8456249237060547, 2.337618589401245, 2.810692548751831, 3.2541308403015137, 3.6799557209014893, 4.068966865539551, 4.439611434936523, 4.78823184967041, 5.117932319641113, 5.432583332061768, 5.722133636474609, 5.977242946624756, 6.236007213592529, 6.492579936981201, 6.740813255310059, 6.978198051452637, 7.199117183685303, 7.40891695022583]","[4.872601350148519, 4.431580225626628, 4.248840252558391, 4.1488831837972, 4.040281057357788, 3.984073003133138, 4.650284131368001, 3.985112984975179, 4.017379919687907, 4.1303309599558515, 4.5035115877787275, 4.3253733317057295, 4.366367816925049, 4.337862650553386, 4.0157577196757, 4.278970956802368, 4.038034677505493, 4.2466505368550616, 4.117470979690552, 4.115745147069295]","[4.522276083628337, 4.038010279337565, 4.101656436920166, 3.6201230684916177, 3.7868632475535073, 4.420770804087321, 5.108773390452067, 4.818152904510498, 4.70716667175293, 4.475759506225586, 4.36793573697408, 4.515631437301636, 5.458271503448486, 4.716416517893474, 4.770931879679362, 4.83947229385376, 4.699969132741292, 4.548788070678711, 4.321730613708496, 4.509397983551025]","[0.3503252665201817, 0.3935699462890625, 0.14718381563822458, 0.5287601153055825, 0.25341780980428075, 0.4366978009541831, 0.45848925908406635, 0.8330399195353189, 0.6897867520650225, 0.3454285462697344, 0.1355758508046474, 0.19025810559590628, 1.0919036865234375, 0.3785538673400879, 0.7551741600036621, 0.5605013370513916, 0.6619344552357989, 0.3021375338236494, 0.20425963401794434, 0.39365283648173044]","[130.66036855787436, 84.0641523344878, 70.02415490224017, 63.36319572398921, 56.84231651188939, 53.735453785394625, 104.61470567414456, 53.79136675080021, 55.555355478245545, 62.198504743079546, 90.33379002071905, 75.59372912822295, 78.75705152920987, 76.54376360687175, 55.46530663827243, 72.16613970960644, 56.71477038947464, 69.87098966600031, 61.40375438937877, 61.29787317988917]","[92.04486153955463, 56.71338666986287, 60.44032030357323, 37.342163182972456, 44.11779640081309, 83.16036100645243, 165.46726661509413, 123.7363267593247, 110.73795801288375, 87.86130628389559, 78.88063314703578, 91.43528344665707, 234.69141027601742, 111.76701907751425, 118.0291797224869, 126.4026306819977, 109.94377873668482, 94.51778999322445, 75.31886342371563, 90.86709855302543]","[38.61550701831973, 27.35076566462493, 9.58383459866694, 26.02103254101675, 12.724520111076302, 29.424907221057808, 60.85256094094957, 69.94496000852449, 55.18260253463821, 25.66280154081604, 11.45315687368327, 15.84155431843412, 155.93435874680756, 35.2232554706425, 62.56387308421447, 54.236490972391266, 53.22900834721018, 24.646800327224142, 13.915109034336858, 29.569225373136256]",0.05,,True,True,0.39365283648173044,1.0919036865234375,29.569225373136256,155.93435874680756,PASS,52.09503490000134,PASS,0.0,0.0,PASS,0.0,0.0,9,dangerous,PASS,PASS,PASS,FLAG,FLAG,,benign,PASS,PASS,PASS,PASS,PASS,,benign,PASS,PASS,PASS,PASS,PASS,,benign,PASS,PASS,PASS,PASS,PASS,,benign,PASS,PASS,PASS,PASS,PASS,,benign,PASS,PASS,PASS,PASS,PASS
gpu_seed1102_ckpt75_step_counter_mismatch,opt2026_10m_gpu_final,"WikiText-2 cached char-level, first 500000 chars",GPTMini,candidate_B_19p48m,19484864,1102,75,300,20,step_counter_mismatch,results\opt2026_10m_gpu_final\gpu_scale\checkpoints\seed_1102\checkpoint_step_75.pt,,True,True,True,True,True,True,169.6602783203125,tau = 0.10 * (||theta_checkpoint||_2 + 1e-12),16.96602783203135,Inherited fixed threshold from final task-validity campaign; not tuned on GPU rows.,benign,,2.3034846782684326,2.3034846782684326,0.013577041727584125,"[0.0, 0.07152987271547318, 0.1438826322555542, 0.20935988426208496, 0.2899283766746521, 0.38742557168006897, 0.48303160071372986, 0.5779755711555481, 0.6776332259178162, 0.7794390320777893, 0.8828247785568237, 0.9963325262069702, 1.1353139877319336, 1.2781323194503784, 1.4305684566497803, 1.585002064704895, 1.7280970811843872, 1.873778223991394, 2.0108306407928467, 2.1497349739074707, 2.3034846782684326]","[4.872601350148519, 4.431580225626628, 4.248840252558391, 4.1488831837972, 4.040281057357788, 3.984073003133138, 4.650284131368001, 3.985112984975179, 4.017379919687907, 4.1303309599558515, 4.5035115877787275, 4.3253733317057295, 4.366367816925049, 4.337862650553386, 4.0157577196757, 4.278970956802368, 4.038034677505493, 4.2466505368550616, 4.117470979690552, 4.115745147069295]","[4.874423503875732, 4.341299851735433, 4.0318663120269775, 3.9983929793039956, 3.8624762694040933, 3.6020312309265137, 4.129483461380005, 3.7010987599690757, 3.5147154331207275, 3.680602550506592, 4.278803825378418, 3.991895914077759, 3.979495127995809, 3.995676040649414, 3.8107906182607016, 3.9916394551595054, 3.8685062726338706, 3.868279298146566, 3.81815512975057, 3.954692761103312]","[0.0018221537272138377, 0.09028037389119525, 0.21697394053141306, 0.1504902044932046, 0.1778047879536948, 0.3820417722066245, 0.5208006699879961, 0.2840142250061035, 0.5026644865671797, 0.44972840944925974, 0.22470776240030954, 0.3334774176279707, 0.38687268892923976, 0.34218660990397165, 0.20496710141499852, 0.2873315016428628, 0.16952840487162257, 0.37837123870849565, 0.29931584993998195, 0.16105238596598292]","[130.66036855787436, 84.0641523344878, 70.02415490224017, 63.36319572398921, 56.84231651188939, 53.735453785394625, 104.61470567414456, 53.79136675080021, 55.555355478245545, 62.198504743079546, 90.33379002071905, 75.59372912822295, 78.75705152920987, 76.54376360687175, 55.46530663827243, 72.16613970960644, 56.71477038947464, 69.87098966600031, 61.40375438937877, 61.29787317988917]","[130.89866887941616, 76.80731259759918, 56.366009705189335, 54.510480138612294, 47.5830340130334, 36.67264946079213, 62.14581392973841, 40.491770663378695, 33.60636330517101, 39.670290226002244, 72.15407948776488, 54.15747000035204, 53.49002179464671, 54.3625795174817, 45.186149742740454, 54.143582615028436, 47.870826685152, 47.85996246180569, 45.520152033981034, 52.17965986028561]","[0.23830032154180003, 7.256839736888622, 13.658145197050835, 8.852715585376913, 9.259282498855995, 17.062804324602496, 42.46889174440615, 13.299596087421513, 21.948992173074537, 22.528214517077302, 18.179710532954175, 21.436259127870905, 25.267029734563167, 22.18118408939005, 10.279156895531976, 18.022557094578005, 8.84394370432264, 22.011027204194626, 15.883602355397734, 9.118213319603562]",0.05,,True,True,0.16105238596598292,0.5208006699879961,9.118213319603562,42.46889174440615,PASS,62.51441429999977,PASS,0.0,0.0,PASS,0.0,0.0,,benign,PASS,PASS,PASS,PASS,PASS,,benign,PASS,PASS,PASS,PASS,PASS,,benign,PASS,PASS,PASS,PASS,PASS,,benign,PASS,PASS,PASS,PASS,PASS,,benign,PASS,PASS,PASS,PASS,PASS,,benign,PASS,PASS,PASS,PASS,PASS
gpu_seed1102_ckpt75_scheduler_mismatch,opt2026_10m_gpu_final,"WikiText-2 cached char-level, first 500000 chars",GPTMini,candidate_B_19p48m,19484864,1102,75,300,20,scheduler_mismatch,results\opt2026_10m_gpu_final\gpu_scale\checkpoints\seed_1102\checkpoint_step_75.pt,,True,True,True,True,True,True,169.6602783203125,tau = 0.10 * (||theta_checkpoint||_2 + 1e-12),16.96602783203135,Inherited fixed threshold from final task-validity campaign; not tuned on GPU rows.,benign,,0.0,0.0,0.0,"[0.0, 0.0, 0.0, 0.0, 0.0, 0.0, 0.0, 0.0, 0.0, 0.0, 0.0, 0.0, 0.0, 0.0, 0.0, 0.0, 0.0, 0.0, 0.0, 0.0, 0.0]","[4.872601350148519, 4.431580225626628, 4.248840252558391, 4.1488831837972, 4.040281057357788, 3.984073003133138, 4.650284131368001, 3.985112984975179, 4.017379919687907, 4.1303309599558515, 4.5035115877787275, 4.3253733317057295, 4.366367816925049, 4.337862650553386, 4.0157577196757, 4.278970956802368, 4.038034677505493, 4.2466505368550616, 4.117470979690552, 4.115745147069295]","[4.872601350148519, 4.431580225626628, 4.248840252558391, 4.1488831837972, 4.040281057357788, 3.984073003133138, 4.650284131368001, 3.985112984975179, 4.017379919687907, 4.1303309599558515, 4.5035115877787275, 4.3253733317057295, 4.366367816925049, 4.337862650553386, 4.0157577196757, 4.278970956802368, 4.038034677505493, 4.2466505368550616, 4.117470979690552, 4.115745147069295]","[0.0, 0.0, 0.0, 0.0, 0.0, 0.0, 0.0, 0.0, 0.0, 0.0, 0.0, 0.0, 0.0, 0.0, 0.0, 0.0, 0.0, 0.0, 0.0, 0.0]","[130.66036855787436, 84.0641523344878, 70.02415490224017, 63.36319572398921, 56.84231651188939, 53.735453785394625, 104.61470567414456, 53.79136675080021, 55.555355478245545, 62.198504743079546, 90.33379002071905, 75.59372912822295, 78.75705152920987, 76.54376360687175, 55.46530663827243, 72.16613970960644, 56.71477038947464, 69.87098966600031, 61.40375438937877, 61.29787317988917]","[130.66036855787436, 84.0641523344878, 70.02415490224017, 63.36319572398921, 56.84231651188939, 53.735453785394625, 104.61470567414456, 53.79136675080021, 55.555355478245545, 62.198504743079546, 90.33379002071905, 75.59372912822295, 78.75705152920987, 76.54376360687175, 55.46530663827243, 72.16613970960644, 56.71477038947464, 69.87098966600031, 61.40375438937877, 61.29787317988917]","[0.0, 0.0, 0.0, 0.0, 0.0, 0.0, 0.0, 0.0, 0.0, 0.0, 0.0, 0.0, 0.0, 0.0, 0.0, 0.0, 0.0, 0.0, 0.0, 0.0]",0.05,0,False,False,0.0,0.0,0.0,0.0,PASS,35.56238669999948,PASS,0.0,0.0,PASS,0.0,0.0,,benign,PASS,PASS,PASS,PASS,PASS,,benign,PASS,PASS,PASS,PASS,PASS,,benign,PASS,PASS,PASS,PASS,PASS,,benign,PASS,PASS,PASS,PASS,PASS,,benign,PASS,PASS,PASS,PASS,PASS,,benign,PASS,PASS,PASS,PASS,PASS
gpu_seed1102_ckpt75_optimizer_reset,opt2026_10m_gpu_final,"WikiText-2 cached char-level, first 500000 chars",GPTMini,candidate_B_19p48m,19484864,1102,75,300,20,optimizer_reset,results\opt2026_10m_gpu_final\gpu_scale\checkpoints\seed_1102\checkpoint_step_75.pt,,True,True,True,True,True,True,169.6602783203125,tau = 0.10 * (||theta_checkpoint||_2 + 1e-12),16.96602783203135,Inherited fixed threshold from final task-validity campaign; not tuned on GPU rows.,dangerous,15,19.901222229003906,19.901222229003906,0.11730042191390844,"[0.0, 3.695219039916992, 5.347289085388184, 6.882765293121338, 8.191095352172852, 9.376474380493164, 10.456476211547852, 11.462331771850586, 12.384416580200195, 13.215338706970215, 14.013545036315918, 14.753548622131348, 15.45080852508545, 16.123369216918945, 16.762666702270508, 17.371362686157227, 17.939002990722656, 18.47525405883789, 18.98212432861328, 19.45759391784668, 19.901222229003906]","[4.872601350148519, 4.431580225626628, 4.248840252558391, 4.1488831837972, 4.040281057357788, 3.984073003133138, 4.650284131368001, 3.985112984975179, 4.017379919687907, 4.1303309599558515, 4.5035115877787275, 4.3253733317057295, 4.366367816925049, 4.337862650553386, 4.0157577196757, 4.278970956802368, 4.038034677505493, 4.2466505368550616, 4.117470979690552, 4.115745147069295]","[21.960377375284832, 15.597847620646158, 16.667813301086426, 19.37607256571452, 19.30213165283203, 18.66150410970052, 17.059609413146973, 14.730024973551432, 15.259732564290365, 14.303961118062338, 11.856812795003256, 8.90502643585205, 8.560565312703451, 9.055642445882162, 10.181458155314127, 10.871357917785645, 14.229650815327963, 14.24889055887858, 15.48255697886149, 13.617316246032715]","[17.087776025136314, 11.166267395019531, 12.418973048528034, 15.22718938191732, 15.261850595474243, 14.677431106567381, 12.409325281778973, 10.744911988576252, 11.242352644602459, 10.173630158106487, 7.353301207224528, 4.579653104146321, 4.194197495778402, 4.717779795328776, 6.165700435638427, 6.592386960983276, 10.19161613782247, 10.002240022023518, 11.365085999170939, 9.50157109896342]","[130.66036855787436, 84.0641523344878, 70.02415490224017, 63.36319572398921, 56.84231651188939, 53.735453785394625, 104.61470567414456, 53.79136675080021, 55.555355478245545, 62.198504743079546, 90.33379002071905, 75.59372912822295, 78.75705152920987, 76.54376360687175, 55.46530663827243, 72.16613970960644, 56.71477038947464, 69.87098966600031, 61.40375438937877, 61.29787317988917]","[3445646459.3387303, 5943731.071387485, 17327637.031820606, 259968899.8112167, 241440024.10735506, 127229628.43571417, 25638595.559524857, 2495563.1510726446, 4238553.292096553, 1629789.0024630185, 141041.97146123776, 7368.920010565885, 5221.632193260209, 8566.739172387128, 26408.94758307562, 52646.65157824905, 1513069.3311179043, 1542462.2464123466, 5296501.037281505, 820210.4609734761]","[3445646328.678362, 5943647.00723515, 17327567.007665705, 259968836.448021, 241439967.26503855, 127229574.70026039, 25638490.944819182, 2495509.359705894, 4238497.736741075, 1629726.8039582754, 140951.63767121703, 7293.326281437662, 5142.875141730999, 8490.195408780257, 26353.48227643735, 52574.48543853945, 1513012.6163475148, 1542392.3754226805, 5296439.633527116, 820149.1631002962]",0.05,,True,True,9.50157109896342,17.087776025136314,820149.1631002962,3445646328.678362,FLAG,19.028090200001316,PASS,0.0,0.0,PASS,0.0,0.0,2,dangerous,PASS,FLAG,FLAG,FLAG,FLAG,5,dangerous,PASS,PASS,FLAG,FLAG,FLAG,9,dangerous,PASS,PASS,PASS,FLAG,FLAG,15,dangerous,PASS,PASS,PASS,PASS,FLAG,,benign,PASS,PASS,PASS,PASS,PASS,,benign,PASS,PASS,PASS,PASS,PASS
gpu_seed1102_ckpt150_exact_restore,opt2026_10m_gpu_final,"WikiText-2 cached char-level, first 500000 chars",GPTMini,candidate_B_19p48m,19484864,1102,150,300,20,exact_restore,results\opt2026_10m_gpu_final\gpu_scale\checkpoints\seed_1102\checkpoint_step_150.pt,,True,True,True,True,True,True,169.68785095214844,tau = 0.10 * (||theta_checkpoint||_2 + 1e-12),16.968785095214944,Inherited fixed threshold from final task-validity campaign; not tuned on GPU rows.,benign,,0.0,0.0,0.0,"[0.0, 0.0, 0.0, 0.0, 0.0, 0.0, 0.0, 0.0, 0.0, 0.0, 0.0, 0.0, 0.0, 0.0, 0.0, 0.0, 0.0, 0.0, 0.0, 0.0, 0.0]","[3.0403754711151123, 3.00491730372111, 2.981207768122355, 3.0216752688090005, 3.0980451901753745, 3.0532840887705484, 2.998546759287516, 3.007577975591024, 2.986602862675985, 2.950942277908325, 2.89894962310791, 3.062795639038086, 3.1630233923594155, 3.086376428604126, 3.01047682762146, 2.9562885761260986, 2.8621989091237388, 2.820571184158325, 2.8389314810434976, 2.8714726765950522]","[3.0403754711151123, 3.00491730372111, 2.981207768122355, 3.0216752688090005, 3.0980451901753745, 3.0532840887705484, 2.998546759287516, 3.007577975591024, 2.986602862675985, 2.950942277908325, 2.89894962310791, 3.062795639038086, 3.1630233923594155, 3.086376428604126, 3.01047682762146, 2.9562885761260986, 2.8621989091237388, 2.820571184158325, 2.8389314810434976, 2.8714726765950522]","[0.0, 0.0, 0.0, 0.0, 0.0, 0.0, 0.0, 0.0, 0.0, 0.0, 0.0, 0.0, 0.0, 0.0, 0.0, 0.0, 0.0, 0.0, 0.0, 0.0]","[20.913094023861905, 20.184546840052985, 19.711609327234225, 20.525648876738757, 22.154600892877347, 21.184803079815786, 20.056369002337163, 20.23832280441098, 19.818242713310653, 19.123965330982237, 18.155065689295288, 21.3872647349394, 23.641966925603484, 21.897586573010777, 20.297075824577593, 19.226481549702587, 17.499965493433752, 16.78643608072655, 17.09748678455033, 17.663010958512697]","[20.913094023861905, 20.184546840052985, 19.711609327234225, 20.525648876738757, 22.154600892877347, 21.184803079815786, 20.056369002337163, 20.23832280441098, 19.818242713310653, 19.123965330982237, 18.155065689295288, 21.3872647349394, 23.641966925603484, 21.897586573010777, 20.297075824577593, 19.226481549702587, 17.499965493433752, 16.78643608072655, 17.09748678455033, 17.663010958512697]","[0.0, 0.0, 0.0, 0.0, 0.0, 0.0, 0.0, 0.0, 0.0, 0.0, 0.0, 0.0, 0.0, 0.0, 0.0, 0.0, 0.0, 0.0, 0.0, 0.0]",0.05,0,False,False,0.0,0.0,0.0,0.0,PASS,71.58830800000032,PASS,0.0,0.0,PASS,0.0,0.0,,benign,PASS,PASS,PASS,PASS,PASS,,benign,PASS,PASS,PASS,PASS,PASS,,benign,PASS,PASS,PASS,PASS,PASS,,benign,PASS,PASS,PASS,PASS,PASS,,benign,PASS,PASS,PASS,PASS,PASS,,benign,PASS,PASS,PASS,PASS,PASS
gpu_seed1102_ckpt150_benign_nonzero,opt2026_10m_gpu_final,"WikiText-2 cached char-level, first 500000 chars",GPTMini,candidate_B_19p48m,19484864,1102,150,300,20,benign_nonzero,results\opt2026_10m_gpu_final\gpu_scale\checkpoints\seed_1102\checkpoint_step_150.pt,,True,True,True,True,True,True,169.68785095214844,tau = 0.10 * (||theta_checkpoint||_2 + 1e-12),16.968785095214944,Inherited fixed threshold from final task-validity campaign; not tuned on GPU rows.,benign,,0.00432006549090147,0.00432006549090147,2.5458896831215647e-05,"[1.1175870895385742e-08, 1.1175870895385742e-08, 1.1175870895385742e-08, 1.1175870895385742e-08, 1.1175870895385742e-08, 1.1175870895385742e-08, 0.0001358336885459721, 0.00030768438591621816, 0.0005226456560194492, 0.0007488655392080545, 0.0009595471201464534, 0.0011990769999101758, 0.0014770430279895663, 0.0017880642553791404, 0.002071835333481431, 0.0023677293211221695, 0.0027047665789723396, 0.003080446971580386, 0.0034650780726224184, 0.00388853601180017, 0.00432006549090147]","[3.0403754711151123, 3.00491730372111, 2.981207768122355, 3.0216752688090005, 3.0980451901753745, 3.0532840887705484, 2.998546759287516, 3.007577975591024, 2.986602862675985, 2.950942277908325, 2.89894962310791, 3.062795639038086, 3.1630233923594155, 3.086376428604126, 3.01047682762146, 2.9562885761260986, 2.8621989091237388, 2.820571184158325, 2.8389314810434976, 2.8714726765950522]","[3.0403754711151123, 3.00491730372111, 2.981207768122355, 3.0216752688090005, 3.0980451901753745, 3.053284009297689, 2.998546838760376, 3.0075780550638833, 2.9866014321645102, 2.9509387016296387, 2.8989466031392417, 3.0627969106038413, 3.163017908732096, 3.0863569577534995, 3.010447899500529, 2.9562827746073403, 2.862217585245768, 2.820624907811483, 2.8390073776245117, 2.871605078379313]","[0.0, 0.0, 0.0, 0.0, 0.0, 7.947285940446136e-08, 7.947285984855057e-08, 7.947285940446136e-08, 1.430511474609375e-06, 3.5762786865234375e-06, 3.019968668471762e-06, 1.271565755356363e-06, 5.4836273193359375e-06, 1.9470850626479574e-05, 2.8928120931137613e-05, 5.8015187582860506e-06, 1.8676122029326336e-05, 5.372365315770011e-05, 7.589658101414543e-05, 0.00013240178426077165]","[20.913094023861905, 20.184546840052985, 19.711609327234225, 20.525648876738757, 22.154600892877347, 21.184803079815786, 20.056369002337163, 20.23832280441098, 19.818242713310653, 19.123965330982237, 18.155065689295288, 21.3872647349394, 23.641966925603484, 21.897586573010777, 20.297075824577593, 19.226481549702587, 17.499965493433752, 16.78643608072655, 17.09748678455033, 17.663010958512697]","[20.913094023861905, 20.184546840052985, 19.711609327234225, 20.525648876738757, 22.154600892877347, 21.184801396198974, 20.05637059627423, 20.238324412808428, 19.818214363107323, 19.123896938474918, 18.15501086164852, 21.387291930270127, 23.641837282223225, 21.897160212524348, 20.296488676806174, 19.226370007232777, 17.50029232797681, 16.787337933621505, 17.09878447458571, 17.665349727504196]","[0.0, 0.0, 0.0, 0.0, 0.0, 1.6836168121869832e-06, 1.593937067667639e-06, 1.6083974472280715e-06, 2.8350203329807755e-05, 6.839250731971447e-05, 5.4827646767563465e-05, 2.7195330726925704e-05, 0.0001296433802586705, 0.0004263604864291892, 0.0005871477714194384, 0.00011154246980993321, 0.0003268345430562647, 0.0009018528949553684, 0.001297690035379162, 0.0023387689914997623]",0.05,0,False,False,0.00013240178426077165,0.00013240178426077165,0.0023387689914997623,0.0023387689914997623,PASS,21.417934699999023,PASS,1.1175870895385742e-08,1.0,PASS,1.1175870895385742e-08,1.0,,benign,PASS,PASS,PASS,PASS,PASS,,benign,PASS,PASS,PASS,PASS,PASS,,benign,PASS,PASS,PASS,PASS,PASS,,benign,PASS,PASS,PASS,PASS,PASS,,benign,PASS,PASS,PASS,PASS,PASS,,benign,PASS,PASS,PASS,PASS,PASS
gpu_seed1102_ckpt150_reset_m,opt2026_10m_gpu_final,"WikiText-2 cached char-level, first 500000 chars",GPTMini,candidate_B_19p48m,19484864,1102,150,300,20,reset_m,results\opt2026_10m_gpu_final\gpu_scale\checkpoints\seed_1102\checkpoint_step_150.pt,,True,True,True,True,True,True,169.68785095214844,tau = 0.10 * (||theta_checkpoint||_2 + 1e-12),16.968785095214944,Inherited fixed threshold from final task-validity campaign; not tuned on GPU rows.,benign,,0.790669858455658,0.790669858455658,0.0046595549063711125,"[0.0, 0.09582997858524323, 0.1786438375711441, 0.2480008900165558, 0.30886250734329224, 0.3623962700366974, 0.4117979109287262, 0.45677000284194946, 0.4962902069091797, 0.5295596122741699, 0.5613695979118347, 0.5909084677696228, 0.6192642450332642, 0.6453598737716675, 0.6694570779800415, 0.6921219825744629, 0.7137842774391174, 0.7351943850517273, 0.7556526064872742, 0.7742965817451477, 0.790669858455658]","[3.0403754711151123, 3.00491730372111, 2.981207768122355, 3.0216752688090005, 3.0980451901753745, 3.0532840887705484, 2.998546759287516, 3.007577975591024, 2.986602862675985, 2.950942277908325, 2.89894962310791, 3.062795639038086, 3.1630233923594155, 3.086376428604126, 3.01047682762146, 2.9562885761260986, 2.8621989091237388, 2.820571184158325, 2.8389314810434976, 2.8714726765950522]","[2.9592891534169516, 2.8995335896809897, 2.9195313453674316, 2.960407813390096, 2.977656284968058, 2.892899433771769, 2.8693960507710776, 2.907259146372477, 2.8913613160451255, 2.878674268722534, 2.8844809532165527, 3.0739110310872397, 3.160087982813517, 3.083262046178182, 2.9758505821228027, 2.8916068871816, 2.8119388421376548, 2.8411951065063477, 2.8737755616505942, 2.887360413869222]","[0.08108631769816066, 0.10538371404012015, 0.061676422754923355, 0.061267455418904326, 0.12038890520731638, 0.1603846549987793, 0.1291507085164385, 0.10031882921854685, 0.09524154663085938, 0.07226800918579102, 0.014468669891357422, 0.011115392049153794, 0.0029354095458984375, 0.0031143824259438624, 0.03462624549865723, 0.06468168894449855, 0.050260066986083984, 0.02062392234802246, 0.03484408060709665, 0.015887737274169922]","[20.913094023861905, 20.184546840052985, 19.711609327234225, 20.525648876738757, 22.154600892877347, 21.184803079815786, 20.056369002337163, 20.23832280441098, 19.818242713310653, 19.123965330982237, 18.155065689295288, 21.3872647349394, 23.641966925603484, 21.897586573010777, 20.297075824577593, 19.226481549702587, 17.499965493433752, 16.78643608072655, 17.09748678455033, 17.663010958512697]","[19.284258732725725, 18.165670736985206, 18.53260003534493, 19.305843331744352, 19.641728043317016, 18.045555716548563, 17.62636955223997, 18.306554156816947, 18.017820862616986, 17.790671888414362, 17.894277217626346, 21.62631869527901, 23.572669827646617, 21.829495200541086, 19.606292921381918, 18.022246062691483, 16.642153467563624, 17.136232927820227, 17.703733714400894, 17.945877339389963]","[1.6288352911361805, 2.018876103067779, 1.1790092918892938, 1.2198055449944043, 2.512872849560331, 3.1392473632672235, 2.429999450097192, 1.9317686475940334, 1.8004218506936667, 1.333293442567875, 0.2607884716689419, 0.23905396033961068, 0.06929709795686634, 0.06809137246969144, 0.6907829031956751, 1.204235487011104, 0.8578120258701283, 0.3497968470936783, 0.6062469298505633, 0.282866380877266]",0.05,10,False,False,0.015887737274169922,0.1603846549987793,0.282866380877266,3.1392473632672235,PASS,47.87376459999723,PASS,0.0,0.0,PASS,0.0,0.0,,benign,PASS,PASS,PASS,PASS,PASS,,benign,PASS,PASS,PASS,PASS,PASS,,benign,PASS,PASS,PASS,PASS,PASS,,benign,PASS,PASS,PASS,PASS,PASS,,benign,PASS,PASS,PASS,PASS,PASS,,benign,PASS,PASS,PASS,PASS,PASS
gpu_seed1102_ckpt150_reset_v,opt2026_10m_gpu_final,"WikiText-2 cached char-level, first 500000 chars",GPTMini,candidate_B_19p48m,19484864,1102,150,300,20,reset_v,results\opt2026_10m_gpu_final\gpu_scale\checkpoints\seed_1102\checkpoint_step_150.pt,,True,True,True,True,True,True,169.68785095214844,tau = 0.10 * (||theta_checkpoint||_2 + 1e-12),16.968785095214944,Inherited fixed threshold from final task-validity campaign; not tuned on GPU rows.,dangerous,1,26840.595703125,26840.595703125,158.1762957838026,"[0.0, 4890.3486328125, 7540.6337890625, 10140.19921875, 12487.1826171875, 14309.05078125, 15862.7890625, 17297.431640625, 18573.7890625, 19738.0625, 20796.57421875, 21736.412109375, 22587.810546875, 23347.251953125, 24028.38671875, 24624.349609375, 25163.013671875, 25649.04296875, 26087.732421875, 26483.55078125, 26840.595703125]","[3.0403754711151123, 3.00491730372111, 2.981207768122355, 3.0216752688090005, 3.0980451901753745, 3.0532840887705484, 2.998546759287516, 3.007577975591024, 2.986602862675985, 2.950942277908325, 2.89894962310791, 3.062795639038086, 3.1630233923594155, 3.086376428604126, 3.01047682762146, 2.9562885761260986, 2.8621989091237388, 2.820571184158325, 2.8389314810434976, 2.8714726765950522]","[1446969.7916666667, 1187470.2708333333, 848093.5208333334, 666657.2291666666, 616173.2708333334, 608971.8541666666, 602709.9375, 582553.7916666666, 542552.84375, 497715.2708333333, 459064.6875, 421878.9479166667, 387216.9583333333, 360595.75, 340639.78125, 323071.375, 306041.15625, 289202.15625, 272667.53125, 256028.33333333334]","[1446966.7512911956, 1187467.2659160295, 848090.5396255653, 666654.2074913979, 616170.1727881432, 608968.8008825779, 602706.9389532408, 582550.784088691, 542549.8571471373, 497712.3198910554, 459061.7885503769, 421875.88512102765, 387213.79530994094, 360592.6636235714, 340636.7707731724, 323068.4187114239, 306038.2940510909, 289199.33567881584, 272664.69231851894, 256025.46186065674]","[20.913094023861905, 20.184546840052985, 19.711609327234225, 20.525648876738757, 22.154600892877347, 21.184803079815786, 20.056369002337163, 20.23832280441098, 19.818242713310653, 19.123965330982237, 18.155065689295288, 21.3872647349394, 23.641966925603484, 21.897586573010777, 20.297075824577593, 19.226481549702587, 17.499965493433752, 16.78643608072655, 17.09748678455033, 17.663010958512697]","[5.184705528587072e+21, 5.184705528587072e+21, 5.184705528587072e+21, 5.184705528587072e+21, 5.184705528587072e+21, 5.184705528587072e+21, 5.184705528587072e+21, 5.184705528587072e+21, 5.184705528587072e+21, 5.184705528587072e+21, 5.184705528587072e+21, 5.184705528587072e+21, 5.184705528587072e+21, 5.184705528587072e+21, 5.184705528587072e+21, 5.184705528587072e+21, 5.184705528587072e+21, 5.184705528587072e+21, 5.184705528587072e+21, 5.184705528587072e+21]","[5.184705528587072e+21, 5.184705528587072e+21, 5.184705528587072e+21, 5.184705528587072e+21, 5.184705528587072e+21, 5.184705528587072e+21, 5.184705528587072e+21, 5.184705528587072e+21, 5.184705528587072e+21, 5.184705528587072e+21, 5.184705528587072e+21, 5.184705528587072e+21, 5.184705528587072e+21, 5.184705528587072e+21, 5.184705528587072e+21, 5.184705528587072e+21, 5.184705528587072e+21, 5.184705528587072e+21, 5.184705528587072e+21, 5.184705528587072e+21]",0.05,,True,True,256025.46186065674,1446966.7512911956,5.184705528587072e+21,5.184705528587072e+21,FLAG,17.71640599999955,PASS,0.0,0.0,PASS,0.0,0.0,1,dangerous,FLAG,FLAG,FLAG,FLAG,FLAG,1,dangerous,FLAG,FLAG,FLAG,FLAG,FLAG,1,dangerous,FLAG,FLAG,FLAG,FLAG,FLAG,1,dangerous,FLAG,FLAG,FLAG,FLAG,FLAG,1,dangerous,FLAG,FLAG,FLAG,FLAG,FLAG,1,dangerous,FLAG,FLAG,FLAG,FLAG,FLAG
gpu_seed1102_ckpt150_stale_m,opt2026_10m_gpu_final,"WikiText-2 cached char-level, first 500000 chars",GPTMini,candidate_B_19p48m,19484864,1102,150,300,20,stale_m,results\opt2026_10m_gpu_final\gpu_scale\checkpoints\seed_1102\checkpoint_step_150.pt,,True,True,True,True,True,True,169.68785095214844,tau = 0.10 * (||theta_checkpoint||_2 + 1e-12),16.968785095214944,Inherited fixed threshold from final task-validity campaign; not tuned on GPU rows.,benign,,1.2785470485687256,1.2785470485687256,0.00753469998821109,"[0.0, 0.15648253262043, 0.28963422775268555, 0.40056660771369934, 0.49815499782562256, 0.5833452939987183, 0.6606647968292236, 0.7308818697929382, 0.7947715520858765, 0.8540182709693909, 0.9118033647537231, 0.9629279971122742, 1.0094058513641357, 1.0492736101150513, 1.0854241847991943, 1.120253562927246, 1.1541635990142822, 1.1869908571243286, 1.2185823917388916, 1.2489938735961914, 1.2785470485687256]","[3.0403754711151123, 3.00491730372111, 2.981207768122355, 3.0216752688090005, 3.0980451901753745, 3.0532840887705484, 2.998546759287516, 3.007577975591024, 2.986602862675985, 2.950942277908325, 2.89894962310791, 3.062795639038086, 3.1630233923594155, 3.086376428604126, 3.01047682762146, 2.9562885761260986, 2.8621989091237388, 2.820571184158325, 2.8389314810434976, 2.8714726765950522]","[2.9485956033070884, 3.105632940928141, 3.2400766213734946, 3.2706135908762612, 3.2600101629892984, 3.1092563470204673, 3.0184568564097085, 2.9459198315938315, 2.9275123278299966, 3.007030407587687, 3.06350048383077, 3.087203582127889, 3.1068352858225503, 3.2539243698120117, 3.2423485120137534, 3.022200584411621, 2.8707770506540933, 2.9018215338389077, 2.964911460876465, 2.998945395151774]","[0.09177986780802394, 0.10071563720703125, 0.2588688532511396, 0.24893832206726074, 0.16196497281392386, 0.055972258249918916, 0.019910097122192383, 0.06165814399719238, 0.05909053484598825, 0.05608812967936183, 0.16455086072285985, 0.024407943089803208, 0.056188106536865234, 0.16754794120788574, 0.23187168439229344, 0.06591200828552246, 0.008578141530354522, 0.08125034968058253, 0.12597997983296727, 0.1274727185567217]","[20.913094023861905, 20.184546840052985, 19.711609327234225, 20.525648876738757, 22.154600892877347, 21.184803079815786, 20.056369002337163, 20.23832280441098, 19.818242713310653, 19.123965330982237, 18.155065689295288, 21.3872647349394, 23.641966925603484, 21.897586573010777, 20.297075824577593, 19.226481549702587, 17.499965493433752, 16.78643608072655, 17.09748678455033, 17.663010958512697]","[19.07914022280706, 22.32334386267826, 25.535678251136282, 26.327488695069917, 26.049801885030835, 22.404377122377216, 20.459695064104633, 19.028157039184823, 18.681100191544914, 20.22724397988381, 21.402344751028664, 21.91570673195009, 22.350200363350538, 25.89174960301232, 25.593758470519408, 20.53643415293653, 17.650728382429076, 18.2072803593176, 19.39298612746213, 20.064365784124398]","[1.8339538010548466, 2.138797022625276, 5.8240689239020575, 5.80183981833116, 3.8952009921534874, 1.2195740425614296, 0.4033260617674692, 1.210165765226158, 1.137142521765739, 1.103278648901572, 3.2472790617333764, 0.5284419970106882, 1.2917665622529455, 3.9941630300015447, 5.296682645941814, 1.309952603233942, 0.15076288899532386, 1.4208442785910513, 2.2954993429118, 2.401354825611701]",0.05,,True,True,0.1274727185567217,0.2588688532511396,2.401354825611701,5.8240689239020575,PASS,51.26173959999869,PASS,0.0,0.0,PASS,0.0,0.0,,benign,PASS,PASS,PASS,PASS,PASS,,benign,PASS,PASS,PASS,PASS,PASS,,benign,PASS,PASS,PASS,PASS,PASS,,benign,PASS,PASS,PASS,PASS,PASS,,benign,PASS,PASS,PASS,PASS,PASS,,benign,PASS,PASS,PASS,PASS,PASS
gpu_seed1102_ckpt150_stale_v,opt2026_10m_gpu_final,"WikiText-2 cached char-level, first 500000 chars",GPTMini,candidate_B_19p48m,19484864,1102,150,300,20,stale_v,results\opt2026_10m_gpu_final\gpu_scale\checkpoints\seed_1102\checkpoint_step_150.pt,,True,True,True,True,True,True,169.68785095214844,tau = 0.10 * (||theta_checkpoint||_2 + 1e-12),16.968785095214944,Inherited fixed threshold from final task-validity campaign; not tuned on GPU rows.,dangerous,1,7889.02294921875,7889.02294921875,46.49138347237003,"[0.0, 898.1718139648438, 1706.48681640625, 2433.97265625, 3088.706787109375, 3677.9638671875, 4208.291015625, 4685.5810546875, 5115.1376953125, 5501.73388671875, 5849.66650390625, 6162.80078125, 6444.61767578125, 6698.248046875, 6926.51123046875, 7131.943359375, 7316.82763671875, 7483.21923828125, 7632.96728515625, 7767.7353515625, 7889.02294921875]","[3.0403754711151123, 3.00491730372111, 2.981207768122355, 3.0216752688090005, 3.0980451901753745, 3.0532840887705484, 2.998546759287516, 3.007577975591024, 2.986602862675985, 2.950942277908325, 2.89894962310791, 3.062795639038086, 3.1630233923594155, 3.086376428604126, 3.01047682762146, 2.9562885761260986, 2.8621989091237388, 2.820571184158325, 2.8389314810434976, 2.8714726765950522]","[242.0644073486328, 9.100439866383871, 7.711209932963054, 8.233429908752441, 7.202613512674968, 6.574216842651367, 6.19338862101237, 5.67482868830363, 5.989199320475261, 6.12100076675415, 5.858687559763591, 5.864038626352946, 5.122406800587972, 5.196054458618164, 5.318481922149658, 4.661882718404134, 5.012364864349365, 4.543773253758748, 4.671315431594849, 4.910277366638184]","[239.0240318775177, 6.095522562662762, 4.730002164840698, 5.211754639943441, 4.104568322499594, 3.520932753880819, 3.194841861724854, 2.667250712712606, 3.002596457799276, 3.170058488845825, 2.9597379366556806, 2.8012429873148603, 1.9593834082285562, 2.109678030014038, 2.3080050945281982, 1.7055941422780352, 2.1501659552256265, 1.7232020696004229, 1.832383950551351, 2.0388046900431314]","[20.913094023861905, 20.184546840052985, 19.711609327234225, 20.525648876738757, 22.154600892877347, 21.184803079815786, 20.056369002337163, 20.23832280441098, 19.818242713310653, 19.123965330982237, 18.155065689295288, 21.3872647349394, 23.641966925603484, 21.897586573010777, 20.297075824577593, 19.226481549702587, 17.499965493433752, 16.78643608072655, 17.09748678455033, 17.663010958512697]","[5.184705528587072e+21, 8959.23270217346, 2233.24269813554, 3764.724293567273, 1342.935962118572, 716.3843629244502, 489.50203585519716, 291.43840746058316, 399.0949348227931, 455.3201358206715, 350.2641414703785, 352.1434518885124, 167.7385975370414, 180.55843384901237, 204.07384673711624, 105.83515249056458, 150.25966002336338, 94.04498708160165, 106.83818836720363, 135.67704147485009]","[5.184705528587072e+21, 8939.048155333407, 2213.531088808306, 3744.1986446905344, 1320.7813612256946, 695.1995598446345, 469.44566685286, 271.2000846561722, 379.27669210948244, 436.1961704896893, 332.1090757810832, 330.756187153573, 144.0966306114379, 158.6608472760016, 183.77677091253864, 86.608670940862, 132.75969452992962, 77.2585510008751, 89.7407015826533, 118.01403051633739]",0.05,,True,True,2.0388046900431314,239.0240318775177,118.01403051633739,5.184705528587072e+21,FLAG,74.0133358000021,PASS,0.0,0.0,PASS,0.0,0.0,1,dangerous,FLAG,FLAG,FLAG,FLAG,FLAG,1,dangerous,FLAG,FLAG,FLAG,FLAG,FLAG,1,dangerous,FLAG,FLAG,FLAG,FLAG,FLAG,1,dangerous,FLAG,FLAG,FLAG,FLAG,FLAG,1,dangerous,FLAG,FLAG,FLAG,FLAG,FLAG,1,dangerous,FLAG,FLAG,FLAG,FLAG,FLAG
gpu_seed1102_ckpt150_stale_mv,opt2026_10m_gpu_final,"WikiText-2 cached char-level, first 500000 chars",GPTMini,candidate_B_19p48m,19484864,1102,150,300,20,stale_mv,results\opt2026_10m_gpu_final\gpu_scale\checkpoints\seed_1102\checkpoint_step_150.pt,,True,True,True,True,True,True,169.68785095214844,tau = 0.10 * (||theta_checkpoint||_2 + 1e-12),16.968785095214944,Inherited fixed threshold from final task-validity campaign; not tuned on GPU rows.,benign,,1.305376410484314,1.305376410484314,0.007692810081332336,"[0.0, 0.15934640169143677, 0.2950754463672638, 0.4080306887626648, 0.5074739456176758, 0.5942540764808655, 0.6730557680130005, 0.7445915341377258, 0.8096978664398193, 0.8703275918960571, 0.9296263456344604, 0.9820410013198853, 1.0295557975769043, 1.070693850517273, 1.1079779863357544, 1.1437872648239136, 1.1784404516220093, 1.2118059396743774, 1.2442482709884644, 1.2752246856689453, 1.305376410484314]","[3.0403754711151123, 3.00491730372111, 2.981207768122355, 3.0216752688090005, 3.0980451901753745, 3.0532840887705484, 2.998546759287516, 3.007577975591024, 2.986602862675985, 2.950942277908325, 2.89894962310791, 3.062795639038086, 3.1630233923594155, 3.086376428604126, 3.01047682762146, 2.9562885761260986, 2.8621989091237388, 2.820571184158325, 2.8389314810434976, 2.8714726765950522]","[2.948430299758911, 3.1079460779825845, 3.2428437074025473, 3.275385061899821, 3.2640766302744546, 3.108710606892904, 3.0178469022115073, 2.94512144724528, 2.9288346767425537, 3.00881560643514, 3.066618283589681, 3.0899579524993896, 3.111736615498861, 3.2582614421844482, 3.242138226826986, 3.016662279764811, 2.869219938913981, 2.9055541356404624, 2.967388153076172, 3.0008346239725747]","[0.09194517135620117, 0.10302877426147461, 0.26163593928019235, 0.2537097930908203, 0.1660314400990801, 0.05542651812235544, 0.01930014292399118, 0.06245652834574411, 0.05776818593343114, 0.05787332852681493, 0.16766866048177098, 0.02716231346130371, 0.05128677686055472, 0.17188501358032227, 0.23166139920552586, 0.06037370363871242, 0.007021029790242217, 0.08498295148213719, 0.1284566720326743, 0.1293619473775225]","[20.913094023861905, 20.184546840052985, 19.711609327234225, 20.525648876738757, 22.154600892877347, 21.184803079815786, 20.056369002337163, 20.23832280441098, 19.818242713310653, 19.123965330982237, 18.155065689295288, 21.3872647349394, 23.641966925603484, 21.897586573010777, 20.297075824577593, 19.226481549702587, 17.499965493433752, 16.78643608072655, 17.09748678455033, 17.663010958512697]","[19.075986633888956, 22.37504058429657, 25.606435520245146, 26.453409719859156, 26.15594822622206, 22.392153490515057, 20.447219392387325, 19.01297131925015, 18.70581946421822, 20.263385883167402, 21.46917710714749, 21.9761539139912, 22.460014962600123, 26.004287861770532, 25.588377048075895, 20.423011498760644, 17.62326561289254, 18.27536787953713, 19.441076112396317, 20.102307791516623]","[1.8371073899729495, 2.190493744243586, 5.894826193010921, 5.927760843120399, 4.001347333344711, 1.20735041069927, 0.3908503900501614, 1.2253514851608323, 1.1124232490924335, 1.1394205521851646, 3.314111417852203, 0.5888891790518009, 1.1819519630033604, 4.106701288759755, 5.2913012234983015, 1.196529949058057, 0.12330011945878638, 1.4889317988105795, 2.3435893278459865, 2.439296833003926]",0.05,,True,True,0.1293619473775225,0.26163593928019235,2.439296833003926,5.927760843120399,PASS,22.68095959999846,PASS,0.0,0.0,PASS,0.0,0.0,,benign,PASS,PASS,PASS,PASS,PASS,,benign,PASS,PASS,PASS,PASS,PASS,,benign,PASS,PASS,PASS,PASS,PASS,,benign,PASS,PASS,PASS,PASS,PASS,,benign,PASS,PASS,PASS,PASS,PASS,,benign,PASS,PASS,PASS,PASS,PASS
gpu_seed1102_ckpt150_model_current_optimizer_stale,opt2026_10m_gpu_final,"WikiText-2 cached char-level, first 500000 chars",GPTMini,candidate_B_19p48m,19484864,1102,150,300,20,model_current_optimizer_stale,results\opt2026_10m_gpu_final\gpu_scale\checkpoints\seed_1102\checkpoint_step_150.pt,,True,True,True,True,True,True,169.68785095214844,tau = 0.10 * (||theta_checkpoint||_2 + 1e-12),16.968785095214944,Inherited fixed threshold from final task-validity campaign; not tuned on GPU rows.,benign,,1.2256934642791748,1.2256934642791748,0.007223224629232945,"[0.0, 0.1514073610305786, 0.2804354429244995, 0.38821008801460266, 0.4829905927181244, 0.5652667284011841, 0.6395105719566345, 0.7072669863700867, 0.768513560295105, 0.8248694539070129, 0.8796448707580566, 0.9287081956863403, 0.9731861352920532, 1.0108058452606201, 1.0446560382843018, 1.077970027923584, 1.10987389087677, 1.1403907537460327, 1.1696081161499023, 1.197852373123169, 1.2256934642791748]","[3.0403754711151123, 3.00491730372111, 2.981207768122355, 3.0216752688090005, 3.0980451901753745, 3.0532840887705484, 2.998546759287516, 3.007577975591024, 2.986602862675985, 2.950942277908325, 2.89894962310791, 3.062795639038086, 3.1630233923594155, 3.086376428604126, 3.01047682762146, 2.9562885761260986, 2.8621989091237388, 2.820571184158325, 2.8389314810434976, 2.8714726765950522]","[2.94489852587382, 3.07047168413798, 3.1987191836039224, 3.230404535929362, 3.226516008377075, 3.0932493209838867, 3.0026257038116455, 2.940352280934652, 2.9043668111165366, 2.9777375857035318, 3.013713518778483, 3.0497167905171714, 3.052008946736654, 3.166001240412394, 3.2277656396230063, 3.0527071952819824, 2.8637927373250327, 2.8510421911875405, 2.908938725789388, 2.950305461883545]","[0.09547694524129247, 0.06555438041687012, 0.21751141548156738, 0.20872926712036133, 0.1284708182017007, 0.039965232213338364, 0.00407894452412938, 0.06722569465637207, 0.08223605155944824, 0.026795307795206558, 0.11476389567057277, 0.013078848520914566, 0.11101444562276175, 0.07962481180826808, 0.21728881200154637, 0.09641861915588379, 0.0015938282012939453, 0.030471007029215347, 0.0700072447458906, 0.07883278528849269]","[20.913094023861905, 20.184546840052985, 19.711609327234225, 20.525648876738757, 22.154600892877347, 21.184803079815786, 20.056369002337163, 20.23832280441098, 19.818242713310653, 19.123965330982237, 18.155065689295288, 21.3872647349394, 23.641966925603484, 21.897586573010777, 20.297075824577593, 19.226481549702587, 17.499965493433752, 16.78643608072655, 17.09748678455033, 17.663010958512697]","[19.00873339398774, 21.55206604555803, 24.5011286443003, 25.28988556926786, 25.191736104560047, 22.04860470010564, 20.138344892749725, 18.92251117815732, 18.25368196372745, 19.64332499516871, 20.3628776230161, 21.10936520349269, 21.15780666272002, 23.7124740384135, 25.223236162764895, 21.17258522940051, 17.527879671251597, 17.305808406386372, 18.33732730411148, 19.11179076029441]","[1.9043606298741658, 1.3675192055050438, 4.789519317066077, 4.764236692529103, 3.037135211682699, 0.863801620289852, 0.08197589041256137, 1.3158116262536623, 1.5645607495832046, 0.5193596641864744, 2.207811933720812, 0.2778995314467103, 2.4841602628834636, 1.8148874654027232, 4.926160338187302, 1.9461036796979236, 0.027914177817844887, 0.5193723256598233, 1.2398405195611488, 1.4487798017817148]",0.05,,True,True,0.07883278528849269,0.21751141548156738,1.4487798017817148,4.926160338187302,PASS,26.5358890000025,PASS,0.0,0.0,PASS,0.0,0.0,,benign,PASS,PASS,PASS,PASS,PASS,,benign,PASS,PASS,PASS,PASS,PASS,,benign,PASS,PASS,PASS,PASS,PASS,,benign,PASS,PASS,PASS,PASS,PASS,,benign,PASS,PASS,PASS,PASS,PASS,,benign,PASS,PASS,PASS,PASS,PASS
gpu_seed1102_ckpt150_step_counter_mismatch,opt2026_10m_gpu_final,"WikiText-2 cached char-level, first 500000 chars",GPTMini,candidate_B_19p48m,19484864,1102,150,300,20,step_counter_mismatch,results\opt2026_10m_gpu_final\gpu_scale\checkpoints\seed_1102\checkpoint_step_150.pt,,True,True,True,True,True,True,169.68785095214844,tau = 0.10 * (||theta_checkpoint||_2 + 1e-12),16.968785095214944,Inherited fixed threshold from final task-validity campaign; not tuned on GPU rows.,benign,,0.15419438481330872,0.15419438481330872,0.0009086943110428704,"[0.0, 0.008575163781642914, 0.016127754002809525, 0.023441001772880554, 0.030605830252170563, 0.03779411315917969, 0.044761598110198975, 0.052075158804655075, 0.05905979126691818, 0.06588617712259293, 0.07318545877933502, 0.08100371062755585, 0.08812715858221054, 0.09448251128196716, 0.10256222635507584, 0.11066887527704239, 0.11933350563049316, 0.12832963466644287, 0.13748525083065033, 0.14609487354755402, 0.15419438481330872]","[3.0403754711151123, 3.00491730372111, 2.981207768122355, 3.0216752688090005, 3.0980451901753745, 3.0532840887705484, 2.998546759287516, 3.007577975591024, 2.986602862675985, 2.950942277908325, 2.89894962310791, 3.062795639038086, 3.1630233923594155, 3.086376428604126, 3.01047682762146, 2.9562885761260986, 2.8621989091237388, 2.820571184158325, 2.8389314810434976, 2.8714726765950522]","[3.037142276763916, 2.996751626332601, 2.964442014694214, 2.9940292835235596, 3.064176162083944, 3.037921667098999, 2.9880709648132324, 2.990396738052368, 2.9752180576324463, 2.9595681031545005, 2.8855717182159424, 2.981714963912964, 3.130032459894816, 3.0920077164967856, 3.012756029764811, 2.9582889080047607, 2.867673953374227, 2.805863618850708, 2.804671367009481, 2.8196847438812256]","[0.003233194351196289, 0.008165677388508819, 0.016765753428141128, 0.027645985285440933, 0.033869028091430664, 0.015362421671549331, 0.010475794474283706, 0.017181237538655747, 0.01138480504353856, 0.008625825246175278, 0.013377904891967773, 0.08108067512512207, 0.03299093246459961, 0.005631287892659653, 0.002279202143351089, 0.0020003318786621094, 0.005475044250488281, 0.014707565307617188, 0.03426011403401663, 0.051787932713826645]","[20.913094023861905, 20.184546840052985, 19.711609327234225, 20.525648876738757, 22.154600892877347, 21.184803079815786, 20.056369002337163, 20.23832280441098, 19.818242713310653, 19.123965330982237, 18.155065689295288, 21.3872647349394, 23.641966925603484, 21.897586573010777, 20.297075824577593, 19.226481549702587, 17.499965493433752, 16.78643608072655, 17.09748678455033, 17.663010958512697]","[20.8455871166806, 20.020397449904603, 19.383884300738206, 19.965969184685584, 21.416810736569424, 20.861840298772243, 19.847359285615934, 19.893573463727403, 19.59389538223095, 19.289638821990398, 17.913806317797917, 19.721609508321624, 22.874722041461435, 22.021246041407004, 20.34338972261943, 19.264979385047745, 17.596041348673495, 16.54135516539348, 16.5216454560445, 16.771562500919682]","[0.06750690718130414, 0.16414939014838126, 0.32772502649601876, 0.559679692053173, 0.7377901563079234, 0.32296278104354315, 0.20900971672122992, 0.34474934068357754, 0.22434733107970217, 0.1656734910081603, 0.24125937149737098, 1.6656552266177762, 0.7672448841420483, 0.12365946839622666, 0.04631389804183783, 0.03849783534515794, 0.09607585523974294, 0.24508091533306953, 0.575841328505831, 0.8914484575930146]",0.05,0,False,False,0.051787932713826645,0.08108067512512207,0.8914484575930146,1.6656552266177762,PASS,19.2462680000026,PASS,0.0,0.0,PASS,0.0,0.0,,benign,PASS,PASS,PASS,PASS,PASS,,benign,PASS,PASS,PASS,PASS,PASS,,benign,PASS,PASS,PASS,PASS,PASS,,benign,PASS,PASS,PASS,PASS,PASS,,benign,PASS,PASS,PASS,PASS,PASS,,benign,PASS,PASS,PASS,PASS,PASS
gpu_seed1102_ckpt150_scheduler_mismatch,opt2026_10m_gpu_final,"WikiText-2 cached char-level, first 500000 chars",GPTMini,candidate_B_19p48m,19484864,1102,150,300,20,scheduler_mismatch,results\opt2026_10m_gpu_final\gpu_scale\checkpoints\seed_1102\checkpoint_step_150.pt,,True,True,True,True,True,True,169.68785095214844,tau = 0.10 * (||theta_checkpoint||_2 + 1e-12),16.968785095214944,Inherited fixed threshold from final task-validity campaign; not tuned on GPU rows.,benign,,0.0,0.0,0.0,"[0.0, 0.0, 0.0, 0.0, 0.0, 0.0, 0.0, 0.0, 0.0, 0.0, 0.0, 0.0, 0.0, 0.0, 0.0, 0.0, 0.0, 0.0, 0.0, 0.0, 0.0]","[3.0403754711151123, 3.00491730372111, 2.981207768122355, 3.0216752688090005, 3.0980451901753745, 3.0532840887705484, 2.998546759287516, 3.007577975591024, 2.986602862675985, 2.950942277908325, 2.89894962310791, 3.062795639038086, 3.1630233923594155, 3.086376428604126, 3.01047682762146, 2.9562885761260986, 2.8621989091237388, 2.820571184158325, 2.8389314810434976, 2.8714726765950522]","[3.0403754711151123, 3.00491730372111, 2.981207768122355, 3.0216752688090005, 3.0980451901753745, 3.0532840887705484, 2.998546759287516, 3.007577975591024, 2.986602862675985, 2.950942277908325, 2.89894962310791, 3.062795639038086, 3.1630233923594155, 3.086376428604126, 3.01047682762146, 2.9562885761260986, 2.8621989091237388, 2.820571184158325, 2.8389314810434976, 2.8714726765950522]","[0.0, 0.0, 0.0, 0.0, 0.0, 0.0, 0.0, 0.0, 0.0, 0.0, 0.0, 0.0, 0.0, 0.0, 0.0, 0.0, 0.0, 0.0, 0.0, 0.0]","[20.913094023861905, 20.184546840052985, 19.711609327234225, 20.525648876738757, 22.154600892877347, 21.184803079815786, 20.056369002337163, 20.23832280441098, 19.818242713310653, 19.123965330982237, 18.155065689295288, 21.3872647349394, 23.641966925603484, 21.897586573010777, 20.297075824577593, 19.226481549702587, 17.499965493433752, 16.78643608072655, 17.09748678455033, 17.663010958512697]","[20.913094023861905, 20.184546840052985, 19.711609327234225, 20.525648876738757, 22.154600892877347, 21.184803079815786, 20.056369002337163, 20.23832280441098, 19.818242713310653, 19.123965330982237, 18.155065689295288, 21.3872647349394, 23.641966925603484, 21.897586573010777, 20.297075824577593, 19.226481549702587, 17.499965493433752, 16.78643608072655, 17.09748678455033, 17.663010958512697]","[0.0, 0.0, 0.0, 0.0, 0.0, 0.0, 0.0, 0.0, 0.0, 0.0, 0.0, 0.0, 0.0, 0.0, 0.0, 0.0, 0.0, 0.0, 0.0, 0.0]",0.05,0,False,False,0.0,0.0,0.0,0.0,PASS,20.117120500002784,PASS,0.0,0.0,PASS,0.0,0.0,,benign,PASS,PASS,PASS,PASS,PASS,,benign,PASS,PASS,PASS,PASS,PASS,,benign,PASS,PASS,PASS,PASS,PASS,,benign,PASS,PASS,PASS,PASS,PASS,,benign,PASS,PASS,PASS,PASS,PASS,,benign,PASS,PASS,PASS,PASS,PASS
gpu_seed1102_ckpt150_optimizer_reset,opt2026_10m_gpu_final,"WikiText-2 cached char-level, first 500000 chars",GPTMini,candidate_B_19p48m,19484864,1102,150,300,20,optimizer_reset,results\opt2026_10m_gpu_final\gpu_scale\checkpoints\seed_1102\checkpoint_step_150.pt,,True,True,True,True,True,True,169.68785095214844,tau = 0.10 * (||theta_checkpoint||_2 + 1e-12),16.968785095214944,Inherited fixed threshold from final task-validity campaign; not tuned on GPU rows.,dangerous,16,18.977853775024414,18.977853775024414,0.1118397909369246,"[0.0, 3.446286916732788, 4.899971008300781, 6.163584232330322, 7.416197299957275, 8.474984169006348, 9.517912864685059, 10.546517372131348, 11.501395225524902, 12.393024444580078, 13.218600273132324, 13.972782135009766, 14.677066802978516, 15.334829330444336, 15.94807243347168, 16.522363662719727, 17.07761001586914, 17.60211944580078, 18.09688949584961, 18.55259132385254, 18.977853775024414]","[3.0403754711151123, 3.00491730372111, 2.981207768122355, 3.0216752688090005, 3.0980451901753745, 3.0532840887705484, 2.998546759287516, 3.007577975591024, 2.986602862675985, 2.950942277908325, 2.89894962310791, 3.062795639038086, 3.1630233923594155, 3.086376428604126, 3.01047682762146, 2.9562885761260986, 2.8621989091237388, 2.820571184158325, 2.8389314810434976, 2.8714726765950522]","[16.38576316833496, 18.823310216267902, 16.924648920694988, 15.316437721252441, 10.457603454589844, 9.546717007954916, 9.050912221272787, 10.105255444844564, 10.259093602498373, 15.41701571146647, 15.715933799743652, 15.432751337687174, 14.51870600382487, 11.197651863098145, 9.161090215047201, 9.210739135742188, 8.217811584472656, 7.914998213450114, 9.29196834564209, 8.198805809020996]","[13.345387697219849, 15.818392912546793, 13.943441152572634, 12.294762452443441, 7.359558264414469, 6.493432919184368, 6.052365461985271, 7.09767746925354, 7.272490739822388, 12.466073433558146, 12.816984176635742, 12.369955698649088, 11.355682611465454, 8.111275434494019, 6.150613387425741, 6.254450559616089, 5.355612675348917, 5.094427029291789, 6.453036864598593, 5.327333132425943]","[20.913094023861905, 20.184546840052985, 19.711609327234225, 20.525648876738757, 22.154600892877347, 21.184803079815786, 20.056369002337163, 20.23832280441098, 19.818242713310653, 19.123965330982237, 18.155065689295288, 21.3872647349394, 23.641966925603484, 21.897586573010777, 20.297075824577593, 19.226481549702587, 17.499965493433752, 16.78643608072655, 17.09748678455033, 17.663010958512697]","[13069125.420603208, 149575257.12376422, 22401733.91378668, 4485846.254809671, 34808.03237804518, 13998.661654979625, 8526.312261495596, 24471.27953079204, 28540.90505963406, 4960493.1118265875, 6688724.79105843, 5039166.944958577, 2020197.837271297, 72958.92299796018, 9519.429647818093, 10003.988432828444, 3706.3823960139807, 2738.041638730121, 10850.520667899764, 3636.604912452431]","[13069104.507509185, 149575236.9392174, 22401714.202177353, 4485825.729160794, 34785.8777771523, 13977.47685189981, 8506.255892493258, 24451.041207987626, 28521.08681692075, 4960473.987861256, 6688706.635992741, 5039145.557693842, 2020174.1953043712, 72937.02541138716, 9499.132571993516, 9984.761951278742, 3688.882430520547, 2721.2552026493945, 10833.423181115213, 3618.9419014939185]",0.05,,True,True,5.327333132425943,15.818392912546793,3618.9419014939185,149575236.9392174,FLAG,9.925343099999736,PASS,0.0,0.0,PASS,0.0,0.0,2,dangerous,PASS,FLAG,FLAG,FLAG,FLAG,6,dangerous,PASS,PASS,PASS,FLAG,FLAG,10,dangerous,PASS,PASS,PASS,FLAG,FLAG,16,dangerous,PASS,PASS,PASS,PASS,FLAG,,benign,PASS,PASS,PASS,PASS,PASS,,benign,PASS,PASS,PASS,PASS,PASS
gpu_seed1102_ckpt300_exact_restore,opt2026_10m_gpu_final,"WikiText-2 cached char-level, first 500000 chars",GPTMini,candidate_B_19p48m,19484864,1102,300,300,20,exact_restore,results\opt2026_10m_gpu_final\gpu_scale\checkpoints\seed_1102\checkpoint_step_300.pt,,True,True,True,True,True,True,169.5753173828125,tau = 0.10 * (||theta_checkpoint||_2 + 1e-12),16.95753173828135,Inherited fixed threshold from final task-validity campaign; not tuned on GPU rows.,benign,,0.0,0.0,0.0,"[0.0, 0.0, 0.0, 0.0, 0.0, 0.0, 0.0, 0.0, 0.0, 0.0, 0.0, 0.0, 0.0, 0.0, 0.0, 0.0, 0.0, 0.0, 0.0, 0.0, 0.0]","[2.7015318870544434, 2.6685598691304526, 2.6315755049387612, 2.5937458674112954, 2.562368869781494, 2.5430785020192466, 2.53576922416687, 2.533634583155314, 2.5359249909718833, 2.543348550796509, 2.5454785029093423, 2.532849073410034, 2.5264643828074136, 2.5226848125457764, 2.5286546548207602, 2.5353943506876626, 2.53646183013916, 2.533381779988607, 2.5259639422098794, 2.5171737670898438]","[2.7015318870544434, 2.6685598691304526, 2.6315755049387612, 2.5937458674112954, 2.562368869781494, 2.5430785020192466, 2.53576922416687, 2.533634583155314, 2.5359249909718833, 2.543348550796509, 2.5454785029093423, 2.532849073410034, 2.5264643828074136, 2.5226848125457764, 2.5286546548207602, 2.5353943506876626, 2.53646183013916, 2.533381779988607, 2.5259639422098794, 2.5171737670898438]","[0.0, 0.0, 0.0, 0.0, 0.0, 0.0, 0.0, 0.0, 0.0, 0.0, 0.0, 0.0, 0.0, 0.0, 0.0, 0.0, 0.0, 0.0, 0.0, 0.0]","[14.90254326116338, 14.419188714308813, 13.895645323021816, 13.379796795619097, 12.966496905911406, 12.718765508952766, 12.626139445109883, 12.59921591629064, 12.628106331694742, 12.722200659835014, 12.749327216888666, 12.589322995407073, 12.509200115263965, 12.462009949960697, 12.536628693243898, 12.621407127352766, 12.634887413794509, 12.596031197179476, 12.502941569829332, 12.393520145213245]","[14.90254326116338, 14.419188714308813, 13.895645323021816, 13.379796795619097, 12.966496905911406, 12.718765508952766, 12.626139445109883, 12.59921591629064, 12.628106331694742, 12.722200659835014, 12.749327216888666, 12.589322995407073, 12.509200115263965, 12.462009949960697, 12.536628693243898, 12.621407127352766, 12.634887413794509, 12.596031197179476, 12.502941569829332, 12.393520145213245]","[0.0, 0.0, 0.0, 0.0, 0.0, 0.0, 0.0, 0.0, 0.0, 0.0, 0.0, 0.0, 0.0, 0.0, 0.0, 0.0, 0.0, 0.0, 0.0, 0.0]",0.05,0,False,False,0.0,0.0,0.0,0.0,PASS,9.574811000002228,PASS,0.0,0.0,PASS,0.0,0.0,,benign,PASS,PASS,PASS,PASS,PASS,,benign,PASS,PASS,PASS,PASS,PASS,,benign,PASS,PASS,PASS,PASS,PASS,,benign,PASS,PASS,PASS,PASS,PASS,,benign,PASS,PASS,PASS,PASS,PASS,,benign,PASS,PASS,PASS,PASS,PASS
gpu_seed1102_ckpt300_benign_nonzero,opt2026_10m_gpu_final,"WikiText-2 cached char-level, first 500000 chars",GPTMini,candidate_B_19p48m,19484864,1102,300,300,20,benign_nonzero,results\opt2026_10m_gpu_final\gpu_scale\checkpoints\seed_1102\checkpoint_step_300.pt,,True,True,True,True,True,True,169.5753173828125,tau = 0.10 * (||theta_checkpoint||_2 + 1e-12),16.95753173828135,Inherited fixed threshold from final task-validity campaign; not tuned on GPU rows.,benign,,0.0005633078399114311,0.0005633078399114311,3.3218740121227246e-06,"[1.1175870895385742e-08, 1.1175870895385742e-08, 1.1175870895385742e-08, 1.1175870895385742e-08, 1.1175870895385742e-08, 1.1175870895385742e-08, 1.1175870895385742e-08, 2.537060390750412e-05, 5.853032416780479e-05, 9.834342927206308e-05, 0.00013736452092416584, 0.00017786714306566864, 0.00021415493392851204, 0.0002609062648843974, 0.0003043428878299892, 0.0003472587268333882, 0.0003878317656926811, 0.0004288944764994085, 0.00047073306632228196, 0.000516556145157665, 0.0005633078399114311]","[2.7015318870544434, 2.6685598691304526, 2.6315755049387612, 2.5937458674112954, 2.562368869781494, 2.5430785020192466, 2.53576922416687, 2.533634583155314, 2.5359249909718833, 2.543348550796509, 2.5454785029093423, 2.532849073410034, 2.5264643828074136, 2.5226848125457764, 2.5286546548207602, 2.5353943506876626, 2.53646183013916, 2.533381779988607, 2.5259639422098794, 2.5171737670898438]","[2.7015318870544434, 2.6685598691304526, 2.6315755049387612, 2.5937458674112954, 2.562368869781494, 2.5430785020192466, 2.535769065221151, 2.533634583155314, 2.5359250704447427, 2.543348550796509, 2.545478423436483, 2.532849073410034, 2.5264642238616943, 2.5226848125457764, 2.528654416402181, 2.5353941122690835, 2.536461671193441, 2.5333820978800454, 2.5259665648142495, 2.517179489135742]","[0.0, 0.0, 0.0, 0.0, 0.0, 0.0, 1.5894571925301193e-07, 0.0, 7.947285940446136e-08, 0.0, 7.947285940446136e-08, 0.0, 1.5894571925301193e-07, 0.0, 2.384185791015625e-07, 2.384185791015625e-07, 1.5894571925301193e-07, 3.1789143850602386e-07, 2.6226043701171875e-06, 5.7220458984375e-06]","[14.90254326116338, 14.419188714308813, 13.895645323021816, 13.379796795619097, 12.966496905911406, 12.718765508952766, 12.626139445109883, 12.59921591629064, 12.628106331694742, 12.722200659835014, 12.749327216888666, 12.589322995407073, 12.509200115263965, 12.462009949960697, 12.536628693243898, 12.621407127352766, 12.634887413794509, 12.596031197179476, 12.502941569829332, 12.393520145213245]","[14.90254326116338, 14.419188714308813, 13.895645323021816, 13.379796795619097, 12.966496905911406, 12.718765508952766, 12.626137438239228, 12.59921591629064, 12.6281073352865, 12.722200659835014, 12.749326203663216, 12.589322995407073, 12.509198126980314, 12.462009949960697, 12.536625704279055, 12.621404118175173, 12.634885405533401, 12.59603520135059, 12.50297436014153, 12.393591061707252]","[0.0, 0.0, 0.0, 0.0, 0.0, 0.0, 2.0068706554354776e-06, 0.0, 1.003591759030087e-06, 0.0, 1.0132254502082105e-06, 0.0, 1.9882836514995006e-06, 0.0, 2.988964842742803e-06, 3.0091775933271947e-06, 2.0082611076333023e-06, 4.004171113791699e-06, 3.279031219882711e-05, 7.09164940069229e-05]",0.05,0,False,False,5.7220458984375e-06,5.7220458984375e-06,7.09164940069229e-05,7.09164940069229e-05,PASS,11.079608600000938,PASS,1.1175870895385742e-08,1.0,PASS,1.1175870895385742e-08,1.0,,benign,PASS,PASS,PASS,PASS,PASS,,benign,PASS,PASS,PASS,PASS,PASS,,benign,PASS,PASS,PASS,PASS,PASS,,benign,PASS,PASS,PASS,PASS,PASS,,benign,PASS,PASS,PASS,PASS,PASS,,benign,PASS,PASS,PASS,PASS,PASS
gpu_seed1102_ckpt300_reset_m,opt2026_10m_gpu_final,"WikiText-2 cached char-level, first 500000 chars",GPTMini,candidate_B_19p48m,19484864,1102,300,300,20,reset_m,results\opt2026_10m_gpu_final\gpu_scale\checkpoints\seed_1102\checkpoint_step_300.pt,,True,True,True,True,True,True,169.5753173828125,tau = 0.10 * (||theta_checkpoint||_2 + 1e-12),16.95753173828135,Inherited fixed threshold from final task-validity campaign; not tuned on GPU rows.,benign,,0.17973896861076355,0.17973896861076355,0.001059935911574948,"[0.0, 0.023035019636154175, 0.043382201343774796, 0.061167825013399124, 0.0766136422753334, 0.09009009599685669, 0.10190150886774063, 0.11233633756637573, 0.12163621187210083, 0.13000813126564026, 0.13756586611270905, 0.14434106647968292, 0.15042221546173096, 0.15584354102611542, 0.16072607040405273, 0.16491347551345825, 0.16863922774791718, 0.172028049826622, 0.17500704526901245, 0.17748329043388367, 0.17973896861076355]","[2.7015318870544434, 2.6685598691304526, 2.6315755049387612, 2.5937458674112954, 2.562368869781494, 2.5430785020192466, 2.53576922416687, 2.533634583155314, 2.5359249909718833, 2.543348550796509, 2.5454785029093423, 2.532849073410034, 2.5264643828074136, 2.5226848125457764, 2.5286546548207602, 2.5353943506876626, 2.53646183013916, 2.533381779988607, 2.5259639422098794, 2.5171737670898438]","[2.7011091709136963, 2.663848320643107, 2.6176329453786216, 2.573798338572184, 2.543712536493937, 2.529592593510946, 2.5263697306315103, 2.5240700244903564, 2.52404793103536, 2.5270235538482666, 2.52434508005778, 2.50931978225708, 2.50227959950765, 2.4983025391896567, 2.505516529083252, 2.5135789712270102, 2.5164755980173745, 2.5153726736704507, 2.5108540058135986, 2.5055084228515625]","[0.0004227161407470703, 0.004711548487345674, 0.013942559560139678, 0.019947528839111328, 0.018656333287557114, 0.013485908508300781, 0.009399493535359849, 0.009564558664957534, 0.011877059936523438, 0.016324996948242188, 0.0211334228515625, 0.0235292911529541, 0.0241847832997637, 0.024382273356119644, 0.023138125737508286, 0.021815379460652373, 0.01998623212178563, 0.01800910631815622, 0.015109936396280776, 0.01166534423828125]","[14.90254326116338, 14.419188714308813, 13.895645323021816, 13.379796795619097, 12.966496905911406, 12.718765508952766, 12.626139445109883, 12.59921591629064, 12.628106331694742, 12.722200659835014, 12.749327216888666, 12.589322995407073, 12.509200115263965, 12.462009949960697, 12.536628693243898, 12.621407127352766, 12.634887413794509, 12.596031197179476, 12.502941569829332, 12.393520145213245]","[14.896245046860912, 14.351411800021994, 13.703248827013828, 13.115547238114392, 12.726832201771384, 12.548392798482075, 12.508016148287654, 12.479284436647298, 12.479008729183883, 12.51619685371711, 12.482717405415999, 12.296562874834564, 12.210296845619647, 12.16183219586217, 12.249884753675435, 12.349047952387872, 12.384870392595067, 12.371218347475962, 12.315443030747915, 12.249785453673928]","[0.006298214302468352, 0.06777691428681898, 0.19239649600798714, 0.264249557504705, 0.23966470414002217, 0.1703727104706907, 0.11812329682222966, 0.11993147964334305, 0.14909760251085835, 0.20600380611790392, 0.2666098114726676, 0.29276012057250966, 0.29890326964431857, 0.3001777540985273, 0.28674393956846345, 0.2723591749648939, 0.2500170211994419, 0.22481284970351467, 0.18749853908141745, 0.14373469153931673]",0.05,0,False,False,0.01166534423828125,0.024382273356119644,0.14373469153931673,0.3001777540985273,PASS,12.789547600001242,PASS,0.0,0.0,PASS,0.0,0.0,,benign,PASS,PASS,PASS,PASS,PASS,,benign,PASS,PASS,PASS,PASS,PASS,,benign,PASS,PASS,PASS,PASS,PASS,,benign,PASS,PASS,PASS,PASS,PASS,,benign,PASS,PASS,PASS,PASS,PASS,,benign,PASS,PASS,PASS,PASS,PASS
gpu_seed1102_ckpt300_reset_v,opt2026_10m_gpu_final,"WikiText-2 cached char-level, first 500000 chars",GPTMini,candidate_B_19p48m,19484864,1102,300,300,20,reset_v,results\opt2026_10m_gpu_final\gpu_scale\checkpoints\seed_1102\checkpoint_step_300.pt,,True,True,True,True,True,True,169.5753173828125,tau = 0.10 * (||theta_checkpoint||_2 + 1e-12),16.95753173828135,Inherited fixed threshold from final task-validity campaign; not tuned on GPU rows.,dangerous,1,4222.65234375,4222.65234375,24.901338289802116,"[0.0, 963.1959228515625, 1388.2081298828125, 1829.0946044921875, 2181.941162109375, 2464.478759765625, 2711.783203125, 2927.981201171875, 3113.112060546875, 3280.95556640625, 3434.56884765625, 3565.222900390625, 3677.393798828125, 3779.58544921875, 3869.571533203125, 3951.056640625, 4016.76318359375, 4076.396728515625, 4130.455078125, 4179.39990234375, 4222.65234375]","[2.7015318870544434, 2.6685598691304526, 2.6315755049387612, 2.5937458674112954, 2.562368869781494, 2.5430785020192466, 2.53576922416687, 2.533634583155314, 2.5359249909718833, 2.543348550796509, 2.5454785029093423, 2.532849073410034, 2.5264643828074136, 2.5226848125457764, 2.5286546548207602, 2.5353943506876626, 2.53646183013916, 2.533381779988607, 2.5259639422098794, 2.5171737670898438]","[36899.799479166664, 31809.201822916668, 26022.884765625, 21000.972005208332, 17592.035481770832, 15050.438802083334, 12643.952473958334, 10389.808919270834, 8088.05517578125, 6533.18212890625, 5586.980305989583, 4895.529134114583, 4299.302897135417, 3740.3253580729165, 4559.566324869792, 2828.7662760416665, 2566.204833984375, 2379.6134440104165, 2237.0636393229165, 2116.293497721354]","[36897.09794727961, 31806.53326304754, 26020.25319012006, 20998.37825934092, 17589.47311290105, 15047.895723581314, 12641.416704734167, 10387.27528468768, 8085.519250790278, 6530.6387803554535, 5584.434827486673, 4892.996285041173, 4296.776432752609, 3737.8026732603707, 4557.0376702149715, 2826.230881690979, 2563.668372154236, 2377.0800622304278, 2234.537675380707, 2113.776323954264]","[14.90254326116338, 14.419188714308813, 13.895645323021816, 13.379796795619097, 12.966496905911406, 12.718765508952766, 12.626139445109883, 12.59921591629064, 12.628106331694742, 12.722200659835014, 12.749327216888666, 12.589322995407073, 12.509200115263965, 12.462009949960697, 12.536628693243898, 12.621407127352766, 12.634887413794509, 12.596031197179476, 12.502941569829332, 12.393520145213245]","[5.184705528587072e+21, 5.184705528587072e+21, 5.184705528587072e+21, 5.184705528587072e+21, 5.184705528587072e+21, 5.184705528587072e+21, 5.184705528587072e+21, 5.184705528587072e+21, 5.184705528587072e+21, 5.184705528587072e+21, 5.184705528587072e+21, 5.184705528587072e+21, 5.184705528587072e+21, 5.184705528587072e+21, 5.184705528587072e+21, 5.184705528587072e+21, 5.184705528587072e+21, 5.184705528587072e+21, 5.184705528587072e+21, 5.184705528587072e+21]","[5.184705528587072e+21, 5.184705528587072e+21, 5.184705528587072e+21, 5.184705528587072e+21, 5.184705528587072e+21, 5.184705528587072e+21, 5.184705528587072e+21, 5.184705528587072e+21, 5.184705528587072e+21, 5.184705528587072e+21, 5.184705528587072e+21, 5.184705528587072e+21, 5.184705528587072e+21, 5.184705528587072e+21, 5.184705528587072e+21, 5.184705528587072e+21, 5.184705528587072e+21, 5.184705528587072e+21, 5.184705528587072e+21, 5.184705528587072e+21]",0.05,,True,True,2113.776323954264,36897.09794727961,5.184705528587072e+21,5.184705528587072e+21,FLAG,11.627725599999394,PASS,0.0,0.0,PASS,0.0,0.0,1,dangerous,FLAG,FLAG,FLAG,FLAG,FLAG,1,dangerous,FLAG,FLAG,FLAG,FLAG,FLAG,1,dangerous,FLAG,FLAG,FLAG,FLAG,FLAG,1,dangerous,FLAG,FLAG,FLAG,FLAG,FLAG,1,dangerous,FLAG,FLAG,FLAG,FLAG,FLAG,1,dangerous,FLAG,FLAG,FLAG,FLAG,FLAG
gpu_seed1102_ckpt300_stale_m,opt2026_10m_gpu_final,"WikiText-2 cached char-level, first 500000 chars",GPTMini,candidate_B_19p48m,19484864,1102,300,300,20,stale_m,results\opt2026_10m_gpu_final\gpu_scale\checkpoints\seed_1102\checkpoint_step_300.pt,,True,True,True,True,True,True,169.5753173828125,tau = 0.10 * (||theta_checkpoint||_2 + 1e-12),16.95753173828135,Inherited fixed threshold from final task-validity campaign; not tuned on GPU rows.,benign,,0.2425096482038498,0.2425096482038498,0.0014300999222451004,"[0.0, 0.03165242820978165, 0.059571780264377594, 0.08377475291490555, 0.10458263009786606, 0.1225331723690033, 0.13804246485233307, 0.15181992948055267, 0.16430823504924774, 0.1758119761943817, 0.18623580038547516, 0.1955806463956833, 0.20394791662693024, 0.2112651914358139, 0.21773160994052887, 0.22329804301261902, 0.22818386554718018, 0.232510045170784, 0.23628857731819153, 0.23958076536655426, 0.2425096482038498]","[2.7015318870544434, 2.6685598691304526, 2.6315755049387612, 2.5937458674112954, 2.562368869781494, 2.5430785020192466, 2.53576922416687, 2.533634583155314, 2.5359249909718833, 2.543348550796509, 2.5454785029093423, 2.532849073410034, 2.5264643828074136, 2.5226848125457764, 2.5286546548207602, 2.5353943506876626, 2.53646183013916, 2.533381779988607, 2.5259639422098794, 2.5171737670898438]","[2.695057471593221, 2.6587361494700112, 2.6193012396494546, 2.584502935409546, 2.5622663497924805, 2.5525894165039062, 2.549137751261393, 2.5423905849456787, 2.538755496342977, 2.5441946983337402, 2.546968936920166, 2.535685936609904, 2.5308403968811035, 2.5270005067189536, 2.53545872370402, 2.5441407362620034, 2.5458077589670816, 2.543219566345215, 2.5362130800882974, 2.527519146601359]","[0.006474415461222183, 0.009823719660441377, 0.01227426528930664, 0.009242932001749526, 0.00010251998901367188, 0.009510914484659683, 0.013368527094522964, 0.008756001790364731, 0.00283050537109375, 0.0008461475372314453, 0.0014904340108237157, 0.0028368631998696436, 0.004376014073689927, 0.004315694173177231, 0.006804068883259795, 0.00874638557434082, 0.009345928827921401, 0.009837786356607925, 0.010249137878417969, 0.010345379511515151]","[14.90254326116338, 14.419188714308813, 13.895645323021816, 13.379796795619097, 12.966496905911406, 12.718765508952766, 12.626139445109883, 12.59921591629064, 12.628106331694742, 12.722200659835014, 12.749327216888666, 12.589322995407073, 12.509200115263965, 12.462009949960697, 12.536628693243898, 12.621407127352766, 12.634887413794509, 12.596031197179476, 12.502941569829332, 12.393520145213245]","[14.806369674490607, 14.278232139175842, 13.726128958613291, 13.256698016838703, 12.965167648929937, 12.840309681962928, 12.79606563308038, 12.71001906176455, 12.663900888938498, 12.732970074205678, 12.768343415462187, 12.62508788859298, 12.56406049837755, 12.515908394633804, 12.622219631551623, 12.732282995299379, 12.753525701257203, 12.720559799588658, 12.631744875777132, 12.522401327493217]","[0.09617358667277287, 0.14095657513297155, 0.16951636440852447, 0.12309877878039366, 0.001329256981469129, 0.12154417301016274, 0.1699261879704963, 0.11080314547390913, 0.03579455724375613, 0.01076941437066381, 0.01901619857352088, 0.03576489318590603, 0.05486038311358499, 0.05389844467310745, 0.08559093830772468, 0.11087586794661242, 0.11863828746269434, 0.12452860240918184, 0.12880330594779998, 0.12888118227997225]",0.05,0,False,False,0.010345379511515151,0.013368527094522964,0.12888118227997225,0.1699261879704963,PASS,16.325380499998573,PASS,0.0,0.0,PASS,0.0,0.0,,benign,PASS,PASS,PASS,PASS,PASS,,benign,PASS,PASS,PASS,PASS,PASS,,benign,PASS,PASS,PASS,PASS,PASS,,benign,PASS,PASS,PASS,PASS,PASS,,benign,PASS,PASS,PASS,PASS,PASS,,benign,PASS,PASS,PASS,PASS,PASS
gpu_seed1102_ckpt300_stale_v,opt2026_10m_gpu_final,"WikiText-2 cached char-level, first 500000 chars",GPTMini,candidate_B_19p48m,19484864,1102,300,300,20,stale_v,results\opt2026_10m_gpu_final\gpu_scale\checkpoints\seed_1102\checkpoint_step_300.pt,,True,True,True,True,True,True,169.5753173828125,tau = 0.10 * (||theta_checkpoint||_2 + 1e-12),16.95753173828135,Inherited fixed threshold from final task-validity campaign; not tuned on GPU rows.,dangerous,1,188.9020538330078,188.9020538330078,1.1139714007231638,"[0.0, 21.505027770996094, 40.859527587890625, 58.27854537963867, 73.95563507080078, 88.06497955322266, 100.76335906982422, 112.19188690185547, 122.47752380371094, 131.7345733642578, 140.06588745117188, 147.5640411376953, 154.31236267089844, 160.3858184814453, 165.8518829345703, 170.77134704589844, 175.19882202148438, 179.1835174560547, 182.76971435546875, 185.9972686767578, 188.9020538330078]","[2.7015318870544434, 2.6685598691304526, 2.6315755049387612, 2.5937458674112954, 2.562368869781494, 2.5430785020192466, 2.53576922416687, 2.533634583155314, 2.5359249909718833, 2.543348550796509, 2.5454785029093423, 2.532849073410034, 2.5264643828074136, 2.5226848125457764, 2.5286546548207602, 2.5353943506876626, 2.53646183013916, 2.533381779988607, 2.5259639422098794, 2.5171737670898438]","[2.701566457748413, 2.66862424214681, 2.6316610177357993, 2.5938918590545654, 2.562569538752238, 2.543275515238444, 2.535921017328898, 2.5337604681650796, 2.5360252062479653, 2.5433998902638755, 2.5455400149027505, 2.5329951445261636, 2.526613394419352, 2.5227827231089273, 2.528646945953369, 2.5354085763295493, 2.5366028944651284, 2.53370467821757, 2.5264406204223633, 2.5177605152130127]","[3.457069396972656e-05, 6.437301635742188e-05, 8.551279703805648e-05, 0.0001459916432700048, 0.00020066897074366707, 0.00019701321919729509, 0.00015179316202784676, 0.000125885009765625, 0.00010021527608206071, 5.133946736668449e-05, 6.151199340820312e-05, 0.00014607111612940926, 0.00014901161193847656, 9.791056315089364e-05, 7.70886739109855e-06, 1.4225641886689289e-05, 0.00014106432596827645, 0.0003228982289629201, 0.000476678212483872, 0.0005867481231689453]","[14.90254326116338, 14.419188714308813, 13.895645323021816, 13.379796795619097, 12.966496905911406, 12.718765508952766, 12.626139445109883, 12.59921591629064, 12.628106331694742, 12.722200659835014, 12.749327216888666, 12.589322995407073, 12.509200115263965, 12.462009949960697, 12.536628693243898, 12.621407127352766, 12.634887413794509, 12.596031197179476, 12.502941569829332, 12.393520145213245]","[14.903058461331195, 14.420116950856153, 13.89683362932701, 13.381750276732397, 12.969099140584811, 12.721271520740519, 12.628056152208297, 12.600802068543604, 12.629371924271961, 12.722853827607121, 12.75011147754086, 12.591162066182617, 12.51106427022412, 12.463230172108233, 12.536532050408274, 12.621586676247762, 12.636669871388856, 12.600099090067367, 12.508902870365793, 12.40079415369463]","[0.000515200167814811, 0.0009282365473399778, 0.0011883063051936205, 0.001953481113300626, 0.00260223467340559, 0.002506011787753337, 0.001916707098413184, 0.0015861522529636574, 0.0012655925772193655, 0.0006531677721071105, 0.0007842606521943907, 0.001839070775544016, 0.0018641549601543517, 0.001220222147535921, 9.664283562393905e-05, 0.00017954889499627313, 0.001782457594346809, 0.004067892887890778, 0.005961300536460712, 0.0072740084813851524]",0.05,0,False,False,0.0005867481231689453,0.0005867481231689453,0.0072740084813851524,0.0072740084813851524,FLAG,17.5289320999982,PASS,0.0,0.0,PASS,0.0,0.0,1,dangerous,FLAG,FLAG,FLAG,FLAG,FLAG,1,dangerous,FLAG,FLAG,FLAG,FLAG,FLAG,1,dangerous,FLAG,FLAG,FLAG,FLAG,FLAG,1,dangerous,FLAG,FLAG,FLAG,FLAG,FLAG,2,dangerous,PASS,FLAG,FLAG,FLAG,FLAG,2,dangerous,PASS,FLAG,FLAG,FLAG,FLAG
gpu_seed1102_ckpt300_stale_mv,opt2026_10m_gpu_final,"WikiText-2 cached char-level, first 500000 chars",GPTMini,candidate_B_19p48m,19484864,1102,300,300,20,stale_mv,results\opt2026_10m_gpu_final\gpu_scale\checkpoints\seed_1102\checkpoint_step_300.pt,,True,True,True,True,True,True,169.5753173828125,tau = 0.10 * (||theta_checkpoint||_2 + 1e-12),16.95753173828135,Inherited fixed threshold from final task-validity campaign; not tuned on GPU rows.,benign,,0.24448633193969727,0.24448633193969727,0.0014417565935481837,"[0.0, 0.03172921761870384, 0.059727929532527924, 0.08401411026716232, 0.10491005331277847, 0.12294160574674606, 0.1385442018508911, 0.1524210125207901, 0.16500090062618256, 0.17661447823047638, 0.18715661764144897, 0.19660496711730957, 0.20507748425006866, 0.2124987095594406, 0.21906690299510956, 0.2247573435306549, 0.22975994646549225, 0.23419751226902008, 0.23807255923748016, 0.24145889282226562, 0.24448633193969727]","[2.7015318870544434, 2.6685598691304526, 2.6315755049387612, 2.5937458674112954, 2.562368869781494, 2.5430785020192466, 2.53576922416687, 2.533634583155314, 2.5359249909718833, 2.543348550796509, 2.5454785029093423, 2.532849073410034, 2.5264643828074136, 2.5226848125457764, 2.5286546548207602, 2.5353943506876626, 2.53646183013916, 2.533381779988607, 2.5259639422098794, 2.5171737670898438]","[2.6950839360555015, 2.658775011698405, 2.619333267211914, 2.584522565205892, 2.562267621358236, 2.552581787109375, 2.549159208933512, 2.5424811045328775, 2.538853168487549, 2.5441994667053223, 2.546926259994507, 2.535714626312256, 2.5308585166931152, 2.5269320011138916, 2.5352564652760825, 2.54392941792806, 2.5457046031951904, 2.5432647864023843, 2.5364387035369873, 2.527888536453247]","[0.006447950998941909, 0.009784857432047822, 0.012242237726847183, 0.00922330220540335, 0.00010124842325831551, 0.009503285090128433, 0.013389984766642105, 0.008846521377563477, 0.002928177515665542, 0.0008509159088134766, 0.001447757085164536, 0.0028655529022216797, 0.004394133885701645, 0.004247188568115234, 0.006601810455322266, 0.008535067240397431, 0.009242773056030273, 0.009883006413777373, 0.010474761327107895, 0.01071476936340332]","[14.90254326116338, 14.419188714308813, 13.895645323021816, 13.379796795619097, 12.966496905911406, 12.718765508952766, 12.626139445109883, 12.59921591629064, 12.628106331694742, 12.722200659835014, 12.749327216888666, 12.589322995407073, 12.509200115263965, 12.462009949960697, 12.536628693243898, 12.621407127352766, 12.634887413794509, 12.596031197179476, 12.502941569829332, 12.393520145213245]","[14.806761522287363, 14.278787033876444, 13.726568580105804, 13.256958245675108, 12.965184135003613, 12.840211718548161, 12.796340209807028, 12.71116961951653, 12.665137859704776, 12.733030789883092, 12.767798513446909, 12.625450103802569, 12.56428815885446, 12.515051014124351, 12.619666939412314, 12.72959271473233, 12.752210169322678, 12.72113503703606, 12.634595215158585, 12.527027829903778]","[0.09578173887601693, 0.1404016804323689, 0.16907674291601182, 0.1228385499439888, 0.001312770907793137, 0.12144620959539587, 0.17020076469714418, 0.11195370322588971, 0.03703152801003462, 0.010830130048077535, 0.018471296558242756, 0.03612710839549571, 0.05508804359049435, 0.05304106416365428, 0.0830382461684156, 0.1081855873795643, 0.11732275552816951, 0.12510383985658358, 0.13165364532925317, 0.13350768469053342]",0.05,0,False,False,0.01071476936340332,0.013389984766642105,0.13350768469053342,0.17020076469714418,PASS,12.742790800002695,PASS,0.0,0.0,PASS,0.0,0.0,,benign,PASS,PASS,PASS,PASS,PASS,,benign,PASS,PASS,PASS,PASS,PASS,,benign,PASS,PASS,PASS,PASS,PASS,,benign,PASS,PASS,PASS,PASS,PASS,,benign,PASS,PASS,PASS,PASS,PASS,,benign,PASS,PASS,PASS,PASS,PASS
gpu_seed1102_ckpt300_model_current_optimizer_stale,opt2026_10m_gpu_final,"WikiText-2 cached char-level, first 500000 chars",GPTMini,candidate_B_19p48m,19484864,1102,300,300,20,model_current_optimizer_stale,results\opt2026_10m_gpu_final\gpu_scale\checkpoints\seed_1102\checkpoint_step_300.pt,,True,True,True,True,True,True,169.5753173828125,tau = 0.10 * (||theta_checkpoint||_2 + 1e-12),16.95753173828135,Inherited fixed threshold from final task-validity campaign; not tuned on GPU rows.,benign,,0.44008979201316833,0.44008979201316833,0.0025952467540996714,"[0.0, 0.04986954107880592, 0.09506385028362274, 0.13404357433319092, 0.16675223410129547, 0.19557107985019684, 0.22174571454524994, 0.24627867341041565, 0.2687956988811493, 0.29107922315597534, 0.31144192814826965, 0.3292999267578125, 0.3457607626914978, 0.3595474362373352, 0.37216916680336, 0.3837517499923706, 0.39461714029312134, 0.4056534767150879, 0.41710421442985535, 0.42871996760368347, 0.44008979201316833]","[2.7015318870544434, 2.6685598691304526, 2.6315755049387612, 2.5937458674112954, 2.562368869781494, 2.5430785020192466, 2.53576922416687, 2.533634583155314, 2.5359249909718833, 2.543348550796509, 2.5454785029093423, 2.532849073410034, 2.5264643828074136, 2.5226848125457764, 2.5286546548207602, 2.5353943506876626, 2.53646183013916, 2.533381779988607, 2.5259639422098794, 2.5171737670898438]","[2.6803886890411377, 2.6382292906443277, 2.6108783880869546, 2.5828800996144614, 2.5564281940460205, 2.5418421427408853, 2.536492347717285, 2.5302021503448486, 2.544293244679769, 2.5698837439219155, 2.5736730893452964, 2.56148091952006, 2.5598625342051187, 2.5610245068868003, 2.5608054796854653, 2.538205623626709, 2.5045527617136636, 2.483942906061808, 2.4753124713897705, 2.4811901251475015]","[0.021143198013305664, 0.03033057848612497, 0.02069711685180664, 0.010865767796834014, 0.005940675735473633, 0.0012363592783612987, 0.0007231235504150391, 0.0034324328104653468, 0.008368253707885742, 0.026535193125406753, 0.028194586435954072, 0.028631846110025894, 0.03339815139770508, 0.03833969434102391, 0.03215082486470511, 0.002811272939046372, 0.03190906842549657, 0.0494388739267988, 0.0506514708201089, 0.03598364194234227]","[14.90254326116338, 14.419188714308813, 13.895645323021816, 13.379796795619097, 12.966496905911406, 12.718765508952766, 12.626139445109883, 12.59921591629064, 12.628106331694742, 12.722200659835014, 12.749327216888666, 12.589322995407073, 12.509200115263965, 12.462009949960697, 12.536628693243898, 12.621407127352766, 12.634887413794509, 12.596031197179476, 12.502941569829332, 12.393520145213245]","[14.59076346370353, 13.988412252622267, 13.611001343909619, 13.235202019726781, 12.889695504350128, 12.703050262053967, 12.6352730058419, 12.556044088778123, 12.734224923709986, 13.06430554772011, 13.113904628832527, 12.954988411835242, 12.934039205350821, 12.949076940598042, 12.94624105109568, 12.656939269535844, 12.238084401779073, 11.988440646307689, 11.885420386749551, 11.955484477072352]","[0.3117797974598506, 0.4307764616865466, 0.28464397911219663, 0.1445947758923154, 0.07680140156127813, 0.01571524689879844, 0.009133560732015766, 0.043171827512518135, 0.10611859201524432, 0.3421048878850961, 0.36457741194386095, 0.3656654164281683, 0.4248390900868557, 0.48706699063734504, 0.4096123578517812, 0.03553214218307765, 0.396803012015436, 0.6075905508717874, 0.6175211830797807, 0.438035668140893]",0.05,0,False,False,0.03598364194234227,0.0506514708201089,0.438035668140893,0.6175211830797807,PASS,19.90703040000153,PASS,0.0,0.0,PASS,0.0,0.0,,benign,PASS,PASS,PASS,PASS,PASS,,benign,PASS,PASS,PASS,PASS,PASS,,benign,PASS,PASS,PASS,PASS,PASS,,benign,PASS,PASS,PASS,PASS,PASS,,benign,PASS,PASS,PASS,PASS,PASS,,benign,PASS,PASS,PASS,PASS,PASS
gpu_seed1102_ckpt300_step_counter_mismatch,opt2026_10m_gpu_final,"WikiText-2 cached char-level, first 500000 chars",GPTMini,candidate_B_19p48m,19484864,1102,300,300,20,step_counter_mismatch,results\opt2026_10m_gpu_final\gpu_scale\checkpoints\seed_1102\checkpoint_step_300.pt,,True,True,True,True,True,True,169.5753173828125,tau = 0.10 * (||theta_checkpoint||_2 + 1e-12),16.95753173828135,Inherited fixed threshold from final task-validity campaign; not tuned on GPU rows.,benign,,0.013262264430522919,0.013262264430522919,7.820869590698494e-05,"[0.0, 0.0009613246074877679, 0.00186124665196985, 0.002770328428596258, 0.0035574999637901783, 0.004271673504263163, 0.004997047130018473, 0.005667604971677065, 0.006238473113626242, 0.006796093657612801, 0.007364560384303331, 0.007965649478137493, 0.008620593696832657, 0.009280291385948658, 0.009959889575839043, 0.010594485327601433, 0.011146755889058113, 0.01165089476853609, 0.012150920927524567, 0.012678888626396656, 0.013262264430522919]","[2.7015318870544434, 2.6685598691304526, 2.6315755049387612, 2.5937458674112954, 2.562368869781494, 2.5430785020192466, 2.53576922416687, 2.533634583155314, 2.5359249909718833, 2.543348550796509, 2.5454785029093423, 2.532849073410034, 2.5264643828074136, 2.5226848125457764, 2.5286546548207602, 2.5353943506876626, 2.53646183013916, 2.533381779988607, 2.5259639422098794, 2.5171737670898438]","[2.7020316918691, 2.669769763946533, 2.6330974102020264, 2.5955925782521567, 2.564390500386556, 2.544575293858846, 2.536485274632772, 2.5339842637379966, 2.536125739415487, 2.5434610843658447, 2.546137015024821, 2.5344987710316977, 2.5281407833099365, 2.5235819816589355, 2.528300921122233, 2.5347727139790854, 2.5365117390950522, 2.53460693359375, 2.5284508069356284, 2.52058474222819]","[0.0004998048146567236, 0.0012098948160805811, 0.001521905263265122, 0.0018467108408612987, 0.002021630605061997, 0.0014967918395996094, 0.0007160504659018407, 0.0003496805826825877, 0.00020074844360351562, 0.0001125335693359375, 0.0006585121154785156, 0.0016496976216635595, 0.0016764005025229345, 0.0008971691131591797, 0.0003537336985273143, 0.0006216367085771779, 4.990895589207511e-05, 0.0012251536051430811, 0.002486864725748994, 0.003410975138346206]","[14.90254326116338, 14.419188714308813, 13.895645323021816, 13.379796795619097, 12.966496905911406, 12.718765508952766, 12.626139445109883, 12.59921591629064, 12.628106331694742, 12.722200659835014, 12.749327216888666, 12.589322995407073, 12.509200115263965, 12.462009949960697, 12.536628693243898, 12.621407127352766, 12.634887413794509, 12.596031197179476, 12.502941569829332, 12.393520145213245]","[14.909993485709897, 14.436644973975945, 13.916809279458745, 13.40452824029503, 12.992736887735125, 12.737817107958398, 12.635183635804141, 12.603622387837461, 12.630641658859465, 12.723632415043825, 12.757725568229754, 12.61010871197051, 12.530188131868893, 12.47319549728919, 12.532194849455388, 12.613563635522311, 12.635518023569553, 12.611472727402926, 12.534073388453685, 12.435866314112566]","[0.007450224546516893, 0.01745625966713149, 0.021163956436929254, 0.02473144467593258, 0.02623998182371956, 0.019051599005631914, 0.009044190694257992, 0.004406471546820612, 0.0025353271647237108, 0.001431755208811225, 0.008398351341087462, 0.020785716563436196, 0.020988016604928106, 0.011185547328492973, 0.004433843788509861, 0.007843491830454852, 0.0006306097750439221, 0.015441530223450073, 0.031131818624352547, 0.04234616889932141]",0.05,0,False,False,0.003410975138346206,0.003410975138346206,0.04234616889932141,0.04234616889932141,PASS,18.507833100000425,PASS,0.0,0.0,PASS,0.0,0.0,,benign,PASS,PASS,PASS,PASS,PASS,,benign,PASS,PASS,PASS,PASS,PASS,,benign,PASS,PASS,PASS,PASS,PASS,,benign,PASS,PASS,PASS,PASS,PASS,,benign,PASS,PASS,PASS,PASS,PASS,,benign,PASS,PASS,PASS,PASS,PASS
gpu_seed1102_ckpt300_scheduler_mismatch,opt2026_10m_gpu_final,"WikiText-2 cached char-level, first 500000 chars",GPTMini,candidate_B_19p48m,19484864,1102,300,300,20,scheduler_mismatch,results\opt2026_10m_gpu_final\gpu_scale\checkpoints\seed_1102\checkpoint_step_300.pt,,True,True,True,True,True,True,169.5753173828125,tau = 0.10 * (||theta_checkpoint||_2 + 1e-12),16.95753173828135,Inherited fixed threshold from final task-validity campaign; not tuned on GPU rows.,benign,,0.0,0.0,0.0,"[0.0, 0.0, 0.0, 0.0, 0.0, 0.0, 0.0, 0.0, 0.0, 0.0, 0.0, 0.0, 0.0, 0.0, 0.0, 0.0, 0.0, 0.0, 0.0, 0.0, 0.0]","[2.7015318870544434, 2.6685598691304526, 2.6315755049387612, 2.5937458674112954, 2.562368869781494, 2.5430785020192466, 2.53576922416687, 2.533634583155314, 2.5359249909718833, 2.543348550796509, 2.5454785029093423, 2.532849073410034, 2.5264643828074136, 2.5226848125457764, 2.5286546548207602, 2.5353943506876626, 2.53646183013916, 2.533381779988607, 2.5259639422098794, 2.5171737670898438]","[2.7015318870544434, 2.6685598691304526, 2.6315755049387612, 2.5937458674112954, 2.562368869781494, 2.5430785020192466, 2.53576922416687, 2.533634583155314, 2.5359249909718833, 2.543348550796509, 2.5454785029093423, 2.532849073410034, 2.5264643828074136, 2.5226848125457764, 2.5286546548207602, 2.5353943506876626, 2.53646183013916, 2.533381779988607, 2.5259639422098794, 2.5171737670898438]","[0.0, 0.0, 0.0, 0.0, 0.0, 0.0, 0.0, 0.0, 0.0, 0.0, 0.0, 0.0, 0.0, 0.0, 0.0, 0.0, 0.0, 0.0, 0.0, 0.0]","[14.90254326116338, 14.419188714308813, 13.895645323021816, 13.379796795619097, 12.966496905911406, 12.718765508952766, 12.626139445109883, 12.59921591629064, 12.628106331694742, 12.722200659835014, 12.749327216888666, 12.589322995407073, 12.509200115263965, 12.462009949960697, 12.536628693243898, 12.621407127352766, 12.634887413794509, 12.596031197179476, 12.502941569829332, 12.393520145213245]","[14.90254326116338, 14.419188714308813, 13.895645323021816, 13.379796795619097, 12.966496905911406, 12.718765508952766, 12.626139445109883, 12.59921591629064, 12.628106331694742, 12.722200659835014, 12.749327216888666, 12.589322995407073, 12.509200115263965, 12.462009949960697, 12.536628693243898, 12.621407127352766, 12.634887413794509, 12.596031197179476, 12.502941569829332, 12.393520145213245]","[0.0, 0.0, 0.0, 0.0, 0.0, 0.0, 0.0, 0.0, 0.0, 0.0, 0.0, 0.0, 0.0, 0.0, 0.0, 0.0, 0.0, 0.0, 0.0, 0.0]",0.05,0,False,False,0.0,0.0,0.0,0.0,PASS,9.2611762000015,PASS,0.0,0.0,PASS,0.0,0.0,,benign,PASS,PASS,PASS,PASS,PASS,,benign,PASS,PASS,PASS,PASS,PASS,,benign,PASS,PASS,PASS,PASS,PASS,,benign,PASS,PASS,PASS,PASS,PASS,,benign,PASS,PASS,PASS,PASS,PASS,,benign,PASS,PASS,PASS,PASS,PASS
gpu_seed1102_ckpt300_optimizer_reset,opt2026_10m_gpu_final,"WikiText-2 cached char-level, first 500000 chars",GPTMini,candidate_B_19p48m,19484864,1102,300,300,20,optimizer_reset,results\opt2026_10m_gpu_final\gpu_scale\checkpoints\seed_1102\checkpoint_step_300.pt,,True,True,True,True,True,True,169.5753173828125,tau = 0.10 * (||theta_checkpoint||_2 + 1e-12),16.95753173828135,Inherited fixed threshold from final task-validity campaign; not tuned on GPU rows.,dangerous,17,18.45261573791504,18.45261573791504,0.108816636894499,"[0.0, 3.3924899101257324, 4.830426216125488, 6.128511428833008, 7.2976298332214355, 8.409192085266113, 9.376901626586914, 10.300334930419922, 11.17835521697998, 11.956245422363281, 12.717875480651855, 13.43241024017334, 14.117627143859863, 14.774910926818848, 15.386604309082031, 15.963030815124512, 16.513757705688477, 17.042999267578125, 17.536773681640625, 18.008281707763672, 18.45261573791504]","[2.7015318870544434, 2.6685598691304526, 2.6315755049387612, 2.5937458674112954, 2.562368869781494, 2.5430785020192466, 2.53576922416687, 2.533634583155314, 2.5359249909718833, 2.543348550796509, 2.5454785029093423, 2.532849073410034, 2.5264643828074136, 2.5226848125457764, 2.5286546548207602, 2.5353943506876626, 2.53646183013916, 2.533381779988607, 2.5259639422098794, 2.5171737670898438]","[18.41792360941569, 13.28673521677653, 14.79837449391683, 10.808187166849772, 14.119463920593262, 11.591869354248047, 9.48255983988444, 8.932575543721518, 10.195950508117676, 11.179411252339682, 10.028402964274088, 9.874167124430338, 9.924169858296713, 7.807450930277507, 7.573880672454834, 6.747989813486735, 6.624787012736003, 6.45745865503947, 6.56179141998291, 6.575958093007405]","[15.716391722361248, 10.618175347646076, 12.16679898897807, 8.214441299438477, 11.557095050811768, 9.0487908522288, 6.946790615717569, 6.398940960566204, 7.660025517145792, 8.636062701543173, 7.482924461364746, 7.341318051020304, 7.3977054754893, 5.28476611773173, 5.045226017634073, 4.212595462799072, 4.088325182596843, 3.924076875050863, 4.035827477773031, 4.0587843259175616]","[14.90254326116338, 14.419188714308813, 13.895645323021816, 13.379796795619097, 12.966496905911406, 12.718765508952766, 12.626139445109883, 12.59921591629064, 12.628106331694742, 12.722200659835014, 12.749327216888666, 12.589322995407073, 12.509200115263965, 12.462009949960697, 12.536628693243898, 12.621407127352766, 12.634887413794509, 12.596031197179476, 12.502941569829332, 12.393520145213245]","[99724666.28679655, 589326.2515133391, 2672098.011500768, 49423.79003204218, 1355205.8513777435, 108214.36005078367, 13128.751036481433, 7574.749372726636, 26794.462127625484, 71640.17166146866, 22661.052121247416, 19422.10490386653, 20417.953336097686, 2458.8546480388322, 1946.680070098116, 852.3436695261308, 753.5437002506112, 637.4390438938101, 707.5380577779172, 717.6328541038607]","[99724651.3842533, 589311.8323246248, 2672084.1158554447, 49410.41023524656, 1355192.8848808375, 108201.64128527472, 13116.124897036323, 7562.150156810345, 26781.834021293787, 71627.44946080883, 22648.302794030526, 19409.515580871124, 20405.444135982423, 2446.3926380888715, 1934.143441404872, 839.7222623987781, 740.9088128368167, 624.8430126966306, 695.0351162080879, 705.2393339586474]",0.05,,True,True,4.0587843259175616,15.716391722361248,705.2393339586474,99724651.3842533,FLAG,16.838063699997292,PASS,0.0,0.0,PASS,0.0,0.0,2,dangerous,PASS,FLAG,FLAG,FLAG,FLAG,6,dangerous,PASS,PASS,PASS,FLAG,FLAG,11,dangerous,PASS,PASS,PASS,PASS,FLAG,17,dangerous,PASS,PASS,PASS,PASS,FLAG,,benign,PASS,PASS,PASS,PASS,PASS,,benign,PASS,PASS,PASS,PASS,PASS
gpu_seed1103_ckpt75_exact_restore,opt2026_10m_gpu_final,"WikiText-2 cached char-level, first 500000 chars",GPTMini,candidate_B_19p48m,19484864,1103,75,300,20,exact_restore,results\opt2026_10m_gpu_final\gpu_scale\checkpoints\seed_1103\checkpoint_step_75.pt,,True,True,True,True,True,True,169.88250732421875,tau = 0.10 * (||theta_checkpoint||_2 + 1e-12),16.988250732421974,Inherited fixed threshold from final task-validity campaign; not tuned on GPU rows.,benign,,0.0,0.0,0.0,"[0.0, 0.0, 0.0, 0.0, 0.0, 0.0, 0.0, 0.0, 0.0, 0.0, 0.0, 0.0, 0.0, 0.0, 0.0, 0.0, 0.0, 0.0, 0.0, 0.0, 0.0]","[9.262127876281738, 9.108183860778809, 8.78732967376709, 7.380886713663737, 7.482163588205974, 8.116313934326172, 7.080367724100749, 7.0162895520528155, 6.219021002451579, 6.141754786173503, 5.824626604715983, 6.677104632059733, 6.646206219991048, 7.345297654469808, 7.015569845835368, 7.776883761088054, 8.101120630900065, 7.93684450785319, 8.545015652974447, 8.23526382446289]","[9.262127876281738, 9.108183860778809, 8.78732967376709, 7.380886713663737, 7.482163588205974, 8.116313934326172, 7.080367724100749, 7.0162895520528155, 6.219021002451579, 6.141754786173503, 5.824626604715983, 6.677104632059733, 6.646206219991048, 7.345297654469808, 7.015569845835368, 7.776883761088054, 8.101120630900065, 7.93684450785319, 8.545015652974447, 8.23526382446289]","[0.0, 0.0, 0.0, 0.0, 0.0, 0.0, 0.0, 0.0, 0.0, 0.0, 0.0, 0.0, 0.0, 0.0, 0.0, 0.0, 0.0, 0.0, 0.0, 0.0]","[10531.519284840495, 9028.882284920992, 6550.716249811043, 1605.0123233972017, 1776.0793261967776, 3348.654607082513, 1188.40544349328, 1114.6431101257892, 502.21132761439986, 464.86860054145177, 338.5347022137694, 794.0168098031405, 769.8581060359206, 1548.8959324639798, 1113.8411831597234, 2384.8315242218077, 3298.1620274001466, 2798.5158662016674, 5141.065604302868, 3771.6348153151407]","[10531.519284840495, 9028.882284920992, 6550.716249811043, 1605.0123233972017, 1776.0793261967776, 3348.654607082513, 1188.40544349328, 1114.6431101257892, 502.21132761439986, 464.86860054145177, 338.5347022137694, 794.0168098031405, 769.8581060359206, 1548.8959324639798, 1113.8411831597234, 2384.8315242218077, 3298.1620274001466, 2798.5158662016674, 5141.065604302868, 3771.6348153151407]","[0.0, 0.0, 0.0, 0.0, 0.0, 0.0, 0.0, 0.0, 0.0, 0.0, 0.0, 0.0, 0.0, 0.0, 0.0, 0.0, 0.0, 0.0, 0.0, 0.0]",0.05,0,False,False,0.0,0.0,0.0,0.0,PASS,29.43577159999768,PASS,0.0,0.0,PASS,0.0,0.0,,benign,PASS,PASS,PASS,PASS,PASS,,benign,PASS,PASS,PASS,PASS,PASS,,benign,PASS,PASS,PASS,PASS,PASS,,benign,PASS,PASS,PASS,PASS,PASS,,benign,PASS,PASS,PASS,PASS,PASS,,benign,PASS,PASS,PASS,PASS,PASS
gpu_seed1103_ckpt75_benign_nonzero,opt2026_10m_gpu_final,"WikiText-2 cached char-level, first 500000 chars",GPTMini,candidate_B_19p48m,19484864,1103,75,300,20,benign_nonzero,results\opt2026_10m_gpu_final\gpu_scale\checkpoints\seed_1103\checkpoint_step_75.pt,,True,True,True,True,True,True,169.88250732421875,tau = 0.10 * (||theta_checkpoint||_2 + 1e-12),16.988250732421974,Inherited fixed threshold from final task-validity campaign; not tuned on GPU rows.,benign,,0.016782144084572792,0.016782144084572792,9.878676944968895e-05,"[1.0244548320770264e-08, 1.0244548320770264e-08, 1.0244548320770264e-08, 1.0244548320770264e-08, 1.0244548320770264e-08, 0.00042225088691338897, 0.0009779209503903985, 0.001634035725146532, 0.0025288753677159548, 0.0035840552300214767, 0.004636216908693314, 0.005696973297744989, 0.006857529282569885, 0.008007989265024662, 0.00926300324499607, 0.010384068824350834, 0.011604421772062778, 0.012893318198621273, 0.014162523671984673, 0.015505935065448284, 0.016782144084572792]","[9.262127876281738, 9.108183860778809, 8.78732967376709, 7.380886713663737, 7.482163588205974, 8.116313934326172, 7.080367724100749, 7.0162895520528155, 6.219021002451579, 6.141754786173503, 5.824626604715983, 6.677104632059733, 6.646206219991048, 7.345297654469808, 7.015569845835368, 7.776883761088054, 8.101120630900065, 7.93684450785319, 8.545015652974447, 8.23526382446289]","[9.262127876281738, 9.108183860778809, 8.78732967376709, 7.380886713663737, 7.482163747151692, 8.116314570109049, 7.080367565155029, 7.016289710998535, 6.219020843505859, 6.141754945119222, 5.824626286824544, 6.677104949951172, 6.646206219991048, 7.345298767089844, 7.015570640563965, 7.776889801025391, 8.101117928822836, 7.936808904012044, 8.544920921325684, 8.235272407531738]","[0.0, 0.0, 0.0, 0.0, 1.5894571880892272e-07, 6.357828770120477e-07, 1.5894571969710114e-07, 1.5894571969710114e-07, 1.5894571969710114e-07, 1.5894571880892272e-07, 3.178914393942023e-07, 3.1789143850602386e-07, 0.0, 1.1126200361033511e-06, 7.947285967091489e-07, 6.039937336943524e-06, 2.7020772286334704e-06, 3.560384114642545e-05, 9.473164876361295e-05, 8.58306884765625e-06]","[10531.519284840495, 9028.882284920992, 6550.716249811043, 1605.0123233972017, 1776.0793261967776, 3348.654607082513, 1188.40544349328, 1114.6431101257892, 502.21132761439986, 464.86860054145177, 338.5347022137694, 794.0168098031405, 769.8581060359206, 1548.8959324639798, 1113.8411831597234, 2384.8315242218077, 3298.1620274001466, 2798.5158662016674, 5141.065604302868, 3771.6348153151407]","[10531.519284840495, 9028.882284920992, 6550.716249811043, 1605.0123233972017, 1776.0796084970052, 3348.65673610045, 1188.4052546013365, 1114.6432872935545, 502.2112477900653, 464.8686744303315, 338.5345945965027, 794.0170622143265, 769.8581060359206, 1548.8976557975866, 1113.8420683615157, 2384.8459284982737, 3298.153115523676, 2798.4162300610465, 5140.578605749223, 3771.6671876553555]","[0.0, 0.0, 0.0, 0.0, 0.00028230022758179985, 0.0021290179370225815, 0.00018889194348048477, 0.0001771677652868675, 7.98243345911942e-05, 7.3888879740025e-05, 0.0001076172666785169, 0.00025241118601115886, 0.0, 0.0017233336068329663, 0.0008852017922436062, 0.014404276465938892, 0.008911876470392599, 0.09963614062098713, 0.4869985536452077, 0.03237234021480617]",0.05,0,False,False,8.58306884765625e-06,9.473164876361295e-05,0.03237234021480617,0.4869985536452077,PASS,19.531311599999754,PASS,1.0244548320770264e-08,1.0,FLAG,29566766811.397182,8.375592725773538,,benign,PASS,PASS,PASS,PASS,PASS,,benign,PASS,PASS,PASS,PASS,PASS,,benign,PASS,PASS,PASS,PASS,PASS,,benign,PASS,PASS,PASS,PASS,PASS,,benign,PASS,PASS,PASS,PASS,PASS,,benign,PASS,PASS,PASS,PASS,PASS
gpu_seed1103_ckpt75_reset_m,opt2026_10m_gpu_final,"WikiText-2 cached char-level, first 500000 chars",GPTMini,candidate_B_19p48m,19484864,1103,75,300,20,reset_m,results\opt2026_10m_gpu_final\gpu_scale\checkpoints\seed_1103\checkpoint_step_75.pt,,True,True,True,True,True,True,169.88250732421875,tau = 0.10 * (||theta_checkpoint||_2 + 1e-12),16.988250732421974,Inherited fixed threshold from final task-validity campaign; not tuned on GPU rows.,benign,,7.842945575714111,7.842945575714111,0.046166881447928576,"[0.0, 0.6243341565132141, 1.1769964694976807, 1.6695590019226074, 2.1136763095855713, 2.5231897830963135, 2.926992416381836, 3.31095290184021, 3.6942694187164307, 4.042579650878906, 4.38543176651001, 4.71504545211792, 5.02439022064209, 5.329939842224121, 5.635700702667236, 5.967372894287109, 6.331451416015625, 6.707161903381348, 7.088906288146973, 7.4729790687561035, 7.842945575714111]","[9.262127876281738, 9.108183860778809, 8.78732967376709, 7.380886713663737, 7.482163588205974, 8.116313934326172, 7.080367724100749, 7.0162895520528155, 6.219021002451579, 6.141754786173503, 5.824626604715983, 6.677104632059733, 6.646206219991048, 7.345297654469808, 7.015569845835368, 7.776883761088054, 8.101120630900065, 7.93684450785319, 8.545015652974447, 8.23526382446289]","[8.513928413391113, 8.277170976003012, 8.023123900095621, 7.949156920115153, 7.437670866648356, 6.284088293711345, 6.795478820800781, 7.379607995351155, 6.473154067993164, 6.123041152954102, 5.872275193532308, 6.179248332977295, 6.154937744140625, 5.689660708109538, 5.793237050374349, 6.173197269439697, 6.2302924791971845, 8.11960776646932, 7.17643674214681, 6.004014492034912]","[0.748199462890625, 0.8310128847757969, 0.7642057736714687, 0.568270206451416, 0.04449272155761719, 1.8322256406148272, 0.28488890329996774, 0.36331844329833984, 0.254133065541585, 0.018713633219401338, 0.04764858881632428, 0.49785629908243845, 0.4912684758504229, 1.6556369463602696, 1.2223327954610195, 1.6036864916483564, 1.87082815170288, 0.18276325861612985, 1.3685789108276376, 2.2312493324279785]","[10531.519284840495, 9028.882284920992, 6550.716249811043, 1605.0123233972017, 1776.0793261967776, 3348.654607082513, 1188.40544349328, 1114.6431101257892, 502.21132761439986, 464.86860054145177, 338.5347022137694, 794.0168098031405, 769.8581060359206, 1548.8959324639798, 1113.8411831597234, 2384.8315242218077, 3298.1620274001466, 2798.5158662016674, 5141.065604302868, 3771.6348153151407]","[4983.702727838136, 3933.0519299883676, 3050.6925216159875, 2833.185341728864, 1698.7889038300964, 535.9754156591446, 893.7971258132395, 1602.9612763825187, 647.5228405894495, 456.25011317620294, 355.05588283817394, 482.6290436388103, 471.0375167025868, 295.7932433641221, 328.0732971613141, 479.71744265604013, 507.90401313182815, 3359.7026985543307, 1308.238352564069, 405.051610384146]","[5547.816557002359, 5095.830354932625, 3500.0237281950554, 1228.1730183316622, 77.29042236668124, 2812.679191423368, 294.6083176800405, 488.31816625672946, 145.31151297504965, 8.618487365248825, 16.521180624404565, 311.38776616433023, 298.8205893333338, 1253.1026890998578, 785.7678859984094, 1905.1140815657677, 2790.258014268318, 561.1868323526633, 3832.8272517387995, 3366.5832049309947]",0.05,,True,True,2.2312493324279785,2.2312493324279785,3366.5832049309947,5547.816557002359,PASS,9.471015900002385,PASS,0.0,0.0,PASS,0.0,0.0,10,dangerous,PASS,PASS,PASS,FLAG,FLAG,,benign,PASS,PASS,PASS,PASS,PASS,,benign,PASS,PASS,PASS,PASS,PASS,,benign,PASS,PASS,PASS,PASS,PASS,,benign,PASS,PASS,PASS,PASS,PASS,,benign,PASS,PASS,PASS,PASS,PASS
gpu_seed1103_ckpt75_reset_v,opt2026_10m_gpu_final,"WikiText-2 cached char-level, first 500000 chars",GPTMini,candidate_B_19p48m,19484864,1103,75,300,20,reset_v,results\opt2026_10m_gpu_final\gpu_scale\checkpoints\seed_1103\checkpoint_step_75.pt,,True,True,True,True,True,True,169.88250732421875,tau = 0.10 * (||theta_checkpoint||_2 + 1e-12),16.988250732421974,Inherited fixed threshold from final task-validity campaign; not tuned on GPU rows.,dangerous,1,1752306.375,1752306.375,10314.81347079328,"[0.0, 260219.890625, 414448.84375, 565516.25, 705145.1875, 832274.125, 947313.375, 1051225.875, 1145070.125, 1229500.375, 1305614.375, 1374230.25, 1436032.375, 1491649.5, 1541728.625, 1586681.625, 1627066.75, 1663440.0, 1696209.375, 1725718.625, 1752306.375]","[9.262127876281738, 9.108183860778809, 8.78732967376709, 7.380886713663737, 7.482163588205974, 8.116313934326172, 7.080367724100749, 7.0162895520528155, 6.219021002451579, 6.141754786173503, 5.824626604715983, 6.677104632059733, 6.646206219991048, 7.345297654469808, 7.015569845835368, 7.776883761088054, 8.101120630900065, 7.93684450785319, 8.545015652974447, 8.23526382446289]","[5297194489173.333, 4922945306624.0, 4573042311168.0, 4409807339520.0, 4257831627434.6665, 4176876754261.3335, 4096912086357.3335, 4022190473216.0, 3929576658261.3335, 3824705776298.6665, 3720337249621.3335, 3634624025941.3335, 3538175219029.3335, 3740131044010.6665, 3508977882453.3335, 3413672198144.0, 3406572901717.3335, 3404749777578.6665, 3402859107669.3335, 3403309471061.3335]","[5297194489164.071, 4922945306614.892, 4573042311159.213, 4409807339512.619, 4257831627427.1846, 4176876754253.2173, 4096912086350.253, 4022190473208.984, 3929576658255.1143, 3824705776292.525, 3720337249615.509, 3634624025934.6562, 3538175219022.6875, 3740131044003.3213, 3508977882446.318, 3413672198136.223, 3406572901709.2324, 3404749777570.7295, 3402859107660.7886, 3403309471053.098]","[10531.519284840495, 9028.882284920992, 6550.716249811043, 1605.0123233972017, 1776.0793261967776, 3348.654607082513, 1188.40544349328, 1114.6431101257892, 502.21132761439986, 464.86860054145177, 338.5347022137694, 794.0168098031405, 769.8581060359206, 1548.8959324639798, 1113.8411831597234, 2384.8315242218077, 3298.1620274001466, 2798.5158662016674, 5141.065604302868, 3771.6348153151407]","[5.184705528587072e+21, 5.184705528587072e+21, 5.184705528587072e+21, 5.184705528587072e+21, 5.184705528587072e+21, 5.184705528587072e+21, 5.184705528587072e+21, 5.184705528587072e+21, 5.184705528587072e+21, 5.184705528587072e+21, 5.184705528587072e+21, 5.184705528587072e+21, 5.184705528587072e+21, 5.184705528587072e+21, 5.184705528587072e+21, 5.184705528587072e+21, 5.184705528587072e+21, 5.184705528587072e+21, 5.184705528587072e+21, 5.184705528587072e+21]","[5.184705528587072e+21, 5.184705528587072e+21, 5.184705528587072e+21, 5.184705528587072e+21, 5.184705528587072e+21, 5.184705528587072e+21, 5.184705528587072e+21, 5.184705528587072e+21, 5.184705528587072e+21, 5.184705528587072e+21, 5.184705528587072e+21, 5.184705528587072e+21, 5.184705528587072e+21, 5.184705528587072e+21, 5.184705528587072e+21, 5.184705528587072e+21, 5.184705528587072e+21, 5.184705528587072e+21, 5.184705528587072e+21, 5.184705528587072e+21]",0.05,,True,True,3403309471053.098,5297194489164.071,5.184705528587072e+21,5.184705528587072e+21,FLAG,9.217386899999838,PASS,0.0,0.0,PASS,0.0,0.0,1,dangerous,FLAG,FLAG,FLAG,FLAG,FLAG,1,dangerous,FLAG,FLAG,FLAG,FLAG,FLAG,1,dangerous,FLAG,FLAG,FLAG,FLAG,FLAG,1,dangerous,FLAG,FLAG,FLAG,FLAG,FLAG,1,dangerous,FLAG,FLAG,FLAG,FLAG,FLAG,1,dangerous,FLAG,FLAG,FLAG,FLAG,FLAG
gpu_seed1103_ckpt75_stale_m,opt2026_10m_gpu_final,"WikiText-2 cached char-level, first 500000 chars",GPTMini,candidate_B_19p48m,19484864,1103,75,300,20,stale_m,results\opt2026_10m_gpu_final\gpu_scale\checkpoints\seed_1103\checkpoint_step_75.pt,,True,True,True,True,True,True,169.88250732421875,tau = 0.10 * (||theta_checkpoint||_2 + 1e-12),16.988250732421974,Inherited fixed threshold from final task-validity campaign; not tuned on GPU rows.,benign,,9.645172119140625,9.645172119140625,0.056775546058623165,"[0.0, 0.8834438323974609, 1.6720521450042725, 2.3784618377685547, 3.0198569297790527, 3.605872869491577, 4.1555094718933105, 4.667255878448486, 5.153908729553223, 5.596678256988525, 6.014530181884766, 6.413171768188477, 6.7833709716796875, 7.134249687194824, 7.4732770919799805, 7.826290130615234, 8.195358276367188, 8.565821647644043, 8.928552627563477, 9.29360580444336, 9.645172119140625]","[9.262127876281738, 9.108183860778809, 8.78732967376709, 7.380886713663737, 7.482163588205974, 8.116313934326172, 7.080367724100749, 7.0162895520528155, 6.219021002451579, 6.141754786173503, 5.824626604715983, 6.677104632059733, 6.646206219991048, 7.345297654469808, 7.015569845835368, 7.776883761088054, 8.101120630900065, 7.93684450785319, 8.545015652974447, 8.23526382446289]","[8.688571612040201, 8.65253480275472, 8.332157611846924, 8.125426451365152, 7.355132261912028, 6.536561489105225, 5.855269432067871, 6.772269248962402, 6.05969778696696, 5.454145590464274, 5.016012191772461, 5.15766716003418, 4.935696442921956, 5.451098601023356, 4.962162176767985, 5.451615969340007, 6.176456769307454, 5.24034055074056, 4.535237948099772, 4.410242557525635]","[0.573556264241537, 0.45564905802408795, 0.455172061920166, 0.7445397377014151, 0.1270313262939453, 1.5797524452209473, 1.225098292032878, 0.24402030309041312, 0.15932321548461914, 0.6876091957092285, 0.8086144129435224, 1.5194374720255537, 1.7105097770690918, 1.8941990534464512, 2.053407669067383, 2.325267791748047, 1.9246638615926104, 2.696503957112631, 4.009777704874675, 3.825021266937256]","[10531.519284840495, 9028.882284920992, 6550.716249811043, 1605.0123233972017, 1776.0793261967776, 3348.654607082513, 1188.40544349328, 1114.6431101257892, 502.21132761439986, 464.86860054145177, 338.5347022137694, 794.0168098031405, 769.8581060359206, 1548.8959324639798, 1113.8411831597234, 2384.8315242218077, 3298.1620274001466, 2798.5158662016674, 5141.065604302868, 3771.6348153151407]","[5934.699132780125, 5724.639189422588, 4155.373570228476, 3379.308735258794, 1564.203866307552, 689.9102309845865, 349.0689377507588, 873.2913627063666, 428.24599577960964, 233.7250887890814, 150.80870687009804, 173.75863134801895, 139.17003277317417, 233.01401477910625, 142.90244244368904, 233.13460003849505, 481.2836327084282, 188.73436509049304, 93.24570030207899, 82.28942100202735]","[4596.82015206037, 3304.243095498404, 2395.342679582567, 1774.2964118615923, 211.87545988922557, 2658.7443760979263, 839.3365057425212, 241.35174741942262, 73.96533183479022, 231.14351175237036, 187.72599534367134, 620.2581784551215, 630.6880732627465, 1315.8819176848735, 970.9387407160343, 2151.6969241833126, 2816.8783946917183, 2609.7815011111743, 5047.819904000789, 3689.3453943131135]",0.05,,True,True,3.825021266937256,4.009777704874675,3689.3453943131135,5047.819904000789,PASS,15.723357899998518,PASS,0.0,0.0,PASS,0.0,0.0,7,dangerous,PASS,PASS,PASS,FLAG,FLAG,17,dangerous,PASS,PASS,PASS,PASS,FLAG,,benign,PASS,PASS,PASS,PASS,PASS,,benign,PASS,PASS,PASS,PASS,PASS,,benign,PASS,PASS,PASS,PASS,PASS,,benign,PASS,PASS,PASS,PASS,PASS
gpu_seed1103_ckpt75_stale_v,opt2026_10m_gpu_final,"WikiText-2 cached char-level, first 500000 chars",GPTMini,candidate_B_19p48m,19484864,1103,75,300,20,stale_v,results\opt2026_10m_gpu_final\gpu_scale\checkpoints\seed_1103\checkpoint_step_75.pt,,True,True,True,True,True,True,169.88250732421875,tau = 0.10 * (||theta_checkpoint||_2 + 1e-12),16.988250732421974,Inherited fixed threshold from final task-validity campaign; not tuned on GPU rows.,dangerous,1,2451.666259765625,2451.666259765625,14.431540353278603,"[0.0, 522.9571533203125, 993.564453125, 1417.0985107421875, 1798.265380859375, 2141.302490234375, 2450.024658203125, 2450.245361328125, 2450.4443359375, 2450.623779296875, 2450.78466796875, 2450.928955078125, 2451.0576171875, 2451.172607421875, 2451.274658203125, 2451.365234375, 2451.445068359375, 2451.515380859375, 2451.5732421875, 2451.623046875, 2451.666259765625]","[9.262127876281738, 9.108183860778809, 8.78732967376709, 7.380886713663737, 7.482163588205974, 8.116313934326172, 7.080367724100749, 7.0162895520528155, 6.219021002451579, 6.141754786173503, 5.824626604715983, 6.677104632059733, 6.646206219991048, 7.345297654469808, 7.015569845835368, 7.776883761088054, 8.101120630900065, 7.93684450785319, 8.545015652974447, 8.23526382446289]","[48.84539286295573, 18.10843849182129, 16.91541035970052, 14.027508417765299, 11.851429303487143, 12.237008094787598, 11.940746943155924, 11.24899991353353, 10.123779296875, 11.345913887023926, 11.32075309753418, 11.925677617390951, 10.840085983276367, 8.824922243754068, 9.696781476338705, 10.089590390523275, 9.076241811116537, 9.412715911865234, 10.043966929117838, 8.07493527730306]","[39.58326498667399, 9.00025463104248, 8.12808068593343, 6.646621704101562, 4.369265715281169, 4.120694160461426, 4.860379219055175, 4.232710361480714, 3.904758294423421, 5.204159100850423, 5.496126492818196, 5.248572985331218, 4.193879763285319, 1.4796245892842608, 2.681211630503337, 2.3127066294352217, 0.9751211802164725, 1.475871404012044, 1.4989512761433907, 0.16032854715983014]","[10531.519284840495, 9028.882284920992, 6550.716249811043, 1605.0123233972017, 1776.0793261967776, 3348.654607082513, 1188.40544349328, 1114.6431101257892, 502.21132761439986, 464.86860054145177, 338.5347022137694, 794.0168098031405, 769.8581060359206, 1548.8959324639798, 1113.8411831597234, 2384.8315242218077, 3298.1620274001466, 2798.5158662016674, 5141.065604302868, 3771.6348153151407]","[1.634122413477753e+21, 73180422.56200252, 22195727.196690902, 1236145.2394788978, 140284.7133795917, 206283.78457604803, 153391.22197307544, 76803.07163117202, 24928.80638908495, 84618.98141402427, 82516.46247222561, 151097.04891437988, 51025.76515614134, 6801.661800635495, 16265.17301873957, 24090.922542151115, 8745.038685025798, 12243.07698167114, 23016.506907352643, 3212.9194131461163]","[1.634122413477753e+21, 73171393.6797176, 22189176.48044109, 1234540.2271555006, 138508.63405339493, 202935.1299689655, 152202.81652958217, 75688.42852104623, 24426.59506147055, 84154.11281348282, 82177.92777001184, 150303.03210457673, 50255.907050105416, 5252.765868171515, 15151.331835579846, 21706.091017929306, 5446.876657625651, 9444.561115469472, 17875.441303049774, 558.7154021690244]",0.05,,True,True,0.16032854715983014,39.58326498667399,558.7154021690244,1.634122413477753e+21,FLAG,16.333757200001855,PASS,0.0,0.0,PASS,0.0,0.0,1,dangerous,FLAG,FLAG,FLAG,FLAG,FLAG,1,dangerous,FLAG,FLAG,FLAG,FLAG,FLAG,1,dangerous,FLAG,FLAG,FLAG,FLAG,FLAG,1,dangerous,FLAG,FLAG,FLAG,FLAG,FLAG,1,dangerous,FLAG,FLAG,FLAG,FLAG,FLAG,1,dangerous,FLAG,FLAG,FLAG,FLAG,FLAG
gpu_seed1103_ckpt75_stale_mv,opt2026_10m_gpu_final,"WikiText-2 cached char-level, first 500000 chars",GPTMini,candidate_B_19p48m,19484864,1103,75,300,20,stale_mv,results\opt2026_10m_gpu_final\gpu_scale\checkpoints\seed_1103\checkpoint_step_75.pt,,True,True,True,True,True,True,169.88250732421875,tau = 0.10 * (||theta_checkpoint||_2 + 1e-12),16.988250732421974,Inherited fixed threshold from final task-validity campaign; not tuned on GPU rows.,benign,,11.575037956237793,11.575037956237793,0.06813554931907675,"[0.0, 1.0293127298355103, 1.9517816305160522, 2.7736384868621826, 3.5242760181427, 4.215941429138184, 4.871939659118652, 5.49745512008667, 6.082616329193115, 6.630031585693359, 7.148278713226318, 7.6474761962890625, 8.116555213928223, 8.562071800231934, 8.99536418914795, 9.42451000213623, 9.85732364654541, 10.292243003845215, 10.72118091583252, 11.154115676879883, 11.575037956237793]","[9.262127876281738, 9.108183860778809, 8.78732967376709, 7.380886713663737, 7.482163588205974, 8.116313934326172, 7.080367724100749, 7.0162895520528155, 6.219021002451579, 6.141754786173503, 5.824626604715983, 6.677104632059733, 6.646206219991048, 7.345297654469808, 7.015569845835368, 7.776883761088054, 8.101120630900065, 7.93684450785319, 8.545015652974447, 8.23526382446289]","[8.841158866882324, 8.842753092447916, 8.73919932047526, 7.740281899770101, 6.51526403427124, 6.684339682261149, 5.7869517008463545, 7.088511943817139, 6.225221474965413, 6.079575856526692, 5.819190343221028, 6.402649402618408, 5.9132992426554365, 6.415491580963135, 6.640544096628825, 7.0895029703776045, 8.121357282002768, 6.6363803545633955, 5.652865091959636, 5.585267861684163]","[0.42096900939941406, 0.2654307683308925, 0.04813035329183002, 0.35939518610636334, 0.9668995539347334, 1.4319742520650225, 1.2934160232543945, 0.07222239176432321, 0.006200472513834043, 0.06217892964681049, 0.005436261494955019, 0.27445522944132517, 0.7329069773356114, 0.9298060735066729, 0.37502574920654297, 0.6873807907104492, 0.020236651102703007, 1.300464153289795, 2.8921505610148115, 2.6499959627787275]","[10531.519284840495, 9028.882284920992, 6550.716249811043, 1605.0123233972017, 1776.0793261967776, 3348.654607082513, 1188.40544349328, 1114.6431101257892, 502.21132761439986, 464.86860054145177, 338.5347022137694, 794.0168098031405, 769.8581060359206, 1548.8959324639798, 1113.8411831597234, 2384.8315242218077, 3298.1620274001466, 2798.5158662016674, 5141.065604302868, 3771.6348153151407]","[6912.999246047932, 6924.028915735554, 6242.8951522770185, 2299.120413294203, 675.3722594060827, 799.7823932753747, 326.0177086313223, 1198.1235982152134, 505.3349491044858, 436.84387094252, 336.6993323427436, 603.4416818336946, 369.9246153769102, 611.2411614952916, 765.5113918968111, 1199.311559076921, 3365.585695309761, 762.3306264515898, 285.10715497107213, 266.4716507258092]","[3618.5200387925634, 2104.853369185438, 307.8210975340244, 694.1080898970013, 1100.707066790695, 2548.872213807138, 862.3877348619577, 83.48048808942417, 3.1236214900859522, 28.024729598931742, 1.8353698710257618, 190.57512796944593, 399.93349065901043, 937.6547709686881, 348.3297912629123, 1185.5199651448868, 67.42366790961432, 2036.1852397500777, 4855.958449331796, 3505.1631645893317]",0.05,,True,True,2.6499959627787275,2.8921505610148115,3505.1631645893317,4855.958449331796,PASS,14.299608299999818,PASS,0.0,0.0,PASS,0.0,0.0,6,dangerous,PASS,PASS,PASS,FLAG,FLAG,13,dangerous,PASS,PASS,PASS,PASS,FLAG,,benign,PASS,PASS,PASS,PASS,PASS,,benign,PASS,PASS,PASS,PASS,PASS,,benign,PASS,PASS,PASS,PASS,PASS,,benign,PASS,PASS,PASS,PASS,PASS
gpu_seed1103_ckpt75_model_current_optimizer_stale,opt2026_10m_gpu_final,"WikiText-2 cached char-level, first 500000 chars",GPTMini,candidate_B_19p48m,19484864,1103,75,300,20,model_current_optimizer_stale,results\opt2026_10m_gpu_final\gpu_scale\checkpoints\seed_1103\checkpoint_step_75.pt,,True,True,True,True,True,True,169.88250732421875,tau = 0.10 * (||theta_checkpoint||_2 + 1e-12),16.988250732421974,Inherited fixed threshold from final task-validity campaign; not tuned on GPU rows.,benign,,10.111541748046875,10.111541748046875,0.05952079414950627,"[0.0, 0.9139636158943176, 1.732079267501831, 2.46073317527771, 3.1256659030914307, 3.733687400817871, 4.310972213745117, 4.851759433746338, 5.36309814453125, 5.826737880706787, 6.268833160400391, 6.696373462677002, 7.100198745727539, 7.480120658874512, 7.84987735748291, 8.223763465881348, 8.614447593688965, 8.999259948730469, 9.376191139221191, 9.749846458435059, 10.111541748046875]","[9.262127876281738, 9.108183860778809, 8.78732967376709, 7.380886713663737, 7.482163588205974, 8.116313934326172, 7.080367724100749, 7.0162895520528155, 6.219021002451579, 6.141754786173503, 5.824626604715983, 6.677104632059733, 6.646206219991048, 7.345297654469808, 7.015569845835368, 7.776883761088054, 8.101120630900065, 7.93684450785319, 8.545015652974447, 8.23526382446289]","[8.701361020406088, 8.637247403462728, 8.344453652699789, 8.064846515655518, 7.2402933438618975, 6.48508342107137, 5.823093891143799, 6.463977177937825, 5.695283889770508, 5.3387454350789385, 4.865644613901774, 5.012231349945068, 4.765203634897868, 5.403784434000651, 5.29093074798584, 5.657872994740804, 6.0379767417907715, 5.371370633443196, 5.332235336303711, 5.416551272074382]","[0.5607668558756504, 0.47093645731608014, 0.44287602106730084, 0.6839598019917803, 0.2418702443440761, 1.6312305132548017, 1.2572738329569502, 0.5523123741149902, 0.5237371126810713, 0.8030093510945644, 0.958981990814209, 1.664873282114665, 1.8810025850931797, 1.9415132204691563, 1.7246390978495283, 2.11901076634725, 2.063143889109293, 2.565473874409994, 3.2127803166707363, 2.818712552388509]","[10531.519284840495, 9028.882284920992, 6550.716249811043, 1605.0123233972017, 1776.0793261967776, 3348.654607082513, 1188.40544349328, 1114.6431101257892, 502.21132761439986, 464.86860054145177, 338.5347022137694, 794.0168098031405, 769.8581060359206, 1548.8959324639798, 1113.8411831597234, 2384.8315242218077, 3298.1620274001466, 2798.5158662016674, 5141.065604302868, 3771.6348153151407]","[6011.087865634771, 5637.78988573984, 4206.783635806641, 3180.667996973065, 1394.50297976291, 655.2936272554722, 338.0162229226555, 641.6077771280846, 297.4612278002313, 208.25128158110462, 129.75455324817747, 150.2395995335775, 117.35501243075427, 222.24590166036276, 198.5281190913886, 286.53852497484047, 419.0443417090774, 215.15756785331578, 206.8999485961594, 225.10146859358827]","[4520.431419205724, 3391.0923991811514, 2343.9326140044022, 1575.6556735758631, 381.5763464338677, 2693.360979827041, 850.3892205706245, 473.0353329977046, 204.75009981416855, 256.6173189603471, 208.7801489655919, 643.777210269563, 652.5030936051663, 1326.650030803617, 915.3130640683348, 2098.292999246967, 2879.1176856910693, 2583.3582983483516, 4934.165655706709, 3546.5333467215523]",0.05,,True,True,2.818712552388509,3.2127803166707363,3546.5333467215523,4934.165655706709,PASS,37.544020200002706,PASS,0.0,0.0,PASS,0.0,0.0,6,dangerous,PASS,PASS,PASS,FLAG,FLAG,16,dangerous,PASS,PASS,PASS,PASS,FLAG,,benign,PASS,PASS,PASS,PASS,PASS,,benign,PASS,PASS,PASS,PASS,PASS,,benign,PASS,PASS,PASS,PASS,PASS,,benign,PASS,PASS,PASS,PASS,PASS
gpu_seed1103_ckpt75_step_counter_mismatch,opt2026_10m_gpu_final,"WikiText-2 cached char-level, first 500000 chars",GPTMini,candidate_B_19p48m,19484864,1103,75,300,20,step_counter_mismatch,results\opt2026_10m_gpu_final\gpu_scale\checkpoints\seed_1103\checkpoint_step_75.pt,,True,True,True,True,True,True,169.88250732421875,tau = 0.10 * (||theta_checkpoint||_2 + 1e-12),16.988250732421974,Inherited fixed threshold from final task-validity campaign; not tuned on GPU rows.,benign,,4.13914155960083,4.13914155960083,0.024364730805987594,"[0.0, 0.11368270218372345, 0.21513932943344116, 0.3071734309196472, 0.4011010229587555, 0.5197668671607971, 0.674296498298645, 0.8312273621559143, 0.995255708694458, 1.1583975553512573, 1.3354127407073975, 1.5062247514724731, 1.661637783050537, 1.8288167715072632, 2.056236982345581, 2.308833360671997, 2.642761468887329, 3.0111448764801025, 3.3835957050323486, 3.7647058963775635, 4.13914155960083]","[9.262127876281738, 9.108183860778809, 8.78732967376709, 7.380886713663737, 7.482163588205974, 8.116313934326172, 7.080367724100749, 7.0162895520528155, 6.219021002451579, 6.141754786173503, 5.824626604715983, 6.677104632059733, 6.646206219991048, 7.345297654469808, 7.015569845835368, 7.776883761088054, 8.101120630900065, 7.93684450785319, 8.545015652974447, 8.23526382446289]","[9.074931462605795, 8.953460693359375, 8.460449059804281, 7.860555966695149, 7.825844605763753, 8.175869464874268, 7.6983645757039385, 7.132870038350423, 7.089287916819255, 6.69277826944987, 6.313350359598796, 5.806030750274658, 5.368556976318359, 5.233690579732259, 4.623110453287761, 5.393832365671794, 6.385522683461507, 5.828646818796794, 5.820013840993245, 4.812535762786865]","[0.18719641367594342, 0.1547231674194336, 0.32688061396280865, 0.47966925303141217, 0.34368101755777936, 0.0595555305480957, 0.6179968516031895, 0.11658048629760742, 0.8702669143676758, 0.5510234832763672, 0.4887237548828125, 0.8710738817850752, 1.2776492436726885, 2.111607074737549, 2.3924593925476074, 2.3830513954162598, 1.7155979474385576, 2.1081976890563965, 2.725001811981202, 3.4227280616760254]","[10531.519284840495, 9028.882284920992, 6550.716249811043, 1605.0123233972017, 1776.0793261967776, 3348.654607082513, 1188.40544349328, 1114.6431101257892, 502.21132761439986, 464.86860054145177, 338.5347022137694, 794.0168098031405, 769.8581060359206, 1548.8959324639798, 1113.8411831597234, 2384.8315242218077, 3298.1620274001466, 2798.5158662016674, 5141.065604302868, 3771.6348153151407]","[8733.587141003856, 7734.612720969876, 4724.17896025843, 2592.9615750234734, 2504.500533373608, 3554.143784099927, 2204.7393575555566, 1252.4664402023452, 1199.053670589484, 806.5599831554376, 551.8908877389542, 332.29753265311876, 214.5530390967053, 187.48345091570508, 101.81021605822016, 220.0450648651951, 593.1947046445287, 339.8984235796522, 336.9767176902669, 123.04323070732775]","[1797.9321438366387, 1294.2695639511157, 1826.5372895526125, 987.9492516262717, 728.4212071768304, 205.48917701741402, 1016.3339140622766, 137.82333007655598, 696.8423429750842, 341.69138261398587, 213.35618552518486, 461.71927715002175, 555.3050669392153, 1361.4124815482746, 1012.0309671015033, 2164.786459356613, 2704.9673227556177, 2458.617442622015, 4804.0888866126015, 3648.591584607813]",0.05,,True,True,3.4227280616760254,3.4227280616760254,3648.591584607813,4804.0888866126015,PASS,33.05859209999835,PASS,0.0,0.0,PASS,0.0,0.0,,benign,PASS,PASS,PASS,PASS,PASS,,benign,PASS,PASS,PASS,PASS,PASS,,benign,PASS,PASS,PASS,PASS,PASS,,benign,PASS,PASS,PASS,PASS,PASS,,benign,PASS,PASS,PASS,PASS,PASS,,benign,PASS,PASS,PASS,PASS,PASS
gpu_seed1103_ckpt75_scheduler_mismatch,opt2026_10m_gpu_final,"WikiText-2 cached char-level, first 500000 chars",GPTMini,candidate_B_19p48m,19484864,1103,75,300,20,scheduler_mismatch,results\opt2026_10m_gpu_final\gpu_scale\checkpoints\seed_1103\checkpoint_step_75.pt,,True,True,True,True,True,True,169.88250732421875,tau = 0.10 * (||theta_checkpoint||_2 + 1e-12),16.988250732421974,Inherited fixed threshold from final task-validity campaign; not tuned on GPU rows.,benign,,0.0,0.0,0.0,"[0.0, 0.0, 0.0, 0.0, 0.0, 0.0, 0.0, 0.0, 0.0, 0.0, 0.0, 0.0, 0.0, 0.0, 0.0, 0.0, 0.0, 0.0, 0.0, 0.0, 0.0]","[9.262127876281738, 9.108183860778809, 8.78732967376709, 7.380886713663737, 7.482163588205974, 8.116313934326172, 7.080367724100749, 7.0162895520528155, 6.219021002451579, 6.141754786173503, 5.824626604715983, 6.677104632059733, 6.646206219991048, 7.345297654469808, 7.015569845835368, 7.776883761088054, 8.101120630900065, 7.93684450785319, 8.545015652974447, 8.23526382446289]","[9.262127876281738, 9.108183860778809, 8.78732967376709, 7.380886713663737, 7.482163588205974, 8.116313934326172, 7.080367724100749, 7.0162895520528155, 6.219021002451579, 6.141754786173503, 5.824626604715983, 6.677104632059733, 6.646206219991048, 7.345297654469808, 7.015569845835368, 7.776883761088054, 8.101120630900065, 7.93684450785319, 8.545015652974447, 8.23526382446289]","[0.0, 0.0, 0.0, 0.0, 0.0, 0.0, 0.0, 0.0, 0.0, 0.0, 0.0, 0.0, 0.0, 0.0, 0.0, 0.0, 0.0, 0.0, 0.0, 0.0]","[10531.519284840495, 9028.882284920992, 6550.716249811043, 1605.0123233972017, 1776.0793261967776, 3348.654607082513, 1188.40544349328, 1114.6431101257892, 502.21132761439986, 464.86860054145177, 338.5347022137694, 794.0168098031405, 769.8581060359206, 1548.8959324639798, 1113.8411831597234, 2384.8315242218077, 3298.1620274001466, 2798.5158662016674, 5141.065604302868, 3771.6348153151407]","[10531.519284840495, 9028.882284920992, 6550.716249811043, 1605.0123233972017, 1776.0793261967776, 3348.654607082513, 1188.40544349328, 1114.6431101257892, 502.21132761439986, 464.86860054145177, 338.5347022137694, 794.0168098031405, 769.8581060359206, 1548.8959324639798, 1113.8411831597234, 2384.8315242218077, 3298.1620274001466, 2798.5158662016674, 5141.065604302868, 3771.6348153151407]","[0.0, 0.0, 0.0, 0.0, 0.0, 0.0, 0.0, 0.0, 0.0, 0.0, 0.0, 0.0, 0.0, 0.0, 0.0, 0.0, 0.0, 0.0, 0.0, 0.0]",0.05,0,False,False,0.0,0.0,0.0,0.0,PASS,12.98084469999958,PASS,0.0,0.0,PASS,0.0,0.0,,benign,PASS,PASS,PASS,PASS,PASS,,benign,PASS,PASS,PASS,PASS,PASS,,benign,PASS,PASS,PASS,PASS,PASS,,benign,PASS,PASS,PASS,PASS,PASS,,benign,PASS,PASS,PASS,PASS,PASS,,benign,PASS,PASS,PASS,PASS,PASS
gpu_seed1103_ckpt75_optimizer_reset,opt2026_10m_gpu_final,"WikiText-2 cached char-level, first 500000 chars",GPTMini,candidate_B_19p48m,19484864,1103,75,300,20,optimizer_reset,results\opt2026_10m_gpu_final\gpu_scale\checkpoints\seed_1103\checkpoint_step_75.pt,,True,True,True,True,True,True,169.88250732421875,tau = 0.10 * (||theta_checkpoint||_2 + 1e-12),16.988250732421974,Inherited fixed threshold from final task-validity campaign; not tuned on GPU rows.,dangerous,14,20.29296875,20.29296875,0.11945296234220862,"[0.0, 3.601011037826538, 5.483936786651611, 6.875799655914307, 8.189167976379395, 9.36544418334961, 10.472131729125977, 11.47558879852295, 12.418785095214844, 13.337369918823242, 14.160684585571289, 14.9435453414917, 15.669917106628418, 16.36077308654785, 17.018232345581055, 17.63494300842285, 18.22664451599121, 18.781116485595703, 19.304784774780273, 19.808612823486328, 20.29296875]","[9.262127876281738, 9.108183860778809, 8.78732967376709, 7.380886713663737, 7.482163588205974, 8.116313934326172, 7.080367724100749, 7.0162895520528155, 6.219021002451579, 6.141754786173503, 5.824626604715983, 6.677104632059733, 6.646206219991048, 7.345297654469808, 7.015569845835368, 7.776883761088054, 8.101120630900065, 7.93684450785319, 8.545015652974447, 8.23526382446289]","[22.58182652791341, 29.348567326863606, 21.94485918680827, 17.174176534016926, 14.64940102895101, 17.52796236673991, 14.710755983988443, 10.673656781514486, 13.698835690816244, 10.665135383605957, 13.627427736918131, 14.358925501505533, 12.72973378499349, 11.744203885396322, 12.54391352335612, 11.820292154947916, 12.186445236206055, 12.080778439839682, 10.529099782307943, 10.134259541829428]","[13.319698651631672, 20.240383466084797, 13.15752951304118, 9.793289820353188, 7.167237440745036, 9.411648432413738, 7.630388259887694, 3.657367229461671, 7.479814688364665, 4.523380597432454, 7.8028011322021475, 7.6818208694458, 6.083527565002442, 4.398906230926515, 5.528343677520751, 4.043408393859862, 4.08532460530599, 4.143933931986491, 1.984084129333496, 1.898995717366537]","[10531.519284840495, 9028.882284920992, 6550.716249811043, 1605.0123233972017, 1776.0793261967776, 3348.654607082513, 1188.40544349328, 1114.6431101257892, 502.21132761439986, 464.86860054145177, 338.5347022137694, 794.0168098031405, 769.8581060359206, 1548.8959324639798, 1113.8411831597234, 2384.8315242218077, 3298.1620274001466, 2798.5158662016674, 5141.065604302868, 3771.6348153151407]","[6414497679.61753, 5570842008103.071, 3392589010.6480765, 28750811.014705982, 2302258.208381721, 40954095.14236562, 2447936.5030672867, 43202.63559498912, 889874.4735590665, 42836.05286330588, 828546.0833375686, 1721876.9460334321, 337639.4148352164, 126021.00588308717, 280383.4819020305, 135983.95161819443, 196112.79084776982, 176447.46103268102, 37387.80206865641, 25191.440216010993]","[6414487148.098245, 5570841999074.189, 3392582459.9318266, 28749206.002382584, 2300482.1290555242, 40950746.48775854, 2446748.0976237934, 42087.99248486333, 889372.2622314522, 42371.18426276443, 828207.5486353548, 1721082.929223629, 336869.5567291805, 124472.1099506232, 279269.64071887074, 133599.12009397263, 192814.6288203697, 173648.94516647936, 32246.736464353544, 21419.805400695852]",0.05,,True,True,1.898995717366537,20.240383466084797,21419.805400695852,5570841999074.189,FLAG,13.861442699999316,PASS,0.0,0.0,PASS,0.0,0.0,2,dangerous,PASS,FLAG,FLAG,FLAG,FLAG,5,dangerous,PASS,PASS,FLAG,FLAG,FLAG,9,dangerous,PASS,PASS,PASS,FLAG,FLAG,14,dangerous,PASS,PASS,PASS,PASS,FLAG,,benign,PASS,PASS,PASS,PASS,PASS,,benign,PASS,PASS,PASS,PASS,PASS
gpu_seed1103_ckpt150_exact_restore,opt2026_10m_gpu_final,"WikiText-2 cached char-level, first 500000 chars",GPTMini,candidate_B_19p48m,19484864,1103,150,300,20,exact_restore,results\opt2026_10m_gpu_final\gpu_scale\checkpoints\seed_1103\checkpoint_step_150.pt,,True,True,True,True,True,True,170.19302368164062,tau = 0.10 * (||theta_checkpoint||_2 + 1e-12),17.019302368164162,Inherited fixed threshold from final task-validity campaign; not tuned on GPU rows.,benign,,0.0,0.0,0.0,"[0.0, 0.0, 0.0, 0.0, 0.0, 0.0, 0.0, 0.0, 0.0, 0.0, 0.0, 0.0, 0.0, 0.0, 0.0, 0.0, 0.0, 0.0, 0.0, 0.0, 0.0]","[3.4116830825805664, 3.3993643124898276, 3.1259198983510337, 3.0909759998321533, 3.216375986735026, 3.316019137700399, 3.2367348670959473, 3.1549537976582847, 3.23488187789917, 3.1974947452545166, 3.0867636998494468, 3.148975690205892, 3.3148066997528076, 3.3539318243662515, 3.3167144457499185, 3.0850113232930503, 3.0443575382232666, 3.060321092605591, 3.0224479834238687, 3.003434975941976]","[3.4116830825805664, 3.3993643124898276, 3.1259198983510337, 3.0909759998321533, 3.216375986735026, 3.316019137700399, 3.2367348670959473, 3.1549537976582847, 3.23488187789917, 3.1974947452545166, 3.0867636998494468, 3.148975690205892, 3.3148066997528076, 3.3539318243662515, 3.3167144457499185, 3.0850113232930503, 3.0443575382232666, 3.060321092605591, 3.0224479834238687, 3.003434975941976]","[0.0, 0.0, 0.0, 0.0, 0.0, 0.0, 0.0, 0.0, 0.0, 0.0, 0.0, 0.0, 0.0, 0.0, 0.0, 0.0, 0.0, 0.0, 0.0, 0.0]","[30.316226056061648, 29.945058296186264, 22.780841516305756, 21.99853807100013, 24.937582096503416, 27.55045739169247, 25.450486712984084, 23.45195353122876, 25.403370902077782, 24.471146881940147, 21.906068520933687, 23.312173459480274, 27.5170744131617, 28.615021990784346, 27.569620107708182, 21.86771445521247, 20.996537395995396, 21.33440638248512, 20.541515474992167, 20.154648890318015]","[30.316226056061648, 29.945058296186264, 22.780841516305756, 21.99853807100013, 24.937582096503416, 27.55045739169247, 25.450486712984084, 23.45195353122876, 25.403370902077782, 24.471146881940147, 21.906068520933687, 23.312173459480274, 27.5170744131617, 28.615021990784346, 27.569620107708182, 21.86771445521247, 20.996537395995396, 21.33440638248512, 20.541515474992167, 20.154648890318015]","[0.0, 0.0, 0.0, 0.0, 0.0, 0.0, 0.0, 0.0, 0.0, 0.0, 0.0, 0.0, 0.0, 0.0, 0.0, 0.0, 0.0, 0.0, 0.0, 0.0]",0.05,0,False,False,0.0,0.0,0.0,0.0,PASS,11.867776699997194,PASS,0.0,0.0,PASS,0.0,0.0,,benign,PASS,PASS,PASS,PASS,PASS,,benign,PASS,PASS,PASS,PASS,PASS,,benign,PASS,PASS,PASS,PASS,PASS,,benign,PASS,PASS,PASS,PASS,PASS,,benign,PASS,PASS,PASS,PASS,PASS,,benign,PASS,PASS,PASS,PASS,PASS
gpu_seed1103_ckpt150_benign_nonzero,opt2026_10m_gpu_final,"WikiText-2 cached char-level, first 500000 chars",GPTMini,candidate_B_19p48m,19484864,1103,150,300,20,benign_nonzero,results\opt2026_10m_gpu_final\gpu_scale\checkpoints\seed_1103\checkpoint_step_150.pt,,True,True,True,True,True,True,170.19302368164062,tau = 0.10 * (||theta_checkpoint||_2 + 1e-12),17.019302368164162,Inherited fixed threshold from final task-validity campaign; not tuned on GPU rows.,benign,,0.0016029360704123974,0.0016029360704123974,9.418341808244769e-06,"[9.313225746154785e-09, 9.313225746154785e-09, 9.313225746154785e-09, 9.313225746154785e-09, 9.313225746154785e-09, 9.313225746154785e-09, 9.313225746154785e-09, 9.313225746154785e-09, 9.313225746154785e-09, 9.313225746154785e-09, 9.313225746154785e-09, 9.313225746154785e-09, 9.313225746154785e-09, 9.313225746154785e-09, 0.0001394287246512249, 0.00030772940954193473, 0.000532984035089612, 0.0007829367532394826, 0.0010362588800489902, 0.001316427136771381, 0.0016029360704123974]","[3.4116830825805664, 3.3993643124898276, 3.1259198983510337, 3.0909759998321533, 3.216375986735026, 3.316019137700399, 3.2367348670959473, 3.1549537976582847, 3.23488187789917, 3.1974947452545166, 3.0867636998494468, 3.148975690205892, 3.3148066997528076, 3.3539318243662515, 3.3167144457499185, 3.0850113232930503, 3.0443575382232666, 3.060321092605591, 3.0224479834238687, 3.003434975941976]","[3.4116830825805664, 3.3993643124898276, 3.1259198983510337, 3.0909759998321533, 3.216375986735026, 3.316019137700399, 3.2367348670959473, 3.1549537976582847, 3.23488187789917, 3.1974947452545166, 3.0867636998494468, 3.148975690205892, 3.3148066997528076, 3.3539319038391113, 3.3167144457499185, 3.0850114027659097, 3.0443573792775473, 3.060321092605591, 3.0224481423695884, 3.0034350554148355]","[0.0, 0.0, 0.0, 0.0, 0.0, 0.0, 0.0, 0.0, 0.0, 0.0, 0.0, 0.0, 0.0, 7.947285984855057e-08, 0.0, 7.947285940446136e-08, 1.5894571925301193e-07, 0.0, 1.5894571969710114e-07, 7.947285940446136e-08]","[30.316226056061648, 29.945058296186264, 22.780841516305756, 21.99853807100013, 24.937582096503416, 27.55045739169247, 25.450486712984084, 23.45195353122876, 25.403370902077782, 24.471146881940147, 21.906068520933687, 23.312173459480274, 27.5170744131617, 28.615021990784346, 27.569620107708182, 21.86771445521247, 20.996537395995396, 21.33440638248512, 20.541515474992167, 20.154648890318015]","[30.316226056061648, 29.945058296186264, 22.780841516305756, 21.99853807100013, 24.937582096503416, 27.55045739169247, 25.450486712984084, 23.45195353122876, 25.403370902077782, 24.471146881940147, 21.906068520933687, 23.312173459480274, 27.5170744131617, 28.61502426490207, 27.569620107708182, 21.86771619310234, 20.996534058685924, 21.33440638248512, 20.541518739978386, 20.154650492065656]","[0.0, 0.0, 0.0, 0.0, 0.0, 0.0, 0.0, 0.0, 0.0, 0.0, 0.0, 0.0, 0.0, 2.2741177225782394e-06, 0.0, 1.7378898675701748e-06, 3.3373094723287977e-06, 0.0, 3.2649862191647117e-06, 1.601747641188922e-06]",0.05,0,False,False,7.947285940446136e-08,1.5894571969710114e-07,1.601747641188922e-06,3.3373094723287977e-06,PASS,9.52081210000324,PASS,9.313225746154785e-09,1.0,PASS,9.313225746154785e-09,1.0,,benign,PASS,PASS,PASS,PASS,PASS,,benign,PASS,PASS,PASS,PASS,PASS,,benign,PASS,PASS,PASS,PASS,PASS,,benign,PASS,PASS,PASS,PASS,PASS,,benign,PASS,PASS,PASS,PASS,PASS,,benign,PASS,PASS,PASS,PASS,PASS
gpu_seed1103_ckpt150_reset_m,opt2026_10m_gpu_final,"WikiText-2 cached char-level, first 500000 chars",GPTMini,candidate_B_19p48m,19484864,1103,150,300,20,reset_m,results\opt2026_10m_gpu_final\gpu_scale\checkpoints\seed_1103\checkpoint_step_150.pt,,True,True,True,True,True,True,170.19302368164062,tau = 0.10 * (||theta_checkpoint||_2 + 1e-12),17.019302368164162,Inherited fixed threshold from final task-validity campaign; not tuned on GPU rows.,benign,,0.9845191240310669,0.9845191240310669,0.0057847207995592185,"[0.0, 0.10878273844718933, 0.19977691769599915, 0.2762673795223236, 0.34362921118736267, 0.4063272476196289, 0.4665682911872864, 0.5224399566650391, 0.5753949880599976, 0.6238732933998108, 0.6683980822563171, 0.7079493999481201, 0.7447014451026917, 0.7775761485099792, 0.8128307461738586, 0.845629096031189, 0.8733453154563904, 0.900594174861908, 0.9291937947273254, 0.9578720331192017, 0.9845191240310669]","[3.4116830825805664, 3.3993643124898276, 3.1259198983510337, 3.0909759998321533, 3.216375986735026, 3.316019137700399, 3.2367348670959473, 3.1549537976582847, 3.23488187789917, 3.1974947452545166, 3.0867636998494468, 3.148975690205892, 3.3148066997528076, 3.3539318243662515, 3.3167144457499185, 3.0850113232930503, 3.0443575382232666, 3.060321092605591, 3.0224479834238687, 3.003434975941976]","[3.219588041305542, 3.1274869441986084, 3.0184812545776367, 3.0425020853678384, 3.105230728785197, 3.1115960280100503, 3.009973923365275, 2.989208698272705, 3.110980192820231, 3.087780157725016, 3.0957232316335044, 3.3043251037597656, 3.244622548421224, 3.1648746331532798, 3.1785117785135903, 3.1224440733591714, 3.0702755451202393, 3.090775728225708, 3.119824012120565, 3.0928669770558677]","[0.19209504127502441, 0.2718773682912192, 0.10743864377339696, 0.04847391446431493, 0.1111452579498291, 0.2044231096903486, 0.22676094373067235, 0.16574509938557958, 0.12390168507893895, 0.10971458752950047, 0.008959531784057617, 0.15534941355387355, 0.07018415133158351, 0.1890571912129717, 0.13820266723632812, 0.03743275006612112, 0.025918006896972656, 0.030454635620117188, 0.09737602869669626, 0.0894320011138916]","[30.316226056061648, 29.945058296186264, 22.780841516305756, 21.99853807100013, 24.937582096503416, 27.55045739169247, 25.450486712984084, 23.45195353122876, 25.403370902077782, 24.471146881940147, 21.906068520933687, 23.312173459480274, 27.5170744131617, 28.615021990784346, 27.569620107708182, 21.86771445521247, 20.996537395995396, 21.33440638248512, 20.541515474992167, 20.154648890318015]","[25.017811753092275, 22.816568124713864, 20.460194249270142, 20.957615430831996, 22.314366948138606, 22.45685758744681, 20.28687090502112, 19.86995314081268, 22.443032121832765, 21.928346437168152, 22.10321850506519, 27.23015785478522, 25.652025835029963, 23.685774435837327, 24.010993272957943, 22.701796750494637, 21.547839259026002, 21.994132829578316, 22.64239450552336, 22.04017616138024]","[5.298414302969373, 7.1284901714724, 2.320647267035614, 1.0409226401681337, 2.6232151483648103, 5.09359980424566, 5.163615807962962, 3.5820003904160806, 2.960338780245017, 2.542800444771995, 0.19714998413150298, 3.917984395304945, 1.8650485781317379, 4.929247554947018, 3.558626834750239, 0.8340822952821654, 0.5513018630306057, 0.6597264470931954, 2.1008790305311926, 1.8855272710622266]",0.05,15,False,False,0.0894320011138916,0.2718773682912192,1.8855272710622266,7.1284901714724,PASS,14.65407309999864,PASS,0.0,0.0,PASS,0.0,0.0,,benign,PASS,PASS,PASS,PASS,PASS,,benign,PASS,PASS,PASS,PASS,PASS,,benign,PASS,PASS,PASS,PASS,PASS,,benign,PASS,PASS,PASS,PASS,PASS,,benign,PASS,PASS,PASS,PASS,PASS,,benign,PASS,PASS,PASS,PASS,PASS
gpu_seed1103_ckpt150_reset_v,opt2026_10m_gpu_final,"WikiText-2 cached char-level, first 500000 chars",GPTMini,candidate_B_19p48m,19484864,1103,150,300,20,reset_v,results\opt2026_10m_gpu_final\gpu_scale\checkpoints\seed_1103\checkpoint_step_150.pt,,True,True,True,True,True,True,170.19302368164062,tau = 0.10 * (||theta_checkpoint||_2 + 1e-12),17.019302368164162,Inherited fixed threshold from final task-validity campaign; not tuned on GPU rows.,dangerous,1,55837.89453125,55837.89453125,328.0856836746659,"[0.0, 11682.2236328125, 16800.4296875, 22025.25390625, 26917.412109375, 31438.056640625, 35017.25, 38259.58984375, 41177.96875, 43809.1640625, 45515.0, 47069.67578125, 48491.32421875, 49783.8359375, 50958.44921875, 52011.48046875, 52966.57421875, 53810.046875, 54554.7265625, 55228.4140625, 55837.89453125]","[3.4116830825805664, 3.3993643124898276, 3.1259198983510337, 3.0909759998321533, 3.216375986735026, 3.316019137700399, 3.2367348670959473, 3.1549537976582847, 3.23488187789917, 3.1974947452545166, 3.0867636998494468, 3.148975690205892, 3.3148066997528076, 3.3539318243662515, 3.3167144457499185, 3.0850113232930503, 3.0443575382232666, 3.060321092605591, 3.0224479834238687, 3.003434975941976]","[198505802.66666666, 171728389.33333334, 148628293.33333334, 131870597.33333333, 118722821.33333333, 107245824.0, 95868648.0, 84279768.0, 73386072.0, 62648449.333333336, 51863096.0, 41367050.666666664, 31434130.666666668, 21908976.666666668, 13266478.666666666, 9846524.833333334, 13896604.666666666, 7883277.666666667, 7267606.5, 6797255.333333333]","[198505799.25498357, 171728385.93396902, 148628290.20741343, 131870594.24235733, 118722818.11695734, 107245820.68398087, 95868644.76326513, 84279764.8450462, 73386068.76511812, 62648446.13583859, 51863092.9132363, 41367047.51769097, 31434127.35185997, 21908973.312734842, 13266475.34995222, 9846521.74832201, 13896601.622309128, 7883274.606345574, 7267603.477552016, 6797252.329898357]","[30.316226056061648, 29.945058296186264, 22.780841516305756, 21.99853807100013, 24.937582096503416, 27.55045739169247, 25.450486712984084, 23.45195353122876, 25.403370902077782, 24.471146881940147, 21.906068520933687, 23.312173459480274, 27.5170744131617, 28.615021990784346, 27.569620107708182, 21.86771445521247, 20.996537395995396, 21.33440638248512, 20.541515474992167, 20.154648890318015]","[5.184705528587072e+21, 5.184705528587072e+21, 5.184705528587072e+21, 5.184705528587072e+21, 5.184705528587072e+21, 5.184705528587072e+21, 5.184705528587072e+21, 5.184705528587072e+21, 5.184705528587072e+21, 5.184705528587072e+21, 5.184705528587072e+21, 5.184705528587072e+21, 5.184705528587072e+21, 5.184705528587072e+21, 5.184705528587072e+21, 5.184705528587072e+21, 5.184705528587072e+21, 5.184705528587072e+21, 5.184705528587072e+21, 5.184705528587072e+21]","[5.184705528587072e+21, 5.184705528587072e+21, 5.184705528587072e+21, 5.184705528587072e+21, 5.184705528587072e+21, 5.184705528587072e+21, 5.184705528587072e+21, 5.184705528587072e+21, 5.184705528587072e+21, 5.184705528587072e+21, 5.184705528587072e+21, 5.184705528587072e+21, 5.184705528587072e+21, 5.184705528587072e+21, 5.184705528587072e+21, 5.184705528587072e+21, 5.184705528587072e+21, 5.184705528587072e+21, 5.184705528587072e+21, 5.184705528587072e+21]",0.05,,True,True,6797252.329898357,198505799.25498357,5.184705528587072e+21,5.184705528587072e+21,FLAG,20.948789200003375,PASS,0.0,0.0,PASS,0.0,0.0,1,dangerous,FLAG,FLAG,FLAG,FLAG,FLAG,1,dangerous,FLAG,FLAG,FLAG,FLAG,FLAG,1,dangerous,FLAG,FLAG,FLAG,FLAG,FLAG,1,dangerous,FLAG,FLAG,FLAG,FLAG,FLAG,1,dangerous,FLAG,FLAG,FLAG,FLAG,FLAG,1,dangerous,FLAG,FLAG,FLAG,FLAG,FLAG
gpu_seed1103_ckpt150_stale_m,opt2026_10m_gpu_final,"WikiText-2 cached char-level, first 500000 chars",GPTMini,candidate_B_19p48m,19484864,1103,150,300,20,stale_m,results\opt2026_10m_gpu_final\gpu_scale\checkpoints\seed_1103\checkpoint_step_150.pt,,True,True,True,True,True,True,170.19302368164062,tau = 0.10 * (||theta_checkpoint||_2 + 1e-12),17.019302368164162,Inherited fixed threshold from final task-validity campaign; not tuned on GPU rows.,benign,,1.7293535470962524,1.7293535470962524,0.010161130636771185,"[0.0, 0.19242888689041138, 0.35643595457077026, 0.4929285943508148, 0.6179552674293518, 0.7318673729896545, 0.8397176861763, 0.9397765398025513, 1.0325409173965454, 1.117919921875, 1.1954821348190308, 1.266512155532837, 1.334955096244812, 1.3981590270996094, 1.4581595659255981, 1.510506510734558, 1.5587481260299683, 1.605425477027893, 1.6497156620025635, 1.6914057731628418, 1.7293535470962524]","[3.4116830825805664, 3.3993643124898276, 3.1259198983510337, 3.0909759998321533, 3.216375986735026, 3.316019137700399, 3.2367348670959473, 3.1549537976582847, 3.23488187789917, 3.1974947452545166, 3.0867636998494468, 3.148975690205892, 3.3148066997528076, 3.3539318243662515, 3.3167144457499185, 3.0850113232930503, 3.0443575382232666, 3.060321092605591, 3.0224479834238687, 3.003434975941976]","[3.150095065434774, 3.155982494354248, 3.188150405883789, 3.2573342323303223, 3.2945667107899985, 3.292116085688273, 3.1217170556386313, 3.0270297527313232, 3.192821184794108, 3.2621754010518393, 3.24967368443807, 3.365946054458618, 3.3908260663350425, 3.2841662565867105, 3.2217387358347573, 3.1299688816070557, 3.11371119817098, 3.172149101893107, 3.253967523574829, 3.2047301133473716]","[0.2615880171457925, 0.24338181813557958, 0.062230507532755386, 0.16635823249816895, 0.07819072405497263, 0.023903052012125947, 0.11501781145731593, 0.1279240449269614, 0.042060693105062, 0.06468065579732274, 0.16290998458862305, 0.2169703642527261, 0.07601936658223485, 0.06976556777954102, 0.09497570991516113, 0.044957558314005386, 0.06935365994771336, 0.11182800928751613, 0.23151954015096043, 0.2012951374053955]","[30.316226056061648, 29.945058296186264, 22.780841516305756, 21.99853807100013, 24.937582096503416, 27.55045739169247, 25.450486712984084, 23.45195353122876, 25.403370902077782, 24.471146881940147, 21.906068520933687, 23.312173459480274, 27.5170744131617, 28.615021990784346, 27.569620107708182, 21.86771445521247, 20.996537395995396, 21.33440638248512, 20.541515474992167, 20.154648890318015]","[23.33828313952046, 23.476090891222913, 24.243545230337276, 25.980187604540184, 26.965727579467522, 26.899725596664485, 22.685298140086694, 20.635847899804848, 24.357046333042312, 26.106267015758835, 25.78192550088277, 28.960882915272954, 29.69046843943322, 26.686725155641707, 25.071675325245465, 22.873267752032152, 22.504407933332267, 23.858704084622815, 25.892866953542384, 24.64884672394573]","[6.977942916541188, 6.468967404963351, 1.4627037140315196, 3.981649533540054, 2.0281454829641063, 0.6507317950279834, 2.76518857289739, 2.8161056314239126, 1.0463245690354697, 1.6351201338186883, 3.8758569799490843, 5.64870945579268, 2.17339402627152, 1.928296835142639, 2.4979447824627172, 1.0055532968196808, 1.5078705373368706, 2.5242977021376944, 5.351351478550217, 4.494197833627716]",0.05,,True,True,0.2012951374053955,0.2615880171457925,4.494197833627716,6.977942916541188,PASS,50.8294782999983,PASS,0.0,0.0,PASS,0.0,0.0,,benign,PASS,PASS,PASS,PASS,PASS,,benign,PASS,PASS,PASS,PASS,PASS,,benign,PASS,PASS,PASS,PASS,PASS,,benign,PASS,PASS,PASS,PASS,PASS,,benign,PASS,PASS,PASS,PASS,PASS,,benign,PASS,PASS,PASS,PASS,PASS
gpu_seed1103_ckpt150_stale_v,opt2026_10m_gpu_final,"WikiText-2 cached char-level, first 500000 chars",GPTMini,candidate_B_19p48m,19484864,1103,150,300,20,stale_v,results\opt2026_10m_gpu_final\gpu_scale\checkpoints\seed_1103\checkpoint_step_150.pt,,True,True,True,True,True,True,170.19302368164062,tau = 0.10 * (||theta_checkpoint||_2 + 1e-12),17.019302368164162,Inherited fixed threshold from final task-validity campaign; not tuned on GPU rows.,dangerous,1,649.7882690429688,649.7882690429688,3.817948908754596,"[0.0, 99.7238998413086, 189.4748992919922, 270.2502746582031, 342.9476318359375, 408.3747253417969, 467.25860595703125, 520.253662109375, 567.9486083984375, 610.8735961914062, 649.5055541992188, 649.5496215820312, 649.5892333984375, 649.6249389648438, 649.6568603515625, 649.6854248046875, 649.7109985351562, 649.7338256835938, 649.7542114257812, 649.772216796875, 649.7882690429688]","[3.4116830825805664, 3.3993643124898276, 3.1259198983510337, 3.0909759998321533, 3.216375986735026, 3.316019137700399, 3.2367348670959473, 3.1549537976582847, 3.23488187789917, 3.1974947452545166, 3.0867636998494468, 3.148975690205892, 3.3148066997528076, 3.3539318243662515, 3.3167144457499185, 3.0850113232930503, 3.0443575382232666, 3.060321092605591, 3.0224479834238687, 3.003434975941976]","[3.414411942164103, 3.4013362725575766, 3.1253506342569985, 3.0946218967437744, 3.226585547129313, 3.3242695331573486, 3.240906000137329, 3.164146661758423, 3.2500497500101724, 3.208651145299276, 3.0934456984202066, 3.15936017036438, 3.326936880747477, 3.3563146591186523, 3.30995512008667, 3.0818142096201577, 3.0464541912078857, 3.0609416166941323, 3.022299607594808, 3.0080538590749106]","[0.002728859583536636, 0.0019719600677490234, 0.0005692640940351268, 0.0036458969116210938, 0.01020956039428711, 0.008250395456949722, 0.004171133041381836, 0.009192864100138198, 0.015167872111002456, 0.011156400044759263, 0.006681998570759795, 0.010384480158487808, 0.012130180994669448, 0.002382834752400864, 0.00675932566324855, 0.0031971136728925487, 0.0020966529846191406, 0.0006205240885415186, 0.00014837582906057634, 0.00461888313293457]","[30.316226056061648, 29.945058296186264, 22.780841516305756, 21.99853807100013, 24.937582096503416, 27.55045739169247, 25.450486712984084, 23.45195353122876, 25.403370902077782, 24.471146881940147, 21.906068520933687, 23.312173459480274, 27.5170744131617, 28.615021990784346, 27.569620107708182, 21.86771445521247, 20.996537395995396, 21.33440638248512, 20.541515474992167, 20.154648890318015]","[30.3990677603528, 30.00416701623625, 22.76787689169637, 22.07888885935327, 25.193487967365932, 27.77869981061675, 25.55686578542886, 23.66853814410786, 25.791623018783184, 24.745685369168584, 22.052934973741177, 23.55551958692306, 27.85289416569113, 28.68328816082518, 27.383896457424743, 21.797912528137424, 21.04060603096726, 21.347649003818027, 20.53846783670692, 20.247956179975528]","[0.08284170429115179, 0.05910872004998424, 0.012964624609384856, 0.08035078835314025, 0.2559058708625166, 0.22824241892428176, 0.10637907244477773, 0.21658461287909958, 0.3882521167054023, 0.2745384872284369, 0.14686645280749033, 0.24334612744278772, 0.335819752529428, 0.06826617004083602, 0.18572365028343896, 0.06980192707504784, 0.04406863497186464, 0.013242621332906879, 0.0030476382852455686, 0.09330728965751334]",0.05,0,False,False,0.00461888313293457,0.015167872111002456,0.09330728965751334,0.3882521167054023,FLAG,68.27798350000012,PASS,0.0,0.0,PASS,0.0,0.0,1,dangerous,FLAG,FLAG,FLAG,FLAG,FLAG,1,dangerous,FLAG,FLAG,FLAG,FLAG,FLAG,1,dangerous,FLAG,FLAG,FLAG,FLAG,FLAG,1,dangerous,FLAG,FLAG,FLAG,FLAG,FLAG,1,dangerous,FLAG,FLAG,FLAG,FLAG,FLAG,1,dangerous,FLAG,FLAG,FLAG,FLAG,FLAG
gpu_seed1103_ckpt150_stale_mv,opt2026_10m_gpu_final,"WikiText-2 cached char-level, first 500000 chars",GPTMini,candidate_B_19p48m,19484864,1103,150,300,20,stale_mv,results\opt2026_10m_gpu_final\gpu_scale\checkpoints\seed_1103\checkpoint_step_150.pt,,True,True,True,True,True,True,170.19302368164062,tau = 0.10 * (||theta_checkpoint||_2 + 1e-12),17.019302368164162,Inherited fixed threshold from final task-validity campaign; not tuned on GPU rows.,benign,,1.8026628494262695,1.8026628494262695,0.0105918727479587,"[0.0, 0.20015458762645721, 0.3706296980381012, 0.5127101540565491, 0.6422517895698547, 0.7590737342834473, 0.8698341846466064, 0.9732725024223328, 1.0694772005081177, 1.1580449342727661, 1.2389837503433228, 1.3128749132156372, 1.3839339017868042, 1.4499274492263794, 1.5137486457824707, 1.5694212913513184, 1.6210438013076782, 1.6713184118270874, 1.7182393074035645, 1.7623236179351807, 1.8026628494262695]","[3.4116830825805664, 3.3993643124898276, 3.1259198983510337, 3.0909759998321533, 3.216375986735026, 3.316019137700399, 3.2367348670959473, 3.1549537976582847, 3.23488187789917, 3.1974947452545166, 3.0867636998494468, 3.148975690205892, 3.3148066997528076, 3.3539318243662515, 3.3167144457499185, 3.0850113232930503, 3.0443575382232666, 3.060321092605591, 3.0224479834238687, 3.003434975941976]","[3.1503562132517495, 3.160475492477417, 3.1948530673980713, 3.264943838119507, 3.301532745361328, 3.2944447994232178, 3.1179924805959067, 3.0317025184631348, 3.2063651084899902, 3.2729316552480063, 3.2579148610432944, 3.3803988297780356, 3.4026007652282715, 3.285099983215332, 3.217616240183512, 3.1292925675710044, 3.1190122763315835, 3.179631551106771, 3.267488956451416, 3.215195814768473]","[0.2613268693288169, 0.23888882001241063, 0.06893316904703761, 0.17396783828735352, 0.08515675862630223, 0.021574338277181138, 0.11874238650004054, 0.12325127919514989, 0.028516769409179688, 0.07543690999348973, 0.17115116119384766, 0.23142313957214355, 0.08779406547546387, 0.06883184115091945, 0.09909820556640625, 0.0442812442779541, 0.07465473810831691, 0.11931045850118016, 0.24504097302754735, 0.2117608388264971]","[30.316226056061648, 29.945058296186264, 22.780841516305756, 21.99853807100013, 24.937582096503416, 27.55045739169247, 25.450486712984084, 23.45195353122876, 25.403370902077782, 24.471146881940147, 21.906068520933687, 23.312173459480274, 27.5170744131617, 28.615021990784346, 27.569620107708182, 21.86771445521247, 20.996537395995396, 21.33440638248512, 20.541515474992167, 20.154648890318015]","[23.34437867709783, 23.581806235117515, 24.406587305446003, 26.178640707845506, 27.154227556449143, 26.962440351141392, 22.600962200061623, 20.732500023218595, 24.689180432334147, 26.38858829765793, 25.995276827625954, 29.382487387657534, 30.042131063089556, 26.711654898521378, 24.968530206478473, 22.85780346994606, 22.62402232124355, 24.03789518436059, 26.24535330593208, 24.908168820975042]","[6.971847378963819, 6.363252061068749, 1.6257457891402467, 4.180102636845376, 2.2166454599457275, 0.5880170405510761, 2.8495245129224607, 2.719453508010165, 0.7141904697436345, 1.9174414157177821, 4.089208306692267, 6.07031392817726, 2.525056649927855, 1.9033670922629682, 2.6010899012297095, 0.9900890147335879, 1.6274849252481545, 2.7034888018754692, 5.703837830939914, 4.753519930657028]",0.05,,True,True,0.2117608388264971,0.2613268693288169,4.753519930657028,6.971847378963819,PASS,14.176202000002377,PASS,0.0,0.0,PASS,0.0,0.0,,benign,PASS,PASS,PASS,PASS,PASS,,benign,PASS,PASS,PASS,PASS,PASS,,benign,PASS,PASS,PASS,PASS,PASS,,benign,PASS,PASS,PASS,PASS,PASS,,benign,PASS,PASS,PASS,PASS,PASS,,benign,PASS,PASS,PASS,PASS,PASS
gpu_seed1103_ckpt150_model_current_optimizer_stale,opt2026_10m_gpu_final,"WikiText-2 cached char-level, first 500000 chars",GPTMini,candidate_B_19p48m,19484864,1103,150,300,20,model_current_optimizer_stale,results\opt2026_10m_gpu_final\gpu_scale\checkpoints\seed_1103\checkpoint_step_150.pt,,True,True,True,True,True,True,170.19302368164062,tau = 0.10 * (||theta_checkpoint||_2 + 1e-12),17.019302368164162,Inherited fixed threshold from final task-validity campaign; not tuned on GPU rows.,benign,,1.689619779586792,1.689619779586792,0.0099276676742482,"[0.0, 0.18834078311920166, 0.34873268008232117, 0.48229849338531494, 0.604305624961853, 0.7144416570663452, 0.8188226222991943, 0.9158900380134583, 1.0061458349227905, 1.0895054340362549, 1.1651455163955688, 1.2348655462265015, 1.3018267154693604, 1.3636958599090576, 1.4222499132156372, 1.4735840559005737, 1.5212297439575195, 1.5675891637802124, 1.6109994649887085, 1.6519392728805542, 1.689619779586792]","[3.4116830825805664, 3.3993643124898276, 3.1259198983510337, 3.0909759998321533, 3.216375986735026, 3.316019137700399, 3.2367348670959473, 3.1549537976582847, 3.23488187789917, 3.1974947452545166, 3.0867636998494468, 3.148975690205892, 3.3148066997528076, 3.3539318243662515, 3.3167144457499185, 3.0850113232930503, 3.0443575382232666, 3.060321092605591, 3.0224479834238687, 3.003434975941976]","[3.1513288815816245, 3.141730229059855, 3.164838711420695, 3.225573698679606, 3.2615705331166587, 3.273625135421753, 3.135399659474691, 3.0092080434163413, 3.125457525253296, 3.203075329462687, 3.210564374923706, 3.2951780954996743, 3.3284515539805093, 3.255937655766805, 3.2152095635732016, 3.1190174420674643, 3.0747995376586914, 3.1274359226226807, 3.194082021713257, 3.159677267074585]","[0.2603542009989419, 0.2576340834299726, 0.03891881306966116, 0.13459769884745265, 0.04519454638163278, 0.04239400227864598, 0.10133520762125636, 0.14574575424194336, 0.10942435264587402, 0.005580584208170425, 0.12380067507425929, 0.14620240529378226, 0.013644854227701675, 0.09799416859944632, 0.10150488217671683, 0.03400611877441406, 0.030441999435424805, 0.06711483001708984, 0.17163403828938817, 0.1562422911326089]","[30.316226056061648, 29.945058296186264, 22.780841516305756, 21.99853807100013, 24.937582096503416, 27.55045739169247, 25.450486712984084, 23.45195353122876, 25.403370902077782, 24.471146881940147, 21.906068520933687, 23.312173459480274, 27.5170744131617, 28.615021990784346, 27.569620107708182, 21.86771445521247, 20.996537395995396, 21.33440638248512, 20.541515474992167, 20.154648890318015]","[23.367096061366713, 23.14387644344788, 23.68492361706351, 25.16800886829076, 26.09048094665855, 26.40689460725325, 22.997825304364824, 20.27133954570589, 22.77031070281483, 24.608091939091423, 24.793074866533264, 26.98221905379882, 27.8951141656264, 25.94392960784333, 24.908511280878507, 22.624139191269283, 21.645542360467832, 22.815404017148435, 24.38777596475659, 23.56299014907399]","[6.949129994694935, 6.8011818527383845, 0.9040821007577549, 3.1694707972906286, 1.1528988501551325, 1.1435627844392187, 2.45266140861926, 3.1806139855228714, 2.633060199262953, 0.13694505715127647, 2.887006345599577, 3.6700455943185446, 0.3780397524646979, 2.6710923829410156, 2.6611088268296754, 0.756424736056811, 0.6490049644724358, 1.4809976346633142, 3.846260489764422, 3.408341258755975]",0.05,,True,True,0.1562422911326089,0.2603542009989419,3.408341258755975,6.949129994694935,PASS,12.178492700000788,PASS,0.0,0.0,PASS,0.0,0.0,,benign,PASS,PASS,PASS,PASS,PASS,,benign,PASS,PASS,PASS,PASS,PASS,,benign,PASS,PASS,PASS,PASS,PASS,,benign,PASS,PASS,PASS,PASS,PASS,,benign,PASS,PASS,PASS,PASS,PASS,,benign,PASS,PASS,PASS,PASS,PASS
gpu_seed1103_ckpt150_step_counter_mismatch,opt2026_10m_gpu_final,"WikiText-2 cached char-level, first 500000 chars",GPTMini,candidate_B_19p48m,19484864,1103,150,300,20,step_counter_mismatch,results\opt2026_10m_gpu_final\gpu_scale\checkpoints\seed_1103\checkpoint_step_150.pt,,True,True,True,True,True,True,170.19302368164062,tau = 0.10 * (||theta_checkpoint||_2 + 1e-12),17.019302368164162,Inherited fixed threshold from final task-validity campaign; not tuned on GPU rows.,benign,,0.17688104510307312,0.17688104510307312,0.0010392966837109723,"[0.0, 0.009655991569161415, 0.017827801406383514, 0.026675179600715637, 0.03546785190701485, 0.04470115154981613, 0.052688393741846085, 0.06053225323557854, 0.06921429932117462, 0.07768025249242783, 0.08578062057495117, 0.09450703114271164, 0.10420200973749161, 0.11264408379793167, 0.12089559435844421, 0.12994056940078735, 0.13953781127929688, 0.14894236624240875, 0.15782135725021362, 0.16716627776622772, 0.17688104510307312]","[3.4116830825805664, 3.3993643124898276, 3.1259198983510337, 3.0909759998321533, 3.216375986735026, 3.316019137700399, 3.2367348670959473, 3.1549537976582847, 3.23488187789917, 3.1974947452545166, 3.0867636998494468, 3.148975690205892, 3.3148066997528076, 3.3539318243662515, 3.3167144457499185, 3.0850113232930503, 3.0443575382232666, 3.060321092605591, 3.0224479834238687, 3.003434975941976]","[3.3964503606160483, 3.386932929356893, 3.131657679875692, 3.0731539726257324, 3.1645567417144775, 3.2622127532958984, 3.207875967025757, 3.117269277572632, 3.1620219548543296, 3.1463122367858887, 3.0727771123250327, 3.1063899993896484, 3.241788387298584, 3.3213375409444175, 3.330854892730713, 3.1007139682769775, 3.0268200238545737, 3.0452088514963784, 3.0175626277923584, 2.982053279876709]","[0.015232721964518081, 0.01243138313293457, 0.005737781524658203, 0.0178220272064209, 0.051819245020548355, 0.053806384404500474, 0.02885890007019043, 0.03768452008565282, 0.07285992304484035, 0.05118250846862793, 0.013986587524414062, 0.04258569081624364, 0.07301831245422363, 0.032594283421834014, 0.014140446980794419, 0.01570264498392726, 0.017537514368692886, 0.015112241109212388, 0.004885355631510269, 0.021381696065267075]","[30.316226056061648, 29.945058296186264, 22.780841516305756, 21.99853807100013, 24.937582096503416, 27.55045739169247, 25.450486712984084, 23.45195353122876, 25.403370902077782, 24.471146881940147, 21.906068520933687, 23.312173459480274, 27.5170744131617, 28.615021990784346, 27.569620107708182, 21.86771445521247, 20.996537395995396, 21.33440638248512, 20.541515474992167, 20.154648890318015]","[29.85792684753129, 29.57510408917216, 22.911928723111796, 21.609952503583123, 23.678246127578543, 26.10724216162771, 24.72651048444427, 22.58462302485222, 23.618302824267165, 23.25016518608297, 21.601810104754318, 22.340250337826195, 25.579426787985494, 27.69737216336251, 27.96223620062758, 22.2138055735278, 20.631520420418607, 21.014419637584815, 20.44140759708285, 19.728282772421274]","[0.45829920853035944, 0.36995420701410353, 0.1310872068060398, 0.38858556741700667, 1.2593359689248729, 1.4432152300647587, 0.723976228539815, 0.8673305063765397, 1.7850680778106174, 1.2209816958571764, 0.3042584161793691, 0.9719231216540791, 1.9376476251762078, 0.9176498274218368, 0.3926160929193969, 0.34609111831532857, 0.3650169755767898, 0.3199867449003051, 0.1001078779093163, 0.42636611789674106]",0.05,0,False,False,0.021381696065267075,0.07301831245422363,0.42636611789674106,1.9376476251762078,PASS,12.193878099998983,PASS,0.0,0.0,PASS,0.0,0.0,,benign,PASS,PASS,PASS,PASS,PASS,,benign,PASS,PASS,PASS,PASS,PASS,,benign,PASS,PASS,PASS,PASS,PASS,,benign,PASS,PASS,PASS,PASS,PASS,,benign,PASS,PASS,PASS,PASS,PASS,,benign,PASS,PASS,PASS,PASS,PASS
gpu_seed1103_ckpt150_scheduler_mismatch,opt2026_10m_gpu_final,"WikiText-2 cached char-level, first 500000 chars",GPTMini,candidate_B_19p48m,19484864,1103,150,300,20,scheduler_mismatch,results\opt2026_10m_gpu_final\gpu_scale\checkpoints\seed_1103\checkpoint_step_150.pt,,True,True,True,True,True,True,170.19302368164062,tau = 0.10 * (||theta_checkpoint||_2 + 1e-12),17.019302368164162,Inherited fixed threshold from final task-validity campaign; not tuned on GPU rows.,benign,,0.0,0.0,0.0,"[0.0, 0.0, 0.0, 0.0, 0.0, 0.0, 0.0, 0.0, 0.0, 0.0, 0.0, 0.0, 0.0, 0.0, 0.0, 0.0, 0.0, 0.0, 0.0, 0.0, 0.0]","[3.4116830825805664, 3.3993643124898276, 3.1259198983510337, 3.0909759998321533, 3.216375986735026, 3.316019137700399, 3.2367348670959473, 3.1549537976582847, 3.23488187789917, 3.1974947452545166, 3.0867636998494468, 3.148975690205892, 3.3148066997528076, 3.3539318243662515, 3.3167144457499185, 3.0850113232930503, 3.0443575382232666, 3.060321092605591, 3.0224479834238687, 3.003434975941976]","[3.4116830825805664, 3.3993643124898276, 3.1259198983510337, 3.0909759998321533, 3.216375986735026, 3.316019137700399, 3.2367348670959473, 3.1549537976582847, 3.23488187789917, 3.1974947452545166, 3.0867636998494468, 3.148975690205892, 3.3148066997528076, 3.3539318243662515, 3.3167144457499185, 3.0850113232930503, 3.0443575382232666, 3.060321092605591, 3.0224479834238687, 3.003434975941976]","[0.0, 0.0, 0.0, 0.0, 0.0, 0.0, 0.0, 0.0, 0.0, 0.0, 0.0, 0.0, 0.0, 0.0, 0.0, 0.0, 0.0, 0.0, 0.0, 0.0]","[30.316226056061648, 29.945058296186264, 22.780841516305756, 21.99853807100013, 24.937582096503416, 27.55045739169247, 25.450486712984084, 23.45195353122876, 25.403370902077782, 24.471146881940147, 21.906068520933687, 23.312173459480274, 27.5170744131617, 28.615021990784346, 27.569620107708182, 21.86771445521247, 20.996537395995396, 21.33440638248512, 20.541515474992167, 20.154648890318015]","[30.316226056061648, 29.945058296186264, 22.780841516305756, 21.99853807100013, 24.937582096503416, 27.55045739169247, 25.450486712984084, 23.45195353122876, 25.403370902077782, 24.471146881940147, 21.906068520933687, 23.312173459480274, 27.5170744131617, 28.615021990784346, 27.569620107708182, 21.86771445521247, 20.996537395995396, 21.33440638248512, 20.541515474992167, 20.154648890318015]","[0.0, 0.0, 0.0, 0.0, 0.0, 0.0, 0.0, 0.0, 0.0, 0.0, 0.0, 0.0, 0.0, 0.0, 0.0, 0.0, 0.0, 0.0, 0.0, 0.0]",0.05,0,False,False,0.0,0.0,0.0,0.0,PASS,7.196346000000631,PASS,0.0,0.0,PASS,0.0,0.0,,benign,PASS,PASS,PASS,PASS,PASS,,benign,PASS,PASS,PASS,PASS,PASS,,benign,PASS,PASS,PASS,PASS,PASS,,benign,PASS,PASS,PASS,PASS,PASS,,benign,PASS,PASS,PASS,PASS,PASS,,benign,PASS,PASS,PASS,PASS,PASS
gpu_seed1103_ckpt150_optimizer_reset,opt2026_10m_gpu_final,"WikiText-2 cached char-level, first 500000 chars",GPTMini,candidate_B_19p48m,19484864,1103,150,300,20,optimizer_reset,results\opt2026_10m_gpu_final\gpu_scale\checkpoints\seed_1103\checkpoint_step_150.pt,,True,True,True,True,True,True,170.19302368164062,tau = 0.10 * (||theta_checkpoint||_2 + 1e-12),17.019302368164162,Inherited fixed threshold from final task-validity campaign; not tuned on GPU rows.,dangerous,16,19.158700942993164,19.158700942993164,0.11257042461876053,"[0.0, 3.551748037338257, 5.233538627624512, 6.6376471519470215, 7.886831283569336, 8.945792198181152, 9.933311462402344, 10.899894714355469, 11.819930076599121, 12.672791481018066, 13.473886489868164, 14.209004402160645, 14.901156425476074, 15.526426315307617, 16.131559371948242, 16.706567764282227, 17.254173278808594, 17.765121459960938, 18.251487731933594, 18.718896865844727, 19.158700942993164]","[3.4116830825805664, 3.3993643124898276, 3.1259198983510337, 3.0909759998321533, 3.216375986735026, 3.316019137700399, 3.2367348670959473, 3.1549537976582847, 3.23488187789917, 3.1974947452545166, 3.0867636998494468, 3.148975690205892, 3.3148066997528076, 3.3539318243662515, 3.3167144457499185, 3.0850113232930503, 3.0443575382232666, 3.060321092605591, 3.0224479834238687, 3.003434975941976]","[14.118470509847006, 13.130745887756348, 11.291605949401855, 15.02602513631185, 14.470535278320312, 9.377847989400228, 9.989927291870117, 10.420368830362955, 8.58202870686849, 10.623649915059408, 8.829410235087076, 9.691599210103353, 7.766005833943685, 8.603989919026693, 7.690128008524577, 7.9326480229695635, 6.970828533172607, 7.155047098795573, 7.6716664632161455, 7.7532501220703125]","[10.70678742726644, 9.73138157526652, 8.165686051050821, 11.935049136479696, 11.254159291585287, 6.061828851699829, 6.75319242477417, 7.26541503270467, 5.34714682896932, 7.4261551698048915, 5.742646535237629, 6.542623519897461, 4.451199134190877, 5.250058094660442, 4.373413562774658, 4.847636699676514, 3.926470994949341, 4.094726006189982, 4.649218479792276, 4.749815146128336]","[30.316226056061648, 29.945058296186264, 22.780841516305756, 21.99853807100013, 24.937582096503416, 27.55045739169247, 25.450486712984084, 23.45195353122876, 25.403370902077782, 24.471146881940147, 21.906068520933687, 23.312173459480274, 27.5170744131617, 28.615021990784346, 27.569620107708182, 21.86771445521247, 20.996537395995396, 21.33440638248512, 20.541515474992167, 20.154648890318015]","[1353860.2438027696, 504208.8709831191, 80146.05602487676, 3355210.727202386, 1925190.108173045, 11823.542966446686, 21805.713287957155, 33535.80088670274, 5334.917538249917, 41095.33601368812, 6832.256202198469, 16181.100592792745, 2359.0300881423263, 5453.374765398305, 2186.654454724054, 2786.7965438506826, 1065.1048597678732, 1280.5527489226893, 2146.6557890745303, 2329.130083373814]","[1353829.9275767135, 504178.9259248229, 80123.27518336046, 3355188.7286643153, 1925165.1705909485, 11795.992509054993, 21780.26280124417, 33512.34893317151, 5309.514167347839, 41070.86486680618, 6810.350133677535, 16157.788419333265, 2331.513013729165, 5424.759743407521, 2159.084834616346, 2764.92882939547, 1044.1083223718779, 1259.218342540204, 2126.114273599538, 2308.975434483496]",0.05,,True,True,4.749815146128336,11.935049136479696,2308.975434483496,3355188.7286643153,FLAG,12.326331200001732,PASS,0.0,0.0,PASS,0.0,0.0,2,dangerous,PASS,FLAG,FLAG,FLAG,FLAG,5,dangerous,PASS,PASS,FLAG,FLAG,FLAG,10,dangerous,PASS,PASS,PASS,FLAG,FLAG,16,dangerous,PASS,PASS,PASS,PASS,FLAG,,benign,PASS,PASS,PASS,PASS,PASS,,benign,PASS,PASS,PASS,PASS,PASS
gpu_seed1103_ckpt300_exact_restore,opt2026_10m_gpu_final,"WikiText-2 cached char-level, first 500000 chars",GPTMini,candidate_B_19p48m,19484864,1103,300,300,20,exact_restore,results\opt2026_10m_gpu_final\gpu_scale\checkpoints\seed_1103\checkpoint_step_300.pt,,True,True,True,True,True,True,170.08689880371094,tau = 0.10 * (||theta_checkpoint||_2 + 1e-12),17.008689880371193,Inherited fixed threshold from final task-validity campaign; not tuned on GPU rows.,benign,,0.0,0.0,0.0,"[0.0, 0.0, 0.0, 0.0, 0.0, 0.0, 0.0, 0.0, 0.0, 0.0, 0.0, 0.0, 0.0, 0.0, 0.0, 0.0, 0.0, 0.0, 0.0, 0.0, 0.0]","[2.713489214579264, 2.701666990915934, 2.672360817591349, 2.628392457962036, 2.591761032740275, 2.5643343925476074, 2.547570546468099, 2.5423717498779297, 2.5391873518625894, 2.542776028315226, 2.5506465435028076, 2.557861804962158, 2.5534931818644204, 2.5517359574635825, 2.5534728368123374, 2.5611538092295327, 2.5722111066182456, 2.5824646949768066, 2.5828304290771484, 2.5722259680430093]","[2.713489214579264, 2.701666990915934, 2.672360817591349, 2.628392457962036, 2.591761032740275, 2.5643343925476074, 2.547570546468099, 2.5423717498779297, 2.5391873518625894, 2.542776028315226, 2.5506465435028076, 2.557861804962158, 2.5534931818644204, 2.5517359574635825, 2.5534728368123374, 2.5611538092295327, 2.5722111066182456, 2.5824646949768066, 2.5828304290771484, 2.5722259680430093]","[0.0, 0.0, 0.0, 0.0, 0.0, 0.0, 0.0, 0.0, 0.0, 0.0, 0.0, 0.0, 0.0, 0.0, 0.0, 0.0, 0.0, 0.0, 0.0, 0.0]","[15.081807476464439, 14.904556788318581, 14.474099598070332, 13.851485150423786, 13.353266448933752, 12.992007913797092, 12.776027283884767, 12.709779669948919, 12.66937104551085, 12.714918998602148, 12.815386809783641, 12.908187564573417, 12.85191955458188, 12.82935567864578, 12.851658084268998, 12.950751394835779, 13.094746334740906, 13.229705197209316, 13.234544636457441, 13.094940942774432]","[15.081807476464439, 14.904556788318581, 14.474099598070332, 13.851485150423786, 13.353266448933752, 12.992007913797092, 12.776027283884767, 12.709779669948919, 12.66937104551085, 12.714918998602148, 12.815386809783641, 12.908187564573417, 12.85191955458188, 12.82935567864578, 12.851658084268998, 12.950751394835779, 13.094746334740906, 13.229705197209316, 13.234544636457441, 13.094940942774432]","[0.0, 0.0, 0.0, 0.0, 0.0, 0.0, 0.0, 0.0, 0.0, 0.0, 0.0, 0.0, 0.0, 0.0, 0.0, 0.0, 0.0, 0.0, 0.0, 0.0]",0.05,0,False,False,0.0,0.0,0.0,0.0,PASS,51.1011096000002,PASS,0.0,0.0,PASS,0.0,0.0,,benign,PASS,PASS,PASS,PASS,PASS,,benign,PASS,PASS,PASS,PASS,PASS,,benign,PASS,PASS,PASS,PASS,PASS,,benign,PASS,PASS,PASS,PASS,PASS,,benign,PASS,PASS,PASS,PASS,PASS,,benign,PASS,PASS,PASS,PASS,PASS
gpu_seed1103_ckpt300_benign_nonzero,opt2026_10m_gpu_final,"WikiText-2 cached char-level, first 500000 chars",GPTMini,candidate_B_19p48m,19484864,1103,300,300,20,benign_nonzero,results\opt2026_10m_gpu_final\gpu_scale\checkpoints\seed_1103\checkpoint_step_300.pt,,True,True,True,True,True,True,170.08689880371094,tau = 0.10 * (||theta_checkpoint||_2 + 1e-12),17.008689880371193,Inherited fixed threshold from final task-validity campaign; not tuned on GPU rows.,benign,,0.0010007091332226992,0.0010007091332226992,5.883516839104482e-06,"[9.313225746154785e-09, 3.2164018193725497e-05, 6.894149555591866e-05, 0.00011385187826817855, 0.00016226377920247614, 0.0002191273815697059, 0.0002873046323657036, 0.00035217744880355895, 0.0004092829767614603, 0.00046561562339775264, 0.0005152773228473961, 0.0005629761144518852, 0.0006097948062233627, 0.0006521144532598555, 0.000696625211276114, 0.000744522491004318, 0.0007921733194962144, 0.0008401424274779856, 0.0008916633087210357, 0.0009475105907768011, 0.0010007091332226992]","[2.713489214579264, 2.701666990915934, 2.672360817591349, 2.628392457962036, 2.591761032740275, 2.5643343925476074, 2.547570546468099, 2.5423717498779297, 2.5391873518625894, 2.542776028315226, 2.5506465435028076, 2.557861804962158, 2.5534931818644204, 2.5517359574635825, 2.5534728368123374, 2.5611538092295327, 2.5722111066182456, 2.5824646949768066, 2.5828304290771484, 2.5722259680430093]","[2.713489294052124, 2.701667070388794, 2.672360897064209, 2.6283923784891763, 2.591761032740275, 2.5643344720204673, 2.547570546468099, 2.54237167040507, 2.53918727238973, 2.542775869369507, 2.5506463845570884, 2.557861646016439, 2.553493022918701, 2.5517359574635825, 2.5534730752309165, 2.5611539681752524, 2.572211424509684, 2.5824650128682456, 2.582831939061483, 2.5722270806630454]","[7.947285984855057e-08, 7.947285984855057e-08, 7.947285984855057e-08, 7.947285984855057e-08, 0.0, 7.947285984855057e-08, 0.0, 7.947285984855057e-08, 7.947285940446136e-08, 1.5894571925301193e-07, 1.5894571925301193e-07, 1.5894571925301193e-07, 1.5894571925301193e-07, 0.0, 2.384185791015625e-07, 1.5894571969710114e-07, 3.1789143850602386e-07, 3.1789143895011307e-07, 1.5099843344579256e-06, 1.1126200361033511e-06]","[15.081807476464439, 14.904556788318581, 14.474099598070332, 13.851485150423786, 13.353266448933752, 12.992007913797092, 12.776027283884767, 12.709779669948919, 12.66937104551085, 12.714918998602148, 12.815386809783641, 12.908187564573417, 12.85191955458188, 12.82935567864578, 12.851658084268998, 12.950751394835779, 13.094746334740906, 13.229705197209316, 13.234544636457441, 13.094940942774432]","[15.08180867505886, 14.90455797282638, 14.474100748368468, 13.851484049606691, 13.353266448933752, 12.992008946309157, 12.776027283884767, 12.709778659866421, 12.669370038639746, 12.714916977620362, 12.81538477283293, 12.908185512872423, 12.851917511824444, 12.82935567864578, 12.851661148343421, 12.950753453302443, 13.094750497449317, 13.229709402820006, 13.234564620427603, 13.0949555124762]","[1.1985944201597931e-06, 1.1845077985128682e-06, 1.150298135854655e-06, 1.1008170943682671e-06, 0.0, 1.032512065179958e-06, 0.0, 1.0100824976433387e-06, 1.0068711038258016e-06, 2.0209817854777157e-06, 2.036950711215013e-06, 2.0517009939879927e-06, 2.0427574352055444e-06, 0.0, 3.064074423519969e-06, 2.058466664678349e-06, 4.16270841085975e-06, 4.205610689922423e-06, 1.9983970162229525e-05, 1.4569701768607501e-05]",0.05,0,False,False,1.1126200361033511e-06,1.5099843344579256e-06,1.4569701768607501e-05,1.9983970162229525e-05,PASS,19.64949959999649,FLAG,4.6015678813067864e+30,86.03799578529242,FLAG,2854211861.596509,7.487197751237541,,benign,PASS,PASS,PASS,PASS,PASS,,benign,PASS,PASS,PASS,PASS,PASS,,benign,PASS,PASS,PASS,PASS,PASS,,benign,PASS,PASS,PASS,PASS,PASS,,benign,PASS,PASS,PASS,PASS,PASS,,benign,PASS,PASS,PASS,PASS,PASS
gpu_seed1103_ckpt300_reset_m,opt2026_10m_gpu_final,"WikiText-2 cached char-level, first 500000 chars",GPTMini,candidate_B_19p48m,19484864,1103,300,300,20,reset_m,results\opt2026_10m_gpu_final\gpu_scale\checkpoints\seed_1103\checkpoint_step_300.pt,,True,True,True,True,True,True,170.08689880371094,tau = 0.10 * (||theta_checkpoint||_2 + 1e-12),17.008689880371193,Inherited fixed threshold from final task-validity campaign; not tuned on GPU rows.,benign,,0.1599242240190506,0.1599242240190506,0.0009402501024115354,"[0.0, 0.022532835602760315, 0.04234485328197479, 0.059343598783016205, 0.07380250841379166, 0.08570030331611633, 0.09537232667207718, 0.10321260243654251, 0.10965855419635773, 0.11509184539318085, 0.12044371664524078, 0.12565690279006958, 0.1307697594165802, 0.13561171293258667, 0.1400945633649826, 0.14427989721298218, 0.14803491532802582, 0.15143300592899323, 0.1545916497707367, 0.15741728246212006, 0.1599242240190506]","[2.713489214579264, 2.701666990915934, 2.672360817591349, 2.628392457962036, 2.591761032740275, 2.5643343925476074, 2.547570546468099, 2.5423717498779297, 2.5391873518625894, 2.542776028315226, 2.5506465435028076, 2.557861804962158, 2.5534931818644204, 2.5517359574635825, 2.5534728368123374, 2.5611538092295327, 2.5722111066182456, 2.5824646949768066, 2.5828304290771484, 2.5722259680430093]","[2.7017530600229898, 2.680044333140055, 2.64510170618693, 2.600525220235189, 2.569928010304769, 2.5493990580240884, 2.543302615483602, 2.546682357788086, 2.5486458937327066, 2.554130474726359, 2.5598931312561035, 2.5644032955169678, 2.5577847162882485, 2.5567777156829834, 2.5563358465830484, 2.5624857743581138, 2.57163143157959, 2.578645865122477, 2.575692892074585, 2.5646773179372153]","[0.011736154556274414, 0.021622657775878906, 0.027259111404418945, 0.027867237726847183, 0.02183302243550589, 0.014935334523519028, 0.00426793098449707, 0.00431060791015625, 0.009458541870117188, 0.011354446411132812, 0.009246587753295898, 0.00654149055480957, 0.004291534423828125, 0.005041758219400894, 0.002863009770710967, 0.0013319651285810252, 0.000579675038655747, 0.003818829854329575, 0.0071375370025634766, 0.007548650105793975]","[15.081807476464439, 14.904556788318581, 14.474099598070332, 13.851485150423786, 13.353266448933752, 12.992007913797092, 12.776027283884767, 12.709779669948919, 12.66937104551085, 12.714918998602148, 12.815386809783641, 12.908187564573417, 12.85191955458188, 12.82935567864578, 12.851658084268998, 12.950751394835779, 13.094746334740906, 13.229705197209316, 13.234544636457441, 13.094940942774432]","[14.905839665419663, 14.585739913197775, 14.08487752946575, 13.470811320012563, 13.064883870071226, 12.799409768469765, 12.721616274988895, 12.764684798954695, 12.789773339444036, 12.860112601584113, 12.93443495486218, 12.992903132561567, 12.90719252786501, 12.89420151925174, 12.888505228632134, 12.968012837350367, 13.087157836797038, 13.179279548805702, 13.14041889697508, 12.996463967175972]","[0.1759678110447762, 0.31881687512080603, 0.38922206860458175, 0.38067383041122227, 0.2883825788625263, 0.19259814532732733, 0.05441100889587247, 0.05490512900577649, 0.12040229393318569, 0.1451936029819656, 0.11904814507853878, 0.08471556798814994, 0.055272973283130966, 0.06484584060595999, 0.03684714436313641, 0.017261442514588055, 0.0075884979438676226, 0.050425648403614076, 0.09412573948236158, 0.09847697559846047]",0.05,0,False,False,0.007548650105793975,0.027867237726847183,0.09847697559846047,0.38922206860458175,PASS,19.97814920000019,PASS,0.0,0.0,PASS,0.0,0.0,,benign,PASS,PASS,PASS,PASS,PASS,,benign,PASS,PASS,PASS,PASS,PASS,,benign,PASS,PASS,PASS,PASS,PASS,,benign,PASS,PASS,PASS,PASS,PASS,,benign,PASS,PASS,PASS,PASS,PASS,,benign,PASS,PASS,PASS,PASS,PASS
gpu_seed1103_ckpt300_reset_v,opt2026_10m_gpu_final,"WikiText-2 cached char-level, first 500000 chars",GPTMini,candidate_B_19p48m,19484864,1103,300,300,20,reset_v,results\opt2026_10m_gpu_final\gpu_scale\checkpoints\seed_1103\checkpoint_step_300.pt,,True,True,True,True,True,True,170.08689880371094,tau = 0.10 * (||theta_checkpoint||_2 + 1e-12),17.008689880371193,Inherited fixed threshold from final task-validity campaign; not tuned on GPU rows.,dangerous,1,4198.6552734375,4198.6552734375,24.685353798371857,"[0.0, 846.4432373046875, 1272.756591796875, 1680.8177490234375, 2044.454345703125, 2353.13525390625, 2631.33544921875, 2871.639892578125, 3078.1435546875, 3247.641845703125, 3396.325439453125, 3530.654052734375, 3641.51318359375, 3741.581787109375, 3832.571533203125, 3913.278076171875, 3986.043212890625, 4051.658447265625, 4107.7294921875, 4158.45166015625, 4198.6552734375]","[2.713489214579264, 2.701666990915934, 2.672360817591349, 2.628392457962036, 2.591761032740275, 2.5643343925476074, 2.547570546468099, 2.5423717498779297, 2.5391873518625894, 2.542776028315226, 2.5506465435028076, 2.557861804962158, 2.5534931818644204, 2.5517359574635825, 2.5534728368123374, 2.5611538092295327, 2.5722111066182456, 2.5824646949768066, 2.5828304290771484, 2.5722259680430093]","[7962.317545572917, 7659.302897135417, 6639.181640625, 5651.5673828125, 4935.494303385417, 4361.318522135417, 4097.307291666667, 3787.766357421875, 3273.5155436197915, 2975.188720703125, 2763.1205240885415, 2576.5518391927085, 2464.165283203125, 2346.6087239583335, 2199.2786458333335, 2051.019816080729, 1906.3782552083333, 1761.75732421875, 1634.5384521484375, 1551.1635335286458]","[7959.604056358337, 7656.601230144501, 6636.509279807408, 5648.938990354538, 4932.902542352676, 4358.754187742869, 4094.7597211201987, 3785.223985671997, 3270.976356267929, 2972.64594467481, 2760.5698775450387, 2573.9939773877463, 2461.6117900212607, 2344.0569880008698, 2196.725172996521, 2048.4586622714996, 1903.806044101715, 1759.1748595237732, 1631.9556217193604, 1548.5913075606027]","[15.081807476464439, 14.904556788318581, 14.474099598070332, 13.851485150423786, 13.353266448933752, 12.992007913797092, 12.776027283884767, 12.709779669948919, 12.66937104551085, 12.714918998602148, 12.815386809783641, 12.908187564573417, 12.85191955458188, 12.82935567864578, 12.851658084268998, 12.950751394835779, 13.094746334740906, 13.229705197209316, 13.234544636457441, 13.094940942774432]","[5.184705528587072e+21, 5.184705528587072e+21, 5.184705528587072e+21, 5.184705528587072e+21, 5.184705528587072e+21, 5.184705528587072e+21, 5.184705528587072e+21, 5.184705528587072e+21, 5.184705528587072e+21, 5.184705528587072e+21, 5.184705528587072e+21, 5.184705528587072e+21, 5.184705528587072e+21, 5.184705528587072e+21, 5.184705528587072e+21, 5.184705528587072e+21, 5.184705528587072e+21, 5.184705528587072e+21, 5.184705528587072e+21, 5.184705528587072e+21]","[5.184705528587072e+21, 5.184705528587072e+21, 5.184705528587072e+21, 5.184705528587072e+21, 5.184705528587072e+21, 5.184705528587072e+21, 5.184705528587072e+21, 5.184705528587072e+21, 5.184705528587072e+21, 5.184705528587072e+21, 5.184705528587072e+21, 5.184705528587072e+21, 5.184705528587072e+21, 5.184705528587072e+21, 5.184705528587072e+21, 5.184705528587072e+21, 5.184705528587072e+21, 5.184705528587072e+21, 5.184705528587072e+21, 5.184705528587072e+21]",0.05,,True,True,1548.5913075606027,7959.604056358337,5.184705528587072e+21,5.184705528587072e+21,FLAG,11.165562899997894,PASS,0.0,0.0,PASS,0.0,0.0,1,dangerous,FLAG,FLAG,FLAG,FLAG,FLAG,1,dangerous,FLAG,FLAG,FLAG,FLAG,FLAG,1,dangerous,FLAG,FLAG,FLAG,FLAG,FLAG,1,dangerous,FLAG,FLAG,FLAG,FLAG,FLAG,1,dangerous,FLAG,FLAG,FLAG,FLAG,FLAG,1,dangerous,FLAG,FLAG,FLAG,FLAG,FLAG
gpu_seed1103_ckpt300_stale_m,opt2026_10m_gpu_final,"WikiText-2 cached char-level, first 500000 chars",GPTMini,candidate_B_19p48m,19484864,1103,300,300,20,stale_m,results\opt2026_10m_gpu_final\gpu_scale\checkpoints\seed_1103\checkpoint_step_300.pt,,True,True,True,True,True,True,170.08689880371094,tau = 0.10 * (||theta_checkpoint||_2 + 1e-12),17.008689880371193,Inherited fixed threshold from final task-validity campaign; not tuned on GPU rows.,benign,,0.24052412807941437,0.24052412807941437,0.0014141249547796754,"[0.0, 0.033339112997055054, 0.0628766193985939, 0.08859656751155853, 0.11079366505146027, 0.1295674443244934, 0.1452093869447708, 0.15840360522270203, 0.1694604754447937, 0.17861931025981903, 0.1868504285812378, 0.19432292878627777, 0.20149311423301697, 0.20828567445278168, 0.21465179324150085, 0.2202947735786438, 0.22527283430099487, 0.22981828451156616, 0.23384571075439453, 0.2374178022146225, 0.24052412807941437]","[2.713489214579264, 2.701666990915934, 2.672360817591349, 2.628392457962036, 2.591761032740275, 2.5643343925476074, 2.547570546468099, 2.5423717498779297, 2.5391873518625894, 2.542776028315226, 2.5506465435028076, 2.557861804962158, 2.5534931818644204, 2.5517359574635825, 2.5534728368123374, 2.5611538092295327, 2.5722111066182456, 2.5824646949768066, 2.5828304290771484, 2.5722259680430093]","[2.7058358987172446, 2.688612699508667, 2.6575690110524497, 2.6175498167673745, 2.589954058329264, 2.5743583043416343, 2.5696282386779785, 2.5722771485646567, 2.5721753438313804, 2.575336456298828, 2.5778074264526367, 2.5788327058156333, 2.568585475285848, 2.5663448174794516, 2.5691579977671304, 2.579549551010132, 2.5904674530029297, 2.599792162577311, 2.598484992980957, 2.5885576407114663]","[0.007653315862019561, 0.013054291407267105, 0.014791806538899444, 0.010842641194661606, 0.0018069744110107422, 0.01002391179402684, 0.02205769220987941, 0.029905398686727036, 0.032987991968790986, 0.032560427983602036, 0.0271608829498291, 0.020970900853475083, 0.015092293421427705, 0.01460886001586914, 0.015685160954792998, 0.018395741780599106, 0.018256346384684097, 0.01732746760050441, 0.015654563903808594, 0.01633167266845703]","[15.081807476464439, 14.904556788318581, 14.474099598070332, 13.851485150423786, 13.353266448933752, 12.992007913797092, 12.776027283884767, 12.709779669948919, 12.66937104551085, 12.714918998602148, 12.815386809783641, 12.908187564573417, 12.85191955458188, 12.82935567864578, 12.851658084268998, 12.950751394835779, 13.094746334740906, 13.229705197209316, 13.234544636457441, 13.094940942774432]","[14.966822210610868, 14.711252828957935, 14.261577187119173, 13.702109742315187, 13.329159225284736, 13.12289355226561, 13.060967975546026, 13.095611165833862, 13.09427803849252, 13.135736016194468, 13.168234162277997, 13.181742204586893, 13.047355574765405, 13.01815364362893, 13.054827617905481, 13.19119486078217, 13.3360041015466, 13.46094005716106, 13.443355820873357, 13.310559142276404]","[0.11498526585357105, 0.19330395936064626, 0.2125224109511592, 0.1493754081085985, 0.024107223649016518, 0.1308856384685182, 0.2849406916612587, 0.38583149588494337, 0.42490699298167023, 0.42081701759232004, 0.35284735249435606, 0.27355464001347585, 0.19543602018352502, 0.18879796498315038, 0.20316953363648338, 0.24044346594639165, 0.24125776680569366, 0.2312348599517442, 0.20881118441591617, 0.21561819950197147]",0.05,0,False,False,0.01633167266845703,0.032987991968790986,0.21561819950197147,0.42490699298167023,PASS,10.639829700001428,PASS,0.0,0.0,PASS,0.0,0.0,,benign,PASS,PASS,PASS,PASS,PASS,,benign,PASS,PASS,PASS,PASS,PASS,,benign,PASS,PASS,PASS,PASS,PASS,,benign,PASS,PASS,PASS,PASS,PASS,,benign,PASS,PASS,PASS,PASS,PASS,,benign,PASS,PASS,PASS,PASS,PASS
gpu_seed1103_ckpt300_stale_v,opt2026_10m_gpu_final,"WikiText-2 cached char-level, first 500000 chars",GPTMini,candidate_B_19p48m,19484864,1103,300,300,20,stale_v,results\opt2026_10m_gpu_final\gpu_scale\checkpoints\seed_1103\checkpoint_step_300.pt,,True,True,True,True,True,True,170.08689880371094,tau = 0.10 * (||theta_checkpoint||_2 + 1e-12),17.008689880371193,Inherited fixed threshold from final task-validity campaign; not tuned on GPU rows.,benign,,0.00876194890588522,0.00876194890588522,5.151454325707302e-05,"[0.0, 0.0009741666726768017, 0.0017832863377407193, 0.0023932773619890213, 0.0029183824080973864, 0.003407062031328678, 0.0038592445198446512, 0.004303312860429287, 0.004721041303128004, 0.005082821939140558, 0.005430617369711399, 0.005765045527368784, 0.006096082739531994, 0.006416392978280783, 0.006725589744746685, 0.007024956867098808, 0.007336294278502464, 0.007666397839784622, 0.008024708367884159, 0.008391432464122772, 0.00876194890588522]","[2.713489214579264, 2.701666990915934, 2.672360817591349, 2.628392457962036, 2.591761032740275, 2.5643343925476074, 2.547570546468099, 2.5423717498779297, 2.5391873518625894, 2.542776028315226, 2.5506465435028076, 2.557861804962158, 2.5534931818644204, 2.5517359574635825, 2.5534728368123374, 2.5611538092295327, 2.5722111066182456, 2.5824646949768066, 2.5828304290771484, 2.5722259680430093]","[2.713468313217163, 2.7016992568969727, 2.6725202401479087, 2.628723621368408, 2.5922210216522217, 2.564842859903971, 2.548044125239054, 2.5427533785502114, 2.5395139853159585, 2.542977492014567, 2.5507585207621255, 2.5579169591267905, 2.5536447366078696, 2.5519012610117593, 2.553597609202067, 2.561188538869222, 2.5721640586853027, 2.5823988119761148, 2.582918643951416, 2.572550614674886]","[2.090136210108895e-05, 3.226598103855949e-05, 0.00015942255655954085, 0.0003311634063720703, 0.0004599889119467626, 0.0005084673563637843, 0.0004735787709551076, 0.000381628672281753, 0.0003266334533691406, 0.0002014636993408203, 0.00011197725931788582, 5.515416463230949e-05, 0.0001515547434491893, 0.00016530354817678727, 0.00012477238972952165, 3.4729639689423664e-05, 4.704793294285636e-05, 6.58830006918798e-05, 8.821487426757812e-05, 0.00032464663187692366]","[15.081807476464439, 14.904556788318581, 14.474099598070332, 13.851485150423786, 13.353266448933752, 12.992007913797092, 12.776027283884767, 12.709779669948919, 12.66937104551085, 12.714918998602148, 12.815386809783641, 12.908187564573417, 12.85191955458188, 12.82935567864578, 12.851658084268998, 12.950751394835779, 13.094746334740906, 13.229705197209316, 13.234544636457441, 13.094940942774432]","[15.081492249439583, 14.905037706223903, 14.476407279975541, 13.856073015054022, 13.359410216362651, 12.998615605470274, 12.78207917209334, 12.714631011936076, 12.67350996184493, 12.717480851271917, 12.816821922024168, 12.908899524509057, 12.853867471557104, 12.8314765919527, 12.853261716402585, 12.95120117757578, 13.09413026848588, 13.228833613244253, 13.235712171644762, 13.099192861394316]","[0.0003152270248563127, 0.000480917905321121, 0.002307681905209691, 0.004587864630236638, 0.006143767428898883, 0.006607691673181648, 0.00605188820857272, 0.004851341987157198, 0.004138916334079923, 0.0025618526697694932, 0.0014351122405269479, 0.000711959935639328, 0.0019479169752241177, 0.0021209133069213237, 0.001603632133587496, 0.000449782740000515, 0.0006160662550254159, 0.0008715839650630386, 0.0011675351873208228, 0.004251918619884165]",0.05,0,False,False,0.00032464663187692366,0.0005084673563637843,0.004251918619884165,0.006607691673181648,PASS,13.392078600001696,PASS,0.0,0.0,PASS,0.0,0.0,,benign,PASS,PASS,PASS,PASS,PASS,,benign,PASS,PASS,PASS,PASS,PASS,,benign,PASS,PASS,PASS,PASS,PASS,,benign,PASS,PASS,PASS,PASS,PASS,,benign,PASS,PASS,PASS,PASS,PASS,,benign,PASS,PASS,PASS,PASS,PASS
gpu_seed1103_ckpt300_stale_mv,opt2026_10m_gpu_final,"WikiText-2 cached char-level, first 500000 chars",GPTMini,candidate_B_19p48m,19484864,1103,300,300,20,stale_mv,results\opt2026_10m_gpu_final\gpu_scale\checkpoints\seed_1103\checkpoint_step_300.pt,,True,True,True,True,True,True,170.08689880371094,tau = 0.10 * (||theta_checkpoint||_2 + 1e-12),17.008689880371193,Inherited fixed threshold from final task-validity campaign; not tuned on GPU rows.,benign,,0.24075204133987427,0.24075204133987427,0.0014154649360602026,"[0.0, 0.033379796892404556, 0.06294649094343185, 0.08868981152772903, 0.11091035604476929, 0.1297193467617035, 0.1453968733549118, 0.1586207002401352, 0.16969706118106842, 0.1788589209318161, 0.18709038197994232, 0.19455057382583618, 0.2017063945531845, 0.20848588645458221, 0.2148396074771881, 0.22047008574008942, 0.22544407844543457, 0.22998841106891632, 0.2340286374092102, 0.23762258887290955, 0.24075204133987427]","[2.713489214579264, 2.701666990915934, 2.672360817591349, 2.628392457962036, 2.591761032740275, 2.5643343925476074, 2.547570546468099, 2.5423717498779297, 2.5391873518625894, 2.542776028315226, 2.5506465435028076, 2.557861804962158, 2.5534931818644204, 2.5517359574635825, 2.5534728368123374, 2.5611538092295327, 2.5722111066182456, 2.5824646949768066, 2.5828304290771484, 2.5722259680430093]","[2.7058592637379966, 2.6887125968933105, 2.657780647277832, 2.617867628733317, 2.590299367904663, 2.5746492544809976, 2.5697928269704184, 2.5723395347595215, 2.5722762743631997, 2.57548189163208, 2.5779900550842285, 2.5790680249532065, 2.568882465362549, 2.566493511199951, 2.5691303412119546, 2.579380750656128, 2.590281327565511, 2.5996317863464355, 2.598468462626139, 2.5887252489725747]","[0.007629950841267608, 0.01295439402262355, 0.014580170313517105, 0.010524829228719224, 0.0014616648356118311, 0.010314861933390151, 0.022222280502319336, 0.029967784881591797, 0.03308892250061035, 0.03270586331685399, 0.0273435115814209, 0.021206219991048325, 0.015389283498128403, 0.014757553736368667, 0.015657504399617217, 0.0182269414265952, 0.018070220947265625, 0.017167091369628906, 0.015638033548990737, 0.01649928092956543]","[15.081807476464439, 14.904556788318581, 14.474099598070332, 13.851485150423786, 13.353266448933752, 12.992007913797092, 12.776027283884767, 12.709779669948919, 12.66937104551085, 12.714918998602148, 12.815386809783641, 12.908187564573417, 12.85191955458188, 12.82935567864578, 12.851658084268998, 12.950751394835779, 13.094746334740906, 13.229705197209316, 13.234544636457441, 13.094940942774432]","[14.967171914807818, 14.712722518048205, 14.264595772892838, 13.706465128810263, 13.33376270636455, 13.12671221546685, 13.06311783487872, 13.09642817666876, 13.095599717636503, 13.137646555266068, 13.17063927847839, 13.184844485792942, 13.051231085363906, 13.020089505249903, 13.054466571337832, 13.18896837034141, 13.333522162932905, 13.458781415432691, 13.443133599268402, 13.312790288922704]","[0.11463556165662148, 0.1918342702703768, 0.2095038251774941, 0.14502002161352223, 0.019503742569202842, 0.1347043016697569, 0.28709055099395187, 0.3866485067198404, 0.42622867212565296, 0.42272755666392037, 0.3552524686947489, 0.2766569212195247, 0.19931153078202613, 0.19073382660412364, 0.20280848706883425, 0.23821697550563137, 0.23877582819199894, 0.22907621822337454, 0.2085889628109605, 0.217849346148272]",0.05,0,False,False,0.01649928092956543,0.03308892250061035,0.217849346148272,0.42622867212565296,PASS,6.659055600001011,PASS,0.0,0.0,PASS,0.0,0.0,,benign,PASS,PASS,PASS,PASS,PASS,,benign,PASS,PASS,PASS,PASS,PASS,,benign,PASS,PASS,PASS,PASS,PASS,,benign,PASS,PASS,PASS,PASS,PASS,,benign,PASS,PASS,PASS,PASS,PASS,,benign,PASS,PASS,PASS,PASS,PASS
gpu_seed1103_ckpt300_model_current_optimizer_stale,opt2026_10m_gpu_final,"WikiText-2 cached char-level, first 500000 chars",GPTMini,candidate_B_19p48m,19484864,1103,300,300,20,model_current_optimizer_stale,results\opt2026_10m_gpu_final\gpu_scale\checkpoints\seed_1103\checkpoint_step_300.pt,,True,True,True,True,True,True,170.08689880371094,tau = 0.10 * (||theta_checkpoint||_2 + 1e-12),17.008689880371193,Inherited fixed threshold from final task-validity campaign; not tuned on GPU rows.,benign,,0.46887537837028503,0.46887537837028503,0.002756681329767725,"[0.0, 0.05559246242046356, 0.1045590490102768, 0.1470678299665451, 0.18459661304950714, 0.21731533110141754, 0.24490995705127716, 0.2687693238258362, 0.2888868749141693, 0.30649834871292114, 0.3239895701408386, 0.3407406806945801, 0.35614147782325745, 0.3713485300540924, 0.3871128559112549, 0.4021146595478058, 0.4161333739757538, 0.4298568367958069, 0.4431307315826416, 0.45609819889068604, 0.46887537837028503]","[2.713489214579264, 2.701666990915934, 2.672360817591349, 2.628392457962036, 2.591761032740275, 2.5643343925476074, 2.547570546468099, 2.5423717498779297, 2.5391873518625894, 2.542776028315226, 2.5506465435028076, 2.557861804962158, 2.5534931818644204, 2.5517359574635825, 2.5534728368123374, 2.5611538092295327, 2.5722111066182456, 2.5824646949768066, 2.5828304290771484, 2.5722259680430093]","[2.7061822414398193, 2.6818274656931558, 2.638015111287435, 2.588353713353475, 2.5653494199117026, 2.562682628631592, 2.5749078591664634, 2.580775499343872, 2.570237636566162, 2.576585133870443, 2.5830372969309487, 2.5674432118733725, 2.5428160031636557, 2.5605180263519287, 2.5789592266082764, 2.585828940073649, 2.5959555308024087, 2.6002910137176514, 2.5904672145843506, 2.5909814834594727]","[0.007306973139444839, 0.01983952522277832, 0.03434570630391409, 0.04003874460856105, 0.026411612828572295, 0.001651763916015625, 0.027337312698364258, 0.03840374946594238, 0.03105028470357274, 0.03380910555521677, 0.03239075342814113, 0.00958140691121434, 0.010677178700764678, 0.008782068888346206, 0.02548638979593898, 0.02467513084411621, 0.023744424184163115, 0.017826318740844727, 0.0076367855072021484, 0.018755515416463364]","[15.081807476464439, 14.904556788318581, 14.474099598070332, 13.851485150423786, 13.353266448933752, 12.992007913797092, 12.776027283884767, 12.709779669948919, 12.66937104551085, 12.714918998602148, 12.815386809783641, 12.908187564573417, 12.85191955458188, 12.82935567864578, 12.851658084268998, 12.950751394835779, 13.094746334740906, 13.229705197209316, 13.234544636457441, 13.094940942774432]","[14.972006758326943, 14.611771422766719, 13.985416544302945, 13.307845031867222, 13.005201852315668, 12.97056589737806, 13.13010728372189, 13.207376501042564, 13.068929727538988, 13.152148559999683, 13.237282721503533, 13.032460566493821, 12.715427285721194, 12.942520145767714, 13.183410074566925, 13.274288119941643, 13.409394331031372, 13.467656737631195, 13.336000921995831, 13.342860975993547]","[0.10980071813749603, 0.29278536555186285, 0.48868305376738697, 0.5436401185565636, 0.34806459661808375, 0.021442016419031873, 0.354079999837122, 0.49759683109364516, 0.3995586820281378, 0.437229561397535, 0.4218959117198917, 0.12427300192040391, 0.13649226886068533, 0.11316446712193517, 0.3317519902979278, 0.32353672510586406, 0.314647996290466, 0.2379515404218786, 0.10145628553839003, 0.24792003321911515]",0.05,0,False,False,0.018755515416463364,0.04003874460856105,0.24792003321911515,0.5436401185565636,PASS,21.3664226999972,PASS,0.0,0.0,PASS,0.0,0.0,,benign,PASS,PASS,PASS,PASS,PASS,,benign,PASS,PASS,PASS,PASS,PASS,,benign,PASS,PASS,PASS,PASS,PASS,,benign,PASS,PASS,PASS,PASS,PASS,,benign,PASS,PASS,PASS,PASS,PASS,,benign,PASS,PASS,PASS,PASS,PASS
gpu_seed1103_ckpt300_step_counter_mismatch,opt2026_10m_gpu_final,"WikiText-2 cached char-level, first 500000 chars",GPTMini,candidate_B_19p48m,19484864,1103,300,300,20,step_counter_mismatch,results\opt2026_10m_gpu_final\gpu_scale\checkpoints\seed_1103\checkpoint_step_300.pt,,True,True,True,True,True,True,170.08689880371094,tau = 0.10 * (||theta_checkpoint||_2 + 1e-12),17.008689880371193,Inherited fixed threshold from final task-validity campaign; not tuned on GPU rows.,benign,,0.013566483743488789,0.013566483743488789,7.976207361594106e-05,"[0.0, 0.0008905160357244313, 0.001696126302704215, 0.002460973337292671, 0.003226962871849537, 0.0039672162383794785, 0.004710080102086067, 0.005462109576910734, 0.006180181633681059, 0.0068144104443490505, 0.007472378201782703, 0.008088413625955582, 0.008683609776198864, 0.009229143150150776, 0.009821528568863869, 0.010427586734294891, 0.011066381819546223, 0.011759074404835701, 0.012411410920321941, 0.013010703027248383, 0.013566483743488789]","[2.713489214579264, 2.701666990915934, 2.672360817591349, 2.628392457962036, 2.591761032740275, 2.5643343925476074, 2.547570546468099, 2.5423717498779297, 2.5391873518625894, 2.542776028315226, 2.5506465435028076, 2.557861804962158, 2.5534931818644204, 2.5517359574635825, 2.5534728368123374, 2.5611538092295327, 2.5722111066182456, 2.5824646949768066, 2.5828304290771484, 2.5722259680430093]","[2.7132315635681152, 2.7017027537027993, 2.673243602116903, 2.6303725242614746, 2.5945181846618652, 2.5673033396402993, 2.550158739089966, 2.5441531340281167, 2.540447235107422, 2.5432515144348145, 2.550656318664551, 2.5576372146606445, 2.5539065996805825, 2.5524073441823325, 2.5543272495269775, 2.561842362085978, 2.572571039199829, 2.582863966623942, 2.584294080734253, 2.574995279312134]","[0.0002576510111489405, 3.5762786865234375e-05, 0.0008827845255536815, 0.0019800662994384766, 0.0027571519215903173, 0.0029689470926919093, 0.002588192621866714, 0.0017813841501870264, 0.0012598832448325048, 0.0004754861195883642, 9.775161743164062e-06, 0.00022459030151367188, 0.0004134178161621094, 0.00067138671875, 0.0008544127146401514, 0.0006885528564453125, 0.0003599325815835108, 0.00039927164713526864, 0.0014636516571044922, 0.002769311269124497]","[15.081807476464439, 14.904556788318581, 14.474099598070332, 13.851485150423786, 13.353266448933752, 12.992007913797092, 12.776027283884767, 12.709779669948919, 12.66937104551085, 12.714918998602148, 12.815386809783641, 12.908187564573417, 12.85191955458188, 12.82935567864578, 12.851658084268998, 12.950751394835779, 13.094746334740906, 13.229705197209316, 13.234544636457441, 13.094940942774432]","[15.077922134070866, 14.905089826337727, 14.48688275077136, 13.878939180797644, 13.390134234870967, 13.030637814611106, 12.80913693202846, 12.73244084814455, 12.685343033120741, 12.720966203664775, 12.81551208287479, 12.905288836361601, 12.85723386553735, 12.837972029786744, 12.862643396667405, 12.959671742414777, 13.099460408917901, 13.23498849806045, 13.25392958258922, 13.131255169786753]","[0.00388534239357341, 0.0005330380191459483, 0.01278315270102759, 0.02745403037385863, 0.03686778593721485, 0.03862990081401385, 0.033109648143692993, 0.022661178195631848, 0.01597198760989116, 0.006047205062627015, 0.00012527309114851448, 0.0028987282118162483, 0.005314310955469637, 0.00861635114096515, 0.010985312398407387, 0.008920347578998289, 0.004714074176995098, 0.005283300851132822, 0.019384946131779657, 0.0363142270123209]",0.05,0,False,False,0.002769311269124497,0.0029689470926919093,0.0363142270123209,0.03862990081401385,PASS,59.460682500000985,PASS,0.0,0.0,PASS,0.0,0.0,,benign,PASS,PASS,PASS,PASS,PASS,,benign,PASS,PASS,PASS,PASS,PASS,,benign,PASS,PASS,PASS,PASS,PASS,,benign,PASS,PASS,PASS,PASS,PASS,,benign,PASS,PASS,PASS,PASS,PASS,,benign,PASS,PASS,PASS,PASS,PASS
gpu_seed1103_ckpt300_scheduler_mismatch,opt2026_10m_gpu_final,"WikiText-2 cached char-level, first 500000 chars",GPTMini,candidate_B_19p48m,19484864,1103,300,300,20,scheduler_mismatch,results\opt2026_10m_gpu_final\gpu_scale\checkpoints\seed_1103\checkpoint_step_300.pt,,True,True,True,True,True,True,170.08689880371094,tau = 0.10 * (||theta_checkpoint||_2 + 1e-12),17.008689880371193,Inherited fixed threshold from final task-validity campaign; not tuned on GPU rows.,benign,,0.0,0.0,0.0,"[0.0, 0.0, 0.0, 0.0, 0.0, 0.0, 0.0, 0.0, 0.0, 0.0, 0.0, 0.0, 0.0, 0.0, 0.0, 0.0, 0.0, 0.0, 0.0, 0.0, 0.0]","[2.713489214579264, 2.701666990915934, 2.672360817591349, 2.628392457962036, 2.591761032740275, 2.5643343925476074, 2.547570546468099, 2.5423717498779297, 2.5391873518625894, 2.542776028315226, 2.5506465435028076, 2.557861804962158, 2.5534931818644204, 2.5517359574635825, 2.5534728368123374, 2.5611538092295327, 2.5722111066182456, 2.5824646949768066, 2.5828304290771484, 2.5722259680430093]","[2.713489214579264, 2.701666990915934, 2.672360817591349, 2.628392457962036, 2.591761032740275, 2.5643343925476074, 2.547570546468099, 2.5423717498779297, 2.5391873518625894, 2.542776028315226, 2.5506465435028076, 2.557861804962158, 2.5534931818644204, 2.5517359574635825, 2.5534728368123374, 2.5611538092295327, 2.5722111066182456, 2.5824646949768066, 2.5828304290771484, 2.5722259680430093]","[0.0, 0.0, 0.0, 0.0, 0.0, 0.0, 0.0, 0.0, 0.0, 0.0, 0.0, 0.0, 0.0, 0.0, 0.0, 0.0, 0.0, 0.0, 0.0, 0.0]","[15.081807476464439, 14.904556788318581, 14.474099598070332, 13.851485150423786, 13.353266448933752, 12.992007913797092, 12.776027283884767, 12.709779669948919, 12.66937104551085, 12.714918998602148, 12.815386809783641, 12.908187564573417, 12.85191955458188, 12.82935567864578, 12.851658084268998, 12.950751394835779, 13.094746334740906, 13.229705197209316, 13.234544636457441, 13.094940942774432]","[15.081807476464439, 14.904556788318581, 14.474099598070332, 13.851485150423786, 13.353266448933752, 12.992007913797092, 12.776027283884767, 12.709779669948919, 12.66937104551085, 12.714918998602148, 12.815386809783641, 12.908187564573417, 12.85191955458188, 12.82935567864578, 12.851658084268998, 12.950751394835779, 13.094746334740906, 13.229705197209316, 13.234544636457441, 13.094940942774432]","[0.0, 0.0, 0.0, 0.0, 0.0, 0.0, 0.0, 0.0, 0.0, 0.0, 0.0, 0.0, 0.0, 0.0, 0.0, 0.0, 0.0, 0.0, 0.0, 0.0]",0.05,0,False,False,0.0,0.0,0.0,0.0,PASS,16.466349599999376,PASS,0.0,0.0,PASS,0.0,0.0,,benign,PASS,PASS,PASS,PASS,PASS,,benign,PASS,PASS,PASS,PASS,PASS,,benign,PASS,PASS,PASS,PASS,PASS,,benign,PASS,PASS,PASS,PASS,PASS,,benign,PASS,PASS,PASS,PASS,PASS,,benign,PASS,PASS,PASS,PASS,PASS
gpu_seed1103_ckpt300_optimizer_reset,opt2026_10m_gpu_final,"WikiText-2 cached char-level, first 500000 chars",GPTMini,candidate_B_19p48m,19484864,1103,300,300,20,optimizer_reset,results\opt2026_10m_gpu_final\gpu_scale\checkpoints\seed_1103\checkpoint_step_300.pt,,True,True,True,True,True,True,170.08689880371094,tau = 0.10 * (||theta_checkpoint||_2 + 1e-12),17.008689880371193,Inherited fixed threshold from final task-validity campaign; not tuned on GPU rows.,dangerous,16,19.32038688659668,19.32038688659668,0.11359127024176795,"[0.0, 3.6256000995635986, 5.21457052230835, 6.544666767120361, 7.874499320983887, 9.07303237915039, 10.188812255859375, 11.160048484802246, 12.083276748657227, 12.944426536560059, 13.746524810791016, 14.502523422241211, 15.165663719177246, 15.79509162902832, 16.39532470703125, 16.956680297851562, 17.49689292907715, 17.993696212768555, 18.461942672729492, 18.90130043029785, 19.32038688659668]","[2.713489214579264, 2.701666990915934, 2.672360817591349, 2.628392457962036, 2.591761032740275, 2.5643343925476074, 2.547570546468099, 2.5423717498779297, 2.5391873518625894, 2.542776028315226, 2.5506465435028076, 2.557861804962158, 2.5534931818644204, 2.5517359574635825, 2.5534728368123374, 2.5611538092295327, 2.5722111066182456, 2.5824646949768066, 2.5828304290771484, 2.5722259680430093]","[22.495676676432293, 21.795151392618816, 12.655558268229166, 11.642240524291992, 9.874905268351236, 15.43112309773763, 15.368929545084635, 13.598834991455078, 11.629892349243164, 9.7890256245931, 8.884661038716635, 8.881873766581217, 8.50254758199056, 8.253304481506348, 7.317773977915446, 8.08193270365397, 8.258843580881754, 7.690861225128174, 7.348742643992106, 6.846944173177083]","[19.782187461853027, 19.09348440170288, 9.983197450637817, 9.013848066329956, 7.283144235610962, 12.866788705190023, 12.821358998616535, 11.056463241577148, 9.090704997380575, 7.246249596277874, 6.334014495213827, 6.324011961619059, 5.9490544001261405, 5.701568524042765, 4.764301141103109, 5.5207788944244385, 5.686632474263508, 5.108396530151367, 4.765912214914958, 4.274718205134073]","[15.081807476464439, 14.904556788318581, 14.474099598070332, 13.851485150423786, 13.353266448933752, 12.992007913797092, 12.776027283884767, 12.709779669948919, 12.66937104551085, 12.714918998602148, 12.815386809783641, 12.908187564573417, 12.85191955458188, 12.82935567864578, 12.851658084268998, 12.950751394835779, 13.094746334740906, 13.229705197209316, 13.234544636457441, 13.094940942774432]","[5885024121.332315, 2920881796.1430635, 313501.13774813036, 113804.86205154716, 19436.446504964028, 5030968.648234754, 4727606.20717463, 805191.1579116706, 112408.22042746922, 17836.917843587864, 7220.366834629661, 7200.269728407099, 4927.305579289216, 3840.2950612858767, 1506.8459612615577, 3235.4804225555713, 3861.6258594279584, 2188.2583340001897, 1554.2410643978897, 941.0009726102955]","[5885024106.250508, 2920881781.238507, 313486.6636485323, 113791.01056639673, 19423.093238515095, 5030955.65622684, 4727593.431147346, 805178.4481320006, 112395.5510564237, 17824.202924589263, 7207.5514478198775, 7187.361540842526, 4914.453659734634, 3827.465705607231, 1493.9943031772887, 3222.5296711607357, 3848.5311130932173, 2175.0286288029806, 1541.0065197614322, 927.9060316675211]",0.05,,True,True,4.274718205134073,19.782187461853027,927.9060316675211,5885024106.250508,FLAG,10.778369999999995,PASS,0.0,0.0,PASS,0.0,0.0,2,dangerous,PASS,FLAG,FLAG,FLAG,FLAG,5,dangerous,PASS,PASS,FLAG,FLAG,FLAG,9,dangerous,PASS,PASS,PASS,FLAG,FLAG,16,dangerous,PASS,PASS,PASS,PASS,FLAG,,benign,PASS,PASS,PASS,PASS,PASS,,benign,PASS,PASS,PASS,PASS,PASS
