row_id,post_resume_index,parameter_divergence,validation_loss_gap,perplexity_gap
gpu_seed1101_ckpt75_exact_restore,0,0.0,0.0,0.0
gpu_seed1101_ckpt75_exact_restore,1,0.0,0.0,0.0
gpu_seed1101_ckpt75_exact_restore,2,0.0,0.0,0.0
gpu_seed1101_ckpt75_exact_restore,3,0.0,0.0,0.0
gpu_seed1101_ckpt75_exact_restore,4,0.0,0.0,0.0
gpu_seed1101_ckpt75_exact_restore,5,0.0,0.0,0.0
gpu_seed1101_ckpt75_exact_restore,6,0.0,0.0,0.0
gpu_seed1101_ckpt75_exact_restore,7,0.0,0.0,0.0
gpu_seed1101_ckpt75_exact_restore,8,0.0,0.0,0.0
gpu_seed1101_ckpt75_exact_restore,9,0.0,0.0,0.0
gpu_seed1101_ckpt75_exact_restore,10,0.0,0.0,0.0
gpu_seed1101_ckpt75_exact_restore,11,0.0,0.0,0.0
gpu_seed1101_ckpt75_exact_restore,12,0.0,0.0,0.0
gpu_seed1101_ckpt75_exact_restore,13,0.0,0.0,0.0
gpu_seed1101_ckpt75_exact_restore,14,0.0,0.0,0.0
gpu_seed1101_ckpt75_exact_restore,15,0.0,0.0,0.0
gpu_seed1101_ckpt75_exact_restore,16,0.0,0.0,0.0
gpu_seed1101_ckpt75_exact_restore,17,0.0,0.0,0.0
gpu_seed1101_ckpt75_exact_restore,18,0.0,0.0,0.0
gpu_seed1101_ckpt75_exact_restore,19,0.0,0.0,0.0
gpu_seed1101_ckpt75_exact_restore,20,0.0,0.0,0.0
gpu_seed1101_ckpt75_benign_nonzero,0,7.450580596923828e-09,0.0,0.0
gpu_seed1101_ckpt75_benign_nonzero,1,0.00046601673238910735,0.0,0.0
gpu_seed1101_ckpt75_benign_nonzero,2,0.001259002136066556,1.5894571880892272e-07,0.0003587147316466144
gpu_seed1101_ckpt75_benign_nonzero,3,0.0021135988645255566,3.1789143761784544e-07,0.0017603222340767388
gpu_seed1101_ckpt75_benign_nonzero,4,0.0030712473671883345,6.357828770120477e-07,0.004169946864749363
gpu_seed1101_ckpt75_benign_nonzero,5,0.004067704081535339,6.357828770120477e-07,0.0052477705849014455
gpu_seed1101_ckpt75_benign_nonzero,6,0.005012971349060535,6.357828770120477e-07,0.0036592650085367495
gpu_seed1101_ckpt75_benign_nonzero,7,0.005969008430838585,0.0,0.0
gpu_seed1101_ckpt75_benign_nonzero,8,0.006847601383924484,7.947285975973273e-07,0.004193567495349271
gpu_seed1101_ckpt75_benign_nonzero,9,0.007758766412734985,1.1126200352151727e-06,0.0017413865696198627
gpu_seed1101_ckpt75_benign_nonzero,10,0.008614880032837391,7.947285967091489e-07,0.0010538956339587457
gpu_seed1101_ckpt75_benign_nonzero,11,0.009488310664892197,7.947285967091489e-07,0.0006684510406103072
gpu_seed1101_ckpt75_benign_nonzero,12,0.010328488424420357,7.947285975973273e-07,0.0007371243314082676
gpu_seed1101_ckpt75_benign_nonzero,13,0.011194205842912197,1.1126200361033511e-06,0.0006091378793371405
gpu_seed1101_ckpt75_benign_nonzero,14,0.011935686692595482,1.5894571969710114e-07,5.6823673276085174e-05
gpu_seed1101_ckpt75_benign_nonzero,15,0.012632827274501324,1.2715657558004523e-06,0.00037191125284152804
gpu_seed1101_ckpt75_benign_nonzero,16,0.01339694857597351,1.5894571880892272e-07,4.938917459185177e-05
gpu_seed1101_ckpt75_benign_nonzero,17,0.014235785230994225,3.178914393942023e-07,0.00013015891954637482
gpu_seed1101_ckpt75_benign_nonzero,18,0.01502093393355608,9.5367431640625e-07,0.0005363723849995949
gpu_seed1101_ckpt75_benign_nonzero,19,0.015701884403824806,1.9391377767519202e-05,0.00736190657107727
gpu_seed1101_ckpt75_benign_nonzero,20,0.016340618953108788,1.5576680501006024e-05,0.004448681413862232
gpu_seed1101_ckpt75_reset_m,0,0.0,0.0,0.0
gpu_seed1101_ckpt75_reset_m,1,0.42717233300209045,0.9370091756184893,1174.6933942291707
gpu_seed1101_ckpt75_reset_m,2,0.8072988986968994,1.2279481887817383,1595.8262216476999
gpu_seed1101_ckpt75_reset_m,3,1.1795835494995117,2.0893497467041007,4852.1333268373755
gpu_seed1101_ckpt75_reset_m,4,1.528049349784851,1.7607460021972656,5431.2016611206345
gpu_seed1101_ckpt75_reset_m,5,1.8419808149337769,1.925738811492919,7050.85813574866
gpu_seed1101_ckpt75_reset_m,6,2.174673557281494,2.4006034533182783,5233.7132958312895
gpu_seed1101_ckpt75_reset_m,7,2.519925117492676,2.866672197977702,5036.557198521629
gpu_seed1101_ckpt75_reset_m,8,2.8751230239868164,2.8423536618550616,4969.159407922182
gpu_seed1101_ckpt75_reset_m,9,3.193916082382202,1.9668529828389483,1346.1681503623518
gpu_seed1101_ckpt75_reset_m,10,3.5162196159362793,1.3197714487711583,971.7768602203512
gpu_seed1101_ckpt75_reset_m,11,3.832169771194458,0.8020586967468262,463.94981197024083
gpu_seed1101_ckpt75_reset_m,12,4.1586689949035645,0.49616193771362305,362.78635135455386
gpu_seed1101_ckpt75_reset_m,13,4.4595489501953125,0.7297933896382647,283.5900997486709
gpu_seed1101_ckpt75_reset_m,14,4.755804061889648,0.14749828974405954,49.026653748064746
gpu_seed1101_ckpt75_reset_m,15,5.0467448234558105,0.3513164520263672,86.6447862554092
gpu_seed1101_ckpt75_reset_m,16,5.333995819091797,0.15001535415649414,43.28629523049341
gpu_seed1101_ckpt75_reset_m,17,5.621667861938477,0.6159424781799316,188.29058622018243
gpu_seed1101_ckpt75_reset_m,18,5.898896217346191,0.698699315388998,282.77047966137906
gpu_seed1101_ckpt75_reset_m,19,6.159221649169922,0.7063439687093105,192.31470424836095
gpu_seed1101_ckpt75_reset_m,20,6.408416748046875,0.27295796076456735,68.22300873695076
gpu_seed1101_ckpt75_reset_v,0,0.0,0.0,0.0
gpu_seed1101_ckpt75_reset_v,1,93483.515625,753890776397.7673,5.184705528587072e+21
gpu_seed1101_ckpt75_reset_v,2,167142.5,905650110456.2783,5.184705528587072e+21
gpu_seed1101_ckpt75_reset_v,3,218753.859375,892323168247.3807,5.184705528587072e+21
gpu_seed1101_ckpt75_reset_v,4,266649.40625,873406682444.5448,5.184705528587072e+21
gpu_seed1101_ckpt75_reset_v,5,311004.84375,851932916385.6482,5.184705528587072e+21
gpu_seed1101_ckpt75_reset_v,6,351556.59375,828101558263.342,5.184705528587072e+21
gpu_seed1101_ckpt75_reset_v,7,388088.5625,804022801740.7504,5.184705528587072e+21
gpu_seed1101_ckpt75_reset_v,8,421186.78125,781139662156.7623,5.184705528587072e+21
gpu_seed1101_ckpt75_reset_v,9,450885.125,762547404792.6443,5.184705528587072e+21
gpu_seed1101_ckpt75_reset_v,10,477719.96875,792301884750.1433,5.184705528587072e+21
gpu_seed1101_ckpt75_reset_v,11,501918.0,896894085795.9319,5.184705528587072e+21
gpu_seed1101_ckpt75_reset_v,12,523502.84375,816065456803.8341,5.184705528587072e+21
gpu_seed1101_ckpt75_reset_v,13,542810.4375,736867975161.6947,5.184705528587072e+21
gpu_seed1101_ckpt75_reset_v,14,560219.125,714374905850.1208,5.184705528587072e+21
gpu_seed1101_ckpt75_reset_v,15,575907.9375,709890954575.655,5.184705528587072e+21
gpu_seed1101_ckpt75_reset_v,16,589416.0,707607680335.5945,5.184705528587072e+21
gpu_seed1101_ckpt75_reset_v,17,601589.625,706352818852.6519,5.184705528587072e+21
gpu_seed1101_ckpt75_reset_v,18,612565.1875,705080961700.3344,5.184705528587072e+21
gpu_seed1101_ckpt75_reset_v,19,622457.5625,703799164922.0608,5.184705528587072e+21
gpu_seed1101_ckpt75_reset_v,20,631372.0625,702180906319.6788,5.184705528587072e+21
gpu_seed1101_ckpt75_stale_m,0,0.0,0.0,0.0
gpu_seed1101_ckpt75_stale_m,1,0.715097963809967,0.5407557487487793,806.7384362344199
gpu_seed1101_ckpt75_stale_m,2,1.3566977977752686,1.1465078989664708,1539.7403920910601
gpu_seed1101_ckpt75_stale_m,3,1.9584593772888184,2.1843539873758946,4914.2483633544625
gpu_seed1101_ckpt75_stale_m,4,2.514712333679199,1.7820946375528974,5455.0183908542585
gpu_seed1101_ckpt75_stale_m,5,3.0168235301971436,2.213941574096679,7352.121355831889
gpu_seed1101_ckpt75_stale_m,6,3.504257917404175,2.335111618041992,5198.394776743119
gpu_seed1101_ckpt75_stale_m,7,3.975895643234253,2.1711627642313642,4731.318244395834
gpu_seed1101_ckpt75_stale_m,8,4.434691429138184,2.2475067774454756,4719.179425575851
gpu_seed1101_ckpt75_stale_m,9,4.844845771789551,1.0444812774658203,1014.396637223375
gpu_seed1101_ckpt75_stale_m,10,5.2286882400512695,0.7311461766560869,687.7767599800211
gpu_seed1101_ckpt75_stale_m,11,5.598433017730713,0.12731250127156546,114.1985164751278
gpu_seed1101_ckpt75_stale_m,12,5.956679344177246,0.7839721043904628,504.02337098558326
gpu_seed1101_ckpt75_stale_m,13,6.299729347229004,0.2086170514424639,103.08724406749855
gpu_seed1101_ckpt75_stale_m,14,6.61862325668335,1.9083452224731445,2052.7585982208166
gpu_seed1101_ckpt75_stale_m,15,6.913992881774902,0.36870972315470407,130.408640763295
gpu_seed1101_ckpt75_stale_m,16,7.212521076202393,0.6513525644938154,285.2914717806156
gpu_seed1101_ckpt75_stale_m,17,7.503457069396973,0.13439607620239258,58.89686232096909
gpu_seed1101_ckpt75_stale_m,18,7.7880730628967285,0.17731618881225586,91.38598112470089
gpu_seed1101_ckpt75_stale_m,19,8.058917999267578,0.3586411476135254,163.7754970740899
gpu_seed1101_ckpt75_stale_m,20,8.316341400146484,0.5796295801798506,224.30447471492397
gpu_seed1101_ckpt75_stale_v,0,0.0,0.0,0.0
gpu_seed1101_ckpt75_stale_v,1,277.9488525390625,0.1418609619140625,294.38001338167896
gpu_seed1101_ckpt75_stale_v,2,528.091796875,0.4496307373046884,1281.2818788262898
gpu_seed1101_ckpt75_stale_v,3,753.211181640625,0.8037296930948905,6832.478071240996
gpu_seed1101_ckpt75_stale_v,4,955.8106689453125,0.8146969477335606,8254.143026765145
gpu_seed1101_ckpt75_stale_v,5,1138.14306640625,0.8440237045288086,10942.420898579256
gpu_seed1101_ckpt75_stale_v,6,1302.2362060546875,1.0059003829956055,9982.20446916638
gpu_seed1101_ckpt75_stale_v,7,1449.9144287109375,0.27829329172770123,1713.5799517119412
gpu_seed1101_ckpt75_stale_v,8,1582.81982421875,0.2226378122965489,1315.8478243383097
gpu_seed1101_ckpt75_stale_v,9,1617.5841064453125,0.007831414540609316,12.305250216778859
gpu_seed1101_ckpt75_stale_v,10,1650.3402099609375,0.3062235514322911,349.79812685490754
gpu_seed1101_ckpt75_stale_v,11,1680.901123046875,0.4893069267272949,325.46490567236333
gpu_seed1101_ckpt75_stale_v,12,1709.2640380859375,0.5048100153605146,367.6491323889601
gpu_seed1101_ckpt75_stale_v,13,1735.4515380859375,0.9758133888244629,341.14281201505537
gpu_seed1101_ckpt75_stale_v,14,1759.530517578125,0.3329167366027832,101.23435751443088
gpu_seed1101_ckpt75_stale_v,15,1781.5982666015625,0.7241497039794922,150.7056536958779
gpu_seed1101_ckpt75_stale_v,16,1801.764404296875,0.28359460830688477,76.72793884845035
gpu_seed1101_ckpt75_stale_v,17,1820.1539306640625,0.9256974856058751,247.200089126921
gpu_seed1101_ckpt75_stale_v,18,1836.893798828125,1.1022974650065107,375.64090392762216
gpu_seed1101_ckpt75_stale_v,19,1852.1082763671875,0.6976752281188965,190.6836653546871
gpu_seed1101_ckpt75_stale_v,20,1865.91845703125,0.38428703943888376,91.12502449497899
gpu_seed1101_ckpt75_stale_mv,0,0.0,0.0,0.0
gpu_seed1101_ckpt75_stale_mv,1,0.8026968240737915,0.5773681004842119,847.1709713778689
gpu_seed1101_ckpt75_stale_mv,2,1.5273514986038208,1.1092615127563477,1512.5274464241293
gpu_seed1101_ckpt75_stale_mv,3,2.2064926624298096,2.0648627281188956,4835.143678211544
gpu_seed1101_ckpt75_stale_mv,4,2.824936866760254,1.6852723757425947,5342.8068566769625
gpu_seed1101_ckpt75_stale_mv,5,3.381901979446411,2.149539152781168,7292.124899666591
gpu_seed1101_ckpt75_stale_mv,6,3.931488513946533,2.2233242988586426,5132.499840991434
gpu_seed1101_ckpt75_stale_mv,7,4.464219570159912,2.034991582234701,4642.472557789988
gpu_seed1101_ckpt75_stale_mv,8,4.9846038818359375,1.8385879198710127,4437.510094543419
gpu_seed1101_ckpt75_stale_mv,9,5.442526817321777,0.684189160664876,775.5199532119786
gpu_seed1101_ckpt75_stale_mv,10,5.8742852210998535,0.043799241383871035,59.37329124235475
gpu_seed1101_ckpt75_stale_mv,11,6.290717124938965,0.11931419372558594,106.58817482559914
gpu_seed1101_ckpt75_stale_mv,12,6.69632625579834,0.31562026341756244,251.04524929561808
gpu_seed1101_ckpt75_stale_mv,13,7.08253812789917,2.160862445831299,4203.892708310145
gpu_seed1101_ckpt75_stale_mv,14,7.440526485443115,4.260000864664713,24957.347037573727
gpu_seed1101_ckpt75_stale_mv,15,7.773414611816406,1.849592685699463,1566.8971095752875
gpu_seed1101_ckpt75_stale_mv,16,8.119637489318848,2.1678536732991542,2404.895514994842
gpu_seed1101_ckpt75_stale_mv,17,8.464580535888672,2.9549585978190107,7452.269612568107
gpu_seed1101_ckpt75_stale_mv,18,8.794593811035156,0.9980406761169434,963.4154438278081
gpu_seed1101_ckpt75_stale_mv,19,9.115321159362793,1.5266593297322588,1367.8011247884144
gpu_seed1101_ckpt75_stale_mv,20,9.426410675048828,1.6708792050679522,1232.8940647362383
gpu_seed1101_ckpt75_model_current_optimizer_stale,0,0.0,0.0,0.0
gpu_seed1101_ckpt75_model_current_optimizer_stale,1,0.7009298801422119,0.5626301765441895,831.0730663756633
gpu_seed1101_ckpt75_model_current_optimizer_stale,2,1.3326488733291626,1.1749340693155919,1559.8377362917363
gpu_seed1101_ckpt75_model_current_optimizer_stale,3,1.9291325807571411,2.2297773361206046,4941.925009373202
gpu_seed1101_ckpt75_model_current_optimizer_stale,4,2.478925943374634,1.9333367347717285,5609.940247963122
gpu_seed1101_ckpt75_model_current_optimizer_stale,5,2.9677512645721436,2.3732798894246416,7484.9657445903285
gpu_seed1101_ckpt75_model_current_optimizer_stale,6,3.441236734390259,2.533347447713216,5298.580479928779
gpu_seed1101_ckpt75_model_current_optimizer_stale,7,3.901373863220215,2.479980309804281,4893.131435536782
gpu_seed1101_ckpt75_model_current_optimizer_stale,8,4.353870391845703,2.5359261830647783,4858.875573586845
gpu_seed1101_ckpt75_model_current_optimizer_stale,9,4.760690689086914,1.3883878389994297,1174.6607540744421
gpu_seed1101_ckpt75_model_current_optimizer_stale,10,5.141780376434326,1.1249014536539708,895.5414245217596
gpu_seed1101_ckpt75_model_current_optimizer_stale,11,5.510121822357178,0.4385693868001299,298.6274835186192
gpu_seed1101_ckpt75_model_current_optimizer_stale,12,5.872687816619873,0.8022410074869795,511.68990009963534
gpu_seed1101_ckpt75_model_current_optimizer_stale,13,6.2204484939575195,0.9100281397501631,327.11241252343484
gpu_seed1101_ckpt75_model_current_optimizer_stale,14,6.548388957977295,0.7414054870605469,392.85484473651655
gpu_seed1101_ckpt75_model_current_optimizer_stale,15,6.856720447540283,0.35914007822672467,88.24890215687671
gpu_seed1101_ckpt75_model_current_optimizer_stale,16,7.163020133972168,0.0035769144694004495,1.1094686567985832
gpu_seed1101_ckpt75_model_current_optimizer_stale,17,7.4546122550964355,0.5213077863057451,166.33946563438568
gpu_seed1101_ckpt75_model_current_optimizer_stale,18,7.735769271850586,0.9639534950256348,347.9273684588577
gpu_seed1101_ckpt75_model_current_optimizer_stale,19,8.006053924560547,0.2600719134012861,86.94180457047639
gpu_seed1101_ckpt75_model_current_optimizer_stale,20,8.26423454284668,0.729945182800293,307.01164723129483
gpu_seed1101_ckpt75_step_counter_mismatch,0,0.0,0.0,0.0
gpu_seed1101_ckpt75_step_counter_mismatch,1,0.07658275961875916,0.055511156717936494,104.29381210252359
gpu_seed1101_ckpt75_step_counter_mismatch,2,0.15525653958320618,0.4217395782470703,776.5671057170255
gpu_seed1101_ckpt75_step_counter_mismatch,3,0.23807398974895477,0.9083595275878897,3304.8600498862593
gpu_seed1101_ckpt75_step_counter_mismatch,4,0.3256925046443939,0.986653645833333,4113.509536690238
gpu_seed1101_ckpt75_step_counter_mismatch,5,0.4170491397380829,1.1190050443013506,5558.227304163622
gpu_seed1101_ckpt75_step_counter_mismatch,6,0.5095884203910828,1.1333069801330566,3902.439341698782
gpu_seed1101_ckpt75_step_counter_mismatch,7,0.603150486946106,1.3076995213826503,3896.1044787945266
gpu_seed1101_ckpt75_step_counter_mismatch,8,0.712102472782135,1.3425413767496748,3898.5489021042513
gpu_seed1101_ckpt75_step_counter_mismatch,9,0.8359691500663757,0.7657143274943028,837.3383835315132
gpu_seed1101_ckpt75_step_counter_mismatch,10,0.9665138125419617,1.1811245282491045,919.0812668069029
gpu_seed1101_ckpt75_step_counter_mismatch,11,1.1138032674789429,0.8169546127319336,469.5262585568624
gpu_seed1101_ckpt75_step_counter_mismatch,12,1.2910078763961792,1.4692797660827637,714.1038805572176
gpu_seed1101_ckpt75_step_counter_mismatch,13,1.469665288925171,0.6241623560587568,254.18963780567753
gpu_seed1101_ckpt75_step_counter_mismatch,14,1.6632698774337769,0.621823787689209,165.53698431359572
gpu_seed1101_ckpt75_step_counter_mismatch,15,1.871126413345337,0.6302404403686523,136.74627324265327
gpu_seed1101_ckpt75_step_counter_mismatch,16,2.0771055221557617,0.4252885182698565,107.64266365171406
gpu_seed1101_ckpt75_step_counter_mismatch,17,2.2755067348480225,0.7667393684387207,219.24718805474686
gpu_seed1101_ckpt75_step_counter_mismatch,18,2.4733572006225586,0.007439931233723662,4.200022336419124
gpu_seed1101_ckpt75_step_counter_mismatch,19,2.6716816425323486,0.20451132456461618,70.2183661207664
gpu_seed1101_ckpt75_step_counter_mismatch,20,2.869584798812866,0.13348627090454102,35.68885307232617
gpu_seed1101_ckpt75_scheduler_mismatch,0,0.0,0.0,0.0
gpu_seed1101_ckpt75_scheduler_mismatch,1,0.0,0.0,0.0
gpu_seed1101_ckpt75_scheduler_mismatch,2,0.0,0.0,0.0
gpu_seed1101_ckpt75_scheduler_mismatch,3,0.0,0.0,0.0
gpu_seed1101_ckpt75_scheduler_mismatch,4,0.0,0.0,0.0
gpu_seed1101_ckpt75_scheduler_mismatch,5,0.0,0.0,0.0
gpu_seed1101_ckpt75_scheduler_mismatch,6,0.0,0.0,0.0
gpu_seed1101_ckpt75_scheduler_mismatch,7,0.0,0.0,0.0
gpu_seed1101_ckpt75_scheduler_mismatch,8,0.0,0.0,0.0
gpu_seed1101_ckpt75_scheduler_mismatch,9,0.0,0.0,0.0
gpu_seed1101_ckpt75_scheduler_mismatch,10,0.0,0.0,0.0
gpu_seed1101_ckpt75_scheduler_mismatch,11,0.0,0.0,0.0
gpu_seed1101_ckpt75_scheduler_mismatch,12,0.0,0.0,0.0
gpu_seed1101_ckpt75_scheduler_mismatch,13,0.0,0.0,0.0
gpu_seed1101_ckpt75_scheduler_mismatch,14,0.0,0.0,0.0
gpu_seed1101_ckpt75_scheduler_mismatch,15,0.0,0.0,0.0
gpu_seed1101_ckpt75_scheduler_mismatch,16,0.0,0.0,0.0
gpu_seed1101_ckpt75_scheduler_mismatch,17,0.0,0.0,0.0
gpu_seed1101_ckpt75_scheduler_mismatch,18,0.0,0.0,0.0
gpu_seed1101_ckpt75_scheduler_mismatch,19,0.0,0.0,0.0
gpu_seed1101_ckpt75_scheduler_mismatch,20,0.0,0.0,0.0
gpu_seed1101_ckpt75_optimizer_reset,0,0.0,0.0,0.0
gpu_seed1101_ckpt75_optimizer_reset,1,3.588268280029297,9.613434791564941,28900759.690066945
gpu_seed1101_ckpt75_optimizer_reset,2,5.380219459533691,10.120753288269043,56088037.43866241
gpu_seed1101_ckpt75_optimizer_reset,3,6.808820724487305,8.66368865966797,32050186.558983605
gpu_seed1101_ckpt75_optimizer_reset,4,8.049033164978027,8.427030563354492,29959850.348662227
gpu_seed1101_ckpt75_optimizer_reset,5,9.191717147827148,11.527745882670084,837718869.771226
gpu_seed1101_ckpt75_optimizer_reset,6,10.229436874389648,8.438241640726726,26587221.297039296
gpu_seed1101_ckpt75_optimizer_reset,7,11.20024299621582,4.5100005467732736,480215.07101926045
gpu_seed1101_ckpt75_optimizer_reset,8,12.087366104125977,3.4721167882283535,164659.55800888306
gpu_seed1101_ckpt75_optimizer_reset,9,12.934453010559082,5.494066874186198,379142.42074831045
gpu_seed1101_ckpt75_optimizer_reset,10,13.758225440979004,8.571414311726887,6998655.115650917
gpu_seed1101_ckpt75_optimizer_reset,11,14.517342567443848,6.230153401692709,426300.4590793255
gpu_seed1101_ckpt75_optimizer_reset,12,15.238125801086426,4.7719771067301435,108661.08884177779
gpu_seed1101_ckpt75_optimizer_reset,13,15.91478443145752,7.022468884785971,613480.2359566247
gpu_seed1101_ckpt75_optimizer_reset,14,16.55394744873047,6.80047353108724,320778.2281647167
gpu_seed1101_ckpt75_optimizer_reset,15,17.15021324157715,6.152159531911214,137095.6293805464
gpu_seed1101_ckpt75_optimizer_reset,16,17.689558029174805,9.416658878326416,3819008.474225105
gpu_seed1101_ckpt75_optimizer_reset,17,18.221586227416992,10.199357032775879,11007871.669322131
gpu_seed1101_ckpt75_optimizer_reset,18,18.732088088989258,7.329885641733806,857255.274050905
gpu_seed1101_ckpt75_optimizer_reset,19,19.22760772705078,8.197545051574707,1378525.6018572608
gpu_seed1101_ckpt75_optimizer_reset,20,19.69366455078125,7.1138383547465,350676.74015910743
gpu_seed1101_ckpt150_exact_restore,0,0.0,0.0,0.0
gpu_seed1101_ckpt150_exact_restore,1,0.0,0.0,0.0
gpu_seed1101_ckpt150_exact_restore,2,0.0,0.0,0.0
gpu_seed1101_ckpt150_exact_restore,3,0.0,0.0,0.0
gpu_seed1101_ckpt150_exact_restore,4,0.0,0.0,0.0
gpu_seed1101_ckpt150_exact_restore,5,0.0,0.0,0.0
gpu_seed1101_ckpt150_exact_restore,6,0.0,0.0,0.0
gpu_seed1101_ckpt150_exact_restore,7,0.0,0.0,0.0
gpu_seed1101_ckpt150_exact_restore,8,0.0,0.0,0.0
gpu_seed1101_ckpt150_exact_restore,9,0.0,0.0,0.0
gpu_seed1101_ckpt150_exact_restore,10,0.0,0.0,0.0
gpu_seed1101_ckpt150_exact_restore,11,0.0,0.0,0.0
gpu_seed1101_ckpt150_exact_restore,12,0.0,0.0,0.0
gpu_seed1101_ckpt150_exact_restore,13,0.0,0.0,0.0
gpu_seed1101_ckpt150_exact_restore,14,0.0,0.0,0.0
gpu_seed1101_ckpt150_exact_restore,15,0.0,0.0,0.0
gpu_seed1101_ckpt150_exact_restore,16,0.0,0.0,0.0
gpu_seed1101_ckpt150_exact_restore,17,0.0,0.0,0.0
gpu_seed1101_ckpt150_exact_restore,18,0.0,0.0,0.0
gpu_seed1101_ckpt150_exact_restore,19,0.0,0.0,0.0
gpu_seed1101_ckpt150_exact_restore,20,0.0,0.0,0.0
gpu_seed1101_ckpt150_benign_nonzero,0,7.450580596923828e-09,0.0,0.0
gpu_seed1101_ckpt150_benign_nonzero,1,7.450580596923828e-09,0.0,0.0
gpu_seed1101_ckpt150_benign_nonzero,2,0.00015903457824606448,7.947285984855057e-08,1.966298995625948e-06
gpu_seed1101_ckpt150_benign_nonzero,3,0.0003355002263560891,7.947285984855057e-08,1.8234972785080572e-06
gpu_seed1101_ckpt150_benign_nonzero,4,0.0005336299072951078,7.947285984855057e-08,1.66372942800308e-06
gpu_seed1101_ckpt150_benign_nonzero,5,0.0007398735615424812,7.947285984855057e-08,1.6395778494882052e-06
gpu_seed1101_ckpt150_benign_nonzero,6,0.0009726351127028465,1.5894571925301193e-07,3.4618194213464903e-06
gpu_seed1101_ckpt150_benign_nonzero,7,0.0012085284106433392,1.0331471762548006e-06,2.5087891518893457e-05
gpu_seed1101_ckpt150_benign_nonzero,8,0.0014342298964038491,8.742014565576994e-07,2.206629226009227e-05
gpu_seed1101_ckpt150_benign_nonzero,9,0.0016835302812978625,1.271565755356363e-06,3.0809600513492796e-05
gpu_seed1101_ckpt150_benign_nonzero,10,0.0019186623394489288,8.821487426757812e-06,0.0001990592703506877
gpu_seed1101_ckpt150_benign_nonzero,11,0.0021523036994040012,7.3909759521484375e-06,0.0001593648949551607
gpu_seed1101_ckpt150_benign_nonzero,12,0.0023883490357548,9.775161743164062e-06,0.0002116162148588785
gpu_seed1101_ckpt150_benign_nonzero,13,0.002627650275826454,3.059705098484855e-05,0.0006756719249452203
gpu_seed1101_ckpt150_benign_nonzero,14,0.002902156440541148,3.059705098440446e-05,0.0006919798311884051
gpu_seed1101_ckpt150_benign_nonzero,15,0.003189332550391555,4.609425862778238e-06,0.00010503987754617583
gpu_seed1101_ckpt150_benign_nonzero,16,0.0034663304686546326,7.534027099609375e-05,0.0017985212031774722
gpu_seed1101_ckpt150_benign_nonzero,17,0.0037701951805502176,0.0001537799835205078,0.003932232475701625
gpu_seed1101_ckpt150_benign_nonzero,18,0.004093482159078121,0.000198205312093247,0.004920392865788159
gpu_seed1101_ckpt150_benign_nonzero,19,0.004476543981581926,9.926160176609855e-05,0.002169473108118325
gpu_seed1101_ckpt150_benign_nonzero,20,0.00486641563475132,7.462501525878906e-05,0.0015470487232427388
gpu_seed1101_ckpt150_reset_m,0,0.0,0.0,0.0
gpu_seed1101_ckpt150_reset_m,1,0.11007959395647049,0.16461896896362305,3.9539394868185873
gpu_seed1101_ckpt150_reset_m,2,0.2040698379278183,0.22392646471659328,4.963843708676308
gpu_seed1101_ckpt150_reset_m,3,0.2841602563858032,0.14345407485961914,3.066343613083095
gpu_seed1101_ckpt150_reset_m,4,0.35148903727531433,0.0008751551310219874,0.018329008330155716
gpu_seed1101_ckpt150_reset_m,5,0.4129697382450104,0.005570411682128906,0.11524196023664501
gpu_seed1101_ckpt150_reset_m,6,0.474031925201416,0.06569465001424124,1.3848358362080155
gpu_seed1101_ckpt150_reset_m,7,0.5311311483383179,0.15362230936686183,3.4579984333736817
gpu_seed1101_ckpt150_reset_m,8,0.5822126865386963,0.18478608131408691,4.258721231770117
gpu_seed1101_ckpt150_reset_m,9,0.6276853680610657,0.18769987424214696,4.146582736626481
gpu_seed1101_ckpt150_reset_m,10,0.6696548461914062,0.13507954279581735,2.8512156545132328
gpu_seed1101_ckpt150_reset_m,11,0.7081047296524048,0.05885593096415187,1.2324377398122373
gpu_seed1101_ckpt150_reset_m,12,0.7419478893280029,0.04831941922505667,1.0717253290517803
gpu_seed1101_ckpt150_reset_m,13,0.7724195122718811,0.09309728940327977,2.154629634229611
gpu_seed1101_ckpt150_reset_m,14,0.8018982410430908,0.02616469065348337,0.5995564689077924
gpu_seed1101_ckpt150_reset_m,15,0.8309341669082642,0.026448090871174834,0.5947989974953387
gpu_seed1101_ckpt150_reset_m,16,0.8582299947738647,0.004521449406941436,0.10817624195666653
gpu_seed1101_ckpt150_reset_m,17,0.8824539184570312,0.015176057815551758,0.3909890199741355
gpu_seed1101_ckpt150_reset_m,18,0.9053466320037842,0.008817195892333984,0.2179007457374489
gpu_seed1101_ckpt150_reset_m,19,0.9260694980621338,0.0264817078908286,0.5864899143456981
gpu_seed1101_ckpt150_reset_m,20,0.9456748366355896,0.06683524449666312,1.4328568798159083
gpu_seed1101_ckpt150_reset_v,0,0.0,0.0,0.0
gpu_seed1101_ckpt150_reset_v,1,6205.796875,17943427.07331856,5.184705528587072e+21
gpu_seed1101_ckpt150_reset_v,2,9472.47265625,16457363.45817391,5.184705528587072e+21
gpu_seed1101_ckpt150_reset_v,3,12203.7373046875,14572214.533570766,5.184705528587072e+21
gpu_seed1101_ckpt150_reset_v,4,14817.619140625,13188713.6252652,5.184705528587072e+21
gpu_seed1101_ckpt150_reset_v,5,17229.498046875,12121520.97322154,5.184705528587072e+21
gpu_seed1101_ckpt150_reset_v,6,19438.16796875,11198464.252346437,5.184705528587072e+21
gpu_seed1101_ckpt150_reset_v,7,21441.6015625,10304690.476890484,5.184705528587072e+21
gpu_seed1101_ckpt150_reset_v,8,23218.7109375,9464317.10483726,5.184705528587072e+21
gpu_seed1101_ckpt150_reset_v,9,24828.53515625,8722912.979088703,5.184705528587072e+21
gpu_seed1101_ckpt150_reset_v,10,26200.810546875,8191967.7169168,5.184705528587072e+21
gpu_seed1101_ckpt150_reset_v,11,27430.97265625,7788534.095726252,5.184705528587072e+21
gpu_seed1101_ckpt150_reset_v,12,28470.658203125,7457104.758398771,5.184705528587072e+21
gpu_seed1101_ckpt150_reset_v,13,29391.3984375,7053216.238514026,5.184705528587072e+21
gpu_seed1101_ckpt150_reset_v,14,30216.74609375,6586519.04799819,5.184705528587072e+21
gpu_seed1101_ckpt150_reset_v,15,30943.73828125,6111871.040432215,5.184705528587072e+21
gpu_seed1101_ckpt150_reset_v,16,31577.904296875,5658496.6606657505,5.184705528587072e+21
gpu_seed1101_ckpt150_reset_v,17,32147.974609375,5244509.75863719,5.184705528587072e+21
gpu_seed1101_ckpt150_reset_v,18,32662.10546875,4862872.621592203,5.184705528587072e+21
gpu_seed1101_ckpt150_reset_v,19,33125.171875,4509993.915568829,5.184705528587072e+21
gpu_seed1101_ckpt150_reset_v,20,33543.41015625,4227516.218408744,5.184705528587072e+21
gpu_seed1101_ckpt150_stale_m,0,0.0,0.0,0.0
gpu_seed1101_ckpt150_stale_m,1,0.17780375480651855,0.06709869702657079,1.807891146266826
gpu_seed1101_ckpt150_stale_m,2,0.3322299122810364,0.20953281720479344,5.767351266611733
gpu_seed1101_ckpt150_stale_m,3,0.4653871953487396,0.34075514475504587,9.315836261278001
gpu_seed1101_ckpt150_stale_m,4,0.5790507793426514,0.4689815044403076,12.526518169263323
gpu_seed1101_ckpt150_stale_m,5,0.6793191432952881,0.4453790982564292,11.575491273821068
gpu_seed1101_ckpt150_stale_m,6,0.7719161510467529,0.245697895685832,6.065987371730696
gpu_seed1101_ckpt150_stale_m,7,0.8581945300102234,0.05192597707112645,1.2287402343476792
gpu_seed1101_ckpt150_stale_m,8,0.9380547404289246,0.16970856984456395,3.93995355602085
gpu_seed1101_ckpt150_stale_m,9,1.0111701488494873,0.1258618036905923,2.8654810837095184
gpu_seed1101_ckpt150_stale_m,10,1.0776337385177612,0.046277840932210434,1.0204817468582874
gpu_seed1101_ckpt150_stale_m,11,1.1378695964813232,0.003621816635131836,0.07795297702026716
gpu_seed1101_ckpt150_stale_m,12,1.1932576894760132,0.007603486378987334,0.1652311810073286
gpu_seed1101_ckpt150_stale_m,13,1.2425259351730347,0.08619276682535792,1.9878550734869584
gpu_seed1101_ckpt150_stale_m,14,1.2886067628860474,0.17382446924845407,4.293619417253719
gpu_seed1101_ckpt150_stale_m,15,1.3315775394439697,0.18057576815287302,4.509903679625047
gpu_seed1101_ckpt150_stale_m,16,1.3718509674072266,0.1484915415445962,3.8213533587369746
gpu_seed1101_ckpt150_stale_m,17,1.4078501462936401,0.06367675463358546,1.6810766081913542
gpu_seed1101_ckpt150_stale_m,18,1.4412623643875122,0.04828588167826364,1.227973377083135
gpu_seed1101_ckpt150_stale_m,19,1.472927451133728,0.0825869242350259,1.881566916314803
gpu_seed1101_ckpt150_stale_m,20,1.5043022632598877,0.0603781541188555,1.2902091014615138
gpu_seed1101_ckpt150_stale_v,0,0.0,0.0,0.0
gpu_seed1101_ckpt150_stale_v,1,27.606090545654297,0.0026958783467612157,0.07032216796118718
gpu_seed1101_ckpt150_stale_v,2,52.45133590698242,0.0035371780395507812,0.08767099470067663
gpu_seed1101_ckpt150_stale_v,3,74.81182861328125,0.0017153422037763377,0.039392139462123055
gpu_seed1101_ckpt150_stale_v,4,94.9361572265625,0.0006914933522539357,0.014481116508044067
gpu_seed1101_ckpt150_stale_v,5,113.04791259765625,0.0018873214721679688,0.03897345923735074
gpu_seed1101_ckpt150_stale_v,6,129.34835815429688,0.004148960113525391,0.09055159712699634
gpu_seed1101_ckpt150_stale_v,7,144.01861572265625,0.005560318628946792,0.13539724913457363
gpu_seed1101_ckpt150_stale_v,8,157.22171020507812,0.0042343934377035986,0.10710976077092837
gpu_seed1101_ckpt150_stale_v,9,169.1043701171875,0.0005962848663330078,0.014452094579674224
gpu_seed1101_ckpt150_stale_v,10,179.79861450195312,0.0008771419525146484,0.019784356637870815
gpu_seed1101_ckpt150_stale_v,11,189.4232940673828,0.0004211266835532079,0.009082317635865422
gpu_seed1101_ckpt150_stale_v,12,198.0853729248047,0.0016570091247558594,0.03590144072250823
gpu_seed1101_ckpt150_stale_v,13,205.881103515625,0.0027529398600258936,0.06087761112502221
gpu_seed1101_ckpt150_stale_v,14,212.89712524414062,0.003741900126139619,0.08478626393172917
gpu_seed1101_ckpt150_stale_v,15,219.21139526367188,0.003145774205525864,0.0717988013408295
gpu_seed1101_ckpt150_stale_v,16,224.89410400390625,0.006277799606323242,0.15032921603583915
gpu_seed1101_ckpt150_stale_v,17,230.00840759277344,0.007399400075276841,0.1898935624355289
gpu_seed1101_ckpt150_stale_v,18,234.61114501953125,0.0024958451588945607,0.06187528824686339
gpu_seed1101_ckpt150_stale_v,19,238.7534637451172,0.004902998606363784,0.10689292710483045
gpu_seed1101_ckpt150_stale_v,20,242.48141479492188,0.0038408438364663233,0.07977453829726855
gpu_seed1101_ckpt150_stale_mv,0,0.0,0.0,0.0
gpu_seed1101_ckpt150_stale_mv,1,0.182718425989151,0.0693282286326089,1.8700703105114336
gpu_seed1101_ckpt150_stale_mv,2,0.3414435386657715,0.21464753150939941,5.923796431374097
gpu_seed1101_ckpt150_stale_mv,3,0.47793692350387573,0.3478132883707685,9.544342671969886
gpu_seed1101_ckpt150_stale_mv,4,0.5943877696990967,0.47840380668640137,12.843288587555396
gpu_seed1101_ckpt150_stale_mv,5,0.696769654750824,0.4506824016571045,11.746743981952878
gpu_seed1101_ckpt150_stale_mv,6,0.791279137134552,0.24266537030537938,5.981671962002469
gpu_seed1101_ckpt150_stale_mv,7,0.8795950412750244,0.05514963467915868,1.3029395871148033
gpu_seed1101_ckpt150_stale_mv,8,0.9614527821540833,0.16910068194071437,3.9270005656067113
gpu_seed1101_ckpt150_stale_mv,9,1.036699652671814,0.12440625826517726,2.834361892381125
gpu_seed1101_ckpt150_stale_mv,10,1.1052640676498413,0.04498855272928903,0.992686259240255
gpu_seed1101_ckpt150_stale_mv,11,1.1674103736877441,0.0037817955017089844,0.08138972288355006
gpu_seed1101_ckpt150_stale_mv,12,1.224483609199524,0.008601824442545425,0.18701949868902545
gpu_seed1101_ckpt150_stale_mv,13,1.2753630876541138,0.09365765253702785,2.168215453378405
gpu_seed1101_ckpt150_stale_mv,14,1.3230857849121094,0.18281284968058298,4.536585822214597
gpu_seed1101_ckpt150_stale_mv,15,1.3673834800720215,0.18495551745096872,4.629723890772848
gpu_seed1101_ckpt150_stale_mv,16,1.408810019493103,0.15128620465596487,3.8988526156496626
gpu_seed1101_ckpt150_stale_mv,17,1.4456393718719482,0.06500283877054835,1.7172358664142031
gpu_seed1101_ckpt150_stale_mv,18,1.480012059211731,0.045415401458740234,1.1533038961089623
gpu_seed1101_ckpt150_stale_mv,19,1.512649416923523,0.07786520322163915,1.7697535042073653
gpu_seed1101_ckpt150_stale_mv,20,1.5447096824645996,0.05848383903503418,1.248535005224955
gpu_seed1101_ckpt150_model_current_optimizer_stale,0,0.0,0.0,0.0
gpu_seed1101_ckpt150_model_current_optimizer_stale,1,0.17299729585647583,0.055934906005859375,1.4986218632957105
gpu_seed1101_ckpt150_model_current_optimizer_stale,2,0.32332587242126465,0.18336455027262355,4.97933600059789
gpu_seed1101_ckpt150_model_current_optimizer_stale,3,0.45293283462524414,0.3046895662943525,8.173065188685442
gpu_seed1101_ckpt150_model_current_optimizer_stale,4,0.5636165738105774,0.424547990163167,11.07227267204642
gpu_seed1101_ckpt150_model_current_optimizer_stale,5,0.6614935398101807,0.4242618878682456,10.902517809816107
gpu_seed1101_ckpt150_model_current_optimizer_stale,6,0.7515279650688171,0.26734375953674316,6.675306187280416
gpu_seed1101_ckpt150_model_current_optimizer_stale,7,0.8347207903862,0.030407031377156724,0.7272607417540193
gpu_seed1101_ckpt150_model_current_optimizer_stale,8,0.9115510582923889,0.17945337295532227,4.146526417160217
gpu_seed1101_ckpt150_model_current_optimizer_stale,9,0.982245147228241,0.14202539126078273,3.2080271959210584
gpu_seed1101_ckpt150_model_current_optimizer_stale,10,1.0465905666351318,0.057994922002156724,1.2714517870934188
gpu_seed1101_ckpt150_model_current_optimizer_stale,11,1.105459213256836,0.008825937906900894,0.1894690274065809
gpu_seed1101_ckpt150_model_current_optimizer_stale,12,1.1594359874725342,0.012684822082519531,0.2728726007916187
gpu_seed1101_ckpt150_model_current_optimizer_stale,13,1.2074867486953735,0.021184126536051284,0.47280461265647133
gpu_seed1101_ckpt150_model_current_optimizer_stale,14,1.2523951530456543,0.09784889221191406,2.3248625478795972
gpu_seed1101_ckpt150_model_current_optimizer_stale,15,1.2947783470153809,0.1460052331288657,3.582326058824588
gpu_seed1101_ckpt150_model_current_optimizer_stale,16,1.3343614339828491,0.13582404454549124,3.472772060516405
gpu_seed1101_ckpt150_model_current_optimizer_stale,17,1.3697726726531982,0.059200207392374526,1.5593650254114486
gpu_seed1101_ckpt150_model_current_optimizer_stale,18,1.4020862579345703,0.04662346839904785,1.1847030873973239
gpu_seed1101_ckpt150_model_current_optimizer_stale,19,1.432356834411621,0.08477449417114258,1.9335492222162145
gpu_seed1101_ckpt150_model_current_optimizer_stale,20,1.4623780250549316,0.05008927981058742,1.0648055108382088
gpu_seed1101_ckpt150_step_counter_mismatch,0,0.0,0.0,0.0
gpu_seed1101_ckpt150_step_counter_mismatch,1,0.009578775614500046,0.009948889414469253,0.2578828417888168
gpu_seed1101_ckpt150_step_counter_mismatch,2,0.01872974820435047,0.012419859568277847,0.30538889282141923
gpu_seed1101_ckpt150_step_counter_mismatch,3,0.02749350294470787,0.008899688720703125,0.2032965309857353
gpu_seed1101_ckpt150_step_counter_mismatch,4,0.036048971116542816,0.004470427831014145,0.09337757314640527
gpu_seed1101_ckpt150_step_counter_mismatch,5,0.04419318214058876,0.013194481531778823,0.27042293222782376
gpu_seed1101_ckpt150_step_counter_mismatch,6,0.051719553768634796,0.025822162628173828,0.555204624246521
gpu_seed1101_ckpt150_step_counter_mismatch,7,0.0587710365653038,0.029674768447875977,0.7100054361385943
gpu_seed1101_ckpt150_step_counter_mismatch,8,0.065517857670784,0.02453478177388524,0.6117633594452201
gpu_seed1101_ckpt150_step_counter_mismatch,9,0.0720498263835907,0.00899195671081543,0.21689553507403048
gpu_seed1101_ckpt150_step_counter_mismatch,10,0.07874372601509094,0.003440062204997041,0.07749291786834789
gpu_seed1101_ckpt150_step_counter_mismatch,11,0.08556687086820602,0.006613731384277344,0.14213586166341585
gpu_seed1101_ckpt150_step_counter_mismatch,12,0.09244967997074127,0.011561473210652817,0.2488468608042922
gpu_seed1101_ckpt150_step_counter_mismatch,13,0.09913463890552521,0.02763811747233058,0.6019822524434879
gpu_seed1101_ckpt150_step_counter_mismatch,14,0.10533235222101212,0.041153907775878906,0.9118549917451411
gpu_seed1101_ckpt150_step_counter_mismatch,15,0.1112777516245842,0.026724179585774444,0.6009254464021758
gpu_seed1101_ckpt150_step_counter_mismatch,16,0.11764590442180634,0.02633873621622751,0.6205262047696642
gpu_seed1101_ckpt150_step_counter_mismatch,17,0.12402316182851791,0.024552186330159653,0.6201198342520406
gpu_seed1101_ckpt150_step_counter_mismatch,18,0.13037115335464478,0.012951771418253877,0.32358329860445423
gpu_seed1101_ckpt150_step_counter_mismatch,19,0.137316033244133,0.03422983487447118,0.7610450366374373
gpu_seed1101_ckpt150_step_counter_mismatch,20,0.1448056399822235,0.015791098276774385,0.3247814447127446
gpu_seed1101_ckpt150_scheduler_mismatch,0,0.0,0.0,0.0
gpu_seed1101_ckpt150_scheduler_mismatch,1,0.0,0.0,0.0
gpu_seed1101_ckpt150_scheduler_mismatch,2,0.0,0.0,0.0
gpu_seed1101_ckpt150_scheduler_mismatch,3,0.0,0.0,0.0
gpu_seed1101_ckpt150_scheduler_mismatch,4,0.0,0.0,0.0
gpu_seed1101_ckpt150_scheduler_mismatch,5,0.0,0.0,0.0
gpu_seed1101_ckpt150_scheduler_mismatch,6,0.0,0.0,0.0
gpu_seed1101_ckpt150_scheduler_mismatch,7,0.0,0.0,0.0
gpu_seed1101_ckpt150_scheduler_mismatch,8,0.0,0.0,0.0
gpu_seed1101_ckpt150_scheduler_mismatch,9,0.0,0.0,0.0
gpu_seed1101_ckpt150_scheduler_mismatch,10,0.0,0.0,0.0
gpu_seed1101_ckpt150_scheduler_mismatch,11,0.0,0.0,0.0
gpu_seed1101_ckpt150_scheduler_mismatch,12,0.0,0.0,0.0
gpu_seed1101_ckpt150_scheduler_mismatch,13,0.0,0.0,0.0
gpu_seed1101_ckpt150_scheduler_mismatch,14,0.0,0.0,0.0
gpu_seed1101_ckpt150_scheduler_mismatch,15,0.0,0.0,0.0
gpu_seed1101_ckpt150_scheduler_mismatch,16,0.0,0.0,0.0
gpu_seed1101_ckpt150_scheduler_mismatch,17,0.0,0.0,0.0
gpu_seed1101_ckpt150_scheduler_mismatch,18,0.0,0.0,0.0
gpu_seed1101_ckpt150_scheduler_mismatch,19,0.0,0.0,0.0
gpu_seed1101_ckpt150_scheduler_mismatch,20,0.0,0.0,0.0
gpu_seed1101_ckpt150_optimizer_reset,0,0.0,0.0,0.0
gpu_seed1101_ckpt150_optimizer_reset,1,3.443235397338867,20.649147113164265,24188953150.4294
gpu_seed1101_ckpt150_optimizer_reset,2,4.997612476348877,17.44193983078003,929755828.8901211
gpu_seed1101_ckpt150_optimizer_reset,3,6.313131332397461,11.727885723114014,2844715.320845511
gpu_seed1101_ckpt150_optimizer_reset,4,7.618713855743408,10.0187296072642,469811.3520450848
gpu_seed1101_ckpt150_optimizer_reset,5,8.788617134094238,12.162044922510782,3948388.8081322815
gpu_seed1101_ckpt150_optimizer_reset,6,9.829567909240723,10.877386490503948,1153549.7751591783
gpu_seed1101_ckpt150_optimizer_reset,7,10.788735389709473,7.87413207689921,63801.228692923265
gpu_seed1101_ckpt150_optimizer_reset,8,11.713998794555664,6.426626046498617,15576.254880775248
gpu_seed1101_ckpt150_optimizer_reset,9,12.556682586669922,7.1099512577056885,29635.017119421795
gpu_seed1101_ckpt150_optimizer_reset,10,13.366349220275879,7.433706998825073,38159.58938949319
gpu_seed1101_ckpt150_optimizer_reset,11,14.120989799499512,6.957240343093872,22634.455085753576
gpu_seed1101_ckpt150_optimizer_reset,12,14.842206954956055,6.416508436203003,13224.246881254254
gpu_seed1101_ckpt150_optimizer_reset,13,15.51852035522461,5.424875338872274,4990.439682262427
gpu_seed1101_ckpt150_optimizer_reset,14,16.15953254699707,5.109293381373089,3721.578524349815
gpu_seed1101_ckpt150_optimizer_reset,15,16.755571365356445,5.734469652175903,7026.656531954612
gpu_seed1101_ckpt150_optimizer_reset,16,17.325408935546875,4.9354763825734445,3297.536580354958
gpu_seed1101_ckpt150_optimizer_reset,17,17.8636417388916,4.286638180414836,1833.8163150055777
gpu_seed1101_ckpt150_optimizer_reset,18,18.361417770385742,5.025486151377361,3754.225263588122
gpu_seed1101_ckpt150_optimizer_reset,19,18.82579231262207,4.831892808278401,2719.819017706153
gpu_seed1101_ckpt150_optimizer_reset,20,19.276397705078125,4.591972986857096,2025.1108320276383
gpu_seed1101_ckpt300_exact_restore,0,0.0,0.0,0.0
gpu_seed1101_ckpt300_exact_restore,1,0.0,0.0,0.0
gpu_seed1101_ckpt300_exact_restore,2,0.0,0.0,0.0
gpu_seed1101_ckpt300_exact_restore,3,0.0,0.0,0.0
gpu_seed1101_ckpt300_exact_restore,4,0.0,0.0,0.0
gpu_seed1101_ckpt300_exact_restore,5,0.0,0.0,0.0
gpu_seed1101_ckpt300_exact_restore,6,0.0,0.0,0.0
gpu_seed1101_ckpt300_exact_restore,7,0.0,0.0,0.0
gpu_seed1101_ckpt300_exact_restore,8,0.0,0.0,0.0
gpu_seed1101_ckpt300_exact_restore,9,0.0,0.0,0.0
gpu_seed1101_ckpt300_exact_restore,10,0.0,0.0,0.0
gpu_seed1101_ckpt300_exact_restore,11,0.0,0.0,0.0
gpu_seed1101_ckpt300_exact_restore,12,0.0,0.0,0.0
gpu_seed1101_ckpt300_exact_restore,13,0.0,0.0,0.0
gpu_seed1101_ckpt300_exact_restore,14,0.0,0.0,0.0
gpu_seed1101_ckpt300_exact_restore,15,0.0,0.0,0.0
gpu_seed1101_ckpt300_exact_restore,16,0.0,0.0,0.0
gpu_seed1101_ckpt300_exact_restore,17,0.0,0.0,0.0
gpu_seed1101_ckpt300_exact_restore,18,0.0,0.0,0.0
gpu_seed1101_ckpt300_exact_restore,19,0.0,0.0,0.0
gpu_seed1101_ckpt300_exact_restore,20,0.0,0.0,0.0
gpu_seed1101_ckpt300_benign_nonzero,0,1.1175870895385742e-08,0.0,0.0
gpu_seed1101_ckpt300_benign_nonzero,1,1.1175870895385742e-08,0.0,0.0
gpu_seed1101_ckpt300_benign_nonzero,2,1.1175870895385742e-08,0.0,0.0
gpu_seed1101_ckpt300_benign_nonzero,3,1.1175870895385742e-08,0.0,0.0
gpu_seed1101_ckpt300_benign_nonzero,4,1.1175870895385742e-08,0.0,0.0
gpu_seed1101_ckpt300_benign_nonzero,5,1.1175870895385742e-08,0.0,0.0
gpu_seed1101_ckpt300_benign_nonzero,6,1.9502713257679716e-05,0.0,0.0
gpu_seed1101_ckpt300_benign_nonzero,7,4.543868635664694e-05,7.947285940446136e-08,1.1014405068010547e-06
gpu_seed1101_ckpt300_benign_nonzero,8,7.510692375944927e-05,7.947285984855057e-08,1.0950595008552e-06
gpu_seed1101_ckpt300_benign_nonzero,9,0.00011127237667096779,7.947285984855057e-08,1.0892926329830743e-06
gpu_seed1101_ckpt300_benign_nonzero,10,0.00014566197933163494,7.947285984855057e-08,1.087149989587033e-06
gpu_seed1101_ckpt300_benign_nonzero,11,0.0001839710894273594,2.384185791015625e-07,3.2419209077261257e-06
gpu_seed1101_ckpt300_benign_nonzero,12,0.00022397926659323275,1.5894571925301193e-07,2.1396259644035354e-06
gpu_seed1101_ckpt300_benign_nonzero,13,0.00026383300428278744,7.947285984855057e-08,1.0523080380409056e-06
gpu_seed1101_ckpt300_benign_nonzero,14,0.0003046335477847606,2.384185791015625e-07,3.113647432329003e-06
gpu_seed1101_ckpt300_benign_nonzero,15,0.00034306442830711603,1.5894571925301193e-07,2.05669244834894e-06
gpu_seed1101_ckpt300_benign_nonzero,16,0.0003801969578489661,1.5894571925301193e-07,2.044098348363832e-06
gpu_seed1101_ckpt300_benign_nonzero,17,0.0004212414496578276,7.947285984855057e-08,1.022459892752181e-06
gpu_seed1101_ckpt300_benign_nonzero,18,0.00045622786274179816,7.947285940446136e-08,1.0265866627889864e-06
gpu_seed1101_ckpt300_benign_nonzero,19,0.0004940599901601672,7.947285984855057e-08,1.0336127029830777e-06
gpu_seed1101_ckpt300_benign_nonzero,20,0.0005319171468727291,3.9736429835457443e-07,5.237800763779887e-06
gpu_seed1101_ckpt300_reset_m,0,0.0,0.0,0.0
gpu_seed1101_ckpt300_reset_m,1,0.0202108733355999,0.01104736328125,0.18375284822558058
gpu_seed1101_ckpt300_reset_m,2,0.038138262927532196,0.01958775520324707,0.31492054273853576
gpu_seed1101_ckpt300_reset_m,3,0.053871892392635345,0.021819670995076645,0.33413155786078086
gpu_seed1101_ckpt300_reset_m,4,0.06747902184724808,0.02248549461364746,0.3288754216710412
gpu_seed1101_ckpt300_reset_m,5,0.07924468070268631,0.020261287689208984,0.28733736937971166
gpu_seed1101_ckpt300_reset_m,6,0.08936913311481476,0.014929135640462388,0.20814743812110592
gpu_seed1101_ckpt300_reset_m,7,0.09805680811405182,0.00937310854593898,0.12929809149362015
gpu_seed1101_ckpt300_reset_m,8,0.10556872189044952,0.004016002019246567,0.055225676410982416
gpu_seed1101_ckpt300_reset_m,9,0.112026147544384,0.0022363662719726562,0.030618443586080346
gpu_seed1101_ckpt300_reset_m,10,0.11770588159561157,0.0019701321919756154,0.026923916574768114
gpu_seed1101_ckpt300_reset_m,11,0.12273965775966644,0.0034911632537841797,0.047388673261862024
gpu_seed1101_ckpt300_reset_m,12,0.1274222582578659,0.0039479732513427734,0.05304032556708016
gpu_seed1101_ckpt300_reset_m,13,0.13176566362380981,0.0025443236033120264,0.03364681809813952
gpu_seed1101_ckpt300_reset_m,14,0.13577276468276978,0.0006101131439208984,0.007970253964215246
gpu_seed1101_ckpt300_reset_m,15,0.1394485980272293,0.0028491814931235204,0.03691980822670615
gpu_seed1101_ckpt300_reset_m,16,0.14285814762115479,0.002783219019571792,0.035843037677169676
gpu_seed1101_ckpt300_reset_m,17,0.145956888794899,0.0019063154856366893,0.024549136197052235
gpu_seed1101_ckpt300_reset_m,18,0.14878827333450317,0.000982205073039033,0.01269381807633252
gpu_seed1101_ckpt300_reset_m,19,0.15131226181983948,0.00035031636556004386,0.004555367012157419
gpu_seed1101_ckpt300_reset_m,20,0.15352968871593475,0.0004000663757324219,0.005272362045040779
gpu_seed1101_ckpt300_reset_v,0,0.0,0.0,0.0
gpu_seed1101_ckpt300_reset_v,1,768.1163940429688,3675.193335453669,5.184705528587072e+21
gpu_seed1101_ckpt300_reset_v,2,1174.754638671875,3293.624752998352,5.184705528587072e+21
gpu_seed1101_ckpt300_reset_v,3,1561.71826171875,2862.622122128804,5.184705528587072e+21
gpu_seed1101_ckpt300_reset_v,4,1771.3115234375,2477.3904423713684,5.184705528587072e+21
gpu_seed1101_ckpt300_reset_v,5,1976.361328125,2186.606903076172,5.184705528587072e+21
gpu_seed1101_ckpt300_reset_v,6,2069.411376953125,1924.8104529380798,5.184705528587072e+21
gpu_seed1101_ckpt300_reset_v,7,2159.017333984375,1704.1404505570729,5.184705528587072e+21
gpu_seed1101_ckpt300_reset_v,8,2237.0087890625,1481.9025677045186,5.184705528587072e+21
gpu_seed1101_ckpt300_reset_v,9,2309.674072265625,1289.8164172967274,5.184705528587072e+21
gpu_seed1101_ckpt300_reset_v,10,2362.322509765625,1145.207139492035,5.184705528587072e+21
gpu_seed1101_ckpt300_reset_v,11,2409.98779296875,1023.0314030647278,5.184705528587072e+21
gpu_seed1101_ckpt300_reset_v,12,2440.4873046875,908.8974502881368,5.184705528587072e+21
gpu_seed1101_ckpt300_reset_v,13,2468.373046875,812.3882117271423,5.184705528587072e+21
gpu_seed1101_ckpt300_reset_v,14,2491.522216796875,750.4467132091522,5.184705528587072e+21
gpu_seed1101_ckpt300_reset_v,15,2512.82373046875,715.617137670517,5.184705528587072e+21
gpu_seed1101_ckpt300_reset_v,16,2530.1455078125,663.9049165248871,5.184705528587072e+21
gpu_seed1101_ckpt300_reset_v,17,2545.89404296875,608.4100892543793,5.184705528587072e+21
gpu_seed1101_ckpt300_reset_v,18,2555.41455078125,557.0630334218343,5.184705528587072e+21
gpu_seed1101_ckpt300_reset_v,19,2564.102783203125,531.8613579273224,5.184705528587072e+21
gpu_seed1101_ckpt300_reset_v,20,2571.784423828125,492.03602417310077,5.184705528587072e+21
gpu_seed1101_ckpt300_stale_m,0,0.0,0.0,0.0
gpu_seed1101_ckpt300_stale_m,1,0.030162250623106956,0.02104663848876953,0.3483314418455663
gpu_seed1101_ckpt300_stale_m,2,0.05676303058862686,0.03063853581746434,0.48988566073620987
gpu_seed1101_ckpt300_stale_m,3,0.07986721396446228,0.025087277094523408,0.3835447534248324
gpu_seed1101_ckpt300_stale_m,4,0.0994739830493927,0.01690022150675441,0.24787356647862957
gpu_seed1101_ckpt300_stale_m,5,0.11599168181419373,0.006299018859863281,0.08995454983260309
gpu_seed1101_ckpt300_stale_m,6,0.12998256087303162,0.0036910374959306935,0.051942685061106886
gpu_seed1101_ckpt300_stale_m,7,0.14193829894065857,0.009773333867391099,0.13611592501287895
gpu_seed1101_ckpt300_stale_m,8,0.15237894654273987,0.014469703038533677,0.20082804301907764
gpu_seed1101_ckpt300_stale_m,9,0.16166606545448303,0.012705961863199722,0.17526501748979229
gpu_seed1101_ckpt300_stale_m,10,0.17005810141563416,0.008927981058756806,0.12267723991616997
gpu_seed1101_ckpt300_stale_m,11,0.1776844561100006,0.0069828033447265625,0.09528164756994428
gpu_seed1101_ckpt300_stale_m,12,0.18475675582885742,0.008220434188842773,0.11111431501047875
gpu_seed1101_ckpt300_stale_m,13,0.19122041761875153,0.01125820477803563,0.14991329669480358
gpu_seed1101_ckpt300_stale_m,14,0.1971054971218109,0.014995416005452622,0.19730954193463113
gpu_seed1101_ckpt300_stale_m,15,0.20234698057174683,0.015791257222493638,0.2059542370741525
gpu_seed1101_ckpt300_stale_m,16,0.20709703862667084,0.013467550277709961,0.17436898747734375
gpu_seed1101_ckpt300_stale_m,17,0.21136531233787537,0.011502106984456528,0.14883493091898714
gpu_seed1101_ckpt300_stale_m,18,0.21527470648288727,0.010821421941121567,0.14054425197929632
gpu_seed1101_ckpt300_stale_m,19,0.21875925362110138,0.010833342870076645,0.1416628767640571
gpu_seed1101_ckpt300_stale_m,20,0.22183313965797424,0.012918949127197266,0.17139398079912205
gpu_seed1101_ckpt300_stale_v,0,0.0,0.0,0.0
gpu_seed1101_ckpt300_stale_v,1,0.000495109532494098,2.1457672119140625e-06,3.5888415045093325e-05
gpu_seed1101_ckpt300_stale_v,2,0.0009551271796226501,0.00010323524475097656,0.0016761512941592116
gpu_seed1101_ckpt300_stale_v,3,0.001519293524324894,0.0002300739288330078,0.0035621822349511945
gpu_seed1101_ckpt300_stale_v,4,0.0021459676790982485,0.0003198782602944483,0.004732130084498465
gpu_seed1101_ckpt300_stale_v,5,0.002754317596554756,0.00030922889709472656,0.00443062041056308
gpu_seed1101_ckpt300_stale_v,6,0.003298215800896287,0.0002969106038408498,0.004171232299027494
gpu_seed1101_ckpt300_stale_v,7,0.0038093558978289366,0.00029921531677246094,0.0041475441675853375
gpu_seed1101_ckpt300_stale_v,8,0.004287410527467728,0.00030597050984715324,0.004216624286184967
gpu_seed1101_ckpt300_stale_v,9,0.004736274480819702,0.00038210550943995614,0.005238319485870946
gpu_seed1101_ckpt300_stale_v,10,0.00515274191275239,0.00044743220011422835,0.006122023679893118
gpu_seed1101_ckpt300_stale_v,11,0.0055253650061786175,0.0005000432332358251,0.006801088250391274
gpu_seed1101_ckpt300_stale_v,12,0.005871188826858997,0.0005636215209960938,0.007589251607207359
gpu_seed1101_ckpt300_stale_v,13,0.006186156067997217,0.000621477762858369,0.008231606132680369
gpu_seed1101_ckpt300_stale_v,14,0.006493873428553343,0.0006076494852700343,0.007938060014906156
gpu_seed1101_ckpt300_stale_v,15,0.006782999262213707,0.0005515416463217626,0.007138690696502081
gpu_seed1101_ckpt300_stale_v,16,0.007054699119180441,0.0004928906758623341,0.0063403108894437565
gpu_seed1101_ckpt300_stale_v,17,0.007323082536458969,0.0004228750864667674,0.005441659354115558
gpu_seed1101_ckpt300_stale_v,18,0.007579116150736809,0.0003925164540610204,0.005071306973979617
gpu_seed1101_ckpt300_stale_v,19,0.007828069850802422,0.0003712177276611328,0.004828901351245918
gpu_seed1101_ckpt300_stale_v,20,0.008053610101342201,0.00036509831746434074,0.004813369009980306
gpu_seed1101_ckpt300_stale_mv,0,0.0,0.0,0.0
gpu_seed1101_ckpt300_stale_mv,1,0.030173666775226593,0.020964940388997544,0.3469934255677316
gpu_seed1101_ckpt300_stale_mv,2,0.056789886206388474,0.030447403589884736,0.4868758992095952
gpu_seed1101_ckpt300_stale_mv,3,0.07991030067205429,0.024853070576985825,0.3800084189683197
gpu_seed1101_ckpt300_stale_mv,4,0.09952182322740555,0.016633033752441406,0.24398725698046775
gpu_seed1101_ckpt300_stale_mv,5,0.11604728549718857,0.0060654481252031545,0.0866290966326222
gpu_seed1101_ckpt300_stale_mv,6,0.13004542887210846,0.003916581471760772,0.05512290678389675
gpu_seed1101_ckpt300_stale_mv,7,0.1419985294342041,0.010013818740844727,0.13948202268855603
gpu_seed1101_ckpt300_stale_mv,8,0.15242920815944672,0.014716704686482895,0.20428151942365602
gpu_seed1101_ckpt300_stale_mv,9,0.16169701516628265,0.012996832529703628,0.17930339510189697
gpu_seed1101_ckpt300_stale_mv,10,0.17006614804267883,0.009239276250203599,0.12697446390100176
gpu_seed1101_ckpt300_stale_mv,11,0.17766177654266357,0.007273753484090317,0.09926617307557883
gpu_seed1101_ckpt300_stale_mv,12,0.18470880389213562,0.008535623550415039,0.11539288926060642
gpu_seed1101_ckpt300_stale_mv,13,0.19114898145198822,0.011651118596395005,0.15517584422190467
gpu_seed1101_ckpt300_stale_mv,14,0.1970137655735016,0.015466928482055664,0.20356180574716198
gpu_seed1101_ckpt300_stale_mv,15,0.20223094522953033,0.01632126172383641,0.21292328082602374
gpu_seed1101_ckpt300_stale_mv,16,0.20695631206035614,0.014026006062825225,0.1816503367935951
gpu_seed1101_ckpt300_stale_mv,17,0.21120044589042664,0.012015819549560547,0.15552228730871676
gpu_seed1101_ckpt300_stale_mv,18,0.2150912880897522,0.011225541432698716,0.14582230847468836
gpu_seed1101_ckpt300_stale_mv,19,0.21856415271759033,0.011177221934000503,0.14618481145269513
gpu_seed1101_ckpt300_stale_mv,20,0.2216375172138214,0.013187964757283677,0.17498656208102403
gpu_seed1101_ckpt300_model_current_optimizer_stale,0,0.0,0.0,0.0
gpu_seed1101_ckpt300_model_current_optimizer_stale,1,0.04767442122101784,0.03724551200866699,0.6114816531549643
gpu_seed1101_ckpt300_model_current_optimizer_stale,2,0.09114757925271988,0.05694246292114258,0.898654656230164
gpu_seed1101_ckpt300_model_current_optimizer_stale,3,0.13039690256118774,0.038013458251953125,0.5774412110856417
gpu_seed1101_ckpt300_model_current_optimizer_stale,4,0.16231577098369598,0.030695756276448716,0.4471285239925553
gpu_seed1101_ckpt300_model_current_optimizer_stale,5,0.18966102600097656,0.020199696222940933,0.28647269642629425
gpu_seed1101_ckpt300_model_current_optimizer_stale,6,0.2128957062959671,0.024748881657918442,0.34337344430959504
gpu_seed1101_ckpt300_model_current_optimizer_stale,7,0.23480919003486633,0.02854601542154933,0.3900351757317928
gpu_seed1101_ckpt300_model_current_optimizer_stale,8,0.2556949257850647,0.02797675132751465,0.3801502363589435
gpu_seed1101_ckpt300_model_current_optimizer_stale,9,0.27544906735420227,0.033325910568237305,0.44925322064734274
gpu_seed1101_ckpt300_model_current_optimizer_stale,10,0.29451149702072144,0.0298687616984048,0.40254834902474634
gpu_seed1101_ckpt300_model_current_optimizer_stale,11,0.3124304711818695,0.017475605010986328,0.23556200115627668
gpu_seed1101_ckpt300_model_current_optimizer_stale,12,0.3289596140384674,0.03485401471455907,0.46110021901395193
gpu_seed1101_ckpt300_model_current_optimizer_stale,13,0.3444339334964752,0.06122700373331691,0.7863929199451043
gpu_seed1101_ckpt300_model_current_optimizer_stale,14,0.3594849407672882,0.06572413444519043,0.8307311825417756
gpu_seed1101_ckpt300_model_current_optimizer_stale,15,0.37419289350509644,0.04459039370218898,0.5643065456095613
gpu_seed1101_ckpt300_model_current_optimizer_stale,16,0.3872312903404236,0.01745382944742868,0.22251490450134348
gpu_seed1101_ckpt300_model_current_optimizer_stale,17,0.39836087822914124,0.014562845230102539,0.1860009715006843
gpu_seed1101_ckpt300_model_current_optimizer_stale,18,0.408486545085907,0.02575763066609671,0.328474390258652
gpu_seed1101_ckpt300_model_current_optimizer_stale,19,0.4186045229434967,0.04599912961324071,0.5847070525909519
gpu_seed1101_ckpt300_model_current_optimizer_stale,20,0.42930054664611816,0.04431478182474757,0.5713751678960435
gpu_seed1101_ckpt300_step_counter_mismatch,0,0.0,0.0,0.0
gpu_seed1101_ckpt300_step_counter_mismatch,1,0.0008141894359141588,5.125999450683594e-05,0.000857357253067903
gpu_seed1101_ckpt300_step_counter_mismatch,2,0.0015854198718443513,0.0008918444315590968,0.014485903525315535
gpu_seed1101_ckpt300_step_counter_mismatch,3,0.0024560699239373207,0.00186403592427542,0.02888403582034904
gpu_seed1101_ckpt300_step_counter_mismatch,4,0.0033510946668684483,0.0024429957071938624,0.03617893583637688
gpu_seed1101_ckpt300_step_counter_mismatch,5,0.004235622473061085,0.00233213106791208,0.03344851113802605
gpu_seed1101_ckpt300_step_counter_mismatch,6,0.00500782486051321,0.0023117860158281545,0.03251052033919066
gpu_seed1101_ckpt300_step_counter_mismatch,7,0.005742852576076984,0.002321481704711914,0.03221155488892791
gpu_seed1101_ckpt300_step_counter_mismatch,8,0.0064393263310194016,0.0021282037099203954,0.029355825991340012
gpu_seed1101_ckpt300_step_counter_mismatch,9,0.007098674774169922,0.0022950172424316406,0.03149271564277534
gpu_seed1101_ckpt300_step_counter_mismatch,10,0.00774327851831913,0.002468585968017578,0.033810766794029945
gpu_seed1101_ckpt300_step_counter_mismatch,11,0.008364723064005375,0.0030115445454916845,0.041011501729173006
gpu_seed1101_ckpt300_step_counter_mismatch,12,0.008967331610620022,0.003643353780110825,0.049133954352285514
gpu_seed1101_ckpt300_step_counter_mismatch,13,0.009562849067151546,0.004405657450358369,0.058464438566355525
gpu_seed1101_ckpt300_step_counter_mismatch,14,0.010165229439735413,0.004537502924601089,0.059392538017450036
gpu_seed1101_ckpt300_step_counter_mismatch,15,0.010748530738055706,0.00412329037984227,0.053463830657602074
gpu_seed1101_ckpt300_step_counter_mismatch,16,0.011297647841274738,0.0035160382588701466,0.04529708246559849
gpu_seed1101_ckpt300_step_counter_mismatch,17,0.011814817786216736,0.0027507940928144237,0.03543912332142796
gpu_seed1101_ckpt300_step_counter_mismatch,18,0.01229812204837799,0.0021323362986249705,0.0275737357672714
gpu_seed1101_ckpt300_step_counter_mismatch,19,0.012739391066133976,0.0020035902659096827,0.026084533481540717
gpu_seed1101_ckpt300_step_counter_mismatch,20,0.013183163478970528,0.0019139448801674952,0.02525254443395042
gpu_seed1101_ckpt300_scheduler_mismatch,0,0.0,0.0,0.0
gpu_seed1101_ckpt300_scheduler_mismatch,1,0.0,0.0,0.0
gpu_seed1101_ckpt300_scheduler_mismatch,2,0.0,0.0,0.0
gpu_seed1101_ckpt300_scheduler_mismatch,3,0.0,0.0,0.0
gpu_seed1101_ckpt300_scheduler_mismatch,4,0.0,0.0,0.0
gpu_seed1101_ckpt300_scheduler_mismatch,5,0.0,0.0,0.0
gpu_seed1101_ckpt300_scheduler_mismatch,6,0.0,0.0,0.0
gpu_seed1101_ckpt300_scheduler_mismatch,7,0.0,0.0,0.0
gpu_seed1101_ckpt300_scheduler_mismatch,8,0.0,0.0,0.0
gpu_seed1101_ckpt300_scheduler_mismatch,9,0.0,0.0,0.0
gpu_seed1101_ckpt300_scheduler_mismatch,10,0.0,0.0,0.0
gpu_seed1101_ckpt300_scheduler_mismatch,11,0.0,0.0,0.0
gpu_seed1101_ckpt300_scheduler_mismatch,12,0.0,0.0,0.0
gpu_seed1101_ckpt300_scheduler_mismatch,13,0.0,0.0,0.0
gpu_seed1101_ckpt300_scheduler_mismatch,14,0.0,0.0,0.0
gpu_seed1101_ckpt300_scheduler_mismatch,15,0.0,0.0,0.0
gpu_seed1101_ckpt300_scheduler_mismatch,16,0.0,0.0,0.0
gpu_seed1101_ckpt300_scheduler_mismatch,17,0.0,0.0,0.0
gpu_seed1101_ckpt300_scheduler_mismatch,18,0.0,0.0,0.0
gpu_seed1101_ckpt300_scheduler_mismatch,19,0.0,0.0,0.0
gpu_seed1101_ckpt300_scheduler_mismatch,20,0.0,0.0,0.0
gpu_seed1101_ckpt300_optimizer_reset,0,0.0,0.0,0.0
gpu_seed1101_ckpt300_optimizer_reset,1,3.380509376525879,14.440285603205362,31239801.23514447
gpu_seed1101_ckpt300_optimizer_reset,2,4.788663387298584,8.855379740397135,113826.51090081602
gpu_seed1101_ckpt300_optimizer_reset,3,6.11093807220459,9.173904418945312,149255.3087320574
gpu_seed1101_ckpt300_optimizer_reset,4,7.341226577758789,8.052659193674723,46461.12281621131
gpu_seed1101_ckpt300_optimizer_reset,5,8.456459999084473,11.11787001291911,965029.2401287903
gpu_seed1101_ckpt300_optimizer_reset,6,9.47697925567627,12.378183523813883,3336945.900438614
gpu_seed1101_ckpt300_optimizer_reset,7,10.39976692199707,8.120579481124878,46594.6358616083
gpu_seed1101_ckpt300_optimizer_reset,8,11.254308700561523,7.528675238291422,25624.035721445365
gpu_seed1101_ckpt300_optimizer_reset,9,12.05516242980957,5.393190622329712,3000.4003096921174
gpu_seed1101_ckpt300_optimizer_reset,10,12.784454345703125,5.82854191462199,4635.4773379491
gpu_seed1101_ckpt300_optimizer_reset,11,13.479402542114258,6.653702259063721,10533.390194577863
gpu_seed1101_ckpt300_optimizer_reset,12,14.141342163085938,6.198467413584391,6609.45366578861
gpu_seed1101_ckpt300_optimizer_reset,13,14.76617431640625,5.4735864003499355,3142.2895232337437
gpu_seed1101_ckpt300_optimizer_reset,14,15.357165336608887,4.804425001144409,1580.8532030789474
gpu_seed1101_ckpt300_optimizer_reset,15,15.920475006103516,5.2452099323272705,2441.126266806929
gpu_seed1101_ckpt300_optimizer_reset,16,16.457942962646484,5.060267686843872,2014.3520275580652
gpu_seed1101_ckpt300_optimizer_reset,17,16.97054672241211,6.535926103591919,8857.552028459462
gpu_seed1101_ckpt300_optimizer_reset,18,17.450716018676758,5.512996991475424,3189.2273632309825
gpu_seed1101_ckpt300_optimizer_reset,19,17.902620315551758,4.648492415746053,1345.1625344888998
gpu_seed1101_ckpt300_optimizer_reset,20,18.33888816833496,3.700469732284546,520.2194035704837
gpu_seed1102_ckpt75_exact_restore,0,0.0,0.0,0.0
gpu_seed1102_ckpt75_exact_restore,1,0.0,0.0,0.0
gpu_seed1102_ckpt75_exact_restore,2,0.0,0.0,0.0
gpu_seed1102_ckpt75_exact_restore,3,0.0,0.0,0.0
gpu_seed1102_ckpt75_exact_restore,4,0.0,0.0,0.0
gpu_seed1102_ckpt75_exact_restore,5,0.0,0.0,0.0
gpu_seed1102_ckpt75_exact_restore,6,0.0,0.0,0.0
gpu_seed1102_ckpt75_exact_restore,7,0.0,0.0,0.0
gpu_seed1102_ckpt75_exact_restore,8,0.0,0.0,0.0
gpu_seed1102_ckpt75_exact_restore,9,0.0,0.0,0.0
gpu_seed1102_ckpt75_exact_restore,10,0.0,0.0,0.0
gpu_seed1102_ckpt75_exact_restore,11,0.0,0.0,0.0
gpu_seed1102_ckpt75_exact_restore,12,0.0,0.0,0.0
gpu_seed1102_ckpt75_exact_restore,13,0.0,0.0,0.0
gpu_seed1102_ckpt75_exact_restore,14,0.0,0.0,0.0
gpu_seed1102_ckpt75_exact_restore,15,0.0,0.0,0.0
gpu_seed1102_ckpt75_exact_restore,16,0.0,0.0,0.0
gpu_seed1102_ckpt75_exact_restore,17,0.0,0.0,0.0
gpu_seed1102_ckpt75_exact_restore,18,0.0,0.0,0.0
gpu_seed1102_ckpt75_exact_restore,19,0.0,0.0,0.0
gpu_seed1102_ckpt75_exact_restore,20,0.0,0.0,0.0
gpu_seed1102_ckpt75_benign_nonzero,0,7.450580596923828e-09,0.0,0.0
gpu_seed1102_ckpt75_benign_nonzero,1,0.0002833960170391947,1.5894571880892272e-07,2.0767904544527482e-05
gpu_seed1102_ckpt75_benign_nonzero,2,0.0006870125653222203,0.0,0.0
gpu_seed1102_ckpt75_benign_nonzero,3,0.0012416940880939364,7.947286029263978e-08,5.5650196628675985e-06
gpu_seed1102_ckpt75_benign_nonzero,4,0.0019345274195075035,2.384185791015625e-07,1.510696129258804e-05
gpu_seed1102_ckpt75_benign_nonzero,5,0.002784288953989744,1.5894571969710114e-07,9.034842186395053e-06
gpu_seed1102_ckpt75_benign_nonzero,6,0.0038099228404462337,7.947285984855057e-08,4.2705100185003175e-06
gpu_seed1102_ckpt75_benign_nonzero,7,0.004866632167249918,0.0,0.0
gpu_seed1102_ckpt75_benign_nonzero,8,0.005973540712147951,7.947285984855057e-08,4.274953582239505e-06
gpu_seed1102_ckpt75_benign_nonzero,9,0.0069681075401604176,3.9736429879866364e-07,2.2075710482738486e-05
gpu_seed1102_ckpt75_benign_nonzero,10,0.00793161615729332,3.178914393942023e-07,1.9772369057591277e-05
gpu_seed1102_ckpt75_benign_nonzero,11,0.008803040720522404,4.76837158203125e-07,4.307449745510894e-05
gpu_seed1102_ckpt75_benign_nonzero,12,0.009652896784245968,1.5894571969710114e-07,1.2015298722189982e-05
gpu_seed1102_ckpt75_benign_nonzero,13,0.010525865480303764,8.58306884765625e-06,0.0006759742945376956
gpu_seed1102_ckpt75_benign_nonzero,14,0.01134394109249115,3.3060709635712726e-05,0.0025305493119134326
gpu_seed1102_ckpt75_benign_nonzero,15,0.012140056118369102,4.5299530029296875e-06,0.00025125580145157755
gpu_seed1102_ckpt75_benign_nonzero,16,0.012906606309115887,0.00029540061950683594,0.021321071351437126
gpu_seed1102_ckpt75_benign_nonzero,17,0.01371300034224987,5.1021575927734375e-05,0.00289360314492626
gpu_seed1102_ckpt75_benign_nonzero,18,0.014495103619992733,0.00014225641886334017,0.009938889820134023
gpu_seed1102_ckpt75_benign_nonzero,19,0.015278001315891743,0.0003102620442705373,0.019048299227804932
gpu_seed1102_ckpt75_benign_nonzero,20,0.016152726486325264,0.0002335707346601268,0.014319061463488936
gpu_seed1102_ckpt75_reset_m,0,0.0,0.0,0.0
gpu_seed1102_ckpt75_reset_m,1,0.3914386034011841,0.42733081181844046,45.437437769666005
gpu_seed1102_ckpt75_reset_m,2,0.7326321601867676,0.46419032414754247,31.217736015724185
gpu_seed1102_ckpt75_reset_m,3,1.0281057357788086,0.11809007326761911,7.79956987707191
gpu_seed1102_ckpt75_reset_m,4,1.2938252687454224,0.7974372704823809,34.81921978893392
gpu_seed1102_ckpt75_reset_m,5,1.580438494682312,0.28914451599121094,14.272880069975265
gpu_seed1102_ckpt75_reset_m,6,1.8474011421203613,0.473703702290853,32.559981698297904
gpu_seed1102_ckpt75_reset_m,7,2.117992639541626,0.06603272755940814,7.141175372819845
gpu_seed1102_ckpt75_reset_m,8,2.3855841159820557,0.4169874191284175,27.83076144710411
gpu_seed1102_ckpt75_reset_m,9,2.6592600345611572,0.8602023124694824,75.75744044165727
gpu_seed1102_ckpt75_reset_m,10,2.929478406906128,0.2602190176645909,18.486276861246758
gpu_seed1102_ckpt75_reset_m,11,3.191819906234741,0.29195626576741507,30.627170540355593
gpu_seed1102_ckpt75_reset_m,12,3.4454996585845947,0.4279812177022295,40.37893965507563
gpu_seed1102_ckpt75_reset_m,13,3.6882541179656982,0.22548476854960153,15.898747657327682
gpu_seed1102_ckpt75_reset_m,14,3.9384548664093018,0.38303073247273733,35.72474304987877
gpu_seed1102_ckpt75_reset_m,15,4.185009479522705,0.5228540102640782,38.09551559155927
gpu_seed1102_ckpt75_reset_m,16,4.424185752868652,0.00689387321472168,0.49579328596026073
gpu_seed1102_ckpt75_reset_m,17,4.652801513671875,0.15747515360514353,9.672799009539318
gpu_seed1102_ckpt75_reset_m,18,4.877305030822754,0.053314208984375,3.8262058550334785
gpu_seed1102_ckpt75_reset_m,19,5.084600925445557,0.06340694427490234,3.772557403745637
gpu_seed1102_ckpt75_reset_m,20,5.286141872406006,0.07347861925760846,4.342585815000682
gpu_seed1102_ckpt75_reset_v,0,0.0,0.0,0.0
gpu_seed1102_ckpt75_reset_v,1,48191.125,25539791525.794067,5.184705528587072e+21
gpu_seed1102_ckpt75_reset_v,2,70431.453125,24539495760.901752,5.184705528587072e+21
gpu_seed1102_ckpt75_reset_v,3,89505.3671875,23358723409.08449,5.184705528587072e+21
gpu_seed1102_ckpt75_reset_v,4,107587.2421875,23288592379.851116,5.184705528587072e+21
gpu_seed1102_ckpt75_reset_v,5,123649.4375,21571633147.95972,5.184705528587072e+21
gpu_seed1102_ckpt75_reset_v,6,138322.3125,20615594662.682594,5.184705528587072e+21
gpu_seed1102_ckpt75_reset_v,7,151519.75,20110832294.016384,5.184705528587072e+21
gpu_seed1102_ckpt75_reset_v,8,163563.265625,19759211857.34822,5.184705528587072e+21
gpu_seed1102_ckpt75_reset_v,9,174132.03125,19337150459.98262,5.184705528587072e+21
gpu_seed1102_ckpt75_reset_v,10,183723.109375,19334961830.53634,5.184705528587072e+21
gpu_seed1102_ckpt75_reset_v,11,192415.640625,19006197072.82982,5.184705528587072e+21
gpu_seed1102_ckpt75_reset_v,12,200276.96875,18665754619.674625,5.184705528587072e+21
gpu_seed1102_ckpt75_reset_v,13,207375.828125,18331706704.966965,5.184705528587072e+21
gpu_seed1102_ckpt75_reset_v,14,213784.75,17923673424.99547,5.184705528587072e+21
gpu_seed1102_ckpt75_reset_v,15,219570.359375,17644132689.317574,5.184705528587072e+21
gpu_seed1102_ckpt75_reset_v,16,224789.8125,17445968891.721027,5.184705528587072e+21
gpu_seed1102_ckpt75_reset_v,17,229494.1875,17261559803.961964,5.184705528587072e+21
gpu_seed1102_ckpt75_reset_v,18,233736.96875,16982049105.086683,5.184705528587072e+21
gpu_seed1102_ckpt75_reset_v,19,237558.625,16691750907.882528,5.184705528587072e+21
gpu_seed1102_ckpt75_reset_v,20,241002.953125,16328165713.217588,5.184705528587072e+21
gpu_seed1102_ckpt75_stale_m,0,0.0,0.0,0.0
gpu_seed1102_ckpt75_stale_m,1,0.7003878951072693,0.36960331598917584,40.37295787181628
gpu_seed1102_ckpt75_stale_m,2,1.3268812894821167,0.37066133817037006,26.036544905369134
gpu_seed1102_ckpt75_stale_m,3,1.8876570463180542,0.14059901237487793,9.184533764369675
gpu_seed1102_ckpt75_stale_m,4,2.395099639892578,0.45566964149475053,23.189455966698887
gpu_seed1102_ckpt75_stale_m,5,2.8831934928894043,0.2274869283040366,11.565545079990208
gpu_seed1102_ckpt75_stale_m,6,3.3414859771728516,0.6449799537658687,48.68157104537123
gpu_seed1102_ckpt75_stale_m,7,3.7755422592163086,0.5503703753153486,76.77621892990253
gpu_seed1102_ckpt75_stale_m,8,4.16994047164917,0.9981360435485835,92.15643397786012
gpu_seed1102_ckpt75_stale_m,9,4.542462348937988,0.8183121681213379,70.37034922238185
gpu_seed1102_ckpt75_stale_m,10,4.892096519470215,0.4750336805979405,37.820942604241985
gpu_seed1102_ckpt75_stale_m,11,5.225638389587402,0.16869688034057617,14.02297226795281
gpu_seed1102_ckpt75_stale_m,12,5.54399299621582,0.34987227121988873,31.665177830462653
gpu_seed1102_ckpt75_stale_m,13,5.835899353027344,2.8706917762756348,1311.2437367065788
gpu_seed1102_ckpt75_stale_m,14,6.097441673278809,1.5574021339416504,286.7692592123508
gpu_seed1102_ckpt75_stale_m,15,6.3860087394714355,1.5394606590270996,203.11812083038043
gpu_seed1102_ckpt75_stale_m,16,6.688183784484863,1.7571505705515547,346.1015055790295
gpu_seed1102_ckpt75_stale_m,17,6.992802143096924,1.7250862916310625,261.625540035104
gpu_seed1102_ckpt75_stale_m,18,7.286390781402588,1.6853079795837402,307.0209508530282
gpu_seed1102_ckpt75_stale_m,19,7.562761306762695,1.4433023929595947,198.62009952980412
gpu_seed1102_ckpt75_stale_m,20,7.836328983306885,1.3707575003306074,180.11355466158264
gpu_seed1102_ckpt75_stale_v,0,0.0,0.0,0.0
gpu_seed1102_ckpt75_stale_v,1,2176.170166015625,31.29610999425252,5103542719683449.0
gpu_seed1102_ckpt75_stale_v,2,4134.53515625,1.0988071759541826,168.17745856206793
gpu_seed1102_ckpt75_stale_v,3,5897.00830078125,1.0648260911305742,133.06932063590256
gpu_seed1102_ckpt75_stale_v,4,7483.17529296875,0.4921894073486328,40.29227219240022
gpu_seed1102_ckpt75_stale_v,5,8910.6708984375,0.6942595640818281,56.96884778696159
gpu_seed1102_ckpt75_stale_v,6,10195.3671875,0.9187316894531246,80.9314961250572
gpu_seed1102_ckpt75_stale_v,7,11351.548828125,0.23342005411783884,27.5044467739187
gpu_seed1102_ckpt75_stale_v,8,12392.0732421875,0.8940876324971518,77.73411592782487
gpu_seed1102_ckpt75_stale_v,9,13328.509765625,1.7502438227335606,264.2216012105038
gpu_seed1102_ckpt75_stale_v,10,14171.2666015625,2.3509660561879473,590.6186069972091
gpu_seed1102_ckpt75_stale_v,11,14929.7177734375,2.9585849444071446,1650.460074582705
gpu_seed1102_ckpt75_stale_v,12,15612.294921875,2.914276123046875,1318.0116343668228
gpu_seed1102_ckpt75_stale_v,13,16226.583984375,2.2871359189351397,696.7396551181911
gpu_seed1102_ckpt75_stale_v,14,16779.41796875,2.2394622166951494,642.0706031969098
gpu_seed1102_ckpt75_stale_v,15,17276.943359375,2.9619544347127276,1016.9966241336514
gpu_seed1102_ckpt75_stale_v,16,17724.689453125,2.155486027399699,550.7780827407454
gpu_seed1102_ckpt75_stale_v,17,18127.63671875,2.7204237778981524,804.5986484318712
gpu_seed1102_ckpt75_stale_v,18,18490.265625,2.463837941487631,751.1005786852191
gpu_seed1102_ckpt75_stale_v,19,18816.611328125,2.560130039850871,733.0072932576693
gpu_seed1102_ckpt75_stale_v,20,19110.296875,1.6211537520090742,248.80338985128958
gpu_seed1102_ckpt75_stale_mv,0,0.0,0.0,0.0
gpu_seed1102_ckpt75_stale_mv,1,0.7939260601997375,0.4074246088663731,43.72397512623874
gpu_seed1102_ckpt75_stale_mv,2,1.4988588094711304,0.297946373621623,21.65987300607005
gpu_seed1102_ckpt75_stale_mv,3,2.1298840045928955,0.12349581718444824,8.135032519570501
gpu_seed1102_ckpt75_stale_mv,4,2.7054495811462402,0.22423942883809378,12.728159359192205
gpu_seed1102_ckpt75_stale_mv,5,3.259695053100586,0.09895269076029445,5.355367073263544
gpu_seed1102_ckpt75_stale_mv,6,3.7910919189453125,0.824493726094564,68.82038209308065
gpu_seed1102_ckpt75_stale_mv,7,4.294393062591553,0.5461324055989589,76.00911631155695
gpu_seed1102_ckpt75_stale_mv,8,4.754884719848633,0.9376810391743979,83.59457030416941
gpu_seed1102_ckpt75_stale_mv,9,5.182871341705322,0.6552575429280596,51.424169693454274
gpu_seed1102_ckpt75_stale_mv,10,5.5852813720703125,0.16613531112670898,11.24131347627813
gpu_seed1102_ckpt75_stale_mv,11,5.959237575531006,0.3912955919901533,29.25186502742396
gpu_seed1102_ckpt75_stale_mv,12,6.315563201904297,0.7001352310180664,76.65393478606885
gpu_seed1102_ckpt75_stale_mv,13,6.629577159881592,1.5751425425211592,301.7521498880145
gpu_seed1102_ckpt75_stale_mv,14,6.918190002441406,1.4629866282145176,254.03643185809736
gpu_seed1102_ckpt75_stale_mv,15,7.2225117683410645,2.153138955434163,422.1934957651549
gpu_seed1102_ckpt75_stale_mv,16,7.539605140686035,2.158746798833211,552.8126768363786
gpu_seed1102_ckpt75_stale_mv,17,7.85675048828125,2.235324939092,473.5410746694606
gpu_seed1102_ckpt75_stale_mv,18,8.166282653808594,2.0353619257609052,464.99298553939485
gpu_seed1102_ckpt75_stale_mv,19,8.463250160217285,2.1114734808603925,445.81605592493383
gpu_seed1102_ckpt75_stale_mv,20,8.756280899047852,1.8331539630889893,322.03322818976295
gpu_seed1102_ckpt75_model_current_optimizer_stale,0,0.0,0.0,0.0
gpu_seed1102_ckpt75_model_current_optimizer_stale,1,0.6865429282188416,0.3503252665201817,38.61550701831973
gpu_seed1102_ckpt75_model_current_optimizer_stale,2,1.2975445985794067,0.3935699462890625,27.35076566462493
gpu_seed1102_ckpt75_model_current_optimizer_stale,3,1.8456249237060547,0.14718381563822458,9.58383459866694
gpu_seed1102_ckpt75_model_current_optimizer_stale,4,2.337618589401245,0.5287601153055825,26.02103254101675
gpu_seed1102_ckpt75_model_current_optimizer_stale,5,2.810692548751831,0.25341780980428075,12.724520111076302
gpu_seed1102_ckpt75_model_current_optimizer_stale,6,3.2541308403015137,0.4366978009541831,29.424907221057808
gpu_seed1102_ckpt75_model_current_optimizer_stale,7,3.6799557209014893,0.45848925908406635,60.85256094094957
gpu_seed1102_ckpt75_model_current_optimizer_stale,8,4.068966865539551,0.8330399195353189,69.94496000852449
gpu_seed1102_ckpt75_model_current_optimizer_stale,9,4.439611434936523,0.6897867520650225,55.18260253463821
gpu_seed1102_ckpt75_model_current_optimizer_stale,10,4.78823184967041,0.3454285462697344,25.66280154081604
gpu_seed1102_ckpt75_model_current_optimizer_stale,11,5.117932319641113,0.1355758508046474,11.45315687368327
gpu_seed1102_ckpt75_model_current_optimizer_stale,12,5.432583332061768,0.19025810559590628,15.84155431843412
gpu_seed1102_ckpt75_model_current_optimizer_stale,13,5.722133636474609,1.0919036865234375,155.93435874680756
gpu_seed1102_ckpt75_model_current_optimizer_stale,14,5.977242946624756,0.3785538673400879,35.2232554706425
gpu_seed1102_ckpt75_model_current_optimizer_stale,15,6.236007213592529,0.7551741600036621,62.56387308421447
gpu_seed1102_ckpt75_model_current_optimizer_stale,16,6.492579936981201,0.5605013370513916,54.236490972391266
gpu_seed1102_ckpt75_model_current_optimizer_stale,17,6.740813255310059,0.6619344552357989,53.22900834721018
gpu_seed1102_ckpt75_model_current_optimizer_stale,18,6.978198051452637,0.3021375338236494,24.646800327224142
gpu_seed1102_ckpt75_model_current_optimizer_stale,19,7.199117183685303,0.20425963401794434,13.915109034336858
gpu_seed1102_ckpt75_model_current_optimizer_stale,20,7.40891695022583,0.39365283648173044,29.569225373136256
gpu_seed1102_ckpt75_step_counter_mismatch,0,0.0,0.0,0.0
gpu_seed1102_ckpt75_step_counter_mismatch,1,0.07152987271547318,0.0018221537272138377,0.23830032154180003
gpu_seed1102_ckpt75_step_counter_mismatch,2,0.1438826322555542,0.09028037389119525,7.256839736888622
gpu_seed1102_ckpt75_step_counter_mismatch,3,0.20935988426208496,0.21697394053141306,13.658145197050835
gpu_seed1102_ckpt75_step_counter_mismatch,4,0.2899283766746521,0.1504902044932046,8.852715585376913
gpu_seed1102_ckpt75_step_counter_mismatch,5,0.38742557168006897,0.1778047879536948,9.259282498855995
gpu_seed1102_ckpt75_step_counter_mismatch,6,0.48303160071372986,0.3820417722066245,17.062804324602496
gpu_seed1102_ckpt75_step_counter_mismatch,7,0.5779755711555481,0.5208006699879961,42.46889174440615
gpu_seed1102_ckpt75_step_counter_mismatch,8,0.6776332259178162,0.2840142250061035,13.299596087421513
gpu_seed1102_ckpt75_step_counter_mismatch,9,0.7794390320777893,0.5026644865671797,21.948992173074537
gpu_seed1102_ckpt75_step_counter_mismatch,10,0.8828247785568237,0.44972840944925974,22.528214517077302
gpu_seed1102_ckpt75_step_counter_mismatch,11,0.9963325262069702,0.22470776240030954,18.179710532954175
gpu_seed1102_ckpt75_step_counter_mismatch,12,1.1353139877319336,0.3334774176279707,21.436259127870905
gpu_seed1102_ckpt75_step_counter_mismatch,13,1.2781323194503784,0.38687268892923976,25.267029734563167
gpu_seed1102_ckpt75_step_counter_mismatch,14,1.4305684566497803,0.34218660990397165,22.18118408939005
gpu_seed1102_ckpt75_step_counter_mismatch,15,1.585002064704895,0.20496710141499852,10.279156895531976
gpu_seed1102_ckpt75_step_counter_mismatch,16,1.7280970811843872,0.2873315016428628,18.022557094578005
gpu_seed1102_ckpt75_step_counter_mismatch,17,1.873778223991394,0.16952840487162257,8.84394370432264
gpu_seed1102_ckpt75_step_counter_mismatch,18,2.0108306407928467,0.37837123870849565,22.011027204194626
gpu_seed1102_ckpt75_step_counter_mismatch,19,2.1497349739074707,0.29931584993998195,15.883602355397734
gpu_seed1102_ckpt75_step_counter_mismatch,20,2.3034846782684326,0.16105238596598292,9.118213319603562
gpu_seed1102_ckpt75_scheduler_mismatch,0,0.0,0.0,0.0
gpu_seed1102_ckpt75_scheduler_mismatch,1,0.0,0.0,0.0
gpu_seed1102_ckpt75_scheduler_mismatch,2,0.0,0.0,0.0
gpu_seed1102_ckpt75_scheduler_mismatch,3,0.0,0.0,0.0
gpu_seed1102_ckpt75_scheduler_mismatch,4,0.0,0.0,0.0
gpu_seed1102_ckpt75_scheduler_mismatch,5,0.0,0.0,0.0
gpu_seed1102_ckpt75_scheduler_mismatch,6,0.0,0.0,0.0
gpu_seed1102_ckpt75_scheduler_mismatch,7,0.0,0.0,0.0
gpu_seed1102_ckpt75_scheduler_mismatch,8,0.0,0.0,0.0
gpu_seed1102_ckpt75_scheduler_mismatch,9,0.0,0.0,0.0
gpu_seed1102_ckpt75_scheduler_mismatch,10,0.0,0.0,0.0
gpu_seed1102_ckpt75_scheduler_mismatch,11,0.0,0.0,0.0
gpu_seed1102_ckpt75_scheduler_mismatch,12,0.0,0.0,0.0
gpu_seed1102_ckpt75_scheduler_mismatch,13,0.0,0.0,0.0
gpu_seed1102_ckpt75_scheduler_mismatch,14,0.0,0.0,0.0
gpu_seed1102_ckpt75_scheduler_mismatch,15,0.0,0.0,0.0
gpu_seed1102_ckpt75_scheduler_mismatch,16,0.0,0.0,0.0
gpu_seed1102_ckpt75_scheduler_mismatch,17,0.0,0.0,0.0
gpu_seed1102_ckpt75_scheduler_mismatch,18,0.0,0.0,0.0
gpu_seed1102_ckpt75_scheduler_mismatch,19,0.0,0.0,0.0
gpu_seed1102_ckpt75_scheduler_mismatch,20,0.0,0.0,0.0
gpu_seed1102_ckpt75_optimizer_reset,0,0.0,0.0,0.0
gpu_seed1102_ckpt75_optimizer_reset,1,3.695219039916992,17.087776025136314,3445646328.678362
gpu_seed1102_ckpt75_optimizer_reset,2,5.347289085388184,11.166267395019531,5943647.00723515
gpu_seed1102_ckpt75_optimizer_reset,3,6.882765293121338,12.418973048528034,17327567.007665705
gpu_seed1102_ckpt75_optimizer_reset,4,8.191095352172852,15.22718938191732,259968836.448021
gpu_seed1102_ckpt75_optimizer_reset,5,9.376474380493164,15.261850595474243,241439967.26503855
gpu_seed1102_ckpt75_optimizer_reset,6,10.456476211547852,14.677431106567381,127229574.70026039
gpu_seed1102_ckpt75_optimizer_reset,7,11.462331771850586,12.409325281778973,25638490.944819182
gpu_seed1102_ckpt75_optimizer_reset,8,12.384416580200195,10.744911988576252,2495509.359705894
gpu_seed1102_ckpt75_optimizer_reset,9,13.215338706970215,11.242352644602459,4238497.736741075
gpu_seed1102_ckpt75_optimizer_reset,10,14.013545036315918,10.173630158106487,1629726.8039582754
gpu_seed1102_ckpt75_optimizer_reset,11,14.753548622131348,7.353301207224528,140951.63767121703
gpu_seed1102_ckpt75_optimizer_reset,12,15.45080852508545,4.579653104146321,7293.326281437662
gpu_seed1102_ckpt75_optimizer_reset,13,16.123369216918945,4.194197495778402,5142.875141730999
gpu_seed1102_ckpt75_optimizer_reset,14,16.762666702270508,4.717779795328776,8490.195408780257
gpu_seed1102_ckpt75_optimizer_reset,15,17.371362686157227,6.165700435638427,26353.48227643735
gpu_seed1102_ckpt75_optimizer_reset,16,17.939002990722656,6.592386960983276,52574.48543853945
gpu_seed1102_ckpt75_optimizer_reset,17,18.47525405883789,10.19161613782247,1513012.6163475148
gpu_seed1102_ckpt75_optimizer_reset,18,18.98212432861328,10.002240022023518,1542392.3754226805
gpu_seed1102_ckpt75_optimizer_reset,19,19.45759391784668,11.365085999170939,5296439.633527116
gpu_seed1102_ckpt75_optimizer_reset,20,19.901222229003906,9.50157109896342,820149.1631002962
gpu_seed1102_ckpt150_exact_restore,0,0.0,0.0,0.0
gpu_seed1102_ckpt150_exact_restore,1,0.0,0.0,0.0
gpu_seed1102_ckpt150_exact_restore,2,0.0,0.0,0.0
gpu_seed1102_ckpt150_exact_restore,3,0.0,0.0,0.0
gpu_seed1102_ckpt150_exact_restore,4,0.0,0.0,0.0
gpu_seed1102_ckpt150_exact_restore,5,0.0,0.0,0.0
gpu_seed1102_ckpt150_exact_restore,6,0.0,0.0,0.0
gpu_seed1102_ckpt150_exact_restore,7,0.0,0.0,0.0
gpu_seed1102_ckpt150_exact_restore,8,0.0,0.0,0.0
gpu_seed1102_ckpt150_exact_restore,9,0.0,0.0,0.0
gpu_seed1102_ckpt150_exact_restore,10,0.0,0.0,0.0
gpu_seed1102_ckpt150_exact_restore,11,0.0,0.0,0.0
gpu_seed1102_ckpt150_exact_restore,12,0.0,0.0,0.0
gpu_seed1102_ckpt150_exact_restore,13,0.0,0.0,0.0
gpu_seed1102_ckpt150_exact_restore,14,0.0,0.0,0.0
gpu_seed1102_ckpt150_exact_restore,15,0.0,0.0,0.0
gpu_seed1102_ckpt150_exact_restore,16,0.0,0.0,0.0
gpu_seed1102_ckpt150_exact_restore,17,0.0,0.0,0.0
gpu_seed1102_ckpt150_exact_restore,18,0.0,0.0,0.0
gpu_seed1102_ckpt150_exact_restore,19,0.0,0.0,0.0
gpu_seed1102_ckpt150_exact_restore,20,0.0,0.0,0.0
gpu_seed1102_ckpt150_benign_nonzero,0,1.1175870895385742e-08,0.0,0.0
gpu_seed1102_ckpt150_benign_nonzero,1,1.1175870895385742e-08,0.0,0.0
gpu_seed1102_ckpt150_benign_nonzero,2,1.1175870895385742e-08,0.0,0.0
gpu_seed1102_ckpt150_benign_nonzero,3,1.1175870895385742e-08,0.0,0.0
gpu_seed1102_ckpt150_benign_nonzero,4,1.1175870895385742e-08,0.0,0.0
gpu_seed1102_ckpt150_benign_nonzero,5,1.1175870895385742e-08,0.0,0.0
gpu_seed1102_ckpt150_benign_nonzero,6,0.0001358336885459721,7.947285940446136e-08,1.6836168121869832e-06
gpu_seed1102_ckpt150_benign_nonzero,7,0.00030768438591621816,7.947285984855057e-08,1.593937067667639e-06
gpu_seed1102_ckpt150_benign_nonzero,8,0.0005226456560194492,7.947285940446136e-08,1.6083974472280715e-06
gpu_seed1102_ckpt150_benign_nonzero,9,0.0007488655392080545,1.430511474609375e-06,2.8350203329807755e-05
gpu_seed1102_ckpt150_benign_nonzero,10,0.0009595471201464534,3.5762786865234375e-06,6.839250731971447e-05
gpu_seed1102_ckpt150_benign_nonzero,11,0.0011990769999101758,3.019968668471762e-06,5.4827646767563465e-05
gpu_seed1102_ckpt150_benign_nonzero,12,0.0014770430279895663,1.271565755356363e-06,2.7195330726925704e-05
gpu_seed1102_ckpt150_benign_nonzero,13,0.0017880642553791404,5.4836273193359375e-06,0.0001296433802586705
gpu_seed1102_ckpt150_benign_nonzero,14,0.002071835333481431,1.9470850626479574e-05,0.0004263604864291892
gpu_seed1102_ckpt150_benign_nonzero,15,0.0023677293211221695,2.8928120931137613e-05,0.0005871477714194384
gpu_seed1102_ckpt150_benign_nonzero,16,0.0027047665789723396,5.8015187582860506e-06,0.00011154246980993321
gpu_seed1102_ckpt150_benign_nonzero,17,0.003080446971580386,1.8676122029326336e-05,0.0003268345430562647
gpu_seed1102_ckpt150_benign_nonzero,18,0.0034650780726224184,5.372365315770011e-05,0.0009018528949553684
gpu_seed1102_ckpt150_benign_nonzero,19,0.00388853601180017,7.589658101414543e-05,0.001297690035379162
gpu_seed1102_ckpt150_benign_nonzero,20,0.00432006549090147,0.00013240178426077165,0.0023387689914997623
gpu_seed1102_ckpt150_reset_m,0,0.0,0.0,0.0
gpu_seed1102_ckpt150_reset_m,1,0.09582997858524323,0.08108631769816066,1.6288352911361805
gpu_seed1102_ckpt150_reset_m,2,0.1786438375711441,0.10538371404012015,2.018876103067779
gpu_seed1102_ckpt150_reset_m,3,0.2480008900165558,0.061676422754923355,1.1790092918892938
gpu_seed1102_ckpt150_reset_m,4,0.30886250734329224,0.061267455418904326,1.2198055449944043
gpu_seed1102_ckpt150_reset_m,5,0.3623962700366974,0.12038890520731638,2.512872849560331
gpu_seed1102_ckpt150_reset_m,6,0.4117979109287262,0.1603846549987793,3.1392473632672235
gpu_seed1102_ckpt150_reset_m,7,0.45677000284194946,0.1291507085164385,2.429999450097192
gpu_seed1102_ckpt150_reset_m,8,0.4962902069091797,0.10031882921854685,1.9317686475940334
gpu_seed1102_ckpt150_reset_m,9,0.5295596122741699,0.09524154663085938,1.8004218506936667
gpu_seed1102_ckpt150_reset_m,10,0.5613695979118347,0.07226800918579102,1.333293442567875
gpu_seed1102_ckpt150_reset_m,11,0.5909084677696228,0.014468669891357422,0.2607884716689419
gpu_seed1102_ckpt150_reset_m,12,0.6192642450332642,0.011115392049153794,0.23905396033961068
gpu_seed1102_ckpt150_reset_m,13,0.6453598737716675,0.0029354095458984375,0.06929709795686634
gpu_seed1102_ckpt150_reset_m,14,0.6694570779800415,0.0031143824259438624,0.06809137246969144
gpu_seed1102_ckpt150_reset_m,15,0.6921219825744629,0.03462624549865723,0.6907829031956751
gpu_seed1102_ckpt150_reset_m,16,0.7137842774391174,0.06468168894449855,1.204235487011104
gpu_seed1102_ckpt150_reset_m,17,0.7351943850517273,0.050260066986083984,0.8578120258701283
gpu_seed1102_ckpt150_reset_m,18,0.7556526064872742,0.02062392234802246,0.3497968470936783
gpu_seed1102_ckpt150_reset_m,19,0.7742965817451477,0.03484408060709665,0.6062469298505633
gpu_seed1102_ckpt150_reset_m,20,0.790669858455658,0.015887737274169922,0.282866380877266
gpu_seed1102_ckpt150_reset_v,0,0.0,0.0,0.0
gpu_seed1102_ckpt150_reset_v,1,4890.3486328125,1446966.7512911956,5.184705528587072e+21
gpu_seed1102_ckpt150_reset_v,2,7540.6337890625,1187467.2659160295,5.184705528587072e+21
gpu_seed1102_ckpt150_reset_v,3,10140.19921875,848090.5396255653,5.184705528587072e+21
gpu_seed1102_ckpt150_reset_v,4,12487.1826171875,666654.2074913979,5.184705528587072e+21
gpu_seed1102_ckpt150_reset_v,5,14309.05078125,616170.1727881432,5.184705528587072e+21
gpu_seed1102_ckpt150_reset_v,6,15862.7890625,608968.8008825779,5.184705528587072e+21
gpu_seed1102_ckpt150_reset_v,7,17297.431640625,602706.9389532408,5.184705528587072e+21
gpu_seed1102_ckpt150_reset_v,8,18573.7890625,582550.784088691,5.184705528587072e+21
gpu_seed1102_ckpt150_reset_v,9,19738.0625,542549.8571471373,5.184705528587072e+21
gpu_seed1102_ckpt150_reset_v,10,20796.57421875,497712.3198910554,5.184705528587072e+21
gpu_seed1102_ckpt150_reset_v,11,21736.412109375,459061.7885503769,5.184705528587072e+21
gpu_seed1102_ckpt150_reset_v,12,22587.810546875,421875.88512102765,5.184705528587072e+21
gpu_seed1102_ckpt150_reset_v,13,23347.251953125,387213.79530994094,5.184705528587072e+21
gpu_seed1102_ckpt150_reset_v,14,24028.38671875,360592.6636235714,5.184705528587072e+21
gpu_seed1102_ckpt150_reset_v,15,24624.349609375,340636.7707731724,5.184705528587072e+21
gpu_seed1102_ckpt150_reset_v,16,25163.013671875,323068.4187114239,5.184705528587072e+21
gpu_seed1102_ckpt150_reset_v,17,25649.04296875,306038.2940510909,5.184705528587072e+21
gpu_seed1102_ckpt150_reset_v,18,26087.732421875,289199.33567881584,5.184705528587072e+21
gpu_seed1102_ckpt150_reset_v,19,26483.55078125,272664.69231851894,5.184705528587072e+21
gpu_seed1102_ckpt150_reset_v,20,26840.595703125,256025.46186065674,5.184705528587072e+21
gpu_seed1102_ckpt150_stale_m,0,0.0,0.0,0.0
gpu_seed1102_ckpt150_stale_m,1,0.15648253262043,0.09177986780802394,1.8339538010548466
gpu_seed1102_ckpt150_stale_m,2,0.28963422775268555,0.10071563720703125,2.138797022625276
gpu_seed1102_ckpt150_stale_m,3,0.40056660771369934,0.2588688532511396,5.8240689239020575
gpu_seed1102_ckpt150_stale_m,4,0.49815499782562256,0.24893832206726074,5.80183981833116
gpu_seed1102_ckpt150_stale_m,5,0.5833452939987183,0.16196497281392386,3.8952009921534874
gpu_seed1102_ckpt150_stale_m,6,0.6606647968292236,0.055972258249918916,1.2195740425614296
gpu_seed1102_ckpt150_stale_m,7,0.7308818697929382,0.019910097122192383,0.4033260617674692
gpu_seed1102_ckpt150_stale_m,8,0.7947715520858765,0.06165814399719238,1.210165765226158
gpu_seed1102_ckpt150_stale_m,9,0.8540182709693909,0.05909053484598825,1.137142521765739
gpu_seed1102_ckpt150_stale_m,10,0.9118033647537231,0.05608812967936183,1.103278648901572
gpu_seed1102_ckpt150_stale_m,11,0.9629279971122742,0.16455086072285985,3.2472790617333764
gpu_seed1102_ckpt150_stale_m,12,1.0094058513641357,0.024407943089803208,0.5284419970106882
gpu_seed1102_ckpt150_stale_m,13,1.0492736101150513,0.056188106536865234,1.2917665622529455
gpu_seed1102_ckpt150_stale_m,14,1.0854241847991943,0.16754794120788574,3.9941630300015447
gpu_seed1102_ckpt150_stale_m,15,1.120253562927246,0.23187168439229344,5.296682645941814
gpu_seed1102_ckpt150_stale_m,16,1.1541635990142822,0.06591200828552246,1.309952603233942
gpu_seed1102_ckpt150_stale_m,17,1.1869908571243286,0.008578141530354522,0.15076288899532386
gpu_seed1102_ckpt150_stale_m,18,1.2185823917388916,0.08125034968058253,1.4208442785910513
gpu_seed1102_ckpt150_stale_m,19,1.2489938735961914,0.12597997983296727,2.2954993429118
gpu_seed1102_ckpt150_stale_m,20,1.2785470485687256,0.1274727185567217,2.401354825611701
gpu_seed1102_ckpt150_stale_v,0,0.0,0.0,0.0
gpu_seed1102_ckpt150_stale_v,1,898.1718139648438,239.0240318775177,5.184705528587072e+21
gpu_seed1102_ckpt150_stale_v,2,1706.48681640625,6.095522562662762,8939.048155333407
gpu_seed1102_ckpt150_stale_v,3,2433.97265625,4.730002164840698,2213.531088808306
gpu_seed1102_ckpt150_stale_v,4,3088.706787109375,5.211754639943441,3744.1986446905344
gpu_seed1102_ckpt150_stale_v,5,3677.9638671875,4.104568322499594,1320.7813612256946
gpu_seed1102_ckpt150_stale_v,6,4208.291015625,3.520932753880819,695.1995598446345
gpu_seed1102_ckpt150_stale_v,7,4685.5810546875,3.194841861724854,469.44566685286
gpu_seed1102_ckpt150_stale_v,8,5115.1376953125,2.667250712712606,271.2000846561722
gpu_seed1102_ckpt150_stale_v,9,5501.73388671875,3.002596457799276,379.27669210948244
gpu_seed1102_ckpt150_stale_v,10,5849.66650390625,3.170058488845825,436.1961704896893
gpu_seed1102_ckpt150_stale_v,11,6162.80078125,2.9597379366556806,332.1090757810832
gpu_seed1102_ckpt150_stale_v,12,6444.61767578125,2.8012429873148603,330.756187153573
gpu_seed1102_ckpt150_stale_v,13,6698.248046875,1.9593834082285562,144.0966306114379
gpu_seed1102_ckpt150_stale_v,14,6926.51123046875,2.109678030014038,158.6608472760016
gpu_seed1102_ckpt150_stale_v,15,7131.943359375,2.3080050945281982,183.77677091253864
gpu_seed1102_ckpt150_stale_v,16,7316.82763671875,1.7055941422780352,86.608670940862
gpu_seed1102_ckpt150_stale_v,17,7483.21923828125,2.1501659552256265,132.75969452992962
gpu_seed1102_ckpt150_stale_v,18,7632.96728515625,1.7232020696004229,77.2585510008751
gpu_seed1102_ckpt150_stale_v,19,7767.7353515625,1.832383950551351,89.7407015826533
gpu_seed1102_ckpt150_stale_v,20,7889.02294921875,2.0388046900431314,118.01403051633739
gpu_seed1102_ckpt150_stale_mv,0,0.0,0.0,0.0
gpu_seed1102_ckpt150_stale_mv,1,0.15934640169143677,0.09194517135620117,1.8371073899729495
gpu_seed1102_ckpt150_stale_mv,2,0.2950754463672638,0.10302877426147461,2.190493744243586
gpu_seed1102_ckpt150_stale_mv,3,0.4080306887626648,0.26163593928019235,5.894826193010921
gpu_seed1102_ckpt150_stale_mv,4,0.5074739456176758,0.2537097930908203,5.927760843120399
gpu_seed1102_ckpt150_stale_mv,5,0.5942540764808655,0.1660314400990801,4.001347333344711
gpu_seed1102_ckpt150_stale_mv,6,0.6730557680130005,0.05542651812235544,1.20735041069927
gpu_seed1102_ckpt150_stale_mv,7,0.7445915341377258,0.01930014292399118,0.3908503900501614
gpu_seed1102_ckpt150_stale_mv,8,0.8096978664398193,0.06245652834574411,1.2253514851608323
gpu_seed1102_ckpt150_stale_mv,9,0.8703275918960571,0.05776818593343114,1.1124232490924335
gpu_seed1102_ckpt150_stale_mv,10,0.9296263456344604,0.05787332852681493,1.1394205521851646
gpu_seed1102_ckpt150_stale_mv,11,0.9820410013198853,0.16766866048177098,3.314111417852203
gpu_seed1102_ckpt150_stale_mv,12,1.0295557975769043,0.02716231346130371,0.5888891790518009
gpu_seed1102_ckpt150_stale_mv,13,1.070693850517273,0.05128677686055472,1.1819519630033604
gpu_seed1102_ckpt150_stale_mv,14,1.1079779863357544,0.17188501358032227,4.106701288759755
gpu_seed1102_ckpt150_stale_mv,15,1.1437872648239136,0.23166139920552586,5.2913012234983015
gpu_seed1102_ckpt150_stale_mv,16,1.1784404516220093,0.06037370363871242,1.196529949058057
gpu_seed1102_ckpt150_stale_mv,17,1.2118059396743774,0.007021029790242217,0.12330011945878638
gpu_seed1102_ckpt150_stale_mv,18,1.2442482709884644,0.08498295148213719,1.4889317988105795
gpu_seed1102_ckpt150_stale_mv,19,1.2752246856689453,0.1284566720326743,2.3435893278459865
gpu_seed1102_ckpt150_stale_mv,20,1.305376410484314,0.1293619473775225,2.439296833003926
gpu_seed1102_ckpt150_model_current_optimizer_stale,0,0.0,0.0,0.0
gpu_seed1102_ckpt150_model_current_optimizer_stale,1,0.1514073610305786,0.09547694524129247,1.9043606298741658
gpu_seed1102_ckpt150_model_current_optimizer_stale,2,0.2804354429244995,0.06555438041687012,1.3675192055050438
gpu_seed1102_ckpt150_model_current_optimizer_stale,3,0.38821008801460266,0.21751141548156738,4.789519317066077
gpu_seed1102_ckpt150_model_current_optimizer_stale,4,0.4829905927181244,0.20872926712036133,4.764236692529103
gpu_seed1102_ckpt150_model_current_optimizer_stale,5,0.5652667284011841,0.1284708182017007,3.037135211682699
gpu_seed1102_ckpt150_model_current_optimizer_stale,6,0.6395105719566345,0.039965232213338364,0.863801620289852
gpu_seed1102_ckpt150_model_current_optimizer_stale,7,0.7072669863700867,0.00407894452412938,0.08197589041256137
gpu_seed1102_ckpt150_model_current_optimizer_stale,8,0.768513560295105,0.06722569465637207,1.3158116262536623
gpu_seed1102_ckpt150_model_current_optimizer_stale,9,0.8248694539070129,0.08223605155944824,1.5645607495832046
gpu_seed1102_ckpt150_model_current_optimizer_stale,10,0.8796448707580566,0.026795307795206558,0.5193596641864744
gpu_seed1102_ckpt150_model_current_optimizer_stale,11,0.9287081956863403,0.11476389567057277,2.207811933720812
gpu_seed1102_ckpt150_model_current_optimizer_stale,12,0.9731861352920532,0.013078848520914566,0.2778995314467103
gpu_seed1102_ckpt150_model_current_optimizer_stale,13,1.0108058452606201,0.11101444562276175,2.4841602628834636
gpu_seed1102_ckpt150_model_current_optimizer_stale,14,1.0446560382843018,0.07962481180826808,1.8148874654027232
gpu_seed1102_ckpt150_model_current_optimizer_stale,15,1.077970027923584,0.21728881200154637,4.926160338187302
gpu_seed1102_ckpt150_model_current_optimizer_stale,16,1.10987389087677,0.09641861915588379,1.9461036796979236
gpu_seed1102_ckpt150_model_current_optimizer_stale,17,1.1403907537460327,0.0015938282012939453,0.027914177817844887
gpu_seed1102_ckpt150_model_current_optimizer_stale,18,1.1696081161499023,0.030471007029215347,0.5193723256598233
gpu_seed1102_ckpt150_model_current_optimizer_stale,19,1.197852373123169,0.0700072447458906,1.2398405195611488
gpu_seed1102_ckpt150_model_current_optimizer_stale,20,1.2256934642791748,0.07883278528849269,1.4487798017817148
gpu_seed1102_ckpt150_step_counter_mismatch,0,0.0,0.0,0.0
gpu_seed1102_ckpt150_step_counter_mismatch,1,0.008575163781642914,0.003233194351196289,0.06750690718130414
gpu_seed1102_ckpt150_step_counter_mismatch,2,0.016127754002809525,0.008165677388508819,0.16414939014838126
gpu_seed1102_ckpt150_step_counter_mismatch,3,0.023441001772880554,0.016765753428141128,0.32772502649601876
gpu_seed1102_ckpt150_step_counter_mismatch,4,0.030605830252170563,0.027645985285440933,0.559679692053173
gpu_seed1102_ckpt150_step_counter_mismatch,5,0.03779411315917969,0.033869028091430664,0.7377901563079234
gpu_seed1102_ckpt150_step_counter_mismatch,6,0.044761598110198975,0.015362421671549331,0.32296278104354315
gpu_seed1102_ckpt150_step_counter_mismatch,7,0.052075158804655075,0.010475794474283706,0.20900971672122992
gpu_seed1102_ckpt150_step_counter_mismatch,8,0.05905979126691818,0.017181237538655747,0.34474934068357754
gpu_seed1102_ckpt150_step_counter_mismatch,9,0.06588617712259293,0.01138480504353856,0.22434733107970217
gpu_seed1102_ckpt150_step_counter_mismatch,10,0.07318545877933502,0.008625825246175278,0.1656734910081603
gpu_seed1102_ckpt150_step_counter_mismatch,11,0.08100371062755585,0.013377904891967773,0.24125937149737098
gpu_seed1102_ckpt150_step_counter_mismatch,12,0.08812715858221054,0.08108067512512207,1.6656552266177762
gpu_seed1102_ckpt150_step_counter_mismatch,13,0.09448251128196716,0.03299093246459961,0.7672448841420483
gpu_seed1102_ckpt150_step_counter_mismatch,14,0.10256222635507584,0.005631287892659653,0.12365946839622666
gpu_seed1102_ckpt150_step_counter_mismatch,15,0.11066887527704239,0.002279202143351089,0.04631389804183783
gpu_seed1102_ckpt150_step_counter_mismatch,16,0.11933350563049316,0.0020003318786621094,0.03849783534515794
gpu_seed1102_ckpt150_step_counter_mismatch,17,0.12832963466644287,0.005475044250488281,0.09607585523974294
gpu_seed1102_ckpt150_step_counter_mismatch,18,0.13748525083065033,0.014707565307617188,0.24508091533306953
gpu_seed1102_ckpt150_step_counter_mismatch,19,0.14609487354755402,0.03426011403401663,0.575841328505831
gpu_seed1102_ckpt150_step_counter_mismatch,20,0.15419438481330872,0.051787932713826645,0.8914484575930146
gpu_seed1102_ckpt150_scheduler_mismatch,0,0.0,0.0,0.0
gpu_seed1102_ckpt150_scheduler_mismatch,1,0.0,0.0,0.0
gpu_seed1102_ckpt150_scheduler_mismatch,2,0.0,0.0,0.0
gpu_seed1102_ckpt150_scheduler_mismatch,3,0.0,0.0,0.0
gpu_seed1102_ckpt150_scheduler_mismatch,4,0.0,0.0,0.0
gpu_seed1102_ckpt150_scheduler_mismatch,5,0.0,0.0,0.0
gpu_seed1102_ckpt150_scheduler_mismatch,6,0.0,0.0,0.0
gpu_seed1102_ckpt150_scheduler_mismatch,7,0.0,0.0,0.0
gpu_seed1102_ckpt150_scheduler_mismatch,8,0.0,0.0,0.0
gpu_seed1102_ckpt150_scheduler_mismatch,9,0.0,0.0,0.0
gpu_seed1102_ckpt150_scheduler_mismatch,10,0.0,0.0,0.0
gpu_seed1102_ckpt150_scheduler_mismatch,11,0.0,0.0,0.0
gpu_seed1102_ckpt150_scheduler_mismatch,12,0.0,0.0,0.0
gpu_seed1102_ckpt150_scheduler_mismatch,13,0.0,0.0,0.0
gpu_seed1102_ckpt150_scheduler_mismatch,14,0.0,0.0,0.0
gpu_seed1102_ckpt150_scheduler_mismatch,15,0.0,0.0,0.0
gpu_seed1102_ckpt150_scheduler_mismatch,16,0.0,0.0,0.0
gpu_seed1102_ckpt150_scheduler_mismatch,17,0.0,0.0,0.0
gpu_seed1102_ckpt150_scheduler_mismatch,18,0.0,0.0,0.0
gpu_seed1102_ckpt150_scheduler_mismatch,19,0.0,0.0,0.0
gpu_seed1102_ckpt150_scheduler_mismatch,20,0.0,0.0,0.0
gpu_seed1102_ckpt150_optimizer_reset,0,0.0,0.0,0.0
gpu_seed1102_ckpt150_optimizer_reset,1,3.446286916732788,13.345387697219849,13069104.507509185
gpu_seed1102_ckpt150_optimizer_reset,2,4.899971008300781,15.818392912546793,149575236.9392174
gpu_seed1102_ckpt150_optimizer_reset,3,6.163584232330322,13.943441152572634,22401714.202177353
gpu_seed1102_ckpt150_optimizer_reset,4,7.416197299957275,12.294762452443441,4485825.729160794
gpu_seed1102_ckpt150_optimizer_reset,5,8.474984169006348,7.359558264414469,34785.8777771523
gpu_seed1102_ckpt150_optimizer_reset,6,9.517912864685059,6.493432919184368,13977.47685189981
gpu_seed1102_ckpt150_optimizer_reset,7,10.546517372131348,6.052365461985271,8506.255892493258
gpu_seed1102_ckpt150_optimizer_reset,8,11.501395225524902,7.09767746925354,24451.041207987626
gpu_seed1102_ckpt150_optimizer_reset,9,12.393024444580078,7.272490739822388,28521.08681692075
gpu_seed1102_ckpt150_optimizer_reset,10,13.218600273132324,12.466073433558146,4960473.987861256
gpu_seed1102_ckpt150_optimizer_reset,11,13.972782135009766,12.816984176635742,6688706.635992741
gpu_seed1102_ckpt150_optimizer_reset,12,14.677066802978516,12.369955698649088,5039145.557693842
gpu_seed1102_ckpt150_optimizer_reset,13,15.334829330444336,11.355682611465454,2020174.1953043712
gpu_seed1102_ckpt150_optimizer_reset,14,15.94807243347168,8.111275434494019,72937.02541138716
gpu_seed1102_ckpt150_optimizer_reset,15,16.522363662719727,6.150613387425741,9499.132571993516
gpu_seed1102_ckpt150_optimizer_reset,16,17.07761001586914,6.254450559616089,9984.761951278742
gpu_seed1102_ckpt150_optimizer_reset,17,17.60211944580078,5.355612675348917,3688.882430520547
gpu_seed1102_ckpt150_optimizer_reset,18,18.09688949584961,5.094427029291789,2721.2552026493945
gpu_seed1102_ckpt150_optimizer_reset,19,18.55259132385254,6.453036864598593,10833.423181115213
gpu_seed1102_ckpt150_optimizer_reset,20,18.977853775024414,5.327333132425943,3618.9419014939185
gpu_seed1102_ckpt300_exact_restore,0,0.0,0.0,0.0
gpu_seed1102_ckpt300_exact_restore,1,0.0,0.0,0.0
gpu_seed1102_ckpt300_exact_restore,2,0.0,0.0,0.0
gpu_seed1102_ckpt300_exact_restore,3,0.0,0.0,0.0
gpu_seed1102_ckpt300_exact_restore,4,0.0,0.0,0.0
gpu_seed1102_ckpt300_exact_restore,5,0.0,0.0,0.0
gpu_seed1102_ckpt300_exact_restore,6,0.0,0.0,0.0
gpu_seed1102_ckpt300_exact_restore,7,0.0,0.0,0.0
gpu_seed1102_ckpt300_exact_restore,8,0.0,0.0,0.0
gpu_seed1102_ckpt300_exact_restore,9,0.0,0.0,0.0
gpu_seed1102_ckpt300_exact_restore,10,0.0,0.0,0.0
gpu_seed1102_ckpt300_exact_restore,11,0.0,0.0,0.0
gpu_seed1102_ckpt300_exact_restore,12,0.0,0.0,0.0
gpu_seed1102_ckpt300_exact_restore,13,0.0,0.0,0.0
gpu_seed1102_ckpt300_exact_restore,14,0.0,0.0,0.0
gpu_seed1102_ckpt300_exact_restore,15,0.0,0.0,0.0
gpu_seed1102_ckpt300_exact_restore,16,0.0,0.0,0.0
gpu_seed1102_ckpt300_exact_restore,17,0.0,0.0,0.0
gpu_seed1102_ckpt300_exact_restore,18,0.0,0.0,0.0
gpu_seed1102_ckpt300_exact_restore,19,0.0,0.0,0.0
gpu_seed1102_ckpt300_exact_restore,20,0.0,0.0,0.0
gpu_seed1102_ckpt300_benign_nonzero,0,1.1175870895385742e-08,0.0,0.0
gpu_seed1102_ckpt300_benign_nonzero,1,1.1175870895385742e-08,0.0,0.0
gpu_seed1102_ckpt300_benign_nonzero,2,1.1175870895385742e-08,0.0,0.0
gpu_seed1102_ckpt300_benign_nonzero,3,1.1175870895385742e-08,0.0,0.0
gpu_seed1102_ckpt300_benign_nonzero,4,1.1175870895385742e-08,0.0,0.0
gpu_seed1102_ckpt300_benign_nonzero,5,1.1175870895385742e-08,0.0,0.0
gpu_seed1102_ckpt300_benign_nonzero,6,1.1175870895385742e-08,0.0,0.0
gpu_seed1102_ckpt300_benign_nonzero,7,2.537060390750412e-05,1.5894571925301193e-07,2.0068706554354776e-06
gpu_seed1102_ckpt300_benign_nonzero,8,5.853032416780479e-05,0.0,0.0
gpu_seed1102_ckpt300_benign_nonzero,9,9.834342927206308e-05,7.947285940446136e-08,1.003591759030087e-06
gpu_seed1102_ckpt300_benign_nonzero,10,0.00013736452092416584,0.0,0.0
gpu_seed1102_ckpt300_benign_nonzero,11,0.00017786714306566864,7.947285940446136e-08,1.0132254502082105e-06
gpu_seed1102_ckpt300_benign_nonzero,12,0.00021415493392851204,0.0,0.0
gpu_seed1102_ckpt300_benign_nonzero,13,0.0002609062648843974,1.5894571925301193e-07,1.9882836514995006e-06
gpu_seed1102_ckpt300_benign_nonzero,14,0.0003043428878299892,0.0,0.0
gpu_seed1102_ckpt300_benign_nonzero,15,0.0003472587268333882,2.384185791015625e-07,2.988964842742803e-06
gpu_seed1102_ckpt300_benign_nonzero,16,0.0003878317656926811,2.384185791015625e-07,3.0091775933271947e-06
gpu_seed1102_ckpt300_benign_nonzero,17,0.0004288944764994085,1.5894571925301193e-07,2.0082611076333023e-06
gpu_seed1102_ckpt300_benign_nonzero,18,0.00047073306632228196,3.1789143850602386e-07,4.004171113791699e-06
gpu_seed1102_ckpt300_benign_nonzero,19,0.000516556145157665,2.6226043701171875e-06,3.279031219882711e-05
gpu_seed1102_ckpt300_benign_nonzero,20,0.0005633078399114311,5.7220458984375e-06,7.09164940069229e-05
gpu_seed1102_ckpt300_reset_m,0,0.0,0.0,0.0
gpu_seed1102_ckpt300_reset_m,1,0.023035019636154175,0.0004227161407470703,0.006298214302468352
gpu_seed1102_ckpt300_reset_m,2,0.043382201343774796,0.004711548487345674,0.06777691428681898
gpu_seed1102_ckpt300_reset_m,3,0.061167825013399124,0.013942559560139678,0.19239649600798714
gpu_seed1102_ckpt300_reset_m,4,0.0766136422753334,0.019947528839111328,0.264249557504705
gpu_seed1102_ckpt300_reset_m,5,0.09009009599685669,0.018656333287557114,0.23966470414002217
gpu_seed1102_ckpt300_reset_m,6,0.10190150886774063,0.013485908508300781,0.1703727104706907
gpu_seed1102_ckpt300_reset_m,7,0.11233633756637573,0.009399493535359849,0.11812329682222966
gpu_seed1102_ckpt300_reset_m,8,0.12163621187210083,0.009564558664957534,0.11993147964334305
gpu_seed1102_ckpt300_reset_m,9,0.13000813126564026,0.011877059936523438,0.14909760251085835
gpu_seed1102_ckpt300_reset_m,10,0.13756586611270905,0.016324996948242188,0.20600380611790392
gpu_seed1102_ckpt300_reset_m,11,0.14434106647968292,0.0211334228515625,0.2666098114726676
gpu_seed1102_ckpt300_reset_m,12,0.15042221546173096,0.0235292911529541,0.29276012057250966
gpu_seed1102_ckpt300_reset_m,13,0.15584354102611542,0.0241847832997637,0.29890326964431857
gpu_seed1102_ckpt300_reset_m,14,0.16072607040405273,0.024382273356119644,0.3001777540985273
gpu_seed1102_ckpt300_reset_m,15,0.16491347551345825,0.023138125737508286,0.28674393956846345
gpu_seed1102_ckpt300_reset_m,16,0.16863922774791718,0.021815379460652373,0.2723591749648939
gpu_seed1102_ckpt300_reset_m,17,0.172028049826622,0.01998623212178563,0.2500170211994419
gpu_seed1102_ckpt300_reset_m,18,0.17500704526901245,0.01800910631815622,0.22481284970351467
gpu_seed1102_ckpt300_reset_m,19,0.17748329043388367,0.015109936396280776,0.18749853908141745
gpu_seed1102_ckpt300_reset_m,20,0.17973896861076355,0.01166534423828125,0.14373469153931673
gpu_seed1102_ckpt300_reset_v,0,0.0,0.0,0.0
gpu_seed1102_ckpt300_reset_v,1,963.1959228515625,36897.09794727961,5.184705528587072e+21
gpu_seed1102_ckpt300_reset_v,2,1388.2081298828125,31806.53326304754,5.184705528587072e+21
gpu_seed1102_ckpt300_reset_v,3,1829.0946044921875,26020.25319012006,5.184705528587072e+21
gpu_seed1102_ckpt300_reset_v,4,2181.941162109375,20998.37825934092,5.184705528587072e+21
gpu_seed1102_ckpt300_reset_v,5,2464.478759765625,17589.47311290105,5.184705528587072e+21
gpu_seed1102_ckpt300_reset_v,6,2711.783203125,15047.895723581314,5.184705528587072e+21
gpu_seed1102_ckpt300_reset_v,7,2927.981201171875,12641.416704734167,5.184705528587072e+21
gpu_seed1102_ckpt300_reset_v,8,3113.112060546875,10387.27528468768,5.184705528587072e+21
gpu_seed1102_ckpt300_reset_v,9,3280.95556640625,8085.519250790278,5.184705528587072e+21
gpu_seed1102_ckpt300_reset_v,10,3434.56884765625,6530.6387803554535,5.184705528587072e+21
gpu_seed1102_ckpt300_reset_v,11,3565.222900390625,5584.434827486673,5.184705528587072e+21
gpu_seed1102_ckpt300_reset_v,12,3677.393798828125,4892.996285041173,5.184705528587072e+21
gpu_seed1102_ckpt300_reset_v,13,3779.58544921875,4296.776432752609,5.184705528587072e+21
gpu_seed1102_ckpt300_reset_v,14,3869.571533203125,3737.8026732603707,5.184705528587072e+21
gpu_seed1102_ckpt300_reset_v,15,3951.056640625,4557.0376702149715,5.184705528587072e+21
gpu_seed1102_ckpt300_reset_v,16,4016.76318359375,2826.230881690979,5.184705528587072e+21
gpu_seed1102_ckpt300_reset_v,17,4076.396728515625,2563.668372154236,5.184705528587072e+21
gpu_seed1102_ckpt300_reset_v,18,4130.455078125,2377.0800622304278,5.184705528587072e+21
gpu_seed1102_ckpt300_reset_v,19,4179.39990234375,2234.537675380707,5.184705528587072e+21
gpu_seed1102_ckpt300_reset_v,20,4222.65234375,2113.776323954264,5.184705528587072e+21
gpu_seed1102_ckpt300_stale_m,0,0.0,0.0,0.0
gpu_seed1102_ckpt300_stale_m,1,0.03165242820978165,0.006474415461222183,0.09617358667277287
gpu_seed1102_ckpt300_stale_m,2,0.059571780264377594,0.009823719660441377,0.14095657513297155
gpu_seed1102_ckpt300_stale_m,3,0.08377475291490555,0.01227426528930664,0.16951636440852447
gpu_seed1102_ckpt300_stale_m,4,0.10458263009786606,0.009242932001749526,0.12309877878039366
gpu_seed1102_ckpt300_stale_m,5,0.1225331723690033,0.00010251998901367188,0.001329256981469129
gpu_seed1102_ckpt300_stale_m,6,0.13804246485233307,0.009510914484659683,0.12154417301016274
gpu_seed1102_ckpt300_stale_m,7,0.15181992948055267,0.013368527094522964,0.1699261879704963
gpu_seed1102_ckpt300_stale_m,8,0.16430823504924774,0.008756001790364731,0.11080314547390913
gpu_seed1102_ckpt300_stale_m,9,0.1758119761943817,0.00283050537109375,0.03579455724375613
gpu_seed1102_ckpt300_stale_m,10,0.18623580038547516,0.0008461475372314453,0.01076941437066381
gpu_seed1102_ckpt300_stale_m,11,0.1955806463956833,0.0014904340108237157,0.01901619857352088
gpu_seed1102_ckpt300_stale_m,12,0.20394791662693024,0.0028368631998696436,0.03576489318590603
gpu_seed1102_ckpt300_stale_m,13,0.2112651914358139,0.004376014073689927,0.05486038311358499
gpu_seed1102_ckpt300_stale_m,14,0.21773160994052887,0.004315694173177231,0.05389844467310745
gpu_seed1102_ckpt300_stale_m,15,0.22329804301261902,0.006804068883259795,0.08559093830772468
gpu_seed1102_ckpt300_stale_m,16,0.22818386554718018,0.00874638557434082,0.11087586794661242
gpu_seed1102_ckpt300_stale_m,17,0.232510045170784,0.009345928827921401,0.11863828746269434
gpu_seed1102_ckpt300_stale_m,18,0.23628857731819153,0.009837786356607925,0.12452860240918184
gpu_seed1102_ckpt300_stale_m,19,0.23958076536655426,0.010249137878417969,0.12880330594779998
gpu_seed1102_ckpt300_stale_m,20,0.2425096482038498,0.010345379511515151,0.12888118227997225
gpu_seed1102_ckpt300_stale_v,0,0.0,0.0,0.0
gpu_seed1102_ckpt300_stale_v,1,21.505027770996094,3.457069396972656e-05,0.000515200167814811
gpu_seed1102_ckpt300_stale_v,2,40.859527587890625,6.437301635742188e-05,0.0009282365473399778
gpu_seed1102_ckpt300_stale_v,3,58.27854537963867,8.551279703805648e-05,0.0011883063051936205
gpu_seed1102_ckpt300_stale_v,4,73.95563507080078,0.0001459916432700048,0.001953481113300626
gpu_seed1102_ckpt300_stale_v,5,88.06497955322266,0.00020066897074366707,0.00260223467340559
gpu_seed1102_ckpt300_stale_v,6,100.76335906982422,0.00019701321919729509,0.002506011787753337
gpu_seed1102_ckpt300_stale_v,7,112.19188690185547,0.00015179316202784676,0.001916707098413184
gpu_seed1102_ckpt300_stale_v,8,122.47752380371094,0.000125885009765625,0.0015861522529636574
gpu_seed1102_ckpt300_stale_v,9,131.7345733642578,0.00010021527608206071,0.0012655925772193655
gpu_seed1102_ckpt300_stale_v,10,140.06588745117188,5.133946736668449e-05,0.0006531677721071105
gpu_seed1102_ckpt300_stale_v,11,147.5640411376953,6.151199340820312e-05,0.0007842606521943907
gpu_seed1102_ckpt300_stale_v,12,154.31236267089844,0.00014607111612940926,0.001839070775544016
gpu_seed1102_ckpt300_stale_v,13,160.3858184814453,0.00014901161193847656,0.0018641549601543517
gpu_seed1102_ckpt300_stale_v,14,165.8518829345703,9.791056315089364e-05,0.001220222147535921
gpu_seed1102_ckpt300_stale_v,15,170.77134704589844,7.70886739109855e-06,9.664283562393905e-05
gpu_seed1102_ckpt300_stale_v,16,175.19882202148438,1.4225641886689289e-05,0.00017954889499627313
gpu_seed1102_ckpt300_stale_v,17,179.1835174560547,0.00014106432596827645,0.001782457594346809
gpu_seed1102_ckpt300_stale_v,18,182.76971435546875,0.0003228982289629201,0.004067892887890778
gpu_seed1102_ckpt300_stale_v,19,185.9972686767578,0.000476678212483872,0.005961300536460712
gpu_seed1102_ckpt300_stale_v,20,188.9020538330078,0.0005867481231689453,0.0072740084813851524
gpu_seed1102_ckpt300_stale_mv,0,0.0,0.0,0.0
gpu_seed1102_ckpt300_stale_mv,1,0.03172921761870384,0.006447950998941909,0.09578173887601693
gpu_seed1102_ckpt300_stale_mv,2,0.059727929532527924,0.009784857432047822,0.1404016804323689
gpu_seed1102_ckpt300_stale_mv,3,0.08401411026716232,0.012242237726847183,0.16907674291601182
gpu_seed1102_ckpt300_stale_mv,4,0.10491005331277847,0.00922330220540335,0.1228385499439888
gpu_seed1102_ckpt300_stale_mv,5,0.12294160574674606,0.00010124842325831551,0.001312770907793137
gpu_seed1102_ckpt300_stale_mv,6,0.1385442018508911,0.009503285090128433,0.12144620959539587
gpu_seed1102_ckpt300_stale_mv,7,0.1524210125207901,0.013389984766642105,0.17020076469714418
gpu_seed1102_ckpt300_stale_mv,8,0.16500090062618256,0.008846521377563477,0.11195370322588971
gpu_seed1102_ckpt300_stale_mv,9,0.17661447823047638,0.002928177515665542,0.03703152801003462
gpu_seed1102_ckpt300_stale_mv,10,0.18715661764144897,0.0008509159088134766,0.010830130048077535
gpu_seed1102_ckpt300_stale_mv,11,0.19660496711730957,0.001447757085164536,0.018471296558242756
gpu_seed1102_ckpt300_stale_mv,12,0.20507748425006866,0.0028655529022216797,0.03612710839549571
gpu_seed1102_ckpt300_stale_mv,13,0.2124987095594406,0.004394133885701645,0.05508804359049435
gpu_seed1102_ckpt300_stale_mv,14,0.21906690299510956,0.004247188568115234,0.05304106416365428
gpu_seed1102_ckpt300_stale_mv,15,0.2247573435306549,0.006601810455322266,0.0830382461684156
gpu_seed1102_ckpt300_stale_mv,16,0.22975994646549225,0.008535067240397431,0.1081855873795643
gpu_seed1102_ckpt300_stale_mv,17,0.23419751226902008,0.009242773056030273,0.11732275552816951
gpu_seed1102_ckpt300_stale_mv,18,0.23807255923748016,0.009883006413777373,0.12510383985658358
gpu_seed1102_ckpt300_stale_mv,19,0.24145889282226562,0.010474761327107895,0.13165364532925317
gpu_seed1102_ckpt300_stale_mv,20,0.24448633193969727,0.01071476936340332,0.13350768469053342
gpu_seed1102_ckpt300_model_current_optimizer_stale,0,0.0,0.0,0.0
gpu_seed1102_ckpt300_model_current_optimizer_stale,1,0.04986954107880592,0.021143198013305664,0.3117797974598506
gpu_seed1102_ckpt300_model_current_optimizer_stale,2,0.09506385028362274,0.03033057848612497,0.4307764616865466
gpu_seed1102_ckpt300_model_current_optimizer_stale,3,0.13404357433319092,0.02069711685180664,0.28464397911219663
gpu_seed1102_ckpt300_model_current_optimizer_stale,4,0.16675223410129547,0.010865767796834014,0.1445947758923154
gpu_seed1102_ckpt300_model_current_optimizer_stale,5,0.19557107985019684,0.005940675735473633,0.07680140156127813
gpu_seed1102_ckpt300_model_current_optimizer_stale,6,0.22174571454524994,0.0012363592783612987,0.01571524689879844
gpu_seed1102_ckpt300_model_current_optimizer_stale,7,0.24627867341041565,0.0007231235504150391,0.009133560732015766
gpu_seed1102_ckpt300_model_current_optimizer_stale,8,0.2687956988811493,0.0034324328104653468,0.043171827512518135
gpu_seed1102_ckpt300_model_current_optimizer_stale,9,0.29107922315597534,0.008368253707885742,0.10611859201524432
gpu_seed1102_ckpt300_model_current_optimizer_stale,10,0.31144192814826965,0.026535193125406753,0.3421048878850961
gpu_seed1102_ckpt300_model_current_optimizer_stale,11,0.3292999267578125,0.028194586435954072,0.36457741194386095
gpu_seed1102_ckpt300_model_current_optimizer_stale,12,0.3457607626914978,0.028631846110025894,0.3656654164281683
gpu_seed1102_ckpt300_model_current_optimizer_stale,13,0.3595474362373352,0.03339815139770508,0.4248390900868557
gpu_seed1102_ckpt300_model_current_optimizer_stale,14,0.37216916680336,0.03833969434102391,0.48706699063734504
gpu_seed1102_ckpt300_model_current_optimizer_stale,15,0.3837517499923706,0.03215082486470511,0.4096123578517812
gpu_seed1102_ckpt300_model_current_optimizer_stale,16,0.39461714029312134,0.002811272939046372,0.03553214218307765
gpu_seed1102_ckpt300_model_current_optimizer_stale,17,0.4056534767150879,0.03190906842549657,0.396803012015436
gpu_seed1102_ckpt300_model_current_optimizer_stale,18,0.41710421442985535,0.0494388739267988,0.6075905508717874
gpu_seed1102_ckpt300_model_current_optimizer_stale,19,0.42871996760368347,0.0506514708201089,0.6175211830797807
gpu_seed1102_ckpt300_model_current_optimizer_stale,20,0.44008979201316833,0.03598364194234227,0.438035668140893
gpu_seed1102_ckpt300_step_counter_mismatch,0,0.0,0.0,0.0
gpu_seed1102_ckpt300_step_counter_mismatch,1,0.0009613246074877679,0.0004998048146567236,0.007450224546516893
gpu_seed1102_ckpt300_step_counter_mismatch,2,0.00186124665196985,0.0012098948160805811,0.01745625966713149
gpu_seed1102_ckpt300_step_counter_mismatch,3,0.002770328428596258,0.001521905263265122,0.021163956436929254
gpu_seed1102_ckpt300_step_counter_mismatch,4,0.0035574999637901783,0.0018467108408612987,0.02473144467593258
gpu_seed1102_ckpt300_step_counter_mismatch,5,0.004271673504263163,0.002021630605061997,0.02623998182371956
gpu_seed1102_ckpt300_step_counter_mismatch,6,0.004997047130018473,0.0014967918395996094,0.019051599005631914
gpu_seed1102_ckpt300_step_counter_mismatch,7,0.005667604971677065,0.0007160504659018407,0.009044190694257992
gpu_seed1102_ckpt300_step_counter_mismatch,8,0.006238473113626242,0.0003496805826825877,0.004406471546820612
gpu_seed1102_ckpt300_step_counter_mismatch,9,0.006796093657612801,0.00020074844360351562,0.0025353271647237108
gpu_seed1102_ckpt300_step_counter_mismatch,10,0.007364560384303331,0.0001125335693359375,0.001431755208811225
gpu_seed1102_ckpt300_step_counter_mismatch,11,0.007965649478137493,0.0006585121154785156,0.008398351341087462
gpu_seed1102_ckpt300_step_counter_mismatch,12,0.008620593696832657,0.0016496976216635595,0.020785716563436196
gpu_seed1102_ckpt300_step_counter_mismatch,13,0.009280291385948658,0.0016764005025229345,0.020988016604928106
gpu_seed1102_ckpt300_step_counter_mismatch,14,0.009959889575839043,0.0008971691131591797,0.011185547328492973
gpu_seed1102_ckpt300_step_counter_mismatch,15,0.010594485327601433,0.0003537336985273143,0.004433843788509861
gpu_seed1102_ckpt300_step_counter_mismatch,16,0.011146755889058113,0.0006216367085771779,0.007843491830454852
gpu_seed1102_ckpt300_step_counter_mismatch,17,0.01165089476853609,4.990895589207511e-05,0.0006306097750439221
gpu_seed1102_ckpt300_step_counter_mismatch,18,0.012150920927524567,0.0012251536051430811,0.015441530223450073
gpu_seed1102_ckpt300_step_counter_mismatch,19,0.012678888626396656,0.002486864725748994,0.031131818624352547
gpu_seed1102_ckpt300_step_counter_mismatch,20,0.013262264430522919,0.003410975138346206,0.04234616889932141
gpu_seed1102_ckpt300_scheduler_mismatch,0,0.0,0.0,0.0
gpu_seed1102_ckpt300_scheduler_mismatch,1,0.0,0.0,0.0
gpu_seed1102_ckpt300_scheduler_mismatch,2,0.0,0.0,0.0
gpu_seed1102_ckpt300_scheduler_mismatch,3,0.0,0.0,0.0
gpu_seed1102_ckpt300_scheduler_mismatch,4,0.0,0.0,0.0
gpu_seed1102_ckpt300_scheduler_mismatch,5,0.0,0.0,0.0
gpu_seed1102_ckpt300_scheduler_mismatch,6,0.0,0.0,0.0
gpu_seed1102_ckpt300_scheduler_mismatch,7,0.0,0.0,0.0
gpu_seed1102_ckpt300_scheduler_mismatch,8,0.0,0.0,0.0
gpu_seed1102_ckpt300_scheduler_mismatch,9,0.0,0.0,0.0
gpu_seed1102_ckpt300_scheduler_mismatch,10,0.0,0.0,0.0
gpu_seed1102_ckpt300_scheduler_mismatch,11,0.0,0.0,0.0
gpu_seed1102_ckpt300_scheduler_mismatch,12,0.0,0.0,0.0
gpu_seed1102_ckpt300_scheduler_mismatch,13,0.0,0.0,0.0
gpu_seed1102_ckpt300_scheduler_mismatch,14,0.0,0.0,0.0
gpu_seed1102_ckpt300_scheduler_mismatch,15,0.0,0.0,0.0
gpu_seed1102_ckpt300_scheduler_mismatch,16,0.0,0.0,0.0
gpu_seed1102_ckpt300_scheduler_mismatch,17,0.0,0.0,0.0
gpu_seed1102_ckpt300_scheduler_mismatch,18,0.0,0.0,0.0
gpu_seed1102_ckpt300_scheduler_mismatch,19,0.0,0.0,0.0
gpu_seed1102_ckpt300_scheduler_mismatch,20,0.0,0.0,0.0
gpu_seed1102_ckpt300_optimizer_reset,0,0.0,0.0,0.0
gpu_seed1102_ckpt300_optimizer_reset,1,3.3924899101257324,15.716391722361248,99724651.3842533
gpu_seed1102_ckpt300_optimizer_reset,2,4.830426216125488,10.618175347646076,589311.8323246248
gpu_seed1102_ckpt300_optimizer_reset,3,6.128511428833008,12.16679898897807,2672084.1158554447
gpu_seed1102_ckpt300_optimizer_reset,4,7.2976298332214355,8.214441299438477,49410.41023524656
gpu_seed1102_ckpt300_optimizer_reset,5,8.409192085266113,11.557095050811768,1355192.8848808375
gpu_seed1102_ckpt300_optimizer_reset,6,9.376901626586914,9.0487908522288,108201.64128527472
gpu_seed1102_ckpt300_optimizer_reset,7,10.300334930419922,6.946790615717569,13116.124897036323
gpu_seed1102_ckpt300_optimizer_reset,8,11.17835521697998,6.398940960566204,7562.150156810345
gpu_seed1102_ckpt300_optimizer_reset,9,11.956245422363281,7.660025517145792,26781.834021293787
gpu_seed1102_ckpt300_optimizer_reset,10,12.717875480651855,8.636062701543173,71627.44946080883
gpu_seed1102_ckpt300_optimizer_reset,11,13.43241024017334,7.482924461364746,22648.302794030526
gpu_seed1102_ckpt300_optimizer_reset,12,14.117627143859863,7.341318051020304,19409.515580871124
gpu_seed1102_ckpt300_optimizer_reset,13,14.774910926818848,7.3977054754893,20405.444135982423
gpu_seed1102_ckpt300_optimizer_reset,14,15.386604309082031,5.28476611773173,2446.3926380888715
gpu_seed1102_ckpt300_optimizer_reset,15,15.963030815124512,5.045226017634073,1934.143441404872
gpu_seed1102_ckpt300_optimizer_reset,16,16.513757705688477,4.212595462799072,839.7222623987781
gpu_seed1102_ckpt300_optimizer_reset,17,17.042999267578125,4.088325182596843,740.9088128368167
gpu_seed1102_ckpt300_optimizer_reset,18,17.536773681640625,3.924076875050863,624.8430126966306
gpu_seed1102_ckpt300_optimizer_reset,19,18.008281707763672,4.035827477773031,695.0351162080879
gpu_seed1102_ckpt300_optimizer_reset,20,18.45261573791504,4.0587843259175616,705.2393339586474
gpu_seed1103_ckpt75_exact_restore,0,0.0,0.0,0.0
gpu_seed1103_ckpt75_exact_restore,1,0.0,0.0,0.0
gpu_seed1103_ckpt75_exact_restore,2,0.0,0.0,0.0
gpu_seed1103_ckpt75_exact_restore,3,0.0,0.0,0.0
gpu_seed1103_ckpt75_exact_restore,4,0.0,0.0,0.0
gpu_seed1103_ckpt75_exact_restore,5,0.0,0.0,0.0
gpu_seed1103_ckpt75_exact_restore,6,0.0,0.0,0.0
gpu_seed1103_ckpt75_exact_restore,7,0.0,0.0,0.0
gpu_seed1103_ckpt75_exact_restore,8,0.0,0.0,0.0
gpu_seed1103_ckpt75_exact_restore,9,0.0,0.0,0.0
gpu_seed1103_ckpt75_exact_restore,10,0.0,0.0,0.0
gpu_seed1103_ckpt75_exact_restore,11,0.0,0.0,0.0
gpu_seed1103_ckpt75_exact_restore,12,0.0,0.0,0.0
gpu_seed1103_ckpt75_exact_restore,13,0.0,0.0,0.0
gpu_seed1103_ckpt75_exact_restore,14,0.0,0.0,0.0
gpu_seed1103_ckpt75_exact_restore,15,0.0,0.0,0.0
gpu_seed1103_ckpt75_exact_restore,16,0.0,0.0,0.0
gpu_seed1103_ckpt75_exact_restore,17,0.0,0.0,0.0
gpu_seed1103_ckpt75_exact_restore,18,0.0,0.0,0.0
gpu_seed1103_ckpt75_exact_restore,19,0.0,0.0,0.0
gpu_seed1103_ckpt75_exact_restore,20,0.0,0.0,0.0
gpu_seed1103_ckpt75_benign_nonzero,0,1.0244548320770264e-08,0.0,0.0
gpu_seed1103_ckpt75_benign_nonzero,1,1.0244548320770264e-08,0.0,0.0
gpu_seed1103_ckpt75_benign_nonzero,2,1.0244548320770264e-08,0.0,0.0
gpu_seed1103_ckpt75_benign_nonzero,3,1.0244548320770264e-08,0.0,0.0
gpu_seed1103_ckpt75_benign_nonzero,4,1.0244548320770264e-08,0.0,0.0
gpu_seed1103_ckpt75_benign_nonzero,5,0.00042225088691338897,1.5894571880892272e-07,0.00028230022758179985
gpu_seed1103_ckpt75_benign_nonzero,6,0.0009779209503903985,6.357828770120477e-07,0.0021290179370225815
gpu_seed1103_ckpt75_benign_nonzero,7,0.001634035725146532,1.5894571969710114e-07,0.00018889194348048477
gpu_seed1103_ckpt75_benign_nonzero,8,0.0025288753677159548,1.5894571969710114e-07,0.0001771677652868675
gpu_seed1103_ckpt75_benign_nonzero,9,0.0035840552300214767,1.5894571969710114e-07,7.98243345911942e-05
gpu_seed1103_ckpt75_benign_nonzero,10,0.004636216908693314,1.5894571880892272e-07,7.3888879740025e-05
gpu_seed1103_ckpt75_benign_nonzero,11,0.005696973297744989,3.178914393942023e-07,0.0001076172666785169
gpu_seed1103_ckpt75_benign_nonzero,12,0.006857529282569885,3.1789143850602386e-07,0.00025241118601115886
gpu_seed1103_ckpt75_benign_nonzero,13,0.008007989265024662,0.0,0.0
gpu_seed1103_ckpt75_benign_nonzero,14,0.00926300324499607,1.1126200361033511e-06,0.0017233336068329663
gpu_seed1103_ckpt75_benign_nonzero,15,0.010384068824350834,7.947285967091489e-07,0.0008852017922436062
gpu_seed1103_ckpt75_benign_nonzero,16,0.011604421772062778,6.039937336943524e-06,0.014404276465938892
gpu_seed1103_ckpt75_benign_nonzero,17,0.012893318198621273,2.7020772286334704e-06,0.008911876470392599
gpu_seed1103_ckpt75_benign_nonzero,18,0.014162523671984673,3.560384114642545e-05,0.09963614062098713
gpu_seed1103_ckpt75_benign_nonzero,19,0.015505935065448284,9.473164876361295e-05,0.4869985536452077
gpu_seed1103_ckpt75_benign_nonzero,20,0.016782144084572792,8.58306884765625e-06,0.03237234021480617
gpu_seed1103_ckpt75_reset_m,0,0.0,0.0,0.0
gpu_seed1103_ckpt75_reset_m,1,0.6243341565132141,0.748199462890625,5547.816557002359
gpu_seed1103_ckpt75_reset_m,2,1.1769964694976807,0.8310128847757969,5095.830354932625
gpu_seed1103_ckpt75_reset_m,3,1.6695590019226074,0.7642057736714687,3500.0237281950554
gpu_seed1103_ckpt75_reset_m,4,2.1136763095855713,0.568270206451416,1228.1730183316622
gpu_seed1103_ckpt75_reset_m,5,2.5231897830963135,0.04449272155761719,77.29042236668124
gpu_seed1103_ckpt75_reset_m,6,2.926992416381836,1.8322256406148272,2812.679191423368
gpu_seed1103_ckpt75_reset_m,7,3.31095290184021,0.28488890329996774,294.6083176800405
gpu_seed1103_ckpt75_reset_m,8,3.6942694187164307,0.36331844329833984,488.31816625672946
gpu_seed1103_ckpt75_reset_m,9,4.042579650878906,0.254133065541585,145.31151297504965
gpu_seed1103_ckpt75_reset_m,10,4.38543176651001,0.018713633219401338,8.618487365248825
gpu_seed1103_ckpt75_reset_m,11,4.71504545211792,0.04764858881632428,16.521180624404565
gpu_seed1103_ckpt75_reset_m,12,5.02439022064209,0.49785629908243845,311.38776616433023
gpu_seed1103_ckpt75_reset_m,13,5.329939842224121,0.4912684758504229,298.8205893333338
gpu_seed1103_ckpt75_reset_m,14,5.635700702667236,1.6556369463602696,1253.1026890998578
gpu_seed1103_ckpt75_reset_m,15,5.967372894287109,1.2223327954610195,785.7678859984094
gpu_seed1103_ckpt75_reset_m,16,6.331451416015625,1.6036864916483564,1905.1140815657677
gpu_seed1103_ckpt75_reset_m,17,6.707161903381348,1.87082815170288,2790.258014268318
gpu_seed1103_ckpt75_reset_m,18,7.088906288146973,0.18276325861612985,561.1868323526633
gpu_seed1103_ckpt75_reset_m,19,7.4729790687561035,1.3685789108276376,3832.8272517387995
gpu_seed1103_ckpt75_reset_m,20,7.842945575714111,2.2312493324279785,3366.5832049309947
gpu_seed1103_ckpt75_reset_v,0,0.0,0.0,0.0
gpu_seed1103_ckpt75_reset_v,1,260219.890625,5297194489164.071,5.184705528587072e+21
gpu_seed1103_ckpt75_reset_v,2,414448.84375,4922945306614.892,5.184705528587072e+21
gpu_seed1103_ckpt75_reset_v,3,565516.25,4573042311159.213,5.184705528587072e+21
gpu_seed1103_ckpt75_reset_v,4,705145.1875,4409807339512.619,5.184705528587072e+21
gpu_seed1103_ckpt75_reset_v,5,832274.125,4257831627427.1846,5.184705528587072e+21
gpu_seed1103_ckpt75_reset_v,6,947313.375,4176876754253.2173,5.184705528587072e+21
gpu_seed1103_ckpt75_reset_v,7,1051225.875,4096912086350.253,5.184705528587072e+21
gpu_seed1103_ckpt75_reset_v,8,1145070.125,4022190473208.984,5.184705528587072e+21
gpu_seed1103_ckpt75_reset_v,9,1229500.375,3929576658255.1143,5.184705528587072e+21
gpu_seed1103_ckpt75_reset_v,10,1305614.375,3824705776292.525,5.184705528587072e+21
gpu_seed1103_ckpt75_reset_v,11,1374230.25,3720337249615.509,5.184705528587072e+21
gpu_seed1103_ckpt75_reset_v,12,1436032.375,3634624025934.6562,5.184705528587072e+21
gpu_seed1103_ckpt75_reset_v,13,1491649.5,3538175219022.6875,5.184705528587072e+21
gpu_seed1103_ckpt75_reset_v,14,1541728.625,3740131044003.3213,5.184705528587072e+21
gpu_seed1103_ckpt75_reset_v,15,1586681.625,3508977882446.318,5.184705528587072e+21
gpu_seed1103_ckpt75_reset_v,16,1627066.75,3413672198136.223,5.184705528587072e+21
gpu_seed1103_ckpt75_reset_v,17,1663440.0,3406572901709.2324,5.184705528587072e+21
gpu_seed1103_ckpt75_reset_v,18,1696209.375,3404749777570.7295,5.184705528587072e+21
gpu_seed1103_ckpt75_reset_v,19,1725718.625,3402859107660.7886,5.184705528587072e+21
gpu_seed1103_ckpt75_reset_v,20,1752306.375,3403309471053.098,5.184705528587072e+21
gpu_seed1103_ckpt75_stale_m,0,0.0,0.0,0.0
gpu_seed1103_ckpt75_stale_m,1,0.8834438323974609,0.573556264241537,4596.82015206037
gpu_seed1103_ckpt75_stale_m,2,1.6720521450042725,0.45564905802408795,3304.243095498404
gpu_seed1103_ckpt75_stale_m,3,2.3784618377685547,0.455172061920166,2395.342679582567
gpu_seed1103_ckpt75_stale_m,4,3.0198569297790527,0.7445397377014151,1774.2964118615923
gpu_seed1103_ckpt75_stale_m,5,3.605872869491577,0.1270313262939453,211.87545988922557
gpu_seed1103_ckpt75_stale_m,6,4.1555094718933105,1.5797524452209473,2658.7443760979263
gpu_seed1103_ckpt75_stale_m,7,4.667255878448486,1.225098292032878,839.3365057425212
gpu_seed1103_ckpt75_stale_m,8,5.153908729553223,0.24402030309041312,241.35174741942262
gpu_seed1103_ckpt75_stale_m,9,5.596678256988525,0.15932321548461914,73.96533183479022
gpu_seed1103_ckpt75_stale_m,10,6.014530181884766,0.6876091957092285,231.14351175237036
gpu_seed1103_ckpt75_stale_m,11,6.413171768188477,0.8086144129435224,187.72599534367134
gpu_seed1103_ckpt75_stale_m,12,6.7833709716796875,1.5194374720255537,620.2581784551215
gpu_seed1103_ckpt75_stale_m,13,7.134249687194824,1.7105097770690918,630.6880732627465
gpu_seed1103_ckpt75_stale_m,14,7.4732770919799805,1.8941990534464512,1315.8819176848735
gpu_seed1103_ckpt75_stale_m,15,7.826290130615234,2.053407669067383,970.9387407160343
gpu_seed1103_ckpt75_stale_m,16,8.195358276367188,2.325267791748047,2151.6969241833126
gpu_seed1103_ckpt75_stale_m,17,8.565821647644043,1.9246638615926104,2816.8783946917183
gpu_seed1103_ckpt75_stale_m,18,8.928552627563477,2.696503957112631,2609.7815011111743
gpu_seed1103_ckpt75_stale_m,19,9.29360580444336,4.009777704874675,5047.819904000789
gpu_seed1103_ckpt75_stale_m,20,9.645172119140625,3.825021266937256,3689.3453943131135
gpu_seed1103_ckpt75_stale_v,0,0.0,0.0,0.0
gpu_seed1103_ckpt75_stale_v,1,522.9571533203125,39.58326498667399,1.634122413477753e+21
gpu_seed1103_ckpt75_stale_v,2,993.564453125,9.00025463104248,73171393.6797176
gpu_seed1103_ckpt75_stale_v,3,1417.0985107421875,8.12808068593343,22189176.48044109
gpu_seed1103_ckpt75_stale_v,4,1798.265380859375,6.646621704101562,1234540.2271555006
gpu_seed1103_ckpt75_stale_v,5,2141.302490234375,4.369265715281169,138508.63405339493
gpu_seed1103_ckpt75_stale_v,6,2450.024658203125,4.120694160461426,202935.1299689655
gpu_seed1103_ckpt75_stale_v,7,2450.245361328125,4.860379219055175,152202.81652958217
gpu_seed1103_ckpt75_stale_v,8,2450.4443359375,4.232710361480714,75688.42852104623
gpu_seed1103_ckpt75_stale_v,9,2450.623779296875,3.904758294423421,24426.59506147055
gpu_seed1103_ckpt75_stale_v,10,2450.78466796875,5.204159100850423,84154.11281348282
gpu_seed1103_ckpt75_stale_v,11,2450.928955078125,5.496126492818196,82177.92777001184
gpu_seed1103_ckpt75_stale_v,12,2451.0576171875,5.248572985331218,150303.03210457673
gpu_seed1103_ckpt75_stale_v,13,2451.172607421875,4.193879763285319,50255.907050105416
gpu_seed1103_ckpt75_stale_v,14,2451.274658203125,1.4796245892842608,5252.765868171515
gpu_seed1103_ckpt75_stale_v,15,2451.365234375,2.681211630503337,15151.331835579846
gpu_seed1103_ckpt75_stale_v,16,2451.445068359375,2.3127066294352217,21706.091017929306
gpu_seed1103_ckpt75_stale_v,17,2451.515380859375,0.9751211802164725,5446.876657625651
gpu_seed1103_ckpt75_stale_v,18,2451.5732421875,1.475871404012044,9444.561115469472
gpu_seed1103_ckpt75_stale_v,19,2451.623046875,1.4989512761433907,17875.441303049774
gpu_seed1103_ckpt75_stale_v,20,2451.666259765625,0.16032854715983014,558.7154021690244
gpu_seed1103_ckpt75_stale_mv,0,0.0,0.0,0.0
gpu_seed1103_ckpt75_stale_mv,1,1.0293127298355103,0.42096900939941406,3618.5200387925634
gpu_seed1103_ckpt75_stale_mv,2,1.9517816305160522,0.2654307683308925,2104.853369185438
gpu_seed1103_ckpt75_stale_mv,3,2.7736384868621826,0.04813035329183002,307.8210975340244
gpu_seed1103_ckpt75_stale_mv,4,3.5242760181427,0.35939518610636334,694.1080898970013
gpu_seed1103_ckpt75_stale_mv,5,4.215941429138184,0.9668995539347334,1100.707066790695
gpu_seed1103_ckpt75_stale_mv,6,4.871939659118652,1.4319742520650225,2548.872213807138
gpu_seed1103_ckpt75_stale_mv,7,5.49745512008667,1.2934160232543945,862.3877348619577
gpu_seed1103_ckpt75_stale_mv,8,6.082616329193115,0.07222239176432321,83.48048808942417
gpu_seed1103_ckpt75_stale_mv,9,6.630031585693359,0.006200472513834043,3.1236214900859522
gpu_seed1103_ckpt75_stale_mv,10,7.148278713226318,0.06217892964681049,28.024729598931742
gpu_seed1103_ckpt75_stale_mv,11,7.6474761962890625,0.005436261494955019,1.8353698710257618
gpu_seed1103_ckpt75_stale_mv,12,8.116555213928223,0.27445522944132517,190.57512796944593
gpu_seed1103_ckpt75_stale_mv,13,8.562071800231934,0.7329069773356114,399.93349065901043
gpu_seed1103_ckpt75_stale_mv,14,8.99536418914795,0.9298060735066729,937.6547709686881
gpu_seed1103_ckpt75_stale_mv,15,9.42451000213623,0.37502574920654297,348.3297912629123
gpu_seed1103_ckpt75_stale_mv,16,9.85732364654541,0.6873807907104492,1185.5199651448868
gpu_seed1103_ckpt75_stale_mv,17,10.292243003845215,0.020236651102703007,67.42366790961432
gpu_seed1103_ckpt75_stale_mv,18,10.72118091583252,1.300464153289795,2036.1852397500777
gpu_seed1103_ckpt75_stale_mv,19,11.154115676879883,2.8921505610148115,4855.958449331796
gpu_seed1103_ckpt75_stale_mv,20,11.575037956237793,2.6499959627787275,3505.1631645893317
gpu_seed1103_ckpt75_model_current_optimizer_stale,0,0.0,0.0,0.0
gpu_seed1103_ckpt75_model_current_optimizer_stale,1,0.9139636158943176,0.5607668558756504,4520.431419205724
gpu_seed1103_ckpt75_model_current_optimizer_stale,2,1.732079267501831,0.47093645731608014,3391.0923991811514
gpu_seed1103_ckpt75_model_current_optimizer_stale,3,2.46073317527771,0.44287602106730084,2343.9326140044022
gpu_seed1103_ckpt75_model_current_optimizer_stale,4,3.1256659030914307,0.6839598019917803,1575.6556735758631
gpu_seed1103_ckpt75_model_current_optimizer_stale,5,3.733687400817871,0.2418702443440761,381.5763464338677
gpu_seed1103_ckpt75_model_current_optimizer_stale,6,4.310972213745117,1.6312305132548017,2693.360979827041
gpu_seed1103_ckpt75_model_current_optimizer_stale,7,4.851759433746338,1.2572738329569502,850.3892205706245
gpu_seed1103_ckpt75_model_current_optimizer_stale,8,5.36309814453125,0.5523123741149902,473.0353329977046
gpu_seed1103_ckpt75_model_current_optimizer_stale,9,5.826737880706787,0.5237371126810713,204.75009981416855
gpu_seed1103_ckpt75_model_current_optimizer_stale,10,6.268833160400391,0.8030093510945644,256.6173189603471
gpu_seed1103_ckpt75_model_current_optimizer_stale,11,6.696373462677002,0.958981990814209,208.7801489655919
gpu_seed1103_ckpt75_model_current_optimizer_stale,12,7.100198745727539,1.664873282114665,643.777210269563
gpu_seed1103_ckpt75_model_current_optimizer_stale,13,7.480120658874512,1.8810025850931797,652.5030936051663
gpu_seed1103_ckpt75_model_current_optimizer_stale,14,7.84987735748291,1.9415132204691563,1326.650030803617
gpu_seed1103_ckpt75_model_current_optimizer_stale,15,8.223763465881348,1.7246390978495283,915.3130640683348
gpu_seed1103_ckpt75_model_current_optimizer_stale,16,8.614447593688965,2.11901076634725,2098.292999246967
gpu_seed1103_ckpt75_model_current_optimizer_stale,17,8.999259948730469,2.063143889109293,2879.1176856910693
gpu_seed1103_ckpt75_model_current_optimizer_stale,18,9.376191139221191,2.565473874409994,2583.3582983483516
gpu_seed1103_ckpt75_model_current_optimizer_stale,19,9.749846458435059,3.2127803166707363,4934.165655706709
gpu_seed1103_ckpt75_model_current_optimizer_stale,20,10.111541748046875,2.818712552388509,3546.5333467215523
gpu_seed1103_ckpt75_step_counter_mismatch,0,0.0,0.0,0.0
gpu_seed1103_ckpt75_step_counter_mismatch,1,0.11368270218372345,0.18719641367594342,1797.9321438366387
gpu_seed1103_ckpt75_step_counter_mismatch,2,0.21513932943344116,0.1547231674194336,1294.2695639511157
gpu_seed1103_ckpt75_step_counter_mismatch,3,0.3071734309196472,0.32688061396280865,1826.5372895526125
gpu_seed1103_ckpt75_step_counter_mismatch,4,0.4011010229587555,0.47966925303141217,987.9492516262717
gpu_seed1103_ckpt75_step_counter_mismatch,5,0.5197668671607971,0.34368101755777936,728.4212071768304
gpu_seed1103_ckpt75_step_counter_mismatch,6,0.674296498298645,0.0595555305480957,205.48917701741402
gpu_seed1103_ckpt75_step_counter_mismatch,7,0.8312273621559143,0.6179968516031895,1016.3339140622766
gpu_seed1103_ckpt75_step_counter_mismatch,8,0.995255708694458,0.11658048629760742,137.82333007655598
gpu_seed1103_ckpt75_step_counter_mismatch,9,1.1583975553512573,0.8702669143676758,696.8423429750842
gpu_seed1103_ckpt75_step_counter_mismatch,10,1.3354127407073975,0.5510234832763672,341.69138261398587
gpu_seed1103_ckpt75_step_counter_mismatch,11,1.5062247514724731,0.4887237548828125,213.35618552518486
gpu_seed1103_ckpt75_step_counter_mismatch,12,1.661637783050537,0.8710738817850752,461.71927715002175
gpu_seed1103_ckpt75_step_counter_mismatch,13,1.8288167715072632,1.2776492436726885,555.3050669392153
gpu_seed1103_ckpt75_step_counter_mismatch,14,2.056236982345581,2.111607074737549,1361.4124815482746
gpu_seed1103_ckpt75_step_counter_mismatch,15,2.308833360671997,2.3924593925476074,1012.0309671015033
gpu_seed1103_ckpt75_step_counter_mismatch,16,2.642761468887329,2.3830513954162598,2164.786459356613
gpu_seed1103_ckpt75_step_counter_mismatch,17,3.0111448764801025,1.7155979474385576,2704.9673227556177
gpu_seed1103_ckpt75_step_counter_mismatch,18,3.3835957050323486,2.1081976890563965,2458.617442622015
gpu_seed1103_ckpt75_step_counter_mismatch,19,3.7647058963775635,2.725001811981202,4804.0888866126015
gpu_seed1103_ckpt75_step_counter_mismatch,20,4.13914155960083,3.4227280616760254,3648.591584607813
gpu_seed1103_ckpt75_scheduler_mismatch,0,0.0,0.0,0.0
gpu_seed1103_ckpt75_scheduler_mismatch,1,0.0,0.0,0.0
gpu_seed1103_ckpt75_scheduler_mismatch,2,0.0,0.0,0.0
gpu_seed1103_ckpt75_scheduler_mismatch,3,0.0,0.0,0.0
gpu_seed1103_ckpt75_scheduler_mismatch,4,0.0,0.0,0.0
gpu_seed1103_ckpt75_scheduler_mismatch,5,0.0,0.0,0.0
gpu_seed1103_ckpt75_scheduler_mismatch,6,0.0,0.0,0.0
gpu_seed1103_ckpt75_scheduler_mismatch,7,0.0,0.0,0.0
gpu_seed1103_ckpt75_scheduler_mismatch,8,0.0,0.0,0.0
gpu_seed1103_ckpt75_scheduler_mismatch,9,0.0,0.0,0.0
gpu_seed1103_ckpt75_scheduler_mismatch,10,0.0,0.0,0.0
gpu_seed1103_ckpt75_scheduler_mismatch,11,0.0,0.0,0.0
gpu_seed1103_ckpt75_scheduler_mismatch,12,0.0,0.0,0.0
gpu_seed1103_ckpt75_scheduler_mismatch,13,0.0,0.0,0.0
gpu_seed1103_ckpt75_scheduler_mismatch,14,0.0,0.0,0.0
gpu_seed1103_ckpt75_scheduler_mismatch,15,0.0,0.0,0.0
gpu_seed1103_ckpt75_scheduler_mismatch,16,0.0,0.0,0.0
gpu_seed1103_ckpt75_scheduler_mismatch,17,0.0,0.0,0.0
gpu_seed1103_ckpt75_scheduler_mismatch,18,0.0,0.0,0.0
gpu_seed1103_ckpt75_scheduler_mismatch,19,0.0,0.0,0.0
gpu_seed1103_ckpt75_scheduler_mismatch,20,0.0,0.0,0.0
gpu_seed1103_ckpt75_optimizer_reset,0,0.0,0.0,0.0
gpu_seed1103_ckpt75_optimizer_reset,1,3.601011037826538,13.319698651631672,6414487148.098245
gpu_seed1103_ckpt75_optimizer_reset,2,5.483936786651611,20.240383466084797,5570841999074.189
gpu_seed1103_ckpt75_optimizer_reset,3,6.875799655914307,13.15752951304118,3392582459.9318266
gpu_seed1103_ckpt75_optimizer_reset,4,8.189167976379395,9.793289820353188,28749206.002382584
gpu_seed1103_ckpt75_optimizer_reset,5,9.36544418334961,7.167237440745036,2300482.1290555242
gpu_seed1103_ckpt75_optimizer_reset,6,10.472131729125977,9.411648432413738,40950746.48775854
gpu_seed1103_ckpt75_optimizer_reset,7,11.47558879852295,7.630388259887694,2446748.0976237934
gpu_seed1103_ckpt75_optimizer_reset,8,12.418785095214844,3.657367229461671,42087.99248486333
gpu_seed1103_ckpt75_optimizer_reset,9,13.337369918823242,7.479814688364665,889372.2622314522
gpu_seed1103_ckpt75_optimizer_reset,10,14.160684585571289,4.523380597432454,42371.18426276443
gpu_seed1103_ckpt75_optimizer_reset,11,14.9435453414917,7.8028011322021475,828207.5486353548
gpu_seed1103_ckpt75_optimizer_reset,12,15.669917106628418,7.6818208694458,1721082.929223629
gpu_seed1103_ckpt75_optimizer_reset,13,16.36077308654785,6.083527565002442,336869.5567291805
gpu_seed1103_ckpt75_optimizer_reset,14,17.018232345581055,4.398906230926515,124472.1099506232
gpu_seed1103_ckpt75_optimizer_reset,15,17.63494300842285,5.528343677520751,279269.64071887074
gpu_seed1103_ckpt75_optimizer_reset,16,18.22664451599121,4.043408393859862,133599.12009397263
gpu_seed1103_ckpt75_optimizer_reset,17,18.781116485595703,4.08532460530599,192814.6288203697
gpu_seed1103_ckpt75_optimizer_reset,18,19.304784774780273,4.143933931986491,173648.94516647936
gpu_seed1103_ckpt75_optimizer_reset,19,19.808612823486328,1.984084129333496,32246.736464353544
gpu_seed1103_ckpt75_optimizer_reset,20,20.29296875,1.898995717366537,21419.805400695852
gpu_seed1103_ckpt150_exact_restore,0,0.0,0.0,0.0
gpu_seed1103_ckpt150_exact_restore,1,0.0,0.0,0.0
gpu_seed1103_ckpt150_exact_restore,2,0.0,0.0,0.0
gpu_seed1103_ckpt150_exact_restore,3,0.0,0.0,0.0
gpu_seed1103_ckpt150_exact_restore,4,0.0,0.0,0.0
gpu_seed1103_ckpt150_exact_restore,5,0.0,0.0,0.0
gpu_seed1103_ckpt150_exact_restore,6,0.0,0.0,0.0
gpu_seed1103_ckpt150_exact_restore,7,0.0,0.0,0.0
gpu_seed1103_ckpt150_exact_restore,8,0.0,0.0,0.0
gpu_seed1103_ckpt150_exact_restore,9,0.0,0.0,0.0
gpu_seed1103_ckpt150_exact_restore,10,0.0,0.0,0.0
gpu_seed1103_ckpt150_exact_restore,11,0.0,0.0,0.0
gpu_seed1103_ckpt150_exact_restore,12,0.0,0.0,0.0
gpu_seed1103_ckpt150_exact_restore,13,0.0,0.0,0.0
gpu_seed1103_ckpt150_exact_restore,14,0.0,0.0,0.0
gpu_seed1103_ckpt150_exact_restore,15,0.0,0.0,0.0
gpu_seed1103_ckpt150_exact_restore,16,0.0,0.0,0.0
gpu_seed1103_ckpt150_exact_restore,17,0.0,0.0,0.0
gpu_seed1103_ckpt150_exact_restore,18,0.0,0.0,0.0
gpu_seed1103_ckpt150_exact_restore,19,0.0,0.0,0.0
gpu_seed1103_ckpt150_exact_restore,20,0.0,0.0,0.0
gpu_seed1103_ckpt150_benign_nonzero,0,9.313225746154785e-09,0.0,0.0
gpu_seed1103_ckpt150_benign_nonzero,1,9.313225746154785e-09,0.0,0.0
gpu_seed1103_ckpt150_benign_nonzero,2,9.313225746154785e-09,0.0,0.0
gpu_seed1103_ckpt150_benign_nonzero,3,9.313225746154785e-09,0.0,0.0
gpu_seed1103_ckpt150_benign_nonzero,4,9.313225746154785e-09,0.0,0.0
gpu_seed1103_ckpt150_benign_nonzero,5,9.313225746154785e-09,0.0,0.0
gpu_seed1103_ckpt150_benign_nonzero,6,9.313225746154785e-09,0.0,0.0
gpu_seed1103_ckpt150_benign_nonzero,7,9.313225746154785e-09,0.0,0.0
gpu_seed1103_ckpt150_benign_nonzero,8,9.313225746154785e-09,0.0,0.0
gpu_seed1103_ckpt150_benign_nonzero,9,9.313225746154785e-09,0.0,0.0
gpu_seed1103_ckpt150_benign_nonzero,10,9.313225746154785e-09,0.0,0.0
gpu_seed1103_ckpt150_benign_nonzero,11,9.313225746154785e-09,0.0,0.0
gpu_seed1103_ckpt150_benign_nonzero,12,9.313225746154785e-09,0.0,0.0
gpu_seed1103_ckpt150_benign_nonzero,13,9.313225746154785e-09,0.0,0.0
gpu_seed1103_ckpt150_benign_nonzero,14,0.0001394287246512249,7.947285984855057e-08,2.2741177225782394e-06
gpu_seed1103_ckpt150_benign_nonzero,15,0.00030772940954193473,0.0,0.0
gpu_seed1103_ckpt150_benign_nonzero,16,0.000532984035089612,7.947285940446136e-08,1.7378898675701748e-06
gpu_seed1103_ckpt150_benign_nonzero,17,0.0007829367532394826,1.5894571925301193e-07,3.3373094723287977e-06
gpu_seed1103_ckpt150_benign_nonzero,18,0.0010362588800489902,0.0,0.0
gpu_seed1103_ckpt150_benign_nonzero,19,0.001316427136771381,1.5894571969710114e-07,3.2649862191647117e-06
gpu_seed1103_ckpt150_benign_nonzero,20,0.0016029360704123974,7.947285940446136e-08,1.601747641188922e-06
gpu_seed1103_ckpt150_reset_m,0,0.0,0.0,0.0
gpu_seed1103_ckpt150_reset_m,1,0.10878273844718933,0.19209504127502441,5.298414302969373
gpu_seed1103_ckpt150_reset_m,2,0.19977691769599915,0.2718773682912192,7.1284901714724
gpu_seed1103_ckpt150_reset_m,3,0.2762673795223236,0.10743864377339696,2.320647267035614
gpu_seed1103_ckpt150_reset_m,4,0.34362921118736267,0.04847391446431493,1.0409226401681337
gpu_seed1103_ckpt150_reset_m,5,0.4063272476196289,0.1111452579498291,2.6232151483648103
gpu_seed1103_ckpt150_reset_m,6,0.4665682911872864,0.2044231096903486,5.09359980424566
gpu_seed1103_ckpt150_reset_m,7,0.5224399566650391,0.22676094373067235,5.163615807962962
gpu_seed1103_ckpt150_reset_m,8,0.5753949880599976,0.16574509938557958,3.5820003904160806
gpu_seed1103_ckpt150_reset_m,9,0.6238732933998108,0.12390168507893895,2.960338780245017
gpu_seed1103_ckpt150_reset_m,10,0.6683980822563171,0.10971458752950047,2.542800444771995
gpu_seed1103_ckpt150_reset_m,11,0.7079493999481201,0.008959531784057617,0.19714998413150298
gpu_seed1103_ckpt150_reset_m,12,0.7447014451026917,0.15534941355387355,3.917984395304945
gpu_seed1103_ckpt150_reset_m,13,0.7775761485099792,0.07018415133158351,1.8650485781317379
gpu_seed1103_ckpt150_reset_m,14,0.8128307461738586,0.1890571912129717,4.929247554947018
gpu_seed1103_ckpt150_reset_m,15,0.845629096031189,0.13820266723632812,3.558626834750239
gpu_seed1103_ckpt150_reset_m,16,0.8733453154563904,0.03743275006612112,0.8340822952821654
gpu_seed1103_ckpt150_reset_m,17,0.900594174861908,0.025918006896972656,0.5513018630306057
gpu_seed1103_ckpt150_reset_m,18,0.9291937947273254,0.030454635620117188,0.6597264470931954
gpu_seed1103_ckpt150_reset_m,19,0.9578720331192017,0.09737602869669626,2.1008790305311926
gpu_seed1103_ckpt150_reset_m,20,0.9845191240310669,0.0894320011138916,1.8855272710622266
gpu_seed1103_ckpt150_reset_v,0,0.0,0.0,0.0
gpu_seed1103_ckpt150_reset_v,1,11682.2236328125,198505799.25498357,5.184705528587072e+21
gpu_seed1103_ckpt150_reset_v,2,16800.4296875,171728385.93396902,5.184705528587072e+21
gpu_seed1103_ckpt150_reset_v,3,22025.25390625,148628290.20741343,5.184705528587072e+21
gpu_seed1103_ckpt150_reset_v,4,26917.412109375,131870594.24235733,5.184705528587072e+21
gpu_seed1103_ckpt150_reset_v,5,31438.056640625,118722818.11695734,5.184705528587072e+21
gpu_seed1103_ckpt150_reset_v,6,35017.25,107245820.68398087,5.184705528587072e+21
gpu_seed1103_ckpt150_reset_v,7,38259.58984375,95868644.76326513,5.184705528587072e+21
gpu_seed1103_ckpt150_reset_v,8,41177.96875,84279764.8450462,5.184705528587072e+21
gpu_seed1103_ckpt150_reset_v,9,43809.1640625,73386068.76511812,5.184705528587072e+21
gpu_seed1103_ckpt150_reset_v,10,45515.0,62648446.13583859,5.184705528587072e+21
gpu_seed1103_ckpt150_reset_v,11,47069.67578125,51863092.9132363,5.184705528587072e+21
gpu_seed1103_ckpt150_reset_v,12,48491.32421875,41367047.51769097,5.184705528587072e+21
gpu_seed1103_ckpt150_reset_v,13,49783.8359375,31434127.35185997,5.184705528587072e+21
gpu_seed1103_ckpt150_reset_v,14,50958.44921875,21908973.312734842,5.184705528587072e+21
gpu_seed1103_ckpt150_reset_v,15,52011.48046875,13266475.34995222,5.184705528587072e+21
gpu_seed1103_ckpt150_reset_v,16,52966.57421875,9846521.74832201,5.184705528587072e+21
gpu_seed1103_ckpt150_reset_v,17,53810.046875,13896601.622309128,5.184705528587072e+21
gpu_seed1103_ckpt150_reset_v,18,54554.7265625,7883274.606345574,5.184705528587072e+21
gpu_seed1103_ckpt150_reset_v,19,55228.4140625,7267603.477552016,5.184705528587072e+21
gpu_seed1103_ckpt150_reset_v,20,55837.89453125,6797252.329898357,5.184705528587072e+21
gpu_seed1103_ckpt150_stale_m,0,0.0,0.0,0.0
gpu_seed1103_ckpt150_stale_m,1,0.19242888689041138,0.2615880171457925,6.977942916541188
gpu_seed1103_ckpt150_stale_m,2,0.35643595457077026,0.24338181813557958,6.468967404963351
gpu_seed1103_ckpt150_stale_m,3,0.4929285943508148,0.062230507532755386,1.4627037140315196
gpu_seed1103_ckpt150_stale_m,4,0.6179552674293518,0.16635823249816895,3.981649533540054
gpu_seed1103_ckpt150_stale_m,5,0.7318673729896545,0.07819072405497263,2.0281454829641063
gpu_seed1103_ckpt150_stale_m,6,0.8397176861763,0.023903052012125947,0.6507317950279834
gpu_seed1103_ckpt150_stale_m,7,0.9397765398025513,0.11501781145731593,2.76518857289739
gpu_seed1103_ckpt150_stale_m,8,1.0325409173965454,0.1279240449269614,2.8161056314239126
gpu_seed1103_ckpt150_stale_m,9,1.117919921875,0.042060693105062,1.0463245690354697
gpu_seed1103_ckpt150_stale_m,10,1.1954821348190308,0.06468065579732274,1.6351201338186883
gpu_seed1103_ckpt150_stale_m,11,1.266512155532837,0.16290998458862305,3.8758569799490843
gpu_seed1103_ckpt150_stale_m,12,1.334955096244812,0.2169703642527261,5.64870945579268
gpu_seed1103_ckpt150_stale_m,13,1.3981590270996094,0.07601936658223485,2.17339402627152
gpu_seed1103_ckpt150_stale_m,14,1.4581595659255981,0.06976556777954102,1.928296835142639
gpu_seed1103_ckpt150_stale_m,15,1.510506510734558,0.09497570991516113,2.4979447824627172
gpu_seed1103_ckpt150_stale_m,16,1.5587481260299683,0.044957558314005386,1.0055532968196808
gpu_seed1103_ckpt150_stale_m,17,1.605425477027893,0.06935365994771336,1.5078705373368706
gpu_seed1103_ckpt150_stale_m,18,1.6497156620025635,0.11182800928751613,2.5242977021376944
gpu_seed1103_ckpt150_stale_m,19,1.6914057731628418,0.23151954015096043,5.351351478550217
gpu_seed1103_ckpt150_stale_m,20,1.7293535470962524,0.2012951374053955,4.494197833627716
gpu_seed1103_ckpt150_stale_v,0,0.0,0.0,0.0
gpu_seed1103_ckpt150_stale_v,1,99.7238998413086,0.002728859583536636,0.08284170429115179
gpu_seed1103_ckpt150_stale_v,2,189.4748992919922,0.0019719600677490234,0.05910872004998424
gpu_seed1103_ckpt150_stale_v,3,270.2502746582031,0.0005692640940351268,0.012964624609384856
gpu_seed1103_ckpt150_stale_v,4,342.9476318359375,0.0036458969116210938,0.08035078835314025
gpu_seed1103_ckpt150_stale_v,5,408.3747253417969,0.01020956039428711,0.2559058708625166
gpu_seed1103_ckpt150_stale_v,6,467.25860595703125,0.008250395456949722,0.22824241892428176
gpu_seed1103_ckpt150_stale_v,7,520.253662109375,0.004171133041381836,0.10637907244477773
gpu_seed1103_ckpt150_stale_v,8,567.9486083984375,0.009192864100138198,0.21658461287909958
gpu_seed1103_ckpt150_stale_v,9,610.8735961914062,0.015167872111002456,0.3882521167054023
gpu_seed1103_ckpt150_stale_v,10,649.5055541992188,0.011156400044759263,0.2745384872284369
gpu_seed1103_ckpt150_stale_v,11,649.5496215820312,0.006681998570759795,0.14686645280749033
gpu_seed1103_ckpt150_stale_v,12,649.5892333984375,0.010384480158487808,0.24334612744278772
gpu_seed1103_ckpt150_stale_v,13,649.6249389648438,0.012130180994669448,0.335819752529428
gpu_seed1103_ckpt150_stale_v,14,649.6568603515625,0.002382834752400864,0.06826617004083602
gpu_seed1103_ckpt150_stale_v,15,649.6854248046875,0.00675932566324855,0.18572365028343896
gpu_seed1103_ckpt150_stale_v,16,649.7109985351562,0.0031971136728925487,0.06980192707504784
gpu_seed1103_ckpt150_stale_v,17,649.7338256835938,0.0020966529846191406,0.04406863497186464
gpu_seed1103_ckpt150_stale_v,18,649.7542114257812,0.0006205240885415186,0.013242621332906879
gpu_seed1103_ckpt150_stale_v,19,649.772216796875,0.00014837582906057634,0.0030476382852455686
gpu_seed1103_ckpt150_stale_v,20,649.7882690429688,0.00461888313293457,0.09330728965751334
gpu_seed1103_ckpt150_stale_mv,0,0.0,0.0,0.0
gpu_seed1103_ckpt150_stale_mv,1,0.20015458762645721,0.2613268693288169,6.971847378963819
gpu_seed1103_ckpt150_stale_mv,2,0.3706296980381012,0.23888882001241063,6.363252061068749
gpu_seed1103_ckpt150_stale_mv,3,0.5127101540565491,0.06893316904703761,1.6257457891402467
gpu_seed1103_ckpt150_stale_mv,4,0.6422517895698547,0.17396783828735352,4.180102636845376
gpu_seed1103_ckpt150_stale_mv,5,0.7590737342834473,0.08515675862630223,2.2166454599457275
gpu_seed1103_ckpt150_stale_mv,6,0.8698341846466064,0.021574338277181138,0.5880170405510761
gpu_seed1103_ckpt150_stale_mv,7,0.9732725024223328,0.11874238650004054,2.8495245129224607
gpu_seed1103_ckpt150_stale_mv,8,1.0694772005081177,0.12325127919514989,2.719453508010165
gpu_seed1103_ckpt150_stale_mv,9,1.1580449342727661,0.028516769409179688,0.7141904697436345
gpu_seed1103_ckpt150_stale_mv,10,1.2389837503433228,0.07543690999348973,1.9174414157177821
gpu_seed1103_ckpt150_stale_mv,11,1.3128749132156372,0.17115116119384766,4.089208306692267
gpu_seed1103_ckpt150_stale_mv,12,1.3839339017868042,0.23142313957214355,6.07031392817726
gpu_seed1103_ckpt150_stale_mv,13,1.4499274492263794,0.08779406547546387,2.525056649927855
gpu_seed1103_ckpt150_stale_mv,14,1.5137486457824707,0.06883184115091945,1.9033670922629682
gpu_seed1103_ckpt150_stale_mv,15,1.5694212913513184,0.09909820556640625,2.6010899012297095
gpu_seed1103_ckpt150_stale_mv,16,1.6210438013076782,0.0442812442779541,0.9900890147335879
gpu_seed1103_ckpt150_stale_mv,17,1.6713184118270874,0.07465473810831691,1.6274849252481545
gpu_seed1103_ckpt150_stale_mv,18,1.7182393074035645,0.11931045850118016,2.7034888018754692
gpu_seed1103_ckpt150_stale_mv,19,1.7623236179351807,0.24504097302754735,5.703837830939914
gpu_seed1103_ckpt150_stale_mv,20,1.8026628494262695,0.2117608388264971,4.753519930657028
gpu_seed1103_ckpt150_model_current_optimizer_stale,0,0.0,0.0,0.0
gpu_seed1103_ckpt150_model_current_optimizer_stale,1,0.18834078311920166,0.2603542009989419,6.949129994694935
gpu_seed1103_ckpt150_model_current_optimizer_stale,2,0.34873268008232117,0.2576340834299726,6.8011818527383845
gpu_seed1103_ckpt150_model_current_optimizer_stale,3,0.48229849338531494,0.03891881306966116,0.9040821007577549
gpu_seed1103_ckpt150_model_current_optimizer_stale,4,0.604305624961853,0.13459769884745265,3.1694707972906286
gpu_seed1103_ckpt150_model_current_optimizer_stale,5,0.7144416570663452,0.04519454638163278,1.1528988501551325
gpu_seed1103_ckpt150_model_current_optimizer_stale,6,0.8188226222991943,0.04239400227864598,1.1435627844392187
gpu_seed1103_ckpt150_model_current_optimizer_stale,7,0.9158900380134583,0.10133520762125636,2.45266140861926
gpu_seed1103_ckpt150_model_current_optimizer_stale,8,1.0061458349227905,0.14574575424194336,3.1806139855228714
gpu_seed1103_ckpt150_model_current_optimizer_stale,9,1.0895054340362549,0.10942435264587402,2.633060199262953
gpu_seed1103_ckpt150_model_current_optimizer_stale,10,1.1651455163955688,0.005580584208170425,0.13694505715127647
gpu_seed1103_ckpt150_model_current_optimizer_stale,11,1.2348655462265015,0.12380067507425929,2.887006345599577
gpu_seed1103_ckpt150_model_current_optimizer_stale,12,1.3018267154693604,0.14620240529378226,3.6700455943185446
gpu_seed1103_ckpt150_model_current_optimizer_stale,13,1.3636958599090576,0.013644854227701675,0.3780397524646979
gpu_seed1103_ckpt150_model_current_optimizer_stale,14,1.4222499132156372,0.09799416859944632,2.6710923829410156
gpu_seed1103_ckpt150_model_current_optimizer_stale,15,1.4735840559005737,0.10150488217671683,2.6611088268296754
gpu_seed1103_ckpt150_model_current_optimizer_stale,16,1.5212297439575195,0.03400611877441406,0.756424736056811
gpu_seed1103_ckpt150_model_current_optimizer_stale,17,1.5675891637802124,0.030441999435424805,0.6490049644724358
gpu_seed1103_ckpt150_model_current_optimizer_stale,18,1.6109994649887085,0.06711483001708984,1.4809976346633142
gpu_seed1103_ckpt150_model_current_optimizer_stale,19,1.6519392728805542,0.17163403828938817,3.846260489764422
gpu_seed1103_ckpt150_model_current_optimizer_stale,20,1.689619779586792,0.1562422911326089,3.408341258755975
gpu_seed1103_ckpt150_step_counter_mismatch,0,0.0,0.0,0.0
gpu_seed1103_ckpt150_step_counter_mismatch,1,0.009655991569161415,0.015232721964518081,0.45829920853035944
gpu_seed1103_ckpt150_step_counter_mismatch,2,0.017827801406383514,0.01243138313293457,0.36995420701410353
gpu_seed1103_ckpt150_step_counter_mismatch,3,0.026675179600715637,0.005737781524658203,0.1310872068060398
gpu_seed1103_ckpt150_step_counter_mismatch,4,0.03546785190701485,0.0178220272064209,0.38858556741700667
gpu_seed1103_ckpt150_step_counter_mismatch,5,0.04470115154981613,0.051819245020548355,1.2593359689248729
gpu_seed1103_ckpt150_step_counter_mismatch,6,0.052688393741846085,0.053806384404500474,1.4432152300647587
gpu_seed1103_ckpt150_step_counter_mismatch,7,0.06053225323557854,0.02885890007019043,0.723976228539815
gpu_seed1103_ckpt150_step_counter_mismatch,8,0.06921429932117462,0.03768452008565282,0.8673305063765397
gpu_seed1103_ckpt150_step_counter_mismatch,9,0.07768025249242783,0.07285992304484035,1.7850680778106174
gpu_seed1103_ckpt150_step_counter_mismatch,10,0.08578062057495117,0.05118250846862793,1.2209816958571764
gpu_seed1103_ckpt150_step_counter_mismatch,11,0.09450703114271164,0.013986587524414062,0.3042584161793691
gpu_seed1103_ckpt150_step_counter_mismatch,12,0.10420200973749161,0.04258569081624364,0.9719231216540791
gpu_seed1103_ckpt150_step_counter_mismatch,13,0.11264408379793167,0.07301831245422363,1.9376476251762078
gpu_seed1103_ckpt150_step_counter_mismatch,14,0.12089559435844421,0.032594283421834014,0.9176498274218368
gpu_seed1103_ckpt150_step_counter_mismatch,15,0.12994056940078735,0.014140446980794419,0.3926160929193969
gpu_seed1103_ckpt150_step_counter_mismatch,16,0.13953781127929688,0.01570264498392726,0.34609111831532857
gpu_seed1103_ckpt150_step_counter_mismatch,17,0.14894236624240875,0.017537514368692886,0.3650169755767898
gpu_seed1103_ckpt150_step_counter_mismatch,18,0.15782135725021362,0.015112241109212388,0.3199867449003051
gpu_seed1103_ckpt150_step_counter_mismatch,19,0.16716627776622772,0.004885355631510269,0.1001078779093163
gpu_seed1103_ckpt150_step_counter_mismatch,20,0.17688104510307312,0.021381696065267075,0.42636611789674106
gpu_seed1103_ckpt150_scheduler_mismatch,0,0.0,0.0,0.0
gpu_seed1103_ckpt150_scheduler_mismatch,1,0.0,0.0,0.0
gpu_seed1103_ckpt150_scheduler_mismatch,2,0.0,0.0,0.0
gpu_seed1103_ckpt150_scheduler_mismatch,3,0.0,0.0,0.0
gpu_seed1103_ckpt150_scheduler_mismatch,4,0.0,0.0,0.0
gpu_seed1103_ckpt150_scheduler_mismatch,5,0.0,0.0,0.0
gpu_seed1103_ckpt150_scheduler_mismatch,6,0.0,0.0,0.0
gpu_seed1103_ckpt150_scheduler_mismatch,7,0.0,0.0,0.0
gpu_seed1103_ckpt150_scheduler_mismatch,8,0.0,0.0,0.0
gpu_seed1103_ckpt150_scheduler_mismatch,9,0.0,0.0,0.0
gpu_seed1103_ckpt150_scheduler_mismatch,10,0.0,0.0,0.0
gpu_seed1103_ckpt150_scheduler_mismatch,11,0.0,0.0,0.0
gpu_seed1103_ckpt150_scheduler_mismatch,12,0.0,0.0,0.0
gpu_seed1103_ckpt150_scheduler_mismatch,13,0.0,0.0,0.0
gpu_seed1103_ckpt150_scheduler_mismatch,14,0.0,0.0,0.0
gpu_seed1103_ckpt150_scheduler_mismatch,15,0.0,0.0,0.0
gpu_seed1103_ckpt150_scheduler_mismatch,16,0.0,0.0,0.0
gpu_seed1103_ckpt150_scheduler_mismatch,17,0.0,0.0,0.0
gpu_seed1103_ckpt150_scheduler_mismatch,18,0.0,0.0,0.0
gpu_seed1103_ckpt150_scheduler_mismatch,19,0.0,0.0,0.0
gpu_seed1103_ckpt150_scheduler_mismatch,20,0.0,0.0,0.0
gpu_seed1103_ckpt150_optimizer_reset,0,0.0,0.0,0.0
gpu_seed1103_ckpt150_optimizer_reset,1,3.551748037338257,10.70678742726644,1353829.9275767135
gpu_seed1103_ckpt150_optimizer_reset,2,5.233538627624512,9.73138157526652,504178.9259248229
gpu_seed1103_ckpt150_optimizer_reset,3,6.6376471519470215,8.165686051050821,80123.27518336046
gpu_seed1103_ckpt150_optimizer_reset,4,7.886831283569336,11.935049136479696,3355188.7286643153
gpu_seed1103_ckpt150_optimizer_reset,5,8.945792198181152,11.254159291585287,1925165.1705909485
gpu_seed1103_ckpt150_optimizer_reset,6,9.933311462402344,6.061828851699829,11795.992509054993
gpu_seed1103_ckpt150_optimizer_reset,7,10.899894714355469,6.75319242477417,21780.26280124417
gpu_seed1103_ckpt150_optimizer_reset,8,11.819930076599121,7.26541503270467,33512.34893317151
gpu_seed1103_ckpt150_optimizer_reset,9,12.672791481018066,5.34714682896932,5309.514167347839
gpu_seed1103_ckpt150_optimizer_reset,10,13.473886489868164,7.4261551698048915,41070.86486680618
gpu_seed1103_ckpt150_optimizer_reset,11,14.209004402160645,5.742646535237629,6810.350133677535
gpu_seed1103_ckpt150_optimizer_reset,12,14.901156425476074,6.542623519897461,16157.788419333265
gpu_seed1103_ckpt150_optimizer_reset,13,15.526426315307617,4.451199134190877,2331.513013729165
gpu_seed1103_ckpt150_optimizer_reset,14,16.131559371948242,5.250058094660442,5424.759743407521
gpu_seed1103_ckpt150_optimizer_reset,15,16.706567764282227,4.373413562774658,2159.084834616346
gpu_seed1103_ckpt150_optimizer_reset,16,17.254173278808594,4.847636699676514,2764.92882939547
gpu_seed1103_ckpt150_optimizer_reset,17,17.765121459960938,3.926470994949341,1044.1083223718779
gpu_seed1103_ckpt150_optimizer_reset,18,18.251487731933594,4.094726006189982,1259.218342540204
gpu_seed1103_ckpt150_optimizer_reset,19,18.718896865844727,4.649218479792276,2126.114273599538
gpu_seed1103_ckpt150_optimizer_reset,20,19.158700942993164,4.749815146128336,2308.975434483496
gpu_seed1103_ckpt300_exact_restore,0,0.0,0.0,0.0
gpu_seed1103_ckpt300_exact_restore,1,0.0,0.0,0.0
gpu_seed1103_ckpt300_exact_restore,2,0.0,0.0,0.0
gpu_seed1103_ckpt300_exact_restore,3,0.0,0.0,0.0
gpu_seed1103_ckpt300_exact_restore,4,0.0,0.0,0.0
gpu_seed1103_ckpt300_exact_restore,5,0.0,0.0,0.0
gpu_seed1103_ckpt300_exact_restore,6,0.0,0.0,0.0
gpu_seed1103_ckpt300_exact_restore,7,0.0,0.0,0.0
gpu_seed1103_ckpt300_exact_restore,8,0.0,0.0,0.0
gpu_seed1103_ckpt300_exact_restore,9,0.0,0.0,0.0
gpu_seed1103_ckpt300_exact_restore,10,0.0,0.0,0.0
gpu_seed1103_ckpt300_exact_restore,11,0.0,0.0,0.0
gpu_seed1103_ckpt300_exact_restore,12,0.0,0.0,0.0
gpu_seed1103_ckpt300_exact_restore,13,0.0,0.0,0.0
gpu_seed1103_ckpt300_exact_restore,14,0.0,0.0,0.0
gpu_seed1103_ckpt300_exact_restore,15,0.0,0.0,0.0
gpu_seed1103_ckpt300_exact_restore,16,0.0,0.0,0.0
gpu_seed1103_ckpt300_exact_restore,17,0.0,0.0,0.0
gpu_seed1103_ckpt300_exact_restore,18,0.0,0.0,0.0
gpu_seed1103_ckpt300_exact_restore,19,0.0,0.0,0.0
gpu_seed1103_ckpt300_exact_restore,20,0.0,0.0,0.0
gpu_seed1103_ckpt300_benign_nonzero,0,9.313225746154785e-09,0.0,0.0
gpu_seed1103_ckpt300_benign_nonzero,1,3.2164018193725497e-05,7.947285984855057e-08,1.1985944201597931e-06
gpu_seed1103_ckpt300_benign_nonzero,2,6.894149555591866e-05,7.947285984855057e-08,1.1845077985128682e-06
gpu_seed1103_ckpt300_benign_nonzero,3,0.00011385187826817855,7.947285984855057e-08,1.150298135854655e-06
gpu_seed1103_ckpt300_benign_nonzero,4,0.00016226377920247614,7.947285984855057e-08,1.1008170943682671e-06
gpu_seed1103_ckpt300_benign_nonzero,5,0.0002191273815697059,0.0,0.0
gpu_seed1103_ckpt300_benign_nonzero,6,0.0002873046323657036,7.947285984855057e-08,1.032512065179958e-06
gpu_seed1103_ckpt300_benign_nonzero,7,0.00035217744880355895,0.0,0.0
gpu_seed1103_ckpt300_benign_nonzero,8,0.0004092829767614603,7.947285984855057e-08,1.0100824976433387e-06
gpu_seed1103_ckpt300_benign_nonzero,9,0.00046561562339775264,7.947285940446136e-08,1.0068711038258016e-06
gpu_seed1103_ckpt300_benign_nonzero,10,0.0005152773228473961,1.5894571925301193e-07,2.0209817854777157e-06
gpu_seed1103_ckpt300_benign_nonzero,11,0.0005629761144518852,1.5894571925301193e-07,2.036950711215013e-06
gpu_seed1103_ckpt300_benign_nonzero,12,0.0006097948062233627,1.5894571925301193e-07,2.0517009939879927e-06
gpu_seed1103_ckpt300_benign_nonzero,13,0.0006521144532598555,1.5894571925301193e-07,2.0427574352055444e-06
gpu_seed1103_ckpt300_benign_nonzero,14,0.000696625211276114,0.0,0.0
gpu_seed1103_ckpt300_benign_nonzero,15,0.000744522491004318,2.384185791015625e-07,3.064074423519969e-06
gpu_seed1103_ckpt300_benign_nonzero,16,0.0007921733194962144,1.5894571969710114e-07,2.058466664678349e-06
gpu_seed1103_ckpt300_benign_nonzero,17,0.0008401424274779856,3.1789143850602386e-07,4.16270841085975e-06
gpu_seed1103_ckpt300_benign_nonzero,18,0.0008916633087210357,3.1789143895011307e-07,4.205610689922423e-06
gpu_seed1103_ckpt300_benign_nonzero,19,0.0009475105907768011,1.5099843344579256e-06,1.9983970162229525e-05
gpu_seed1103_ckpt300_benign_nonzero,20,0.0010007091332226992,1.1126200361033511e-06,1.4569701768607501e-05
gpu_seed1103_ckpt300_reset_m,0,0.0,0.0,0.0
gpu_seed1103_ckpt300_reset_m,1,0.022532835602760315,0.011736154556274414,0.1759678110447762
gpu_seed1103_ckpt300_reset_m,2,0.04234485328197479,0.021622657775878906,0.31881687512080603
gpu_seed1103_ckpt300_reset_m,3,0.059343598783016205,0.027259111404418945,0.38922206860458175
gpu_seed1103_ckpt300_reset_m,4,0.07380250841379166,0.027867237726847183,0.38067383041122227
gpu_seed1103_ckpt300_reset_m,5,0.08570030331611633,0.02183302243550589,0.2883825788625263
gpu_seed1103_ckpt300_reset_m,6,0.09537232667207718,0.014935334523519028,0.19259814532732733
gpu_seed1103_ckpt300_reset_m,7,0.10321260243654251,0.00426793098449707,0.05441100889587247
gpu_seed1103_ckpt300_reset_m,8,0.10965855419635773,0.00431060791015625,0.05490512900577649
gpu_seed1103_ckpt300_reset_m,9,0.11509184539318085,0.009458541870117188,0.12040229393318569
gpu_seed1103_ckpt300_reset_m,10,0.12044371664524078,0.011354446411132812,0.1451936029819656
gpu_seed1103_ckpt300_reset_m,11,0.12565690279006958,0.009246587753295898,0.11904814507853878
gpu_seed1103_ckpt300_reset_m,12,0.1307697594165802,0.00654149055480957,0.08471556798814994
gpu_seed1103_ckpt300_reset_m,13,0.13561171293258667,0.004291534423828125,0.055272973283130966
gpu_seed1103_ckpt300_reset_m,14,0.1400945633649826,0.005041758219400894,0.06484584060595999
gpu_seed1103_ckpt300_reset_m,15,0.14427989721298218,0.002863009770710967,0.03684714436313641
gpu_seed1103_ckpt300_reset_m,16,0.14803491532802582,0.0013319651285810252,0.017261442514588055
gpu_seed1103_ckpt300_reset_m,17,0.15143300592899323,0.000579675038655747,0.0075884979438676226
gpu_seed1103_ckpt300_reset_m,18,0.1545916497707367,0.003818829854329575,0.050425648403614076
gpu_seed1103_ckpt300_reset_m,19,0.15741728246212006,0.0071375370025634766,0.09412573948236158
gpu_seed1103_ckpt300_reset_m,20,0.1599242240190506,0.007548650105793975,0.09847697559846047
gpu_seed1103_ckpt300_reset_v,0,0.0,0.0,0.0
gpu_seed1103_ckpt300_reset_v,1,846.4432373046875,7959.604056358337,5.184705528587072e+21
gpu_seed1103_ckpt300_reset_v,2,1272.756591796875,7656.601230144501,5.184705528587072e+21
gpu_seed1103_ckpt300_reset_v,3,1680.8177490234375,6636.509279807408,5.184705528587072e+21
gpu_seed1103_ckpt300_reset_v,4,2044.454345703125,5648.938990354538,5.184705528587072e+21
gpu_seed1103_ckpt300_reset_v,5,2353.13525390625,4932.902542352676,5.184705528587072e+21
gpu_seed1103_ckpt300_reset_v,6,2631.33544921875,4358.754187742869,5.184705528587072e+21
gpu_seed1103_ckpt300_reset_v,7,2871.639892578125,4094.7597211201987,5.184705528587072e+21
gpu_seed1103_ckpt300_reset_v,8,3078.1435546875,3785.223985671997,5.184705528587072e+21
gpu_seed1103_ckpt300_reset_v,9,3247.641845703125,3270.976356267929,5.184705528587072e+21
gpu_seed1103_ckpt300_reset_v,10,3396.325439453125,2972.64594467481,5.184705528587072e+21
gpu_seed1103_ckpt300_reset_v,11,3530.654052734375,2760.5698775450387,5.184705528587072e+21
gpu_seed1103_ckpt300_reset_v,12,3641.51318359375,2573.9939773877463,5.184705528587072e+21
gpu_seed1103_ckpt300_reset_v,13,3741.581787109375,2461.6117900212607,5.184705528587072e+21
gpu_seed1103_ckpt300_reset_v,14,3832.571533203125,2344.0569880008698,5.184705528587072e+21
gpu_seed1103_ckpt300_reset_v,15,3913.278076171875,2196.725172996521,5.184705528587072e+21
gpu_seed1103_ckpt300_reset_v,16,3986.043212890625,2048.4586622714996,5.184705528587072e+21
gpu_seed1103_ckpt300_reset_v,17,4051.658447265625,1903.806044101715,5.184705528587072e+21
gpu_seed1103_ckpt300_reset_v,18,4107.7294921875,1759.1748595237732,5.184705528587072e+21
gpu_seed1103_ckpt300_reset_v,19,4158.45166015625,1631.9556217193604,5.184705528587072e+21
gpu_seed1103_ckpt300_reset_v,20,4198.6552734375,1548.5913075606027,5.184705528587072e+21
gpu_seed1103_ckpt300_stale_m,0,0.0,0.0,0.0
gpu_seed1103_ckpt300_stale_m,1,0.033339112997055054,0.007653315862019561,0.11498526585357105
gpu_seed1103_ckpt300_stale_m,2,0.0628766193985939,0.013054291407267105,0.19330395936064626
gpu_seed1103_ckpt300_stale_m,3,0.08859656751155853,0.014791806538899444,0.2125224109511592
gpu_seed1103_ckpt300_stale_m,4,0.11079366505146027,0.010842641194661606,0.1493754081085985
gpu_seed1103_ckpt300_stale_m,5,0.1295674443244934,0.0018069744110107422,0.024107223649016518
gpu_seed1103_ckpt300_stale_m,6,0.1452093869447708,0.01002391179402684,0.1308856384685182
gpu_seed1103_ckpt300_stale_m,7,0.15840360522270203,0.02205769220987941,0.2849406916612587
gpu_seed1103_ckpt300_stale_m,8,0.1694604754447937,0.029905398686727036,0.38583149588494337
gpu_seed1103_ckpt300_stale_m,9,0.17861931025981903,0.032987991968790986,0.42490699298167023
gpu_seed1103_ckpt300_stale_m,10,0.1868504285812378,0.032560427983602036,0.42081701759232004
gpu_seed1103_ckpt300_stale_m,11,0.19432292878627777,0.0271608829498291,0.35284735249435606
gpu_seed1103_ckpt300_stale_m,12,0.20149311423301697,0.020970900853475083,0.27355464001347585
gpu_seed1103_ckpt300_stale_m,13,0.20828567445278168,0.015092293421427705,0.19543602018352502
gpu_seed1103_ckpt300_stale_m,14,0.21465179324150085,0.01460886001586914,0.18879796498315038
gpu_seed1103_ckpt300_stale_m,15,0.2202947735786438,0.015685160954792998,0.20316953363648338
gpu_seed1103_ckpt300_stale_m,16,0.22527283430099487,0.018395741780599106,0.24044346594639165
gpu_seed1103_ckpt300_stale_m,17,0.22981828451156616,0.018256346384684097,0.24125776680569366
gpu_seed1103_ckpt300_stale_m,18,0.23384571075439453,0.01732746760050441,0.2312348599517442
gpu_seed1103_ckpt300_stale_m,19,0.2374178022146225,0.015654563903808594,0.20881118441591617
gpu_seed1103_ckpt300_stale_m,20,0.24052412807941437,0.01633167266845703,0.21561819950197147
gpu_seed1103_ckpt300_stale_v,0,0.0,0.0,0.0
gpu_seed1103_ckpt300_stale_v,1,0.0009741666726768017,2.090136210108895e-05,0.0003152270248563127
gpu_seed1103_ckpt300_stale_v,2,0.0017832863377407193,3.226598103855949e-05,0.000480917905321121
gpu_seed1103_ckpt300_stale_v,3,0.0023932773619890213,0.00015942255655954085,0.002307681905209691
gpu_seed1103_ckpt300_stale_v,4,0.0029183824080973864,0.0003311634063720703,0.004587864630236638
gpu_seed1103_ckpt300_stale_v,5,0.003407062031328678,0.0004599889119467626,0.006143767428898883
gpu_seed1103_ckpt300_stale_v,6,0.0038592445198446512,0.0005084673563637843,0.006607691673181648
gpu_seed1103_ckpt300_stale_v,7,0.004303312860429287,0.0004735787709551076,0.00605188820857272
gpu_seed1103_ckpt300_stale_v,8,0.004721041303128004,0.000381628672281753,0.004851341987157198
gpu_seed1103_ckpt300_stale_v,9,0.005082821939140558,0.0003266334533691406,0.004138916334079923
gpu_seed1103_ckpt300_stale_v,10,0.005430617369711399,0.0002014636993408203,0.0025618526697694932
gpu_seed1103_ckpt300_stale_v,11,0.005765045527368784,0.00011197725931788582,0.0014351122405269479
gpu_seed1103_ckpt300_stale_v,12,0.006096082739531994,5.515416463230949e-05,0.000711959935639328
gpu_seed1103_ckpt300_stale_v,13,0.006416392978280783,0.0001515547434491893,0.0019479169752241177
gpu_seed1103_ckpt300_stale_v,14,0.006725589744746685,0.00016530354817678727,0.0021209133069213237
gpu_seed1103_ckpt300_stale_v,15,0.007024956867098808,0.00012477238972952165,0.001603632133587496
gpu_seed1103_ckpt300_stale_v,16,0.007336294278502464,3.4729639689423664e-05,0.000449782740000515
gpu_seed1103_ckpt300_stale_v,17,0.007666397839784622,4.704793294285636e-05,0.0006160662550254159
gpu_seed1103_ckpt300_stale_v,18,0.008024708367884159,6.58830006918798e-05,0.0008715839650630386
gpu_seed1103_ckpt300_stale_v,19,0.008391432464122772,8.821487426757812e-05,0.0011675351873208228
gpu_seed1103_ckpt300_stale_v,20,0.00876194890588522,0.00032464663187692366,0.004251918619884165
gpu_seed1103_ckpt300_stale_mv,0,0.0,0.0,0.0
gpu_seed1103_ckpt300_stale_mv,1,0.033379796892404556,0.007629950841267608,0.11463556165662148
gpu_seed1103_ckpt300_stale_mv,2,0.06294649094343185,0.01295439402262355,0.1918342702703768
gpu_seed1103_ckpt300_stale_mv,3,0.08868981152772903,0.014580170313517105,0.2095038251774941
gpu_seed1103_ckpt300_stale_mv,4,0.11091035604476929,0.010524829228719224,0.14502002161352223
gpu_seed1103_ckpt300_stale_mv,5,0.1297193467617035,0.0014616648356118311,0.019503742569202842
gpu_seed1103_ckpt300_stale_mv,6,0.1453968733549118,0.010314861933390151,0.1347043016697569
gpu_seed1103_ckpt300_stale_mv,7,0.1586207002401352,0.022222280502319336,0.28709055099395187
gpu_seed1103_ckpt300_stale_mv,8,0.16969706118106842,0.029967784881591797,0.3866485067198404
gpu_seed1103_ckpt300_stale_mv,9,0.1788589209318161,0.03308892250061035,0.42622867212565296
gpu_seed1103_ckpt300_stale_mv,10,0.18709038197994232,0.03270586331685399,0.42272755666392037
gpu_seed1103_ckpt300_stale_mv,11,0.19455057382583618,0.0273435115814209,0.3552524686947489
gpu_seed1103_ckpt300_stale_mv,12,0.2017063945531845,0.021206219991048325,0.2766569212195247
gpu_seed1103_ckpt300_stale_mv,13,0.20848588645458221,0.015389283498128403,0.19931153078202613
gpu_seed1103_ckpt300_stale_mv,14,0.2148396074771881,0.014757553736368667,0.19073382660412364
gpu_seed1103_ckpt300_stale_mv,15,0.22047008574008942,0.015657504399617217,0.20280848706883425
gpu_seed1103_ckpt300_stale_mv,16,0.22544407844543457,0.0182269414265952,0.23821697550563137
gpu_seed1103_ckpt300_stale_mv,17,0.22998841106891632,0.018070220947265625,0.23877582819199894
gpu_seed1103_ckpt300_stale_mv,18,0.2340286374092102,0.017167091369628906,0.22907621822337454
gpu_seed1103_ckpt300_stale_mv,19,0.23762258887290955,0.015638033548990737,0.2085889628109605
gpu_seed1103_ckpt300_stale_mv,20,0.24075204133987427,0.01649928092956543,0.217849346148272
gpu_seed1103_ckpt300_model_current_optimizer_stale,0,0.0,0.0,0.0
gpu_seed1103_ckpt300_model_current_optimizer_stale,1,0.05559246242046356,0.007306973139444839,0.10980071813749603
gpu_seed1103_ckpt300_model_current_optimizer_stale,2,0.1045590490102768,0.01983952522277832,0.29278536555186285
gpu_seed1103_ckpt300_model_current_optimizer_stale,3,0.1470678299665451,0.03434570630391409,0.48868305376738697
gpu_seed1103_ckpt300_model_current_optimizer_stale,4,0.18459661304950714,0.04003874460856105,0.5436401185565636
gpu_seed1103_ckpt300_model_current_optimizer_stale,5,0.21731533110141754,0.026411612828572295,0.34806459661808375
gpu_seed1103_ckpt300_model_current_optimizer_stale,6,0.24490995705127716,0.001651763916015625,0.021442016419031873
gpu_seed1103_ckpt300_model_current_optimizer_stale,7,0.2687693238258362,0.027337312698364258,0.354079999837122
gpu_seed1103_ckpt300_model_current_optimizer_stale,8,0.2888868749141693,0.03840374946594238,0.49759683109364516
gpu_seed1103_ckpt300_model_current_optimizer_stale,9,0.30649834871292114,0.03105028470357274,0.3995586820281378
gpu_seed1103_ckpt300_model_current_optimizer_stale,10,0.3239895701408386,0.03380910555521677,0.437229561397535
gpu_seed1103_ckpt300_model_current_optimizer_stale,11,0.3407406806945801,0.03239075342814113,0.4218959117198917
gpu_seed1103_ckpt300_model_current_optimizer_stale,12,0.35614147782325745,0.00958140691121434,0.12427300192040391
gpu_seed1103_ckpt300_model_current_optimizer_stale,13,0.3713485300540924,0.010677178700764678,0.13649226886068533
gpu_seed1103_ckpt300_model_current_optimizer_stale,14,0.3871128559112549,0.008782068888346206,0.11316446712193517
gpu_seed1103_ckpt300_model_current_optimizer_stale,15,0.4021146595478058,0.02548638979593898,0.3317519902979278
gpu_seed1103_ckpt300_model_current_optimizer_stale,16,0.4161333739757538,0.02467513084411621,0.32353672510586406
gpu_seed1103_ckpt300_model_current_optimizer_stale,17,0.4298568367958069,0.023744424184163115,0.314647996290466
gpu_seed1103_ckpt300_model_current_optimizer_stale,18,0.4431307315826416,0.017826318740844727,0.2379515404218786
gpu_seed1103_ckpt300_model_current_optimizer_stale,19,0.45609819889068604,0.0076367855072021484,0.10145628553839003
gpu_seed1103_ckpt300_model_current_optimizer_stale,20,0.46887537837028503,0.018755515416463364,0.24792003321911515
gpu_seed1103_ckpt300_step_counter_mismatch,0,0.0,0.0,0.0
gpu_seed1103_ckpt300_step_counter_mismatch,1,0.0008905160357244313,0.0002576510111489405,0.00388534239357341
gpu_seed1103_ckpt300_step_counter_mismatch,2,0.001696126302704215,3.5762786865234375e-05,0.0005330380191459483
gpu_seed1103_ckpt300_step_counter_mismatch,3,0.002460973337292671,0.0008827845255536815,0.01278315270102759
gpu_seed1103_ckpt300_step_counter_mismatch,4,0.003226962871849537,0.0019800662994384766,0.02745403037385863
gpu_seed1103_ckpt300_step_counter_mismatch,5,0.0039672162383794785,0.0027571519215903173,0.03686778593721485
gpu_seed1103_ckpt300_step_counter_mismatch,6,0.004710080102086067,0.0029689470926919093,0.03862990081401385
gpu_seed1103_ckpt300_step_counter_mismatch,7,0.005462109576910734,0.002588192621866714,0.033109648143692993
gpu_seed1103_ckpt300_step_counter_mismatch,8,0.006180181633681059,0.0017813841501870264,0.022661178195631848
gpu_seed1103_ckpt300_step_counter_mismatch,9,0.0068144104443490505,0.0012598832448325048,0.01597198760989116
gpu_seed1103_ckpt300_step_counter_mismatch,10,0.007472378201782703,0.0004754861195883642,0.006047205062627015
gpu_seed1103_ckpt300_step_counter_mismatch,11,0.008088413625955582,9.775161743164062e-06,0.00012527309114851448
gpu_seed1103_ckpt300_step_counter_mismatch,12,0.008683609776198864,0.00022459030151367188,0.0028987282118162483
gpu_seed1103_ckpt300_step_counter_mismatch,13,0.009229143150150776,0.0004134178161621094,0.005314310955469637
gpu_seed1103_ckpt300_step_counter_mismatch,14,0.009821528568863869,0.00067138671875,0.00861635114096515
gpu_seed1103_ckpt300_step_counter_mismatch,15,0.010427586734294891,0.0008544127146401514,0.010985312398407387
gpu_seed1103_ckpt300_step_counter_mismatch,16,0.011066381819546223,0.0006885528564453125,0.008920347578998289
gpu_seed1103_ckpt300_step_counter_mismatch,17,0.011759074404835701,0.0003599325815835108,0.004714074176995098
gpu_seed1103_ckpt300_step_counter_mismatch,18,0.012411410920321941,0.00039927164713526864,0.005283300851132822
gpu_seed1103_ckpt300_step_counter_mismatch,19,0.013010703027248383,0.0014636516571044922,0.019384946131779657
gpu_seed1103_ckpt300_step_counter_mismatch,20,0.013566483743488789,0.002769311269124497,0.0363142270123209
gpu_seed1103_ckpt300_scheduler_mismatch,0,0.0,0.0,0.0
gpu_seed1103_ckpt300_scheduler_mismatch,1,0.0,0.0,0.0
gpu_seed1103_ckpt300_scheduler_mismatch,2,0.0,0.0,0.0
gpu_seed1103_ckpt300_scheduler_mismatch,3,0.0,0.0,0.0
gpu_seed1103_ckpt300_scheduler_mismatch,4,0.0,0.0,0.0
gpu_seed1103_ckpt300_scheduler_mismatch,5,0.0,0.0,0.0
gpu_seed1103_ckpt300_scheduler_mismatch,6,0.0,0.0,0.0
gpu_seed1103_ckpt300_scheduler_mismatch,7,0.0,0.0,0.0
gpu_seed1103_ckpt300_scheduler_mismatch,8,0.0,0.0,0.0
gpu_seed1103_ckpt300_scheduler_mismatch,9,0.0,0.0,0.0
gpu_seed1103_ckpt300_scheduler_mismatch,10,0.0,0.0,0.0
gpu_seed1103_ckpt300_scheduler_mismatch,11,0.0,0.0,0.0
gpu_seed1103_ckpt300_scheduler_mismatch,12,0.0,0.0,0.0
gpu_seed1103_ckpt300_scheduler_mismatch,13,0.0,0.0,0.0
gpu_seed1103_ckpt300_scheduler_mismatch,14,0.0,0.0,0.0
gpu_seed1103_ckpt300_scheduler_mismatch,15,0.0,0.0,0.0
gpu_seed1103_ckpt300_scheduler_mismatch,16,0.0,0.0,0.0
gpu_seed1103_ckpt300_scheduler_mismatch,17,0.0,0.0,0.0
gpu_seed1103_ckpt300_scheduler_mismatch,18,0.0,0.0,0.0
gpu_seed1103_ckpt300_scheduler_mismatch,19,0.0,0.0,0.0
gpu_seed1103_ckpt300_scheduler_mismatch,20,0.0,0.0,0.0
gpu_seed1103_ckpt300_optimizer_reset,0,0.0,0.0,0.0
gpu_seed1103_ckpt300_optimizer_reset,1,3.6256000995635986,19.782187461853027,5885024106.250508
gpu_seed1103_ckpt300_optimizer_reset,2,5.21457052230835,19.09348440170288,2920881781.238507
gpu_seed1103_ckpt300_optimizer_reset,3,6.544666767120361,9.983197450637817,313486.6636485323
gpu_seed1103_ckpt300_optimizer_reset,4,7.874499320983887,9.013848066329956,113791.01056639673
gpu_seed1103_ckpt300_optimizer_reset,5,9.07303237915039,7.283144235610962,19423.093238515095
gpu_seed1103_ckpt300_optimizer_reset,6,10.188812255859375,12.866788705190023,5030955.65622684
gpu_seed1103_ckpt300_optimizer_reset,7,11.160048484802246,12.821358998616535,4727593.431147346
gpu_seed1103_ckpt300_optimizer_reset,8,12.083276748657227,11.056463241577148,805178.4481320006
gpu_seed1103_ckpt300_optimizer_reset,9,12.944426536560059,9.090704997380575,112395.5510564237
gpu_seed1103_ckpt300_optimizer_reset,10,13.746524810791016,7.246249596277874,17824.202924589263
gpu_seed1103_ckpt300_optimizer_reset,11,14.502523422241211,6.334014495213827,7207.5514478198775
gpu_seed1103_ckpt300_optimizer_reset,12,15.165663719177246,6.324011961619059,7187.361540842526
gpu_seed1103_ckpt300_optimizer_reset,13,15.79509162902832,5.9490544001261405,4914.453659734634
gpu_seed1103_ckpt300_optimizer_reset,14,16.39532470703125,5.701568524042765,3827.465705607231
gpu_seed1103_ckpt300_optimizer_reset,15,16.956680297851562,4.764301141103109,1493.9943031772887
gpu_seed1103_ckpt300_optimizer_reset,16,17.49689292907715,5.5207788944244385,3222.5296711607357
gpu_seed1103_ckpt300_optimizer_reset,17,17.993696212768555,5.686632474263508,3848.5311130932173
gpu_seed1103_ckpt300_optimizer_reset,18,18.461942672729492,5.108396530151367,2175.0286288029806
gpu_seed1103_ckpt300_optimizer_reset,19,18.90130043029785,4.765912214914958,1541.0065197614322
gpu_seed1103_ckpt300_optimizer_reset,20,19.32038688659668,4.274718205134073,927.9060316675211
