row_id,campaign,seed,checkpoint_age,rewrite_family,continuation_step,training_batch_index,training_batch_hash,parameter_divergence,normalized_parameter_divergence,lr,candidate_lr,clean_update_norm,candidate_update_norm,delta_update_norm,S1_if_first_step,candidate_clean_update_norm_ratio_if_first_step,update_cosine_if_first_step,heldout_task_loss_clean,heldout_task_loss_candidate,heldout_task_gap
primary_seed1101_ckpt75_reset_mv_preserve_counter,primary,1101,75,reset_mv_preserve_counter,1,75,1f2f26aff94a1338fcf36415a024242cec54f6c6d950c976cf96fa4bf8660c9f,3.064107894897461,0.01803749981024671,0.001,0.001,0.44556429982185364,3.099454879760742,3.064107894897461,6.8769151750166735,6.956246003086459,0.15075603127479553,7.122515519460042,16.061057726542156,8.938542207082115
primary_seed1101_ckpt75_reset_mv_preserve_counter,primary,1101,75,reset_mv_preserve_counter,2,76,79ecbd8a7162d8d891609c88bcf4897ea06645bd36dad265891cd3db37324963,5.258996963500977,0.030958164655103083,0.001,0.001,0.5272377133369446,3.127394914627075,3.0968146324157715,,,,,,
primary_seed1101_ckpt75_reset_mv_preserve_counter,primary,1101,75,reset_mv_preserve_counter,3,77,d2032a74370cfa2e1788fa1c434492f11ef656e84708abd0e42de9c2dcb424c4,7.353294849395752,0.04328667886386636,0.001,0.001,0.5248023867607117,3.1434483528137207,3.1187026500701904,,,,,,
primary_seed1101_ckpt75_reset_mv_preserve_counter,primary,1101,75,reset_mv_preserve_counter,4,78,7d8516169c646d0ae251cf7f57f9d9f17605b7e260e2ac460cbbcb9832d6da0c,9.395299911499023,0.05530736063605415,0.001,0.001,0.5021910667419434,3.184718132019043,3.161327362060547,,,,,,
primary_seed1101_ckpt75_reset_mv_preserve_counter,primary,1101,75,reset_mv_preserve_counter,5,79,abec58d2be08571e1999048edd9946a15092c757a7354e0309c372197a71a24a,11.50326919555664,0.06771635433517047,0.001,0.001,0.47156813740730286,3.1105759143829346,3.0912537574768066,,,,,,
primary_seed1101_ckpt75_reset_mv_preserve_counter,primary,1101,75,reset_mv_preserve_counter,6,80,57134294d7fb4d3ed59b5f83293120420e46cb9be276acabb76943243cfde513,13.462010383605957,0.07924688622884071,0.001,0.001,0.4531824588775635,3.0948972702026367,3.0840342044830322,,,,,,
primary_seed1101_ckpt75_reset_mv_preserve_counter,primary,1101,75,reset_mv_preserve_counter,7,81,abfcf79ad29f0e7f9033742a87451ed441ddce9a9e967071dea3c5d5f763ccf0,15.349562644958496,0.09035834989912264,0.001,0.001,0.4878549575805664,3.0337483882904053,3.0372314453125,,,,,,
primary_seed1101_ckpt75_reset_mv_preserve_counter,primary,1101,75,reset_mv_preserve_counter,8,82,5020e4181672d602d1f6afec968469035224fc3261865dd5b9f40c296e721574,17.235422134399414,0.10145984872022758,0.001,0.001,0.5121212601661682,2.8566060066223145,2.8696460723876953,,,,,,
primary_seed1101_ckpt75_reset_mv_preserve_counter,primary,1101,75,reset_mv_preserve_counter,9,83,1174af1b3f3282b8a5132bb859a56161bd2c06091e70267834d52238f8657197,19.009862899780273,0.11190545836150373,0.001,0.001,0.49598756432533264,2.7349488735198975,2.7510387897491455,,,,,,
primary_seed1101_ckpt75_reset_mv_preserve_counter,primary,1101,75,reset_mv_preserve_counter,10,84,7fbf59298c4bca6a07607abe6196495ad0fca0da2380a61e188cf5c350a58a67,20.65613555908203,0.12159658014909454,0.001,0.001,0.48356375098228455,2.6514883041381836,2.6701574325561523,,,,,,
primary_seed1101_ckpt75_reset_mv_preserve_counter,primary,1101,75,reset_mv_preserve_counter,11,85,58e0231756d9f34baf2a94bec4ee74d797e7e406619ac2b1f7c8bf1787b78153,22.219898223876953,0.13080198992480127,0.001,0.001,0.5177938938140869,2.522911548614502,2.5517969131469727,,,,,,
primary_seed1101_ckpt75_reset_mv_preserve_counter,primary,1101,75,reset_mv_preserve_counter,12,86,b621b9e64fce195ecd75d9df518be3b201a2ff99e7fbc6942095a0364691a8e4,23.685222625732422,0.1394279226683682,0.001,0.001,0.5449600219726562,2.438521146774292,2.4764397144317627,,,,,,
primary_seed1101_ckpt75_reset_mv_preserve_counter,primary,1101,75,reset_mv_preserve_counter,13,87,586316b4a69e22ac2fbf2c507db6c3d3f4dcd6dc09eeead3dbfffc9ce4179ed9,25.08220863342285,0.14765156743316088,0.001,0.001,0.5165059566497803,2.448479652404785,2.4802815914154053,,,,,,
primary_seed1101_ckpt75_reset_mv_preserve_counter,primary,1101,75,reset_mv_preserve_counter,14,88,b83e71ae81006f4623fa9bbbfbe29794c408d07192ed1e54a53ddb98d394b8f5,26.404565811157227,0.1554358942782377,0.001,0.001,0.492948055267334,2.4115421772003174,2.442692995071411,,,,,,
primary_seed1101_ckpt75_reset_mv_preserve_counter,primary,1101,75,reset_mv_preserve_counter,15,89,9362bb26afac41236d42c3fa8190582dc63fdac7a14e72126a398e9f3367223e,27.674423217773438,0.16291117044883965,0.001,0.001,0.47517603635787964,2.286055564880371,2.318253993988037,,,,,,
primary_seed1101_ckpt75_reset_mv_preserve_counter,primary,1101,75,reset_mv_preserve_counter,16,90,62049c877bc36b2531aa0c6f2496a97ace049dd420751d9dbd404435c477077a,28.854673385620117,0.16985895522300817,0.001,0.001,0.44540661573410034,2.2530956268310547,2.283519744873047,,,,,,
primary_seed1101_ckpt75_reset_mv_preserve_counter,primary,1101,75,reset_mv_preserve_counter,17,91,375ebd73c286da740512f207daee95636d1a897df1e8af98474ae1509f5324f6,29.94961929321289,0.1763045789666512,0.001,0.001,0.41337233781814575,2.1943581104278564,2.2205584049224854,,,,,,
primary_seed1101_ckpt75_reset_mv_preserve_counter,primary,1101,75,reset_mv_preserve_counter,18,92,a47a80a092089102f636a6c871beab8426c7f0dcbddb78557f5c984a1151a758,31.00132942199707,0.1824956864273152,0.001,0.001,0.39624854922294617,2.12410044670105,2.149050235748291,,,,,,
primary_seed1101_ckpt75_reset_mv_preserve_counter,primary,1101,75,reset_mv_preserve_counter,19,93,f376f229ccf3cd194fc6a1db6b41dd28b35bb97c93b1a8182ef5f9eae766762f,32.018516540527344,0.18848356710476413,0.001,0.001,0.39904093742370605,2.0448453426361084,2.0762009620666504,,,,,,
primary_seed1101_ckpt75_reset_mv_preserve_counter,primary,1101,75,reset_mv_preserve_counter,20,94,f8f24a16d028d7a05324eec6ae822a6c74a3468d48380447dfd11e1417a8d866,32.976112365722656,0.194120651407186,0.001,0.001,0.37688013911247253,1.9390912055969238,1.9672694206237793,,,,5.085413932800293,22.077651977539062,16.99223804473877
primary_seed1101_ckpt75_reset_mv_preserve_counter,primary,1101,75,reset_mv_preserve_counter,21,95,11e307d2ec93cb82bca5156984d9c15f96f92ca4f0ebd324af90f332cc2bf0e9,33.88052749633789,0.1994446766394641,0.001,0.001,0.3837750554084778,1.8727717399597168,1.903185486793518,,,,,,
primary_seed1101_ckpt75_reset_mv_preserve_counter,primary,1101,75,reset_mv_preserve_counter,22,96,e7e27e2e050418ecb61f654a677b8c059bd2f568eebbd31bfd62ea96b5991997,34.74049377441406,0.20450704458135296,0.001,0.001,0.3658985197544098,1.730161190032959,1.760928750038147,,,,,,
primary_seed1101_ckpt75_reset_mv_preserve_counter,primary,1101,75,reset_mv_preserve_counter,23,97,22efae5542ba82b5e4b50ba3c287bf603482f856ed473f36394d406a1d17606f,35.547203063964844,0.20925590433313512,0.001,0.001,0.3499056100845337,1.675113558769226,1.703028917312622,,,,,,
primary_seed1101_ckpt75_reset_mv_preserve_counter,primary,1101,75,reset_mv_preserve_counter,24,98,6525c36a65d619f9e633835901cd3c438cae99520ab1ab4940e43744b2d664de,36.314353942871094,0.21377189538415037,0.001,0.001,0.355070561170578,1.6115796566009521,1.6404848098754883,,,,,,
primary_seed1101_ckpt75_reset_mv_preserve_counter,primary,1101,75,reset_mv_preserve_counter,25,99,270ae9a421ee34f3a145397b8868e9bed323adb7654142853595cf9cac50b907,37.034523010253906,0.2180113183620079,0.0005,0.0005,0.3889124393463135,1.6102397441864014,1.6478772163391113,,,,,,
primary_seed1101_ckpt75_reset_mv_preserve_counter,primary,1101,75,reset_mv_preserve_counter,26,100,c176bfc60cd7e9687952c7b251d1199e462843c389677bbee09d3b13b4556440,37.37173843383789,0.21999640614205554,0.0005,0.0005,0.1780966818332672,0.7674117088317871,0.7841865420341492,,,,,,
primary_seed1101_ckpt75_reset_mv_preserve_counter,primary,1101,75,reset_mv_preserve_counter,27,101,90b8883adee7284aaeb8dbe0aafd15041cb954ea04d0eab59129601c54bde184,37.6833381652832,0.22183070189455736,0.0005,0.0005,0.19702687859535217,0.7870475053787231,0.8072590231895447,,,,,,
primary_seed1101_ckpt75_reset_mv_preserve_counter,primary,1101,75,reset_mv_preserve_counter,28,102,327a10b200e176c373de2c27120362a7fcb5aca886efa75fa4ff3a598ed9f148,37.973297119140625,0.22353760476958084,0.0005,0.0005,0.1932835429906845,0.7263561487197876,0.7485327124595642,,,,,,
primary_seed1101_ckpt75_reset_mv_preserve_counter,primary,1101,75,reset_mv_preserve_counter,29,103,7957ef5179fdf20bac254c852e780470e62e272c8b268d6a47522ff41e192e2f,38.24045944213867,0.22511031059968792,0.0005,0.0005,0.18648706376552582,0.6857423186302185,0.7082360982894897,,,,,,
primary_seed1101_ckpt75_reset_mv_preserve_counter,primary,1101,75,reset_mv_preserve_counter,30,104,059428cdbdd4cff023bfd738ee1a1af05df77ffc2c6d80aca50c81e5e5f28398,38.48665237426758,0.2265595758079902,0.0005,0.0005,0.17567121982574463,0.662212610244751,0.6835879683494568,,,,,,
primary_seed1101_ckpt75_reset_mv_preserve_counter,primary,1101,75,reset_mv_preserve_counter,31,105,9e74dc4f108c649f16f59692be0ac2866a45c2073b62f330e7d42a8dbecdae39,38.71638870239258,0.22791196584029358,0.0005,0.0005,0.16874511539936066,0.6484540700912476,0.6677981615066528,,,,,,
primary_seed1101_ckpt75_reset_mv_preserve_counter,primary,1101,75,reset_mv_preserve_counter,32,106,576dcb9cf69b07b3a1dafc0a6273e980cd6a9702c3f571fbc20e7b35301e9273,38.925384521484375,0.2291422626106809,0.0005,0.0005,0.169597789645195,0.6436330676078796,0.6633509993553162,,,,,,
primary_seed1101_ckpt75_reset_mv_preserve_counter,primary,1101,75,reset_mv_preserve_counter,33,107,463da67b3fc886d017a69212c8b47e01b2177f81a4375dac3e2cf12a6a434114,39.120574951171875,0.23029129112378033,0.0005,0.0005,0.17394393682479858,0.6178470253944397,0.6390812397003174,,,,,,
primary_seed1101_ckpt75_reset_mv_preserve_counter,primary,1101,75,reset_mv_preserve_counter,34,108,0cbbe938afea5955c10fd5b6c152f68c1f860295077ea26de2b4172850fe4539,39.30271530151367,0.23136349766722464,0.0005,0.0005,0.17493382096290588,0.5857747197151184,0.608666718006134,,,,,,
primary_seed1101_ckpt75_reset_mv_preserve_counter,primary,1101,75,reset_mv_preserve_counter,35,109,7052fdafd2845e8243a17e2cc97c5c0589ba7d32829248b22d64ff3a1341b632,39.47194290161133,0.23235969065694706,0.0005,0.0005,0.15924328565597534,0.5907414555549622,0.6091688871383667,,,,,,
primary_seed1101_ckpt75_reset_mv_preserve_counter,primary,1101,75,reset_mv_preserve_counter,36,110,a3bf1298c3e0e7494061ad17c41ae4f2495cc5fe3ce6f03912ae5ceb233f9e67,39.63154602050781,0.23329922716334886,0.0005,0.0005,0.15789897739887238,0.5687119960784912,0.5868696570396423,,,,,,
primary_seed1101_ckpt75_reset_mv_preserve_counter,primary,1101,75,reset_mv_preserve_counter,37,111,d0f1892155e1fb17d60fafc7c4c825c0fd6232908ec4a522a1f6b796e11b40de,39.78020095825195,0.2341743149550736,0.0005,0.0005,0.16477753221988678,0.5469079613685608,0.5682579278945923,,,,,,
primary_seed1101_ckpt75_reset_mv_preserve_counter,primary,1101,75,reset_mv_preserve_counter,38,112,b582184a7abc980b84e4938b42a369fd59ca3e9bb61ee148a614ebcc869194ee,39.917667388916016,0.23498353930423815,0.0005,0.0005,0.15642918646335602,0.5594886541366577,0.5782154202461243,,,,,,
primary_seed1101_ckpt75_reset_mv_preserve_counter,primary,1101,75,reset_mv_preserve_counter,39,113,a97f157761a2638e207542191ab324f76dcba217dd7dbb5ee6ac2affea9cf4e5,40.04521560668945,0.23573437805822486,0.0005,0.0005,0.15409307181835175,0.5684349536895752,0.5865321755409241,,,,,,
primary_seed1101_ckpt75_reset_mv_preserve_counter,primary,1101,75,reset_mv_preserve_counter,40,114,93fb0499adac4a5719cf379f67f84f49a1616fcb2948613046723149d8531650,40.16427993774414,0.2364352746723364,0.0005,0.0005,0.1621079444885254,0.5633406639099121,0.5831759572029114,,,,,,
primary_seed1101_ckpt75_reset_mv_preserve_counter,primary,1101,75,reset_mv_preserve_counter,41,115,3226dc2d92aa969650d337c62f4765327493ce62eb391566e1e6a0d6102ce2be,40.277679443359375,0.23710282412920217,0.0005,0.0005,0.1603756994009018,0.5547782778739929,0.5753763318061829,,,,,,
primary_seed1101_ckpt75_reset_mv_preserve_counter,primary,1101,75,reset_mv_preserve_counter,42,116,19d41aca0c2397345c861e18ed59ee0491e7b58f68712399b4434a0f6ac193d8,40.384056091308594,0.2377290320934824,0.0005,0.0005,0.16582432389259338,0.5220530033111572,0.5454777479171753,,,,,,
primary_seed1101_ckpt75_reset_mv_preserve_counter,primary,1101,75,reset_mv_preserve_counter,43,117,beab01b2b641432e12031f6e79f6feacb203e6560a2c80e2197bb3689364adec,40.48255920410156,0.2383088908775907,0.0005,0.0005,0.16875891387462616,0.5055270791053772,0.5301476120948792,,,,,,
primary_seed1101_ckpt75_reset_mv_preserve_counter,primary,1101,75,reset_mv_preserve_counter,44,118,1c4dc2fde9934e872693272444aeebf19b6e0d8c6b33048722c916f43e888d1b,40.576229095458984,0.23886029791204888,0.0005,0.0005,0.15935249626636505,0.48860761523246765,0.5108641386032104,,,,,,
primary_seed1101_ckpt75_reset_mv_preserve_counter,primary,1101,75,reset_mv_preserve_counter,45,119,270ef1b390a90276f7fbf825e1942e2924d5ea78969be7dc2b0a991c40ede653,40.664039611816406,0.23937721253335587,0.0005,0.0005,0.15329289436340332,0.4701131284236908,0.4915289878845215,,,,,,
primary_seed1101_ckpt75_reset_mv_preserve_counter,primary,1101,75,reset_mv_preserve_counter,46,120,fe738842b3ff29879e217bf11fe9171644bd7fb7475717b7e79f5baae549c68e,40.74595260620117,0.2398594101815302,0.0005,0.0005,0.1486336886882782,0.4647349715232849,0.48591047525405884,,,,,,
primary_seed1101_ckpt75_reset_mv_preserve_counter,primary,1101,75,reset_mv_preserve_counter,47,121,a1178c1d5dee259e0232f7ef9ac079a65b8c96fc927c1423ac801e22cea8dd13,40.82133483886719,0.24030316316087974,0.0005,0.0005,0.14371858537197113,0.4751834273338318,0.4939673840999603,,,,,,
primary_seed1101_ckpt75_reset_mv_preserve_counter,primary,1101,75,reset_mv_preserve_counter,48,122,8694f3d52899a0382fa9fee0b93db94016c6d96344b9175e3ad84b07f15b6d7b,40.891727447509766,0.24071754369465523,0.0005,0.0005,0.14472584426403046,0.46861064434051514,0.4875834286212921,,,,,,
primary_seed1101_ckpt75_reset_mv_preserve_counter,primary,1101,75,reset_mv_preserve_counter,49,123,2adbe47d78fa59f32b0c27d6438a6da15cfd31040d2405199fc19db5a000e21f,40.95747375488281,0.2411045728226897,0.0005,0.0005,0.1490582972764969,0.474691778421402,0.4943081736564636,,,,,,
primary_seed1101_ckpt75_reset_mv_preserve_counter,primary,1101,75,reset_mv_preserve_counter,50,124,accb75e305cc3221979388cc7f9055af7161896efacf3f974daebe884abe4005,41.0208854675293,0.24147785887985926,0.0005,0.0005,0.15683679282665253,0.4691110849380493,0.4914919137954712,,,,,,
primary_seed1101_ckpt75_reset_mv_preserve_counter,primary,1101,75,reset_mv_preserve_counter,51,125,5c10cf09d2a6dc11467689eb5d5a061ed136ce5be743da1e364ef7d91ef4e728,41.082191467285156,0.2418387492260526,0.0005,0.0005,0.14511191844940186,0.45316678285598755,0.4735736846923828,,,,,,
primary_seed1101_ckpt75_reset_mv_preserve_counter,primary,1101,75,reset_mv_preserve_counter,52,126,b0d2e66bf150580d8acf479f8891b547dfb554f10431eff6ba5adccf41e25792,41.140689849853516,0.242183111957611,0.0005,0.0005,0.13676436245441437,0.4851187765598297,0.5026794075965881,,,,,,
primary_seed1101_ckpt75_reset_mv_preserve_counter,primary,1101,75,reset_mv_preserve_counter,53,127,13251041a98e33a4cd041f8e8e73a8c01bb02aff09200cb20a11a152d14d045b,41.197410583496094,0.24251701019403368,0.0005,0.0005,0.13158617913722992,0.4726755619049072,0.48866453766822815,,,,,,
primary_seed1101_ckpt75_reset_mv_preserve_counter,primary,1101,75,reset_mv_preserve_counter,54,128,8bcc2c7817c4887926d13cab86adb33af71fb7ae8cd8db135b8d34a1558c2dd1,41.2530403137207,0.2428444860149868,0.0005,0.0005,0.14521263539791107,0.4418088495731354,0.462334007024765,,,,,,
primary_seed1101_ckpt75_reset_mv_preserve_counter,primary,1101,75,reset_mv_preserve_counter,55,129,7a4832e7b5fab2f1e26fd68961f75c334871886872b7e5b7277ccd323b053ff2,41.305233001708984,0.24315172898161097,0.0005,0.0005,0.1361350566148758,0.4355628192424774,0.4547945261001587,,,,,,
primary_seed1101_ckpt75_reset_mv_preserve_counter,primary,1101,75,reset_mv_preserve_counter,56,130,2e9f37f3535ce1b7080c24cd55e17f30d47a8bac757da3755334076152664a5b,41.354496002197266,0.24344172574165956,0.0005,0.0005,0.12363597750663757,0.4401816129684448,0.45607665181159973,,,,,,
primary_seed1101_ckpt75_reset_mv_preserve_counter,primary,1101,75,reset_mv_preserve_counter,57,131,0c508ec3bd35e541f18993dcae98d0bbd4ae69103e78b285fdfb7451606234cc,41.401981353759766,0.24372125800657243,0.0005,0.0005,0.13295388221740723,0.4568180441856384,0.4742341935634613,,,,,,
primary_seed1101_ckpt75_reset_mv_preserve_counter,primary,1101,75,reset_mv_preserve_counter,58,132,764344caae0f36e1a91c034d16038c1cdbd5d9dafc2225a6c68e237643b3ddea,41.44905090332031,0.24399834256768746,0.0005,0.0005,0.12549974024295807,0.439063161611557,0.45507776737213135,,,,,,
primary_seed1101_ckpt75_reset_mv_preserve_counter,primary,1101,75,reset_mv_preserve_counter,59,133,c2f3936a0b766cc348b250da4a22af159252f5ed2968757755ac82c7dfb7db07,41.494564056396484,0.24426626508155921,0.0005,0.0005,0.12322378903627396,0.42772936820983887,0.44304659962654114,,,,,,
primary_seed1101_ckpt75_reset_mv_preserve_counter,primary,1101,75,reset_mv_preserve_counter,60,134,aeefdd7d03f3d28d3fafc72f3a86cc1c4bc7e64afcea2f6075b3042d8d0521b6,41.5379638671875,0.24452174697245843,0.0005,0.0005,0.13250099122524261,0.44823768734931946,0.46537792682647705,,,,,,
primary_seed1101_ckpt75_reset_mv_preserve_counter,primary,1101,75,reset_mv_preserve_counter,61,135,f958c77337bb7d877f836c63fafcc65965da59b0f47be57e3bd5bdccfadf4036,41.58080291748047,0.24477392783163032,0.0005,0.0005,0.12115992605686188,0.4196297228336334,0.4350312054157257,,,,,,
primary_seed1101_ckpt75_reset_mv_preserve_counter,primary,1101,75,reset_mv_preserve_counter,62,136,8a6ca353bb07182e532bf2af3ecf9b9063f7e1c297e990bff609d9e99cfb99b9,41.6224479675293,0.2450190799633827,0.0005,0.0005,0.12560783326625824,0.4013771712779999,0.4191676080226898,,,,,,
primary_seed1101_ckpt75_reset_mv_preserve_counter,primary,1101,75,reset_mv_preserve_counter,63,137,07b410ea733ea61954922081f47a02f19405e6067d72bbf1716fe88888e8635c,41.66128158569336,0.245247682024502,0.0005,0.0005,0.12206590920686722,0.4099274277687073,0.42631667852401733,,,,,,
primary_seed1101_ckpt75_reset_mv_preserve_counter,primary,1101,75,reset_mv_preserve_counter,64,138,61ebafa02b2ffbb23341b9818677fd2d76cdff364f945bec1097bab11dbe9ca6,41.69877624511719,0.24546840203027231,0.0005,0.0005,0.12290233373641968,0.38551467657089233,0.4032568335533142,,,,,,
primary_seed1101_ckpt75_reset_mv_preserve_counter,primary,1101,75,reset_mv_preserve_counter,65,139,1f90af0651ac4138b14ad2ac91f51898a95f8e8c52d3dd9efc1b25f50263c33f,41.735469818115234,0.24568440627643207,0.0005,0.0005,0.1327287256717682,0.38511374592781067,0.4060744345188141,,,,,,
primary_seed1101_ckpt75_reset_mv_preserve_counter,primary,1101,75,reset_mv_preserve_counter,66,140,4ab46806eb3eaec5ebb0867c0875bfd0a543ec4728b8d6d9d573f0c09ccd793d,41.77119445800781,0.24589470669906294,0.0005,0.0005,0.1262184977531433,0.3713715672492981,0.3905113935470581,,,,,,
primary_seed1101_ckpt75_reset_mv_preserve_counter,primary,1101,75,reset_mv_preserve_counter,67,141,b8ac38ba8be2284deaafeb445a1003f03a62e4624e39e9295e489511c0dccf6c,41.80609893798828,0.24610017908209256,0.0005,0.0005,0.12247475981712341,0.38087785243988037,0.3985327482223511,,,,,,
primary_seed1101_ckpt75_reset_mv_preserve_counter,primary,1101,75,reset_mv_preserve_counter,68,142,2e714b8d4924e2bd0caec03585686ac71b19c1bcf16f347c56b4c8126f4bac69,41.83961486816406,0.2462974774817973,0.0005,0.0005,0.11942943185567856,0.3554884195327759,0.37378165125846863,,,,,,
primary_seed1101_ckpt75_reset_mv_preserve_counter,primary,1101,75,reset_mv_preserve_counter,69,143,3c9a807b60c2bee995860ec3fb30c5f97028de2fd6e63a76f9abab15b175b4b0,41.87175369262695,0.24648666926617158,0.0005,0.0005,0.11995888501405716,0.3382428288459778,0.3579830825328827,,,,,,
primary_seed1101_ckpt75_reset_mv_preserve_counter,primary,1101,75,reset_mv_preserve_counter,70,144,039b8c0dac363575c300827f19878d292a452fd3d64502b6bb3933141af4b91a,41.90180587768555,0.24666357761956034,0.0005,0.0005,0.12187915295362473,0.33655133843421936,0.35717302560806274,,,,,,
primary_seed1101_ckpt75_reset_mv_preserve_counter,primary,1101,75,reset_mv_preserve_counter,71,145,9b38fb24ac3d8757a456de89b2ae6d26c0d5d7dc16a2f4896cd59852105aefd1,41.93115997314453,0.24683637652528853,0.0005,0.0005,0.12156771868467331,0.3276996910572052,0.3473113179206848,,,,,,
primary_seed1101_ckpt75_reset_mv_preserve_counter,primary,1101,75,reset_mv_preserve_counter,72,146,761888f69b66a24ca573e7530f49a1b59b26977e9db7facc9a0c48dc9669dffd,41.959434509277344,0.2470028203835416,0.0005,0.0005,0.11821213364601135,0.31219664216041565,0.3315725326538086,,,,,,
primary_seed1101_ckpt75_reset_mv_preserve_counter,primary,1101,75,reset_mv_preserve_counter,73,147,19372d67609c2d4dd951424ebcdeb11d931eed00e340c0911b34e7134da135ce,41.98564910888672,0.2471571380027962,0.0005,0.0005,0.12775374948978424,0.30542734265327454,0.3293601870536804,,,,,,
primary_seed1101_ckpt75_reset_mv_preserve_counter,primary,1101,75,reset_mv_preserve_counter,74,148,d8696cd7db18ef877841997473f145a8c5bad19b2f5da95043f42ec87669c8a8,42.010353088378906,0.24730256304678527,0.0005,0.0005,0.12663614749908447,0.29725468158721924,0.3216506540775299,,,,,,
primary_seed1101_ckpt75_reset_mv_preserve_counter,primary,1101,75,reset_mv_preserve_counter,75,149,1de023086af74070c4cf04be6b54bef554ed606e6504a8660ebd9d459e337e88,42.03352355957031,0.2474389607795199,0.0005,0.0005,0.12223788350820541,0.29412347078323364,0.3163798153400421,,,,,,
primary_seed1101_ckpt75_reset_mv_preserve_counter,primary,1101,75,reset_mv_preserve_counter,76,150,ff3ca2b9fda92f18341c237aa94844fc7a50537176f5b0a66e70c8b308e7a62d,42.05633544921875,0.2475732476484289,0.0005,0.0005,0.11851271986961365,0.297178715467453,0.31707751750946045,,,,,,
primary_seed1101_ckpt75_reset_mv_preserve_counter,primary,1101,75,reset_mv_preserve_counter,77,151,1fa20750a75c859b36d6529afb82e908280b050d4d4eab31c7d08dee6ebfd374,42.07670211791992,0.24769314022252673,0.0005,0.0005,0.12689286470413208,0.30882859230041504,0.3309331238269806,,,,,,
primary_seed1101_ckpt75_reset_mv_preserve_counter,primary,1101,75,reset_mv_preserve_counter,78,152,af85de5cd16b7e568fea578eba2de7f075d2a099380c9fe4314d16e427e9e7c1,42.09690856933594,0.24781208964470244,0.0005,0.0005,0.12157225608825684,0.2924690544605255,0.31372860074043274,,,,,,
primary_seed1101_ckpt75_reset_mv_preserve_counter,primary,1101,75,reset_mv_preserve_counter,79,153,28a9a824c3e749e3701eaa05b4b5b863f6eb97c73b157bab9943ef4fbef6c00b,42.11689376831055,0.24792973661898574,0.0005,0.0005,0.11711560934782028,0.2727929353713989,0.29462194442749023,,,,,,
primary_seed1101_ckpt75_reset_mv_preserve_counter,primary,1101,75,reset_mv_preserve_counter,80,154,ecdbeba4c11d660c048c290c64321e4e72c957b0583a2b4dd8b757c575f2ace2,42.13609313964844,0.2480427576576511,0.0005,0.0005,0.1101347804069519,0.26428577303886414,0.28411349654197693,,,,,,
primary_seed1101_ckpt75_reset_mv_preserve_counter,primary,1101,75,reset_mv_preserve_counter,81,155,ad7e99a529bd2a58b0b5055238b1fed09bb18c57ec57ced02482cbe8b020982e,42.153961181640625,0.24814794155296377,0.0005,0.0005,0.11597710847854614,0.26251041889190674,0.2846551835536957,,,,,,
primary_seed1101_ckpt75_reset_mv_preserve_counter,primary,1101,75,reset_mv_preserve_counter,82,156,8f50fdc818086b09e8ecd340a6f83d36a4ce45589605f76a315388f9347fe240,42.17070388793945,0.24824650092882355,0.0005,0.0005,0.11081495136022568,0.2600141167640686,0.2792995274066925,,,,,,
primary_seed1101_ckpt75_reset_mv_preserve_counter,primary,1101,75,reset_mv_preserve_counter,83,157,74d7871bf71b1d1ffe66cc84377fcc226c777dbffaa678d06a0572f5fea82e22,42.186912536621094,0.24834191646494297,0.0005,0.0005,0.10663049668073654,0.2547321021556854,0.27284330129623413,,,,,,
primary_seed1101_ckpt75_reset_mv_preserve_counter,primary,1101,75,reset_mv_preserve_counter,84,158,91225dde3be6d187d75e2b41ec3fff742be1e331510b019bc414f8c2045ecc7b,42.20294952392578,0.2484363214811459,0.0005,0.0005,0.09971345961093903,0.24004122614860535,0.25751999020576477,,,,,,
primary_seed1101_ckpt75_reset_mv_preserve_counter,primary,1101,75,reset_mv_preserve_counter,85,159,72fe0d2dc1d2e071bd004f06bb331ccc1631399854ec26433e64bdbc4acb6eec,42.2180290222168,0.2485250900418143,0.0005,0.0005,0.10031209886074066,0.23553895950317383,0.25301074981689453,,,,,,
primary_seed1101_ckpt75_reset_mv_preserve_counter,primary,1101,75,reset_mv_preserve_counter,86,160,88dc395c976e0808c638461cb4e7bac6a4fa075f032631e8f689b80a978b36e9,42.232879638671875,0.248612511242594,0.0005,0.0005,0.10338777303695679,0.22444209456443787,0.2440396398305893,,,,,,
primary_seed1101_ckpt75_reset_mv_preserve_counter,primary,1101,75,reset_mv_preserve_counter,87,161,d770e0ecc79a470316d7a3ba7f0b847409a7632859b6d67e4ba7dde05b816d7e,42.24667739868164,0.24869373458788563,0.0005,0.0005,0.10234945267438889,0.2318531572818756,0.2505040466785431,,,,,,
primary_seed1101_ckpt75_reset_mv_preserve_counter,primary,1101,75,reset_mv_preserve_counter,88,162,6530a6f0d4ea940670acda632ab4a6a12e284e13d431bc15202c307d7ffd1270,42.2589111328125,0.24876575097393763,0.0005,0.0005,0.09951891750097275,0.22419875860214233,0.24245397746562958,,,,,,
primary_seed1101_ckpt75_reset_mv_preserve_counter,primary,1101,75,reset_mv_preserve_counter,89,163,518b0714e5511b0760718e8122af0a32356a2be85cd57b42fbbc90744f215813,42.270198822021484,0.24883219827244962,0.0005,0.0005,0.09914669394493103,0.23910202085971832,0.2567003071308136,,,,,,
primary_seed1101_ckpt75_reset_mv_preserve_counter,primary,1101,75,reset_mv_preserve_counter,90,164,351b9c320179ea6403eaa016950dfedea9574249705c792908c4de8b1ad72397,42.28129196166992,0.2488975003150562,0.0005,0.0005,0.09557045996189117,0.24859781563282013,0.2637926936149597,,,,,,
primary_seed1101_ckpt75_reset_mv_preserve_counter,primary,1101,75,reset_mv_preserve_counter,91,165,1de31a08872a183c82dd613345eb1b104a86293d3233342f8241f90af8560333,42.291866302490234,0.248959748341915,0.0005,0.0005,0.09845908731222153,0.2387172430753708,0.25518515706062317,,,,,,
primary_seed1101_ckpt75_reset_mv_preserve_counter,primary,1101,75,reset_mv_preserve_counter,92,166,c2e8723805b8cd9f27853400e9f59e1e3a2a128f97b0c80d0daaf70a55c8aa79,42.30142593383789,0.24901602307326717,0.0005,0.0005,0.1016002893447876,0.22592222690582275,0.24535322189331055,,,,,,
primary_seed1101_ckpt75_reset_mv_preserve_counter,primary,1101,75,reset_mv_preserve_counter,93,167,ab40b55bef77d68705bdfa837b900ec71423f7b909e5894cf22c0f842973b11c,42.310325622558594,0.24906841291694018,0.0005,0.0005,0.09916798025369644,0.2192223072052002,0.23843346536159515,,,,,,
primary_seed1101_ckpt75_reset_mv_preserve_counter,primary,1101,75,reset_mv_preserve_counter,94,168,65af7d82697f29456d9ff8329f7769423bda9585e26463523114d170b9fa7e4f,42.31874465942383,0.2491179733048469,0.0005,0.0005,0.10721968114376068,0.22405272722244263,0.24568985402584076,,,,,,
primary_seed1101_ckpt75_reset_mv_preserve_counter,primary,1101,75,reset_mv_preserve_counter,95,169,697626b4c22f022845b8b9c64be27f423e9e138a9958553be219987ffbda2c6b,42.32646560668945,0.249163424245093,0.0005,0.0005,0.11551673710346222,0.22598561644554138,0.2521863877773285,,,,,,
primary_seed1101_ckpt75_reset_mv_preserve_counter,primary,1101,75,reset_mv_preserve_counter,96,170,d8d538b0dfdb06c0a19e8969801d51816b331b964b3f14c58e4a3d24338fa0d6,42.33397674560547,0.24920764010544114,0.0005,0.0005,0.1082252711057663,0.23208029568195343,0.25540176033973694,,,,,,
primary_seed1101_ckpt75_reset_mv_preserve_counter,primary,1101,75,reset_mv_preserve_counter,97,171,94928d01e9b7ed521251a30585dbaeb72373f22c0f6164819ab8f8eabfc11ce9,42.34203338623047,0.24925506717352403,0.0005,0.0005,0.09855959564447403,0.22409240901470184,0.24372658133506775,,,,,,
primary_seed1101_ckpt75_reset_mv_preserve_counter,primary,1101,75,reset_mv_preserve_counter,98,172,807f00b316778adb3a8c6176b6544ce772e8db1526edd66424472014d27949ef,42.35011672973633,0.24930265143359395,0.0005,0.0005,0.09902185946702957,0.22125720977783203,0.24124515056610107,,,,,,
primary_seed1101_ckpt75_reset_mv_preserve_counter,primary,1101,75,reset_mv_preserve_counter,99,173,052913ffe5aa68d4a3d8472d0cac40850cc56e4564601809852abdc64442d42b,42.35795593261719,0.24934879850978256,0.0005,0.0005,0.09967862069606781,0.21183732151985168,0.23248602449893951,,,,,,
primary_seed1101_ckpt75_reset_mv_preserve_counter,primary,1101,75,reset_mv_preserve_counter,100,174,0325f9f7ebefac0c02e357cf32ba3a8d0fd871a001fe6a54bef8b62c12373f42,42.365882873535156,0.24939546207392854,0.0005,0.0005,0.10243958979845047,0.206307515501976,0.22727316617965698,,,,3.001906156539917,3.9436755975087485,0.9417694409688315
primary_seed1101_ckpt150_reset_mv_preserve_counter,primary,1101,150,reset_mv_preserve_counter,1,150,ff3ca2b9fda92f18341c237aa94844fc7a50537176f5b0a66e70c8b308e7a62d,2.0269739627838135,0.011926783714524443,0.0005,0.0005,0.11851271986961365,2.047682285308838,2.0269737243652344,17.103427603198917,17.278164635360632,0.20279087126255035,3.232992092768351,15.850247701009115,12.617255608240765
primary_seed1101_ckpt150_reset_mv_preserve_counter,primary,1101,150,reset_mv_preserve_counter,2,151,1fa20750a75c859b36d6529afb82e908280b050d4d4eab31c7d08dee6ebfd374,3.291534662246704,0.019367501865471023,0.0005,0.0005,0.12689286470413208,2.088811159133911,2.080409288406372,,,,,,
primary_seed1101_ckpt150_reset_mv_preserve_counter,primary,1101,150,reset_mv_preserve_counter,3,152,af85de5cd16b7e568fea578eba2de7f075d2a099380c9fe4314d16e427e9e7c1,4.61004638671875,0.0271256696819167,0.0005,0.0005,0.12157225608825684,2.0690388679504395,2.0666089057922363,,,,,,
primary_seed1101_ckpt150_reset_mv_preserve_counter,primary,1101,150,reset_mv_preserve_counter,4,153,28a9a824c3e749e3701eaa05b4b5b863f6eb97c73b157bab9943ef4fbef6c00b,5.99609899520874,0.035281250356327,0.0005,0.0005,0.11711560934782028,2.021291971206665,2.021035671234131,,,,,,
primary_seed1101_ckpt150_reset_mv_preserve_counter,primary,1101,150,reset_mv_preserve_counter,5,154,ecdbeba4c11d660c048c290c64321e4e72c957b0583a2b4dd8b757c575f2ace2,7.3786797523498535,0.0434164025393569,0.0005,0.0005,0.1101347804069519,1.938384771347046,1.937944769859314,,,,,,
primary_seed1101_ckpt150_reset_mv_preserve_counter,primary,1101,150,reset_mv_preserve_counter,6,155,ad7e99a529bd2a58b0b5055238b1fed09bb18c57ec57ced02482cbe8b020982e,8.644770622253418,0.0508661242652025,0.0005,0.0005,0.11597710847854614,1.9285838603973389,1.9283335208892822,,,,,,
primary_seed1101_ckpt150_reset_mv_preserve_counter,primary,1101,150,reset_mv_preserve_counter,7,156,8f50fdc818086b09e8ecd340a6f83d36a4ce45589605f76a315388f9347fe240,9.852889060974121,0.057974734234894326,0.0005,0.0005,0.11081495136022568,1.9209516048431396,1.9194860458374023,,,,,,
primary_seed1101_ckpt150_reset_mv_preserve_counter,primary,1101,150,reset_mv_preserve_counter,8,157,74d7871bf71b1d1ffe66cc84377fcc226c777dbffaa678d06a0572f5fea82e22,11.037837982177734,0.06494701397574755,0.0005,0.0005,0.10663049668073654,1.8650623559951782,1.8616944551467896,,,,,,
primary_seed1101_ckpt150_reset_mv_preserve_counter,primary,1101,150,reset_mv_preserve_counter,9,158,91225dde3be6d187d75e2b41ec3fff742be1e331510b019bc414f8c2045ecc7b,12.129005432128906,0.07136748035116336,0.0005,0.0005,0.09971345961093903,1.7834731340408325,1.7811049222946167,,,,,,
primary_seed1101_ckpt150_reset_mv_preserve_counter,primary,1101,150,reset_mv_preserve_counter,10,159,72fe0d2dc1d2e071bd004f06bb331ccc1631399854ec26433e64bdbc4acb6eec,13.187392234802246,0.07759506428344809,0.0005,0.0005,0.10031209886074066,1.7240943908691406,1.723510980606079,,,,,,
primary_seed1101_ckpt150_reset_mv_preserve_counter,primary,1101,150,reset_mv_preserve_counter,11,160,88dc395c976e0808c638461cb4e7bac6a4fa075f032631e8f689b80a978b36e9,14.188946723937988,0.083488244950568,0.0005,0.0005,0.10338777303695679,1.6821855306625366,1.683061957359314,,,,,,
primary_seed1101_ckpt150_reset_mv_preserve_counter,primary,1101,150,reset_mv_preserve_counter,12,161,d770e0ecc79a470316d7a3ba7f0b847409a7632859b6d67e4ba7dde05b816d7e,15.153897285461426,0.08916604686307654,0.0005,0.0005,0.10234945267438889,1.5825505256652832,1.5847368240356445,,,,,,
primary_seed1101_ckpt150_reset_mv_preserve_counter,primary,1101,150,reset_mv_preserve_counter,13,162,6530a6f0d4ea940670acda632ab4a6a12e284e13d431bc15202c307d7ffd1270,16.053388595581055,0.09445868431469794,0.0005,0.0005,0.09951891750097275,1.5553375482559204,1.5558184385299683,,,,,,
primary_seed1101_ckpt150_reset_mv_preserve_counter,primary,1101,150,reset_mv_preserve_counter,14,163,518b0714e5511b0760718e8122af0a32356a2be85cd57b42fbbc90744f215813,16.908222198486328,0.09948855429869943,0.0005,0.0005,0.09914669394493103,1.4825254678726196,1.4835429191589355,,,,,,
primary_seed1101_ckpt150_reset_mv_preserve_counter,primary,1101,150,reset_mv_preserve_counter,15,164,351b9c320179ea6403eaa016950dfedea9574249705c792908c4de8b1ad72397,17.720897674560547,0.1042703644310426,0.0005,0.0005,0.09557045996189117,1.4184021949768066,1.4192723035812378,,,,,,
primary_seed1101_ckpt150_reset_mv_preserve_counter,primary,1101,150,reset_mv_preserve_counter,16,165,1de31a08872a183c82dd613345eb1b104a86293d3233342f8241f90af8560333,18.490747451782227,0.1088001866952554,0.0005,0.0005,0.09845908731222153,1.3419393301010132,1.343369483947754,,,,,,
primary_seed1101_ckpt150_reset_mv_preserve_counter,primary,1101,150,reset_mv_preserve_counter,17,166,c2e8723805b8cd9f27853400e9f59e1e3a2a128f97b0c80d0daaf70a55c8aa79,19.21179962158203,0.11304288217826987,0.0005,0.0005,0.1016002893447876,1.3240435123443604,1.3254762887954712,,,,,,
primary_seed1101_ckpt150_reset_mv_preserve_counter,primary,1101,150,reset_mv_preserve_counter,18,167,ab40b55bef77d68705bdfa837b900ec71423f7b909e5894cf22c0f842973b11c,19.885366439819336,0.11700617223817951,0.0005,0.0005,0.09916798025369644,1.3244632482528687,1.325214147567749,,,,,,
primary_seed1101_ckpt150_reset_mv_preserve_counter,primary,1101,150,reset_mv_preserve_counter,19,168,65af7d82697f29456d9ff8329f7769423bda9585e26463523114d170b9fa7e4f,20.529129028320312,0.12079409319697104,0.0005,0.0005,0.10721968114376068,1.2939023971557617,1.2946451902389526,,,,,,
primary_seed1101_ckpt150_reset_mv_preserve_counter,primary,1101,150,reset_mv_preserve_counter,20,169,697626b4c22f022845b8b9c64be27f423e9e138a9958553be219987ffbda2c6b,21.135080337524414,0.12435953130278901,0.0005,0.0005,0.11551673710346222,1.3321198225021362,1.3346552848815918,,,,2.9187281926472983,14.517820676167807,11.599092483520508
primary_seed1101_ckpt150_reset_mv_preserve_counter,primary,1101,150,reset_mv_preserve_counter,21,170,d8d538b0dfdb06c0a19e8969801d51816b331b964b3f14c58e4a3d24338fa0d6,21.686344146728516,0.12760318629922146,0.0005,0.0005,0.1082252711057663,1.3694829940795898,1.3721387386322021,,,,,,
primary_seed1101_ckpt150_reset_mv_preserve_counter,primary,1101,150,reset_mv_preserve_counter,22,171,94928d01e9b7ed521251a30585dbaeb72373f22c0f6164819ab8f8eabfc11ce9,22.23030662536621,0.13080388001835452,0.0005,0.0005,0.09855959564447403,1.3032822608947754,1.305242657661438,,,,,,
primary_seed1101_ckpt150_reset_mv_preserve_counter,primary,1101,150,reset_mv_preserve_counter,23,172,807f00b316778adb3a8c6176b6544ce772e8db1526edd66424472014d27949ef,22.756301879882812,0.13389885397987,0.0005,0.0005,0.09902185946702957,1.272121787071228,1.2742431163787842,,,,,,
primary_seed1101_ckpt150_reset_mv_preserve_counter,primary,1101,150,reset_mv_preserve_counter,24,173,052913ffe5aa68d4a3d8472d0cac40850cc56e4564601809852abdc64442d42b,23.265296936035156,0.13689379819620018,0.0005,0.0005,0.09967862069606781,1.191507339477539,1.1944910287857056,,,,,,
primary_seed1101_ckpt150_reset_mv_preserve_counter,primary,1101,150,reset_mv_preserve_counter,25,174,0325f9f7ebefac0c02e357cf32ba3a8d0fd871a001fe6a54bef8b62c12373f42,23.74917984008789,0.13974098165575824,0.0005,0.0005,0.10243958979845047,1.1627687215805054,1.1655139923095703,,,,,,
primary_seed1101_ckpt150_reset_mv_preserve_counter,primary,1101,150,reset_mv_preserve_counter,26,175,642c722de941f09600d7f5c1b38ca1e9e816dbda64c25b83f1622d1970c45848,24.208791732788086,0.14244535365929892,0.0005,0.0005,0.0990278422832489,1.206514596939087,1.2083873748779297,,,,,,
primary_seed1101_ckpt150_reset_mv_preserve_counter,primary,1101,150,reset_mv_preserve_counter,27,176,a2f8e20c2ace1da7a4d8084e932dfa8f1f0e628f11d38304e4ab0919a7b4fe89,24.646682739257812,0.1450219192297452,0.0005,0.0005,0.09803609549999237,1.205452799797058,1.2068614959716797,,,,,,
primary_seed1101_ckpt150_reset_mv_preserve_counter,primary,1101,150,reset_mv_preserve_counter,28,177,9b72dadfb02066bb89de9c9089ad5abfbd4193487a158fe9a5a0fc5ba12800d1,25.073583602905273,0.14753381842615831,0.0005,0.0005,0.0875660702586174,1.1414806842803955,1.142818570137024,,,,,,
primary_seed1101_ckpt150_reset_mv_preserve_counter,primary,1101,150,reset_mv_preserve_counter,29,178,20a9face0019ea7aa669b894ad6802e71da40029b416f001bf80816d43b0c754,25.492326736450195,0.1499977172612837,0.0005,0.0005,0.09119319915771484,1.088489055633545,1.0898078680038452,,,,,,
primary_seed1101_ckpt150_reset_mv_preserve_counter,primary,1101,150,reset_mv_preserve_counter,30,179,7d9e88be58773000bccec3c88a246c01292afa991399a62fa3e29a0572f0cd08,25.89153480529785,0.15234667111153438,0.0005,0.0005,0.09231938421726227,1.038234829902649,1.0402475595474243,,,,,,
primary_seed1101_ckpt150_reset_mv_preserve_counter,primary,1101,150,reset_mv_preserve_counter,31,180,145813f13a8c7d9be87a465ca352b34ee98461dda15f4b68438ac4e3a364db43,26.271560668945312,0.1545827562141885,0.0005,0.0005,0.09203863143920898,1.0076887607574463,1.0104838609695435,,,,,,
primary_seed1101_ckpt150_reset_mv_preserve_counter,primary,1101,150,reset_mv_preserve_counter,32,181,5eeb4524f09d718e7a8f3911b4e43100f2109535e72ce7e837595f0d2eb27466,26.630264282226562,0.1566933804707272,0.0005,0.0005,0.09421835839748383,0.999198317527771,1.0023579597473145,,,,,,
primary_seed1101_ckpt150_reset_mv_preserve_counter,primary,1101,150,reset_mv_preserve_counter,33,182,58832174a02caa330fc0ef27bdd64c22c5f8fcc022515f95379f5997908f8825,26.974536895751953,0.15871909223404565,0.0005,0.0005,0.09727061539888382,0.9535311460494995,0.9569568634033203,,,,,,
primary_seed1101_ckpt150_reset_mv_preserve_counter,primary,1101,150,reset_mv_preserve_counter,34,183,31478158211bd452012d253c37f3d885e8435970e901918ae086d3209ac96b04,27.30368995666504,0.1606558400357256,0.0005,0.0005,0.09412827342748642,0.9522812366485596,0.9545939564704895,,,,,,
primary_seed1101_ckpt150_reset_mv_preserve_counter,primary,1101,150,reset_mv_preserve_counter,35,184,27f46c42509fd20ed9e68825ef2c65299db77610c1bff535d89ccd9c385c9698,27.622798919677734,0.1625334880238584,0.0005,0.0005,0.0935850590467453,0.9253586530685425,0.9280901551246643,,,,,,
primary_seed1101_ckpt150_reset_mv_preserve_counter,primary,1101,150,reset_mv_preserve_counter,36,185,1507dc19d37973862f75a00468a6c52ad55bf569e254a12db559ac0c1175b8d3,27.92471694946289,0.16430998397638533,0.0005,0.0005,0.09599464386701584,0.9280091524124146,0.9307012557983398,,,,,,
primary_seed1101_ckpt150_reset_mv_preserve_counter,primary,1101,150,reset_mv_preserve_counter,37,186,c9002ceed42af440d4e402d4291034d53bf86ba948d549a75d6a376c93d7b02c,28.200557708740234,0.16593304038261208,0.0005,0.0005,0.09958889335393906,1.048654317855835,1.051984190940857,,,,,,
primary_seed1101_ckpt150_reset_mv_preserve_counter,primary,1101,150,reset_mv_preserve_counter,38,187,6606714ab953294f8828a785f0c35504fe5f8322c0b2ccb0253310cfc7b4171d,28.475597381591797,0.16755138316907242,0.0005,0.0005,0.09873107820749283,0.9985705018043518,1.0015599727630615,,,,,,
primary_seed1101_ckpt150_reset_mv_preserve_counter,primary,1101,150,reset_mv_preserve_counter,39,188,8f12baf0048fe67e59f1f7780330f3c965c3a406ec3df189a94dee94cf4effc1,28.746912002563477,0.16914780762361908,0.0005,0.0005,0.10116492956876755,0.9487012624740601,0.9515456557273865,,,,,,
primary_seed1101_ckpt150_reset_mv_preserve_counter,primary,1101,150,reset_mv_preserve_counter,40,189,38dcc0d005f7b22221a47ed3a2bbc4eaece02c72b228b4eab88b7daed8f74ac8,29.01354217529297,0.17071666862543655,0.0005,0.0005,0.09781674295663834,0.9017661809921265,0.9042677283287048,,,,,,
primary_seed1101_ckpt150_reset_mv_preserve_counter,primary,1101,150,reset_mv_preserve_counter,41,190,71623b2f8d55b26402689f70ced3f94112a4d6f7cf43d99eefc4621ca48d13b3,29.265954971313477,0.17220187409930482,0.0005,0.0005,0.09764585644006729,0.8755735754966736,0.8782984018325806,,,,,,
primary_seed1101_ckpt150_reset_mv_preserve_counter,primary,1101,150,reset_mv_preserve_counter,42,191,b7d2e7922dd7ac81f2fa4995c061491f41e44774562d8adac21babaf2913c4a1,29.508342742919922,0.173628091988668,0.0005,0.0005,0.09786814451217651,0.8397273421287537,0.8431349992752075,,,,,,
primary_seed1101_ckpt150_reset_mv_preserve_counter,primary,1101,150,reset_mv_preserve_counter,43,192,90f94c39043b9b343d7163cd7a702e7c60fdaa9ed14d5b7f70a7a61a324e0a8b,29.74374008178711,0.1750131779341173,0.0005,0.0005,0.09657341986894608,0.8020674586296082,0.8056015372276306,,,,,,
primary_seed1101_ckpt150_reset_mv_preserve_counter,primary,1101,150,reset_mv_preserve_counter,44,193,105341750aaf6793b0f42f4152c7b3109cc62da19f7e5116f084857895313bd4,29.96881103515625,0.176337503076197,0.0005,0.0005,0.11260256916284561,0.7560542821884155,0.7610552906990051,,,,,,
primary_seed1101_ckpt150_reset_mv_preserve_counter,primary,1101,150,reset_mv_preserve_counter,45,194,fed6b90917b7622b8782907ed6838c39b30286f23b134dab617a73f8fefa9371,30.18501091003418,0.17760963049081607,0.0005,0.0005,0.1064583882689476,0.7143207788467407,0.7190223932266235,,,,,,
primary_seed1101_ckpt150_reset_mv_preserve_counter,primary,1101,150,reset_mv_preserve_counter,46,195,bd629f0f72a31c3ae4c28a593a8a5670449461e879e1f81654e26fb0d43931e7,30.391672134399414,0.17882563216150246,0.0005,0.0005,0.10249784588813782,0.683965265750885,0.6884593963623047,,,,,,
primary_seed1101_ckpt150_reset_mv_preserve_counter,primary,1101,150,reset_mv_preserve_counter,47,196,f072e65f4b6a8b4edf02b9188ddd4384e84466e5645a7e82780ff9b73b7443d6,30.58812141418457,0.17998154640307162,0.0005,0.0005,0.10216690599918365,0.6387646198272705,0.6440296769142151,,,,,,
primary_seed1101_ckpt150_reset_mv_preserve_counter,primary,1101,150,reset_mv_preserve_counter,48,197,0729ebe77ad12b8aad43da1c419f10f94a1d20b94bd2defd58f4e16cc9cc6e93,30.77371597290039,0.18107359109680618,0.0005,0.0005,0.09736159443855286,0.635159432888031,0.6398836970329285,,,,,,
primary_seed1101_ckpt150_reset_mv_preserve_counter,primary,1101,150,reset_mv_preserve_counter,49,198,03e608d2ce06e353423bd84b9bc6b40c7630539e117980d8f15bada3b5ed91db,30.950565338134766,0.18211417877475766,0.0005,0.0005,0.09455276280641556,0.6399486064910889,0.6440391540527344,,,,,,
primary_seed1101_ckpt150_reset_mv_preserve_counter,primary,1101,150,reset_mv_preserve_counter,50,199,df2d924315c4c88b4c7b6abe4f9023c058ff7c43a4a8d6da65f8dc5604706b63,31.115510940551758,0.18308472430756145,0.00025,0.00025,0.09944412112236023,0.6402223110198975,0.6445630788803101,,,,,,
primary_seed1101_ckpt150_reset_mv_preserve_counter,primary,1101,150,reset_mv_preserve_counter,51,200,5471d9b74d756467659ed22aa591e27bc35e148a5a90a697749a94ec80f97669,31.19308090209961,0.18354114859870263,0.00025,0.00025,0.05040533095598221,0.31764423847198486,0.3197099268436432,,,,,,
primary_seed1101_ckpt150_reset_mv_preserve_counter,primary,1101,150,reset_mv_preserve_counter,52,201,33478dd6e74d43e661b6af67f8b42d24959a95aeed8d7f76c47548e76991ef57,31.264921188354492,0.1839638592856099,0.00025,0.00025,0.053708598017692566,0.30803099274635315,0.31040138006210327,,,,,,
primary_seed1101_ckpt150_reset_mv_preserve_counter,primary,1101,150,reset_mv_preserve_counter,53,202,a1ea2a794923b8d3301dd79a131dbc642af56567d360b585f5d817fcd5de87c8,31.331253051757812,0.18435415822517115,0.00025,0.00025,0.051976606249809265,0.2859141230583191,0.28854432702064514,,,,,,
primary_seed1101_ckpt150_reset_mv_preserve_counter,primary,1101,150,reset_mv_preserve_counter,54,203,cf72947e215c0c1624fd6888d070d36a064dd00fcb7c80d4107b636eb84fb363,31.391315460205078,0.18470756747860828,0.00025,0.00025,0.05163111537694931,0.2730602025985718,0.27619460225105286,,,,,,
primary_seed1101_ckpt150_reset_mv_preserve_counter,primary,1101,150,reset_mv_preserve_counter,55,204,07b33b7640fa0052aea1e2f08363d2a3e84bdc458c65c525afc0317bc9c6c0d0,31.445972442626953,0.18502917102152652,0.00025,0.00025,0.052237749099731445,0.2864580750465393,0.28968313336372375,,,,,,
primary_seed1101_ckpt150_reset_mv_preserve_counter,primary,1101,150,reset_mv_preserve_counter,56,205,1b68f0b684c0c4e68adc17ddd610efa1dcff340251575a604d020ad9172e870b,31.49553680419922,0.18532080941021556,0.00025,0.00025,0.05261922627687454,0.29393380880355835,0.2970338761806488,,,,,,
primary_seed1101_ckpt150_reset_mv_preserve_counter,primary,1101,150,reset_mv_preserve_counter,57,206,6df314f5779434e068b83190f554bec1f4f566b22dbb992fd9f2ac9c20ac6036,31.540863037109375,0.18558751050575953,0.00025,0.00025,0.05099961534142494,0.2863871455192566,0.28926882147789,,,,,,
primary_seed1101_ckpt150_reset_mv_preserve_counter,primary,1101,150,reset_mv_preserve_counter,58,207,b1bbcffe7ca4b890a2b0e4ca54350fc2ea07f04b71aa3fb5bf6485be05fde38b,31.582490921020508,0.1858324503900487,0.00025,0.00025,0.050850264728069305,0.2918218970298767,0.29469120502471924,,,,,,
primary_seed1101_ckpt150_reset_mv_preserve_counter,primary,1101,150,reset_mv_preserve_counter,59,208,cd1c5a3594df38fac05ecd818f142d625c1aca788de47956d3d3cb096da869ad,31.621116638183594,0.1860597254231181,0.00025,0.00025,0.04898465797305107,0.27447518706321716,0.2775495946407318,,,,,,
primary_seed1101_ckpt150_reset_mv_preserve_counter,primary,1101,150,reset_mv_preserve_counter,60,209,2d530eb114da2d8d8d86792948bdc24b03235266f6dc0903e63337bc95d43c9c,31.657228469848633,0.18627220866844443,0.00025,0.00025,0.04933900758624077,0.2658834457397461,0.26941657066345215,,,,,,
primary_seed1101_ckpt150_reset_mv_preserve_counter,primary,1101,150,reset_mv_preserve_counter,61,210,bed92f6522c1bfdbdd6e093df6cadf47386d1570da6fc0d7aeb6d63d6d72769e,31.69014549255371,0.1864658935492262,0.00025,0.00025,0.0510731041431427,0.24428331851959229,0.248207226395607,,,,,,
primary_seed1101_ckpt150_reset_mv_preserve_counter,primary,1101,150,reset_mv_preserve_counter,62,211,776dfcd2f0078625129497996b2d7350beca456461e06f1aaf88b5585b854de0,31.718441009521484,0.1866323853331176,0.00025,0.00025,0.05980776995420456,0.28297075629234314,0.2873930335044861,,,,,,
primary_seed1101_ckpt150_reset_mv_preserve_counter,primary,1101,150,reset_mv_preserve_counter,63,212,e8543638256239f6806b85721a50515fab932429139d2da50faeb90dd9d7a039,31.7457275390625,0.18679294020068418,0.00025,0.00025,0.05620624125003815,0.27278682589530945,0.2765924632549286,,,,,,
primary_seed1101_ckpt150_reset_mv_preserve_counter,primary,1101,150,reset_mv_preserve_counter,64,213,02afbd5c3eb3c133a7503e01af5b085ea4e058b48032d46bb74bdc62be9473f2,31.771520614624023,0.1869447075342577,0.00025,0.00025,0.05075371265411377,0.2724936604499817,0.2755417227745056,,,,,,
primary_seed1101_ckpt150_reset_mv_preserve_counter,primary,1101,150,reset_mv_preserve_counter,65,214,eaea3ba7fcb16911d095ed19a348c4828a7d64ac9e68f032a82e35837cfd0b6a,31.79627799987793,0.18709038083084756,0.00025,0.00025,0.049806904047727585,0.26857420802116394,0.27176764607429504,,,,,,
primary_seed1101_ckpt150_reset_mv_preserve_counter,primary,1101,150,reset_mv_preserve_counter,66,215,d33432002b77bc503d352951f20f73d083e5c090a1879bb79009f0fc9fb3fab1,31.8204288482666,0.1872324852439,0.00025,0.00025,0.04780993610620499,0.26402297616004944,0.2672143876552582,,,,,,
primary_seed1101_ckpt150_reset_mv_preserve_counter,primary,1101,150,reset_mv_preserve_counter,67,216,7554d6439dc6a79f15ca25615696d93ed0b09cac3045a519a08d47e34650a4bb,31.844072341918945,0.18737160436443373,0.00025,0.00025,0.04559371992945671,0.24288392066955566,0.24604357779026031,,,,,,
primary_seed1101_ckpt150_reset_mv_preserve_counter,primary,1101,150,reset_mv_preserve_counter,68,217,6fa66de9fc1e8281e9051eb45de4af1788c3d0600476c6237e5c86f2c8da694a,31.866403579711914,0.18750300212687393,0.00025,0.00025,0.04321960732340813,0.22939006984233856,0.23200470209121704,,,,,,
primary_seed1101_ckpt150_reset_mv_preserve_counter,primary,1101,150,reset_mv_preserve_counter,69,218,5388ccd22b95fbf57ff11fec63487667305ea17d44d104f0e1a39b8e80cb71a0,31.886899948120117,0.18762360345546825,0.00025,0.00025,0.04379455745220184,0.23202426731586456,0.23454344272613525,,,,,,
primary_seed1101_ckpt150_reset_mv_preserve_counter,primary,1101,150,reset_mv_preserve_counter,70,219,e5fed32d790091a66aadd185047cd74a764aa7d94e9ffe02bb845e0c1d006fc2,31.90595245361328,0.18773570904557887,0.00025,0.00025,0.04464730620384216,0.2406070977449417,0.2433975487947464,,,,,,
primary_seed1101_ckpt150_reset_mv_preserve_counter,primary,1101,150,reset_mv_preserve_counter,71,220,8f6a05f445b695929c2bb481f2851e9c4eb5cbd25fb90e960a357ddbf0329e67,31.92372703552246,0.1878402952898717,0.00025,0.00025,0.044791076332330704,0.22510093450546265,0.2284805327653885,,,,,,
primary_seed1101_ckpt150_reset_mv_preserve_counter,primary,1101,150,reset_mv_preserve_counter,72,221,d57a5a9d3cf02716c385daba4a9c939d18acdf8e1bcc71e9e062f583a41f742d,31.940462112426758,0.18793876505137241,0.00025,0.00025,0.04567812383174896,0.2201269119977951,0.2238658219575882,,,,,,
primary_seed1101_ckpt150_reset_mv_preserve_counter,primary,1101,150,reset_mv_preserve_counter,73,222,429fbcdaf0ed4c8fdf8082200cbc18f76206db7f3e231e51a36f1c5a56a32a70,31.956483840942383,0.18803303744670022,0.00025,0.00025,0.04313085973262787,0.20455624163150787,0.20807529985904694,,,,,,
primary_seed1101_ckpt150_reset_mv_preserve_counter,primary,1101,150,reset_mv_preserve_counter,74,223,39263dd4a4e80aed81160e763eac385396c5998e69865ac9f49301be449489a7,31.971956253051758,0.18812407764561676,0.00025,0.00025,0.040076807141304016,0.18803690373897552,0.1911412626504898,,,,,,
primary_seed1101_ckpt150_reset_mv_preserve_counter,primary,1101,150,reset_mv_preserve_counter,75,224,593c3996281970081a409ce49f3e6e64b3dbf29b59411fc158816e79b8ab641a,31.985836029052734,0.18820574671952156,0.00025,0.00025,0.04116068780422211,0.18498210608959198,0.1880403459072113,,,,,,
primary_seed1101_ckpt150_reset_mv_preserve_counter,primary,1101,150,reset_mv_preserve_counter,76,225,63958af2af8c25e8b37225a0eee99f677cc74f24f7236e10ebb9e4cddb80bbb3,31.9985294342041,0.1882804351470104,0.00025,0.00025,0.04360873997211456,0.18008717894554138,0.1840066760778427,,,,,,
primary_seed1101_ckpt150_reset_mv_preserve_counter,primary,1101,150,reset_mv_preserve_counter,77,226,2506510c762677488f095179ac07bcdbcdf5cb39f7c1255e4794d30cd09ac91b,32.01034164428711,0.18834993859275626,0.00025,0.00025,0.04387634992599487,0.17816394567489624,0.1823224574327469,,,,,,
primary_seed1101_ckpt150_reset_mv_preserve_counter,primary,1101,150,reset_mv_preserve_counter,78,227,9ec2b05c7232e4569e4963696b8f1d668f38a885668436cf5c7a52c11c21f0c8,32.02159881591797,0.18841617617337822,0.00025,0.00025,0.043643489480018616,0.18138839304447174,0.18559081852436066,,,,,,
primary_seed1101_ckpt150_reset_mv_preserve_counter,primary,1101,150,reset_mv_preserve_counter,79,228,ca764d2a7c5eec8bf9d77895ea1e98256e3550011a8b4a6c7659d331a82989a5,32.03268814086914,0.1884814261384301,0.00025,0.00025,0.043145567178726196,0.18137440085411072,0.18515101075172424,,,,,,
primary_seed1101_ckpt150_reset_mv_preserve_counter,primary,1101,150,reset_mv_preserve_counter,80,229,c9c3466e3eee9d4160b045543982e81930933bfc83d6513998e51a990d78fdcf,32.042964935302734,0.18854189514629036,0.00025,0.00025,0.043391063809394836,0.1810164451599121,0.18452779948711395,,,,,,
primary_seed1101_ckpt150_reset_mv_preserve_counter,primary,1101,150,reset_mv_preserve_counter,81,230,dd5e3beae249c6754ba3bca306fae56b9f73edba11aa1f1085b327996efc6010,32.052886962890625,0.18860027669396834,0.00025,0.00025,0.04150932654738426,0.17614971101284027,0.1791883111000061,,,,,,
primary_seed1101_ckpt150_reset_mv_preserve_counter,primary,1101,150,reset_mv_preserve_counter,82,231,178511e9cb17527e7e088a73868e211747741a1dc03237ce728df5a9c7833ff5,32.062225341796875,0.1886552240329594,0.00025,0.00025,0.040496826171875,0.17021310329437256,0.1734006255865097,,,,,,
primary_seed1101_ckpt150_reset_mv_preserve_counter,primary,1101,150,reset_mv_preserve_counter,83,232,b3b04fae4e83388c0d8c42035a7dc7734a7dbb8939b53e1540c3442aacd5c89d,32.07067108154297,0.1887049190527822,0.00025,0.00025,0.04142787680029869,0.16746515035629272,0.17114634811878204,,,,,,
primary_seed1101_ckpt150_reset_mv_preserve_counter,primary,1101,150,reset_mv_preserve_counter,84,233,7e33e125d9c71676037426322c43f7df8ad783300a06551299884091dec811f0,32.0786018371582,0.18875158388846944,0.00025,0.00025,0.041357409209012985,0.1601678878068924,0.1642472892999649,,,,,,
primary_seed1101_ckpt150_reset_mv_preserve_counter,primary,1101,150,reset_mv_preserve_counter,85,234,7f8e370cce666edbc4045a892ae1b2b86d428a981a8f5c43f291b99ccb86458d,32.08611297607422,0.18879577968523145,0.00025,0.00025,0.04104292765259743,0.15623211860656738,0.16020937263965607,,,,,,
primary_seed1101_ckpt150_reset_mv_preserve_counter,primary,1101,150,reset_mv_preserve_counter,86,235,95776bd7c1b6dfe6d5b928a4cfd4478dc12423b9b0dcbe084c3d1ae85a4045f3,32.09362030029297,0.18883995303618503,0.00025,0.00025,0.040354736149311066,0.16381654143333435,0.16715307533740997,,,,,,
primary_seed1101_ckpt150_reset_mv_preserve_counter,primary,1101,150,reset_mv_preserve_counter,87,236,774d4b0408c670e6f91ac287d87fae52993cad17b2135c7793a86bd255ce4309,32.100730895996094,0.18888179202306385,0.00025,0.00025,0.03941221907734871,0.16378453373908997,0.16682051122188568,,,,,,
primary_seed1101_ckpt150_reset_mv_preserve_counter,primary,1101,150,reset_mv_preserve_counter,88,237,6c0aebef2cd50bbc95e5de97027c01f8816812d29887a740909d70cad7b3d80c,32.10725402832031,0.1889201743554473,0.00025,0.00025,0.04086676612496376,0.1664937138557434,0.16984711587429047,,,,,,
primary_seed1101_ckpt150_reset_mv_preserve_counter,primary,1101,150,reset_mv_preserve_counter,89,238,f5c08426d3753314d5941ed2e5caa7e55b6ccb351a8ad9ccf01f3ec396094de5,32.11368179321289,0.18895799554262047,0.00025,0.00025,0.041051413863897324,0.17540274560451508,0.17843499779701233,,,,,,
primary_seed1101_ckpt150_reset_mv_preserve_counter,primary,1101,150,reset_mv_preserve_counter,90,239,ca85d734fa1ec2bf62e2df206936de1998ff51e4a05f77d3ce7636067b85d031,32.12002182006836,0.1889953004762002,0.00025,0.00025,0.04283265396952629,0.17154476046562195,0.1747613400220871,,,,,,
primary_seed1101_ckpt150_reset_mv_preserve_counter,primary,1101,150,reset_mv_preserve_counter,91,240,6d0aabdc3ddd4a18c75ffb9867bfab7ab14151b7bad41bd9d61866bfd31f51db,32.12605667114258,0.189030809745107,0.00025,0.00025,0.0443258062005043,0.1696498692035675,0.17338867485523224,,,,,,
primary_seed1101_ckpt150_reset_mv_preserve_counter,primary,1101,150,reset_mv_preserve_counter,92,241,1640eb3c01e9a29b03efe1cc00c0fedd98a5b91a48d109de160e5730e69b422d,32.131370544433594,0.18906207675622402,0.00025,0.00025,0.046497948467731476,0.16215261816978455,0.16698406636714935,,,,,,
primary_seed1101_ckpt150_reset_mv_preserve_counter,primary,1101,150,reset_mv_preserve_counter,93,242,2f52ce62f2987013b4bea3c5271ff935f8259efd191d135d02ddcdc26f9bf8d0,32.13714599609375,0.18909605971015886,0.00025,0.00025,0.04737331345677376,0.16603314876556396,0.17095737159252167,,,,,,
primary_seed1101_ckpt150_reset_mv_preserve_counter,primary,1101,150,reset_mv_preserve_counter,94,243,7f478d32fefbcec689de54a7927da163d6a53072e65fd9b713b9e76d5110b38f,32.14267349243164,0.18912858368654695,0.00025,0.00025,0.0471021868288517,0.15925827622413635,0.16435283422470093,,,,,,
primary_seed1101_ckpt150_reset_mv_preserve_counter,primary,1101,150,reset_mv_preserve_counter,95,244,e77cd586942fd13cedd2ea21d334182452278794da7f341de79028ad4ca1b4fb,32.14784240722656,0.18915899775694436,0.00025,0.00025,0.04616900160908699,0.15161031484603882,0.15671807527542114,,,,,,
primary_seed1101_ckpt150_reset_mv_preserve_counter,primary,1101,150,reset_mv_preserve_counter,96,245,5e6a333b5e53e6b675cb3c355ce7035cda73363f48f3a937122e0895d52be6c9,32.15271759033203,0.1891876835000941,0.00025,0.00025,0.042797453701496124,0.1433580368757248,0.1479017436504364,,,,,,
primary_seed1101_ckpt150_reset_mv_preserve_counter,primary,1101,150,reset_mv_preserve_counter,97,246,c6439273ebaec92d102c3549f4b48f57c38bf5fec6a1a3cdeeb292e4864746dd,32.15763854980469,0.1892166385929448,0.00025,0.00025,0.04296797886490822,0.14175593852996826,0.14604580402374268,,,,,,
primary_seed1101_ckpt150_reset_mv_preserve_counter,primary,1101,150,reset_mv_preserve_counter,98,247,e52ae83230e5d6a760aa30fcfe96746343c583c9df3663cc1985b6b71b78a570,32.16254425048828,0.1892455039025618,0.00025,0.00025,0.0414113849401474,0.13697512447834015,0.1410559117794037,,,,,,
primary_seed1101_ckpt150_reset_mv_preserve_counter,primary,1101,150,reset_mv_preserve_counter,99,248,075e5c768f29f7b12d96eb4ab0779a5f23899bb5505c1d919b3db2c64bfb61ef,32.16734313964844,0.18927374072954334,0.00025,0.00025,0.0446237176656723,0.13170605897903442,0.13675646483898163,,,,,,
primary_seed1101_ckpt150_reset_mv_preserve_counter,primary,1101,150,reset_mv_preserve_counter,100,249,36159b3db7357e79b84c702e22b765eca790e28dde0295a6b21b4d6fce7861f0,32.1710090637207,0.18929531115142667,0.00025,0.00025,0.048021744936704636,0.1296769380569458,0.13617739081382751,,,,2.7910792032877603,3.5623634656270347,0.7712842623392744
primary_seed1101_ckpt300_reset_mv_preserve_counter,primary,1101,300,reset_mv_preserve_counter,1,300,86b58b56193adc29f7f8ab2b29d3afbcf95c79caa7bd005df6aa498461d33b55,0.6760042905807495,0.003980103638965351,0.000125,0.000125,0.022198202088475227,0.6811748743057251,0.6760042905807495,30.453110024674547,30.686038065609317,0.24833592772483826,2.7881832122802734,3.696813980738322,0.9086307684580484
primary_seed1101_ckpt300_reset_mv_preserve_counter,primary,1101,300,reset_mv_preserve_counter,2,301,5332e164ce3ad7c614781bd3524ad1e0f49fcc4276be1bbb03814c8be98481a3,1.0858818292617798,0.0063933354866997005,0.000125,0.000125,0.023123715072870255,0.654007613658905,0.6503986716270447,,,,,,
primary_seed1101_ckpt300_reset_mv_preserve_counter,primary,1101,300,reset_mv_preserve_counter,3,302,d9a6e92693e062575baba85dbb9f994c7e7e3596ad4faa0d251efb5549885a9e,1.5090080499649048,0.008884571465860986,0.000125,0.000125,0.02677149884402752,0.606933057308197,0.604607105255127,,,,,,
primary_seed1101_ckpt300_reset_mv_preserve_counter,primary,1101,300,reset_mv_preserve_counter,4,303,47018eded939cf036330d2463747ffdd28412839b1b67e8c2a022aff80d90416,1.889762043952942,0.01112633291344067,0.000125,0.000125,0.02779877558350563,0.6106255054473877,0.6067991852760315,,,,,,
primary_seed1101_ckpt300_reset_mv_preserve_counter,primary,1101,300,reset_mv_preserve_counter,5,304,7195046858f1f8eaac99dc854597f97f1147cde6b3a870f6b313a7b26ef943f8,2.2514944076538086,0.01325610090035758,0.000125,0.000125,0.028815999627113342,0.5821143984794617,0.5776478052139282,,,,,,
primary_seed1101_ckpt300_reset_mv_preserve_counter,primary,1101,300,reset_mv_preserve_counter,6,305,8120af8654f8efed6092c1f3de7d1466e2b9b03ff502488c5008f4fdaaf9adb0,2.5943260192871094,0.0152745871200853,0.000125,0.000125,0.02654099091887474,0.5376541614532471,0.533406138420105,,,,,,
primary_seed1101_ckpt300_reset_mv_preserve_counter,primary,1101,300,reset_mv_preserve_counter,7,306,b486f577efa88be102d0dceccc73a265bffc43cd813085f6310e972035906e68,2.9004299640655518,0.017076832226351823,0.000125,0.000125,0.025917988270521164,0.49985378980636597,0.49553003907203674,,,,,,
primary_seed1101_ckpt300_reset_mv_preserve_counter,primary,1101,300,reset_mv_preserve_counter,8,307,7506cca993f08f0c9ca588958249737ce5bb0cb84afccfeaa62a22f18d0f9940,3.1838533878326416,0.018745541457966773,0.000125,0.000125,0.025290096178650856,0.501971423625946,0.4989783763885498,,,,,,
primary_seed1101_ckpt300_reset_mv_preserve_counter,primary,1101,300,reset_mv_preserve_counter,9,308,62b90207063bf5cb89916794dd3cb81b724c06495b73d124e1d60234a83e03ad,3.46335506439209,0.020391160658128186,0.000125,0.000125,0.02400708943605423,0.4779414236545563,0.47471413016319275,,,,,,
primary_seed1101_ckpt300_reset_mv_preserve_counter,primary,1101,300,reset_mv_preserve_counter,10,309,1dc19081fa9b7aa71dd6312508d43f0ec5ad6932e747cb0c26927c52b66392bc,3.7329444885253906,0.021978419589721247,0.000125,0.000125,0.02416958659887314,0.4536159336566925,0.4502257704734802,,,,,,
primary_seed1101_ckpt300_reset_mv_preserve_counter,primary,1101,300,reset_mv_preserve_counter,11,310,f441c073e27e337f2790b80cf5bf2785deb0fc76ec7e4f5d35b9a587b788b1d2,3.9895660877227783,0.023489327989319082,0.000125,0.000125,0.023587170988321304,0.44409283995628357,0.44045379757881165,,,,,,
primary_seed1101_ckpt300_reset_mv_preserve_counter,primary,1101,300,reset_mv_preserve_counter,12,311,4406c48bf9da68417d34d2d4af2b7dd7f2b24af4d4d3295bf6bf45826c838c69,4.229405403137207,0.02490142750606601,0.000125,0.000125,0.022607652470469475,0.4257810413837433,0.4220013916492462,,,,,,
primary_seed1101_ckpt300_reset_mv_preserve_counter,primary,1101,300,reset_mv_preserve_counter,13,312,1e7bf5879133e62ce5ea010ed69ebdf73205dfd1b82dbd937f00e87caed9f584,4.460996150970459,0.026264962014715298,0.000125,0.000125,0.023202557116746902,0.42133629322052,0.4176320433616638,,,,,,
primary_seed1101_ckpt300_reset_mv_preserve_counter,primary,1101,300,reset_mv_preserve_counter,14,313,c2bae13b35a615dcf7397de6408199eea2ca154e93b0e0b3e833de96f1e4a88b,4.679970741271973,0.027554216499995662,0.000125,0.000125,0.02464144118130207,0.40980973839759827,0.40677347779273987,,,,,,
primary_seed1101_ckpt300_reset_mv_preserve_counter,primary,1101,300,reset_mv_preserve_counter,15,314,c4336df847b33b56925d6012a63957c6edaffdfe7c95552361b4f18adc780d36,4.882254600524902,0.028745201136535285,0.000125,0.000125,0.024830032140016556,0.39871999621391296,0.39638420939445496,,,,,,
primary_seed1101_ckpt300_reset_mv_preserve_counter,primary,1101,300,reset_mv_preserve_counter,16,315,790a700894d10ab89e579551cb9c0f9331b5da6c4fd70176c81f16346cd06c67,5.074892520904541,0.029879393476123894,0.000125,0.000125,0.024113131687045097,0.39029622077941895,0.38711586594581604,,,,,,
primary_seed1101_ckpt300_reset_mv_preserve_counter,primary,1101,300,reset_mv_preserve_counter,17,316,bc622f65a4e9cdef4d13d5a97529fe4bfce2cdcfb19ceffcd9b9a3162704130b,5.259332180023193,0.03096531699562852,0.000125,0.000125,0.023327158764004707,0.37082213163375854,0.3669770359992981,,,,,,
primary_seed1101_ckpt300_reset_mv_preserve_counter,primary,1101,300,reset_mv_preserve_counter,18,317,f8a27a2d8d2ff35679d63cb78497b026c4e1c0899e00f80cc7a4a112279461d9,5.430203914642334,0.03197135678299393,0.000125,0.000125,0.023086978122591972,0.37303194403648376,0.37000468373298645,,,,,,
primary_seed1101_ckpt300_reset_mv_preserve_counter,primary,1101,300,reset_mv_preserve_counter,19,318,b06ae8a775ceff077383f44565a56adde081ddcff2c09be5be81921a99d7576a,5.593042850494385,0.032930101942130724,0.000125,0.000125,0.021628495305776596,0.36217042803764343,0.3596469461917877,,,,,,
primary_seed1101_ckpt300_reset_mv_preserve_counter,primary,1101,300,reset_mv_preserve_counter,20,319,780c0d840d2f7238ce481dc4c395cf81a8f7acd3e7d11cba161008ead386c57a,5.7469892501831055,0.03383649060584809,0.000125,0.000125,0.023925218731164932,0.3543529808521271,0.35025498270988464,,,,2.6908884843190513,3.463963588078817,0.7730751037597656
primary_seed1101_ckpt300_reset_mv_preserve_counter,primary,1101,300,reset_mv_preserve_counter,21,320,a7efac702052829f0d2cfc86ea97c382c37f75b8fa445367f9e4787282da912e,5.88956880569458,0.03467595481582487,0.000125,0.000125,0.023343728855252266,0.3431535065174103,0.338731050491333,,,,,,
primary_seed1101_ckpt300_reset_mv_preserve_counter,primary,1101,300,reset_mv_preserve_counter,22,321,ae7b9d92b7b50dccb1c887e202ad56e5d3a748dabbb8f7fccdcab7c3c3b5260f,6.02601957321167,0.03547933462258293,0.000125,0.000125,0.022583650425076485,0.32678768038749695,0.32308489084243774,,,,,,
primary_seed1101_ckpt300_reset_mv_preserve_counter,primary,1101,300,reset_mv_preserve_counter,23,322,8bb97f9cc198b285493740b9a472792d23e014560e852033d9679077b13bffa2,6.154306888580322,0.036234650554517654,0.000125,0.000125,0.023025324568152428,0.33131518959999084,0.327993780374527,,,,,,
primary_seed1101_ckpt300_reset_mv_preserve_counter,primary,1101,300,reset_mv_preserve_counter,24,323,34787300a1ce6cc2321e9dc06b2005e5b098c4b74567616665cd2c070b0526bb,6.278175354003906,0.03696394966822878,0.000125,0.000125,0.023556983098387718,0.31602558493614197,0.3132301867008209,,,,,,
primary_seed1101_ckpt300_reset_mv_preserve_counter,primary,1101,300,reset_mv_preserve_counter,25,324,fa27acc850a2a30472a56ba1005c214902f7c1f0cbf6d5c0f915813cfcd9801d,6.396249771118164,0.037659135222186495,0.000125,0.000125,0.02369861677289009,0.3095591068267822,0.3070473074913025,,,,,,
primary_seed1101_ckpt300_reset_mv_preserve_counter,primary,1101,300,reset_mv_preserve_counter,26,325,4678c26a27cae5e719601b359d32b42f99e86743aefe85f6cc68663e59f53254,6.508546352386475,0.038320302670347806,0.000125,0.000125,0.02454862929880619,0.291402131319046,0.28810593485832214,,,,,,
primary_seed1101_ckpt300_reset_mv_preserve_counter,primary,1101,300,reset_mv_preserve_counter,27,326,ea1299979353035e37e1a13e541fdcb0212705887003d05ec85f1b0fc8078321,6.6136932373046875,0.038939374923468155,0.000125,0.000125,0.02396169677376747,0.30917659401893616,0.305588036775589,,,,,,
primary_seed1101_ckpt300_reset_mv_preserve_counter,primary,1101,300,reset_mv_preserve_counter,28,327,3cccf7f8428f7160343a893a784b4e3a7477689362cf757bcc155ec7a1288229,6.71371603012085,0.03952827811123503,0.000125,0.000125,0.022836336866021156,0.2945188283920288,0.29134780168533325,,,,,,
primary_seed1101_ckpt300_reset_mv_preserve_counter,primary,1101,300,reset_mv_preserve_counter,29,328,fa36b1f580c0f2a928b6509e39c119aefaf2b49d567f8bf84b7e6ae22aed01ab,6.810142993927002,0.04009601017283117,0.000125,0.000125,0.02398291602730751,0.28790274262428284,0.28446608781814575,,,,,,
primary_seed1101_ckpt300_reset_mv_preserve_counter,primary,1101,300,reset_mv_preserve_counter,30,329,53ba9ece423fdddb3e4be96fb452921d4b80aba735bd15c86cbbf04c2e43d5a4,6.902886390686035,0.04064205453390101,0.000125,0.000125,0.024611733853816986,0.28315043449401855,0.2784290015697479,,,,,,
primary_seed1101_ckpt300_reset_mv_preserve_counter,primary,1101,300,reset_mv_preserve_counter,31,330,41351926a263afb2a65e753af7920e4b9dfdf74572749b707014972205ec5cf5,6.991253852844238,0.041162334748986396,0.000125,0.000125,0.023429572582244873,0.2701014578342438,0.2657809555530548,,,,,,
primary_seed1101_ckpt300_reset_mv_preserve_counter,primary,1101,300,reset_mv_preserve_counter,32,331,7230ea06b70e3f9a13238102b8ba00710192de48be246478d428e47c10af9928,7.076226234436035,0.041662625782486376,0.000125,0.000125,0.023007405921816826,0.25993552803993225,0.25578945875167847,,,,,,
primary_seed1101_ckpt300_reset_mv_preserve_counter,primary,1101,300,reset_mv_preserve_counter,33,332,a00396f8000da143ee0a47241a4c332f21db29fd29d61d0d02b8d880ed6b6e42,7.157132148742676,0.04213897471759304,0.000125,0.000125,0.023167459294199944,0.2495959997177124,0.24559444189071655,,,,,,
primary_seed1101_ckpt300_reset_mv_preserve_counter,primary,1101,300,reset_mv_preserve_counter,34,333,83db3e51b74781ab5b52ba0c1bfbca21c2b16e7001c665fcb0de9f60311968f3,7.233619689941406,0.04258930964194545,0.000125,0.000125,0.02646896243095398,0.25897216796875,0.2554548680782318,,,,,,
primary_seed1101_ckpt300_reset_mv_preserve_counter,primary,1101,300,reset_mv_preserve_counter,35,334,a1fea869a523a53d3a428575c3ee5d453d423d2935ca9e5f0edc7f4c0947975c,7.307939052581787,0.04302687900328256,0.000125,0.000125,0.028990324586629868,0.26497796177864075,0.26069602370262146,,,,,,
primary_seed1101_ckpt300_reset_mv_preserve_counter,primary,1101,300,reset_mv_preserve_counter,36,335,b17bd0f8da27010522cc0e0cb6e4eeae3ec407b9ee1f095d0916321b594a118b,7.380507946014404,0.04345414214473202,0.000125,0.000125,0.027704278007149696,0.25299400091171265,0.24963030219078064,,,,,,
primary_seed1101_ckpt300_reset_mv_preserve_counter,primary,1101,300,reset_mv_preserve_counter,37,336,11c31f1c5ed01b9cefdaecd62a907e00785e283cc6e6698335fc2e57663a24e4,7.450464725494385,0.043866025969225744,0.000125,0.000125,0.02628554031252861,0.23567643761634827,0.23276056349277496,,,,,,
primary_seed1101_ckpt300_reset_mv_preserve_counter,primary,1101,300,reset_mv_preserve_counter,38,337,b50f654962c85ab65e99abdeb29094c0efc9d94bedf39cc164973e4d4a387859,7.516752243041992,0.044256306317272884,0.000125,0.000125,0.025009872391819954,0.23576486110687256,0.23255041241645813,,,,,,
primary_seed1101_ckpt300_reset_mv_preserve_counter,primary,1101,300,reset_mv_preserve_counter,39,338,09e7b450c77b71100c5644cba46a4825a6fd61f1801afe19d0cdd2528b2c07df,7.579409599304199,0.04462521340135798,0.000125,0.000125,0.023988889530301094,0.22015798091888428,0.21642030775547028,,,,,,
primary_seed1101_ckpt300_reset_mv_preserve_counter,primary,1101,300,reset_mv_preserve_counter,40,339,97bf828c833835c8f8a23a3534c8da595227ab4b904fc73e5819e9fa5825fd3c,7.638068199157715,0.04497057704769374,0.000125,0.000125,0.02470381371676922,0.21001826226711273,0.20621918141841888,,,,,,
primary_seed1101_ckpt300_reset_mv_preserve_counter,primary,1101,300,reset_mv_preserve_counter,41,340,640f99cd14c8b0d0c5f8d10f5e37dc3c9207a66ed3abcd49b34d163b94e68b89,7.692712783813477,0.04529230741726182,0.000125,0.000125,0.025033900514245033,0.20946627855300903,0.20604324340820312,,,,,,
primary_seed1101_ckpt300_reset_mv_preserve_counter,primary,1101,300,reset_mv_preserve_counter,42,341,b2256836699938b5b86d32d3f5d33c915b0215035395c70eb5579c20d50dfe56,7.7446489334106445,0.04559809136107074,0.000125,0.000125,0.025355784222483635,0.21548572182655334,0.21238571405410767,,,,,,
primary_seed1101_ckpt300_reset_mv_preserve_counter,primary,1101,300,reset_mv_preserve_counter,43,342,457044f90fd441015f69aeeb35050ec69de7eefb241fc06a1336bdc72cef68fa,7.794227600097656,0.04588999517654284,0.000125,0.000125,0.024349384009838104,0.21412327885627747,0.21037033200263977,,,,,,
primary_seed1101_ckpt300_reset_mv_preserve_counter,primary,1101,300,reset_mv_preserve_counter,44,343,5f2321218ac62c232ae5cb8036c553abf6c100c42457c996389da42010b62f58,7.84217643737793,0.046172303061866204,0.000125,0.000125,0.024566052481532097,0.20414353907108307,0.19948922097682953,,,,,,
primary_seed1101_ckpt300_reset_mv_preserve_counter,primary,1101,300,reset_mv_preserve_counter,45,344,1e42948bf970afedea1fd6356f08b55fc59a8d77c7de2d0de328d50540aa679c,7.888780117034912,0.04644669107622715,0.000125,0.000125,0.026937732473015785,0.204661026597023,0.19922132790088654,,,,,,
primary_seed1101_ckpt300_reset_mv_preserve_counter,primary,1101,300,reset_mv_preserve_counter,46,345,e281109437e65dc4747afc5b565e2b60b362eac2f8649a03ea490ebe0afd47f1,7.933991432189941,0.04671288128016261,0.000125,0.000125,0.027761293575167656,0.21461282670497894,0.20883946120738983,,,,,,
primary_seed1101_ckpt300_reset_mv_preserve_counter,primary,1101,300,reset_mv_preserve_counter,47,346,017de78c4a0e9fd8df3846d77f53fdc06a3597d86cd37ba729a47431723d805c,7.976716041564941,0.0469644305315745,0.000125,0.000125,0.030434036627411842,0.2007277011871338,0.19508330523967743,,,,,,
primary_seed1101_ckpt300_reset_mv_preserve_counter,primary,1101,300,reset_mv_preserve_counter,48,347,82560b5140b292e95a0fed8e421b5bac3f4e795a11e1a681b9ee3e84eeb1a7af,8.016100883483887,0.04719631626784254,0.000125,0.000125,0.03108828328549862,0.20033833384513855,0.19596894085407257,,,,,,
primary_seed1101_ckpt300_reset_mv_preserve_counter,primary,1101,300,reset_mv_preserve_counter,49,348,0f0199ab8ec59a9d70c55c599be8658683b6f472ece72b18bc6b76010b33b707,8.053216934204102,0.04741484406506797,0.000125,0.000125,0.028484242036938667,0.20030787587165833,0.1972731351852417,,,,,,
primary_seed1101_ckpt300_reset_mv_preserve_counter,primary,1101,300,reset_mv_preserve_counter,50,349,7521aac26a5edd5ce50cc9a942da1a48f8a0bc2e84095f5cb13bae65d7c31f79,8.088674545288086,0.04762360748398524,0.000125,0.000125,0.02672170288860798,0.19824084639549255,0.19554752111434937,,,,,,
primary_seed1101_ckpt300_reset_mv_preserve_counter,primary,1101,300,reset_mv_preserve_counter,51,350,d02eeab2a193c09eede42d1de9588e21b3b4c4b7e39e875595a8f933b3c79040,8.123309135437012,0.04782752521084965,0.000125,0.000125,0.026262225583195686,0.186649888753891,0.1835656464099884,,,,,,
primary_seed1101_ckpt300_reset_mv_preserve_counter,primary,1101,300,reset_mv_preserve_counter,52,351,f1a6f736d8d53cf5e4e83ed10c3f2cf5958660e85e3f42f6e1f73ad4d867d2dd,8.156681060791016,0.04802400875894465,0.000125,0.000125,0.025454621762037277,0.1909264475107193,0.18803930282592773,,,,,,
primary_seed1101_ckpt300_reset_mv_preserve_counter,primary,1101,300,reset_mv_preserve_counter,53,352,876973e419e7c1b0823a221815446efa4dbcddbb12ee20a102edac0236d0c0d5,8.18837833404541,0.048210632474774494,0.000125,0.000125,0.025059958919882774,0.19682231545448303,0.19349396228790283,,,,,,
primary_seed1101_ckpt300_reset_mv_preserve_counter,primary,1101,300,reset_mv_preserve_counter,54,353,2b8d69f735c796a6da60518db357f4ce7ba53415d354386440715d0f11c00667,8.219226837158203,0.048392258895207985,0.000125,0.000125,0.02495184913277626,0.1902095377445221,0.1869094967842102,,,,,,
primary_seed1101_ckpt300_reset_mv_preserve_counter,primary,1101,300,reset_mv_preserve_counter,55,354,af76c2c98c1afb0da4fe24625dad397baf1cbdfef7113e453c3c308302d00f34,8.247430801391602,0.048558315090771714,0.000125,0.000125,0.023997317999601364,0.19320078194141388,0.19013504683971405,,,,,,
primary_seed1101_ckpt300_reset_mv_preserve_counter,primary,1101,300,reset_mv_preserve_counter,56,355,a3c2a6364184f3ada2506b5a22e0e073b6d84e8e4695a09f0e451a0346450e32,8.275564193725586,0.04872395578087552,0.000125,0.000125,0.023987775668501854,0.17919136583805084,0.17600439488887787,,,,,,
primary_seed1101_ckpt300_reset_mv_preserve_counter,primary,1101,300,reset_mv_preserve_counter,57,356,8e5cfa34fa4806f659eb6826a2eb4db353c9ee201100b22eb20ec6d68508ae1f,8.30264949798584,0.04888342565340563,0.000125,0.000125,0.02376340515911579,0.16876590251922607,0.16531163454055786,,,,,,
primary_seed1101_ckpt300_reset_mv_preserve_counter,primary,1101,300,reset_mv_preserve_counter,58,357,2d6b88f230b48db7471f43eee95665b9d55ed5c18483409785faf23f2c292526,8.328557968139648,0.049035966691644624,0.000125,0.000125,0.02635086700320244,0.1877909004688263,0.18390527367591858,,,,,,
primary_seed1101_ckpt300_reset_mv_preserve_counter,primary,1101,300,reset_mv_preserve_counter,59,358,c5f21a44b432a090fc0a759b990f15202337afbb4e47ce95b46fca877eb15112,8.35394287109375,0.049185425128566086,0.000125,0.000125,0.027339955791831017,0.1805463433265686,0.17631113529205322,,,,,,
primary_seed1101_ckpt300_reset_mv_preserve_counter,primary,1101,300,reset_mv_preserve_counter,60,359,e4e025257da51cead0ad2b7c26f342e73a24613d3bb62da8f6136302833927f0,8.37947940826416,0.049335776340732516,0.000125,0.000125,0.028180353343486786,0.17112088203430176,0.16671419143676758,,,,,,
primary_seed1101_ckpt300_reset_mv_preserve_counter,primary,1101,300,reset_mv_preserve_counter,61,360,d99338438c864505ff4d0608b61efb10b1a3c001a9019dd9bdccc6b6a357cc30,8.403883934020996,0.04947946262072426,0.000125,0.000125,0.028152288869023323,0.1672341674566269,0.16347667574882507,,,,,,
primary_seed1101_ckpt300_reset_mv_preserve_counter,primary,1101,300,reset_mv_preserve_counter,62,361,4d079499827ee676f5df744e2103ece4fec88922feb6c797e64e2ef1a38cb5cf,8.426942825317383,0.04961522622228426,0.000125,0.000125,0.028070861473679543,0.18568317592144012,0.18227116763591766,,,,,,
primary_seed1101_ckpt300_reset_mv_preserve_counter,primary,1101,300,reset_mv_preserve_counter,63,362,04af6a01097a2f9290c0739df53ea8d1b46087b5bec4e75aa891a502d377dfcd,8.450312614440918,0.049752820293843376,0.000125,0.000125,0.026380624622106552,0.17432133853435516,0.17133276164531708,,,,,,
primary_seed1101_ckpt300_reset_mv_preserve_counter,primary,1101,300,reset_mv_preserve_counter,64,363,f0bf15cf88efa1e7d9a758704b12c476c0ab1db08e3201131e2dcb521b28418c,8.473519325256348,0.04988945421089375,0.000125,0.000125,0.02541707642376423,0.16396433115005493,0.16115319728851318,,,,,,
primary_seed1101_ckpt300_reset_mv_preserve_counter,primary,1101,300,reset_mv_preserve_counter,65,364,0f40e8bf915398bb6909045ff35ecbc36e9adcf2be93b23159115576d88271be,8.496145248413086,0.05002266863030774,0.000125,0.000125,0.02538340911269188,0.1629668027162552,0.1597086489200592,,,,,,
primary_seed1101_ckpt300_reset_mv_preserve_counter,primary,1101,300,reset_mv_preserve_counter,66,365,7c66ecc35daab8967d2bb9b9160acb51ed4680d30988969a5e0d3bcf7cc6d1b4,8.518200874328613,0.050152525316410485,0.000125,0.000125,0.02431357465684414,0.15554895997047424,0.1522846519947052,,,,,,
primary_seed1101_ckpt300_reset_mv_preserve_counter,primary,1101,300,reset_mv_preserve_counter,67,366,1929a93ecc2ae9af570fe3454e2bb1174fb0df8747a4259fdda207782b954b81,8.538657188415527,0.050272965750401216,0.000125,0.000125,0.02708686701953411,0.16662055253982544,0.16200315952301025,,,,,,
primary_seed1101_ckpt300_reset_mv_preserve_counter,primary,1101,300,reset_mv_preserve_counter,68,367,956176087aaad3bcc13bc431f7af856046f1bece628104f531f50b1a4d696c94,8.558267593383789,0.05038842573381155,0.000125,0.000125,0.02593354322016239,0.16234160959720612,0.15863582491874695,,,,,,
primary_seed1101_ckpt300_reset_mv_preserve_counter,primary,1101,300,reset_mv_preserve_counter,69,368,171016c16a4c26336c81379a2cfe7721a576b3454d3158a4c6a064f6714fa3af,8.577481269836426,0.050501549902744476,0.000125,0.000125,0.026278385892510414,0.15471236407756805,0.15117023885250092,,,,,,
primary_seed1101_ckpt300_reset_mv_preserve_counter,primary,1101,300,reset_mv_preserve_counter,70,369,f47ea5e5c28027e0662c6d1c4aae74a8227d2842667452b57efd468fc0dee090,8.595806121826172,0.05060944094885785,0.000125,0.000125,0.02421041764318943,0.14966662228107452,0.1465943604707718,,,,,,
primary_seed1101_ckpt300_reset_mv_preserve_counter,primary,1101,300,reset_mv_preserve_counter,71,370,ba45781ff7fadb12a001bfc1f627bc40b62fb26bc8d3ec306c7134c4c0adc838,8.613383293151855,0.05071292988307152,0.000125,0.000125,0.025967061519622803,0.1581827849149704,0.15425938367843628,,,,,,
primary_seed1101_ckpt300_reset_mv_preserve_counter,primary,1101,300,reset_mv_preserve_counter,72,371,f6058aca2a21d87733e693c6616be8a11376b672ada340b2f5ce4981b951f640,8.63085651397705,0.05081580678897261,0.000125,0.000125,0.026413176208734512,0.1504525989294052,0.14665958285331726,,,,,,
primary_seed1101_ckpt300_reset_mv_preserve_counter,primary,1101,300,reset_mv_preserve_counter,73,372,57ca5bbb4ddf1442f8244cd6cb02eb1d21e9736471b1dcfea50f166491d380ed,8.648371696472168,0.050918930752174185,0.000125,0.000125,0.027062715962529182,0.1543065309524536,0.15032804012298584,,,,,,
primary_seed1101_ckpt300_reset_mv_preserve_counter,primary,1101,300,reset_mv_preserve_counter,74,373,4e62d3cc25ac77f96bed03573752537a62720bfa9ac99041c84df31fa8bbdbf6,8.665508270263672,0.05101982558473268,0.000125,0.000125,0.02680894173681736,0.14865891635417938,0.14494086802005768,,,,,,
primary_seed1101_ckpt300_reset_mv_preserve_counter,primary,1101,300,reset_mv_preserve_counter,75,374,e52133569495d6788cd092783e4aa430db7ac69aefc302b255af3c8f400af877,8.682080268859863,0.05111739637361179,0.000125,0.000125,0.02637813612818718,0.14453452825546265,0.1415337324142456,,,,,,
primary_seed1101_ckpt300_reset_mv_preserve_counter,primary,1101,300,reset_mv_preserve_counter,76,375,b999d64aaa295037ae5d9d8b4ddbc4cc6d20f7eaac0df3d77cfd53ee17d78a6b,8.698092460632324,0.05121167119350477,0.000125,0.000125,0.025591513141989708,0.14125072956085205,0.1382536143064499,,,,,,
primary_seed1101_ckpt300_reset_mv_preserve_counter,primary,1101,300,reset_mv_preserve_counter,77,376,4a209d5d95daf97b3493bcc5f1b1075c37ce428beed719421e1c072c34685efc,8.713532447814941,0.0513025770502092,0.000125,0.000125,0.024700269103050232,0.13755466043949127,0.13438603281974792,,,,,,
primary_seed1101_ckpt300_reset_mv_preserve_counter,primary,1101,300,reset_mv_preserve_counter,78,377,2dfc531b2abcd303c6819c80ecfad5476b6970cd2766ef5bc0d69d8a0aea6076,8.728446006774902,0.05139038346078016,0.000125,0.000125,0.025193512439727783,0.13651379942893982,0.13313083350658417,,,,,,
primary_seed1101_ckpt300_reset_mv_preserve_counter,primary,1101,300,reset_mv_preserve_counter,79,378,18c357a0ccb8ebcb1184d99f262c6d422ab351645b2d1945945e37c2454d583d,8.742888450622559,0.05147541609165922,0.000125,0.000125,0.026864998042583466,0.13377226889133453,0.1309102177619934,,,,,,
primary_seed1101_ckpt300_reset_mv_preserve_counter,primary,1101,300,reset_mv_preserve_counter,80,379,290cfa0141eadbf0957703425348393d8368e493f6f81978e1d59d33b607f5a4,8.756834983825684,0.051557528954441524,0.000125,0.000125,0.026663407683372498,0.13301652669906616,0.1315767467021942,,,,,,
primary_seed1101_ckpt300_reset_mv_preserve_counter,primary,1101,300,reset_mv_preserve_counter,81,380,448a84487a86620e9c1d6ea6e10a0d4403dd7932b0623746d50092db913ad92e,8.770313262939453,0.05163688488234787,0.000125,0.000125,0.026846783235669136,0.13148915767669678,0.1300772726535797,,,,,,
primary_seed1101_ckpt300_reset_mv_preserve_counter,primary,1101,300,reset_mv_preserve_counter,82,381,68fe37d71df0199d9391e9a579f3f78f44f8724f51736db6f1783deaac7643dc,8.783849716186523,0.05171658332151171,0.000125,0.000125,0.0263562873005867,0.13229218125343323,0.1299045830965042,,,,,,
primary_seed1101_ckpt300_reset_mv_preserve_counter,primary,1101,300,reset_mv_preserve_counter,83,382,0f7ea7e355a01320460af6fb7e040f4d38d0159b305b31414853ae2e62c5ff71,8.79684066772461,0.05179307001576914,0.000125,0.000125,0.025275295600295067,0.1264096051454544,0.12353885918855667,,,,,,
primary_seed1101_ckpt300_reset_mv_preserve_counter,primary,1101,300,reset_mv_preserve_counter,84,383,1b4496734adebd3fce133fa6199328f659542d5758b80bcca3f840a52fcc46b4,8.80933666229248,0.051866642556868466,0.000125,0.000125,0.024529609829187393,0.1198493167757988,0.11671304702758789,,,,,,
primary_seed1101_ckpt300_reset_mv_preserve_counter,primary,1101,300,reset_mv_preserve_counter,85,384,1de229a0a14558d8119da48bdb0cc8da3e62847b123e054f0ec35547dae44d80,8.820940971374512,0.05193496513033231,0.000125,0.000125,0.02370315231382847,0.13078488409519196,0.1275298148393631,,,,,,
primary_seed1101_ckpt300_reset_mv_preserve_counter,primary,1101,300,reset_mv_preserve_counter,86,385,81f2ac24f6e30f742b2b0832b32de2c4d8848c7ea4d5db7a18d3182ffe757d83,8.832328796386719,0.052002013112723136,0.000125,0.000125,0.023849479854106903,0.13427241146564484,0.13087892532348633,,,,,,
primary_seed1101_ckpt300_reset_mv_preserve_counter,primary,1101,300,reset_mv_preserve_counter,87,386,8c3f8e29403ea196b02aff6bfdca0b04fc9ac07ba4bce4ee99e413208c4b0854,8.843521118164062,0.05206791003269121,0.000125,0.000125,0.0264385174959898,0.1295393705368042,0.1252409815788269,,,,,,
primary_seed1101_ckpt300_reset_mv_preserve_counter,primary,1101,300,reset_mv_preserve_counter,88,387,6e07f158b7c1278b49aca4ccc0fedd9f563c5b1901470a5f085b37989549a985,8.854351043701172,0.05213167327597321,0.000125,0.000125,0.026464786380529404,0.12171199917793274,0.11726777255535126,,,,,,
primary_seed1101_ckpt300_reset_mv_preserve_counter,primary,1101,300,reset_mv_preserve_counter,89,388,46df3e9d771fc7b0b4677e56cc13c4c9a100d90620c008f52b9c1843ce219614,8.864850044250488,0.052193488135544495,0.000125,0.000125,0.02701110765337944,0.12773355841636658,0.12283479422330856,,,,,,
primary_seed1101_ckpt300_reset_mv_preserve_counter,primary,1101,300,reset_mv_preserve_counter,90,389,01840a613593da3740196d991be947885cc8bf18ff0b182868a859e0df0593e3,8.875682830810547,0.052257268223642434,0.000125,0.000125,0.026496199890971184,0.12483785301446915,0.1203935518860817,,,,,,
primary_seed1101_ckpt300_reset_mv_preserve_counter,primary,1101,300,reset_mv_preserve_counter,91,390,0343747a4bf60408c8c42781cdf889ad3350a75ab81e0ccf079ea6cb03a5636c,8.886250495910645,0.05231948735879634,0.000125,0.000125,0.026669323444366455,0.11955302208662033,0.11475437134504318,,,,,,
primary_seed1101_ckpt300_reset_mv_preserve_counter,primary,1101,300,reset_mv_preserve_counter,92,391,bd73d0eff209a0ad50bcd06f011fd9f8a81b7642df9257a8fb58ee74a5d31d0e,8.89714241027832,0.05238361557309043,0.000125,0.000125,0.027338646352291107,0.11825552582740784,0.11346298456192017,,,,,,
primary_seed1101_ckpt300_reset_mv_preserve_counter,primary,1101,300,reset_mv_preserve_counter,93,392,9ab20c273b7f133fe084add59793646795b0abbc3924aef6e68d2a7a07a2d9db,8.907350540161133,0.052443717876374196,0.000125,0.000125,0.02830859273672104,0.12237023562192917,0.11735910922288895,,,,,,
primary_seed1101_ckpt300_reset_mv_preserve_counter,primary,1101,300,reset_mv_preserve_counter,94,393,3eb00af9604811d7b337997ec5defadf2d4a8981f117b584d8408a630356a1ff,8.9175443649292,0.05250373595557825,0.000125,0.000125,0.02746395580470562,0.12038181722164154,0.11638981848955154,,,,,,
primary_seed1101_ckpt300_reset_mv_preserve_counter,primary,1101,300,reset_mv_preserve_counter,95,394,597452f1a49ea01175059cb3f02c5b1751daacf55c2acd27e31e0802decb1704,8.927633285522461,0.05256313639153107,0.000125,0.000125,0.0278386939316988,0.11980175971984863,0.11614089459180832,,,,,,
primary_seed1101_ckpt300_reset_mv_preserve_counter,primary,1101,300,reset_mv_preserve_counter,96,395,fc26fc963de565e990e46de504259183b91dd1089a1c3d07d3a01996799a7881,8.937679290771484,0.05262228415524475,0.000125,0.000125,0.02890622802078724,0.12737342715263367,0.12358087301254272,,,,,,
primary_seed1101_ckpt300_reset_mv_preserve_counter,primary,1101,300,reset_mv_preserve_counter,97,396,a3b83e4552a8b3b40a81bcdbbc8ae97559564df1bc589c6ad964d736cbf48dd0,8.947636604309082,0.0526809097296642,0.000125,0.000125,0.02935703843832016,0.12487474083900452,0.12120399624109268,,,,,,
primary_seed1101_ckpt300_reset_mv_preserve_counter,primary,1101,300,reset_mv_preserve_counter,98,397,20b90a9c2f285b20f2b888133f53fb863b37d37c1dd315059f62c83f5b40af71,8.95744800567627,0.05273867621847057,0.000125,0.000125,0.02834436483681202,0.1229114830493927,0.12021476030349731,,,,,,
primary_seed1101_ckpt300_reset_mv_preserve_counter,primary,1101,300,reset_mv_preserve_counter,99,398,63c11dc8f9c6f59b29b38747cd0182320fcfafa26d2acbad1fdd7416bed67a7a,8.967249870300293,0.05279638655789047,0.000125,0.000125,0.02731245942413807,0.1279303878545761,0.12430990487337112,,,,,,
primary_seed1101_ckpt300_reset_mv_preserve_counter,primary,1101,300,reset_mv_preserve_counter,100,399,ea40587b870c2049ea66bbc36309bf84fe0778b68e6754aac0ec7521f20f9a92,8.977272033691406,0.05285539394813796,6.25e-05,6.25e-05,0.027181895449757576,0.12772387266159058,0.12328100949525833,,,,2.6417223612467446,2.7409516175587973,0.0992292563120527
primary_seed1102_ckpt75_reset_mv_preserve_counter,primary,1102,75,reset_mv_preserve_counter,1,75,e59c549904a3f7188adeb6a4ddb4132edaf337012b7e0714c7fc98eae4b76a1e,3.15653920173645,0.018590546165435453,0.001,0.001,0.41614481806755066,3.1968867778778076,3.15653920173645,7.585194059094304,7.682149672595926,0.16142988204956055,4.885872999827067,21.46221415201823,16.576341152191162
primary_seed1102_ckpt75_reset_mv_preserve_counter,primary,1102,75,reset_mv_preserve_counter,2,76,34514d48d55f8776db8cfb3283ce6e2237a839ee0d440d9c23d4054b40d44a61,5.235863208770752,0.030836796401898355,0.001,0.001,0.4359818696975708,3.232665538787842,3.2236926555633545,,,,,,
primary_seed1102_ckpt75_reset_mv_preserve_counter,primary,1102,75,reset_mv_preserve_counter,3,77,05dc782cb331e7da9a18ae555e41c06db6a372bc799c1c1ab25b22a750c0a796,7.48117733001709,0.04406065112354148,0.001,0.001,0.43739601969718933,3.1616621017456055,3.152973175048828,,,,,,
primary_seed1102_ckpt75_reset_mv_preserve_counter,primary,1102,75,reset_mv_preserve_counter,4,78,5bfbb8da7ab6e4cb397bb62560a8d320943cee5dede6ed11fd0c34c28eb7b0aa,9.658135414123535,0.05688192061404402,0.001,0.001,0.42270413041114807,3.1066479682922363,3.1006109714508057,,,,,,
primary_seed1102_ckpt75_reset_mv_preserve_counter,primary,1102,75,reset_mv_preserve_counter,5,79,0ac6ebc7a4c8a047567632aad7a61f0d18f83c9d44ae93c0b60c5a14ddacddcc,11.800683975219727,0.06950053403561485,0.001,0.001,0.43890851736068726,3.0293943881988525,3.0326004028320312,,,,,,
primary_seed1102_ckpt75_reset_mv_preserve_counter,primary,1102,75,reset_mv_preserve_counter,6,80,bcd3fc753af8a105cf73221c7d65fb29865f7b90523de5a8f362d464d78a42ba,13.812479972839355,0.08134907573869637,0.001,0.001,0.44357362389564514,3.040961980819702,3.040355920791626,,,,,,
primary_seed1102_ckpt75_reset_mv_preserve_counter,primary,1102,75,reset_mv_preserve_counter,7,81,9618a709971f2660ab0a726d2586ffa6cea5156186d38bbb68eaf0b47f1fef96,15.668879508972168,0.09228240463858293,0.001,0.001,0.4211867153644562,3.0505902767181396,3.0516164302825928,,,,,,
primary_seed1102_ckpt75_reset_mv_preserve_counter,primary,1102,75,reset_mv_preserve_counter,8,82,ba6ecdbd759547052b769da59d3805866be0a3be895c8e0dbaef3707601a3472,17.44550323486328,0.10274589116097979,0.001,0.001,0.4223102927207947,2.9984583854675293,3.0070853233337402,,,,,,
primary_seed1102_ckpt75_reset_mv_preserve_counter,primary,1102,75,reset_mv_preserve_counter,9,83,8a1c36e49b52bd476f3d3449d978a293fdd19fe6b2c664ad284161288036fd22,19.17264175415039,0.11291793285754595,0.001,0.001,0.39760148525238037,2.8898680210113525,2.897855281829834,,,,,,
primary_seed1102_ckpt75_reset_mv_preserve_counter,primary,1102,75,reset_mv_preserve_counter,10,84,a837bef6a5c32ed62782de4c0f9fb6943a43de4173fc01b54e0f12d7ba86ded9,20.800159454345703,0.1225032543146341,0.001,0.001,0.3890310823917389,2.774630546569824,2.783212184906006,,,,,,
primary_seed1102_ckpt75_reset_mv_preserve_counter,primary,1102,75,reset_mv_preserve_counter,11,85,79bd82091b864d02c8adadc2fbdd20d5cc6fc846beb42cba4dc81c7ce42bb1d6,22.35346031188965,0.1316514731249995,0.001,0.001,0.374332994222641,2.637373685836792,2.648527145385742,,,,,,
primary_seed1102_ckpt75_reset_mv_preserve_counter,primary,1102,75,reset_mv_preserve_counter,12,86,23d78026db7d9d5b32815b5bb5fb45a2443a127b8c07ff850613e1bf6d6205af,23.811208724975586,0.14023693252818265,0.001,0.001,0.39022955298423767,2.6533377170562744,2.667668104171753,,,,,,
primary_seed1102_ckpt75_reset_mv_preserve_counter,primary,1102,75,reset_mv_preserve_counter,13,87,a9cc5b6c648d48cb9ec77ab7b2aa4ccc351755b3fdd00daa5595b411d6542a72,25.240680694580078,0.14865585684520338,0.001,0.001,0.41577401757240295,2.5862205028533936,2.6099956035614014,,,,,,
primary_seed1102_ckpt75_reset_mv_preserve_counter,primary,1102,75,reset_mv_preserve_counter,14,88,43b4f34d8061471b69a26fd198fd598e4323d25073340e41b8e2b77a6c548ab6,26.599124908447266,0.15665646075253772,0.001,0.001,0.38238129019737244,2.444502830505371,2.4677281379699707,,,,,,
primary_seed1102_ckpt75_reset_mv_preserve_counter,primary,1102,75,reset_mv_preserve_counter,15,89,a3abdaa9ec8eca2f5a60e4dfa57c4555f94d32151cd24cb54a0959a844073cab,27.914417266845703,0.16440292032332313,0.001,0.001,0.3624735176563263,2.251325845718384,2.2736353874206543,,,,,,
primary_seed1102_ckpt75_reset_mv_preserve_counter,primary,1102,75,reset_mv_preserve_counter,16,90,2c32f98bbc3bbe2ed34ed5317bc166b33d25b8549d9e182ee4dfe7c49d045c73,29.155447006225586,0.1717120076458972,0.001,0.001,0.3308148682117462,2.094909906387329,2.1122047901153564,,,,,,
primary_seed1102_ckpt75_reset_mv_preserve_counter,primary,1102,75,reset_mv_preserve_counter,17,91,c8426eb7e3d6849db8ab8a00528b0b31161d3678b63934d317e29951f969e243,30.286161422729492,0.17837138908122854,0.001,0.001,0.33330053091049194,2.096508741378784,2.117445945739746,,,,,,
primary_seed1102_ckpt75_reset_mv_preserve_counter,primary,1102,75,reset_mv_preserve_counter,18,92,b3633cf4aebebcde1c3ab871635d48cd20d42cddec22dbaa02177581890d1c23,31.34638023376465,0.18461558422417795,0.001,0.001,0.3385489881038666,2.031888723373413,2.0538361072540283,,,,,,
primary_seed1102_ckpt75_reset_mv_preserve_counter,primary,1102,75,reset_mv_preserve_counter,19,93,9fbc9dd260dae5bddb56ae62b741344684ac214e73af6f8eadeb40120e352778,32.35938262939453,0.1905816966650734,0.001,0.001,0.34405580163002014,1.9403166770935059,1.9635584354400635,,,,,,
primary_seed1102_ckpt75_reset_mv_preserve_counter,primary,1102,75,reset_mv_preserve_counter,20,94,18c357a0ccb8ebcb1184d99f262c6d422ab351645b2d1945945e37c2454d583d,33.32502746582031,0.19626889513265852,0.001,0.001,0.334902286529541,1.8571768999099731,1.8808705806732178,,,,4.150615930557251,16.2454408009847,12.094824870427448
primary_seed1102_ckpt75_reset_mv_preserve_counter,primary,1102,75,reset_mv_preserve_counter,21,95,9f9c6820b5ebbcd794d22ad7c56b4e293536e3577891b00a550b7ed129b86fc0,34.2327995300293,0.20161524991833205,0.001,0.001,0.31509771943092346,1.8097853660583496,1.831467866897583,,,,,,
primary_seed1102_ckpt75_reset_mv_preserve_counter,primary,1102,75,reset_mv_preserve_counter,22,96,e2e7b11bc73433eec79cb164696c7a12676f44f6b5b523412b056691c9b770f8,35.089447021484375,0.20666050477486583,0.001,0.001,0.3133535385131836,1.78068208694458,1.8022558689117432,,,,,,
primary_seed1102_ckpt75_reset_mv_preserve_counter,primary,1102,75,reset_mv_preserve_counter,23,97,12202254b95086323370058de81a4553e6c2d96d16cd5cd3d59a7b4361277ec3,35.907859802246094,0.21148057498808012,0.001,0.001,0.29983970522880554,1.656269907951355,1.6778041124343872,,,,,,
primary_seed1102_ckpt75_reset_mv_preserve_counter,primary,1102,75,reset_mv_preserve_counter,24,98,62d70c888df67db070171269acef691d007cfd2978213b53c3915a7833158310,36.682273864746094,0.21604151323720716,0.001,0.001,0.2784745693206787,1.6080125570297241,1.6271097660064697,,,,,,
primary_seed1102_ckpt75_reset_mv_preserve_counter,primary,1102,75,reset_mv_preserve_counter,25,99,50a9293ebed30ad46acb7f6074f2c42b42e88abdb89a0caba7a0c9009187ca06,37.41799545288086,0.2203745708281291,0.0005,0.0005,0.28395023941993713,1.5838956832885742,1.6048767566680908,,,,,,
primary_seed1102_ckpt75_reset_mv_preserve_counter,primary,1102,75,reset_mv_preserve_counter,26,100,46fccdc088c25780866afe6f33ddf3841c0ac6069e5e90148e5a30017dee2c5d,37.75379943847656,0.22235229994783082,0.0005,0.0005,0.15156497061252594,0.7951594591140747,0.8072057366371155,,,,,,
primary_seed1102_ckpt75_reset_mv_preserve_counter,primary,1102,75,reset_mv_preserve_counter,27,101,e55865d20c4b263ee0d9dd265fb60aef21ab3ec3a25d221586b0101cbf9ea7eb,38.065216064453125,0.22418639887450234,0.0005,0.0005,0.1437462568283081,0.743524432182312,0.7549290657043457,,,,,,
primary_seed1102_ckpt75_reset_mv_preserve_counter,primary,1102,75,reset_mv_preserve_counter,28,102,376df0c56696a79145156d29ee228836d5bf17b7675453ad050b2cd3feb53ea2,38.35179901123047,0.22587423899363024,0.0005,0.0005,0.14176785945892334,0.7210631966590881,0.7325994372367859,,,,,,
primary_seed1102_ckpt75_reset_mv_preserve_counter,primary,1102,75,reset_mv_preserve_counter,29,103,5d3de98dd3b9ee4fc286c12c5c9b9af676980e26427bf39fbbba1374f6dcc991,38.615394592285156,0.22742669423191975,0.0005,0.0005,0.14031440019607544,0.6902366280555725,0.7024829983711243,,,,,,
primary_seed1102_ckpt75_reset_mv_preserve_counter,primary,1102,75,reset_mv_preserve_counter,30,104,ceabddef82bc6f647d4c5c20ff3affc777998c27d3227a2003725cda4aae4fae,38.86052703857422,0.22887041020315685,0.0005,0.0005,0.13895033299922943,0.6576892137527466,0.6702496409416199,,,,,,
primary_seed1102_ckpt75_reset_mv_preserve_counter,primary,1102,75,reset_mv_preserve_counter,31,105,995b81b971f44d00b73dacd4093d72bceac95d01a1f8667dc0b291feaa792d66,39.08366012573242,0.23018456019235034,0.0005,0.0005,0.13592365384101868,0.6310892105102539,0.6431125402450562,,,,,,
primary_seed1102_ckpt75_reset_mv_preserve_counter,primary,1102,75,reset_mv_preserve_counter,32,106,e4e025257da51cead0ad2b7c26f342e73a24613d3bb62da8f6136302833927f0,39.28874588012695,0.23139241979467914,0.0005,0.0005,0.13921310007572174,0.6142343282699585,0.6274474859237671,,,,,,
primary_seed1102_ckpt75_reset_mv_preserve_counter,primary,1102,75,reset_mv_preserve_counter,33,107,1d4219e57c5f968c1b2e10ba6d2e0db2d051be38567ea6275d7f50b5c7c84cff,39.4792366027832,0.23251432145573883,0.0005,0.0005,0.14405184984207153,0.5744290351867676,0.5896866917610168,,,,,,
primary_seed1102_ckpt75_reset_mv_preserve_counter,primary,1102,75,reset_mv_preserve_counter,34,108,48d000f296bc8278f2e4d969417ef1d0ab87f0df4b31799bb14ddb3533442b29,39.65576171875,0.2335539721959971,0.0005,0.0005,0.13515478372573853,0.5367271304130554,0.5515314936637878,,,,,,
primary_seed1102_ckpt75_reset_mv_preserve_counter,primary,1102,75,reset_mv_preserve_counter,35,109,d7cafea79efb37cec0fd1fe9edba6a18b684df48a86abbefd6cff38b2b541f06,39.8201904296875,0.2345223807429035,0.0005,0.0005,0.1442250907421112,0.5200439095497131,0.5379849672317505,,,,,,
primary_seed1102_ckpt75_reset_mv_preserve_counter,primary,1102,75,reset_mv_preserve_counter,36,110,d18b423e989337e2c0f13dab7e7c2080165aaf45150ca4ace2172b5afce6dc02,39.972347259521484,0.23541851362408517,0.0005,0.0005,0.13999657332897186,0.4966033697128296,0.5138195753097534,,,,,,
primary_seed1102_ckpt75_reset_mv_preserve_counter,primary,1102,75,reset_mv_preserve_counter,37,111,a3bf1298c3e0e7494061ad17c41ae4f2495cc5fe3ce6f03912ae5ceb233f9e67,40.11355972290039,0.23625018928271038,0.0005,0.0005,0.14857396483421326,0.4651263654232025,0.4860744774341583,,,,,,
primary_seed1102_ckpt75_reset_mv_preserve_counter,primary,1102,75,reset_mv_preserve_counter,38,112,5e7b308a3747c6b4f9c95f9dcb3d912790496b4f49e591a6f88ebf2094a6aee5,40.244075775146484,0.23701886806017547,0.0005,0.0005,0.1509581357240677,0.4544588327407837,0.4765912592411041,,,,,,
primary_seed1102_ckpt75_reset_mv_preserve_counter,primary,1102,75,reset_mv_preserve_counter,39,113,274cafb3a5497d5fa6967cdaa80ad25426d8b7a8c205b7eb285b5e7335aa76f3,40.36543273925781,0.2377336040731379,0.0005,0.0005,0.14739055931568146,0.4351981282234192,0.4567447602748871,,,,,,
primary_seed1102_ckpt75_reset_mv_preserve_counter,primary,1102,75,reset_mv_preserve_counter,40,114,f0a33d22de5467eab07abf9dd48fe0be8d01c7f8aeefd2f16d372797e6724174,40.477882385253906,0.23839588012978477,0.0005,0.0005,0.14116452634334564,0.43223318457603455,0.45209428668022156,,,,,,
primary_seed1102_ckpt75_reset_mv_preserve_counter,primary,1102,75,reset_mv_preserve_counter,41,115,f9a239a9e2dcd90679ee26a46d5357ff636329b692566c1a867bf03fae70caf9,40.58218765258789,0.2390101895882587,0.0005,0.0005,0.1449737697839737,0.3986857235431671,0.42176610231399536,,,,,,
primary_seed1102_ckpt75_reset_mv_preserve_counter,primary,1102,75,reset_mv_preserve_counter,42,116,11f173f8fb99e8746a12380820e8a72c05b4cd04f03a45f618e5fe8242642931,40.678749084472656,0.23957889146158465,0.0005,0.0005,0.13268166780471802,0.38408181071281433,0.4037558436393738,,,,,,
primary_seed1102_ckpt75_reset_mv_preserve_counter,primary,1102,75,reset_mv_preserve_counter,43,117,2414fc72ed6e0f7ea6ddb0d7d28e16677f3a006c833074d3380739285f7fea12,40.76722717285156,0.24009998620538908,0.0005,0.0005,0.12846852838993073,0.37339600920677185,0.39339205622673035,,,,,,
primary_seed1102_ckpt75_reset_mv_preserve_counter,primary,1102,75,reset_mv_preserve_counter,44,118,b83e71ae81006f4623fa9bbbfbe29794c408d07192ed1e54a53ddb98d394b8f5,40.848670959472656,0.2405796521871182,0.0005,0.0005,0.12521754205226898,0.35267749428749084,0.37303927540779114,,,,,,
primary_seed1102_ckpt75_reset_mv_preserve_counter,primary,1102,75,reset_mv_preserve_counter,45,119,b8bea985ab5d30755bf33fcb9523bbee5df816be6a4d524142351bc634dbe3d5,40.92399597167969,0.24102328143654317,0.0005,0.0005,0.12451020628213882,0.34729233384132385,0.36752843856811523,,,,,,
primary_seed1102_ckpt75_reset_mv_preserve_counter,primary,1102,75,reset_mv_preserve_counter,46,120,5442d71a501a07d40a557aa5545c943a25f651b4cbdf5afc0e00b4d1353afea7,40.993125915527344,0.24143042461784972,0.0005,0.0005,0.12332754582166672,0.3489721715450287,0.3680984377861023,,,,,,
primary_seed1102_ckpt75_reset_mv_preserve_counter,primary,1102,75,reset_mv_preserve_counter,47,121,07dd7b86f2f6ba3c45a54c43623168657005715e077d32cf893fc68a32e83b43,41.0569953918457,0.2418065860947626,0.0005,0.0005,0.12280286848545074,0.33819809556007385,0.35755982995033264,,,,,,
primary_seed1102_ckpt75_reset_mv_preserve_counter,primary,1102,75,reset_mv_preserve_counter,48,122,30eff0ab378b2311dc32c4c142f0a5581988e38e05d66ace726eea82b3d72ef6,41.11604690551758,0.2421543720150046,0.0005,0.0005,0.12151719629764557,0.3300188481807709,0.3490965962409973,,,,,,
primary_seed1102_ckpt75_reset_mv_preserve_counter,primary,1102,75,reset_mv_preserve_counter,49,123,a3506d71433f61c52b4d3f11d86b40de3598136c0ee82e03774f05416a30aad4,41.171268463134766,0.24247960127737042,0.0005,0.0005,0.1254987269639969,0.3311399519443512,0.351671040058136,,,,,,
primary_seed1102_ckpt75_reset_mv_preserve_counter,primary,1102,75,reset_mv_preserve_counter,50,124,20883cf045c2ec7b37a57da815edae6ae98c03f26e0ff3480cd8ebcdfcfaddf6,41.222476959228516,0.24278119547590588,0.0005,0.0005,0.12404831498861313,0.32073113322257996,0.341439813375473,,,,,,
primary_seed1102_ckpt75_reset_mv_preserve_counter,primary,1102,75,reset_mv_preserve_counter,51,125,ffdbd03922ca269c7a1e40c1340c244b598de6bcb0cdfb733c09141518a79e2a,41.26995849609375,0.2430608396199144,0.0005,0.0005,0.12618722021579742,0.36574655771255493,0.383633017539978,,,,,,
primary_seed1102_ckpt75_reset_mv_preserve_counter,primary,1102,75,reset_mv_preserve_counter,52,126,516c025372b1c592f012e9fe2ca7c5d0bbe51d4ee31aa8d91c2d6ed7fd7f6af1,41.31449890136719,0.24332316186828298,0.0005,0.0005,0.11836987733840942,0.3479153513908386,0.3644903898239136,,,,,,
primary_seed1102_ckpt75_reset_mv_preserve_counter,primary,1102,75,reset_mv_preserve_counter,53,127,dcfc8b822adfc1d3b2d70f8b9bce2fcf65a966702fcc943ba62cc748aea3509b,41.3559684753418,0.24356739835012733,0.0005,0.0005,0.11967413872480392,0.3793833255767822,0.39383605122566223,,,,,,
primary_seed1102_ckpt75_reset_mv_preserve_counter,primary,1102,75,reset_mv_preserve_counter,54,128,f772d6ea7649688215880aec0ad22e2c26ec584d3a465a5a10e6f586ec4b4fff,41.394161224365234,0.24379233585874896,0.0005,0.0005,0.11363034695386887,0.37275591492652893,0.3857520818710327,,,,,,
primary_seed1102_ckpt75_reset_mv_preserve_counter,primary,1102,75,reset_mv_preserve_counter,55,129,f6d5daf35e2996b3774905cc1b97cfb962f109bdc133aeba296b8bfff7356d0e,41.43110275268555,0.24400990426001662,0.0005,0.0005,0.11118390411138535,0.3623838424682617,0.3757312297821045,,,,,,
primary_seed1102_ckpt75_reset_mv_preserve_counter,primary,1102,75,reset_mv_preserve_counter,56,130,f9853883e8005f2636060f492ef5a3c8432912900afebd5020ebcee390f5efc7,41.46520233154297,0.24421073490220288,0.0005,0.0005,0.11537529528141022,0.34483668208122253,0.360953688621521,,,,,,
primary_seed1102_ckpt75_reset_mv_preserve_counter,primary,1102,75,reset_mv_preserve_counter,57,131,105dfe235eebd2dc724943a837755cfeb4f664b63d0e1a4463dc4e1e65dc4f1e,41.49702072143555,0.24439813040354258,0.0005,0.0005,0.12752345204353333,0.3233368396759033,0.3446475863456726,,,,,,
primary_seed1102_ckpt75_reset_mv_preserve_counter,primary,1102,75,reset_mv_preserve_counter,58,132,244904e5ed1d45b5507a9d8c90c3d28ce9e58949938260124d5159232f9dac81,41.527854919433594,0.24457972947287823,0.0005,0.0005,0.12007825821638107,0.30094870924949646,0.32123684883117676,,,,,,
primary_seed1102_ckpt75_reset_mv_preserve_counter,primary,1102,75,reset_mv_preserve_counter,59,133,ddc41bce1bb2f06ef84298a68edd275318fcdc325ebb2d9290aef353cea7cc29,41.556453704833984,0.2447481630028559,0.0005,0.0005,0.11662794649600983,0.31249698996543884,0.33128756284713745,,,,,,
primary_seed1102_ckpt75_reset_mv_preserve_counter,primary,1102,75,reset_mv_preserve_counter,60,134,4e417e774a60512e0d8186fc4761756b3198fbe3e2bac9a7d66d9ea82a14eeb3,41.583309173583984,0.24490632920947758,0.0005,0.0005,0.12468939274549484,0.29009172320365906,0.31390225887298584,,,,,,
primary_seed1102_ckpt75_reset_mv_preserve_counter,primary,1102,75,reset_mv_preserve_counter,61,135,4683763fde54d682464e7b72a8d4ada739670cbe1de502722c07617b8a856ad8,41.60794448852539,0.2450514197439041,0.0005,0.0005,0.12428011745214462,0.28732529282569885,0.3102116584777832,,,,,,
primary_seed1102_ckpt75_reset_mv_preserve_counter,primary,1102,75,reset_mv_preserve_counter,62,136,5caaf0af098cfc4224eea07e5e3074c199d0a271781df839c300caa64ccd4b15,41.63089370727539,0.24518657995683538,0.0005,0.0005,0.12502875924110413,0.28574949502944946,0.3089052736759186,,,,,,
primary_seed1102_ckpt75_reset_mv_preserve_counter,primary,1102,75,reset_mv_preserve_counter,63,137,05f118e1f061d2352184b69b685391be1e6fad772db0f678b05c7b3da915f358,41.65233612060547,0.24531286578743486,0.0005,0.0005,0.11650043725967407,0.27906161546707153,0.299652099609375,,,,,,
primary_seed1102_ckpt75_reset_mv_preserve_counter,primary,1102,75,reset_mv_preserve_counter,64,138,c0f04d4a432a549209686b3083eee6b781570142966a3ea031db11d7421bb2c0,41.67262268066406,0.24543234418044824,0.0005,0.0005,0.1105390191078186,0.27260541915893555,0.29100289940834045,,,,,,
primary_seed1102_ckpt75_reset_mv_preserve_counter,primary,1102,75,reset_mv_preserve_counter,65,139,03cad6e5f6fd1633e745290998de3103292f2875ade96f7742c046407297bcff,41.692161560058594,0.2455474190824818,0.0005,0.0005,0.11025093495845795,0.2604176104068756,0.2796463668346405,,,,,,
primary_seed1102_ckpt75_reset_mv_preserve_counter,primary,1102,75,reset_mv_preserve_counter,66,140,e33048f92250a34c729148116b9b7f82a5e9503f53c2b7540e5cbcb837edd386,41.71065139770508,0.2456563156170692,0.0005,0.0005,0.10805290937423706,0.25089597702026367,0.27036795020103455,,,,,,
primary_seed1102_ckpt75_reset_mv_preserve_counter,primary,1102,75,reset_mv_preserve_counter,67,141,764344caae0f36e1a91c034d16038c1cdbd5d9dafc2225a6c68e237643b3ddea,41.728126525878906,0.24575923598532684,0.0005,0.0005,0.10235773026943207,0.24470895528793335,0.2637130618095398,,,,,,
primary_seed1102_ckpt75_reset_mv_preserve_counter,primary,1102,75,reset_mv_preserve_counter,68,142,62049c877bc36b2531aa0c6f2496a97ace049dd420751d9dbd404435c477077a,41.7454833984375,0.2458614598830724,0.0005,0.0005,0.10735644400119781,0.2421720325946808,0.2628615200519562,,,,,,
primary_seed1102_ckpt75_reset_mv_preserve_counter,primary,1102,75,reset_mv_preserve_counter,69,143,1de023086af74070c4cf04be6b54bef554ed606e6504a8660ebd9d459e337e88,41.76274490356445,0.24596312211105012,0.0005,0.0005,0.11356198787689209,0.2279404252767563,0.25157612562179565,,,,,,
primary_seed1102_ckpt75_reset_mv_preserve_counter,primary,1102,75,reset_mv_preserve_counter,70,144,dcb79f83d99240bfff2ae31c7009fdb690559b6d49912e6a62f4a26288ecdd97,41.77848815917969,0.24605584255632393,0.0005,0.0005,0.10359949618577957,0.22540144622325897,0.2453196793794632,,,,,,
primary_seed1102_ckpt75_reset_mv_preserve_counter,primary,1102,75,reset_mv_preserve_counter,71,145,d499d8265376b33df333064c0af3801bd3c28dc935296fd07d8f0766509b03cc,41.7921142578125,0.24613609393275185,0.0005,0.0005,0.09687799215316772,0.23674170672893524,0.2532937824726105,,,,,,
primary_seed1102_ckpt75_reset_mv_preserve_counter,primary,1102,75,reset_mv_preserve_counter,72,146,6fa66de9fc1e8281e9051eb45de4af1788c3d0600476c6237e5c86f2c8da694a,41.804473876953125,0.24620888633466298,0.0005,0.0005,0.10200843960046768,0.2394505888223648,0.2579040825366974,,,,,,
primary_seed1102_ckpt75_reset_mv_preserve_counter,primary,1102,75,reset_mv_preserve_counter,73,147,10adc57de3d1916adde7c0856d7c3859bb4566ffc0a016ccd302254597c70c50,41.815677642822266,0.24627487129898795,0.0005,0.0005,0.10843843966722488,0.2374553233385086,0.2587404251098633,,,,,,
primary_seed1102_ckpt75_reset_mv_preserve_counter,primary,1102,75,reset_mv_preserve_counter,74,148,68c41a34a00df02ae7c5f6c9862d132cb1c86760bbff1b356adecc6a4710fb4e,41.826385498046875,0.2463379355805202,0.0005,0.0005,0.11353947222232819,0.2558853030204773,0.27859732508659363,,,,,,
primary_seed1102_ckpt75_reset_mv_preserve_counter,primary,1102,75,reset_mv_preserve_counter,75,149,8f87a5ee73673610e02dd4749cb2b6c0497e2c511e10e9625acaa44c526e2b55,41.8375244140625,0.24640353860940306,0.0005,0.0005,0.10630793124437332,0.23503971099853516,0.2558390498161316,,,,,,
primary_seed1102_ckpt75_reset_mv_preserve_counter,primary,1102,75,reset_mv_preserve_counter,76,150,b4a4224b1cfd8be55d8fb99c70b9d15a79736049b8f377d23ec9bbcb5b3495e8,41.848236083984375,0.24646662535772604,0.0005,0.0005,0.10610155761241913,0.21889419853687286,0.24051396548748016,,,,,,
primary_seed1102_ckpt75_reset_mv_preserve_counter,primary,1102,75,reset_mv_preserve_counter,77,151,f546fe66cc064bf62eeda51d22bec754954b3fe0ee86b7decd49b1a320a29a4b,41.858314514160156,0.24652598261879058,0.0005,0.0005,0.10502530634403229,0.2191338837146759,0.24051308631896973,,,,,,
primary_seed1102_ckpt75_reset_mv_preserve_counter,primary,1102,75,reset_mv_preserve_counter,78,152,dd0bfff3c174e016db1e54109c48d263e2b516060ffc00b1ed963c85e3c97a31,41.867740631103516,0.24658149805864316,0.0005,0.0005,0.11040269583463669,0.23198702931404114,0.25494006276130676,,,,,,
primary_seed1102_ckpt75_reset_mv_preserve_counter,primary,1102,75,reset_mv_preserve_counter,79,153,295e6f7d7e8713a5e59295a73bebb24965a5ac19deefd3889d7bd2847d47754a,41.87779235839844,0.24664069805217273,0.0005,0.0005,0.11444681882858276,0.2563193440437317,0.2784199118614197,,,,,,
primary_seed1102_ckpt75_reset_mv_preserve_counter,primary,1102,75,reset_mv_preserve_counter,80,154,14770be559b9101dbc9fe2429457f1ab71632694bc4989ee8dd39208f592dc97,41.88786697387695,0.24670003284644657,0.0005,0.0005,0.10995159298181534,0.27177321910858154,0.29065176844596863,,,,,,
primary_seed1102_ckpt75_reset_mv_preserve_counter,primary,1102,75,reset_mv_preserve_counter,81,155,a0f3d6729f5101afd133bf529c42b1a830cb64359f30d320d9e71ea6ef802a6e,41.89754867553711,0.24675705356127695,0.0005,0.0005,0.10325957089662552,0.2544839680194855,0.27279138565063477,,,,,,
primary_seed1102_ckpt75_reset_mv_preserve_counter,primary,1102,75,reset_mv_preserve_counter,82,156,25d04e8a9c9462ab33d4aba51e245108289aa36af0cce330969908a9be60c329,41.9065055847168,0.2468098055858718,0.0005,0.0005,0.1058056503534317,0.23819071054458618,0.2584223449230194,,,,,,
primary_seed1102_ckpt75_reset_mv_preserve_counter,primary,1102,75,reset_mv_preserve_counter,83,157,cbe0478d5839d87c6b918590635f422d7256aef6ad6291b4db90b81a0dc29efd,41.914676666259766,0.2468579294515797,0.0005,0.0005,0.10557471960783005,0.2552076578140259,0.27392998337745667,,,,,,
primary_seed1102_ckpt75_reset_mv_preserve_counter,primary,1102,75,reset_mv_preserve_counter,84,158,3ff7f2bf909f8a583199b20b8ba7462341ad020a5fb997d788102d3814080f81,41.92247009277344,0.246903829105007,0.0005,0.0005,0.10099951922893524,0.2387659102678299,0.25660136342048645,,,,,,
primary_seed1102_ckpt75_reset_mv_preserve_counter,primary,1102,75,reset_mv_preserve_counter,85,159,dd0b471976cab6a2596c1f513655a8b2235104d0886f9e1065cd3e624bb30277,41.930782318115234,0.24695278424197128,0.0005,0.0005,0.10592323541641235,0.23766334354877472,0.25669020414352417,,,,,,
primary_seed1102_ckpt75_reset_mv_preserve_counter,primary,1102,75,reset_mv_preserve_counter,86,160,f27095cb19522293ae41664c65a203216767124d30c3e0e0968a0cc9af3094a4,41.93830490112305,0.24699708875325793,0.0005,0.0005,0.11258284002542496,0.2303251028060913,0.25273749232292175,,,,,,
primary_seed1102_ckpt75_reset_mv_preserve_counter,primary,1102,75,reset_mv_preserve_counter,87,161,57217e87953450d8d3e52e4c5442d256f333c033fa26794191ba09db3cbbf356,41.94602966308594,0.24704258400445236,0.0005,0.0005,0.11922340095043182,0.22132301330566406,0.24823299050331116,,,,,,
primary_seed1102_ckpt75_reset_mv_preserve_counter,primary,1102,75,reset_mv_preserve_counter,88,162,2f52ce62f2987013b4bea3c5271ff935f8259efd191d135d02ddcdc26f9bf8d0,41.95383834838867,0.24708857352504252,0.0005,0.0005,0.10895959287881851,0.23203983902931213,0.2535913288593292,,,,,,
primary_seed1102_ckpt75_reset_mv_preserve_counter,primary,1102,75,reset_mv_preserve_counter,89,163,e0b85f7d78c6ce8de2fe18845b5a73f6937d45695c2a9975bf247332945760cc,41.96173858642578,0.24713510224860977,0.0005,0.0005,0.11008816212415695,0.23115818202495575,0.2531410753726959,,,,,,
primary_seed1102_ckpt75_reset_mv_preserve_counter,primary,1102,75,reset_mv_preserve_counter,90,164,c121717710ebf2dca77da56ef52fde56bc225ba1a696366b27449e029cea7407,41.969207763671875,0.24717909222482642,0.0005,0.0005,0.10891607403755188,0.22830240428447723,0.25063687562942505,,,,,,
primary_seed1102_ckpt75_reset_mv_preserve_counter,primary,1102,75,reset_mv_preserve_counter,91,165,3dc5998821ad030ea888a6414b7b8d0fe7d0fbdf40506599e0f8c348ee57693c,41.976871490478516,0.24722422800736946,0.0005,0.0005,0.1112021803855896,0.2394072264432907,0.2616463601589203,,,,,,
primary_seed1102_ckpt75_reset_mv_preserve_counter,primary,1102,75,reset_mv_preserve_counter,92,166,0b5c40c2b2e6152338f41b38f3bdabdd8e6f819aa403ba83e90b11322e55eee9,41.98505783081055,0.2472724417402402,0.0005,0.0005,0.10534388571977615,0.2312222421169281,0.2520953416824341,,,,,,
primary_seed1102_ckpt75_reset_mv_preserve_counter,primary,1102,75,reset_mv_preserve_counter,93,167,ce69f58120d0a9bbb7ace56a98259e9328e120cd7d8e08129c98ea582aca0dac,41.993648529052734,0.24732303695292657,0.0005,0.0005,0.1033034697175026,0.22777579724788666,0.24811743199825287,,,,,,
primary_seed1102_ckpt75_reset_mv_preserve_counter,primary,1102,75,reset_mv_preserve_counter,94,168,835e8de423bb3d62f226ca84ff2a1b01671a244922be9254cee982f30ac87a1e,42.003013610839844,0.24737819292412774,0.0005,0.0005,0.09425751864910126,0.2257070392370224,0.2421586513519287,,,,,,
primary_seed1102_ckpt75_reset_mv_preserve_counter,primary,1102,75,reset_mv_preserve_counter,95,169,25b07c46b77801722c2dcdf9cde0692818cf36979ce53065652c62fb393444b5,42.01188278198242,0.2474304282125362,0.0005,0.0005,0.09572678059339523,0.21722105145454407,0.23548968136310577,,,,,,
primary_seed1102_ckpt75_reset_mv_preserve_counter,primary,1102,75,reset_mv_preserve_counter,96,170,7d623ce1e59740cfca1a2f20ec1e93732c22f7aaacffb7ea2a236536a5bb88b4,42.02003479003906,0.2474784397442905,0.0005,0.0005,0.0903550311923027,0.22200258076190948,0.23796038329601288,,,,,,
primary_seed1102_ckpt75_reset_mv_preserve_counter,primary,1102,75,reset_mv_preserve_counter,97,171,79450af4d745ab1fc2c6be604cbaa9ae7c6708ce8936de20452d803e5a56352e,42.027950286865234,0.24752505833502064,0.0005,0.0005,0.08541844040155411,0.21855297684669495,0.23301830887794495,,,,,,
primary_seed1102_ckpt75_reset_mv_preserve_counter,primary,1102,75,reset_mv_preserve_counter,98,172,c8f5a147f5f78b22ed50cea2decd5058b12c2c2c69f21711a10451af16a2a4ef,42.035430908203125,0.24756911571160944,0.0005,0.0005,0.09423089772462845,0.21013830602169037,0.22811320424079895,,,,,,
primary_seed1102_ckpt75_reset_mv_preserve_counter,primary,1102,75,reset_mv_preserve_counter,99,173,e70e31245bd7b254ba890f5f212068548c7ae204e979f9f88b7bc7d0b010aeb3,42.042381286621094,0.24761005020428908,0.0005,0.0005,0.10808960348367691,0.22156602144241333,0.24285981059074402,,,,,,
primary_seed1102_ckpt75_reset_mv_preserve_counter,primary,1102,75,reset_mv_preserve_counter,100,174,ad265c8b1983ca4f7195fd7364db2cebb1dc33972111e63090b2acc43ec8e21b,42.04988479614258,0.24765424238162215,0.0005,0.0005,0.09842205047607422,0.21733403205871582,0.23572902381420135,,,,3.104959011077881,3.8200484911600747,0.7150894800821939
primary_seed1102_ckpt150_reset_mv_preserve_counter,primary,1102,150,reset_mv_preserve_counter,1,150,b4a4224b1cfd8be55d8fb99c70b9d15a79736049b8f377d23ec9bbcb5b3495e8,2.0259227752685547,0.011929755256982614,0.0005,0.0005,0.10610155761241913,2.0490405559539795,2.0259227752685547,19.094185050986727,19.312068569432842,0.242544487118721,3.0125929514567056,10.287762959798178,7.2751700083414725
primary_seed1102_ckpt150_reset_mv_preserve_counter,primary,1102,150,reset_mv_preserve_counter,2,151,f546fe66cc064bf62eeda51d22bec754954b3fe0ee86b7decd49b1a320a29a4b,3.253303050994873,0.019157250043757908,0.0005,0.0005,0.10502530634403229,2.08992600440979,2.079575538635254,,,,,,
primary_seed1102_ckpt150_reset_mv_preserve_counter,primary,1102,150,reset_mv_preserve_counter,3,152,dd0bfff3c174e016db1e54109c48d263e2b516060ffc00b1ed963c85e3c97a31,4.526030540466309,0.026651774338355198,0.0005,0.0005,0.11040269583463669,2.071859359741211,2.062682867050171,,,,,,
primary_seed1102_ckpt150_reset_mv_preserve_counter,primary,1102,150,reset_mv_preserve_counter,4,153,295e6f7d7e8713a5e59295a73bebb24965a5ac19deefd3889d7bd2847d47754a,5.888798713684082,0.034676508043389065,0.0005,0.0005,0.11444681882858276,2.043351411819458,2.0341882705688477,,,,,,
primary_seed1102_ckpt150_reset_mv_preserve_counter,primary,1102,150,reset_mv_preserve_counter,5,154,14770be559b9101dbc9fe2429457f1ab71632694bc4989ee8dd39208f592dc97,7.209578514099121,0.042453990956196085,0.0005,0.0005,0.10995159298181534,2.0167181491851807,2.011641025543213,,,,,,
primary_seed1102_ckpt150_reset_mv_preserve_counter,primary,1102,150,reset_mv_preserve_counter,6,155,a0f3d6729f5101afd133bf529c42b1a830cb64359f30d320d9e71ea6ef802a6e,8.521979331970215,0.050182133779503126,0.0005,0.0005,0.10325957089662552,1.987654685974121,1.9860789775848389,,,,,,
primary_seed1102_ckpt150_reset_mv_preserve_counter,primary,1102,150,reset_mv_preserve_counter,7,156,25d04e8a9c9462ab33d4aba51e245108289aa36af0cce330969908a9be60c329,9.823497772216797,0.05784619513669541,0.0005,0.0005,0.1058056503534317,1.901819109916687,1.9004524946212769,,,,,,
primary_seed1102_ckpt150_reset_mv_preserve_counter,primary,1102,150,reset_mv_preserve_counter,8,157,cbe0478d5839d87c6b918590635f422d7256aef6ad6291b4db90b81a0dc29efd,11.005818367004395,0.06480835356804847,0.0005,0.0005,0.10557471960783005,1.9069651365280151,1.9065021276474,,,,,,
primary_seed1102_ckpt150_reset_mv_preserve_counter,primary,1102,150,reset_mv_preserve_counter,9,158,3ff7f2bf909f8a583199b20b8ba7462341ad020a5fb997d788102d3814080f81,12.113619804382324,0.07133170193185782,0.0005,0.0005,0.10099951922893524,1.8455498218536377,1.844284176826477,,,,,,
primary_seed1102_ckpt150_reset_mv_preserve_counter,primary,1102,150,reset_mv_preserve_counter,10,159,dd0b471976cab6a2596c1f513655a8b2235104d0886f9e1065cd3e624bb30277,13.178757667541504,0.07760382354357624,0.0005,0.0005,0.10592323541641235,1.7738581895828247,1.77325439453125,,,,,,
primary_seed1102_ckpt150_reset_mv_preserve_counter,primary,1102,150,reset_mv_preserve_counter,11,160,f27095cb19522293ae41664c65a203216767124d30c3e0e0968a0cc9af3094a4,14.18090534210205,0.08350502404085423,0.0005,0.0005,0.11258284002542496,1.689289927482605,1.6877373456954956,,,,,,
primary_seed1102_ckpt150_reset_mv_preserve_counter,primary,1102,150,reset_mv_preserve_counter,12,161,57217e87953450d8d3e52e4c5442d256f333c033fa26794191ba09db3cbbf356,15.100434303283691,0.08891971979950687,0.0005,0.0005,0.11922340095043182,1.6659849882125854,1.664474368095398,,,,,,
primary_seed1102_ckpt150_reset_mv_preserve_counter,primary,1102,150,reset_mv_preserve_counter,13,162,2f52ce62f2987013b4bea3c5271ff935f8259efd191d135d02ddcdc26f9bf8d0,15.965869903564453,0.09401588389226738,0.0005,0.0005,0.10895959287881851,1.6236644983291626,1.622693419456482,,,,,,
primary_seed1102_ckpt150_reset_mv_preserve_counter,primary,1102,150,reset_mv_preserve_counter,14,163,e0b85f7d78c6ce8de2fe18845b5a73f6937d45695c2a9975bf247332945760cc,16.803125381469727,0.0989461078183269,0.0005,0.0005,0.11008816212415695,1.604838490486145,1.6036959886550903,,,,,,
primary_seed1102_ckpt150_reset_mv_preserve_counter,primary,1102,150,reset_mv_preserve_counter,15,164,c121717710ebf2dca77da56ef52fde56bc225ba1a696366b27449e029cea7407,17.604446411132812,0.103664729812636,0.0005,0.0005,0.10891607403755188,1.5482510328292847,1.547257900238037,,,,,,
primary_seed1102_ckpt150_reset_mv_preserve_counter,primary,1102,150,reset_mv_preserve_counter,16,165,3dc5998821ad030ea888a6414b7b8d0fe7d0fbdf40506599e0f8c348ee57693c,18.37151527404785,0.1081816560802798,0.0005,0.0005,0.1112021803855896,1.4792729616165161,1.4794875383377075,,,,,,
primary_seed1102_ckpt150_reset_mv_preserve_counter,primary,1102,150,reset_mv_preserve_counter,17,166,0b5c40c2b2e6152338f41b38f3bdabdd8e6f819aa403ba83e90b11322e55eee9,19.105674743652344,0.11250479361488634,0.0005,0.0005,0.10534388571977615,1.4482003450393677,1.4485036134719849,,,,,,
primary_seed1102_ckpt150_reset_mv_preserve_counter,primary,1102,150,reset_mv_preserve_counter,18,167,ce69f58120d0a9bbb7ace56a98259e9328e120cd7d8e08129c98ea582aca0dac,19.79496192932129,0.11656369829140582,0.0005,0.0005,0.1033034697175026,1.443503975868225,1.4446429014205933,,,,,,
primary_seed1102_ckpt150_reset_mv_preserve_counter,primary,1102,150,reset_mv_preserve_counter,19,168,835e8de423bb3d62f226ca84ff2a1b01671a244922be9254cee982f30ac87a1e,20.456029891967773,0.12045643255496098,0.0005,0.0005,0.09425751864910126,1.4299023151397705,1.430336356163025,,,,,,
primary_seed1102_ckpt150_reset_mv_preserve_counter,primary,1102,150,reset_mv_preserve_counter,20,169,25b07c46b77801722c2dcdf9cde0692818cf36979ce53065652c62fb393444b5,21.09654426574707,0.12422813590468694,0.0005,0.0005,0.09572678059339523,1.3692573308944702,1.36993408203125,,,,3.008192698160807,9.465444246927897,6.45725154876709
primary_seed1102_ckpt150_reset_mv_preserve_counter,primary,1102,150,reset_mv_preserve_counter,21,170,7d623ce1e59740cfca1a2f20ec1e93732c22f7aaacffb7ea2a236536a5bb88b4,21.709087371826172,0.12783512893970375,0.0005,0.0005,0.0903550311923027,1.3386017084121704,1.3389958143234253,,,,,,
primary_seed1102_ckpt150_reset_mv_preserve_counter,primary,1102,150,reset_mv_preserve_counter,22,171,79450af4d745ab1fc2c6be604cbaa9ae7c6708ce8936de20452d803e5a56352e,22.270174026489258,0.131139117892196,0.0005,0.0005,0.08541844040155411,1.3371249437332153,1.3381211757659912,,,,,,
primary_seed1102_ckpt150_reset_mv_preserve_counter,primary,1102,150,reset_mv_preserve_counter,23,172,c8f5a147f5f78b22ed50cea2decd5058b12c2c2c69f21711a10451af16a2a4ef,22.808340072631836,0.13430813760828458,0.0005,0.0005,0.09423089772462845,1.280517578125,1.282114863395691,,,,,,
primary_seed1102_ckpt150_reset_mv_preserve_counter,primary,1102,150,reset_mv_preserve_counter,24,173,e70e31245bd7b254ba890f5f212068548c7ae204e979f9f88b7bc7d0b010aeb3,23.33522605895996,0.13741073408528762,0.0005,0.0005,0.10808960348367691,1.1978188753128052,1.2011243104934692,,,,,,
primary_seed1102_ckpt150_reset_mv_preserve_counter,primary,1102,150,reset_mv_preserve_counter,25,174,ad265c8b1983ca4f7195fd7364db2cebb1dc33972111e63090b2acc43ec8e21b,23.846315383911133,0.14042031107191077,0.0005,0.0005,0.09842205047607422,1.1301357746124268,1.1324429512023926,,,,,,
primary_seed1102_ckpt150_reset_mv_preserve_counter,primary,1102,150,reset_mv_preserve_counter,26,175,cc16991a79a56036145fd3a52271e86aa111b0ca8df9d0946a75934e30523fb0,24.33515167236328,0.1432988498558942,0.0005,0.0005,0.09755950421094894,1.0527031421661377,1.0550718307495117,,,,,,
primary_seed1102_ckpt150_reset_mv_preserve_counter,primary,1102,150,reset_mv_preserve_counter,27,176,3ecd170e7dc9c40fd2e062b4c13ef8816d2b172304aaab11944b604ab6910cf4,24.800308227539062,0.14603794925650812,0.0005,0.0005,0.10147655755281448,0.9742770791053772,0.9774070978164673,,,,,,
primary_seed1102_ckpt150_reset_mv_preserve_counter,primary,1102,150,reset_mv_preserve_counter,28,177,fc13ca271f687fa696c7101c22deed5f5c3d4357be9ac1da968c26b958960c67,25.23391342163086,0.14859125676991317,0.0005,0.0005,0.09714625775814056,0.8971923589706421,0.9000020027160645,,,,,,
primary_seed1102_ckpt150_reset_mv_preserve_counter,primary,1102,150,reset_mv_preserve_counter,29,178,ad6d57e87fb0c7b93f575ce4402bd1edc683ba204ef19da938688cfebe7ad7bd,25.64289093017578,0.1509995428320039,0.0005,0.0005,0.09356805682182312,0.8689771294593811,0.8716250061988831,,,,,,
primary_seed1102_ckpt150_reset_mv_preserve_counter,primary,1102,150,reset_mv_preserve_counter,30,179,16ab2ab5de18563d69ab94764f594ff217d631c94686847fafcd747560d52d57,26.023305892944336,0.15323963680662314,0.0005,0.0005,0.09866618365049362,0.8586900234222412,0.8621848225593567,,,,,,
primary_seed1102_ckpt150_reset_mv_preserve_counter,primary,1102,150,reset_mv_preserve_counter,31,180,005e8274d87e6d75298ebc02eca3bbdba327d6e122684c95f779c065c0f126f5,26.380983352661133,0.15534583977124258,0.0005,0.0005,0.09912814944982529,0.8050504326820374,0.8089089393615723,,,,,,
primary_seed1102_ckpt150_reset_mv_preserve_counter,primary,1102,150,reset_mv_preserve_counter,32,181,853b105cb50da8bac5c0bbb39904fa90202052e8ef5d4de035ffcb0724ee370a,26.71232795715332,0.1572969803011621,0.0005,0.0005,0.09504567086696625,0.7811633348464966,0.7840281128883362,,,,,,
primary_seed1102_ckpt150_reset_mv_preserve_counter,primary,1102,150,reset_mv_preserve_counter,33,182,006981153191b0f0d577531f0625eb65cb39e99c4ea82924e6788a102652ba49,27.02227020263672,0.15912209188860965,0.0005,0.0005,0.09404656291007996,0.7337238788604736,0.7372986078262329,,,,,,
primary_seed1102_ckpt150_reset_mv_preserve_counter,primary,1102,150,reset_mv_preserve_counter,34,183,49988ace62a377e34c91a88226b2df7fb5e5bb77ce58100ff8a3bf4f83d8f11a,27.308292388916016,0.1608063489205327,0.0005,0.0005,0.09659658372402191,0.6992554068565369,0.7037059664726257,,,,,,
primary_seed1102_ckpt150_reset_mv_preserve_counter,primary,1102,150,reset_mv_preserve_counter,35,184,95be62807af80153a650c939a88316523e9cf6ea4a4da28d8883e7d535fea9a9,27.576032638549805,0.16238295178494894,0.0005,0.0005,0.09346402436494827,0.6569824814796448,0.6622702479362488,,,,,,
primary_seed1102_ckpt150_reset_mv_preserve_counter,primary,1102,150,reset_mv_preserve_counter,36,185,db84c9b83adc2d9bf22b9b7a04376ed69b462b10726200a6d64db372659119f3,27.825803756713867,0.16385374245196496,0.0005,0.0005,0.09343398362398148,0.6381301283836365,0.6436213850975037,,,,,,
primary_seed1102_ckpt150_reset_mv_preserve_counter,primary,1102,150,reset_mv_preserve_counter,37,186,96c1fceaeb538f1b2f4e58494af66898394bb33e7e1bc68095a0a3621e8c2d6a,28.05958366394043,0.165230368013047,0.0005,0.0005,0.0972292348742485,0.6107979416847229,0.616506040096283,,,,,,
primary_seed1102_ckpt150_reset_mv_preserve_counter,primary,1102,150,reset_mv_preserve_counter,38,187,4e5ce07da52b89fb0b389d6c30348ff735c184afd1ebd6b3317991a2a476be2a,28.275545120239258,0.16650206866720696,0.0005,0.0005,0.09911251813173294,0.6107499599456787,0.6161185503005981,,,,,,
primary_seed1102_ckpt150_reset_mv_preserve_counter,primary,1102,150,reset_mv_preserve_counter,39,188,da7e4ccc9b3a104cc89751d0d41af85f5bd2db40718b142342439af5b0136a35,28.476673126220703,0.16768642175113213,0.0005,0.0005,0.09497444331645966,0.5883110165596008,0.5931907296180725,,,,,,
primary_seed1102_ckpt150_reset_mv_preserve_counter,primary,1102,150,reset_mv_preserve_counter,40,189,1501fcd44f9cfc2433e75cf5829e61777115b87136dd912e547a03199ae8a42d,28.66523551940918,0.1687967815480949,0.0005,0.0005,0.0948176309466362,0.5504251718521118,0.5565062165260315,,,,,,
primary_seed1102_ckpt150_reset_mv_preserve_counter,primary,1102,150,reset_mv_preserve_counter,41,190,1d82d76924221d3399c36af39c6243f2a38708f2fb5e4cb143b4e3c9ae863a7f,28.842227935791016,0.16983901091416606,0.0005,0.0005,0.10118207335472107,0.5129819512367249,0.5200244784355164,,,,,,
primary_seed1102_ckpt150_reset_mv_preserve_counter,primary,1102,150,reset_mv_preserve_counter,42,191,da78f957b6a6f85b9bcda7679beb6666bbc1d3cbb2ab85da9b61894cc7a90a32,29.00597381591797,0.1708032373388356,0.0005,0.0005,0.098229318857193,0.5079115033149719,0.5144311785697937,,,,,,
primary_seed1102_ckpt150_reset_mv_preserve_counter,primary,1102,150,reset_mv_preserve_counter,43,192,d37b0a3151057a640501ac5c9288dc80de14f268062ab1836b94093bf8a035ae,29.156858444213867,0.17169172959016155,0.0005,0.0005,0.09674585610628128,0.5103550553321838,0.5177648067474365,,,,,,
primary_seed1102_ckpt150_reset_mv_preserve_counter,primary,1102,150,reset_mv_preserve_counter,44,193,a447d264334873f9a51c643f6175a54bd0dc8657b513ae91ae722e5c08b1419e,29.29552459716797,0.17250827269208233,0.0005,0.0005,0.10410008579492569,0.48338523507118225,0.4918462634086609,,,,,,
primary_seed1102_ckpt150_reset_mv_preserve_counter,primary,1102,150,reset_mv_preserve_counter,45,194,13c6c3c766f8d74919abe5a12acfef290b06cc605b7b176916a9286e4c398f52,29.425249099731445,0.17327216240461638,0.0005,0.0005,0.10428983718156815,0.5305640697479248,0.5377324223518372,,,,,,
primary_seed1102_ckpt150_reset_mv_preserve_counter,primary,1102,150,reset_mv_preserve_counter,46,195,8405749a188156a92372fe4f07ea9e5d549b8b2c256d91655010ed5073c618f1,29.547752380371094,0.17399352956334962,0.0005,0.0005,0.10848234593868256,0.48975253105163574,0.49938079714775085,,,,,,
primary_seed1102_ckpt150_reset_mv_preserve_counter,primary,1102,150,reset_mv_preserve_counter,47,196,69a988d3ef58f08214ae26c0b161351240ff3ba0a0863701c0881913a8ad00d6,29.661169052124023,0.17466138973679313,0.0005,0.0005,0.10334031283855438,0.4845469295978546,0.4934716522693634,,,,,,
primary_seed1102_ckpt150_reset_mv_preserve_counter,primary,1102,150,reset_mv_preserve_counter,48,197,9589d3113c7b74884f7e8babd5acc523241d42163408ced24059706d0192ce2f,29.767885208129883,0.1752897935627717,0.0005,0.0005,0.09129660576581955,0.4615882635116577,0.46819373965263367,,,,,,
primary_seed1102_ckpt150_reset_mv_preserve_counter,primary,1102,150,reset_mv_preserve_counter,49,198,3d02d8e1507072c52ced65b13496a8c361c100222befbce8a6b6304feb4ef669,29.869474411010742,0.17588800704944318,0.0005,0.0005,0.09439607709646225,0.4248672425746918,0.4321293830871582,,,,,,
primary_seed1102_ckpt150_reset_mv_preserve_counter,primary,1102,150,reset_mv_preserve_counter,50,199,23779f1f33addea5c25f1e426365b0ee651d64642e8cf10d5cfbb58726a6f18c,29.9656982421875,0.17645462625617767,0.00025,0.00025,0.09990821778774261,0.41905343532562256,0.4265977442264557,,,,,,
primary_seed1102_ckpt150_reset_mv_preserve_counter,primary,1102,150,reset_mv_preserve_counter,51,200,7b79c2348dc67d87dec072c88003a4ef748f5ab64562fbb76ac631e0b961d153,30.010334014892578,0.17671746640515978,0.00025,0.00025,0.0476846843957901,0.21543125808238983,0.21879085898399353,,,,,,
primary_seed1102_ckpt150_reset_mv_preserve_counter,primary,1102,150,reset_mv_preserve_counter,52,201,c024d2bd196155ec75f0395d8b7eeba1869bc2c156279c6d662a034dec090e38,30.0513973236084,0.17695926990774233,0.00025,0.00025,0.04688475281000137,0.21794170141220093,0.221547931432724,,,,,,
primary_seed1102_ckpt150_reset_mv_preserve_counter,primary,1102,150,reset_mv_preserve_counter,53,202,c43e565431dea5465ea02aa9791884f832182c89b94c8424d40eae4a20465011,30.089731216430664,0.17718500109799284,0.00025,0.00025,0.04605703800916672,0.2103177160024643,0.21384748816490173,,,,,,
primary_seed1102_ckpt150_reset_mv_preserve_counter,primary,1102,150,reset_mv_preserve_counter,54,203,1845649788977f7ea028ac1da9bed3609c362b1b435bf3ae54144787c6f8c348,30.12489891052246,0.17739208795667727,0.00025,0.00025,0.047245968133211136,0.2075810730457306,0.2118075042963028,,,,,,
primary_seed1102_ckpt150_reset_mv_preserve_counter,primary,1102,150,reset_mv_preserve_counter,55,204,2e9f37f3535ce1b7080c24cd55e17f30d47a8bac757da3755334076152664a5b,30.157760620117188,0.1775855959015885,0.00025,0.00025,0.048770152032375336,0.20721706748008728,0.2113422006368637,,,,,,
primary_seed1102_ckpt150_reset_mv_preserve_counter,primary,1102,150,reset_mv_preserve_counter,56,205,771da7f0d5906069d954193bec42610bdf00433baedd73b979e952c3f080e10b,30.18825912475586,0.1777651879869754,0.00025,0.00025,0.048656437546014786,0.20128560066223145,0.2055152803659439,,,,,,
primary_seed1102_ckpt150_reset_mv_preserve_counter,primary,1102,150,reset_mv_preserve_counter,57,206,fbf8dd8e07b9fc424ded0a1f32ea463ddee990148167d8c0b497bf75e34527fb,30.21691131591797,0.17793390795612377,0.00025,0.00025,0.04612666741013527,0.2062336653470993,0.20936669409275055,,,,,,
primary_seed1102_ckpt150_reset_mv_preserve_counter,primary,1102,150,reset_mv_preserve_counter,58,207,584ac66ee095a9f940eb2fe7badc3f6a440ddc04b51b11f2a9c087febf0d3341,30.242944717407227,0.17808720704139241,0.00025,0.00025,0.04431455209851265,0.1860104650259018,0.18902687728405,,,,,,
primary_seed1102_ckpt150_reset_mv_preserve_counter,primary,1102,150,reset_mv_preserve_counter,59,208,e8f961d8310dbc3defdcd200db677eff0c6be9f0f56f28ebae027a9846a8fb81,30.266210556030273,0.17822420918382828,0.00025,0.00025,0.043115850538015366,0.1931222379207611,0.1959630250930786,,,,,,
primary_seed1102_ckpt150_reset_mv_preserve_counter,primary,1102,150,reset_mv_preserve_counter,60,209,dccb5e4bda8c5989725ce7d1f8b0a46781550be6b9b3926a84cd083c367adfc5,30.28761100769043,0.1783502268947752,0.00025,0.00025,0.04414786398410797,0.2016477733850479,0.20468682050704956,,,,,,
primary_seed1102_ckpt150_reset_mv_preserve_counter,primary,1102,150,reset_mv_preserve_counter,61,210,c0007946318ce186b1622c1708c7210544844dd5eb8db441f1245e681709f673,30.307382583618164,0.1784666528833381,0.00025,0.00025,0.04307277128100395,0.18849526345729828,0.19171378016471863,,,,,,
primary_seed1102_ckpt150_reset_mv_preserve_counter,primary,1102,150,reset_mv_preserve_counter,62,211,007bcba5245a359b99ef576459c328272c764b7dbebb363181435041fe4d8a84,30.325407028198242,0.1785727907949645,0.00025,0.00025,0.04339173808693886,0.18449410796165466,0.18769729137420654,,,,,,
primary_seed1102_ckpt150_reset_mv_preserve_counter,primary,1102,150,reset_mv_preserve_counter,63,212,73a2821eb65ebd86ff286517cd3a3954d6032ad5930835acc2d36def1a9fd6d7,30.342254638671875,0.17867199885564133,0.00025,0.00025,0.041620101779699326,0.17711442708969116,0.18027108907699585,,,,,,
primary_seed1102_ckpt150_reset_mv_preserve_counter,primary,1102,150,reset_mv_preserve_counter,64,213,7aa38ac2b05712cd325e479e85f48ecddeb42fb7b26ba3d14c7fd2448e959597,30.357177734375,0.17875987430755297,0.00025,0.00025,0.042976997792720795,0.1805558204650879,0.18407469987869263,,,,,,
primary_seed1102_ckpt150_reset_mv_preserve_counter,primary,1102,150,reset_mv_preserve_counter,65,214,6e07f158b7c1278b49aca4ccc0fedd9f563c5b1901470a5f085b37989549a985,30.37110710144043,0.17884189813491885,0.00025,0.00025,0.04372570291161537,0.1811138391494751,0.18456460535526276,,,,,,
primary_seed1102_ckpt150_reset_mv_preserve_counter,primary,1102,150,reset_mv_preserve_counter,66,215,44abfaeb2cdb46fc711371e7719ebbeee8bbc56eb5b14cbb34cdcb18e80ab924,30.384960174560547,0.17892347270128314,0.00025,0.00025,0.044002749025821686,0.1775284707546234,0.18076694011688232,,,,,,
primary_seed1102_ckpt150_reset_mv_preserve_counter,primary,1102,150,reset_mv_preserve_counter,67,216,25b172b0a12e31520b9bbaeae7b3a75f0db425f287ce7ee37ae0ed2a74c95ba0,30.39870834350586,0.17900442953377027,0.00025,0.00025,0.049739375710487366,0.17913752794265747,0.18328271806240082,,,,,,
primary_seed1102_ckpt150_reset_mv_preserve_counter,primary,1102,150,reset_mv_preserve_counter,68,217,b47b486b6e77f07b776655c97dcbf8ac1831c7bc1955c91ee830a4b95295bdf0,30.411941528320312,0.1790823538544966,0.00025,0.00025,0.05333776772022247,0.17031268775463104,0.1756635308265686,,,,,,
primary_seed1102_ckpt150_reset_mv_preserve_counter,primary,1102,150,reset_mv_preserve_counter,69,218,6c5d146c78c8e1bbabdeed7040fa9837919792583155be3987d89cc3910f6aea,30.424184799194336,0.1791544490137273,0.00025,0.00025,0.04835665598511696,0.16425475478172302,0.16886861622333527,,,,,,
primary_seed1102_ckpt150_reset_mv_preserve_counter,primary,1102,150,reset_mv_preserve_counter,70,219,88c367d5ca062e8cdd89e6419f09a815262cde9e002fa7932600c7fe9a9e1e98,30.435630798339844,0.17922184939549132,0.00025,0.00025,0.046848561614751816,0.16742783784866333,0.17164911329746246,,,,,,
primary_seed1102_ckpt150_reset_mv_preserve_counter,primary,1102,150,reset_mv_preserve_counter,71,220,d237f83ba3331795add8defa027ddac85dc6b9d1f96f6df52044d9f69373a1d6,30.44580841064453,0.17928178081310386,0.00025,0.00025,0.04439440369606018,0.1584683358669281,0.16220492124557495,,,,,,
primary_seed1102_ckpt150_reset_mv_preserve_counter,primary,1102,150,reset_mv_preserve_counter,72,221,f1f6a1313b832031245ed3f8ddf479e0e1ae7eeaa1302f0e63ec6b15b6da36b6,30.454557418823242,0.17933329981846158,0.00025,0.00025,0.04448861628770828,0.16485831141471863,0.16815854609012604,,,,,,
primary_seed1102_ckpt150_reset_mv_preserve_counter,primary,1102,150,reset_mv_preserve_counter,73,222,8c04243d3fa0d7e1e2fa114c771e2006653c9c445b2324d1dc09d97dd0bfc620,30.462839126586914,0.1793820671001845,0.00025,0.00025,0.044033847749233246,0.17123593389987946,0.17475487291812897,,,,,,
primary_seed1102_ckpt150_reset_mv_preserve_counter,primary,1102,150,reset_mv_preserve_counter,74,223,48dab6d7826e0ab761d55be0bbdfdfe2f70539556bb5e7d724cfd3a853aff930,30.470308303833008,0.1794260497522405,0.00025,0.00025,0.046616438776254654,0.18024644255638123,0.18395556509494781,,,,,,
primary_seed1102_ckpt150_reset_mv_preserve_counter,primary,1102,150,reset_mv_preserve_counter,75,224,5bede04f362735bf8948818aa33cb258cffd81fb494640820e17b5670b1f1e4c,30.47707176208496,0.17946587674003173,0.00025,0.00025,0.047583431005477905,0.1674041748046875,0.17193272709846497,,,,,,
primary_seed1102_ckpt150_reset_mv_preserve_counter,primary,1102,150,reset_mv_preserve_counter,76,225,5da6c19fb490e825203d40afb2609c714d5341cd53ed96aeb6d246dcfd3352d0,30.483619689941406,0.17950443456549348,0.00025,0.00025,0.04379429295659065,0.16002947092056274,0.16437962651252747,,,,,,
primary_seed1102_ckpt150_reset_mv_preserve_counter,primary,1102,150,reset_mv_preserve_counter,77,226,9fec6150e4e51ecfde191e743f1c8ffaa561f479eb402428bf8e672d20f3afc6,30.489845275878906,0.17954109426322348,0.00025,0.00025,0.04528753459453583,0.15294130146503448,0.15772750973701477,,,,,,
primary_seed1102_ckpt150_reset_mv_preserve_counter,primary,1102,150,reset_mv_preserve_counter,78,227,58e0231756d9f34baf2a94bec4ee74d797e7e406619ac2b1f7c8bf1787b78153,30.49617576599121,0.17957837169483068,0.00025,0.00025,0.04316211864352226,0.14888401329517365,0.15296928584575653,,,,,,
primary_seed1102_ckpt150_reset_mv_preserve_counter,primary,1102,150,reset_mv_preserve_counter,79,228,8336e17ac7c75dda54be0db55c705a3bafe6c89466384e07455c8308bc0a62fe,30.502344131469727,0.1796146944468095,0.00025,0.00025,0.044953107833862305,0.1386256366968155,0.1437867432832718,,,,,,
primary_seed1102_ckpt150_reset_mv_preserve_counter,primary,1102,150,reset_mv_preserve_counter,80,229,79f4ad4da7d271be1cb43de2488f16d4210b214671cbaaa9e75a3733be71153c,30.508813858032227,0.1796527917797446,0.00025,0.00025,0.044266194105148315,0.13390782475471497,0.13883647322654724,,,,,,
primary_seed1102_ckpt150_reset_mv_preserve_counter,primary,1102,150,reset_mv_preserve_counter,81,230,a43137d798668f303d39f9b38aca38746112f67ed8630010ca84bc4c0515375e,30.514944076538086,0.17968888990122261,0.00025,0.00025,0.041875701397657394,0.12879575788974762,0.13337832689285278,,,,,,
primary_seed1102_ckpt150_reset_mv_preserve_counter,primary,1102,150,reset_mv_preserve_counter,82,231,87b4f7257af1367ab96585538fbac8c6cad5965997933ee87f5ce3b6a86cd3aa,30.520933151245117,0.1797241568898477,0.00025,0.00025,0.04002596065402031,0.1295539289712906,0.13362793624401093,,,,,,
primary_seed1102_ckpt150_reset_mv_preserve_counter,primary,1102,150,reset_mv_preserve_counter,83,232,70cb1d9108126270f3f70cfa9d696291c4a19fafc112e5f8cbbec6855a74098d,30.5267391204834,0.17975834565206894,0.00025,0.00025,0.04182427003979683,0.1230877935886383,0.12761126458644867,,,,,,
primary_seed1102_ckpt150_reset_mv_preserve_counter,primary,1102,150,reset_mv_preserve_counter,84,233,f0ce36aced1228422de483889ded61c40b778705166452074704a4183de60c95,30.532005310058594,0.17978935589270392,0.00025,0.00025,0.04303382709622383,0.1209530383348465,0.12601180374622345,,,,,,
primary_seed1102_ckpt150_reset_mv_preserve_counter,primary,1102,150,reset_mv_preserve_counter,85,234,1a3756a7c8936870a4a2b95fe2ed955750e42d66d2c6a415c881f18e67965ffd,30.537044525146484,0.17981902958185916,0.00025,0.00025,0.045005492866039276,0.11782176047563553,0.12342000007629395,,,,,,
primary_seed1102_ckpt150_reset_mv_preserve_counter,primary,1102,150,reset_mv_preserve_counter,86,235,9843b5a505f695b20c019530fb3366d284edc0d45f475b8bd2d0e903592cde1b,30.54166603088379,0.17984624356703066,0.00025,0.00025,0.04389691725373268,0.11734412610530853,0.12280313670635223,,,,,,
primary_seed1102_ckpt150_reset_mv_preserve_counter,primary,1102,150,reset_mv_preserve_counter,87,236,135542ade651c305071bcf8381d6e982775338f4f90f95270df864385f08297e,30.54632568359375,0.17987368218270297,0.00025,0.00025,0.04269944131374359,0.11903869360685349,0.12482268363237381,,,,,,
primary_seed1102_ckpt150_reset_mv_preserve_counter,primary,1102,150,reset_mv_preserve_counter,88,237,3b28773f03ad7c6cb26877a7526d1715d4432870e62539b875caec210b0b062b,30.549989700317383,0.1798952579423045,0.00025,0.00025,0.04410337284207344,0.1185852512717247,0.12480635195970535,,,,,,
primary_seed1102_ckpt150_reset_mv_preserve_counter,primary,1102,150,reset_mv_preserve_counter,89,238,0f4d56129370ac35896af8100e4c5f8d40db97982c1e30620249c438607ad25e,30.553340911865234,0.17991499173179948,0.00025,0.00025,0.045130178332328796,0.11384104192256927,0.11995024979114532,,,,,,
primary_seed1102_ckpt150_reset_mv_preserve_counter,primary,1102,150,reset_mv_preserve_counter,90,239,70d0b6949decc137415d7292aaee6625857dd8e8612bf71972d9d6c1e48771ad,30.556615829467773,0.17993427626029287,0.00025,0.00025,0.04431575909256935,0.11591444164514542,0.1211845874786377,,,,,,
primary_seed1102_ckpt150_reset_mv_preserve_counter,primary,1102,150,reset_mv_preserve_counter,91,240,9e273894e79dea900ea5ff76119d6fc8f6ded04737350fad35b80a57ee8f9544,30.55986213684082,0.17995339231591065,0.00025,0.00025,0.04910754784941673,0.11803702265024185,0.12390953302383423,,,,,,
primary_seed1102_ckpt150_reset_mv_preserve_counter,primary,1102,150,reset_mv_preserve_counter,92,241,47942738da2e84c99cbebbf0219a8943e10a1e4c12ebe87fdc09f996ac472c47,30.563060760498047,0.17997222758340245,0.00025,0.00025,0.04835427552461624,0.11363314837217331,0.11994946002960205,,,,,,
primary_seed1102_ckpt150_reset_mv_preserve_counter,primary,1102,150,reset_mv_preserve_counter,93,242,559889d3f7935308bcd47bde2c73637a318fa4cca04cc7359fa79652367817e2,30.566017150878906,0.1799896364472142,0.00025,0.00025,0.04808800667524338,0.11105630546808243,0.1178009957075119,,,,,,
primary_seed1102_ckpt150_reset_mv_preserve_counter,primary,1102,150,reset_mv_preserve_counter,94,243,a913b56d3367cc68d2c370bb8141a7bf0a988e929ce713e4fb88e80ea42d54b6,30.568954467773438,0.18000693299577553,0.00025,0.00025,0.04672826826572418,0.11175188422203064,0.11831135302782059,,,,,,
primary_seed1102_ckpt150_reset_mv_preserve_counter,primary,1102,150,reset_mv_preserve_counter,95,244,340809042f08f4a652547226b7ce9fb26084e493b7f3f76378c8169ee6794639,30.572370529174805,0.18002704865712188,0.00025,0.00025,0.05112903192639351,0.11198242008686066,0.12015724927186966,,,,,,
primary_seed1102_ckpt150_reset_mv_preserve_counter,primary,1102,150,reset_mv_preserve_counter,96,245,5c57506cf13a017c913cb157500796af400b9ca0913bbc93458c47853ede4195,30.575490951538086,0.18004542343208704,0.00025,0.00025,0.04776778817176819,0.1151251494884491,0.12183718383312225,,,,,,
primary_seed1102_ckpt150_reset_mv_preserve_counter,primary,1102,150,reset_mv_preserve_counter,97,246,d49ea95b0a9a69db7c15ea107286cc8bc14c9ef4c93d86656241e322abb366e0,30.578758239746094,0.18006466303448027,0.00025,0.00025,0.04516299068927765,0.1119070053100586,0.11829742789268494,,,,,,
primary_seed1102_ckpt150_reset_mv_preserve_counter,primary,1102,150,reset_mv_preserve_counter,98,247,4e28305da041db71f909fb55b1c0ceed45dbf30a7bab66e608e6de8d5dcc8b2f,30.58173179626465,0.18008217298201737,0.00025,0.00025,0.0447322316467762,0.10114523023366928,0.10861745476722717,,,,,,
primary_seed1102_ckpt150_reset_mv_preserve_counter,primary,1102,150,reset_mv_preserve_counter,99,248,afa19e1a12127d7ea26483f161847e8ab166d03bbb4fd5dcb2ae5c8f49eecad7,30.58443832397461,0.18009811051604888,0.00025,0.00025,0.04710622876882553,0.09709030389785767,0.10581950098276138,,,,,,
primary_seed1102_ckpt150_reset_mv_preserve_counter,primary,1102,150,reset_mv_preserve_counter,100,249,e489acc0fbdab92a4c10968697b0abbfa0e464cfed14d90faaf8fd04ff96fd7c,30.586816787719727,0.18011211622777357,0.00025,0.00025,0.05326802283525467,0.09731253236532211,0.10856764018535614,,,,2.70505428314209,3.0624574025472007,0.3574031194051108
primary_seed1102_ckpt300_reset_mv_preserve_counter,primary,1102,300,reset_mv_preserve_counter,1,300,7beba2324f37c99d73de3085999af173c773a05a976b3e695b859ca4a40806aa,0.6767972111701965,0.003988000911638333,0.000125,0.000125,0.02620740421116352,0.6838024258613586,0.6767972111701965,25.824656486050525,26.09195555292686,0.2850925326347351,2.658336639404297,4.393633683522542,1.7352970441182451
primary_seed1102_ckpt300_reset_mv_preserve_counter,primary,1102,300,reset_mv_preserve_counter,2,301,77eb2737da9ae6b619862b9cd554c9e474961361f3c3318cb36c41f4759e16d0,1.0454118251800537,0.006160048007064155,0.000125,0.000125,0.02665250189602375,0.6554588079452515,0.6523182392120361,,,,,,
primary_seed1102_ckpt300_reset_mv_preserve_counter,primary,1102,300,reset_mv_preserve_counter,3,302,5a02e9d1f817d8b91b15b5491c413a2c194faa9cb0002395f79937cca6f56e1f,1.4276353120803833,0.008412284850021202,0.000125,0.000125,0.02873430959880352,0.6002945303916931,0.5984393358230591,,,,,,
primary_seed1102_ckpt300_reset_mv_preserve_counter,primary,1102,300,reset_mv_preserve_counter,4,303,a4e4fd7b23840c496c3d43b279716b7908a5f08fe385b8740ce05ba5ae72d990,1.7802103757858276,0.010489819526984677,0.000125,0.000125,0.027567002922296524,0.5978183150291443,0.5963671803474426,,,,,,
primary_seed1102_ckpt300_reset_mv_preserve_counter,primary,1102,300,reset_mv_preserve_counter,5,304,8803c647f6df4f41ec3c2e3167e494a1b8acb64a5bc7890738021da695711457,2.090960741043091,0.01232090381557857,0.000125,0.000125,0.028145045042037964,0.6074971556663513,0.6059378981590271,,,,,,
primary_seed1102_ckpt300_reset_mv_preserve_counter,primary,1102,300,reset_mv_preserve_counter,6,305,c9ac91159b3e69418cc31181a36e5f9ae93e09c129b54fdfaf9fa3a1e15e5a2a,2.413405418395996,0.01422089637762378,0.000125,0.000125,0.030255241319537163,0.5747210383415222,0.5717781782150269,,,,,,
primary_seed1102_ckpt300_reset_mv_preserve_counter,primary,1102,300,reset_mv_preserve_counter,7,306,54bd9da57b978cfaab4f019389ff30691ce06f1083757e6fd29d4de737737646,2.7298378944396973,0.016085462280240822,0.000125,0.000125,0.029106447473168373,0.5363662838935852,0.5343425869941711,,,,,,
primary_seed1102_ckpt300_reset_mv_preserve_counter,primary,1102,300,reset_mv_preserve_counter,8,307,6b5f71d1985d918dc76effbe3972c23a548a57e07476710ce1b957035a9c5e1b,3.033703565597534,0.01787597878000268,0.000125,0.000125,0.02614711970090866,0.5204541683197021,0.5197618007659912,,,,,,
primary_seed1102_ckpt300_reset_mv_preserve_counter,primary,1102,300,reset_mv_preserve_counter,9,308,f96bc1f24a19ee26df23e465f5507f8b076b2e247defe92692d588f92c9866e2,3.3199360370635986,0.019562592345051935,0.000125,0.000125,0.025967823341488838,0.507868230342865,0.5059264898300171,,,,,,
primary_seed1102_ckpt300_reset_mv_preserve_counter,primary,1102,300,reset_mv_preserve_counter,10,309,6bfe6d63e027564925ba4916225fee875a58a4e8810581ae56e4ce38c68a195b,3.5943470001220703,0.02117954813739124,0.000125,0.000125,0.02586217038333416,0.49055761098861694,0.4876970052719116,,,,,,
primary_seed1102_ckpt300_reset_mv_preserve_counter,primary,1102,300,reset_mv_preserve_counter,11,310,783241310588387cb526d1b3a93b255d9ec3b8ef6cc2f0616fbb5b07133619a5,3.8645524978637695,0.02277172339098076,0.000125,0.000125,0.024544134736061096,0.47356942296028137,0.47039085626602173,,,,,,
primary_seed1102_ckpt300_reset_mv_preserve_counter,primary,1102,300,reset_mv_preserve_counter,12,311,97fbcf4ed26b377c3b102ab2df5ce4d16bae1b166fe2120fcb7cb34f00f68a7a,4.122003555297852,0.024288743607382302,0.000125,0.000125,0.025677040219306946,0.4594877362251282,0.4566592574119568,,,,,,
primary_seed1102_ckpt300_reset_mv_preserve_counter,primary,1102,300,reset_mv_preserve_counter,13,312,b38faeb2f6eafc4e0e961f5c4da2c934ab8f5f8c91fca523fcfbd7f6c677706e,4.367783546447754,0.02573699252536105,0.000125,0.000125,0.02505355142056942,0.43993693590164185,0.4376004934310913,,,,,,
primary_seed1102_ckpt300_reset_mv_preserve_counter,primary,1102,300,reset_mv_preserve_counter,14,313,5153c75e602cbb8f4122b9c15d7bb2602b5551a85d22744cf181b3f9b53f0e1e,4.5936150550842285,0.027067695795786377,0.000125,0.000125,0.02857213467359543,0.4194851517677307,0.417317271232605,,,,,,
primary_seed1102_ckpt300_reset_mv_preserve_counter,primary,1102,300,reset_mv_preserve_counter,15,314,8910322d5be8566928964c6a799cffc4895ea533136a56a88277e6cbe66cd1b6,4.8000640869140625,0.028284188584993788,0.000125,0.000125,0.027988987043499947,0.41352272033691406,0.411064088344574,,,,,,
primary_seed1102_ckpt300_reset_mv_preserve_counter,primary,1102,300,reset_mv_preserve_counter,16,315,0fa6b684529759a0cd52789640a754b7945dc53062498b384da3386251701542,4.999545574188232,0.02945962539231879,0.000125,0.000125,0.02544361725449562,0.37916359305381775,0.3764881491661072,,,,,,
primary_seed1102_ckpt300_reset_mv_preserve_counter,primary,1102,300,reset_mv_preserve_counter,17,316,34afd8127cd7c18c617ffca3b30874dd4e8d47375e5b616ce8a87f51520078c9,5.189097881317139,0.030576554896691595,0.000125,0.000125,0.023931799456477165,0.35263052582740784,0.34946417808532715,,,,,,
primary_seed1102_ckpt300_reset_mv_preserve_counter,primary,1102,300,reset_mv_preserve_counter,18,317,f6efc0f85ed15df21aebde9fd523b622c1fa3c6e5a575e7034ed418064e9fac2,5.367551326751709,0.03162808479565139,0.000125,0.000125,0.02382831461727619,0.33602163195610046,0.33253249526023865,,,,,,
primary_seed1102_ckpt300_reset_mv_preserve_counter,primary,1102,300,reset_mv_preserve_counter,19,318,de1fb4ec5593f279949275e78e3e4c01d5438ffcf217bb7c1727b885503b092b,5.537410259246826,0.0326289718656043,0.000125,0.000125,0.023605963215231895,0.31922268867492676,0.31604713201522827,,,,,,
primary_seed1102_ckpt300_reset_mv_preserve_counter,primary,1102,300,reset_mv_preserve_counter,20,319,82596efc0b6caa341a506081630a92c1954bf58edeee8765801b79b42ccdf8e0,5.69880485534668,0.03357998316671006,0.000125,0.000125,0.024958353489637375,0.315784752368927,0.31249064207077026,,,,2.59299103418986,3.2480596701304116,0.6550686359405518
primary_seed1102_ckpt300_reset_mv_preserve_counter,primary,1102,300,reset_mv_preserve_counter,21,320,d90e7bacbb9706b998ae2b4fd4002da66466ed487de275cb3ca2bfb813efc6ca,5.848299026489258,0.03446087168244494,0.000125,0.000125,0.024496067315340042,0.2993815839290619,0.29666733741760254,,,,,,
primary_seed1102_ckpt300_reset_mv_preserve_counter,primary,1102,300,reset_mv_preserve_counter,22,321,c5fedd22cf2417acd1f6d782cd9a87d856b6e8d37f5db571428ae8cb2b07fdb3,5.987656116485596,0.03528202784676741,0.000125,0.000125,0.02537105791270733,0.29799672961235046,0.2952476739883423,,,,,,
primary_seed1102_ckpt300_reset_mv_preserve_counter,primary,1102,300,reset_mv_preserve_counter,23,322,7ddd257a18bacbc293eda95da464dd2a5f0d76b7ee58216bc3756b8ce09315ac,6.117976188659668,0.03604993373948876,0.000125,0.000125,0.025092769414186478,0.2814851701259613,0.2790844738483429,,,,,,
primary_seed1102_ckpt300_reset_mv_preserve_counter,primary,1102,300,reset_mv_preserve_counter,24,323,0cb63f3df86cbb75ccd375148017ae858578802f4e1c6734fe8205108af0ed68,6.240493297576904,0.03677186097853343,0.000125,0.000125,0.024144163355231285,0.2642095685005188,0.2620602250099182,,,,,,
primary_seed1102_ckpt300_reset_mv_preserve_counter,primary,1102,300,reset_mv_preserve_counter,25,324,da8f96a0992740bdce0b5af35514db7631b0c4c2f8e1b58d1ffa0e655342a5a8,6.354726314544678,0.037444974532029024,0.000125,0.000125,0.02526916190981865,0.25193876028060913,0.2501809000968933,,,,,,
primary_seed1102_ckpt300_reset_mv_preserve_counter,primary,1102,300,reset_mv_preserve_counter,26,325,2a6357fb549b61c83643ae227244fec4231fd0e8b60c88f6d07e7bdfd2e4b2be,6.46164608001709,0.03807499503911546,0.000125,0.000125,0.02719957008957863,0.2342863380908966,0.23264043033123016,,,,,,
primary_seed1102_ckpt300_reset_mv_preserve_counter,primary,1102,300,reset_mv_preserve_counter,27,326,d0f1892155e1fb17d60fafc7c4c825c0fd6232908ec4a522a1f6b796e11b40de,6.561124324798584,0.03866116667860973,0.000125,0.000125,0.02537146396934986,0.22394873201847076,0.22229941189289093,,,,,,
primary_seed1102_ckpt300_reset_mv_preserve_counter,primary,1102,300,reset_mv_preserve_counter,28,327,47e80c2d3113071b07161db762241a12639ff30530c87940464f3ccdd0f549af,6.652221202850342,0.03919795144474325,0.000125,0.000125,0.02624111995100975,0.22649666666984558,0.22407029569149017,,,,,,
primary_seed1102_ckpt300_reset_mv_preserve_counter,primary,1102,300,reset_mv_preserve_counter,29,328,9e42978d3a4279c8abdd11d4b6ba531cc116a320736aee0f0acf69189f84ef39,6.736844062805176,0.039696588314215304,0.000125,0.000125,0.02613692544400692,0.2207282930612564,0.21814382076263428,,,,,,
primary_seed1102_ckpt300_reset_mv_preserve_counter,primary,1102,300,reset_mv_preserve_counter,30,329,700df74a2c1331f212258ffc5038b41efd770e0941b4cab7579c3bb6fe69d49c,6.816135406494141,0.040163809434068734,0.000125,0.000125,0.027443524450063705,0.21260817348957062,0.20989544689655304,,,,,,
primary_seed1102_ckpt300_reset_mv_preserve_counter,primary,1102,300,reset_mv_preserve_counter,31,330,144baacafb83a1696bd1236f58049871f1889fb21c1927bdfb8105c678275c87,6.890536308288574,0.04060221381766526,0.000125,0.000125,0.02847333997488022,0.2139514833688736,0.21105878055095673,,,,,,
primary_seed1102_ckpt300_reset_mv_preserve_counter,primary,1102,300,reset_mv_preserve_counter,32,331,9c1f006fd053c26783dbcbb5a92404275b901417ef9974bd17bafc5ad58f0d03,6.960444450378418,0.04101414479164667,0.000125,0.000125,0.027502793818712234,0.21030119061470032,0.2074679732322693,,,,,,
primary_seed1102_ckpt300_reset_mv_preserve_counter,primary,1102,300,reset_mv_preserve_counter,33,332,04f19fb0f3dd3dc45705af3fbd2f736745a346e8f0fc6129f4746b8223ca27f4,7.02632999420166,0.041402372763769325,0.000125,0.000125,0.02708454243838787,0.20854789018630981,0.2056894600391388,,,,,,
primary_seed1102_ckpt300_reset_mv_preserve_counter,primary,1102,300,reset_mv_preserve_counter,34,333,bad4d4f78b427b1fda5a7792e6a853e45ef0b0beeba13bf2c202b80385cd9902,7.087242126464844,0.04176129510414865,0.000125,0.000125,0.026004130020737648,0.1980540156364441,0.1953771859407425,,,,,,
primary_seed1102_ckpt300_reset_mv_preserve_counter,primary,1102,300,reset_mv_preserve_counter,35,334,fb38ef84a4e03e2080feb6503009e18e5e0e3cf9064308a0121fc1c0f6fe15e5,7.14445161819458,0.04209839978101054,0.000125,0.000125,0.02547083981335163,0.1961974948644638,0.19339710474014282,,,,,,
primary_seed1102_ckpt300_reset_mv_preserve_counter,primary,1102,300,reset_mv_preserve_counter,36,335,cdcaded40c67e6184103354d3093744cccc95750353227e1d0fc694fb457b75c,7.198074817657471,0.042414372371933635,0.000125,0.000125,0.025631727650761604,0.19056947529315948,0.1884516179561615,,,,,,
primary_seed1102_ckpt300_reset_mv_preserve_counter,primary,1102,300,reset_mv_preserve_counter,37,336,5f43bc2a481ce22c9bc606a5e15880c52c1f99cdcd148140a69992dc936cc5d6,7.2496113777160645,0.042718049522347736,0.000125,0.000125,0.026057977229356766,0.1862102746963501,0.1843222677707672,,,,,,
primary_seed1102_ckpt300_reset_mv_preserve_counter,primary,1102,300,reset_mv_preserve_counter,38,337,12de3abcf5c938befdc05f5711015bfcbc7c4c517818f9d9dc83f2182b302124,7.297411918640137,0.042999712327152155,0.000125,0.000125,0.025914842262864113,0.17960003018379211,0.17740057408809662,,,,,,
primary_seed1102_ckpt300_reset_mv_preserve_counter,primary,1102,300,reset_mv_preserve_counter,39,338,32d8490d4e656243f8a3d5536bf3b49388e8790b5f399a765cc6e81aaf573804,7.3421149253845215,0.043263123033796966,0.000125,0.000125,0.025961756706237793,0.17584316432476044,0.17278212308883667,,,,,,
primary_seed1102_ckpt300_reset_mv_preserve_counter,primary,1102,300,reset_mv_preserve_counter,40,339,67508539fff7d6d74cbe11e8001c518950f5d695f2e4596d858c208bc18d18c3,7.383660793304443,0.04350793042426033,0.000125,0.000125,0.025821007788181305,0.1714058518409729,0.16828012466430664,,,,,,
primary_seed1102_ckpt300_reset_mv_preserve_counter,primary,1102,300,reset_mv_preserve_counter,41,340,bdb0ecfb9b486183e226283f9c4d21dab38bf5f31e207e39ff2ac945e0fbd0da,7.422178268432617,0.043734893129469425,0.000125,0.000125,0.02558732032775879,0.17568586766719818,0.1724192351102829,,,,,,
primary_seed1102_ckpt300_reset_mv_preserve_counter,primary,1102,300,reset_mv_preserve_counter,42,341,5a8cb5a274bcbc4ce76ca376bf78c740850f3395dbd3dc2173d649ce4a9edadf,7.458767414093018,0.043950493229235575,0.000125,0.000125,0.02564585581421852,0.16808730363845825,0.16480320692062378,,,,,,
primary_seed1102_ckpt300_reset_mv_preserve_counter,primary,1102,300,reset_mv_preserve_counter,43,342,457044f90fd441015f69aeeb35050ec69de7eefb241fc06a1336bdc72cef68fa,7.493606090545654,0.04415577875813597,0.000125,0.000125,0.025148538872599602,0.16031688451766968,0.15696722269058228,,,,,,
primary_seed1102_ckpt300_reset_mv_preserve_counter,primary,1102,300,reset_mv_preserve_counter,44,343,d183ccba175351953e85cf278e9f7c1e3b81743e5b6da1def6aa9bdf0b0f17f8,7.525798797607422,0.04434547301661032,0.000125,0.000125,0.02455626241862774,0.156632199883461,0.153916135430336,,,,,,
primary_seed1102_ckpt300_reset_mv_preserve_counter,primary,1102,300,reset_mv_preserve_counter,45,344,133ab607f27b7cc86bcf0cdc32ce665a6cb136493591f5026cbafb42c766e21a,7.5571370124816895,0.04453013221352339,0.000125,0.000125,0.02403331734240055,0.1599983125925064,0.15735603868961334,,,,,,
primary_seed1102_ckpt300_reset_mv_preserve_counter,primary,1102,300,reset_mv_preserve_counter,46,345,68be2c70f9fe580e27e9c0fb72775328c8496c6e69d9b68f6df241c02dc6766c,7.586241245269775,0.04470162775897746,0.000125,0.000125,0.02494787611067295,0.1726672351360321,0.1691804826259613,,,,,,
primary_seed1102_ckpt300_reset_mv_preserve_counter,primary,1102,300,reset_mv_preserve_counter,47,346,878993a62e0b47e7d618d7310ce0106f3a8758a1f8a026d1bcece546bd146a3b,7.614399433135986,0.04486754877198868,0.000125,0.000125,0.02533855475485325,0.1549423635005951,0.1521504521369934,,,,,,
primary_seed1102_ckpt300_reset_mv_preserve_counter,primary,1102,300,reset_mv_preserve_counter,48,347,50ab73e03ccad866903791e6e6fa179de297bec50d6483d13770f281521df1e7,7.640797138214111,0.04502309620950649,0.000125,0.000125,0.024884650483727455,0.16191785037517548,0.1592470407485962,,,,,,
primary_seed1102_ckpt300_reset_mv_preserve_counter,primary,1102,300,reset_mv_preserve_counter,49,348,d92863cdbe46468cbd2c924adaad97090ccc6c38bee6797a266cd1b05bceec24,7.666610240936279,0.04517519890066597,0.000125,0.000125,0.02459043636918068,0.1629357635974884,0.16046160459518433,,,,,,
primary_seed1102_ckpt300_reset_mv_preserve_counter,primary,1102,300,reset_mv_preserve_counter,50,349,f20e4110073375c3a5bfee34f5b2a97f33bb0c07be6262cf97f4be8c52f6407b,7.691375732421875,0.04532112858387338,0.000125,0.000125,0.024550367146730423,0.1521749049425125,0.14986585080623627,,,,,,
primary_seed1102_ckpt300_reset_mv_preserve_counter,primary,1102,300,reset_mv_preserve_counter,51,350,4406c48bf9da68417d34d2d4af2b7dd7f2b24af4d4d3295bf6bf45826c838c69,7.7147979736328125,0.04545914321774034,0.000125,0.000125,0.023315850645303726,0.1433175802230835,0.14090372622013092,,,,,,
primary_seed1102_ckpt300_reset_mv_preserve_counter,primary,1102,300,reset_mv_preserve_counter,52,351,134796f0a16f357a4f31c9d24dce4a0f2e1457d083cb7caeb9115950aff69187,7.736906051635742,0.04558941419666151,0.000125,0.000125,0.023670675233006477,0.14411777257919312,0.14177528023719788,,,,,,
primary_seed1102_ckpt300_reset_mv_preserve_counter,primary,1102,300,reset_mv_preserve_counter,53,352,827b183108031fc6a3ad528bccae8171d5ee2871b89d9faffeb90bc6610e3af8,7.758068084716797,0.045714110643139835,0.000125,0.000125,0.024233799427747726,0.15070807933807373,0.14796648919582367,,,,,,
primary_seed1102_ckpt300_reset_mv_preserve_counter,primary,1102,300,reset_mv_preserve_counter,54,353,259dcc2ea6edac343fb853c92844906e57352cecfa267a8588e8d4ae35d3f053,7.778156757354736,0.04583248235548065,0.000125,0.000125,0.025983376428484917,0.1508568823337555,0.14817078411579132,,,,,,
primary_seed1102_ckpt300_reset_mv_preserve_counter,primary,1102,300,reset_mv_preserve_counter,55,354,91fbf4556615c0c32334ca24a5354448fa67d04ea924c160c630040f9cc17174,7.797463417053223,0.04594624608737477,0.000125,0.000125,0.027750566601753235,0.14629213511943817,0.14415934681892395,,,,,,
primary_seed1102_ckpt300_reset_mv_preserve_counter,primary,1102,300,reset_mv_preserve_counter,56,355,50cb0cea66b11ed1945044e441827e9b79a786e2abcaed1912f3338bece7d59b,7.816511631011963,0.04605848693792614,0.000125,0.000125,0.02785613387823105,0.14738838374614716,0.14503972232341766,,,,,,
primary_seed1102_ckpt300_reset_mv_preserve_counter,primary,1102,300,reset_mv_preserve_counter,57,356,8890ac582b70b5a6a0d9b405816ac5c481a1ea5ce78f91b91ad0d9daf83a303a,7.834504127502441,0.04616450701487447,0.000125,0.000125,0.027234550565481186,0.1434428095817566,0.14088493585586548,,,,,,
primary_seed1102_ckpt300_reset_mv_preserve_counter,primary,1102,300,reset_mv_preserve_counter,58,357,8ea36e143b97b3aa8b4ab0d8ca9d43a2a3fafa6a703a7e35b2adbd7a42ccb82c,7.851692199707031,0.046265787053399884,0.000125,0.000125,0.025151271373033524,0.14074815809726715,0.13810855150222778,,,,,,
primary_seed1102_ckpt300_reset_mv_preserve_counter,primary,1102,300,reset_mv_preserve_counter,59,358,7f478d32fefbcec689de54a7927da163d6a53072e65fd9b713b9e76d5110b38f,7.868622779846191,0.04636554983007089,0.000125,0.000125,0.024565020576119423,0.14043891429901123,0.13747045397758484,,,,,,
primary_seed1102_ckpt300_reset_mv_preserve_counter,primary,1102,300,reset_mv_preserve_counter,60,359,1682c9c8b4be862bbb96426f00db4b74684120d9bcf737b9a23f95613c6a0802,7.885274887084961,0.046463671716143816,0.000125,0.000125,0.024338942021131516,0.1328403204679489,0.12985780835151672,,,,,,
primary_seed1102_ckpt300_reset_mv_preserve_counter,primary,1102,300,reset_mv_preserve_counter,61,360,dbd39c36ac3572541d895081c77d08f25df8be64835e5eac16c2944ebcacb68f,7.901163101196289,0.04655729239204868,0.000125,0.000125,0.024640629068017006,0.12891755998134613,0.12557505071163177,,,,,,
primary_seed1102_ckpt300_reset_mv_preserve_counter,primary,1102,300,reset_mv_preserve_counter,62,361,b3bcb4696e7b7c57afe400f4069fcc20802d387a90b0123ea9e2bddf7f290d78,7.9165239334106445,0.0466478054908962,0.000125,0.000125,0.025143742561340332,0.1292096972465515,0.1254102736711502,,,,,,
primary_seed1102_ckpt300_reset_mv_preserve_counter,primary,1102,300,reset_mv_preserve_counter,63,362,a4830fcb66407f8ec91b1e9d5c0a862fb207ac0c0917c21e11c706451d1952be,7.932018280029297,0.046739105318112664,0.000125,0.000125,0.027046184986829758,0.13600124418735504,0.13281913101673126,,,,,,
primary_seed1102_ckpt300_reset_mv_preserve_counter,primary,1102,300,reset_mv_preserve_counter,64,363,8bf2ab5eaaebf740fbc668d7d055c6c9f60dbf5acc38c55941bfc9bcca7a0f36,7.947486400604248,0.04683025060939952,0.000125,0.000125,0.027566775679588318,0.13528580963611603,0.1317412406206131,,,,,,
primary_seed1102_ckpt300_reset_mv_preserve_counter,primary,1102,300,reset_mv_preserve_counter,65,364,79b31db881ec8f12990828d5b64db045078eaf2dbfb2f99fb52c8b8b9cfca5d5,7.962803840637207,0.046920508021527134,0.000125,0.000125,0.027645796537399292,0.13233959674835205,0.12793008983135223,,,,,,
primary_seed1102_ckpt300_reset_mv_preserve_counter,primary,1102,300,reset_mv_preserve_counter,66,365,70a2fb7408674f52d3662050513e207ba576a3d373a65851af687d3da15fbe30,7.9775495529174805,0.04700739655038914,0.000125,0.000125,0.025454845279455185,0.12867046892642975,0.12516339123249054,,,,,,
primary_seed1102_ckpt300_reset_mv_preserve_counter,primary,1102,300,reset_mv_preserve_counter,67,366,84a2632b18a445177836565d716dc6371e1120b62fa33d91ac637c49733891e7,7.9917073249816895,0.0470908206646836,0.000125,0.000125,0.024196099489927292,0.12754163146018982,0.12378067523241043,,,,,,
primary_seed1102_ckpt300_reset_mv_preserve_counter,primary,1102,300,reset_mv_preserve_counter,68,367,e585612ad1b0622d9ee43e0c1260338a77e818ba414dde03d413074d553d35bc,8.005916595458984,0.04717454823134894,0.000125,0.000125,0.024411415681242943,0.1233162134885788,0.11966382712125778,,,,,,
primary_seed1102_ckpt300_reset_mv_preserve_counter,primary,1102,300,reset_mv_preserve_counter,69,368,25a6a00b7f421d2db2be9e25fd4c6de42533524dbaec9b48b8d203b0077ad8ec,8.01956844329834,0.04725499120707391,0.000125,0.000125,0.024596063420176506,0.12649855017662048,0.12311919778585434,,,,,,
primary_seed1102_ckpt300_reset_mv_preserve_counter,primary,1102,300,reset_mv_preserve_counter,70,369,29c31e75e00b26c9fd0877555074f4087a399469e2f969893e2ded463830963f,8.032998085021973,0.04733412484201343,0.000125,0.000125,0.02541941963136196,0.12835948169231415,0.12495214492082596,,,,,,
primary_seed1102_ckpt300_reset_mv_preserve_counter,primary,1102,300,reset_mv_preserve_counter,71,370,fed6b90917b7622b8782907ed6838c39b30286f23b134dab617a73f8fefa9371,8.045968055725098,0.047410549883568416,0.000125,0.000125,0.02496427111327648,0.1248878762125969,0.12190468609333038,,,,,,
primary_seed1102_ckpt300_reset_mv_preserve_counter,primary,1102,300,reset_mv_preserve_counter,72,371,c9cb1f8b704de6d9070a050fff4adc4c9024a498e7cdbbaf9185201267c90401,8.058319091796875,0.0474833278771845,0.000125,0.000125,0.025703303515911102,0.12416739016771317,0.12065451592206955,,,,,,
primary_seed1102_ckpt300_reset_mv_preserve_counter,primary,1102,300,reset_mv_preserve_counter,73,372,fa6fecb9cd437a188bfe6b504bb6557ff413ce8ab6db91693534e68389d31577,8.07028579711914,0.04755384121699568,0.000125,0.000125,0.025953778997063637,0.12306277453899384,0.11953725665807724,,,,,,
primary_seed1102_ckpt300_reset_mv_preserve_counter,primary,1102,300,reset_mv_preserve_counter,74,373,63958af2af8c25e8b37225a0eee99f677cc74f24f7236e10ebb9e4cddb80bbb3,8.082138061523438,0.0476236802182049,0.000125,0.000125,0.026352019980549812,0.12421025335788727,0.12090767920017242,,,,,,
primary_seed1102_ckpt300_reset_mv_preserve_counter,primary,1102,300,reset_mv_preserve_counter,75,374,9188b8accf166a12757826726bb5ccf30f9d095d72abdbc087332a434dbcb6ab,8.093814849853516,0.04769248523355779,0.000125,0.000125,0.02537149004638195,0.12207873165607452,0.1193273514509201,,,,,,
primary_seed1102_ckpt300_reset_mv_preserve_counter,primary,1102,300,reset_mv_preserve_counter,76,375,212533ff3d6f194ef311c99bfc7a573292765d2f502b9bc098bcb9f10aed22e1,8.105663299560547,0.04776230175681362,0.000125,0.000125,0.02601843886077404,0.12101124972105026,0.11811772733926773,,,,,,
primary_seed1102_ckpt300_reset_mv_preserve_counter,primary,1102,300,reset_mv_preserve_counter,77,376,64a70745fc52a2452d214d7447eaeecde62f770ce2c10429bb1d01ff78b2050e,8.117250442504883,0.047830578540261647,0.000125,0.000125,0.024498097598552704,0.12035410106182098,0.11732091754674911,,,,,,
primary_seed1102_ckpt300_reset_mv_preserve_counter,primary,1102,300,reset_mv_preserve_counter,78,377,c4fd104ca27be1ec5fe03db15533f5b81ab86bfc83e7fa1f761baa35e4df0b58,8.128997802734375,0.04789979939775241,0.000125,0.000125,0.027138061821460724,0.12316058576107025,0.11850310862064362,,,,,,
primary_seed1102_ckpt300_reset_mv_preserve_counter,primary,1102,300,reset_mv_preserve_counter,79,378,a144a1a603ab7c648c819f11f8cd7816ac85ed8b7f645e482474c3bd861f986c,8.140068054199219,0.04796503041851494,0.000125,0.000125,0.027804067358374596,0.11905773729085922,0.11481859534978867,,,,,,
primary_seed1102_ckpt300_reset_mv_preserve_counter,primary,1102,300,reset_mv_preserve_counter,80,379,f3e2ae857df62c67448ccc380c0cdb00bb601c7a35374c6849e5c8ba41bdeb4d,8.150398254394531,0.04802590071631815,0.000125,0.000125,0.02682613953948021,0.11186281591653824,0.10867428034543991,,,,,,
primary_seed1102_ckpt300_reset_mv_preserve_counter,primary,1102,300,reset_mv_preserve_counter,81,380,110370cd3252ce4fa23b49b5b308ff748b53ca972d4d428fd378781ef20d7965,8.158939361572266,0.04807622885397745,0.000125,0.000125,0.026632731780409813,0.12667647004127502,0.1243140920996666,,,,,,
primary_seed1102_ckpt300_reset_mv_preserve_counter,primary,1102,300,reset_mv_preserve_counter,82,381,3891c77eb61d27057ef1210da6fd029ffac2f9eee179a8d7ef8730868ea76c74,8.167842864990234,0.04812869239720961,0.000125,0.000125,0.025509513914585114,0.13171140849590302,0.12917572259902954,,,,,,
primary_seed1102_ckpt300_reset_mv_preserve_counter,primary,1102,300,reset_mv_preserve_counter,83,382,345a7271cb8ab26cc14e716ac70d1f2e34b21f93650926416710c63e0d4acf92,8.177444458007812,0.0481852694059137,0.000125,0.000125,0.025550033897161484,0.12687338888645172,0.12406287342309952,,,,,,
primary_seed1102_ckpt300_reset_mv_preserve_counter,primary,1102,300,reset_mv_preserve_counter,84,383,aad60782164c6a2ce1b2939d4f5714a63fd86b0f2e65906a5aed8b43063e6286,8.187108039855957,0.048242211681360524,0.000125,0.000125,0.026194699108600616,0.1218847706913948,0.11880642920732498,,,,,,
primary_seed1102_ckpt300_reset_mv_preserve_counter,primary,1102,300,reset_mv_preserve_counter,85,384,4ab46806eb3eaec5ebb0867c0875bfd0a543ec4728b8d6d9d573f0c09ccd793d,8.196765899658203,0.048299120239877244,0.000125,0.000125,0.024869674816727638,0.12069573998451233,0.11702898889780045,,,,,,
primary_seed1102_ckpt300_reset_mv_preserve_counter,primary,1102,300,reset_mv_preserve_counter,86,385,a5382598e2221840282d28ab40aa867f415c2005f1d6f8aaa4d1a51ba165ad61,8.206343650817871,0.0483555567613726,0.000125,0.000125,0.02565237507224083,0.11310698837041855,0.11004463583230972,,,,,,
primary_seed1102_ckpt300_reset_mv_preserve_counter,primary,1102,300,reset_mv_preserve_counter,87,386,20c82095c2c6ae179345f70a081d0ad8c79bb7fef292e3c182ee68dcff64d09e,8.21528434753418,0.04840823946465039,0.000125,0.000125,0.02501511760056019,0.1130061075091362,0.10973826050758362,,,,,,
primary_seed1102_ckpt300_reset_mv_preserve_counter,primary,1102,300,reset_mv_preserve_counter,88,387,c76ed7a48e8df99d17d4739a8323070c5fd14f841ca139f5b41c0bce83ca6c0c,8.22356128692627,0.04845701100403685,0.000125,0.000125,0.02716340683400631,0.12026279419660568,0.11617521196603775,,,,,,
primary_seed1102_ckpt300_reset_mv_preserve_counter,primary,1102,300,reset_mv_preserve_counter,89,388,175ca545a1efa10d09097aacb14eb06d7839c62837269cbcb30a9655fc4dd269,8.231447219848633,0.048503478553199954,0.000125,0.000125,0.028646230697631836,0.1162383034825325,0.11285523325204849,,,,,,
primary_seed1102_ckpt300_reset_mv_preserve_counter,primary,1102,300,reset_mv_preserve_counter,90,389,fa277487c0e1b8d278b813e0a84a23472926afad86700fc4bc2de0c73d1145f6,8.238402366638184,0.04854446148173382,0.000125,0.000125,0.031060125678777695,0.12433640658855438,0.12029562145471573,,,,,,
primary_seed1102_ckpt300_reset_mv_preserve_counter,primary,1102,300,reset_mv_preserve_counter,91,390,111e32990e8b6e0acaeacf4da9cd36f0eef22bb234b8350535699668acf28b6a,8.245366096496582,0.04858549498566283,0.000125,0.000125,0.03336711227893829,0.12548696994781494,0.12113302201032639,,,,,,
primary_seed1102_ckpt300_reset_mv_preserve_counter,primary,1102,300,reset_mv_preserve_counter,92,391,00c4d0543f41c5d54ffedbccb18db2e3bf37648838898490080afeef28acd7fa,8.252392768859863,0.048626899375822916,0.000125,0.000125,0.030776530504226685,0.12238399684429169,0.11878695338964462,,,,,,
primary_seed1102_ckpt300_reset_mv_preserve_counter,primary,1102,300,reset_mv_preserve_counter,93,392,f958c77337bb7d877f836c63fafcc65965da59b0f47be57e3bd5bdccfadf4036,8.259644508361816,0.04866962996523352,0.000125,0.000125,0.029933104291558266,0.12645621597766876,0.12236949801445007,,,,,,
primary_seed1102_ckpt300_reset_mv_preserve_counter,primary,1102,300,reset_mv_preserve_counter,94,393,15e1b30846aaca4c9052735bdca5a1055efe2b26bd2aaab4a02180fb0435234b,8.26739501953125,0.04871529954705097,0.000125,0.000125,0.02928931638598442,0.12289553135633469,0.11891429126262665,,,,,,
primary_seed1102_ckpt300_reset_mv_preserve_counter,primary,1102,300,reset_mv_preserve_counter,95,394,61fd4242a98cfea6304aaca1604d4d5eb43609a2693b5d342c04410c735b3259,8.275408744812012,0.048762520107652925,0.000125,0.000125,0.02935326099395752,0.121426060795784,0.11807266622781754,,,,,,
primary_seed1102_ckpt300_reset_mv_preserve_counter,primary,1102,300,reset_mv_preserve_counter,96,395,d7e62cc4889afda8f4064202505f2b20f8bc33713e656c84c388b577dd8a9bf8,8.283517837524414,0.048810302617089844,0.000125,0.000125,0.0294134933501482,0.12141846865415573,0.11940743029117584,,,,,,
primary_seed1102_ckpt300_reset_mv_preserve_counter,primary,1102,300,reset_mv_preserve_counter,97,396,7c3a2a0dc2e2a9fd0cc201ff62c16591f646848b0f317ba9b3986baee8c78858,8.291581153869629,0.04885781539108598,0.000125,0.000125,0.02972673997282982,0.11979801207780838,0.11796829104423523,,,,,,
primary_seed1102_ckpt300_reset_mv_preserve_counter,primary,1102,300,reset_mv_preserve_counter,98,397,6d43625b43295cc2883b9c8e5735e7f6b6cf318e7907f8630d8d2954d13ec995,8.299819946289062,0.04890636215093845,0.000125,0.000125,0.02942902222275734,0.12037309259176254,0.11845952272415161,,,,,,
primary_seed1102_ckpt300_reset_mv_preserve_counter,primary,1102,300,reset_mv_preserve_counter,99,398,d57a5a9d3cf02716c385daba4a9c939d18acdf8e1bcc71e9e062f583a41f742d,8.308103561401367,0.048955173026743355,0.000125,0.000125,0.030651774257421494,0.12112488597631454,0.11960943043231964,,,,,,
primary_seed1102_ckpt300_reset_mv_preserve_counter,primary,1102,300,reset_mv_preserve_counter,100,399,ddbf82bf95550ff76a74d0bd816d033b64ce6b660ed5e71296ddc08d7f2fb8ce,8.316879272460938,0.04900688355853666,6.25e-05,6.25e-05,0.030130520462989807,0.11774220317602158,0.11571279913187027,,,,2.5504611333211265,2.7428096930185952,0.19234855969746878
primary_seed1103_ckpt75_reset_mv_preserve_counter,primary,1103,75,reset_mv_preserve_counter,1,75,549664d83e475796891360af6b2a21b270079b064466e8fc2fcbd8cf2777a4ef,3.0826210975646973,0.018131156329312004,0.001,0.001,0.6612775921821594,3.11629056930542,3.0826213359832764,4.661614687118353,4.712530117672997,0.1567407250404358,9.614644686381022,19.338860193888348,9.724215507507326
primary_seed1103_ckpt75_reset_mv_preserve_counter,primary,1103,75,reset_mv_preserve_counter,2,76,082e6536198c63ccd01736f4b82a3218b2f7e341cf770f74b9fe8ed137101a29,5.356309413909912,0.03150438547523368,0.001,0.001,0.6250515580177307,3.0758254528045654,3.066653251647949,,,,,,
primary_seed1103_ckpt75_reset_mv_preserve_counter,primary,1103,75,reset_mv_preserve_counter,3,77,111b33dfe6d58482713412e8f7d4c15bdb65616911447a3b2abac4863592554c,7.384882926940918,0.04343591462726722,0.001,0.001,0.583618700504303,3.1639082431793213,3.1680166721343994,,,,,,
primary_seed1103_ckpt75_reset_mv_preserve_counter,primary,1103,75,reset_mv_preserve_counter,4,78,da4f01a819236bb27962a2a187d89a5056adc3eaf5f223985174599aac8259ef,9.517964363098145,0.05598213155048035,0.001,0.001,0.5737729072570801,3.1583189964294434,3.1538782119750977,,,,,,
primary_seed1103_ckpt75_reset_mv_preserve_counter,primary,1103,75,reset_mv_preserve_counter,5,79,ccad0da99e05496e77d1491d529d763ddfc5ae6dcd9c6be7b1de09b234630933,11.576029777526855,0.06808712421222414,0.001,0.001,0.5760690569877625,3.1760263442993164,3.172621965408325,,,,,,
primary_seed1103_ckpt75_reset_mv_preserve_counter,primary,1103,75,reset_mv_preserve_counter,6,80,a9529b92c386c02bfba71006480db5312fc0502ad4787e49a72a7c8cb18fc136,13.564705848693848,0.07978398723673796,0.001,0.001,0.5721756219863892,3.1232287883758545,3.1351566314697266,,,,,,
primary_seed1103_ckpt75_reset_mv_preserve_counter,primary,1103,75,reset_mv_preserve_counter,7,81,ca924d7eefffe2161301f078e9ad56879e1d83263804e9494f88bed2c90d7d89,15.483268737792969,0.09106846319693748,0.001,0.001,0.5362865328788757,3.0300381183624268,3.0452542304992676,,,,,,
primary_seed1103_ckpt75_reset_mv_preserve_counter,primary,1103,75,reset_mv_preserve_counter,8,82,2b8d69f735c796a6da60518db357f4ce7ba53415d354386440715d0f11c00667,17.308425903320312,0.10180355156698835,0.001,0.001,0.5478527545928955,2.9400131702423096,2.9634411334991455,,,,,,
primary_seed1103_ckpt75_reset_mv_preserve_counter,primary,1103,75,reset_mv_preserve_counter,9,83,5dd573d7ae38d29420d8bbf4b8c557412ab4de9a03e7d8ab5157ce6b10e2cfac,19.094202041625977,0.1123070112229137,0.001,0.001,0.49587011337280273,2.838387966156006,2.8597848415374756,,,,,,
primary_seed1103_ckpt75_reset_mv_preserve_counter,primary,1103,75,reset_mv_preserve_counter,10,84,8b57e790763dddf1adb472a7b96bdd59e12e96f7f31e3849090a8c194a2fed4a,20.8035945892334,0.12236120294090203,0.001,0.001,0.4895971417427063,2.689664363861084,2.717259407043457,,,,,,
primary_seed1103_ckpt75_reset_mv_preserve_counter,primary,1103,75,reset_mv_preserve_counter,11,85,5d3de98dd3b9ee4fc286c12c5c9b9af676980e26427bf39fbbba1374f6dcc991,22.42496109008789,0.13189764889506958,0.001,0.001,0.4551774263381958,2.613572835922241,2.6334691047668457,,,,,,
primary_seed1103_ckpt75_reset_mv_preserve_counter,primary,1103,75,reset_mv_preserve_counter,12,86,4358a69c0fe60decae56be17a6be985e20a63d833dabd5eeb1b7d7eeef512e67,23.939489364624023,0.1408057008552899,0.001,0.001,0.48109254240989685,2.506368637084961,2.5300092697143555,,,,,,
primary_seed1103_ckpt75_reset_mv_preserve_counter,primary,1103,75,reset_mv_preserve_counter,13,87,55a4581fc9bd12c8a14f806ef66e06127dc5b805ab183c61bed83417b6aadbc2,25.36292839050293,0.14917799011388322,0.001,0.001,0.48133379220962524,2.4817540645599365,2.509254217147827,,,,,,
primary_seed1103_ckpt75_reset_mv_preserve_counter,primary,1103,75,reset_mv_preserve_counter,14,88,e9d48c1603dc926e96f846111c95b0c5dc1eb467d49aef20c792ef75a915cef4,26.71658706665039,0.15713984993932487,0.001,0.001,0.6123716831207275,2.383894920349121,2.4436187744140625,,,,,,
primary_seed1103_ckpt75_reset_mv_preserve_counter,primary,1103,75,reset_mv_preserve_counter,15,89,0c750d3e3022ceb491f1457d700d84ca39563743a91f2d9be7734eb3f5d409ef,28.01218605041504,0.16476021811668293,0.001,0.001,0.6866291761398315,2.2577908039093018,2.3444695472717285,,,,,,
primary_seed1103_ckpt75_reset_mv_preserve_counter,primary,1103,75,reset_mv_preserve_counter,16,90,65e2c5e04da0332502c5a41f233995a6326407b0c77d68f03c39e583b3fdf2f6,29.248998641967773,0.17203482039109802,0.001,0.001,0.6894716620445251,2.134491205215454,2.223371982574463,,,,,,
primary_seed1103_ckpt75_reset_mv_preserve_counter,primary,1103,75,reset_mv_preserve_counter,17,91,18af32c7bf013b23ccd07565c14132e2866ab96555a6e1c45ed942d759a53756,30.39807891845703,0.1787934045532628,0.001,0.001,0.6761354207992554,2.0716898441314697,2.1627438068389893,,,,,,
primary_seed1103_ckpt75_reset_mv_preserve_counter,primary,1103,75,reset_mv_preserve_counter,18,92,cd6f9462de1c1a3383b20e492ef6fb2d70301734171877056168b7ce10d374ae,31.480239868164062,0.18515838705731288,0.001,0.001,0.6338313817977905,1.9946253299713135,2.076080322265625,,,,,,
primary_seed1103_ckpt75_reset_mv_preserve_counter,primary,1103,75,reset_mv_preserve_counter,19,93,f8d3578a31194cbc13e571c31cf9556eba5f61dc5fefdba88ee234e9109380b5,32.50681686401367,0.1911964395479447,0.001,0.001,0.5982078909873962,1.9492610692977905,2.02349591255188,,,,,,
primary_seed1103_ckpt75_reset_mv_preserve_counter,primary,1103,75,reset_mv_preserve_counter,20,94,5b506d27cc2cc23978b4e41d96ab90665c41a335461efb19f42e0691cd39a32b,33.489227294921875,0.1969747160660725,0.001,0.001,0.5774240493774414,1.8599592447280884,1.9330989122390747,,,,8.180624008178711,14.577635765075684,6.397011756896973
primary_seed1103_ckpt75_reset_mv_preserve_counter,primary,1103,75,reset_mv_preserve_counter,21,95,2aaf80cd73e2ca76480b0448bbecf7a5b4df02d71fa12ff8132641355b755285,34.42173385620117,0.20245947131348876,0.001,0.001,0.5900691151618958,1.7543355226516724,1.8368693590164185,,,,,,
primary_seed1103_ckpt75_reset_mv_preserve_counter,primary,1103,75,reset_mv_preserve_counter,22,96,39263dd4a4e80aed81160e763eac385396c5998e69865ac9f49301be449489a7,35.30904769897461,0.2076784150264211,0.001,0.001,0.5914067029953003,1.7219223976135254,1.8094114065170288,,,,,,
primary_seed1103_ckpt75_reset_mv_preserve_counter,primary,1103,75,reset_mv_preserve_counter,23,97,2549de0a0b1aeabc23554a6c0115d1c3f67d15a422fba4a4c50e5241e9414a55,36.14870834350586,0.21261707531833762,0.001,0.001,0.5958537459373474,1.6321953535079956,1.7243530750274658,,,,,,
primary_seed1103_ckpt75_reset_mv_preserve_counter,primary,1103,75,reset_mv_preserve_counter,24,98,cf65fe8c8a5e16dc97745c162905be33c0197cc5ce21d9449d0b046c0ab48a79,36.9277229309082,0.21719903165353718,0.001,0.001,0.5462874174118042,1.7317419052124023,1.8057022094726562,,,,,,
primary_seed1103_ckpt75_reset_mv_preserve_counter,primary,1103,75,reset_mv_preserve_counter,25,99,68e7e906ac982e4651cb9cad951185cb309d4363edd92ffef6503bc61578176e,37.67549133300781,0.22159720624829965,0.0005,0.0005,0.5246127843856812,1.619247555732727,1.6924259662628174,,,,,,
primary_seed1103_ckpt75_reset_mv_preserve_counter,primary,1103,75,reset_mv_preserve_counter,26,100,8f957ed08d3d14cad6cffd52b92685de8ee78ad4dccb76ceea950c73e39b9b07,38.027862548828125,0.22366975989591958,0.0005,0.0005,0.24998533725738525,0.7832196354866028,0.8169750571250916,,,,,,
primary_seed1103_ckpt75_reset_mv_preserve_counter,primary,1103,75,reset_mv_preserve_counter,27,101,dad2e2f7db0fa167232b6dcbe388c156daf0f92f855fe86586ef157367574414,38.35234451293945,0.22557827639247913,0.0005,0.0005,0.250123530626297,0.7517709136009216,0.7872687578201294,,,,,,
primary_seed1103_ckpt75_reset_mv_preserve_counter,primary,1103,75,reset_mv_preserve_counter,28,102,2c4995d3bf56776737339ed7d3f2d48dcdba3d249b77fc3f0cfa9001ef5fe586,38.64936065673828,0.22732524624868375,0.0005,0.0005,0.24926933646202087,0.6988885402679443,0.737064778804779,,,,,,
primary_seed1103_ckpt75_reset_mv_preserve_counter,primary,1103,75,reset_mv_preserve_counter,29,103,556bee3cf223deafb50a69fb0a873c427d46f0a40032ba206277bec5a1c9e165,38.92277145385742,0.2289333757423167,0.0005,0.0005,0.28508761525154114,0.6917954683303833,0.7428140640258789,,,,,,
primary_seed1103_ckpt75_reset_mv_preserve_counter,primary,1103,75,reset_mv_preserve_counter,30,104,1528af769d8625471050d757eb83f140ed151ceba17a7bb1b156ae3bc9a20632,39.172386169433594,0.23040154302170882,0.0005,0.0005,0.2616558074951172,0.7225308418273926,0.7645704746246338,,,,,,
primary_seed1103_ckpt75_reset_mv_preserve_counter,primary,1103,75,reset_mv_preserve_counter,31,105,702d79d28b2a378852b5c1f0b71976a6476657d51107ed1333d760add074f340,39.405418395996094,0.23177217651698667,0.0005,0.0005,0.2586617171764374,0.6777169704437256,0.7214983105659485,,,,,,
primary_seed1103_ckpt75_reset_mv_preserve_counter,primary,1103,75,reset_mv_preserve_counter,32,106,522a2037c2812fa862770397e2a17dce25c85c22e30c6d5d4807739001b1a2a6,39.6214599609375,0.2330428754655783,0.0005,0.0005,0.2541961073875427,0.6341219544410706,0.6785818934440613,,,,,,
primary_seed1103_ckpt75_reset_mv_preserve_counter,primary,1103,75,reset_mv_preserve_counter,33,107,eab62cf0a07268104b35625cfaa5a9518015735973f7aa4148647cf44e4359ba,39.82183837890625,0.23422144795510086,0.0005,0.0005,0.250787615776062,0.6333944797515869,0.6767846941947937,,,,,,
primary_seed1103_ckpt75_reset_mv_preserve_counter,primary,1103,75,reset_mv_preserve_counter,34,108,53be32013dc20cd1ecb37a5f6810f5fc1a7decd96706eb148971356579764c48,40.008663177490234,0.23532030166501497,0.0005,0.0005,0.24245311319828033,0.6068224906921387,0.6494424343109131,,,,,,
primary_seed1103_ckpt75_reset_mv_preserve_counter,primary,1103,75,reset_mv_preserve_counter,35,109,aaa0b580ad19930c91e4cf74a31aeca9bc7861337eecc3877364e03e6d5e935b,40.18455505371094,0.23635485083725447,0.0005,0.0005,0.24764512479305267,0.5895522236824036,0.6356605887413025,,,,,,
primary_seed1103_ckpt75_reset_mv_preserve_counter,primary,1103,75,reset_mv_preserve_counter,36,110,e52133569495d6788cd092783e4aa430db7ac69aefc302b255af3c8f400af877,40.3486442565918,0.23731997982820813,0.0005,0.0005,0.2371847778558731,0.5415651202201843,0.5873631834983826,,,,,,
primary_seed1103_ckpt75_reset_mv_preserve_counter,primary,1103,75,reset_mv_preserve_counter,37,111,793c94b755c6b689e6b7d498b27bc7599d776eecf2304ca45706cb9644a0f515,40.501434326171875,0.23821865032628242,0.0005,0.0005,0.22647979855537415,0.5375381708145142,0.5799590349197388,,,,,,
primary_seed1103_ckpt75_reset_mv_preserve_counter,primary,1103,75,reset_mv_preserve_counter,38,112,88bd8cefe9d4304d9ffeb929c01469b6f9cdfe7629ed11060656328d606799db,40.64315414428711,0.23905220855348036,0.0005,0.0005,0.22761641442775726,0.5023767948150635,0.5482585430145264,,,,,,
primary_seed1103_ckpt75_reset_mv_preserve_counter,primary,1103,75,reset_mv_preserve_counter,39,113,1ea795bc6261d89b7008103b37216d1ddd9f7f4ac7d9d71373c13e179fb274fc,40.7745475769043,0.23982502973131153,0.0005,0.0005,0.23164017498493195,0.47931453585624695,0.5281398892402649,,,,,,
primary_seed1103_ckpt75_reset_mv_preserve_counter,primary,1103,75,reset_mv_preserve_counter,40,114,dd0bfff3c174e016db1e54109c48d263e2b516060ffc00b1ed963c85e3c97a31,40.89504623413086,0.2405337707418019,0.0005,0.0005,0.24815428256988525,0.49726223945617676,0.5530538558959961,,,,,,
primary_seed1103_ckpt75_reset_mv_preserve_counter,primary,1103,75,reset_mv_preserve_counter,41,115,67c6d754a703e6e4d6c4b0b8b346b0b8ff2f5baca120527f228a3c3de378e026,41.00896072387695,0.2412037854326739,0.0005,0.0005,0.23598381876945496,0.4688574969768524,0.5224357843399048,,,,,,
primary_seed1103_ckpt75_reset_mv_preserve_counter,primary,1103,75,reset_mv_preserve_counter,42,116,f034fff5a7bf7107dbabebcaa8e81eb869cd1970e3c66c72debef022a1005504,41.1156005859375,0.2418310127008852,0.0005,0.0005,0.22575730085372925,0.45898035168647766,0.5091333985328674,,,,,,
primary_seed1103_ckpt75_reset_mv_preserve_counter,primary,1103,75,reset_mv_preserve_counter,43,117,440fc3cf67deba6afd1c6099c9d20b98607443b0279ece1feab10f96dbc88308,41.21491622924805,0.24241516086500187,0.0005,0.0005,0.22931906580924988,0.4537677466869354,0.5063071846961975,,,,,,
primary_seed1103_ckpt75_reset_mv_preserve_counter,primary,1103,75,reset_mv_preserve_counter,44,118,f6898bfad96e6bdbc52a1d348b0ce809ccb3ded4b0226b4e1cea7bc2d0dec42b,41.30754852294922,0.24295999934663218,0.0005,0.0005,0.22815825045108795,0.4522390067577362,0.5042561292648315,,,,,,
primary_seed1103_ckpt75_reset_mv_preserve_counter,primary,1103,75,reset_mv_preserve_counter,45,119,81e5871d84b0ae166f7631b54b447067b02754cc9ab9054c105d839f88699acb,41.39373016357422,0.24346689680481245,0.0005,0.0005,0.21298477053642273,0.5004435181617737,0.5424508452415466,,,,,,
primary_seed1103_ckpt75_reset_mv_preserve_counter,primary,1103,75,reset_mv_preserve_counter,46,120,8e518abd1bae90ff6830207b5b519da00ae19d8ce4dfa1d95fb1e5cb8e3ed219,41.474220275878906,0.24394031820918585,0.0005,0.0005,0.21122847497463226,0.4568316340446472,0.501391589641571,,,,,,
primary_seed1103_ckpt75_reset_mv_preserve_counter,primary,1103,75,reset_mv_preserve_counter,47,121,bb7588e60be1df0868d6e80ea895120c934fec520c2241e9adda86008947f306,41.551658630371094,0.24439578998685316,0.0005,0.0005,0.19243879616260529,0.44971463084220886,0.4872770607471466,,,,,,
primary_seed1103_ckpt75_reset_mv_preserve_counter,primary,1103,75,reset_mv_preserve_counter,48,122,7bf15a6d8a7969d04d9258f7ff5f9df9415a5edfb9aa3ad0e857dbf2fec01c48,41.62409210205078,0.24482182437672245,0.0005,0.0005,0.17789193987846375,0.41118964552879333,0.4455541670322418,,,,,,
primary_seed1103_ckpt75_reset_mv_preserve_counter,primary,1103,75,reset_mv_preserve_counter,49,123,c7d2ec5a8042e38456ef52e5a6dac69accabc150cd53db657e34ab5d6af082cd,41.69270706176758,0.24522539929617576,0.0005,0.0005,0.1684977263212204,0.40166622400283813,0.43326395750045776,,,,,,
primary_seed1103_ckpt75_reset_mv_preserve_counter,primary,1103,75,reset_mv_preserve_counter,50,124,620e8628efc6eae7b16cea5a33fedde19b1807f4ba9d02b9e75c5eb510b1e68a,41.757286071777344,0.24560523583431024,0.0005,0.0005,0.16984833776950836,0.3964678645133972,0.4292794167995453,,,,,,
primary_seed1103_ckpt75_reset_mv_preserve_counter,primary,1103,75,reset_mv_preserve_counter,51,125,fc5fa2991208a1ed58a88e74a54f310dcfee8d7070f6353fea9ce44ca306c706,41.818199157714844,0.245963510383364,0.0005,0.0005,0.1889108419418335,0.38075634837150574,0.42293819785118103,,,,,,
primary_seed1103_ckpt75_reset_mv_preserve_counter,primary,1103,75,reset_mv_preserve_counter,52,126,bc31b2ec20db901ad4a56b5b2ff539aeb2478fd1cbe432549c893165b2b1958b,41.87468338012695,0.24629573553666054,0.0005,0.0005,0.17566460371017456,0.3618951439857483,0.40072327852249146,,,,,,
primary_seed1103_ckpt75_reset_mv_preserve_counter,primary,1103,75,reset_mv_preserve_counter,53,127,8978fa1ff5584eec1987ad6d2995acaa949ced8469ade34c5fb3b533a40f0f88,41.92638397216797,0.24659982465009528,0.0005,0.0005,0.17255403101444244,0.3907082676887512,0.4254986047744751,,,,,,
primary_seed1103_ckpt75_reset_mv_preserve_counter,primary,1103,75,reset_mv_preserve_counter,54,128,96fee3e3252e48f2a8f5856e7836cf639b4316a321cd4e56492b10fafa7a1bc8,41.9738655090332,0.2468790984046088,0.0005,0.0005,0.17088279128074646,0.3756135106086731,0.4116783142089844,,,,,,
primary_seed1103_ckpt75_reset_mv_preserve_counter,primary,1103,75,reset_mv_preserve_counter,55,129,4783ade9e55f5c9d6ea858cb18bd589f11c2de25785d43c3177b2d9bdaeca1be,42.01915740966797,0.24714549330196073,0.0005,0.0005,0.17434822022914886,0.361323744058609,0.39898014068603516,,,,,,
primary_seed1103_ckpt75_reset_mv_preserve_counter,primary,1103,75,reset_mv_preserve_counter,56,130,7d2b119e63cb126f9a607bdc795f9a8b4931dcd62a82f85c3e64e28320660c1b,42.062801361083984,0.24740219540089134,0.0005,0.0005,0.1649109274148941,0.34390443563461304,0.3790014982223511,,,,,,
primary_seed1103_ckpt75_reset_mv_preserve_counter,primary,1103,75,reset_mv_preserve_counter,57,131,295e6f7d7e8713a5e59295a73bebb24965a5ac19deefd3889d7bd2847d47754a,42.103668212890625,0.24764256333951942,0.0005,0.0005,0.16531097888946533,0.323540598154068,0.361371785402298,,,,,,
primary_seed1103_ckpt75_reset_mv_preserve_counter,primary,1103,75,reset_mv_preserve_counter,58,132,1eec7df0648711aefeaff522bb13f50ec59dfb06c77d9951517b93477e181903,42.142845153808594,0.247872991672359,0.0005,0.0005,0.1928391009569168,0.3089160919189453,0.36222147941589355,,,,,,
primary_seed1103_ckpt75_reset_mv_preserve_counter,primary,1103,75,reset_mv_preserve_counter,59,133,d6fba43c8b2dcae8b618e965769ec7c61bf55396addb99b2158858f9188d2d9d,42.17951965332031,0.24808870131129956,0.0005,0.0005,0.17955702543258667,0.2990671694278717,0.3472374677658081,,,,,,
primary_seed1103_ckpt75_reset_mv_preserve_counter,primary,1103,75,reset_mv_preserve_counter,60,134,9fe497c8fddcdbc903a25a503c178d535e567a94211130c3c6fcb33a66807dd7,42.213897705078125,0.24829090385614377,0.0005,0.0005,0.17205224931240082,0.2999694049358368,0.34375569224357605,,,,,,
primary_seed1103_ckpt75_reset_mv_preserve_counter,primary,1103,75,reset_mv_preserve_counter,61,135,3154934e9a57830913f043668af80d5c2d9db498212993313aecbbdb6a3e4be6,42.24690628051758,0.24848505150600364,0.0005,0.0005,0.16003024578094482,0.2923627495765686,0.3308106064796448,,,,,,
primary_seed1103_ckpt75_reset_mv_preserve_counter,primary,1103,75,reset_mv_preserve_counter,62,136,ea34445dee1c2f829febaa0cf67ed65520ebd8405b835acfefc638a83a33daa8,42.27766799926758,0.24866598374320115,0.0005,0.0005,0.15559647977352142,0.2868182063102722,0.3235625922679901,,,,,,
primary_seed1103_ckpt75_reset_mv_preserve_counter,primary,1103,75,reset_mv_preserve_counter,63,137,f1cbe440e845454694c241ae47f005db87774cfb984ab552eec4c24997480b1c,42.30637741088867,0.24883484485643878,0.0005,0.0005,0.15410298109054565,0.26936250925064087,0.30750757455825806,,,,,,
primary_seed1103_ckpt75_reset_mv_preserve_counter,primary,1103,75,reset_mv_preserve_counter,64,138,58fb77781b9f9c032f059b5601a132519a1edda4bdd5e1f22e9579ee5e9a42f5,42.333187103271484,0.24899253232705187,0.0005,0.0005,0.14565758407115936,0.2749512791633606,0.30902910232543945,,,,,,
primary_seed1103_ckpt75_reset_mv_preserve_counter,primary,1103,75,reset_mv_preserve_counter,65,139,efcaadf92d264fce28cef2bdad96469aae915faf02d9221c7b3313a43f2a074c,42.358455657958984,0.24914115523617839,0.0005,0.0005,0.14590254426002502,0.25258079171180725,0.29016005992889404,,,,,,
primary_seed1103_ckpt75_reset_mv_preserve_counter,primary,1103,75,reset_mv_preserve_counter,66,140,a8171bfd2392ad8643d90e8ab1a096544364efda6ea5708a48ee505c9e706e5b,42.38215255737305,0.24928053408755127,0.0005,0.0005,0.14228104054927826,0.25719311833381653,0.29325103759765625,,,,,,
primary_seed1103_ckpt75_reset_mv_preserve_counter,primary,1103,75,reset_mv_preserve_counter,67,141,bc526ca3dbda8533a1497abb0a7e8080b3fd50741757502850e9395f81a9062a,42.404197692871094,0.24941019770346945,0.0005,0.0005,0.13555140793323517,0.2827047109603882,0.31248050928115845,,,,,,
primary_seed1103_ckpt75_reset_mv_preserve_counter,primary,1103,75,reset_mv_preserve_counter,68,142,7ba4de923f1da5ca317b41e7141e982c5d617c8eed567582a0e53fc7048f869d,42.42546463012695,0.2495352841645776,0.0005,0.0005,0.12792830169200897,0.288817822933197,0.314421147108078,,,,,,
primary_seed1103_ckpt75_reset_mv_preserve_counter,primary,1103,75,reset_mv_preserve_counter,69,143,0aa8a6ae49e596d2b7458447f8e6f89ac02c594d4ab8605e90a3be5bc4ffbce1,42.44587326049805,0.24965532229317464,0.0005,0.0005,0.13221535086631775,0.2683830261230469,0.2976726293563843,,,,,,
primary_seed1103_ckpt75_reset_mv_preserve_counter,primary,1103,75,reset_mv_preserve_counter,70,144,98b89509c246af85909eb4ea42786872485c20be6ecec9adeac1264dbb3497c0,42.465354919433594,0.2497699082226597,0.0005,0.0005,0.12964089214801788,0.28106847405433655,0.3084133267402649,,,,,,
primary_seed1103_ckpt75_reset_mv_preserve_counter,primary,1103,75,reset_mv_preserve_counter,71,145,f79ecd7ac5b0e43983c1cd76b98fa10d2f30b047f7e5c828b50129e96fd20231,42.4838981628418,0.24987897464193265,0.0005,0.0005,0.12582728266716003,0.2666541337966919,0.29355302453041077,,,,,,
primary_seed1103_ckpt75_reset_mv_preserve_counter,primary,1103,75,reset_mv_preserve_counter,72,146,d56762e4185460ffd576c0d37878111d960cc6fe01e604faf755b55be4844ba3,42.50157165527344,0.24998292541759437,0.0005,0.0005,0.12416402250528336,0.2747533321380615,0.2998766601085663,,,,,,
primary_seed1103_ckpt75_reset_mv_preserve_counter,primary,1103,75,reset_mv_preserve_counter,73,147,b0044888ce7f3ccf7e0a2248dc9520d00db16ef47c660c4b6877d9f437f9f802,42.51795196533203,0.25007927003893937,0.0005,0.0005,0.12091376632452011,0.28674793243408203,0.30936264991760254,,,,,,
primary_seed1103_ckpt75_reset_mv_preserve_counter,primary,1103,75,reset_mv_preserve_counter,74,148,e59545f452eea1a4b800fe299e53012adca2014c7bb9d296e31a30ce5e9abfd8,42.533695220947266,0.2501718676757094,0.0005,0.0005,0.1245565265417099,0.2851160764694214,0.30950242280960083,,,,,,
primary_seed1103_ckpt75_reset_mv_preserve_counter,primary,1103,75,reset_mv_preserve_counter,75,149,abec58d2be08571e1999048edd9946a15092c757a7354e0309c372197a71a24a,42.54883575439453,0.2502609202612051,0.0005,0.0005,0.12081226706504822,0.28019219636917114,0.3037280738353729,,,,,,
primary_seed1103_ckpt75_reset_mv_preserve_counter,primary,1103,75,reset_mv_preserve_counter,76,150,8f2d44e13e944ed73268c8223da37a299b3b03c50ea70d016ad2dfb3a3c7ddb7,42.56401443481445,0.25035019721703455,0.0005,0.0005,0.11947642266750336,0.2729731798171997,0.29667818546295166,,,,,,
primary_seed1103_ckpt75_reset_mv_preserve_counter,primary,1103,75,reset_mv_preserve_counter,77,151,f73eecda7f0575a197b612a64fc881ff97bf85e286c5243c5c1fd7bb9be442e0,42.57875442504883,0.250436893914025,0.0005,0.0005,0.11524228006601334,0.27413418889045715,0.2965336740016937,,,,,,
primary_seed1103_ckpt75_reset_mv_preserve_counter,primary,1103,75,reset_mv_preserve_counter,78,152,4c89f65b3c148b457248e4bfb8b7c9fc8ce1349fc5d1cab6d54f06348a28c77e,42.5921630859375,0.25051576008636495,0.0005,0.0005,0.12716516852378845,0.27793270349502563,0.30439114570617676,,,,,,
primary_seed1103_ckpt75_reset_mv_preserve_counter,primary,1103,75,reset_mv_preserve_counter,79,153,d8d538b0dfdb06c0a19e8969801d51816b331b964b3f14c58e4a3d24338fa0d6,42.60506057739258,0.2505916196962316,0.0005,0.0005,0.13001136481761932,0.2708941400051117,0.299195796251297,,,,,,
primary_seed1103_ckpt75_reset_mv_preserve_counter,primary,1103,75,reset_mv_preserve_counter,80,154,4f9bb6be9b80ab2da0604cb1f8c51ae027cc2b059866cb8e26f952f1579f333d,42.61768341064453,0.25066586383969475,0.0005,0.0005,0.1327909678220749,0.25243237614631653,0.2839854955673218,,,,,,
primary_seed1103_ckpt75_reset_mv_preserve_counter,primary,1103,75,reset_mv_preserve_counter,81,155,a1053dcf2bda820778663cd2bd7069ef24ba57b2aeb8e75287cca2c324c07c05,42.63041305541992,0.2507407362200926,0.0005,0.0005,0.11877746134996414,0.26314422488212585,0.2875790297985077,,,,,,
primary_seed1103_ckpt75_reset_mv_preserve_counter,primary,1103,75,reset_mv_preserve_counter,82,156,416c7fcaf843a9643039ffdb4cc224f5e6f9bb55021191fde4840e30a36e1c36,42.64201354980469,0.2508089672386091,0.0005,0.0005,0.11334235221147537,0.24655023217201233,0.2704148292541504,,,,,,
primary_seed1103_ckpt75_reset_mv_preserve_counter,primary,1103,75,reset_mv_preserve_counter,83,157,7cbe2e7b1c8ac395ac814d6873c4956f204d9b220464217cc96c849ce029ef15,42.6530647277832,0.2508739673243186,0.0005,0.0005,0.12160460650920868,0.22285450994968414,0.252351313829422,,,,,,
primary_seed1103_ckpt75_reset_mv_preserve_counter,primary,1103,75,reset_mv_preserve_counter,84,158,d06c4a2c7c44b7cbd5391957600ccd9c6d891a018925c17badd55f9ea2734396,42.6630973815918,0.2509329767221149,0.0005,0.0005,0.11549066007137299,0.22337254881858826,0.2497480809688568,,,,,,
primary_seed1103_ckpt75_reset_mv_preserve_counter,primary,1103,75,reset_mv_preserve_counter,85,159,bb0cbf15f9be258c8c0b41064e081639112706e62d706b5978a076f31b9edc9b,42.67290496826172,0.2509906623349416,0.0005,0.0005,0.11365298181772232,0.21973374485969543,0.24546071887016296,,,,,,
primary_seed1103_ckpt75_reset_mv_preserve_counter,primary,1103,75,reset_mv_preserve_counter,86,160,3dbcf8bd32fe698f0b0b5400b08b4452db7d2be942c2ba16b6f2c95be0f355b8,42.68220138549805,0.25104534138529505,0.0005,0.0005,0.12093979120254517,0.21554139256477356,0.24549555778503418,,,,,,
primary_seed1103_ckpt75_reset_mv_preserve_counter,primary,1103,75,reset_mv_preserve_counter,87,161,e13cc4fe04bd9519ed0c70f7558116b91493eb6c8baf3c4963f456286834c872,42.69176483154297,0.2511015910279853,0.0005,0.0005,0.13040956854820251,0.22733670473098755,0.260267049074173,,,,,,
primary_seed1103_ckpt75_reset_mv_preserve_counter,primary,1103,75,reset_mv_preserve_counter,88,162,b87423dfa63932b5c6eff42bb9733882755ad9c5b7c2ced01dd5414e9e135771,42.70118713378906,0.2511570105004404,0.0005,0.0005,0.11806115508079529,0.224696084856987,0.25190842151641846,,,,,,
primary_seed1103_ckpt75_reset_mv_preserve_counter,primary,1103,75,reset_mv_preserve_counter,89,163,a7928608a460eb7b64724be5c562aa5e0cbb51c152cbe48256e17847b4f0e850,42.7103385925293,0.2512108369435253,0.0005,0.0005,0.11911124736070633,0.21992208063602448,0.2479459047317505,,,,,,
primary_seed1103_ckpt75_reset_mv_preserve_counter,primary,1103,75,reset_mv_preserve_counter,90,164,71333c0be1a2105c9fd3417936a32dbc1c2676007a4c11de8c4719b228e0e308,42.719478607177734,0.2512645960755101,0.0005,0.0005,0.1158241257071495,0.2141956388950348,0.24112346768379211,,,,,,
primary_seed1103_ckpt75_reset_mv_preserve_counter,primary,1103,75,reset_mv_preserve_counter,91,165,1ac6f229c9d21ef9d289e76ac13b07d7c40327185d6441885b877facb889aa2a,42.72837448120117,0.2513169192373584,0.0005,0.0005,0.12460144609212875,0.215229794383049,0.2475632131099701,,,,,,
primary_seed1103_ckpt75_reset_mv_preserve_counter,primary,1103,75,reset_mv_preserve_counter,92,166,5b44db22f5e0e1c4bbf94022aee0a87161f7d2bffc18acfa136deb17933a6a94,42.7364501953125,0.2513644184370294,0.0005,0.0005,0.1244484931230545,0.2502959072589874,0.2779371738433838,,,,,,
primary_seed1103_ckpt75_reset_mv_preserve_counter,primary,1103,75,reset_mv_preserve_counter,93,167,5b77bbf10074961fca703fca56fe5308af5207d57c7042efb803f66d021c9ca5,42.744415283203125,0.2514112669627323,0.0005,0.0005,0.11946545541286469,0.23788702487945557,0.2647698223590851,,,,,,
primary_seed1103_ckpt75_reset_mv_preserve_counter,primary,1103,75,reset_mv_preserve_counter,94,168,9d8b96cefe4ad59db9ffd93cb0a8be44005d19bf5ef8ae6dae9ff1e04210dc9a,42.75163650512695,0.25145374026692563,0.0005,0.0005,0.12361598014831543,0.24643750488758087,0.2734820544719696,,,,,,
primary_seed1103_ckpt75_reset_mv_preserve_counter,primary,1103,75,reset_mv_preserve_counter,95,169,04af6a01097a2f9290c0739df53ea8d1b46087b5bec4e75aa891a502d377dfcd,42.75896072387695,0.25149681937102025,0.0005,0.0005,0.11705523729324341,0.23485374450683594,0.26040947437286377,,,,,,
primary_seed1103_ckpt75_reset_mv_preserve_counter,primary,1103,75,reset_mv_preserve_counter,96,170,7a0aaf879ca6665c17fe4d9908ccf7bbaf7a529a3bcf68f9147715293c6a9446,42.76636505126953,0.25154036965281595,0.0005,0.0005,0.11523838341236115,0.22113554179668427,0.2481386512517929,,,,,,
primary_seed1103_ckpt75_reset_mv_preserve_counter,primary,1103,75,reset_mv_preserve_counter,97,171,1cba23960b9c46eae51af93be89e92ed6d4f269741f1aa4a0e7cfd1081b6c42b,42.7738151550293,0.2515841891790122,0.0005,0.0005,0.10840052366256714,0.21720978617668152,0.24136345088481903,,,,,,
primary_seed1103_ckpt75_reset_mv_preserve_counter,primary,1103,75,reset_mv_preserve_counter,98,172,713c8fedb80c1c4a8e4bbcd444f67449867877d57a8e713dd46959ec9d524c80,42.781063079833984,0.2516268195424392,0.0005,0.0005,0.10924306511878967,0.21630632877349854,0.24057026207447052,,,,,,
primary_seed1103_ckpt75_reset_mv_preserve_counter,primary,1103,75,reset_mv_preserve_counter,99,173,4e5d429d0ca969d1f8cbb29c554194457e7ace28b82f04b71c88a56e8ec322a7,42.78824996948242,0.25166909091333206,0.0005,0.0005,0.1094086542725563,0.20999425649642944,0.23404109477996826,,,,,,
primary_seed1103_ckpt75_reset_mv_preserve_counter,primary,1103,75,reset_mv_preserve_counter,100,174,60d89bfadc0f75bbebfa0fc80bc05af88825c44abcff07418bf998ae0e53e7c8,42.795745849609375,0.2517131796839289,0.0005,0.0005,0.11223598569631577,0.1988716572523117,0.22611474990844727,,,,3.0293983618418374,4.153049468994141,1.1236511071523032
primary_seed1103_ckpt150_reset_mv_preserve_counter,primary,1103,150,reset_mv_preserve_counter,1,150,8f2d44e13e944ed73268c8223da37a299b3b03c50ea70d016ad2dfb3a3c7ddb7,2.090299129486084,0.01227221538689766,0.0005,0.0005,0.11947642266750336,2.114968776702881,2.090299606323242,17.495498774037966,17.701976084193838,0.23351973295211792,3.610240936279297,10.013624827067057,6.40338389078776
primary_seed1103_ckpt150_reset_mv_preserve_counter,primary,1103,150,reset_mv_preserve_counter,2,151,f73eecda7f0575a197b612a64fc881ff97bf85e286c5243c5c1fd7bb9be442e0,3.4847049713134766,0.0204588182449591,0.0005,0.0005,0.11524228006601334,2.1112964153289795,2.095245599746704,,,,,,
primary_seed1103_ckpt150_reset_mv_preserve_counter,primary,1103,150,reset_mv_preserve_counter,3,152,4c89f65b3c148b457248e4bfb8b7c9fc8ce1349fc5d1cab6d54f06348a28c77e,4.853557586669922,0.02849539726449043,0.0005,0.0005,0.12716516852378845,2.095870018005371,2.0782158374786377,,,,,,
primary_seed1103_ckpt150_reset_mv_preserve_counter,primary,1103,150,reset_mv_preserve_counter,4,153,d8d538b0dfdb06c0a19e8969801d51816b331b964b3f14c58e4a3d24338fa0d6,6.180402755737305,0.03628534917623569,0.0005,0.0005,0.13001136481761932,2.100728750228882,2.087827444076538,,,,,,
primary_seed1103_ckpt150_reset_mv_preserve_counter,primary,1103,150,reset_mv_preserve_counter,5,154,4f9bb6be9b80ab2da0604cb1f8c51ae027cc2b059866cb8e26f952f1579f333d,7.480889320373535,0.043920548848785074,0.0005,0.0005,0.1327909678220749,2.083458423614502,2.0765175819396973,,,,,,
primary_seed1103_ckpt150_reset_mv_preserve_counter,primary,1103,150,reset_mv_preserve_counter,6,155,a1053dcf2bda820778663cd2bd7069ef24ba57b2aeb8e75287cca2c324c07c05,8.741791725158691,0.051323348608446784,0.0005,0.0005,0.11877746134996414,2.035219669342041,2.031059503555298,,,,,,
primary_seed1103_ckpt150_reset_mv_preserve_counter,primary,1103,150,reset_mv_preserve_counter,7,156,416c7fcaf843a9643039ffdb4cc224f5e6f9bb55021191fde4840e30a36e1c36,9.997997283935547,0.05869857302970841,0.0005,0.0005,0.11334235221147537,1.9406681060791016,1.9362387657165527,,,,,,
primary_seed1103_ckpt150_reset_mv_preserve_counter,primary,1103,150,reset_mv_preserve_counter,8,157,7cbe2e7b1c8ac395ac814d6873c4956f204d9b220464217cc96c849ce029ef15,11.233451843261719,0.0659519676462498,0.0005,0.0005,0.12160460650920868,1.8147376775741577,1.81080961227417,,,,,,
primary_seed1103_ckpt150_reset_mv_preserve_counter,primary,1103,150,reset_mv_preserve_counter,9,158,d06c4a2c7c44b7cbd5391957600ccd9c6d891a018925c17badd55f9ea2734396,12.407380104064941,0.07284413932738394,0.0005,0.0005,0.11549066007137299,1.7508604526519775,1.7483962774276733,,,,,,
primary_seed1103_ckpt150_reset_mv_preserve_counter,primary,1103,150,reset_mv_preserve_counter,10,159,bb0cbf15f9be258c8c0b41064e081639112706e62d706b5978a076f31b9edc9b,13.483917236328125,0.0791645244688039,0.0005,0.0005,0.11365298181772232,1.6884264945983887,1.6877775192260742,,,,,,
primary_seed1103_ckpt150_reset_mv_preserve_counter,primary,1103,150,reset_mv_preserve_counter,11,160,3dbcf8bd32fe698f0b0b5400b08b4452db7d2be942c2ba16b6f2c95be0f355b8,14.486005783081055,0.08504781950013213,0.0005,0.0005,0.12093979120254517,1.6437407732009888,1.644646406173706,,,,,,
primary_seed1103_ckpt150_reset_mv_preserve_counter,primary,1103,150,reset_mv_preserve_counter,12,161,e13cc4fe04bd9519ed0c70f7558116b91493eb6c8baf3c4963f456286834c872,15.457210540771484,0.09074979478349124,0.0005,0.0005,0.13040956854820251,1.5792996883392334,1.5815000534057617,,,,,,
primary_seed1103_ckpt150_reset_mv_preserve_counter,primary,1103,150,reset_mv_preserve_counter,13,162,b87423dfa63932b5c6eff42bb9733882755ad9c5b7c2ced01dd5414e9e135771,16.37640953063965,0.09614644248235638,0.0005,0.0005,0.11806115508079529,1.5875962972640991,1.5882002115249634,,,,,,
primary_seed1103_ckpt150_reset_mv_preserve_counter,primary,1103,150,reset_mv_preserve_counter,14,163,a7928608a460eb7b64724be5c562aa5e0cbb51c152cbe48256e17847b4f0e850,17.22736167907715,0.10114241071592485,0.0005,0.0005,0.11911124736070633,1.5628005266189575,1.563724160194397,,,,,,
primary_seed1103_ckpt150_reset_mv_preserve_counter,primary,1103,150,reset_mv_preserve_counter,15,164,71333c0be1a2105c9fd3417936a32dbc1c2676007a4c11de8c4719b228e0e308,18.034425735473633,0.10588071050824024,0.0005,0.0005,0.1158241257071495,1.4952372312545776,1.496008276939392,,,,,,
primary_seed1103_ckpt150_reset_mv_preserve_counter,primary,1103,150,reset_mv_preserve_counter,16,165,1ac6f229c9d21ef9d289e76ac13b07d7c40327185d6441885b877facb889aa2a,18.774744033813477,0.11022714374544004,0.0005,0.0005,0.12460144609212875,1.5106987953186035,1.5120397806167603,,,,,,
primary_seed1103_ckpt150_reset_mv_preserve_counter,primary,1103,150,reset_mv_preserve_counter,17,166,5b44db22f5e0e1c4bbf94022aee0a87161f7d2bffc18acfa136deb17933a6a94,19.494699478149414,0.11445402599268688,0.0005,0.0005,0.1244484931230545,1.3969265222549438,1.3980931043624878,,,,,,
primary_seed1103_ckpt150_reset_mv_preserve_counter,primary,1103,150,reset_mv_preserve_counter,18,167,5b77bbf10074961fca703fca56fe5308af5207d57c7042efb803f66d021c9ca5,20.169403076171875,0.11841523315220102,0.0005,0.0005,0.11946545541286469,1.4120835065841675,1.4135562181472778,,,,,,
primary_seed1103_ckpt150_reset_mv_preserve_counter,primary,1103,150,reset_mv_preserve_counter,19,168,9d8b96cefe4ad59db9ffd93cb0a8be44005d19bf5ef8ae6dae9ff1e04210dc9a,20.817768096923828,0.12222180565264243,0.0005,0.0005,0.12361598014831543,1.3831419944763184,1.3857882022857666,,,,,,
primary_seed1103_ckpt150_reset_mv_preserve_counter,primary,1103,150,reset_mv_preserve_counter,20,169,04af6a01097a2f9290c0739df53ea8d1b46087b5bec4e75aa891a502d377dfcd,21.433881759643555,0.12583902936242117,0.0005,0.0005,0.11705523729324341,1.3321086168289185,1.3353259563446045,,,,3.133453289667765,9.859602610270182,6.726149320602417
primary_seed1103_ckpt150_reset_mv_preserve_counter,primary,1103,150,reset_mv_preserve_counter,21,170,7a0aaf879ca6665c17fe4d9908ccf7bbaf7a529a3bcf68f9147715293c6a9446,22.02046012878418,0.12928285038585466,0.0005,0.0005,0.11523838341236115,1.326520323753357,1.329438328742981,,,,,,
primary_seed1103_ckpt150_reset_mv_preserve_counter,primary,1103,150,reset_mv_preserve_counter,22,171,1cba23960b9c46eae51af93be89e92ed6d4f269741f1aa4a0e7cfd1081b6c42b,22.57868003845215,0.13256017795494002,0.0005,0.0005,0.10840052366256714,1.2943546772003174,1.2969908714294434,,,,,,
primary_seed1103_ckpt150_reset_mv_preserve_counter,primary,1103,150,reset_mv_preserve_counter,23,172,713c8fedb80c1c4a8e4bbcd444f67449867877d57a8e713dd46959ec9d524c80,23.11737823486328,0.13572289289924375,0.0005,0.0005,0.10924306511878967,1.2606372833251953,1.2634834051132202,,,,,,
primary_seed1103_ckpt150_reset_mv_preserve_counter,primary,1103,150,reset_mv_preserve_counter,24,173,4e5d429d0ca969d1f8cbb29c554194457e7ace28b82f04b71c88a56e8ec322a7,23.62865447998047,0.13872461265971892,0.0005,0.0005,0.1094086542725563,1.1980409622192383,1.2015283107757568,,,,,,
primary_seed1103_ckpt150_reset_mv_preserve_counter,primary,1103,150,reset_mv_preserve_counter,25,174,60d89bfadc0f75bbebfa0fc80bc05af88825c44abcff07418bf998ae0e53e7c8,24.12322998046875,0.14162828179561293,0.0005,0.0005,0.11223598569631577,1.161159873008728,1.1659555435180664,,,,,,
primary_seed1103_ckpt150_reset_mv_preserve_counter,primary,1103,150,reset_mv_preserve_counter,26,175,99afea3f323042ddea10729e04677758a9e4dc449aa1638d562ea1df25a1a917,24.595441818237305,0.14440065312734823,0.0005,0.0005,0.10730607807636261,1.116631031036377,1.1207678318023682,,,,,,
primary_seed1103_ckpt150_reset_mv_preserve_counter,primary,1103,150,reset_mv_preserve_counter,27,176,e84a3465768cd28260026e3ebdac5d524cbcc38bf006920a7068c5a76abe5f22,25.03802490234375,0.14699907306549706,0.0005,0.0005,0.11376900970935822,1.159703016281128,1.1640158891677856,,,,,,
primary_seed1103_ckpt150_reset_mv_preserve_counter,primary,1103,150,reset_mv_preserve_counter,28,177,8e6d635c1b4f8322d21fceb8cad89fd77ca1d85f82cd84184fbc008a7bcf59f7,25.46114730834961,0.1494832387182871,0.0005,0.0005,0.1085173562169075,1.173039436340332,1.1762584447860718,,,,,,
primary_seed1103_ckpt150_reset_mv_preserve_counter,primary,1103,150,reset_mv_preserve_counter,29,178,72342df31912612d014de21c7336689458503ff33263bd925e572079710a27c1,25.873502731323242,0.15190419105726255,0.0005,0.0005,0.10477405041456223,1.1036957502365112,1.107122540473938,,,,,,
primary_seed1103_ckpt150_reset_mv_preserve_counter,primary,1103,150,reset_mv_preserve_counter,30,179,cb2aaf2204a2ce3748d8967a40303b7556bb04e5b1a97d7af75d6a231d21e9d6,26.2727108001709,0.15424795484493176,0.0005,0.0005,0.10793832689523697,1.0128962993621826,1.0164140462875366,,,,,,
primary_seed1103_ckpt150_reset_mv_preserve_counter,primary,1103,150,reset_mv_preserve_counter,31,180,061e6df08453bf61c599a2a7b0af0ef5eb2bc595662872d0471d4430947f14bb,26.651865005493164,0.1564739817359762,0.0005,0.0005,0.10922899842262268,0.9744734764099121,0.9788026809692383,,,,,,
primary_seed1103_ckpt150_reset_mv_preserve_counter,primary,1103,150,reset_mv_preserve_counter,32,181,deea9b28ec8664d370364bbb193f2a596ad64f11c50401f745ce66165cdbb0d6,27.013595581054688,0.1585977139199,0.0005,0.0005,0.10634909570217133,0.916602611541748,0.9209594130516052,,,,,,
primary_seed1103_ckpt150_reset_mv_preserve_counter,primary,1103,150,reset_mv_preserve_counter,33,182,3e41cc5694578695fdae48981b2fc15d56da45039d737b32221cfa9eb1237b54,27.35549545288086,0.16060501938571392,0.0005,0.0005,0.10505218803882599,0.8545109629631042,0.8587155938148499,,,,,,
primary_seed1103_ckpt150_reset_mv_preserve_counter,primary,1103,150,reset_mv_preserve_counter,34,183,1389873858475d95d19427d07ce392b58bd681975f7e9a1dbd5914f052e619e9,27.679006576538086,0.16250436390228312,0.0005,0.0005,0.1072620153427124,0.8019741773605347,0.8065170645713806,,,,,,
primary_seed1103_ckpt150_reset_mv_preserve_counter,primary,1103,150,reset_mv_preserve_counter,35,184,f25f00abdab4ef4c116cabb6c0598ecc5c24f9723ba7badb44152a71a93b4a4b,27.98497772216797,0.1643007306272068,0.0005,0.0005,0.11100970208644867,0.7554246783256531,0.7613378167152405,,,,,,
primary_seed1103_ckpt150_reset_mv_preserve_counter,primary,1103,150,reset_mv_preserve_counter,36,185,20e45375118a0ce6799ee7c7cabbf876898968e15d14a364314658f063d49ea3,28.27187156677246,0.16598509388627158,0.0005,0.0005,0.11858843266963959,0.7334398627281189,0.7409697771072388,,,,,,
primary_seed1103_ckpt150_reset_mv_preserve_counter,primary,1103,150,reset_mv_preserve_counter,37,186,e3d876e7ca8afa1852a48c5260a2b42fe34c24fb764b0aac9b048156626d4cda,28.543655395507812,0.16758074574196363,0.0005,0.0005,0.11316119134426117,0.7232078909873962,0.7307157516479492,,,,,,
primary_seed1103_ckpt150_reset_mv_preserve_counter,primary,1103,150,reset_mv_preserve_counter,38,187,22efae5542ba82b5e4b50ba3c287bf603482f856ed473f36394d406a1d17606f,28.79772186279297,0.1690723783820625,0.0005,0.0005,0.10147065669298172,0.6883255243301392,0.6939687132835388,,,,,,
primary_seed1103_ckpt150_reset_mv_preserve_counter,primary,1103,150,reset_mv_preserve_counter,39,188,f259649ebe13bd69481cef99f54d6ae3103536bf846db744052282c2d26acb1c,29.037126541137695,0.17047793117392523,0.0005,0.0005,0.10790639370679855,0.6593857407569885,0.6651570200920105,,,,,,
primary_seed1103_ckpt150_reset_mv_preserve_counter,primary,1103,150,reset_mv_preserve_counter,40,189,37bfc621218e7c20eae7202546ece4a13ed5cf45d008c1eb2ae7b87f55ac33f7,29.258337020874023,0.17177666522345364,0.0005,0.0005,0.10337980091571808,0.6683905720710754,0.6733277440071106,,,,,,
primary_seed1103_ckpt150_reset_mv_preserve_counter,primary,1103,150,reset_mv_preserve_counter,41,190,4e417e774a60512e0d8186fc4761756b3198fbe3e2bac9a7d66d9ea82a14eeb3,29.465539932250977,0.17299316037543477,0.0005,0.0005,0.10515715926885605,0.6234217882156372,0.629508376121521,,,,,,
primary_seed1103_ckpt150_reset_mv_preserve_counter,primary,1103,150,reset_mv_preserve_counter,42,191,729c8695ad98b2958f9f35c704981a2d1556ba409f187a79b3964257229741c2,29.6613826751709,0.1741429596023354,0.0005,0.0005,0.10610046237707138,0.6380442976951599,0.6442426443099976,,,,,,
primary_seed1103_ckpt150_reset_mv_preserve_counter,primary,1103,150,reset_mv_preserve_counter,43,192,e2b47f9513e50e4a0be16782e70d2b743f4cf64a649c651a99d80a69170d919e,29.844999313354492,0.17522097896359357,0.0005,0.0005,0.10929955542087555,0.6041460037231445,0.6109814047813416,,,,,,
primary_seed1103_ckpt150_reset_mv_preserve_counter,primary,1103,150,reset_mv_preserve_counter,44,193,1ef95ca6b9f973d463777ff5733dd20855d3ffc68a986a4f9d4532e8d1c1241e,30.017797470092773,0.17623548266214914,0.0005,0.0005,0.10570137947797775,0.5772401690483093,0.5843348503112793,,,,,,
primary_seed1103_ckpt150_reset_mv_preserve_counter,primary,1103,150,reset_mv_preserve_counter,45,194,20d2cd2a1eea23b70ed27d0ff03c64118e16988ab375f2edc1c26d7a14294b9d,30.181617736816406,0.1771972768712228,0.0005,0.0005,0.10640837252140045,0.622735321521759,0.6287069916725159,,,,,,
primary_seed1103_ckpt150_reset_mv_preserve_counter,primary,1103,150,reset_mv_preserve_counter,46,195,fa4fe7d71e7853c92ecf866d74a55163b9ec56e6e18b11486ae0e7114a71dce1,30.335018157958984,0.17809789582194943,0.0005,0.0005,0.11042176932096481,0.6302253007888794,0.6383963823318481,,,,,,
primary_seed1103_ckpt150_reset_mv_preserve_counter,primary,1103,150,reset_mv_preserve_counter,47,196,7157c98c2db7509ce46847b3fadae07117991e3cb51b6ab839642c3c1fe1d4c8,30.47685432434082,0.1789306206501503,0.0005,0.0005,0.10762874782085419,0.6640164852142334,0.6709040403366089,,,,,,
primary_seed1103_ckpt150_reset_mv_preserve_counter,primary,1103,150,reset_mv_preserve_counter,48,197,7521aac26a5edd5ce50cc9a942da1a48f8a0bc2e84095f5cb13bae65d7c31f79,30.61322593688965,0.1797312629018979,0.0005,0.0005,0.10270614922046661,0.62444007396698,0.6311109066009521,,,,,,
primary_seed1103_ckpt150_reset_mv_preserve_counter,primary,1103,150,reset_mv_preserve_counter,49,198,764dbe87784e08be31e81cb19f3a547962bd16f22835e900b0daa39eedbf3a2e,30.742088317871094,0.18048781820652626,0.0005,0.0005,0.1007658839225769,0.6288595199584961,0.6345356702804565,,,,,,
primary_seed1103_ckpt150_reset_mv_preserve_counter,primary,1103,150,reset_mv_preserve_counter,50,199,4e65b217357734c24f6b7d65c798c492beb2805b54e86a4584ca427eba1bfa20,30.866697311401367,0.1812194017326238,0.00025,0.00025,0.09590019285678864,0.632235586643219,0.6375590562820435,,,,,,
primary_seed1103_ckpt150_reset_mv_preserve_counter,primary,1103,150,reset_mv_preserve_counter,51,200,593e81c3aa647d258d4d064033cc3c8133fb37565ea3780b834f3c8bed6cc278,30.925731658935547,0.18156599434128196,0.00025,0.00025,0.050812747329473495,0.3004998564720154,0.3038603961467743,,,,,,
primary_seed1103_ckpt150_reset_mv_preserve_counter,primary,1103,150,reset_mv_preserve_counter,52,201,a1fea869a523a53d3a428575c3ee5d453d423d2935ca9e5f0edc7f4c0947975c,30.98027229309082,0.18188620420993173,0.00025,0.00025,0.05598408728837967,0.30455711483955383,0.30845022201538086,,,,,,
primary_seed1103_ckpt150_reset_mv_preserve_counter,primary,1103,150,reset_mv_preserve_counter,53,202,b20a00cae245f1a1324a9bf8e35752ac5dbba5fa42d04d0d2f8fc15b64daf51d,31.03113555908203,0.18218482412835396,0.00025,0.00025,0.06009433791041374,0.3327684700489044,0.33662617206573486,,,,,,
primary_seed1103_ckpt150_reset_mv_preserve_counter,primary,1103,150,reset_mv_preserve_counter,54,203,3f082dc9fafaa793a75664e2eec86731f4ca3ac64ecd727d93d764aca317a8f5,31.07917594909668,0.18246687084846874,0.00025,0.00025,0.06070205569267273,0.31690508127212524,0.3213959336280823,,,,,,
primary_seed1103_ckpt150_reset_mv_preserve_counter,primary,1103,150,reset_mv_preserve_counter,55,204,9dda57b11bb1d630beda3f1e951138b72da13620dd24687d5468c3bbccd0f39a,31.123891830444336,0.1827293992681444,0.00025,0.00025,0.05835140869021416,0.30220094323158264,0.306809663772583,,,,,,
primary_seed1103_ckpt150_reset_mv_preserve_counter,primary,1103,150,reset_mv_preserve_counter,56,205,d02eeab2a193c09eede42d1de9588e21b3b4c4b7e39e875595a8f933b3c79040,31.16606330871582,0.18297698941312943,0.00025,0.00025,0.056276168674230576,0.2910136580467224,0.2954348027706146,,,,,,
primary_seed1103_ckpt150_reset_mv_preserve_counter,primary,1103,150,reset_mv_preserve_counter,57,206,f9f5fe02174d96dc133500170dbcc42368c8338ed1daf5a223992212c3ea88f9,31.205698013305664,0.18320968607585167,0.00025,0.00025,0.05551159754395485,0.2858915328979492,0.29023995995521545,,,,,,
primary_seed1103_ckpt150_reset_mv_preserve_counter,primary,1103,150,reset_mv_preserve_counter,58,207,30d4f8275c40be112594b69011bc465ea0b7c7c4e9ac1e6456b96fc67bfad90c,31.242908477783203,0.18342814994462206,0.00025,0.00025,0.05850549787282944,0.2707570791244507,0.27590411901474,,,,,,
primary_seed1103_ckpt150_reset_mv_preserve_counter,primary,1103,150,reset_mv_preserve_counter,59,208,825293950d2bb4293bbd13cab3e6a6cbc2f58178a1ebc0114b2f51232d0c5763,31.276813507080078,0.18362720749402295,0.00025,0.00025,0.05585220083594322,0.2780861556529999,0.2824277877807617,,,,,,
primary_seed1103_ckpt150_reset_mv_preserve_counter,primary,1103,150,reset_mv_preserve_counter,60,209,e508594741a4df712fb2c8d5f0e1eff084a856d07be5a7dae1859a71f29a8e29,31.307811737060547,0.18380919912840996,0.00025,0.00025,0.057770613580942154,0.26704689860343933,0.2717287540435791,,,,,,
primary_seed1103_ckpt150_reset_mv_preserve_counter,primary,1103,150,reset_mv_preserve_counter,61,210,2656bc05acb7ab7d71f92b9d7a3d41c0525fbbd6127b358666ea1d309d029040,31.335758209228516,0.18397327379165376,0.00025,0.00025,0.05830114707350731,0.2617073059082031,0.2664097547531128,,,,,,
primary_seed1103_ckpt150_reset_mv_preserve_counter,primary,1103,150,reset_mv_preserve_counter,62,211,2963cffbd1e463b4f553e7bac3bccd82cecb4dfb8ce75eb08778f082bc681c37,31.361961364746094,0.18412711338513202,0.00025,0.00025,0.053893670439720154,0.2652636468410492,0.2693377733230591,,,,,,
primary_seed1103_ckpt150_reset_mv_preserve_counter,primary,1103,150,reset_mv_preserve_counter,63,212,e76076ce2b21ef4c50ffcccf1c27a9eb144ad4ea9ab613d15c6bc071a8088c01,31.388154983520508,0.18428089698807545,0.00025,0.00025,0.05526578426361084,0.2770448923110962,0.28121331334114075,,,,,,
primary_seed1103_ckpt150_reset_mv_preserve_counter,primary,1103,150,reset_mv_preserve_counter,64,213,c0624e6722c8031ec5a605990fef8fd83c6466898376ccfbba7e78d32086b4a4,31.412464141845703,0.18442361686133796,0.00025,0.00025,0.057665470987558365,0.27887898683547974,0.2836441099643707,,,,,,
primary_seed1103_ckpt150_reset_mv_preserve_counter,primary,1103,150,reset_mv_preserve_counter,65,214,017e3273c1ba27efad248856bc25aa0375b9396f8d58611b1e55578786dd99d0,31.436525344848633,0.1845648809806951,0.00025,0.00025,0.06072127819061279,0.2823570668697357,0.2875201404094696,,,,,,
primary_seed1103_ckpt150_reset_mv_preserve_counter,primary,1103,150,reset_mv_preserve_counter,66,215,1e1dc8fcb093386239c193d25dc59ab317aa244b34ac2cea03fbaf54946632f7,31.45960235595703,0.18470036687685853,0.00025,0.00025,0.05887756869196892,0.27443334460258484,0.27922046184539795,,,,,,
primary_seed1103_ckpt150_reset_mv_preserve_counter,primary,1103,150,reset_mv_preserve_counter,67,216,1d3c936d700f462692e0b353c840831a731271561413ff526841c3956a51ea68,31.48171615600586,0.1848301977290049,0.00025,0.00025,0.05727566033601761,0.27208492159843445,0.2764497995376587,,,,,,
primary_seed1103_ckpt150_reset_mv_preserve_counter,primary,1103,150,reset_mv_preserve_counter,68,217,a70ed05332958f65793a93abadc2e3e8b5d2416230647569067487ac3fea7404,31.503334045410156,0.1849571170733405,0.00025,0.00025,0.054181672632694244,0.2605406939983368,0.26497918367385864,,,,,,
primary_seed1103_ckpt150_reset_mv_preserve_counter,primary,1103,150,reset_mv_preserve_counter,69,218,39a3666455227e6f203cb3b1f54e91202b2eece24750949dcfcd35583951d2f9,31.524478912353516,0.18508125928714894,0.00025,0.00025,0.05582505464553833,0.24572396278381348,0.25076454877853394,,,,,,
primary_seed1103_ckpt150_reset_mv_preserve_counter,primary,1103,150,reset_mv_preserve_counter,70,219,658609f7dfd5b85daa2f4182803a6c7feb891315aa6bfb2c353bc8d9477ff62a,31.544660568237305,0.18519974645694026,0.00025,0.00025,0.05600234866142273,0.2311074137687683,0.23654229938983917,,,,,,
primary_seed1103_ckpt150_reset_mv_preserve_counter,primary,1103,150,reset_mv_preserve_counter,71,220,e44a48da7aca662b225b500774fff1dd0695bd85168cb9feb0728aacaddc7c90,31.564393997192383,0.18531560207159495,0.00025,0.00025,0.05138728395104408,0.22742721438407898,0.23223499953746796,,,,,,
primary_seed1103_ckpt150_reset_mv_preserve_counter,primary,1103,150,reset_mv_preserve_counter,72,221,5b20278954cc31a16754a72ae951a9d975fa87f15e783d8b292ac93706d5151b,31.58232879638672,0.1854208978713821,0.00025,0.00025,0.04951709508895874,0.21808680891990662,0.222332164645195,,,,,,
primary_seed1103_ckpt150_reset_mv_preserve_counter,primary,1103,150,reset_mv_preserve_counter,73,222,ff2b8e1658da5248c2319e2b12ff9dcb81ddd3ee551c9cf438800d60f88c5969,31.59844398498535,0.18551551067712516,0.00025,0.00025,0.04858236014842987,0.22855141758918762,0.23223599791526794,,,,,,
primary_seed1103_ckpt150_reset_mv_preserve_counter,primary,1103,150,reset_mv_preserve_counter,74,223,bb236db9d6d2886ed06e46ce686fe53cf678d90f31728c33e61590b6730fde37,31.613733291625977,0.18560527470255256,0.00025,0.00025,0.049231596291065216,0.21709884703159332,0.22138150036334991,,,,,,
primary_seed1103_ckpt150_reset_mv_preserve_counter,primary,1103,150,reset_mv_preserve_counter,75,224,b1d6b60026a3e6f7afb6befb6db47bf6bd2b8776f427658727defd9cb148161f,31.628219604492188,0.18569032432494792,0.00025,0.00025,0.04903692379593849,0.21198876202106476,0.21672633290290833,,,,,,
primary_seed1103_ckpt150_reset_mv_preserve_counter,primary,1103,150,reset_mv_preserve_counter,76,225,0e20d1472665caec681b4c585a017de7222c1e8e8ece352437d56a3ad800a815,31.642065048217773,0.1857716113834032,0.00025,0.00025,0.05223184823989868,0.20723196864128113,0.21286454796791077,,,,,,
primary_seed1103_ckpt150_reset_mv_preserve_counter,primary,1103,150,reset_mv_preserve_counter,77,226,7052fdafd2845e8243a17e2cc97c5c0589ba7d32829248b22d64ff3a1341b632,31.65582275390625,0.1858523833289381,0.00025,0.00025,0.05045027285814285,0.199603870511055,0.20533592998981476,,,,,,
primary_seed1103_ckpt150_reset_mv_preserve_counter,primary,1103,150,reset_mv_preserve_counter,78,227,b70262bfede790da6176f2f6d5ed4ed06cdd1c0b25cc6265177262515000f094,31.669282913208008,0.18593140836978655,0.00025,0.00025,0.04989110305905342,0.204104483127594,0.20932279527187347,,,,,,
primary_seed1103_ckpt150_reset_mv_preserve_counter,primary,1103,150,reset_mv_preserve_counter,79,228,679e06a66d4e2184a37e9c76414e901bb6248758c384ce07b543ebf4b1bd164f,31.681901931762695,0.18600549504546368,0.00025,0.00025,0.04758934676647186,0.19400529563426971,0.19948479533195496,,,,,,
primary_seed1103_ckpt150_reset_mv_preserve_counter,primary,1103,150,reset_mv_preserve_counter,80,229,9f51dcbb1b1c07328a0bfc63c9b4e8def4a68b1c1b589b0148f01715af5e9cb8,31.693584442138672,0.1860740834506212,0.00025,0.00025,0.04757251590490341,0.19479094445705414,0.19907903671264648,,,,,,
primary_seed1103_ckpt150_reset_mv_preserve_counter,primary,1103,150,reset_mv_preserve_counter,81,230,18ab66ce21f2bc3ed8b6e10b715dd548e126aa370437ce80ffe1b988f801039d,31.70464515686035,0.18613902127290832,0.00025,0.00025,0.049608614295721054,0.1900196224451065,0.1945524364709854,,,,,,
primary_seed1103_ckpt150_reset_mv_preserve_counter,primary,1103,150,reset_mv_preserve_counter,82,231,7d01e3fbada1c7c23c396c7bd2c9be4fe0cf09f3889fa5a4612c74b87626e046,31.715015411376953,0.18619990538047432,0.00025,0.00025,0.05000293254852295,0.19113266468048096,0.19560874998569489,,,,,,
primary_seed1103_ckpt150_reset_mv_preserve_counter,primary,1103,150,reset_mv_preserve_counter,83,232,c221b4c6ab2fc22b14196d01a14d3e3584d5c6de34121a91859f71b371e68f9f,31.724653244018555,0.18625648941496592,0.00025,0.00025,0.05067066848278046,0.1835019588470459,0.1887131929397583,,,,,,
primary_seed1103_ckpt150_reset_mv_preserve_counter,primary,1103,150,reset_mv_preserve_counter,84,233,f0bf15cf88efa1e7d9a758704b12c476c0ab1db08e3201131e2dcb521b28418c,31.73379135131836,0.18631013954543282,0.00025,0.00025,0.04952380433678627,0.1819896250963211,0.18721792101860046,,,,,,
primary_seed1103_ckpt150_reset_mv_preserve_counter,primary,1103,150,reset_mv_preserve_counter,85,234,91869a353b54d27e36e0f605d56c51b9fd02fcbf102fd16456b25c209605326a,31.742584228515625,0.18636176281853914,0.00025,0.00025,0.047949597239494324,0.17944520711898804,0.1844324916601181,,,,,,
primary_seed1103_ckpt150_reset_mv_preserve_counter,primary,1103,150,reset_mv_preserve_counter,86,235,2be8c91e67504c647099f8dc35e438bdb92d8cdcee562fcc5dacd8db7cd6e7ec,31.75116729736328,0.18641215429987937,0.00025,0.00025,0.05048685148358345,0.17300529778003693,0.1790899783372879,,,,,,
primary_seed1103_ckpt150_reset_mv_preserve_counter,primary,1103,150,reset_mv_preserve_counter,87,236,2a18a880602344ab3876c3d93643e1ab066498fa7e6fb3b04deec187a2985961,31.759531021118164,0.1864612579989187,0.00025,0.00025,0.04995402693748474,0.16342638432979584,0.1696254014968872,,,,,,
primary_seed1103_ckpt150_reset_mv_preserve_counter,primary,1103,150,reset_mv_preserve_counter,88,237,8a1c36e49b52bd476f3d3449d978a293fdd19fe6b2c664ad284161288036fd22,31.767518997192383,0.18650815567088602,0.00025,0.00025,0.049321115016937256,0.15768906474113464,0.16407833993434906,,,,,,
primary_seed1103_ckpt150_reset_mv_preserve_counter,primary,1103,150,reset_mv_preserve_counter,89,238,d5343e1e171afe08c634412531b6b9d71e05efb931a6131dbadce9516e34a305,31.77541732788086,0.18655452703182598,0.00025,0.00025,0.05008867755532265,0.15721860527992249,0.1635715663433075,,,,,,
primary_seed1103_ckpt150_reset_mv_preserve_counter,primary,1103,150,reset_mv_preserve_counter,90,239,c61970156cb7ff40027e700e42654e00a72c8755670643ccbfdca716f8e45d1c,31.782480239868164,0.18659599362191553,0.00025,0.00025,0.049768101423978806,0.1556272804737091,0.16157086193561554,,,,,,
primary_seed1103_ckpt150_reset_mv_preserve_counter,primary,1103,150,reset_mv_preserve_counter,91,240,9d63631f1e6971e204b4678a0ca082c5c382d7c1a755efa206411b501cee5a6b,31.7890567779541,0.18663460469472912,0.00025,0.00025,0.047645241022109985,0.1498701274394989,0.15540094673633575,,,,,,
primary_seed1103_ckpt150_reset_mv_preserve_counter,primary,1103,150,reset_mv_preserve_counter,92,241,54b356a19a55f8b563889740d17a324d67f2b57e32baee42939b12fc71f9b391,31.795373916625977,0.18667169282499552,0.00025,0.00025,0.0488128587603569,0.14442113041877747,0.15048767626285553,,,,,,
primary_seed1103_ckpt150_reset_mv_preserve_counter,primary,1103,150,reset_mv_preserve_counter,93,242,9ef3ec7b6539e3178c41e8e198628c307d8b87ac951663cfcfdaa040d6a04eaa,31.801240921020508,0.1867061382020183,0.00025,0.00025,0.04693871736526489,0.14421208202838898,0.1498384326696396,,,,,,
primary_seed1103_ckpt150_reset_mv_preserve_counter,primary,1103,150,reset_mv_preserve_counter,94,243,f047e4a39170fa45e80fbe7cf666225af039930e61010cca6b856802f47e4b3d,31.806856155395508,0.1867391054289218,0.00025,0.00025,0.048338696360588074,0.14632166922092438,0.15242961049079895,,,,,,
primary_seed1103_ckpt150_reset_mv_preserve_counter,primary,1103,150,reset_mv_preserve_counter,95,244,883e8ed48e20f7edb17fb9af9ad002d39c18e63c30e7d1990f3c3a3b4c1bb09f,31.81275749206543,0.18677375237186994,0.00025,0.00025,0.04791489616036415,0.13863398134708405,0.14519251883029938,,,,,,
primary_seed1103_ckpt150_reset_mv_preserve_counter,primary,1103,150,reset_mv_preserve_counter,96,245,baa1b083fd2086c68639cb0df1e6ca747c91257d81f5680c7fadc5c6b7447ff0,31.81848907470703,0.18680740268329826,0.00025,0.00025,0.04544498398900032,0.13264654576778412,0.13838808238506317,,,,,,
primary_seed1103_ckpt150_reset_mv_preserve_counter,primary,1103,150,reset_mv_preserve_counter,97,246,1a3756a7c8936870a4a2b95fe2ed955750e42d66d2c6a415c881f18e67965ffd,31.82364845275879,0.1868376935626372,0.00025,0.00025,0.04653910920023918,0.13699829578399658,0.14304469525814056,,,,,,
primary_seed1103_ckpt150_reset_mv_preserve_counter,primary,1103,150,reset_mv_preserve_counter,98,247,33df6172e3736caf9cf8c933392c0574435c91a28db7879f55f400870f27fcc2,31.82868194580078,0.18686724536691654,0.00025,0.00025,0.04571832716464996,0.13968850672245026,0.14537806808948517,,,,,,
primary_seed1103_ckpt150_reset_mv_preserve_counter,primary,1103,150,reset_mv_preserve_counter,99,248,100c76963a5c29cd4b88e0361d8a7a753cfa1fab74dcf9c0f6baa0b43c3abba9,31.833566665649414,0.1868959237188526,0.00025,0.00025,0.048906173557043076,0.13521285355091095,0.1415928602218628,,,,,,
primary_seed1103_ckpt150_reset_mv_preserve_counter,primary,1103,150,reset_mv_preserve_counter,100,249,2e3c011e0a299c3bb42f8cc4a58adc2efbab7c72d96e86f781cd9d5a86f29bf7,31.838176727294922,0.1869229895433858,0.00025,0.00025,0.04847164452075958,0.12946344912052155,0.13614146411418915,,,,2.891904433568319,3.697323481241862,0.805419047673543
primary_seed1103_ckpt300_reset_mv_preserve_counter,primary,1103,300,reset_mv_preserve_counter,1,300,ae4165622f6c367c33d4cb831d2c3a3f54ac74a015a7bb9b2500ed5cca25b83a,0.7266513109207153,0.004268837210547885,0.000125,0.000125,0.024280330166220665,0.7317342162132263,0.7266514301300049,29.9275761542572,30.136913755855527,0.22520194947719574,2.8292590777079263,4.8523939450581866,2.0231348673502603
primary_seed1103_ckpt300_reset_mv_preserve_counter,primary,1103,300,reset_mv_preserve_counter,2,301,302866ad905f7142e8c1fc72a2e5451fc1a2e37ed8aa52f4a5d8b514f96737bd,1.1489372253417969,0.006749627925267508,0.000125,0.000125,0.02382623590528965,0.6977031826972961,0.6927744150161743,,,,,,
primary_seed1103_ckpt300_reset_mv_preserve_counter,primary,1103,300,reset_mv_preserve_counter,3,302,4849269b2ec69561231d5f58f42bacd5cda730b7691a61e867bfc2650b221057,1.581520915031433,0.009290914679272557,0.000125,0.000125,0.023969704285264015,0.6638575196266174,0.660325825214386,,,,,,
primary_seed1103_ckpt300_reset_mv_preserve_counter,primary,1103,300,reset_mv_preserve_counter,4,303,30458ce4f1fbb6089102fdfdbbf34219094b84108f100a7411ef757b6252a9d9,2.003610849380493,0.01177055407559311,0.000125,0.000125,0.02609317936003208,0.6141796708106995,0.6120874881744385,,,,,,
primary_seed1103_ckpt300_reset_mv_preserve_counter,primary,1103,300,reset_mv_preserve_counter,5,304,0ed97306248f9f70245e2d014a9c1491e7b136ea5b4517a7377167e92384d859,2.404592990875244,0.01412619213837882,0.000125,0.000125,0.027148423716425896,0.5709555745124817,0.5685470104217529,,,,,,
primary_seed1103_ckpt300_reset_mv_preserve_counter,primary,1103,300,reset_mv_preserve_counter,6,305,6cfdc0a9df8b88695df20722eac0082272eaa4d9f8dcae7c6c729c3af5845dde,2.7823987007141113,0.016345676295744613,0.000125,0.000125,0.02915656752884388,0.5403127670288086,0.5378262996673584,,,,,,
primary_seed1103_ckpt300_reset_mv_preserve_counter,primary,1103,300,reset_mv_preserve_counter,7,306,4bec160c015afe340227b3d5470df94fe2bca64a4fe1c48e961fd2273fe81b6c,3.1298933029174805,0.0183870926753156,0.000125,0.000125,0.028951333835721016,0.5211684703826904,0.5191874504089355,,,,,,
primary_seed1103_ckpt300_reset_mv_preserve_counter,primary,1103,300,reset_mv_preserve_counter,8,307,3343f40355d68a6035942a3859a7019be5478b220edeae82b6074af081788f0b,3.4536514282226562,0.020289065068056188,0.000125,0.000125,0.02833063341677189,0.5077706575393677,0.5064565539360046,,,,,,
primary_seed1103_ckpt300_reset_mv_preserve_counter,primary,1103,300,reset_mv_preserve_counter,9,308,8776a7223d6b343983aff8403cfa292e49adc15b54c95db3c3bcae24e2584778,3.757413625717163,0.02207356796832527,0.000125,0.000125,0.026498882099986076,0.4846733510494232,0.48249155282974243,,,,,,
primary_seed1103_ckpt300_reset_mv_preserve_counter,primary,1103,300,reset_mv_preserve_counter,10,309,61fd4242a98cfea6304aaca1604d4d5eb43609a2693b5d342c04410c735b3259,4.036182403564453,0.023711242756946565,0.000125,0.000125,0.02718469128012657,0.4692591428756714,0.46626242995262146,,,,,,
primary_seed1103_ckpt300_reset_mv_preserve_counter,primary,1103,300,reset_mv_preserve_counter,11,310,240b8f83639cba2bcf692080301128076919bd2888e0835d87710f74fc8552c2,4.299445152282715,0.025257824729606422,0.000125,0.000125,0.025923054665327072,0.4450245499610901,0.44196826219558716,,,,,,
primary_seed1103_ckpt300_reset_mv_preserve_counter,primary,1103,300,reset_mv_preserve_counter,12,311,9b38fb24ac3d8757a456de89b2ae6d26c0d5d7dc16a2f4896cd59852105aefd1,4.5416083335876465,0.026680453690489065,0.000125,0.000125,0.02582320012152195,0.4306353032588959,0.427943617105484,,,,,,
primary_seed1103_ckpt300_reset_mv_preserve_counter,primary,1103,300,reset_mv_preserve_counter,13,312,38a0c8c79de902df6a987a36792530883dcfadc28a99b9a2ccd6f0bd2d952e19,4.771982669830322,0.02803382706796489,0.000125,0.000125,0.026194585487246513,0.43796011805534363,0.4350349009037018,,,,,,
primary_seed1103_ckpt300_reset_mv_preserve_counter,primary,1103,300,reset_mv_preserve_counter,14,313,830d6a3bb145ec4d919f359ae87d16e9f3b2a79b26c0a8d0af383ff77edf4819,4.994955539703369,0.02934371926736198,0.000125,0.000125,0.028461851179599762,0.4299398958683014,0.4273569881916046,,,,,,
primary_seed1103_ckpt300_reset_mv_preserve_counter,primary,1103,300,reset_mv_preserve_counter,15,314,4093c87ce5fab3c2c060dd1862de2f1e8c79e662022e47fd42452c0e28fff7c8,5.208190441131592,0.030596404108253466,0.000125,0.000125,0.028249235823750496,0.4263263940811157,0.4242234528064728,,,,,,
primary_seed1103_ckpt300_reset_mv_preserve_counter,primary,1103,300,reset_mv_preserve_counter,16,315,31478158211bd452012d253c37f3d885e8435970e901918ae086d3209ac96b04,5.398656845092773,0.03171533152277712,0.000125,0.000125,0.028275838121771812,0.4001050591468811,0.39761558175086975,,,,,,
primary_seed1103_ckpt300_reset_mv_preserve_counter,primary,1103,300,reset_mv_preserve_counter,17,316,1be49826655abd85ed3782505935df23bad878bfbd07ee19286b3c435d0e0e81,5.56714391708374,0.032705137598403634,0.000125,0.000125,0.028651384636759758,0.43987971544265747,0.43710848689079285,,,,,,
primary_seed1103_ckpt300_reset_mv_preserve_counter,primary,1103,300,reset_mv_preserve_counter,18,317,5ae62f5ec5d15e872d6c32b05759273d3a1e9b1b6216617c5f4bc209b8719f45,5.731812000274658,0.03367250837218551,0.000125,0.000125,0.0271450225263834,0.4118750989437103,0.40946927666664124,,,,,,
primary_seed1103_ckpt300_reset_mv_preserve_counter,primary,1103,300,reset_mv_preserve_counter,19,318,e86af0bbaffc1a1705ac143d91660f84ea4752cafa40fb7e48f1a840ea86ed46,5.8949294090271,0.034630769444182044,0.000125,0.000125,0.026263009756803513,0.40902024507522583,0.4068453311920166,,,,,,
primary_seed1103_ckpt300_reset_mv_preserve_counter,primary,1103,300,reset_mv_preserve_counter,20,319,ffdbd03922ca269c7a1e40c1340c244b598de6bcb0cdfb733c09141518a79e2a,6.056856155395508,0.0355820357666835,0.000125,0.000125,0.025373326614499092,0.37991616129875183,0.3778226375579834,,,,2.7094635168711343,4.10429843266805,1.3948349157969155
primary_seed1103_ckpt300_reset_mv_preserve_counter,primary,1103,300,reset_mv_preserve_counter,21,320,02dbb1a9ffe3c55f92ab8ebb657c2d24689cf5e3c2c6c7465240cd3ef6849904,6.2154717445373535,0.03651385013063717,0.000125,0.000125,0.026193715631961823,0.3675119876861572,0.36489737033843994,,,,,,
primary_seed1103_ckpt300_reset_mv_preserve_counter,primary,1103,300,reset_mv_preserve_counter,22,321,c1b6d99a0c60479313becaf2f220186348cb2ca6961ca0eda23070ab9863f179,6.366427898406982,0.037400667834142524,0.000125,0.000125,0.027112135663628578,0.3558955788612366,0.3528970181941986,,,,,,
primary_seed1103_ckpt300_reset_mv_preserve_counter,primary,1103,300,reset_mv_preserve_counter,23,322,dd953e6be6373e78066e0b4267f1776043b90299605dcef1246d14c8d41cbdb7,6.506041526794434,0.03822085193482872,0.000125,0.000125,0.028076721355319023,0.3465910851955414,0.3445078432559967,,,,,,
primary_seed1103_ckpt300_reset_mv_preserve_counter,primary,1103,300,reset_mv_preserve_counter,24,323,a0d0715f2f060332d9a0ade04fb0be40b9b7f31935837409d93e38312326bad9,6.640052318572998,0.03900812121510357,0.000125,0.000125,0.02851894684135914,0.3324066400527954,0.330260694026947,,,,,,
primary_seed1103_ckpt300_reset_mv_preserve_counter,primary,1103,300,reset_mv_preserve_counter,25,324,05c8b5efb585fb7296b6367d3b5a5bdbda3e9998252d23d973f2283af36e9342,6.769032955169678,0.03976583998980228,0.000125,0.000125,0.027735866606235504,0.3178063929080963,0.3156701922416687,,,,,,
primary_seed1103_ckpt300_reset_mv_preserve_counter,primary,1103,300,reset_mv_preserve_counter,26,325,ceda0c068a63b3ffbf32228c66bf42b56dd17ed68da91589f00c0c85457e3fd7,6.8887481689453125,0.0404691274559552,0.000125,0.000125,0.02696593664586544,0.305096298456192,0.3036559820175171,,,,,,
primary_seed1103_ckpt300_reset_mv_preserve_counter,primary,1103,300,reset_mv_preserve_counter,27,326,1554d906b335845076ae39238f19b3585d704171d9f595560b23a0b14f39ca23,7.003176212310791,0.041141354536685035,0.000125,0.000125,0.02625574916601181,0.29397445917129517,0.29234811663627625,,,,,,
primary_seed1103_ckpt300_reset_mv_preserve_counter,primary,1103,300,reset_mv_preserve_counter,28,327,cae8770a352b4732bf44789ff6d3e5713eb50ccf19c2f430ba8e00cdc745e754,7.112489223480225,0.04178353248732528,0.000125,0.000125,0.025039946660399437,0.2844969928264618,0.2827056348323822,,,,,,
primary_seed1103_ckpt300_reset_mv_preserve_counter,primary,1103,300,reset_mv_preserve_counter,29,328,6fba19d1a50933acdc8fd195a1a2454dfb1b82a21e59b6457ffacfdf1ca6e264,7.2143659591674805,0.04238202476781105,0.000125,0.000125,0.025923775508999825,0.25934839248657227,0.25784969329833984,,,,,,
primary_seed1103_ckpt300_reset_mv_preserve_counter,primary,1103,300,reset_mv_preserve_counter,30,329,fb49de40856a5e0866e260b4a6e88be8fa760433de8a28de6f4f520c44e51af2,7.306789875030518,0.04292498484405555,0.000125,0.000125,0.024912288412451744,0.2805648148059845,0.27889057993888855,,,,,,
primary_seed1103_ckpt300_reset_mv_preserve_counter,primary,1103,300,reset_mv_preserve_counter,31,330,4a82b22e9736a97ab4e82659b2dcb4e9f935515abec1bddae47481262b9530ac,7.395588397979736,0.043446646930547915,0.000125,0.000125,0.02480613999068737,0.26754993200302124,0.2664133906364441,,,,,,
primary_seed1103_ckpt300_reset_mv_preserve_counter,primary,1103,300,reset_mv_preserve_counter,32,331,65418b6651deaa8890d427de0a362acab3398a470e89fb78063fcf00eb7dea2a,7.481642723083496,0.043952187758192,0.000125,0.000125,0.024019021540880203,0.2528489828109741,0.25206711888313293,,,,,,
primary_seed1103_ckpt300_reset_mv_preserve_counter,primary,1103,300,reset_mv_preserve_counter,33,332,d5c5be3ce34853f33e49a3a81aeb5e8c76eb4cd4634189dcd646c974b4c0a97e,7.56463623046875,0.04443974728947688,0.000125,0.000125,0.024959266185760498,0.2439153790473938,0.24233728647232056,,,,,,
primary_seed1103_ckpt300_reset_mv_preserve_counter,primary,1103,300,reset_mv_preserve_counter,34,333,429fbcdaf0ed4c8fdf8082200cbc18f76206db7f3e231e51a36f1c5a56a32a70,7.642225742340088,0.04489556012631735,0.000125,0.000125,0.024424400180578232,0.2345341145992279,0.2332691103219986,,,,,,
primary_seed1103_ckpt300_reset_mv_preserve_counter,primary,1103,300,reset_mv_preserve_counter,35,334,25671c8f058a9a176b84ee0b0433651abd4ccfe24bb23f49403341a5d27f7460,7.716429710388184,0.04533148400784542,0.000125,0.000125,0.025541702285408974,0.22988177835941315,0.2278745025396347,,,,,,
primary_seed1103_ckpt300_reset_mv_preserve_counter,primary,1103,300,reset_mv_preserve_counter,36,335,490e6a616df6240cf6ec8f70f0cbb6592e03d7c388167d649d6b7458d36d1903,7.785882472991943,0.045739496121664655,0.000125,0.000125,0.029615897685289383,0.23268865048885345,0.23060843348503113,,,,,,
primary_seed1103_ckpt300_reset_mv_preserve_counter,primary,1103,300,reset_mv_preserve_counter,37,336,50dd4561dd7cf78618639c718ef0c309d2f01233ec89b937a0cb266e8d417ea1,7.851718902587891,0.04612626346969667,0.000125,0.000125,0.029579857364296913,0.21993717551231384,0.21758128702640533,,,,,,
primary_seed1103_ckpt300_reset_mv_preserve_counter,primary,1103,300,reset_mv_preserve_counter,38,337,864fdc177bd526b305da8496132418568870f907a38050dd59f0ee6113f73fc7,7.913175582885742,0.046487301232581595,0.000125,0.000125,0.02825506404042244,0.21552187204360962,0.21419472992420197,,,,,,
primary_seed1103_ckpt300_reset_mv_preserve_counter,primary,1103,300,reset_mv_preserve_counter,39,338,95dc3d6417825f59ec4046fb2859ced5b270fb44ba452f714e3e4b593458cdcb,7.969909191131592,0.046820592502175074,0.000125,0.000125,0.027994774281978607,0.24706968665122986,0.2454645335674286,,,,,,
primary_seed1103_ckpt300_reset_mv_preserve_counter,primary,1103,300,reset_mv_preserve_counter,40,339,79bbbe5fedce0fe3846d5a452fe0bed4a309bbf0d3eb0fa80cc75ffdfaa84e94,8.025609970092773,0.04714781623976761,0.000125,0.000125,0.030662355944514275,0.226345032453537,0.224731907248497,,,,,,
primary_seed1103_ckpt300_reset_mv_preserve_counter,primary,1103,300,reset_mv_preserve_counter,41,340,90fce697f025b122cafc62074e0eaef3da0014914c2cf928d5ab09665c1bedc0,8.078678131103516,0.04745957421365878,0.000125,0.000125,0.029563073068857193,0.21423445641994476,0.21336041390895844,,,,,,
primary_seed1103_ckpt300_reset_mv_preserve_counter,primary,1103,300,reset_mv_preserve_counter,42,341,cfb1410e4bc9151144545b2d81912392df7071c86a6a5b52603c40c304da7028,8.129379272460938,0.04775742672639914,0.000125,0.000125,0.026598704978823662,0.2095179408788681,0.20854011178016663,,,,,,
primary_seed1103_ckpt300_reset_mv_preserve_counter,primary,1103,300,reset_mv_preserve_counter,43,342,5f4e34bc74edb0b8488984beb1217b4accec0d6a809c96d8794805f5e4c506b0,8.177002906799316,0.0480371998986344,0.000125,0.000125,0.025329872965812683,0.21201549470424652,0.2105812430381775,,,,,,
primary_seed1103_ckpt300_reset_mv_preserve_counter,primary,1103,300,reset_mv_preserve_counter,44,343,bc76a9b07b924dae9328f5ad4d84d0cc78e8764d58932b85c3ff8d7d714276e5,8.222296714782715,0.048303286108101154,0.000125,0.000125,0.024596745148301125,0.19817744195461273,0.19602715969085693,,,,,,
primary_seed1103_ckpt300_reset_mv_preserve_counter,primary,1103,300,reset_mv_preserve_counter,45,344,40c9127ee8fdf707e8cf068905e7c2d8378fabcc30cc21b44ea2623f5f5b2c90,8.26448917388916,0.04855115291399723,0.000125,0.000125,0.02443513460457325,0.19236023724079132,0.19008426368236542,,,,,,
primary_seed1103_ckpt300_reset_mv_preserve_counter,primary,1103,300,reset_mv_preserve_counter,46,345,7d9e88be58773000bccec3c88a246c01292afa991399a62fa3e29a0572f0cd08,8.303837776184082,0.04878231299743089,0.000125,0.000125,0.02591615356504917,0.19284284114837646,0.19069966673851013,,,,,,
primary_seed1103_ckpt300_reset_mv_preserve_counter,primary,1103,300,reset_mv_preserve_counter,47,346,9c73cbd9104b57cf955ecaccb8801c78aadff9985fd1ab1cf47591b7b6446891,8.339600563049316,0.048992407595801285,0.000125,0.000125,0.026520365849137306,0.18993645906448364,0.18875519931316376,,,,,,
primary_seed1103_ckpt300_reset_mv_preserve_counter,primary,1103,300,reset_mv_preserve_counter,48,347,fe466ca283d051bbecaba2c8ca604ffd43ac260b72dcd066c8c524b48ccb6fe6,8.374456405639648,0.049197174195157,0.000125,0.000125,0.026981977745890617,0.18827152252197266,0.18730853497982025,,,,,,
primary_seed1103_ckpt300_reset_mv_preserve_counter,primary,1103,300,reset_mv_preserve_counter,49,348,87b4f7257af1367ab96585538fbac8c6cad5965997933ee87f5ce3b6a86cd3aa,8.407805442810059,0.04939308880876805,0.000125,0.000125,0.026553351432085037,0.18874026834964752,0.18713973462581635,,,,,,
primary_seed1103_ckpt300_reset_mv_preserve_counter,primary,1103,300,reset_mv_preserve_counter,50,349,4da5dd28dd9511f89c3e75c6aeebcbfb121fd81ef6632945a87219ec50ca83b4,8.441415786743164,0.04959053851357785,0.000125,0.000125,0.02631239965558052,0.18483753502368927,0.18225498497486115,,,,,,
primary_seed1103_ckpt300_reset_mv_preserve_counter,primary,1103,300,reset_mv_preserve_counter,51,350,c39829bf252b583980c3cf1f97990e0e00814a17eccc2d7627c01f728c109eea,8.475027084350586,0.04978799382091028,0.000125,0.000125,0.029526468366384506,0.17541371285915375,0.17191846668720245,,,,,,
primary_seed1103_ckpt300_reset_mv_preserve_counter,primary,1103,300,reset_mv_preserve_counter,52,351,0419bfdede45bcd749758b7a2ec4872f288b296dac6eed36d249d1f984b88471,8.506139755249023,0.04997077051896989,0.000125,0.000125,0.02854573167860508,0.16475796699523926,0.16229328513145447,,,,,,
primary_seed1103_ckpt300_reset_mv_preserve_counter,primary,1103,300,reset_mv_preserve_counter,53,352,c433e134009d428972b2a7aea429d1e8f157ff390be8a5f4a0ace059d15f46fc,8.534789085388184,0.05013907590109376,0.000125,0.000125,0.029373306781053543,0.16780833899974823,0.16730856895446777,,,,,,
primary_seed1103_ckpt300_reset_mv_preserve_counter,primary,1103,300,reset_mv_preserve_counter,54,353,77e4c8bf25963d3b5ab7f3c6764f997022c3f3293b5ae9ec34b853b16ed97137,8.562049865722656,0.050299224010278226,0.000125,0.000125,0.028036724776029587,0.17219024896621704,0.17216187715530396,,,,,,
primary_seed1103_ckpt300_reset_mv_preserve_counter,primary,1103,300,reset_mv_preserve_counter,55,354,b2f439eea8b6e9f8c26f4e9ea889ea2e64acabf71e2da32520d83287dded9920,8.585834503173828,0.0504389509245011,0.000125,0.000125,0.027838382869958878,0.1666315793991089,0.1659994274377823,,,,,,
primary_seed1103_ckpt300_reset_mv_preserve_counter,primary,1103,300,reset_mv_preserve_counter,56,355,d03e68982d5f8ad08acaea504c8c2f94af91f5f31e8cd5d4195086d42913cc10,8.60899829864502,0.050575030596496255,0.000125,0.000125,0.026918070390820503,0.16984029114246368,0.16887301206588745,,,,,,
primary_seed1103_ckpt300_reset_mv_preserve_counter,primary,1103,300,reset_mv_preserve_counter,57,356,4f9b808ab48ef1853d452189b36cfc7a1c05bcece48f43c67bc22674447e635f,8.631966590881348,0.05070996175135365,0.000125,0.000125,0.025783415883779526,0.15889950096607208,0.15739089250564575,,,,,,
primary_seed1103_ckpt300_reset_mv_preserve_counter,primary,1103,300,reset_mv_preserve_counter,58,357,82d05f81b72f34a896fbca72a7dd933f255f354108cef77df71197d14e22295d,8.653792381286621,0.050838181084108446,0.000125,0.000125,0.02397974021732807,0.15162606537342072,0.14993828535079956,,,,,,
primary_seed1103_ckpt300_reset_mv_preserve_counter,primary,1103,300,reset_mv_preserve_counter,59,358,8336e17ac7c75dda54be0db55c705a3bafe6c89466384e07455c8308bc0a62fe,8.674419403076172,0.050959358045925864,0.000125,0.000125,0.023718377575278282,0.14402242004871368,0.1419549286365509,,,,,,
primary_seed1103_ckpt300_reset_mv_preserve_counter,primary,1103,300,reset_mv_preserve_counter,60,359,fe24f462548cfa4e779caaee5ad1dcbaa225a65c80ad8749b45dc10e0a668af4,8.694361686706543,0.05107651239649982,0.000125,0.000125,0.02458677999675274,0.1389634609222412,0.13645324110984802,,,,,,
primary_seed1103_ckpt300_reset_mv_preserve_counter,primary,1103,300,reset_mv_preserve_counter,61,360,2506510c762677488f095179ac07bcdbcdf5cb39f7c1255e4794d30cd09ac91b,8.713935852050781,0.051191504173341215,0.000125,0.000125,0.024976663291454315,0.13807278871536255,0.13606613874435425,,,,,,
primary_seed1103_ckpt300_reset_mv_preserve_counter,primary,1103,300,reset_mv_preserve_counter,62,361,8883a3b26e9c811581ffd572ceedcca1890cb48f7fa4da9da52786a1fa1c7579,8.732856750488281,0.05130265822218571,0.000125,0.000125,0.026897182688117027,0.14285458624362946,0.14094915986061096,,,,,,
primary_seed1103_ckpt300_reset_mv_preserve_counter,primary,1103,300,reset_mv_preserve_counter,63,362,8f4aca6d06723408b80db861f7bf208564353f08138aab0d27eaa6f69fe2b19a,8.751112937927246,0.05140990731276183,0.000125,0.000125,0.026192886754870415,0.13125519454479218,0.1299983710050583,,,,,,
primary_seed1103_ckpt300_reset_mv_preserve_counter,primary,1103,300,reset_mv_preserve_counter,64,363,5784703f95915ee6231a818d9d50a70b600d2f09197feb50af6b0aa8d6a8eec3,8.768259048461914,0.051510635067004526,0.000125,0.000125,0.02521304227411747,0.12862424552440643,0.12695342302322388,,,,,,
primary_seed1103_ckpt300_reset_mv_preserve_counter,primary,1103,300,reset_mv_preserve_counter,65,364,1de9051582df23b71a19f317edc2e52b62de95d0217dcfcfe665a52cee3ee3af,8.783961296081543,0.051602880601995686,0.000125,0.000125,0.029455000534653664,0.13509151339530945,0.13248763978481293,,,,,,
primary_seed1103_ckpt300_reset_mv_preserve_counter,primary,1103,300,reset_mv_preserve_counter,66,365,8bb97f9cc198b285493740b9a472792d23e014560e852033d9679077b13bffa2,8.799060821533203,0.05169158534268897,0.000125,0.000125,0.027847591787576675,0.1334354430437088,0.13119827210903168,,,,,,
primary_seed1103_ckpt300_reset_mv_preserve_counter,primary,1103,300,reset_mv_preserve_counter,67,366,247bb042fd65882e776d944a2cd875fc7e3fb287c561dcdf51524d29f78dca4d,8.81396198272705,0.05177912475867664,0.000125,0.000125,0.02706213667988777,0.13287894427776337,0.130482479929924,,,,,,
primary_seed1103_ckpt300_reset_mv_preserve_counter,primary,1103,300,reset_mv_preserve_counter,68,367,b3b04fae4e83388c0d8c42035a7dc7734a7dbb8939b53e1540c3442aacd5c89d,8.828385353088379,0.05186385731083007,0.000125,0.000125,0.02725273370742798,0.12949685752391815,0.12759290635585785,,,,,,
primary_seed1103_ckpt300_reset_mv_preserve_counter,primary,1103,300,reset_mv_preserve_counter,69,368,e77d71029d6a66d16a5f9cc6b0123a5ed5ca8246e3ccea5380ebbf82d5d788a7,8.842098236083984,0.051944415983629214,0.000125,0.000125,0.026983188465237617,0.13066843152046204,0.1288096010684967,,,,,,
primary_seed1103_ckpt300_reset_mv_preserve_counter,primary,1103,300,reset_mv_preserve_counter,70,369,e7f16c57198754397d220537bd806d42a1466e16bb6b613fa8a316e5a10a8424,8.855263710021973,0.052021758808442634,0.000125,0.000125,0.02889293245971203,0.1245114654302597,0.1222337931394577,,,,,,
primary_seed1103_ckpt300_reset_mv_preserve_counter,primary,1103,300,reset_mv_preserve_counter,71,370,4b04a4e0459691aa7c06b1bb407a7af090cfec9c5221a7bcda450d1ccd47d48e,8.868592262268066,0.05210005966462462,0.000125,0.000125,0.02877126820385456,0.12330061942338943,0.1210009902715683,,,,,,
primary_seed1103_ckpt300_reset_mv_preserve_counter,primary,1103,300,reset_mv_preserve_counter,72,371,1ee4b80274d52d3beb52e19e23b0f6573d1351c154051750f605e9daa652b033,8.880973815917969,0.05217279721584177,0.000125,0.000125,0.028324315324425697,0.12494031339883804,0.12199569493532181,,,,,,
primary_seed1103_ckpt300_reset_mv_preserve_counter,primary,1103,300,reset_mv_preserve_counter,73,372,764344caae0f36e1a91c034d16038c1cdbd5d9dafc2225a6c68e237643b3ddea,8.892494201660156,0.05224047568913014,0.000125,0.000125,0.02692403458058834,0.11882708966732025,0.11672705411911011,,,,,,
primary_seed1103_ckpt300_reset_mv_preserve_counter,primary,1103,300,reset_mv_preserve_counter,74,373,517415740a1a7ba346421170b1a4e84f46456376eb3317d321ab9ec5b82b3c7c,8.903220176696777,0.052303487261073395,0.000125,0.000125,0.02540106140077114,0.11727362126111984,0.11546238511800766,,,,,,
primary_seed1103_ckpt300_reset_mv_preserve_counter,primary,1103,300,reset_mv_preserve_counter,75,374,b8ea256b8499da12bf63d20c048765e91f9225db549b695c799a14c188a2f27e,8.913530349731445,0.052364056133152925,0.000125,0.000125,0.026402899995446205,0.124192014336586,0.12171322107315063,,,,,,
primary_seed1103_ckpt300_reset_mv_preserve_counter,primary,1103,300,reset_mv_preserve_counter,76,375,3483fb24d8ee37e369dbada975a65362d6814615e4b1ce9c2fde122819a3e824,8.923463821411133,0.052422412008796285,0.000125,0.000125,0.025952283293008804,0.11851399391889572,0.11601069569587708,,,,,,
primary_seed1103_ckpt300_reset_mv_preserve_counter,primary,1103,300,reset_mv_preserve_counter,77,376,84c3e6ad03bc8c4d07d42974b66c54d8bfe5c330fa8d6f5f822cec136b03727e,8.933286666870117,0.05248011799181535,0.000125,0.000125,0.026021746918559074,0.1141122505068779,0.11182505637407303,,,,,,
primary_seed1103_ckpt300_reset_mv_preserve_counter,primary,1103,300,reset_mv_preserve_counter,78,377,0aacafbe48fc223bce94649088d9f9aa5169179887577ebf64a8382aa253f80b,8.942730903625488,0.052535599773353,0.000125,0.000125,0.027152802795171738,0.11088303476572037,0.10936915129423141,,,,,,
primary_seed1103_ckpt300_reset_mv_preserve_counter,primary,1103,300,reset_mv_preserve_counter,79,378,bef0a4e99832fa7a1b6c75613b6724e30171575bbb5cd867e188ead3257f06ee,8.952327728271484,0.052591977958510366,0.000125,0.000125,0.027104223147034645,0.11896741390228271,0.11811448633670807,,,,,,
primary_seed1103_ckpt300_reset_mv_preserve_counter,primary,1103,300,reset_mv_preserve_counter,80,379,5bcf41b4a073a20047168057ef00c7852fb71dc51431792c4453d63e892664c6,8.96201229095459,0.05264887157574907,0.000125,0.000125,0.025537531822919846,0.12118566781282425,0.11920858174562454,,,,,,
primary_seed1103_ckpt300_reset_mv_preserve_counter,primary,1103,300,reset_mv_preserve_counter,81,380,8fdd647fc8b2716400f9fd08da095bf7cd156a8b209b5c4f6ef8990c1446d6cf,8.971614837646484,0.052705283376042175,0.000125,0.000125,0.02644418179988861,0.1154756173491478,0.11290956288576126,,,,,,
primary_seed1103_ckpt300_reset_mv_preserve_counter,primary,1103,300,reset_mv_preserve_counter,82,381,f7859eeb6f4298cf17b880622255512c8f5ec44686450884217768665c214364,8.981306076049805,0.05276221621093924,0.000125,0.000125,0.025952082127332687,0.11278465390205383,0.11050251126289368,,,,,,
primary_seed1103_ckpt300_reset_mv_preserve_counter,primary,1103,300,reset_mv_preserve_counter,83,382,f2942ad5b2407e88c9dd162f931c475f47a8f4f08899aeba45f15a7c02b54940,8.99039077758789,0.052815585841447944,0.000125,0.000125,0.026780085638165474,0.1193353459239006,0.11796695739030838,,,,,,
primary_seed1103_ckpt300_reset_mv_preserve_counter,primary,1103,300,reset_mv_preserve_counter,84,383,117ba3c2aae977fd72181b68faa3cd6d79913348278b703874e069b51b2f8dab,8.999136924743652,0.05286696657642541,0.000125,0.000125,0.02593676745891571,0.142633318901062,0.1403868943452835,,,,,,
primary_seed1103_ckpt300_reset_mv_preserve_counter,primary,1103,300,reset_mv_preserve_counter,85,384,c10a350716b7f12d2193a4a91e988f183cae82b19038b89f89286f382d575724,9.008559226989746,0.05292231949994272,0.000125,0.000125,0.02671963907778263,0.1366913616657257,0.13452203571796417,,,,,,
primary_seed1103_ckpt300_reset_mv_preserve_counter,primary,1103,300,reset_mv_preserve_counter,86,385,684a3d755b5f4768f69bdfcd91a1f835d9454225782527b0bde8139c55896f54,9.01806926727295,0.05297818785554138,0.000125,0.000125,0.026407556608319283,0.1334741860628128,0.13144893944263458,,,,,,
primary_seed1103_ckpt300_reset_mv_preserve_counter,primary,1103,300,reset_mv_preserve_counter,87,386,06b35c706c3775213da9399b35cb5030354c6613842a2a36776497c4430ee65a,9.027434349060059,0.05303320462770131,0.000125,0.000125,0.025656431913375854,0.12961362302303314,0.12801267206668854,,,,,,
primary_seed1103_ckpt300_reset_mv_preserve_counter,primary,1103,300,reset_mv_preserve_counter,88,387,e84e0d8b625cded8a6bfd8a615e14a489b2fff8d86d551a2325071d461cfd171,9.037175178527832,0.05309042879377478,0.000125,0.000125,0.028047801926732063,0.12604424357414246,0.12400170415639877,,,,,,
primary_seed1103_ckpt300_reset_mv_preserve_counter,primary,1103,300,reset_mv_preserve_counter,89,388,9cca91449e85734b666f800b57b9a1d5fed6fd15e88e184e6c21ac16d49ff23a,9.04698657989502,0.05314806754652236,0.000125,0.000125,0.0288550928235054,0.11868597567081451,0.11733988672494888,,,,,,
primary_seed1103_ckpt300_reset_mv_preserve_counter,primary,1103,300,reset_mv_preserve_counter,90,389,289bb92bb9474fee63f34f9eca63ea5b750c23150ffeca59b65b3f0603d514d3,9.056979179382324,0.05320677077856836,0.000125,0.000125,0.029229292646050453,0.11443156003952026,0.11243636161088943,,,,,,
primary_seed1103_ckpt300_reset_mv_preserve_counter,primary,1103,300,reset_mv_preserve_counter,91,390,1e45665964579c994af3428c3fa605e7cec892a10c9da5d026e12074d2f773b1,9.066754341125488,0.05326419663545627,0.000125,0.000125,0.02953372709453106,0.11243093013763428,0.10999955981969833,,,,,,
primary_seed1103_ckpt300_reset_mv_preserve_counter,primary,1103,300,reset_mv_preserve_counter,92,391,4526c7895df23f0c37419d42678b58e390a65d3b401a3aae26676743e53c9a66,9.075787544250488,0.05331726372974332,0.000125,0.000125,0.029178807511925697,0.1068924069404602,0.1042875275015831,,,,,,
primary_seed1103_ckpt300_reset_mv_preserve_counter,primary,1103,300,reset_mv_preserve_counter,93,392,25daceba7222f7b8188d9f142c1a01e09285912564cd1ae6675d9511030f6495,9.084776878356934,0.053370073107989704,0.000125,0.000125,0.028905712068080902,0.10875598341226578,0.1053888201713562,,,,,,
primary_seed1103_ckpt300_reset_mv_preserve_counter,primary,1103,300,reset_mv_preserve_counter,94,393,a5ee4745c542eb2ab7ad3db98e208c3ddbc318dd46107fbee704ae6200a8e801,9.092744827270508,0.053416882184506624,0.000125,0.000125,0.027774780988693237,0.10574305057525635,0.10300015658140182,,,,,,
primary_seed1103_ckpt300_reset_mv_preserve_counter,primary,1103,300,reset_mv_preserve_counter,95,394,64a09d557d575543f7b9b61450b3483961b3ddc2a2d026e76e7b40b7a8690a74,9.100677490234375,0.053463483967686486,0.000125,0.000125,0.02792898193001747,0.10820996016263962,0.10487969219684601,,,,,,
primary_seed1103_ckpt300_reset_mv_preserve_counter,primary,1103,300,reset_mv_preserve_counter,96,395,de670d8399a8ddf6124c4ccf33299ea9068d24094623c5137c93f2daa808ebe4,9.108405113220215,0.05350888120850236,0.000125,0.000125,0.026994772255420685,0.10259830206632614,0.10003357380628586,,,,,,
primary_seed1103_ckpt300_reset_mv_preserve_counter,primary,1103,300,reset_mv_preserve_counter,97,396,a72620cc81405ded2d1d09fcdf50e60777f99478dc3c1190c28e7253bc9bcc28,9.115554809570312,0.05355088332060857,0.000125,0.000125,0.026886142790317535,0.1010204553604126,0.09834998100996017,,,,,,
primary_seed1103_ckpt300_reset_mv_preserve_counter,primary,1103,300,reset_mv_preserve_counter,98,397,61db5b89927f597bbed3d8ef6c14818d6f42f0ac578089d4480a3a74afbee772,9.12209415435791,0.05358929981823592,0.000125,0.000125,0.025898490101099014,0.10454466938972473,0.10173360258340836,,,,,,
primary_seed1103_ckpt300_reset_mv_preserve_counter,primary,1103,300,reset_mv_preserve_counter,99,398,84dad3087703f01799359b8301136239737d5c1a9334c4253336a6a2c17111ec,9.128708839416504,0.05362815891515051,0.000125,0.000125,0.026972755789756775,0.10724704712629318,0.1040043979883194,,,,,,
primary_seed1103_ckpt300_reset_mv_preserve_counter,primary,1103,300,reset_mv_preserve_counter,100,399,b8c239fc35de865c2460bbc20052ca074e8d5ac9b88b2d2bcff09c610341dddc,9.13537883758545,0.053667342958377245,6.25e-05,6.25e-05,0.026091940701007843,0.10453509539365768,0.10106182843446732,,,,2.714883327484131,2.7990451653798423,0.08416183789571141
long_training_seed1301_ckpt750_reset_mv_preserve_counter,long_training,1301,750,reset_mv_preserve_counter,1,750,fc5a340f25a90009db25d6e9d6d79140f55e01ad538716200251a1e88baef1d6,7.63206672668457,0.04513444000326632,0.001,0.001,0.22459514439105988,7.687423229217529,7.63206672668457,33.981441350138056,34.227913742418835,0.2601924538612366,2.562688668568929,28.155654907226562,25.592966238657635
long_training_seed1301_ckpt750_reset_mv_preserve_counter,long_training,1301,750,reset_mv_preserve_counter,2,751,a0cfc08c9afe461a0f75f819a7d0ef5529097281df6e1c92109b8540507bb80d,12.512472152709961,0.0739961328816051,0.001,0.001,0.21600684523582458,8.101698875427246,8.0843505859375,,,,,,
long_training_seed1301_ckpt750_reset_mv_preserve_counter,long_training,1301,750,reset_mv_preserve_counter,3,752,34ace5ca86c4b8036cf0608eda24c15a17eadb6ed8e95f9be1e11f8a98cb8f55,18.184314727783203,0.10753821886960606,0.001,0.001,0.20995140075683594,8.605932235717773,8.597860336303711,,,,,,
long_training_seed1301_ckpt750_reset_mv_preserve_counter,long_training,1301,750,reset_mv_preserve_counter,4,753,67508539fff7d6d74cbe11e8001c518950f5d695f2e4596d858c208bc18d18c3,23.988435745239258,0.14186257178939077,0.001,0.001,0.20646435022354126,8.507320404052734,8.50275993347168,,,,,,
long_training_seed1301_ckpt750_reset_mv_preserve_counter,long_training,1301,750,reset_mv_preserve_counter,5,754,0653b2cd54da14385a2007a7ef9ce0a42b1f634c80b458ea5b547574e8d11469,29.098894119262695,0.17208474949455746,0.001,0.001,0.23309040069580078,8.617717742919922,8.616154670715332,,,,,,
long_training_seed1301_ckpt750_reset_mv_preserve_counter,long_training,1301,750,reset_mv_preserve_counter,6,755,9faacc1c13dd44d4f48ddcf079ca2fc1e345269dfabcba5420cf09489cd2f4c8,34.41572189331055,0.2035273524970221,0.001,0.001,0.2352784276008606,8.304606437683105,8.302257537841797,,,,,,
long_training_seed1301_ckpt750_reset_mv_preserve_counter,long_training,1301,750,reset_mv_preserve_counter,7,756,e508594741a4df712fb2c8d5f0e1eff084a856d07be5a7dae1859a71f29a8e29,39.55354690551758,0.23391137075382729,0.001,0.001,0.2253543883562088,7.894579887390137,7.892788410186768,,,,,,
long_training_seed1301_ckpt750_reset_mv_preserve_counter,long_training,1301,750,reset_mv_preserve_counter,8,757,34ed26bdfde84e1fb419f2a3cf9793bd98cf51ac3dcb018f32417eedb2e70944,44.25917434692383,0.26173946333185644,0.001,0.001,0.2412072718143463,7.726568698883057,7.725356101989746,,,,,,
long_training_seed1301_ckpt750_reset_mv_preserve_counter,long_training,1301,750,reset_mv_preserve_counter,9,758,ebaa8455a2d27db0d8fc57f0f3622a6d4d08bcf89508463a0875740e025daf53,48.6834716796875,0.28790382872243253,0.001,0.001,0.23638424277305603,7.512180805206299,7.512261390686035,,,,,,
long_training_seed1301_ckpt750_reset_mv_preserve_counter,long_training,1301,750,reset_mv_preserve_counter,10,759,cfaa10ea0f1239a2714eb7a115918820c15c30b2325dccd398b534cd53f3eb0a,52.93302536010742,0.3130347968465664,0.001,0.001,0.22891032695770264,7.166173458099365,7.166500091552734,,,,,,
long_training_seed1301_ckpt750_reset_mv_preserve_counter,long_training,1301,750,reset_mv_preserve_counter,11,760,2ee3ffb627e3babe6c40a05c8c6e5eafb844124e38c5e1269c94297c5b2979cb,56.949466705322266,0.3367871875703549,0.001,0.001,0.2247348427772522,6.871374607086182,6.872377395629883,,,,,,
long_training_seed1301_ckpt750_reset_mv_preserve_counter,long_training,1301,750,reset_mv_preserve_counter,12,761,04129986ece60a339b1a78e007c9cf1e61bedb0b46d2fb5da4cdd80f1571227a,60.495826721191406,0.35775961602234785,0.001,0.001,0.23938293755054474,6.989001274108887,6.990329742431641,,,,,,
long_training_seed1301_ckpt750_reset_mv_preserve_counter,long_training,1301,750,reset_mv_preserve_counter,13,762,28563d316a7d2d0a59785fa0495d6cf64679a3094b479a3df211ee65b39aa183,63.97282791137695,0.3783218709435503,0.001,0.001,0.22718121111392975,6.706089973449707,6.708014965057373,,,,,,
long_training_seed1301_ckpt750_reset_mv_preserve_counter,long_training,1301,750,reset_mv_preserve_counter,14,763,66fef6a9e06e51e45d69723d03cb5a7da4b27c14c0a1ddef5429d7d74ea9ec5f,67.16329193115234,0.3971896052074103,0.001,0.001,0.21714209020137787,6.741092205047607,6.743478775024414,,,,,,
long_training_seed1301_ckpt750_reset_mv_preserve_counter,long_training,1301,750,reset_mv_preserve_counter,15,764,639f10b0e79d64f70f7d1e0cc6c6f3a61220b368561e24ff950126cfc6569791,70.32386016845703,0.4158805420913998,0.001,0.001,0.21428367495536804,6.403255462646484,6.405703544616699,,,,,,
long_training_seed1301_ckpt750_reset_mv_preserve_counter,long_training,1301,750,reset_mv_preserve_counter,16,765,d8d6cdf961459096c294f36f16d8487a00e5315b870d0bb4b5c87b7a034b5ecb,73.40689849853516,0.43411298338415694,0.001,0.001,0.20942093431949615,6.024783611297607,6.027484893798828,,,,,,
long_training_seed1301_ckpt750_reset_mv_preserve_counter,long_training,1301,750,reset_mv_preserve_counter,17,766,40552fb0abc7b255e60284916d960083b30b9516107c0ee5861b210c52627480,76.36678314208984,0.45161711963522216,0.001,0.001,0.2061564326286316,5.656500339508057,5.6593546867370605,,,,,,
long_training_seed1301_ckpt750_reset_mv_preserve_counter,long_training,1301,750,reset_mv_preserve_counter,18,767,42d61b16b450a99595f5be867ab13d654d0273b94fae2119d9b810a9f89ab067,79.07144927978516,0.46761194723465344,0.001,0.001,0.2008984237909317,5.682248115539551,5.684345245361328,,,,,,
long_training_seed1301_ckpt750_reset_mv_preserve_counter,long_training,1301,750,reset_mv_preserve_counter,19,768,50cb0cea66b11ed1945044e441827e9b79a786e2abcaed1912f3338bece7d59b,81.7066879272461,0.4831961952355593,0.001,0.001,0.20379756391048431,5.292513370513916,5.295364856719971,,,,,,
long_training_seed1301_ckpt750_reset_mv_preserve_counter,long_training,1301,750,reset_mv_preserve_counter,20,769,5122dfa47e3895e39f440d89d8efcc811f9825aa4e3c778c98b3922fb6203870,84.22811126708984,0.49810736340670686,0.001,0.001,0.2026897817850113,4.842483043670654,4.845428943634033,,,,2.7683564821879068,90.8063227335612,88.03796625137329
long_training_seed1301_ckpt750_reset_mv_preserve_counter,long_training,1301,750,reset_mv_preserve_counter,21,770,e55865d20c4b263ee0d9dd265fb60aef21ab3ec3a25d221586b0101cbf9ea7eb,86.59947967529297,0.5121311382213932,0.001,0.001,0.2003936767578125,4.580698490142822,4.5842156410217285,,,,,,
long_training_seed1301_ckpt750_reset_mv_preserve_counter,long_training,1301,750,reset_mv_preserve_counter,22,771,0fe7bb7d03bd1ed8c7fa2949ad08bba515cbcd61023565ed8b905de9986f7aa1,88.7925796508789,0.5251006709592507,0.001,0.001,0.21307043731212616,4.6506452560424805,4.655392169952393,,,,,,
long_training_seed1301_ckpt750_reset_mv_preserve_counter,long_training,1301,750,reset_mv_preserve_counter,23,772,1c9e3c70cff1d61d3d81332594f23f72d8e8d5051c5f2397a2529ff3163e0b8e,90.86176300048828,0.5373373867916963,0.001,0.001,0.20565786957740784,4.588792324066162,4.593270301818848,,,,,,
long_training_seed1301_ckpt750_reset_mv_preserve_counter,long_training,1301,750,reset_mv_preserve_counter,24,773,b50f654962c85ab65e99abdeb29094c0efc9d94bedf39cc164973e4d4a387859,92.8267593383789,0.5489579625145307,0.001,0.001,0.19296717643737793,4.640573978424072,4.644077301025391,,,,,,
long_training_seed1301_ckpt750_reset_mv_preserve_counter,long_training,1301,750,reset_mv_preserve_counter,25,774,cdbe7efaae6287c30f6bcc4d33f06555c903c408b9fd2d65002e99801c8f6ec6,94.67376708984375,0.5598807785130578,0.001,0.001,0.2028183490037918,4.671112537384033,4.674808025360107,,,,,,
long_training_seed1301_ckpt750_reset_mv_preserve_counter,long_training,1301,750,reset_mv_preserve_counter,26,775,1b08eb3f5b4850a3ea7d1c933f9471c638e388a07bba7629fb954ffb93713c43,96.42404174804688,0.5702315353105188,0.001,0.001,0.22035455703735352,4.530209064483643,4.534477233886719,,,,,,
long_training_seed1301_ckpt750_reset_mv_preserve_counter,long_training,1301,750,reset_mv_preserve_counter,27,776,e3187e37e7e1e45feef18f61544513f32aa35d4e2afccba00765b5d74be45f7a,98.07322692871094,0.5799844701650722,0.001,0.001,0.21871599555015564,4.450327396392822,4.455044746398926,,,,,,
long_training_seed1301_ckpt750_reset_mv_preserve_counter,long_training,1301,750,reset_mv_preserve_counter,28,777,ed1c34af9916ec425ca61b79a130d2ddc1dd7c7fda50eb8322424971f135ef03,99.64938354492188,0.5893055294243413,0.001,0.001,0.2138482928276062,4.324903964996338,4.329526901245117,,,,,,
long_training_seed1301_ckpt750_reset_mv_preserve_counter,long_training,1301,750,reset_mv_preserve_counter,29,778,fc2a143352bdeed19f4cf88c86b32d746e8abeeb82354dd3e51095faec55158c,101.17588806152344,0.5983329565927092,0.001,0.001,0.21432337164878845,4.014040470123291,4.018995761871338,,,,,,
long_training_seed1301_ckpt750_reset_mv_preserve_counter,long_training,1301,750,reset_mv_preserve_counter,30,779,f5e09ec0c75dfa4ca1ba3a95d8cf218024cde62504d6ea453873073203a0d9a9,102.62885284423828,0.6069254852171005,0.001,0.001,0.211162731051445,4.013421058654785,4.018313407897949,,,,,,
long_training_seed1301_ckpt750_reset_mv_preserve_counter,long_training,1301,750,reset_mv_preserve_counter,31,780,3edaa9f1867f142318758a3d893f9fbce6c37d5a1243c9d24864d9224cf59c86,104.0212631225586,0.6151599072180308,0.001,0.001,0.22837555408477783,3.824805736541748,3.8298087120056152,,,,,,
long_training_seed1301_ckpt750_reset_mv_preserve_counter,long_training,1301,750,reset_mv_preserve_counter,32,781,2c4995d3bf56776737339ed7d3f2d48dcdba3d249b77fc3f0cfa9001ef5fe586,105.35205078125,0.623029905986292,0.001,0.001,0.22717370092868805,3.5918378829956055,3.597477674484253,,,,,,
long_training_seed1301_ckpt750_reset_mv_preserve_counter,long_training,1301,750,reset_mv_preserve_counter,33,782,dab26e0431f150dc1503f31f772151da19a8380e1db982e0e935b3ae96be3c7a,106.60222625732422,0.6304231812338917,0.001,0.001,0.2153686136007309,3.7667295932769775,3.7721290588378906,,,,,,
long_training_seed1301_ckpt750_reset_mv_preserve_counter,long_training,1301,750,reset_mv_preserve_counter,34,783,c3bbd40986383595414ebef1af0e2687dc80bf0a847f4fa360b0ad7a12e36816,107.80152130126953,0.6375155602900008,0.001,0.001,0.20982438325881958,3.5182790756225586,3.523580312728882,,,,,,
long_training_seed1301_ckpt750_reset_mv_preserve_counter,long_training,1301,750,reset_mv_preserve_counter,35,784,bd98094bb79fb5fd754dc755a57ff45206fe5f93afee5cdd2dad11f063597d27,108.9320297241211,0.6442011497131094,0.001,0.001,0.20705246925354004,3.470974922180176,3.476155996322632,,,,,,
long_training_seed1301_ckpt750_reset_mv_preserve_counter,long_training,1301,750,reset_mv_preserve_counter,36,785,ac09bb9e9a8627cb631d4d21b389cabdb681c54d7940aafdfb13d519dccb68d5,110.00947570800781,0.6505729390144879,0.001,0.001,0.20765180885791779,3.325316905975342,3.3313839435577393,,,,,,
long_training_seed1301_ckpt750_reset_mv_preserve_counter,long_training,1301,750,reset_mv_preserve_counter,37,786,6c4c580306ad40f2d28da82d7da957a13a40fec2bddd1f7f07da206e1712c8d8,111.03607177734375,0.6566440125989244,0.001,0.001,0.20406115055084229,3.117920160293579,3.1244354248046875,,,,,,
long_training_seed1301_ckpt750_reset_mv_preserve_counter,long_training,1301,750,reset_mv_preserve_counter,38,787,769a44f0459470274f6ebea1cc7d73e09a7c7bd74573bdfd48ef6cbd49127750,112.00211334228516,0.6623569795598999,0.001,0.001,0.19892984628677368,3.097095489501953,3.103508949279785,,,,,,
long_training_seed1301_ckpt750_reset_mv_preserve_counter,long_training,1301,750,reset_mv_preserve_counter,39,788,017de78c4a0e9fd8df3846d77f53fdc06a3597d86cd37ba729a47431723d805c,112.90894317626953,0.6677197807775617,0.001,0.001,0.20951640605926514,3.012885808944702,3.020324230194092,,,,,,
long_training_seed1301_ckpt750_reset_mv_preserve_counter,long_training,1301,750,reset_mv_preserve_counter,40,789,824c79322d69d84b211422db62bd9032601418ea63bbcc89f0e5c2ef67b61ac1,113.77132415771484,0.6728197208148927,0.001,0.001,0.20714707672595978,2.889277458190918,2.896303176879883,,,,,,
long_training_seed1301_ckpt750_reset_mv_preserve_counter,long_training,1301,750,reset_mv_preserve_counter,41,790,2805b7e498fd15ec08cb0853556276c419173b13c19ed2c1ef4637b20a64fffb,114.6011962890625,0.6777274103391122,0.001,0.001,0.21062128245830536,2.8250410556793213,2.8319931030273438,,,,,,
long_training_seed1301_ckpt750_reset_mv_preserve_counter,long_training,1301,750,reset_mv_preserve_counter,42,791,43f1aa66dc177e866d4ba19d2e90ebde37fefc22f147c742f59fd66ef2c7e912,115.39386749267578,0.6824151013883416,0.001,0.001,0.20287436246871948,2.773808479309082,2.780503511428833,,,,,,
long_training_seed1301_ckpt750_reset_mv_preserve_counter,long_training,1301,750,reset_mv_preserve_counter,43,792,a20c4d2169f2fa97a788a68185b851b8d07d4414356e539d2e9b990c2c031d46,116.12254333496094,0.6867243373087324,0.001,0.001,0.20277458429336548,3.018868923187256,3.0252275466918945,,,,,,
long_training_seed1301_ckpt750_reset_mv_preserve_counter,long_training,1301,750,reset_mv_preserve_counter,44,793,39075840e200e7cfdb3ccad196c0d014c8ffdaa7ca11057841f016de209b028c,116.82699584960938,0.6908903215560114,0.001,0.001,0.2188960313796997,2.792931079864502,2.8006112575531006,,,,,,
long_training_seed1301_ckpt750_reset_mv_preserve_counter,long_training,1301,750,reset_mv_preserve_counter,45,794,c69ff5f08b529a650e9a1935048a6ae48c21099748ef92463a26324a750726c2,117.503662109375,0.6948919837266059,0.001,0.001,0.21551717817783356,2.754737377166748,2.7622032165527344,,,,,,
long_training_seed1301_ckpt750_reset_mv_preserve_counter,long_training,1301,750,reset_mv_preserve_counter,46,795,7a328e4e94bf7c78bbafb93b966455e6df750d76e754624cca3c24dec2c4f0ef,118.1484603881836,0.6987051853496135,0.001,0.001,0.21894016861915588,2.5932838916778564,2.6015560626983643,,,,,,
long_training_seed1301_ckpt750_reset_mv_preserve_counter,long_training,1301,750,reset_mv_preserve_counter,47,796,57cbe16b264c4240a0c904d085c351d14ac662e30316a5f9dc92bd9badf58c7a,118.76556396484375,0.7023546063195829,0.001,0.001,0.21533536911010742,2.537074089050293,2.5454297065734863,,,,,,
long_training_seed1301_ckpt750_reset_mv_preserve_counter,long_training,1301,750,reset_mv_preserve_counter,48,797,6aba6f0e0238ee4dfa8667ba2062e2391f45d3c86f3944be76c20fe2f6ea98c9,119.3586654663086,0.7058620840569193,0.001,0.001,0.2645874321460724,2.5601634979248047,2.5736048221588135,,,,,,
long_training_seed1301_ckpt750_reset_mv_preserve_counter,long_training,1301,750,reset_mv_preserve_counter,49,798,ac229eab5c91a244cf68e7e6608150c24e928b1568e5863f84f908cc43c80781,119.92796325683594,0.7092287916461899,0.001,0.001,0.25394579768180847,2.5526397228240967,2.5650947093963623,,,,,,
long_training_seed1301_ckpt750_reset_mv_preserve_counter,long_training,1301,750,reset_mv_preserve_counter,50,799,c9cb1f8b704de6d9070a050fff4adc4c9024a498e7cdbbaf9185201267c90401,120.475341796875,0.7124658733907833,0.001,0.001,0.2615554928779602,2.403745174407959,2.417604684829712,,,,,,
long_training_seed1301_ckpt750_reset_mv_preserve_counter,long_training,1301,750,reset_mv_preserve_counter,51,800,1288b205a3acf14b553e07a44372f6c061661a69f2888bae0dd77aef63980d79,120.99552917480469,0.7155421523123936,0.001,0.001,0.2555631399154663,2.58528208732605,2.597540855407715,,,,,,
long_training_seed1301_ckpt750_reset_mv_preserve_counter,long_training,1301,750,reset_mv_preserve_counter,52,801,9f3b9b310f012b86720e0ed0c16931e532c8ba18362c9d97a512a752bf2d59c0,121.497314453125,0.7185096050810762,0.001,0.001,0.24737554788589478,2.7109012603759766,2.7220771312713623,,,,,,
long_training_seed1301_ckpt750_reset_mv_preserve_counter,long_training,1301,750,reset_mv_preserve_counter,53,802,375ebd73c286da740512f207daee95636d1a897df1e8af98474ae1509f5324f6,121.98956298828125,0.7214206595532581,0.001,0.001,0.24528558552265167,2.6606109142303467,2.671692132949829,,,,,,
long_training_seed1301_ckpt750_reset_mv_preserve_counter,long_training,1301,750,reset_mv_preserve_counter,54,803,38bb4bd10c52d2e6da2c50a993b19da25b5a2bd622c90d93d7485f6a4cb615ea,122.46670532226562,0.7242423791237828,0.001,0.001,0.23245511949062347,2.532008171081543,2.542513370513916,,,,,,
long_training_seed1301_ckpt750_reset_mv_preserve_counter,long_training,1301,750,reset_mv_preserve_counter,55,804,ad4556326aaba982f6770cc3e6af817b30f447ba8e21e5f88a5ed96ee05232d3,122.93533325195312,0.7270137462951917,0.001,0.001,0.24995891749858856,2.494997262954712,2.5073912143707275,,,,,,
long_training_seed1301_ckpt750_reset_mv_preserve_counter,long_training,1301,750,reset_mv_preserve_counter,56,805,17092cbe04daa495c88bab38b90e603bbdd60aced392ac7b08df0f116ab1cfb4,123.380615234375,0.7296470504367667,0.001,0.001,0.24034483730793,2.447932720184326,2.4594478607177734,,,,,,
long_training_seed1301_ckpt750_reset_mv_preserve_counter,long_training,1301,750,reset_mv_preserve_counter,57,806,702d79d28b2a378852b5c1f0b71976a6476657d51107ed1333d760add074f340,123.81450653076172,0.7322129924530012,0.001,0.001,0.22612954676151276,2.498980760574341,2.5084426403045654,,,,,,
long_training_seed1301_ckpt750_reset_mv_preserve_counter,long_training,1301,750,reset_mv_preserve_counter,58,807,eb1a08f546ca58f42d50ba7d79190b9da1afbf2c6ee8b228aa65e154ec9acc5b,124.23726654052734,0.7347131063775602,0.001,0.001,0.21708165109157562,2.285921335220337,2.295891523361206,,,,,,
long_training_seed1301_ckpt750_reset_mv_preserve_counter,long_training,1301,750,reset_mv_preserve_counter,59,808,e465a1e53db39cb4c134f7a3629c0813555cf93dcbf4652876ee2ceff6ebadfd,124.64234924316406,0.7371086804197253,0.001,0.001,0.20941317081451416,2.229369640350342,2.2389519214630127,,,,,,
long_training_seed1301_ckpt750_reset_mv_preserve_counter,long_training,1301,750,reset_mv_preserve_counter,60,809,b5562312a4ae17d2eea1da421d52a84b134e924088ae6b02b5ca4c12955b7d1c,125.03126525878906,0.7394086480696624,0.001,0.001,0.20296117663383484,2.185666561126709,2.194690465927124,,,,,,
long_training_seed1301_ckpt750_reset_mv_preserve_counter,long_training,1301,750,reset_mv_preserve_counter,61,810,202a71706da80c90bd59205430b77bffef070a9c219c9f5902a978ee1902f996,125.40165710449219,0.7415990676684765,0.001,0.001,0.19439172744750977,2.1972739696502686,2.2056944370269775,,,,,,
long_training_seed1301_ckpt750_reset_mv_preserve_counter,long_training,1301,750,reset_mv_preserve_counter,62,811,64c8ce76562783a7e77f7002b6860153fe7f795fcb2861d5fdd3444425880eaa,125.75981903076172,0.7437171620918581,0.001,0.001,0.19445694983005524,2.1222221851348877,2.1307520866394043,,,,,,
long_training_seed1301_ckpt750_reset_mv_preserve_counter,long_training,1301,750,reset_mv_preserve_counter,63,812,728c7040f9042f10ef713ecb6fda0d4cc7f2bce14e05de3f04633d7dbf5a7544,126.10615539550781,0.7457653226275787,0.001,0.001,0.19705325365066528,1.9712269306182861,1.9805492162704468,,,,,,
long_training_seed1301_ckpt750_reset_mv_preserve_counter,long_training,1301,750,reset_mv_preserve_counter,64,813,7e7c7d61613cee311073c4d96c27573339292ed21d4f26860926fe059427a4f2,126.43921661376953,0.7477349767345703,0.001,0.001,0.19485877454280853,1.8651372194290161,1.874892234802246,,,,,,
long_training_seed1301_ckpt750_reset_mv_preserve_counter,long_training,1301,750,reset_mv_preserve_counter,65,814,cb7eb4d091776c134da733b3a330864e2f5a3198d27b9ceb03ca57d37700bb84,126.7552719116211,0.7496040613992418,0.001,0.001,0.17954109609127045,2.104562997817993,2.1119086742401123,,,,,,
long_training_seed1301_ckpt750_reset_mv_preserve_counter,long_training,1301,750,reset_mv_preserve_counter,66,815,65431a31bfac8e2bb42a1e34a53d709ebe8af51809f0464b3c9ada0fc92426bd,127.058837890625,0.7513992868548159,0.001,0.001,0.19178758561611176,1.960623860359192,1.969499945640564,,,,,,
long_training_seed1301_ckpt750_reset_mv_preserve_counter,long_training,1301,750,reset_mv_preserve_counter,67,816,aaa0b580ad19930c91e4cf74a31aeca9bc7861337eecc3877364e03e6d5e935b,127.35113525390625,0.7531278720832448,0.001,0.001,0.19554127752780914,2.0140984058380127,2.0234484672546387,,,,,,
long_training_seed1301_ckpt750_reset_mv_preserve_counter,long_training,1301,750,reset_mv_preserve_counter,68,817,8e536e2c4fac96e96a9bdc586095860a273a884df8dcd08f1e8ab4dcbaab95cf,127.63135528564453,0.7547850345089853,0.001,0.001,0.19138456881046295,1.8996316194534302,1.9084656238555908,,,,,,
long_training_seed1301_ckpt750_reset_mv_preserve_counter,long_training,1301,750,reset_mv_preserve_counter,69,818,86dda45db0a064e9d8a4acaf5a9c28ee62331c7c4efcfa256b05d6611cd3638a,127.90170288085938,0.7563838134181881,0.001,0.001,0.19237872958183289,1.7762757539749146,1.785876989364624,,,,,,
long_training_seed1301_ckpt750_reset_mv_preserve_counter,long_training,1301,750,reset_mv_preserve_counter,70,819,02afbd5c3eb3c133a7503e01af5b085ea4e058b48032d46bb74bdc62be9473f2,128.15872192382812,0.7579037700682014,0.001,0.001,0.19623754918575287,1.7106611728668213,1.7214345932006836,,,,,,
long_training_seed1301_ckpt750_reset_mv_preserve_counter,long_training,1301,750,reset_mv_preserve_counter,71,820,1b7b96122de28dceb3812a856089a469c7cc80837d061ccdcf310045906d8288,128.4052734375,0.7593618239479756,0.001,0.001,0.19403690099716187,1.7023143768310547,1.712269902229309,,,,,,
long_training_seed1301_ckpt750_reset_mv_preserve_counter,long_training,1301,750,reset_mv_preserve_counter,72,821,39fc3cdb10fcfd00530193d8ea7b44db5853166457825a84a69c61e2d170a8f0,128.64260864257812,0.7607653745140114,0.001,0.001,0.1920386105775833,1.6443983316421509,1.6548125743865967,,,,,,
long_training_seed1301_ckpt750_reset_mv_preserve_counter,long_training,1301,750,reset_mv_preserve_counter,73,822,7ca74159f81ae1773745112be3a209196dab1d71939024cd3487eb03855dad71,128.86898803710938,0.7621041347170272,0.001,0.001,0.20049145817756653,1.5634881258010864,1.5759201049804688,,,,,,
long_training_seed1301_ckpt750_reset_mv_preserve_counter,long_training,1301,750,reset_mv_preserve_counter,74,823,20883cf045c2ec7b37a57da815edae6ae98c03f26e0ff3480cd8ebcdfcfaddf6,129.08670043945312,0.7633916401481832,0.001,0.001,0.20100688934326172,1.6302711963653564,1.641798973083496,,,,,,
long_training_seed1301_ckpt750_reset_mv_preserve_counter,long_training,1301,750,reset_mv_preserve_counter,75,824,9188b8accf166a12757826726bb5ccf30f9d095d72abdbc087332a434dbcb6ab,129.29505920410156,0.7646238301301311,0.001,0.001,0.2017098069190979,1.5452015399932861,1.557620644569397,,,,,,
long_training_seed1301_ckpt750_reset_mv_preserve_counter,long_training,1301,750,reset_mv_preserve_counter,76,825,57134294d7fb4d3ed59b5f83293120420e46cb9be276acabb76943243cfde513,129.4934844970703,0.7657972756464441,0.001,0.001,0.19721192121505737,1.5639078617095947,1.5755915641784668,,,,,,
long_training_seed1301_ckpt750_reset_mv_preserve_counter,long_training,1301,750,reset_mv_preserve_counter,77,826,eb623ba2d6b1a71908df2baf80fffe176d2cba67cd37825472946c0d221efedc,129.68272399902344,0.7669163983235674,0.001,0.001,0.20533712208271027,1.5087029933929443,1.522039532661438,,,,,,
long_training_seed1301_ckpt750_reset_mv_preserve_counter,long_training,1301,750,reset_mv_preserve_counter,78,827,7b4dbe1ca66219626d40cab4f2a348be62d24e620523d8fcab8d0a48df1261c1,129.864013671875,0.7679885073807278,0.001,0.001,0.19162702560424805,1.5353190898895264,1.5464285612106323,,,,,,
long_training_seed1301_ckpt750_reset_mv_preserve_counter,long_training,1301,750,reset_mv_preserve_counter,79,828,c33e4c6ebd979714b7f6e17112a6c577ec1101a3b7249c5ed7826b13ad2d2984,130.03990173339844,0.7690286724427501,0.001,0.001,0.18203942477703094,1.4227294921875,1.4334237575531006,,,,,,
long_training_seed1301_ckpt750_reset_mv_preserve_counter,long_training,1301,750,reset_mv_preserve_counter,80,829,bf89175dd85c8e219f5a3b95925271d3ced15229683d71fc9ac6e2200b5ed870,130.20936584472656,0.7700308476122495,0.001,0.001,0.19149982929229736,1.7253077030181885,1.7350987195968628,,,,,,
long_training_seed1301_ckpt750_reset_mv_preserve_counter,long_training,1301,750,reset_mv_preserve_counter,81,830,276bfd5f265bf1a4b6c988f23dea331f06ef37303f4968bca41546ab3ad68943,130.37892150878906,0.7710335642053954,0.001,0.001,0.19607695937156677,1.631353497505188,1.6424787044525146,,,,,,
long_training_seed1301_ckpt750_reset_mv_preserve_counter,long_training,1301,750,reset_mv_preserve_counter,82,831,dbe0034a2e745354ba636b2627201e916d3ab5ac01c26f70ae4e049a7ad6e435,130.54763793945312,0.7720313177484491,0.001,0.001,0.18840539455413818,1.5706626176834106,1.5811814069747925,,,,,,
long_training_seed1301_ckpt750_reset_mv_preserve_counter,long_training,1301,750,reset_mv_preserve_counter,83,832,0efa0e6d67c850db70e0856e81eb044bdc27bdb8cce6cd76048335fe9eeb74e1,130.71315002441406,0.7730101214638787,0.001,0.001,0.18395113945007324,1.5450289249420166,1.554959774017334,,,,,,
long_training_seed1301_ckpt750_reset_mv_preserve_counter,long_training,1301,750,reset_mv_preserve_counter,84,833,c482abcd6e8067cab65e9df7279c242c338f03d2fd7e1ea02fbb4d1de6b08b66,130.87371826171875,0.7739596883024022,0.001,0.001,0.18165434896945953,1.4631370306015015,1.4733734130859375,,,,,,
long_training_seed1301_ckpt750_reset_mv_preserve_counter,long_training,1301,750,reset_mv_preserve_counter,85,834,ec6d2e8700ed2661d31b3294258a54528dac5be1d9b6f2a47374f0d59786faac,131.0267333984375,0.7748645876900971,0.001,0.001,0.19389092922210693,1.478001594543457,1.4904156923294067,,,,,,
long_training_seed1301_ckpt750_reset_mv_preserve_counter,long_training,1301,750,reset_mv_preserve_counter,86,835,279e3ed880c0d92ba81745aa32ff3f0f54e45a60d50f373f3aa79227791066ed,131.17262268066406,0.7757273462706468,0.001,0.001,0.19875480234622955,1.4453896284103394,1.458592414855957,,,,,,
long_training_seed1301_ckpt750_reset_mv_preserve_counter,long_training,1301,750,reset_mv_preserve_counter,87,836,f1f98897d9ae5adfe9b9e75bab32d6567866e25f59c61bcd42002a5763c1d848,131.3125762939453,0.7765550025514544,0.001,0.001,0.1968134343624115,1.504964828491211,1.516987681388855,,,,,,
long_training_seed1301_ckpt750_reset_mv_preserve_counter,long_training,1301,750,reset_mv_preserve_counter,88,837,e234d9f8f78b3b44fae025c2591b94cf46e4e0ac2885d19ec5ff0b5220941f0c,131.449951171875,0.7773674087328881,0.001,0.001,0.18455828726291656,1.4166409969329834,1.4281648397445679,,,,,,
long_training_seed1301_ckpt750_reset_mv_preserve_counter,long_training,1301,750,reset_mv_preserve_counter,89,838,29868512ebc05d8e5716773cafd6b59b140cfc542b9e681f1f0eaea2a42e28b0,131.57798767089844,0.7781245897023884,0.001,0.001,0.1993972808122635,1.4565894603729248,1.4698939323425293,,,,,,
long_training_seed1301_ckpt750_reset_mv_preserve_counter,long_training,1301,750,reset_mv_preserve_counter,90,839,944055f976f1a68b4d85226d5044c1dea87b1bc0c5a65e51e19ef0d50ab1a6e3,131.7006378173828,0.778849916914025,0.001,0.001,0.20457884669303894,1.4192944765090942,1.4337729215621948,,,,,,
long_training_seed1301_ckpt750_reset_mv_preserve_counter,long_training,1301,750,reset_mv_preserve_counter,91,840,c0624e6722c8031ec5a605990fef8fd83c6466898376ccfbba7e78d32086b4a4,131.82199096679688,0.7795675739573376,0.001,0.001,0.19639447331428528,1.3283659219741821,1.3424047231674194,,,,,,
long_training_seed1301_ckpt750_reset_mv_preserve_counter,long_training,1301,750,reset_mv_preserve_counter,92,841,34afd8127cd7c18c617ffca3b30874dd4e8d47375e5b616ce8a87f51520078c9,131.93869018554688,0.7802577086319578,0.001,0.001,0.20262689888477325,1.2749065160751343,1.2903860807418823,,,,,,
long_training_seed1301_ckpt750_reset_mv_preserve_counter,long_training,1301,750,reset_mv_preserve_counter,93,842,7a31fd4e46c2954952e8383854fc4197d8d319360e204d336247f0773578c49c,132.05218505859375,0.7809288934789537,0.001,0.001,0.19791622459888458,1.2524378299713135,1.267304539680481,,,,,,
long_training_seed1301_ckpt750_reset_mv_preserve_counter,long_training,1301,750,reset_mv_preserve_counter,94,843,486de0561208346e65f1f56412797f9e1393a550c200b23f208523872d6ed5f2,132.16053771972656,0.7815696683644764,0.001,0.001,0.19499589502811432,1.2215133905410767,1.2364317178726196,,,,,,
long_training_seed1301_ckpt750_reset_mv_preserve_counter,long_training,1301,750,reset_mv_preserve_counter,95,844,bc908f4229273d5e0cbe63338c3a005f71b1b828c6ccf74ae33cd44cc4d9a28d,132.26329040527344,0.7821773261702939,0.001,0.001,0.2080683410167694,1.177215337753296,1.1946862936019897,,,,,,
long_training_seed1301_ckpt750_reset_mv_preserve_counter,long_training,1301,750,reset_mv_preserve_counter,96,845,337325334e5b22543f73b1d97719fd1f829815718f191c5f9b53731cc6644bcf,132.36245727539062,0.7827637782166271,0.001,0.001,0.22634534537792206,1.126057505607605,1.1480871438980103,,,,,,
long_training_seed1301_ckpt750_reset_mv_preserve_counter,long_training,1301,750,reset_mv_preserve_counter,97,846,b93af8b52cdd189ec85ee95fbed5fb1f1c9d83fc856e8a2ca2c904b798816312,132.4596710205078,0.783338679891837,0.001,0.001,0.21619552373886108,1.0756045579910278,1.0962421894073486,,,,,,
long_training_seed1301_ckpt750_reset_mv_preserve_counter,long_training,1301,750,reset_mv_preserve_counter,98,847,35fb177e95cecd9aad0876712e496a457ea02e9b1fa984eb7f4e6e4ce7b86d9b,132.551513671875,0.7838818180464576,0.001,0.001,0.20997527241706848,1.081788420677185,1.1010689735412598,,,,,,
long_training_seed1301_ckpt750_reset_mv_preserve_counter,long_training,1301,750,reset_mv_preserve_counter,99,848,da3165efee0e57a7caa8a40a72d910e1eba96a22c8df2fb32b2d815335ce8e60,132.63934326171875,0.7844012237979108,0.001,0.001,0.20559845864772797,1.0295922756195068,1.048783779144287,,,,,,
long_training_seed1301_ckpt750_reset_mv_preserve_counter,long_training,1301,750,reset_mv_preserve_counter,100,849,92544433a2720f6275954570dc610bfd088283ce7a51ad25e211e758d52fe507,132.72384643554688,0.7849009578235445,0.001,0.001,0.2116251140832901,1.0585236549377441,1.0783156156539917,,,,2.634425083796183,17.617361704508465,14.982936620712282
long_training_seed1301_ckpt1500_reset_mv_preserve_counter,long_training,1301,1500,reset_mv_preserve_counter,1,1500,a1c6557f5d3e12e7712a39e3c87c58c25ba580248cfa5872d4df9f04d8f03415,4.804481029510498,0.02847877813392838,0.0005,0.0005,0.1588214635848999,4.838016510009766,4.80448055267334,30.25082658349132,30.461981653966337,0.22683632373809814,2.470006545384725,7.6843288739522295,5.214322328567505
long_training_seed1301_ckpt1500_reset_mv_preserve_counter,long_training,1301,1500,reset_mv_preserve_counter,2,1501,2656bc05acb7ab7d71f92b9d7a3d41c0525fbbd6127b358666ea1d309d029040,8.037599563598633,0.04764323415892569,0.0005,0.0005,0.1549934595823288,4.9166154861450195,4.90160608291626,,,,,,
long_training_seed1301_ckpt1500_reset_mv_preserve_counter,long_training,1301,1500,reset_mv_preserve_counter,3,1502,79a1d97ccdcde2f33996cc4b9c7e2047eeeb6d0e188b8a1b57ff320f8f8a5619,11.447680473327637,0.0678566426520406,0.0005,0.0005,0.15702877938747406,5.131224632263184,5.1204938888549805,,,,,,
long_training_seed1301_ckpt1500_reset_mv_preserve_counter,long_training,1301,1500,reset_mv_preserve_counter,4,1503,6c16aaabb10d75c938f089dd8837504e08cc2a0f6d6476ae9ecabc6393b97f28,14.646541595458984,0.08681803632158944,0.0005,0.0005,0.15521454811096191,5.203066825866699,5.19697904586792,,,,,,
long_training_seed1301_ckpt1500_reset_mv_preserve_counter,long_training,1301,1500,reset_mv_preserve_counter,5,1504,00fec37688403fdb210bca5fd3b35a229e55116739a204e8c7ba5654c0ceb7dc,17.762676239013672,0.1052890650558383,0.0005,0.0005,0.15219125151634216,4.9561285972595215,4.952094078063965,,,,,,
long_training_seed1301_ckpt1500_reset_mv_preserve_counter,long_training,1301,1500,reset_mv_preserve_counter,6,1505,5bede04f362735bf8948818aa33cb258cffd81fb494640820e17b5670b1f1e4c,20.799537658691406,0.12329019817786886,0.0005,0.0005,0.1468590348958969,4.74199914932251,4.738394737243652,,,,,,
long_training_seed1301_ckpt1500_reset_mv_preserve_counter,long_training,1301,1500,reset_mv_preserve_counter,7,1506,bb236db9d6d2886ed06e46ce686fe53cf678d90f31728c33e61590b6730fde37,23.724040985107422,0.14062532363124647,0.0005,0.0005,0.14907550811767578,4.561659336090088,4.558892726898193,,,,,,
long_training_seed1301_ckpt1500_reset_mv_preserve_counter,long_training,1301,1500,reset_mv_preserve_counter,8,1507,089959550337affe1d0aa0261a18abfc432a45fe67546fc2852ee83556d052e5,26.4659366607666,0.1568780339934791,0.0005,0.0005,0.15891313552856445,4.566694259643555,4.564318656921387,,,,,,
long_training_seed1301_ckpt1500_reset_mv_preserve_counter,long_training,1301,1500,reset_mv_preserve_counter,9,1508,83db3e51b74781ab5b52ba0c1bfbca21c2b16e7001c665fcb0de9f60311968f3,28.97241973876953,0.17173532555867527,0.0005,0.0005,0.1535976231098175,4.543085098266602,4.541763782501221,,,,,,
long_training_seed1301_ckpt1500_reset_mv_preserve_counter,long_training,1301,1500,reset_mv_preserve_counter,10,1509,3d02d8e1507072c52ced65b13496a8c361c100222befbce8a6b6304feb4ef669,31.36505126953125,0.1859177569393538,0.0005,0.0005,0.1511380821466446,4.391324520111084,4.390312671661377,,,,,,
long_training_seed1301_ckpt1500_reset_mv_preserve_counter,long_training,1301,1500,reset_mv_preserve_counter,11,1510,142f394c31a2e80287a3551e7d605bfa3ee05d3841f3c067ebaee180175d1d6a,33.673641204833984,0.19960202797005971,0.0005,0.0005,0.1503273993730545,4.172030448913574,4.171680450439453,,,,,,
long_training_seed1301_ckpt1500_reset_mv_preserve_counter,long_training,1301,1500,reset_mv_preserve_counter,12,1511,f6e4e9264bd9f88ab2dd331cbf598458c0044fe76c4da34f2b555afd8012c69e,35.90061950683594,0.21280254236115262,0.0005,0.0005,0.14622069895267487,3.923656940460205,3.9241342544555664,,,,,,
long_training_seed1301_ckpt1500_reset_mv_preserve_counter,long_training,1301,1500,reset_mv_preserve_counter,13,1512,e8fa25de94161d411c633ea01f9d21865458b2248c0006d150101288eed90e63,38.05583572387695,0.22557768375493786,0.0005,0.0005,0.14257323741912842,3.631286144256592,3.631906747817993,,,,,,
long_training_seed1301_ckpt1500_reset_mv_preserve_counter,long_training,1301,1500,reset_mv_preserve_counter,14,1513,e95ec67b00c768d8eef1096262ed083a5194b09403186edebdf2c90491986128,40.085655212402344,0.2376095303811547,0.0005,0.0005,0.1487993746995926,3.5029616355895996,3.5044491291046143,,,,,,
long_training_seed1301_ckpt1500_reset_mv_preserve_counter,long_training,1301,1500,reset_mv_preserve_counter,15,1514,ceabddef82bc6f647d4c5c20ff3affc777998c27d3227a2003725cda4aae4fae,41.992042541503906,0.24890972731175787,0.0005,0.0005,0.1480787992477417,3.4080398082733154,3.409752368927002,,,,,,
long_training_seed1301_ckpt1500_reset_mv_preserve_counter,long_training,1301,1500,reset_mv_preserve_counter,16,1515,bbe12ec262d46b398fbc31622eff6258d207b810b75767b8a25e4b4af3828ada,43.77200698852539,0.2594605469032279,0.0005,0.0005,0.1442650854587555,3.3753039836883545,3.377393960952759,,,,,,
long_training_seed1301_ckpt1500_reset_mv_preserve_counter,long_training,1301,1500,reset_mv_preserve_counter,17,1516,425555056d5445ccac09368057a3b144a9a97352b1434400896cbd00d6a615ad,45.3895263671875,0.2690484660206734,0.0005,0.0005,0.1459667831659317,3.562105178833008,3.564321517944336,,,,,,
long_training_seed1301_ckpt1500_reset_mv_preserve_counter,long_training,1301,1500,reset_mv_preserve_counter,18,1517,ca764d2a7c5eec8bf9d77895ea1e98256e3550011a8b4a6c7659d331a82989a5,46.97150802612305,0.2784257337005833,0.0005,0.0005,0.14368222653865814,3.431180238723755,3.433397054672241,,,,,,
long_training_seed1301_ckpt1500_reset_mv_preserve_counter,long_training,1301,1500,reset_mv_preserve_counter,19,1518,afba665b11bbb34b4df71364cbc7621ad8d04e1341a35c9f367ab28115fe6452,48.429359436035156,0.28706721372727245,0.0005,0.0005,0.15083932876586914,3.5279200077056885,3.530430316925049,,,,,,
long_training_seed1301_ckpt1500_reset_mv_preserve_counter,long_training,1301,1500,reset_mv_preserve_counter,20,1519,da4d8753b250ec5953bb54b4594664a336463281e4950572e8a5d95969156295,49.80117416381836,0.2951987074377125,0.0005,0.0005,0.15387383103370667,3.6076409816741943,3.610785722732544,,,,2.4604037602742515,15.515994389851889,13.055590629577637
long_training_seed1301_ckpt1500_reset_mv_preserve_counter,long_training,1301,1500,reset_mv_preserve_counter,21,1520,f5dc1361ba8c755222e42d9e0fd7e951128fd7a77e674d1f635e5cdc74986550,51.178443908691406,0.3033625360081435,0.0005,0.0005,0.1510057896375656,3.4714267253875732,3.4744791984558105,,,,,,
long_training_seed1301_ckpt1500_reset_mv_preserve_counter,long_training,1301,1500,reset_mv_preserve_counter,22,1521,ebf99588862fe17c4d0ebee29726563de7c5f30c85b6b297f38692eb0ab41dd2,52.564552307128906,0.311578756096476,0.0005,0.0005,0.14950166642665863,3.2079832553863525,3.211164712905884,,,,,,
long_training_seed1301_ckpt1500_reset_mv_preserve_counter,long_training,1301,1500,reset_mv_preserve_counter,23,1522,89e7829853fd47a98c0a46d1f07bf7e6106040b136eec17e707432fe21b778a2,53.91604232788086,0.319589774188712,0.0005,0.0005,0.15229803323745728,3.0120315551757812,3.0154917240142822,,,,,,
long_training_seed1301_ckpt1500_reset_mv_preserve_counter,long_training,1301,1500,reset_mv_preserve_counter,24,1523,e380ad9e7c51a8b1daeead187d760be257a1f62ff5b39095098218bb0a84c6f4,55.21171188354492,0.32726991395490057,0.0005,0.0005,0.14523866772651672,2.918362617492676,2.9213790893554688,,,,,,
long_training_seed1301_ckpt1500_reset_mv_preserve_counter,long_training,1301,1500,reset_mv_preserve_counter,25,1524,36be7b8e4b961a7f7156376203df3ca82530d99c1a3c9e797bba03f034409a94,56.42888259887695,0.3344847483022822,0.0005,0.0005,0.14756734669208527,2.86096453666687,2.8640377521514893,,,,,,
long_training_seed1301_ckpt1500_reset_mv_preserve_counter,long_training,1301,1500,reset_mv_preserve_counter,26,1525,9f7c302af0a55613ab6db0682911fc509250ab7b053c92c93a9c8fc0cb419dae,57.5787467956543,0.3413006202233138,0.0005,0.0005,0.14564098417758942,2.876826524734497,2.8797004222869873,,,,,,
long_training_seed1301_ckpt1500_reset_mv_preserve_counter,long_training,1301,1500,reset_mv_preserve_counter,27,1526,d2bc7d29146bcc5d09ee1d147f3d34ad5695a34d77012c094a8b84ebd7b35c4b,58.66596603393555,0.3477451613256241,0.0005,0.0005,0.14317180216312408,2.728602170944214,2.731398820877075,,,,,,
long_training_seed1301_ckpt1500_reset_mv_preserve_counter,long_training,1301,1500,reset_mv_preserve_counter,28,1527,de3d7619fb8143871524a5b325193fce033dd92553338f8340bbf1cb18267a43,59.71065139770508,0.3539375809671657,0.0005,0.0005,0.14712953567504883,2.5766654014587402,2.579920768737793,,,,,,
long_training_seed1301_ckpt1500_reset_mv_preserve_counter,long_training,1301,1500,reset_mv_preserve_counter,29,1528,af34d87680f74c37b6755aeb592d667a18fd79ac169dc1197c4e0af9f6a4e3d5,60.69680404663086,0.35978304529982524,0.0005,0.0005,0.1391647756099701,2.581855058670044,2.5846002101898193,,,,,,
long_training_seed1301_ckpt1500_reset_mv_preserve_counter,long_training,1301,1500,reset_mv_preserve_counter,30,1529,40aacd14f835d8c981cad1e15bd6e2193d946908cd111cd67723d5462a36e2af,61.64893341064453,0.36542683507566004,0.0005,0.0005,0.13791358470916748,2.3930490016937256,2.3959035873413086,,,,,,
long_training_seed1301_ckpt1500_reset_mv_preserve_counter,long_training,1301,1500,reset_mv_preserve_counter,31,1530,fa1620edae1dc3b46ad4deb870d2423344072ba5c01a929c4275abf48578bf78,62.563270568847656,0.37084660984594914,0.0005,0.0005,0.14035680890083313,2.222095251083374,2.2253708839416504,,,,,,
long_training_seed1301_ckpt1500_reset_mv_preserve_counter,long_training,1301,1500,reset_mv_preserve_counter,32,1531,22b279463ab91ac2cc4c63cb24ccdab4ef865ec1b450129101b31859ddbbd6e0,63.42939758300781,0.37598061681164674,0.0005,0.0005,0.15448860824108124,2.1206321716308594,2.1257128715515137,,,,,,
long_training_seed1301_ckpt1500_reset_mv_preserve_counter,long_training,1301,1500,reset_mv_preserve_counter,33,1532,e9bcb3da196d39a9f90cd21de5f1d653507330559b7a474e5ee9983b7b56e690,64.2441177368164,0.38080990729256237,0.0005,0.0005,0.15012972056865692,1.9498097896575928,1.954735517501831,,,,,,
long_training_seed1301_ckpt1500_reset_mv_preserve_counter,long_training,1301,1500,reset_mv_preserve_counter,34,1533,63c6234b1aeda9ae67cb2d8618abbc1933b6b41d47d9de7d6af3c240b377a2eb,65.00931549072266,0.3853456515130566,0.0005,0.0005,0.15483054518699646,1.855730652809143,1.861377477645874,,,,,,
long_training_seed1301_ckpt1500_reset_mv_preserve_counter,long_training,1301,1500,reset_mv_preserve_counter,35,1534,93d8818602802055259e30b3b30d5ccdb786d8a92e96f9b109e8cf86c4e454cc,65.72689056396484,0.38959911014465076,0.0005,0.0005,0.15658575296401978,1.7747098207473755,1.780922770500183,,,,,,
long_training_seed1301_ckpt1500_reset_mv_preserve_counter,long_training,1301,1500,reset_mv_preserve_counter,36,1535,10f49cd5c274628b4194db02c28a11d7d854b7f7eb70db8ec81c44259c211988,66.39436340332031,0.3935555855237125,0.0005,0.0005,0.15215811133384705,1.7595475912094116,1.7651689052581787,,,,,,
long_training_seed1301_ckpt1500_reset_mv_preserve_counter,long_training,1301,1500,reset_mv_preserve_counter,37,1536,5784703f95915ee6231a818d9d50a70b600d2f09197feb50af6b0aa8d6a8eec3,67.021240234375,0.39727142623142897,0.0005,0.0005,0.15989287197589874,1.6736454963684082,1.6803925037384033,,,,,,
long_training_seed1301_ckpt1500_reset_mv_preserve_counter,long_training,1301,1500,reset_mv_preserve_counter,38,1537,4e3c877fe62cb11855341c2be72ac3306bfd9ce9d1a7d28a17cf4b77dd52e3fb,67.60789489746094,0.40074884822324003,0.0005,0.0005,0.15708103775978088,1.5235837697982788,1.530853271484375,,,,,,
long_training_seed1301_ckpt1500_reset_mv_preserve_counter,long_training,1301,1500,reset_mv_preserve_counter,39,1538,55ae7d5439f842097a9b15289dc5b98346e2bb6f4677672d33a4c7a855d29e95,68.14630126953125,0.40394027629255763,0.0005,0.0005,0.15768936276435852,1.5813474655151367,1.5883537530899048,,,,,,
long_training_seed1301_ckpt1500_reset_mv_preserve_counter,long_training,1301,1500,reset_mv_preserve_counter,40,1539,2e99b650afa307a803fdeec3d4ef963b1b1f0a60d35aefa07fa262e1079a42fa,68.65117645263672,0.40693294672598673,0.0005,0.0005,0.16223619878292084,1.6377227306365967,1.6449427604675293,,,,,,
long_training_seed1301_ckpt1500_reset_mv_preserve_counter,long_training,1301,1500,reset_mv_preserve_counter,41,1540,7eab7f2236637d3c46d28ed6a6a4e5347646fdc685cbf74520be8070e39e566b,69.12646484375,0.40975024011459776,0.0005,0.0005,0.16647058725357056,1.6294113397598267,1.6373705863952637,,,,,,
long_training_seed1301_ckpt1500_reset_mv_preserve_counter,long_training,1301,1500,reset_mv_preserve_counter,42,1541,6f649d6e71816d131fcedfa40660e3e244e8b20baa4955414b9a7dc00cac811e,69.57689666748047,0.41242019507824296,0.0005,0.0005,0.18051843345165253,1.6272634267807007,1.637373447418213,,,,,,
long_training_seed1301_ckpt1500_reset_mv_preserve_counter,long_training,1301,1500,reset_mv_preserve_counter,43,1542,8f7d9eca2edf322cc12decd0e1a5e258b7a31fd9c3a237df3b0a609ea4b72da5,70.00342559814453,0.4149484645644732,0.0005,0.0005,0.17470404505729675,1.5531628131866455,1.562992811203003,,,,,,
long_training_seed1301_ckpt1500_reset_mv_preserve_counter,long_training,1301,1500,reset_mv_preserve_counter,44,1543,cd503c0110dd010f43c4d4f6227800acdce5ad71437ca6393b0253a828190e03,70.40388488769531,0.41732220507645296,0.0005,0.0005,0.1756102591753006,1.6227596998214722,1.6317579746246338,,,,,,
long_training_seed1301_ckpt1500_reset_mv_preserve_counter,long_training,1301,1500,reset_mv_preserve_counter,45,1544,357209bcd9ee32325b1612fca6265fc56d46c7e9beb0ce8d0eac378fe52c68e5,70.79034423828125,0.419612960318386,0.0005,0.0005,0.1718389391899109,1.5854740142822266,1.5941135883331299,,,,,,
long_training_seed1301_ckpt1500_reset_mv_preserve_counter,long_training,1301,1500,reset_mv_preserve_counter,46,1545,1528af769d8625471050d757eb83f140ed151ceba17a7bb1b156ae3bc9a20632,71.15764617919922,0.4217901591499172,0.0005,0.0005,0.1672438681125641,1.6303516626358032,1.6386384963989258,,,,,,
long_training_seed1301_ckpt1500_reset_mv_preserve_counter,long_training,1301,1500,reset_mv_preserve_counter,47,1546,9ee50b95f16b524acc482cd63afe78a51601a9ef1da8c568d0396b3f3e1e9cfc,71.51373291015625,0.4239008793182502,0.0005,0.0005,0.16298802196979523,1.5803707838058472,1.588783621788025,,,,,,
long_training_seed1301_ckpt1500_reset_mv_preserve_counter,long_training,1301,1500,reset_mv_preserve_counter,48,1547,53e0c19ceab7bf14c592f347d68fb8d380300966de11f2628612f4c6b6a2cbb8,71.8572998046875,0.4259373875911354,0.0005,0.0005,0.16142024099826813,1.48967707157135,1.4984970092773438,,,,,,
long_training_seed1301_ckpt1500_reset_mv_preserve_counter,long_training,1301,1500,reset_mv_preserve_counter,49,1548,3af745ec999b457af659f93fb51aaf15368d413ec47f9c2e4f54ab94d779cafe,72.18758392333984,0.4278951616105322,0.0005,0.0005,0.16112492978572845,1.3957324028015137,1.405070185661316,,,,,,
long_training_seed1301_ckpt1500_reset_mv_preserve_counter,long_training,1301,1500,reset_mv_preserve_counter,50,1549,1c4dc2fde9934e872693272444aeebf19b6e0d8c6b33048722c916f43e888d1b,72.50241088867188,0.42976131265602446,0.0005,0.0005,0.16044537723064423,1.319464087486267,1.3292557001113892,,,,,,
long_training_seed1301_ckpt1500_reset_mv_preserve_counter,long_training,1301,1500,reset_mv_preserve_counter,51,1550,16762d5c7186cefc0d62e50e01e7e4f84cc641b913a2989d83a92e6d4b337853,72.802978515625,0.4315429408297362,0.0005,0.0005,0.15862002968788147,1.252901554107666,1.2626830339431763,,,,,,
long_training_seed1301_ckpt1500_reset_mv_preserve_counter,long_training,1301,1500,reset_mv_preserve_counter,52,1551,49ad70cbc2819b4593d219ccad640375305701f421f4fb0be196e117f23d1a92,73.0885238647461,0.4332355237736267,0.0005,0.0005,0.15427707135677338,1.2026888132095337,1.212007761001587,,,,,,
long_training_seed1301_ckpt1500_reset_mv_preserve_counter,long_training,1301,1500,reset_mv_preserve_counter,53,1552,c41b63e02a0b031c4dda26d35a7084d4465cdc77caa3e6490c8cc491961e01fd,73.35649108886719,0.4348239115882595,0.0005,0.0005,0.15061229467391968,1.2673472166061401,1.2757610082626343,,,,,,
long_training_seed1301_ckpt1500_reset_mv_preserve_counter,long_training,1301,1500,reset_mv_preserve_counter,54,1553,bf3c8eabf8f646fde124d7a6da6d2830f425b3c1d5ee58e43fca18a7c0d7a90f,73.61095428466797,0.4363322536655721,0.0005,0.0005,0.15480965375900269,1.2416735887527466,1.2508190870285034,,,,,,
long_training_seed1301_ckpt1500_reset_mv_preserve_counter,long_training,1301,1500,reset_mv_preserve_counter,55,1554,eba7cf867a67fc492c0c7fef7b1ea031bd5bd8fd8905f60315d87dba25f7c6f9,73.85517883300781,0.4377799056979786,0.0005,0.0005,0.15236695110797882,1.1631739139556885,1.1723885536193848,,,,,,
long_training_seed1301_ckpt1500_reset_mv_preserve_counter,long_training,1301,1500,reset_mv_preserve_counter,56,1555,8b17f835cc6aaf0f2e54e10c5c68d44a3e9ad6143f6cef350de80ed333dd3b84,74.08831787109375,0.4391618478680538,0.0005,0.0005,0.1462925374507904,1.1142239570617676,1.12342369556427,,,,,,
long_training_seed1301_ckpt1500_reset_mv_preserve_counter,long_training,1301,1500,reset_mv_preserve_counter,57,1556,1e46977037c446223803992d9a6e8cd74a85cefc9ff32148a2daf705c1418db6,74.30720520019531,0.44045931238992886,0.0005,0.0005,0.14920465648174286,1.0448927879333496,1.0549194812774658,,,,,,
long_training_seed1301_ckpt1500_reset_mv_preserve_counter,long_training,1301,1500,reset_mv_preserve_counter,58,1557,7a4832e7b5fab2f1e26fd68961f75c334871886872b7e5b7277ccd323b053ff2,74.51313018798828,0.44167994204869254,0.0005,0.0005,0.14550280570983887,0.9998583197593689,1.0101691484451294,,,,,,
long_training_seed1301_ckpt1500_reset_mv_preserve_counter,long_training,1301,1500,reset_mv_preserve_counter,59,1558,1f2728ffd06886081ccaee4726d1e8a8f3de557f8a65f85653e923901d16d650,74.70581817626953,0.44282210879545014,0.0005,0.0005,0.15047167241573334,1.0030666589736938,1.0142238140106201,,,,,,
long_training_seed1301_ckpt1500_reset_mv_preserve_counter,long_training,1301,1500,reset_mv_preserve_counter,60,1559,fa54cb5defa330488249a19b204d7da2779d1cf6eec689e5daede05f01d8f2e3,74.88907623291016,0.4439083791968248,0.0005,0.0005,0.14739565551280975,0.9695721864700317,0.9802737832069397,,,,,,
long_training_seed1301_ckpt1500_reset_mv_preserve_counter,long_training,1301,1500,reset_mv_preserve_counter,61,1560,013e5d988941ed499c1f1eeb62241128f3b628595a39e8f6edcdde54513d20fe,75.0622787475586,0.4449350449192231,0.0005,0.0005,0.1435549110174179,0.9146195650100708,0.925319254398346,,,,,,
long_training_seed1301_ckpt1500_reset_mv_preserve_counter,long_training,1301,1500,reset_mv_preserve_counter,62,1561,af85de5cd16b7e568fea578eba2de7f075d2a099380c9fe4314d16e427e9e7c1,75.22505187988281,0.4458998900072051,0.0005,0.0005,0.14839619398117065,0.8850768804550171,0.8968943953514099,,,,,,
long_training_seed1301_ckpt1500_reset_mv_preserve_counter,long_training,1301,1500,reset_mv_preserve_counter,63,1562,617b226d436bbe58c762bd9031cfc9e89c052461c0963f520c82c81b400b6935,75.37663269042969,0.44679839210273015,0.0005,0.0005,0.14944887161254883,0.8470606803894043,0.8596541285514832,,,,,,
long_training_seed1301_ckpt1500_reset_mv_preserve_counter,long_training,1301,1500,reset_mv_preserve_counter,64,1563,1de9051582df23b71a19f317edc2e52b62de95d0217dcfcfe665a52cee3ee3af,75.51810455322266,0.447636972954216,0.0005,0.0005,0.16513366997241974,0.9061680436134338,0.9196233749389648,,,,,,
long_training_seed1301_ckpt1500_reset_mv_preserve_counter,long_training,1301,1500,reset_mv_preserve_counter,65,1564,a72620cc81405ded2d1d09fcdf50e60777f99478dc3c1190c28e7253bc9bcc28,75.65306091308594,0.4484369328680343,0.0005,0.0005,0.15920481085777283,0.8586471676826477,0.8721194863319397,,,,,,
long_training_seed1301_ckpt1500_reset_mv_preserve_counter,long_training,1301,1500,reset_mv_preserve_counter,66,1565,ce394556a7393c481dd34a691917f914684b5d0cd93935d8209202a43d509d9a,75.77970886230469,0.44918764430278946,0.0005,0.0005,0.15554273128509521,0.9007934331893921,0.9136820435523987,,,,,,
long_training_seed1301_ckpt1500_reset_mv_preserve_counter,long_training,1301,1500,reset_mv_preserve_counter,67,1566,20821f95ec6e433aab8ef2777dac3cae4ecfecf1f7bdc1776062443500b627cd,75.90109252929688,0.44990715146706384,0.0005,0.0005,0.1513063758611679,0.8606967329978943,0.8732951879501343,,,,,,
long_training_seed1301_ckpt1500_reset_mv_preserve_counter,long_training,1301,1500,reset_mv_preserve_counter,68,1567,5408a74fde75b3e50af45a7891dfefaab84ebaf4b4b807e7e399069078ee0719,76.01802825927734,0.450600293283961,0.0005,0.0005,0.15642252564430237,0.8004605174064636,0.8149831891059875,,,,,,
long_training_seed1301_ckpt1500_reset_mv_preserve_counter,long_training,1301,1500,reset_mv_preserve_counter,69,1568,a837bef6a5c32ed62782de4c0f9fb6943a43de4173fc01b54e0f12d7ba86ded9,76.12954711914062,0.4512613263587692,0.0005,0.0005,0.1530403196811676,0.8126857280731201,0.8263629078865051,,,,,,
long_training_seed1301_ckpt1500_reset_mv_preserve_counter,long_training,1301,1500,reset_mv_preserve_counter,70,1569,14d970172d3bee442ffd6a529a890016337f191dccb8074069cc89dee0f7b1de,76.23635864257812,0.45189445648446636,0.0005,0.0005,0.1559823453426361,0.7912843823432922,0.8060041666030884,,,,,,
long_training_seed1301_ckpt1500_reset_mv_preserve_counter,long_training,1301,1500,reset_mv_preserve_counter,71,1570,5c40765e08c827449c247570e2b1f278cee53c6fbe3f0e86867040b7a58c5d35,76.3375473022461,0.45249425683140354,0.0005,0.0005,0.152366504073143,0.749592661857605,0.7643257975578308,,,,,,
long_training_seed1301_ckpt1500_reset_mv_preserve_counter,long_training,1301,1500,reset_mv_preserve_counter,72,1571,5904bbf0028fd37020a480d6160365b7d1f127f33d2d8f80e6e616245415bfde,76.43231201171875,0.45305597892363814,0.0005,0.0005,0.15938732028007507,0.72072833776474,0.7375421524047852,,,,,,
long_training_seed1301_ckpt1500_reset_mv_preserve_counter,long_training,1301,1500,reset_mv_preserve_counter,73,1572,052945df6b3f65114ab9f8b3ee286bf01ab8359c3c8598fefd6e3f9eb3f7a435,76.52096557617188,0.45358147692796674,0.0005,0.0005,0.16282226145267487,0.7658692598342896,0.7820106148719788,,,,,,
long_training_seed1301_ckpt1500_reset_mv_preserve_counter,long_training,1301,1500,reset_mv_preserve_counter,74,1573,e0f7047a7f933da62a717ebd17953e0b84eeefa360e6255aa6664a3c0539706a,76.60531616210938,0.45408146883294587,0.0005,0.0005,0.16591010987758636,0.7546660900115967,0.7721067667007446,,,,,,
long_training_seed1301_ckpt1500_reset_mv_preserve_counter,long_training,1301,1500,reset_mv_preserve_counter,75,1574,fe770408174f40bb203d0fb513dba611aff814108377f0ec43460a3f887d5a18,76.68778228759766,0.45457029051356446,0.0005,0.0005,0.1625925749540329,0.7222712635993958,0.7399097084999084,,,,,,
long_training_seed1301_ckpt1500_reset_mv_preserve_counter,long_training,1301,1500,reset_mv_preserve_counter,76,1575,29da0f3535ea4bc68fff2be34603e57cc5b1661040088ae0ba87992bdb3b3407,76.76619720458984,0.45503509847298695,0.0005,0.0005,0.163869708776474,0.6859344840049744,0.7046051025390625,,,,,,
long_training_seed1301_ckpt1500_reset_mv_preserve_counter,long_training,1301,1500,reset_mv_preserve_counter,77,1576,f7859eeb6f4298cf17b880622255512c8f5ec44686450884217768665c214364,76.84040069580078,0.4554749430160248,0.0005,0.0005,0.16012069582939148,0.6677619218826294,0.6860363483428955,,,,,,
long_training_seed1301_ckpt1500_reset_mv_preserve_counter,long_training,1301,1500,reset_mv_preserve_counter,78,1577,60edbd2f3737ff346862f0345cdef52caad2b2fbc5a7cb31862108cee823f892,76.91197204589844,0.4558991854238223,0.0005,0.0005,0.15999485552310944,0.6347032189369202,0.6535303592681885,,,,,,
long_training_seed1301_ckpt1500_reset_mv_preserve_counter,long_training,1301,1500,reset_mv_preserve_counter,79,1578,723ff7a7058d268bcf1c69773e851f14f4871fab4664b7665c1d86829afeb14c,76.97722625732422,0.45628598270704285,0.0005,0.0005,0.15984110534191132,0.6840223670005798,0.7014541625976562,,,,,,
long_training_seed1301_ckpt1500_reset_mv_preserve_counter,long_training,1301,1500,reset_mv_preserve_counter,80,1579,a638d114ed113bfc962cbcefa2f44b31ed3d8307ee533ff88b52744bca60dbc3,77.0401611328125,0.4566590320218197,0.0005,0.0005,0.1667488068342209,0.7167675495147705,0.7349042296409607,,,,,,
long_training_seed1301_ckpt1500_reset_mv_preserve_counter,long_training,1301,1500,reset_mv_preserve_counter,81,1580,2393a8f6a969d4be52f9a4d77d2c3745e5f06df15b6f3d9815184ff9d8fe90df,77.10236358642578,0.4570277398728774,0.0005,0.0005,0.1560680866241455,0.6666311025619507,0.6837497353553772,,,,,,
long_training_seed1301_ckpt1500_reset_mv_preserve_counter,long_training,1301,1500,reset_mv_preserve_counter,82,1581,0c7ec95fe068b41642f63c577b35171816ec9cd936926f8a7d4cf5a74128b2b3,77.16340637207031,0.45738957373971334,0.0005,0.0005,0.16317154467105865,0.656187117099762,0.6745682954788208,,,,,,
long_training_seed1301_ckpt1500_reset_mv_preserve_counter,long_training,1301,1500,reset_mv_preserve_counter,83,1582,50e366159c793f8c10c9d5d5ba722b6eee7e344fe7f14ccc608cb24a398591e5,77.22164154052734,0.4577347653289595,0.0005,0.0005,0.16560523211956024,0.6067247986793518,0.6270762085914612,,,,,,
long_training_seed1301_ckpt1500_reset_mv_preserve_counter,long_training,1301,1500,reset_mv_preserve_counter,84,1583,1ae1709957756403faf7075ef4f1feda3ffc80257f4ada684932b43cf6efa034,77.2770767211914,0.45806335986419633,0.0005,0.0005,0.16246111690998077,0.5726799368858337,0.5935685038566589,,,,,,
long_training_seed1301_ckpt1500_reset_mv_preserve_counter,long_training,1301,1500,reset_mv_preserve_counter,85,1584,74d682600587c8282c5a6fdd7b625ee8b703d1708ed0f7853738616ebd4d3225,77.32820892333984,0.4583664483000836,0.0005,0.0005,0.1634269803762436,0.6504858732223511,0.6693612933158875,,,,,,
long_training_seed1301_ckpt1500_reset_mv_preserve_counter,long_training,1301,1500,reset_mv_preserve_counter,86,1585,507d92829484e564317922cfb9c43ced9820109f39c6c2120c890f9e78056b14,77.37858581542969,0.4586650596015106,0.0005,0.0005,0.15530863404273987,0.6482411026954651,0.6655520796775818,,,,,,
long_training_seed1301_ckpt1500_reset_mv_preserve_counter,long_training,1301,1500,reset_mv_preserve_counter,87,1586,6c22cf30fa820c75ada0b5dab2dc2f957e4ae86dfb253c120e9ec96fb9d1afc0,77.42729187011719,0.4589537669388285,0.0005,0.0005,0.15156011283397675,0.606838583946228,0.6244069933891296,,,,,,
long_training_seed1301_ckpt1500_reset_mv_preserve_counter,long_training,1301,1500,reset_mv_preserve_counter,88,1587,02e1fac7490e750b01fe6a4bc54bc36d0472dd59272958898c8a8eb5cd97c68b,77.47341918945312,0.45922718870596885,0.0005,0.0005,0.15366162359714508,0.5686191916465759,0.5882183313369751,,,,,,
long_training_seed1301_ckpt1500_reset_mv_preserve_counter,long_training,1301,1500,reset_mv_preserve_counter,89,1588,31830e618b0ccbee679714728df2c91f4b96e70d47ff0d7f2ef3d35a3c21632b,77.51758575439453,0.45948898801294463,0.0005,0.0005,0.1554277539253235,0.5867605209350586,0.6060341596603394,,,,,,
long_training_seed1301_ckpt1500_reset_mv_preserve_counter,long_training,1301,1500,reset_mv_preserve_counter,90,1589,a82452ec211fe904555be42c8b6ab8fdf587d9d62c1b8bd944b7f8b390aeca0c,77.5606460571289,0.45974422990076136,0.0005,0.0005,0.1520054042339325,0.6234550476074219,0.6407842040061951,,,,,,
long_training_seed1301_ckpt1500_reset_mv_preserve_counter,long_training,1301,1500,reset_mv_preserve_counter,91,1590,5a4f8165c00cbbbaa2b8e3e47443812abd896a83f0d5daeaabeec2169229fc97,77.60197448730469,0.45998920603582577,0.0005,0.0005,0.15416081249713898,0.5807744264602661,0.5999211072921753,,,,,,
long_training_seed1301_ckpt1500_reset_mv_preserve_counter,long_training,1301,1500,reset_mv_preserve_counter,92,1591,851ce727ffe19241b547ca1d8d0522ed62502b4444f6e9a455be921fec8d1d8b,77.64178466796875,0.4602251826783892,0.0005,0.0005,0.1520645022392273,0.5615829825401306,0.5806607604026794,,,,,,
long_training_seed1301_ckpt1500_reset_mv_preserve_counter,long_training,1301,1500,reset_mv_preserve_counter,93,1592,964e3fce7c94f57979f8c1c7ae76c7225b8908deb4f7a156da42c9fa989a2d8c,77.6803207397461,0.4604536069830246,0.0005,0.0005,0.16112881898880005,0.5410031080245972,0.5633506178855896,,,,,,
long_training_seed1301_ckpt1500_reset_mv_preserve_counter,long_training,1301,1500,reset_mv_preserve_counter,94,1593,246c828018cdf4b10f8446429a79e6ccf5168d6feae94a79e7ddcb661e74ab6c,77.7166519165039,0.46066896167292243,0.0005,0.0005,0.1560552418231964,0.5566747188568115,0.5773134231567383,,,,,,
long_training_seed1301_ckpt1500_reset_mv_preserve_counter,long_training,1301,1500,reset_mv_preserve_counter,95,1594,973082fef8d1c281a004edcfe06613250809e8280723ad2116409f00d96dbf42,77.75202941894531,0.4608786634152694,0.0005,0.0005,0.15199123322963715,0.5638729333877563,0.5830078721046448,,,,,,
long_training_seed1301_ckpt1500_reset_mv_preserve_counter,long_training,1301,1500,reset_mv_preserve_counter,96,1595,492c2dee0305326fb5ced36b0ffe84c29728cceefd13a5859a9eedf11e92e7e4,77.78582000732422,0.4610789586528917,0.0005,0.0005,0.1624884158372879,0.5317561030387878,0.5548193454742432,,,,,,
long_training_seed1301_ckpt1500_reset_mv_preserve_counter,long_training,1301,1500,reset_mv_preserve_counter,97,1596,49988ace62a377e34c91a88226b2df7fb5e5bb77ce58100ff8a3bf4f83d8f11a,77.81768035888672,0.4612678123246711,0.0005,0.0005,0.16392582654953003,0.5293343663215637,0.5526014566421509,,,,,,
long_training_seed1301_ckpt1500_reset_mv_preserve_counter,long_training,1301,1500,reset_mv_preserve_counter,98,1597,bea5045d87e8fcf35d16569a22300442137d111e4ae575ba169707c45b037e79,77.84957885742188,0.46145689211435253,0.0005,0.0005,0.1577221006155014,0.494911789894104,0.517598032951355,,,,,,
long_training_seed1301_ckpt1500_reset_mv_preserve_counter,long_training,1301,1500,reset_mv_preserve_counter,99,1598,70d0b6949decc137415d7292aaee6625857dd8e8612bf71972d9d6c1e48771ad,77.88034057617188,0.4616392335905533,0.0005,0.0005,0.1594056785106659,0.4616340100765228,0.48689359426498413,,,,,,
long_training_seed1301_ckpt1500_reset_mv_preserve_counter,long_training,1301,1500,reset_mv_preserve_counter,100,1599,0f098e9c4571d67e007330b8e3c59d3e05f5d5755c60b91702729812eb4b3faa,77.91011047363281,0.4618156960013012,0.0005,0.0005,0.152144655585289,0.4279319941997528,0.45251524448394775,,,,2.46813694636027,4.493132432301839,2.024995485941569
long_training_seed1301_ckpt3000_reset_mv_preserve_counter,long_training,1301,3000,reset_mv_preserve_counter,1,3000,8f4aca6d06723408b80db861f7bf208564353f08138aab0d27eaa6f69fe2b19a,1.3584156036376953,0.008036171431583772,0.000125,0.000125,0.06098705157637596,1.3741356134414673,1.3584157228469849,22.27383826095487,22.531596099510786,0.27847546339035034,2.1727203925450644,2.353156407674154,0.18043601512908936
long_training_seed1301_ckpt3000_reset_mv_preserve_counter,long_training,1301,3000,reset_mv_preserve_counter,2,3001,0fa9d0ff91e1517614579695d08f4bbffd8f2ec75589c573a895860f2b26dfac,2.328533887863159,0.013775237458264242,0.000125,0.000125,0.06099575012922287,1.3672754764556885,1.349247932434082,,,,,,
long_training_seed1301_ckpt3000_reset_mv_preserve_counter,long_training,1301,3000,reset_mv_preserve_counter,3,3002,fa9be76c563283f3f24b3db331f1621308685194ba2b499d23d693685fe925e6,3.2442636489868164,0.01919254960168076,0.000125,0.000125,0.059117063879966736,1.3137445449829102,1.2974815368652344,,,,,,
long_training_seed1301_ckpt3000_reset_mv_preserve_counter,long_training,1301,3000,reset_mv_preserve_counter,4,3003,1ca1f96485c80eacdfa4892a972edc756acd6139b39449dc58978e2908e75773,4.082239627838135,0.02414988269146944,0.000125,0.000125,0.060037270188331604,1.2648646831512451,1.249573826789856,,,,,,
long_training_seed1301_ckpt3000_reset_mv_preserve_counter,long_training,1301,3000,reset_mv_preserve_counter,5,3004,ff47130cca33362199e05a4bee6d4dc224d0ed1635e5426ef61b2e28c029dc8c,4.864984512329102,0.028780477379957967,0.000125,0.000125,0.06106755509972572,1.1762577295303345,1.1610392332077026,,,,,,
long_training_seed1301_ckpt3000_reset_mv_preserve_counter,long_training,1301,3000,reset_mv_preserve_counter,6,3005,1f297419f634e2dac6da87e1145839b280ccf607fec7891070eb1f84c7db9454,5.617051124572754,0.03322958427167501,0.000125,0.000125,0.062108445912599564,1.1136687994003296,1.1000709533691406,,,,,,
long_training_seed1301_ckpt3000_reset_mv_preserve_counter,long_training,1301,3000,reset_mv_preserve_counter,7,3006,d103d236215aa12676ee12ae494918d78032232e2911dc4ba49f745207a89fb8,6.326204299926758,0.03742482207160587,0.000125,0.000125,0.06163284182548523,1.0656754970550537,1.053112268447876,,,,,,
long_training_seed1301_ckpt3000_reset_mv_preserve_counter,long_training,1301,3000,reset_mv_preserve_counter,8,3007,26ba158af43a4625b41243a031bff402d3ecef8e8c12669c32a11cc0e8539b7e,6.96666145324707,0.04121366509202135,0.000125,0.000125,0.06221000477671623,1.0252244472503662,1.0153965950012207,,,,,,
long_training_seed1301_ckpt3000_reset_mv_preserve_counter,long_training,1301,3000,reset_mv_preserve_counter,9,3008,a5514f051666572cdc63c7f8fff0efe7346916a4e52d3dd2db7c810cfa8d05e1,7.5732269287109375,0.04480201031733712,0.000125,0.000125,0.0631275400519371,0.9901983737945557,0.9811381101608276,,,,,,
long_training_seed1301_ckpt3000_reset_mv_preserve_counter,long_training,1301,3000,reset_mv_preserve_counter,10,3009,6272e5600abf3f59fedd1b62a6499fc01b007f9c6be88fb689e524de7df88cd3,8.14344596862793,0.048175335790082666,0.000125,0.000125,0.06331270188093185,0.9602043628692627,0.9519173502922058,,,,,,
long_training_seed1301_ckpt3000_reset_mv_preserve_counter,long_training,1301,3000,reset_mv_preserve_counter,11,3010,7f8e370cce666edbc4045a892ae1b2b86d428a981a8f5c43f291b99ccb86458d,8.686978340148926,0.05139078716185812,0.000125,0.000125,0.06287923455238342,0.9360465407371521,0.9288269877433777,,,,,,
long_training_seed1301_ckpt3000_reset_mv_preserve_counter,long_training,1301,3000,reset_mv_preserve_counter,12,3011,34394231371e383d9bc00ec4fc92d5f7d3cd66f191b36af291b197386cb92eea,9.196484565734863,0.05440494524669107,0.000125,0.000125,0.06428635120391846,0.8843910098075867,0.8772491812705994,,,,,,
long_training_seed1301_ckpt3000_reset_mv_preserve_counter,long_training,1301,3000,reset_mv_preserve_counter,13,3012,ff4c8a0821486533fc804397fcb01e3b02e0fe65e7ce5e84c8a3f34e416cdde0,9.67143440246582,0.057214673211499305,0.000125,0.000125,0.06353653222322464,0.8657593727111816,0.8591564297676086,,,,,,
long_training_seed1301_ckpt3000_reset_mv_preserve_counter,long_training,1301,3000,reset_mv_preserve_counter,14,3013,8e518abd1bae90ff6830207b5b519da00ae19d8ce4dfa1d95fb1e5cb8e3ed219,10.111326217651367,0.059817003476784196,0.000125,0.000125,0.06319599598646164,0.8032338619232178,0.7970187664031982,,,,,,
long_training_seed1301_ckpt3000_reset_mv_preserve_counter,long_training,1301,3000,reset_mv_preserve_counter,15,3014,b172498954070fd8a47cdf1c99f03b1d1ec45867a3c761c1035b47a989229052,10.521214485168457,0.06224183750897684,0.000125,0.000125,0.06421343237161636,0.8103846907615662,0.8049024939537048,,,,,,
long_training_seed1301_ckpt3000_reset_mv_preserve_counter,long_training,1301,3000,reset_mv_preserve_counter,16,3015,761d7cc25fbb2d7afe8dd157f39ed2b11b8021814dcb9099ac9ca0a7ff6ded02,10.914779663085938,0.06457010672995539,0.000125,0.000125,0.06285296380519867,0.7588226199150085,0.7537116408348083,,,,,,
long_training_seed1301_ckpt3000_reset_mv_preserve_counter,long_training,1301,3000,reset_mv_preserve_counter,17,3016,17304f145add93a2b62f7cd9a743d28514471531d87c91c41e79207316df6b4e,11.285027503967285,0.06676043428032254,0.000125,0.000125,0.06437258422374725,0.7101165652275085,0.7046535015106201,,,,,,
long_training_seed1301_ckpt3000_reset_mv_preserve_counter,long_training,1301,3000,reset_mv_preserve_counter,18,3017,db3b13af25efe69ec2c2e92e0f81b04f046c3868c819b7572159e3cb42c46d03,11.634057998657227,0.06882524337311248,0.000125,0.000125,0.06427568942308426,0.6912983059883118,0.6850903630256653,,,,,,
long_training_seed1301_ckpt3000_reset_mv_preserve_counter,long_training,1301,3000,reset_mv_preserve_counter,19,3018,15c10122f9acb9a8047248b88827e7675bb0956d0ba8312d1ec4399336f924bb,11.959052085876465,0.07074785688855725,0.000125,0.000125,0.06352786719799042,0.6534121036529541,0.6492151618003845,,,,,,
long_training_seed1301_ckpt3000_reset_mv_preserve_counter,long_training,1301,3000,reset_mv_preserve_counter,20,3019,ab3be39f38aec564ff5df1cadcf25b8b4c8f5cd4dd457baf156e40bd5c0f977d,12.26650619506836,0.07256670667369997,0.000125,0.000125,0.0639551505446434,0.6145591139793396,0.6110422015190125,,,,2.104453206062317,2.5507779121398926,0.4463247060775757
long_training_seed1301_ckpt3000_reset_mv_preserve_counter,long_training,1301,3000,reset_mv_preserve_counter,21,3020,3a534d236a6952ca7140d65a62fd4b1ab033f5ace4de28ccabc1cabdd588d551,12.551657676696777,0.07425361764866198,0.000125,0.000125,0.06269959360361099,0.5923859477043152,0.5896813273429871,,,,,,
long_training_seed1301_ckpt3000_reset_mv_preserve_counter,long_training,1301,3000,reset_mv_preserve_counter,22,3021,876973e419e7c1b0823a221815446efa4dbcddbb12ee20a102edac0236d0c0d5,12.816828727722168,0.07582232756264323,0.000125,0.000125,0.06256844103336334,0.57501620054245,0.5721114277839661,,,,,,
long_training_seed1301_ckpt3000_reset_mv_preserve_counter,long_training,1301,3000,reset_mv_preserve_counter,23,3022,0e5538b22dd732c0c6c8a274b791daf58e8786d49885ff070808ef9b6ff52ff0,13.061470985412598,0.07726959238862527,0.000125,0.000125,0.06187665835022926,0.5706881284713745,0.5673285126686096,,,,,,
long_training_seed1301_ckpt3000_reset_mv_preserve_counter,long_training,1301,3000,reset_mv_preserve_counter,24,3023,764dbe87784e08be31e81cb19f3a547962bd16f22835e900b0daa39eedbf3a2e,13.291004180908203,0.07862747439712278,0.000125,0.000125,0.06302780658006668,0.5634300708770752,0.5601683259010315,,,,,,
long_training_seed1301_ckpt3000_reset_mv_preserve_counter,long_training,1301,3000,reset_mv_preserve_counter,25,3024,1ca7c9b69e9ed5e79da64fb669bb002bddd11c766e4ed6eb47802c2123550916,13.50564956665039,0.0798972824825154,0.000125,0.000125,0.06430736929178238,0.5776944160461426,0.5736863613128662,,,,,,
long_training_seed1301_ckpt3000_reset_mv_preserve_counter,long_training,1301,3000,reset_mv_preserve_counter,26,3025,c512bf28302c476d3c544243ac97b140208bc6040a1daa371ea3bc144b0c4ba5,13.70905590057373,0.08110060211849472,0.000125,0.000125,0.06122870743274689,0.5845816731452942,0.5814786553382874,,,,,,
long_training_seed1301_ckpt3000_reset_mv_preserve_counter,long_training,1301,3000,reset_mv_preserve_counter,27,3026,2ef53a2049c6bcff85ba00fecce5f326ff408e819a5fbdeb79ab88321aa00026,13.902669906616211,0.08224599189460337,0.000125,0.000125,0.06056651100516319,0.5668979287147522,0.563267171382904,,,,,,
long_training_seed1301_ckpt3000_reset_mv_preserve_counter,long_training,1301,3000,reset_mv_preserve_counter,28,3027,70b94f56d0a7837d83d5debbdfd6a28f1e96d8ae264b8756dcce1b13b5c4a5eb,14.085227012634277,0.08332597080244745,0.000125,0.000125,0.06228990480303764,0.5523465275764465,0.5485677719116211,,,,,,
long_training_seed1301_ckpt3000_reset_mv_preserve_counter,long_training,1301,3000,reset_mv_preserve_counter,29,3028,b47b486b6e77f07b776655c97dcbf8ac1831c7bc1955c91ee830a4b95295bdf0,14.25648307800293,0.08433909454478049,0.000125,0.000125,0.061303041875362396,0.5333954095840454,0.5297239422798157,,,,,,
long_training_seed1301_ckpt3000_reset_mv_preserve_counter,long_training,1301,3000,reset_mv_preserve_counter,30,3029,7bae808c52b364d0a534e4b575d0719cfbbf8c3b9b9e903ef6c44d572724c538,14.418437957763672,0.08529719394709417,0.000125,0.000125,0.061796169728040695,0.517980694770813,0.5144861936569214,,,,,,
long_training_seed1301_ckpt3000_reset_mv_preserve_counter,long_training,1301,3000,reset_mv_preserve_counter,31,3030,5f4dedeb8937022296707d9546f2a335a560ae50eb1591c67f8393933256d8a7,14.571252822875977,0.08620122247124264,0.000125,0.000125,0.0622783787548542,0.5055488348007202,0.5018225908279419,,,,,,
long_training_seed1301_ckpt3000_reset_mv_preserve_counter,long_training,1301,3000,reset_mv_preserve_counter,32,3031,e617c1ff606bdba3f4e49702eb4c8650ed9c4f8cac6854388a643cd8c30808a3,14.716558456420898,0.08706082757148949,0.000125,0.000125,0.06174653396010399,0.49231642484664917,0.4892406165599823,,,,,,
long_training_seed1301_ckpt3000_reset_mv_preserve_counter,long_training,1301,3000,reset_mv_preserve_counter,33,3032,7740295e451745647569ea1036a973dca65aa9b285dcb84ccd66f68440883688,14.85366153717041,0.08787190766932619,0.000125,0.000125,0.06308890134096146,0.5047011375427246,0.5007120966911316,,,,,,
long_training_seed1301_ckpt3000_reset_mv_preserve_counter,long_training,1301,3000,reset_mv_preserve_counter,34,3033,521d6db48a26467798501556ea48a5bdf3c94cc921d4ae99951aed34d0ca8576,14.986615180969238,0.08865844035575877,0.000125,0.000125,0.06546983867883682,0.4980541169643402,0.4940096139907837,,,,,,
long_training_seed1301_ckpt3000_reset_mv_preserve_counter,long_training,1301,3000,reset_mv_preserve_counter,35,3034,b70f6e608a0cb64ef9ef04b02e026dd12837e812128ff16e5cf831c362784d67,15.115117073059082,0.08941863718458752,0.000125,0.000125,0.06510104238986969,0.4698708653450012,0.46634119749069214,,,,,,
long_training_seed1301_ckpt3000_reset_mv_preserve_counter,long_training,1301,3000,reset_mv_preserve_counter,36,3035,de2cfb12c06b6c603ae2560b2bb7bc57ca0f5d1a92a0f5b9030afadf7eb60a4f,15.238883972167969,0.09015082254533506,0.000125,0.000125,0.06422100961208344,0.44898149371147156,0.445618599653244,,,,,,
long_training_seed1301_ckpt3000_reset_mv_preserve_counter,long_training,1301,3000,reset_mv_preserve_counter,37,3036,cf3e5de233c9e9b6968213a3fff1605683038dc2ea956ea217b3ebb7d49eaf3d,15.357012748718262,0.09084965366654661,0.000125,0.000125,0.063390351831913,0.4320106506347656,0.42855340242385864,,,,,,
long_training_seed1301_ckpt3000_reset_mv_preserve_counter,long_training,1301,3000,reset_mv_preserve_counter,38,3037,1be4c88f997f90926e87feb2da6439a3275927aa60df5a77ff267d6d40dea774,15.468868255615234,0.09151137311866689,0.000125,0.000125,0.0636093020439148,0.4261491000652313,0.42204952239990234,,,,,,
long_training_seed1301_ckpt3000_reset_mv_preserve_counter,long_training,1301,3000,reset_mv_preserve_counter,39,3038,61c997d6e0bfcf395d8a65f31efae1ee5061b3c3767464031cf57047ed8b1277,15.573820114135742,0.09213225168107118,0.000125,0.000125,0.06480420380830765,0.40285590291023254,0.3987780213356018,,,,,,
long_training_seed1301_ckpt3000_reset_mv_preserve_counter,long_training,1301,3000,reset_mv_preserve_counter,40,3039,f0ef44d4eeb6f82f1506617bd04d1ea1d149281b5e11c29ea47838a3c2653497,15.6730318069458,0.09271917233282476,0.000125,0.000125,0.06781233847141266,0.3933744728565216,0.3898999094963074,,,,,,
long_training_seed1301_ckpt3000_reset_mv_preserve_counter,long_training,1301,3000,reset_mv_preserve_counter,41,3040,4022a9d6c7d6e4af631e105fcad789e72f879631af08aef3776088741dbf1f6a,15.768026351928711,0.09328114500635977,0.000125,0.000125,0.06626439839601517,0.37317606806755066,0.37023690342903137,,,,,,
long_training_seed1301_ckpt3000_reset_mv_preserve_counter,long_training,1301,3000,reset_mv_preserve_counter,42,3041,7f918093e15270e6bf8e6991826886917f0073510cc04f1baba80d448bee0e4f,15.857527732849121,0.09381062099184892,0.000125,0.000125,0.0659668818116188,0.3596530854701996,0.35627084970474243,,,,,,
long_training_seed1301_ckpt3000_reset_mv_preserve_counter,long_training,1301,3000,reset_mv_preserve_counter,43,3042,8edd869e6782f7e7430ec4b5ea849983129854fb551913c8a20f748e33c4537f,15.939726829528809,0.0942968978210243,0.000125,0.000125,0.06461042165756226,0.3611285090446472,0.35807278752326965,,,,,,
long_training_seed1301_ckpt3000_reset_mv_preserve_counter,long_training,1301,3000,reset_mv_preserve_counter,44,3043,5fb11a6e63e54970de0dfdda4a367962168b08be0252871c0b92d69f8d7dd69b,16.01629066467285,0.09474983733602206,0.000125,0.000125,0.06203366816043854,0.36320194602012634,0.3612174391746521,,,,,,
long_training_seed1301_ckpt3000_reset_mv_preserve_counter,long_training,1301,3000,reset_mv_preserve_counter,45,3044,a7d29389a06a6f06c644043908a2275bb8fd7926f6d0738cb7ee821cf2b525e6,16.087888717651367,0.09517340007069779,0.000125,0.000125,0.06013064086437225,0.34908977150917053,0.3471568822860718,,,,,,
long_training_seed1301_ckpt3000_reset_mv_preserve_counter,long_training,1301,3000,reset_mv_preserve_counter,46,3045,07fdafa78db5292591741ee8a74d3f96e573af8d1d151d10c516117a45185b0f,16.153831481933594,0.0955635070136874,0.000125,0.000125,0.06172969192266464,0.36311858892440796,0.36027824878692627,,,,,,
long_training_seed1301_ckpt3000_reset_mv_preserve_counter,long_training,1301,3000,reset_mv_preserve_counter,47,3046,1174af1b3f3282b8a5132bb859a56161bd2c06091e70267834d52238f8657197,16.216508865356445,0.09593429648100531,0.000125,0.000125,0.06025107577443123,0.3498748242855072,0.34688887000083923,,,,,,
long_training_seed1301_ckpt3000_reset_mv_preserve_counter,long_training,1301,3000,reset_mv_preserve_counter,48,3047,4ef19dba8163fec8358aea0206c04c1baff561ea9afcfa9538a4a2c25c854be3,16.276466369628906,0.0962889955743116,0.000125,0.000125,0.06136694550514221,0.34503763914108276,0.34182336926460266,,,,,,
long_training_seed1301_ckpt3000_reset_mv_preserve_counter,long_training,1301,3000,reset_mv_preserve_counter,49,3048,7d085c72e485d8d8072573ead032c953eea574b0041b734dad942ca970d0c650,16.33424949645996,0.0966308313952664,0.000125,0.000125,0.06050176918506622,0.34148743748664856,0.33831942081451416,,,,,,
long_training_seed1301_ckpt3000_reset_mv_preserve_counter,long_training,1301,3000,reset_mv_preserve_counter,50,3049,9c220e85ec108afdac3277c15912e5b1a09b1daed09aa4e579995473f8efd68e,16.38941764831543,0.0969571974386827,0.000125,0.000125,0.061874400824308395,0.35039958357810974,0.347520649433136,,,,,,
long_training_seed1301_ckpt3000_reset_mv_preserve_counter,long_training,1301,3000,reset_mv_preserve_counter,51,3050,6fa1ccb7dd59968391922f49e56662b1fffa01a37b5e134bf6257a301efce6b5,16.442893981933594,0.09727355495352374,0.000125,0.000125,0.06371037662029266,0.352209210395813,0.3493649661540985,,,,,,
long_training_seed1301_ckpt3000_reset_mv_preserve_counter,long_training,1301,3000,reset_mv_preserve_counter,52,3051,111eab1f976a7e7332ef3eec324e3aff794467cc503f20fbbd98c7970e8e97f9,16.49551773071289,0.09758486871157435,0.000125,0.000125,0.06641187518835068,0.3410070836544037,0.337410569190979,,,,,,
long_training_seed1301_ckpt3000_reset_mv_preserve_counter,long_training,1301,3000,reset_mv_preserve_counter,53,3052,0141d5addb15374bc09c692406e9e990523e2379073cb473baa6761b969a5797,16.546592712402344,0.09788702020896757,0.000125,0.000125,0.07094396650791168,0.33594757318496704,0.3317331075668335,,,,,,
long_training_seed1301_ckpt3000_reset_mv_preserve_counter,long_training,1301,3000,reset_mv_preserve_counter,54,3053,c4a6fa3c224bf709ddfdc242034fce49923a8a86630ac1cf95f6dbfa0c8100bc,16.595993041992188,0.0981792647299357,0.000125,0.000125,0.06909976899623871,0.32665184140205383,0.32320427894592285,,,,,,
long_training_seed1301_ckpt3000_reset_mv_preserve_counter,long_training,1301,3000,reset_mv_preserve_counter,55,3054,906a6229a186e383b2781991e69621601a18c3a6122c5acd0ae9f3e936cd20b9,16.642940521240234,0.09845699857700556,0.000125,0.000125,0.06566588580608368,0.3218091130256653,0.31874391436576843,,,,,,
long_training_seed1301_ckpt3000_reset_mv_preserve_counter,long_training,1301,3000,reset_mv_preserve_counter,56,3055,42f20901a460084cdd959301aa334066d110460a9458ed83a764a751f8824fd3,16.686920166015625,0.09871717518567286,0.000125,0.000125,0.06369613856077194,0.3093065619468689,0.3072945773601532,,,,,,
long_training_seed1301_ckpt3000_reset_mv_preserve_counter,long_training,1301,3000,reset_mv_preserve_counter,57,3056,9acf8b642b7700542d02be5a244614b19d42eadd8133f050b990ea3606c55bf0,16.72942543029785,0.09896862959300007,0.000125,0.000125,0.06538055092096329,0.3102629482746124,0.30700480937957764,,,,,,
long_training_seed1301_ckpt3000_reset_mv_preserve_counter,long_training,1301,3000,reset_mv_preserve_counter,58,3057,1d55dac5dd9518e7aaccacfef58e3e9323705521e40c75baacaf8624f7f146a2,16.771018981933594,0.09921469045279743,0.000125,0.000125,0.06396113336086273,0.30207332968711853,0.29870614409446716,,,,,,
long_training_seed1301_ckpt3000_reset_mv_preserve_counter,long_training,1301,3000,reset_mv_preserve_counter,59,3058,29fcdae63fd16f85cb6e71a6e1e196694a381bba7e7ce528159a39134a18a104,16.811269760131836,0.09945280767773915,0.000125,0.000125,0.06419627368450165,0.30347272753715515,0.29961156845092773,,,,,,
long_training_seed1301_ckpt3000_reset_mv_preserve_counter,long_training,1301,3000,reset_mv_preserve_counter,60,3059,b21d4ddf93380c16da80b5782b2eec1838844802471a3e8daaa45ad86924d0d2,16.850053787231445,0.09968224783562972,0.000125,0.000125,0.06360077857971191,0.29626762866973877,0.2924342453479767,,,,,,
long_training_seed1301_ckpt3000_reset_mv_preserve_counter,long_training,1301,3000,reset_mv_preserve_counter,61,3060,e39af3fea1f822fca11aba88ffe0528fd2f195709d60a2cd25322b7255faab1b,16.8865966796875,0.09989842979614047,0.000125,0.000125,0.061901263892650604,0.292132705450058,0.2888031601905823,,,,,,
long_training_seed1301_ckpt3000_reset_mv_preserve_counter,long_training,1301,3000,reset_mv_preserve_counter,62,3061,46958bcaf7cc76db69020c3df742660938229484fb69414c1057f58a3f1878b8,16.921737670898438,0.10010631833105617,0.000125,0.000125,0.06305508315563202,0.2923015058040619,0.28838494420051575,,,,,,
long_training_seed1301_ckpt3000_reset_mv_preserve_counter,long_training,1301,3000,reset_mv_preserve_counter,63,3062,c2894464a9238224bf7d73af3723a933ac9be7b2dd8f3c98c1a338ea61a4d4b8,16.95551872253418,0.10030616167896607,0.000125,0.000125,0.06401631236076355,0.2977086901664734,0.2942197918891907,,,,,,
long_training_seed1301_ckpt3000_reset_mv_preserve_counter,long_training,1301,3000,reset_mv_preserve_counter,64,3063,19f8e881af95745b761deecb9c503a8cebd3d56ffa706359ce80ffa0da5b3364,16.98712921142578,0.10049316432166897,0.000125,0.000125,0.06578352302312851,0.34068283438682556,0.3349945843219757,,,,,,
long_training_seed1301_ckpt3000_reset_mv_preserve_counter,long_training,1301,3000,reset_mv_preserve_counter,65,3064,3531d4f7111b35e809c67df74148d423b1badf480afe151accbbef03e763ec9b,17.01911735534668,0.100682401111675,0.000125,0.000125,0.06598741561174393,0.3294234871864319,0.32449275255203247,,,,,,
long_training_seed1301_ckpt3000_reset_mv_preserve_counter,long_training,1301,3000,reset_mv_preserve_counter,66,3065,74c822e8b417e1128c632f2eef24a3f272034d0341ef680863970f022438be0a,17.051542282104492,0.10087422183972357,0.000125,0.000125,0.06489547342061996,0.3204430043697357,0.3162827491760254,,,,,,
long_training_seed1301_ckpt3000_reset_mv_preserve_counter,long_training,1301,3000,reset_mv_preserve_counter,67,3066,c7cb4b49159716312d28b4da40176e66c97848729f5ebb8e29ecc1df5b487aa0,17.082298278808594,0.10105616944206376,0.000125,0.000125,0.06466009467840195,0.3095417320728302,0.30529698729515076,,,,,,
long_training_seed1301_ckpt3000_reset_mv_preserve_counter,long_training,1301,3000,reset_mv_preserve_counter,68,3067,4e5d429d0ca969d1f8cbb29c554194457e7ace28b82f04b71c88a56e8ec322a7,17.112009048461914,0.10123193364681746,0.000125,0.000125,0.0643613189458847,0.3114497661590576,0.307841420173645,,,,,,
long_training_seed1301_ckpt3000_reset_mv_preserve_counter,long_training,1301,3000,reset_mv_preserve_counter,69,3068,764344caae0f36e1a91c034d16038c1cdbd5d9dafc2225a6c68e237643b3ddea,17.14177131652832,0.10140800250802157,0.000125,0.000125,0.06432254612445831,0.31728458404541016,0.3126378655433655,,,,,,
long_training_seed1301_ckpt3000_reset_mv_preserve_counter,long_training,1301,3000,reset_mv_preserve_counter,70,3069,66dd7997fb963bcac4f5c4c1becb9abdcf3af71250dd44b7ec85d0988d2e4b25,17.170907974243164,0.10158037035753158,0.000125,0.000125,0.06432368606328964,0.31442713737487793,0.31003209948539734,,,,,,
long_training_seed1301_ckpt3000_reset_mv_preserve_counter,long_training,1301,3000,reset_mv_preserve_counter,71,3070,c856e432b01d3806228e9048d47894ee4d08b10fcc74cc33065afe2dc3391710,17.198841094970703,0.1017456182729593,0.000125,0.000125,0.06284352391958237,0.3206643760204315,0.31660959124565125,,,,,,
long_training_seed1301_ckpt3000_reset_mv_preserve_counter,long_training,1301,3000,reset_mv_preserve_counter,72,3071,7b1f8ff48282f24a9653a206bc92d0ac4f770f8ccb15d3b775bab6861eb6bae6,17.227413177490234,0.10191464618508682,0.000125,0.000125,0.06323450803756714,0.31497669219970703,0.31123730540275574,,,,,,
long_training_seed1301_ckpt3000_reset_mv_preserve_counter,long_training,1301,3000,reset_mv_preserve_counter,73,3072,35abcf59e75c21106831b4978e94a70b3612d989c86ace5f7ce586ef9b032360,17.257238388061523,0.10209108740417479,0.000125,0.000125,0.062036704272031784,0.31396135687828064,0.30977973341941833,,,,,,
long_training_seed1301_ckpt3000_reset_mv_preserve_counter,long_training,1301,3000,reset_mv_preserve_counter,74,3073,0aa8a6ae49e596d2b7458447f8e6f89ac02c594d4ab8605e90a3be5bc4ffbce1,17.286701202392578,0.10226538474453752,0.000125,0.000125,0.05972836911678314,0.29993194341659546,0.29601025581359863,,,,,,
long_training_seed1301_ckpt3000_reset_mv_preserve_counter,long_training,1301,3000,reset_mv_preserve_counter,75,3074,61760fe9998a95eea872f4f0bb9f0a63e3b7448baf2a0c5a33a05c9f52ef3ac3,17.316375732421875,0.10244093456141867,0.000125,0.000125,0.061970099806785583,0.29519349336624146,0.29098042845726013,,,,,,
long_training_seed1301_ckpt3000_reset_mv_preserve_counter,long_training,1301,3000,reset_mv_preserve_counter,76,3075,f3db660a71dd78ae8b8e58741723b78731d5de6417b985f1f8c8b46f7cfa75d2,17.34511375427246,0.1026109441443309,0.000125,0.000125,0.06255614012479782,0.2848680913448334,0.2802537977695465,,,,,,
long_training_seed1301_ckpt3000_reset_mv_preserve_counter,long_training,1301,3000,reset_mv_preserve_counter,77,3076,620e8628efc6eae7b16cea5a33fedde19b1807f4ba9d02b9e75c5eb510b1e68a,17.37352752685547,0.10277903551996265,0.000125,0.000125,0.06351541727781296,0.2794353663921356,0.27521735429763794,,,,,,
long_training_seed1301_ckpt3000_reset_mv_preserve_counter,long_training,1301,3000,reset_mv_preserve_counter,78,3077,c1de67ce9a5bf96efcfbfd5fef9453a04681207f0d3dffc6fc15d0c56cd2c3d8,17.40049171447754,0.1029385513806934,0.000125,0.000125,0.06231233850121498,0.27322009205818176,0.2695518136024475,,,,,,
long_training_seed1301_ckpt3000_reset_mv_preserve_counter,long_training,1301,3000,reset_mv_preserve_counter,79,3078,96011933917b2026e4b5030720bf6391bf317578e99343590f77bd087a496ae9,17.426668167114258,0.10309340712608979,0.000125,0.000125,0.062164466828107834,0.2720068395137787,0.26707300543785095,,,,,,
long_training_seed1301_ckpt3000_reset_mv_preserve_counter,long_training,1301,3000,reset_mv_preserve_counter,80,3079,04d4d69aba247bad6fdde71b7cbca5ba1c79b293b7edb8bd3177505c21fe2c00,17.45209503173828,0.10324382842759659,0.000125,0.000125,0.061373788863420486,0.2647775411605835,0.2599828541278839,,,,,,
long_training_seed1301_ckpt3000_reset_mv_preserve_counter,long_training,1301,3000,reset_mv_preserve_counter,81,3080,12cad9084a7ce80eba06d7be08259b79a7cebfc7784ec56b37c3a837c01877e8,17.476118087768555,0.10338594501993612,0.000125,0.000125,0.05986829102039337,0.26558545231819153,0.26148316264152527,,,,,,
long_training_seed1301_ckpt3000_reset_mv_preserve_counter,long_training,1301,3000,reset_mv_preserve_counter,82,3081,bad87142f92fff61d638c2a7c36a20d2dc9dc633386f21a408a5d016665bebf2,17.499582290649414,0.10352475552560984,0.000125,0.000125,0.060902878642082214,0.2659344971179962,0.2622203528881073,,,,,,
long_training_seed1301_ckpt3000_reset_mv_preserve_counter,long_training,1301,3000,reset_mv_preserve_counter,83,3082,eed2e849acb3c3147c1843787dcdfeba821414e1a687fed7cbc3467c39362b12,17.522905349731445,0.10366273104693796,0.000125,0.000125,0.061482857912778854,0.25799497961997986,0.254593163728714,,,,,,
long_training_seed1301_ckpt3000_reset_mv_preserve_counter,long_training,1301,3000,reset_mv_preserve_counter,84,3083,ed64728a85bc27fd673e57c0f28f0e7f2dc28de764195b15a3d1c5a900bcd420,17.542085647583008,0.10377619864936483,0.000125,0.000125,0.06360791623592377,0.40854471921920776,0.4070487916469574,,,,,,
long_training_seed1301_ckpt3000_reset_mv_preserve_counter,long_training,1301,3000,reset_mv_preserve_counter,85,3084,4f106339ccdce602a1651b8a8b75640c2ca582949dcbb6c0f7f10b85f2dd6d33,17.566429138183594,0.10392021088184035,0.000125,0.000125,0.06912073493003845,0.39258572459220886,0.38826796412467957,,,,,,
long_training_seed1301_ckpt3000_reset_mv_preserve_counter,long_training,1301,3000,reset_mv_preserve_counter,86,3085,dd1dc8755c63932e37dca82fe6026962071e5418366763e6b1a80c745c9f89bb,17.5948543548584,0.10408836995890552,0.000125,0.000125,0.06658679246902466,0.3742715120315552,0.36970603466033936,,,,,,
long_training_seed1301_ckpt3000_reset_mv_preserve_counter,long_training,1301,3000,reset_mv_preserve_counter,87,3086,013bd29b17d94cb1500f46778df689dfce8786bc1cbe52f4e92a13c79670452e,17.62339973449707,0.10425723990102169,0.000125,0.000125,0.06302940845489502,0.35483691096305847,0.3518758714199066,,,,,,
long_training_seed1301_ckpt3000_reset_mv_preserve_counter,long_training,1301,3000,reset_mv_preserve_counter,88,3087,b3c5647a624088ff13c6ad512d655bdc98154dbd3fe5239bf867da36062cdc9d,17.653465270996094,0.10443510285021168,0.000125,0.000125,0.06381697207689285,0.3459123373031616,0.3419820964336395,,,,,,
long_training_seed1301_ckpt3000_reset_mv_preserve_counter,long_training,1301,3000,reset_mv_preserve_counter,89,3088,0668032feb4ca42c076d6d0f459e54117e584870988c1e7c6621934827621f1e,17.68318748474121,0.1046109347563988,0.000125,0.000125,0.062418658286333084,0.3333234190940857,0.3296836316585541,,,,,,
long_training_seed1301_ckpt3000_reset_mv_preserve_counter,long_training,1301,3000,reset_mv_preserve_counter,90,3089,7adf2c2eebf567a5dbc058df57fa2811a43c819e91ee88bca1844bbc46e0895d,17.712139129638672,0.1047822080994017,0.000125,0.000125,0.06196969747543335,0.31867003440856934,0.31481918692588806,,,,,,
long_training_seed1301_ckpt3000_reset_mv_preserve_counter,long_training,1301,3000,reset_mv_preserve_counter,91,3090,642320113db112af1b37677419252aa6190d3e1314d3ad4af5a99c4f91d6bf22,17.741594314575195,0.10495646030547547,0.000125,0.000125,0.06238406524062157,0.3209366798400879,0.3165481984615326,,,,,,
long_training_seed1301_ckpt3000_reset_mv_preserve_counter,long_training,1301,3000,reset_mv_preserve_counter,92,3091,c93a4f3b9a7319d8cb6f1df847f1b148d0cb928dc142ec84d573fe6ef18f9648,17.77088165283203,0.10512971955719229,0.000125,0.000125,0.06321421265602112,0.3315056264400482,0.32727184891700745,,,,,,
long_training_seed1301_ckpt3000_reset_mv_preserve_counter,long_training,1301,3000,reset_mv_preserve_counter,93,3092,ba6ecdbd759547052b769da59d3805866be0a3be895c8e0dbaef3707601a3472,17.801218032836914,0.10530918477364008,0.000125,0.000125,0.06224536523222923,0.31689727306365967,0.3131929636001587,,,,,,
long_training_seed1301_ckpt3000_reset_mv_preserve_counter,long_training,1301,3000,reset_mv_preserve_counter,94,3093,6cb1fcbceebd75080168344f3fefd91d6395a6286f615ac958b85edcf1213f65,17.832149505615234,0.1054921704646262,0.000125,0.000125,0.06421616673469543,0.31174254417419434,0.307737797498703,,,,,,
long_training_seed1301_ckpt3000_reset_mv_preserve_counter,long_training,1301,3000,reset_mv_preserve_counter,95,3094,b33f4a8dd6cd712e9479620bc84c2e1c97b4215257c2932509de30dca90952f0,17.863019943237305,0.10567479508130068,0.000125,0.000125,0.0638834610581398,0.30631691217422485,0.30260923504829407,,,,,,
long_training_seed1301_ckpt3000_reset_mv_preserve_counter,long_training,1301,3000,reset_mv_preserve_counter,96,3095,2484bcc916a9a4b96c1e13042d4025d546229f582dac8af5e2ac1400a25591c1,17.893817901611328,0.10585699092223011,0.000125,0.000125,0.0631769672036171,0.2999696433544159,0.2971474230289459,,,,,,
long_training_seed1301_ckpt3000_reset_mv_preserve_counter,long_training,1301,3000,reset_mv_preserve_counter,97,3096,5ec35e2a43e286e7afb2307a59393a831f12fad42142b0085192077a0257e04b,17.924697875976562,0.10603967195676578,0.000125,0.000125,0.06189866364002228,0.30156394839286804,0.29894745349884033,,,,,,
long_training_seed1301_ckpt3000_reset_mv_preserve_counter,long_training,1301,3000,reset_mv_preserve_counter,98,3097,776033146156f246004d5349c3415834d141adc90bf4169acb7cf463b7d52364,17.95540428161621,0.10622132618622779,0.000125,0.000125,0.06430508196353912,0.3051705062389374,0.302785187959671,,,,,,
long_training_seed1301_ckpt3000_reset_mv_preserve_counter,long_training,1301,3000,reset_mv_preserve_counter,99,3098,84a2632b18a445177836565d716dc6371e1120b62fa33d91ac637c49733891e7,17.985794067382812,0.10640110734269825,0.000125,0.000125,0.06393297761678696,0.3103702664375305,0.3073517382144928,,,,,,
long_training_seed1301_ckpt3000_reset_mv_preserve_counter,long_training,1301,3000,reset_mv_preserve_counter,100,3099,e489acc0fbdab92a4c10968697b0abbfa0e464cfed14d90faaf8fd04ff96fd7c,18.01573944091797,0.10657825942683723,0.000125,0.000125,0.06395072489976883,0.31258100271224976,0.30934885144233704,,,,2.0816663901011148,2.2998616695404053,0.2181952794392905
long_training_seed1302_ckpt750_reset_mv_preserve_counter,long_training,1302,750,reset_mv_preserve_counter,1,750,279e3ed880c0d92ba81745aa32ff3f0f54e45a60d50f373f3aa79227791066ed,7.554381847381592,0.04464481324274201,0.001,0.001,0.21240375936031342,7.599226951599121,7.554381847381592,35.56614002547416,35.77727143083335,0.2244819849729538,2.7179079055786133,11.694584846496582,8.976676940917969
long_training_seed1302_ckpt750_reset_mv_preserve_counter,long_training,1302,750,reset_mv_preserve_counter,2,751,7e5a02fbc6e361a38f78e357cd8f0293c41d752d9ebc9815cff9ca39f385dcf1,12.652336120605469,0.07477265441441983,0.001,0.001,0.21179673075675964,7.928496837615967,7.90464973449707,,,,,,
long_training_seed1302_ckpt750_reset_mv_preserve_counter,long_training,1302,750,reset_mv_preserve_counter,3,752,da7e4ccc9b3a104cc89751d0d41af85f5bd2db40718b142342439af5b0136a35,18.159963607788086,0.10732157840892069,0.001,0.001,0.21522995829582214,8.40330696105957,8.388265609741211,,,,,,
long_training_seed1302_ckpt750_reset_mv_preserve_counter,long_training,1302,750,reset_mv_preserve_counter,4,753,c9ac91159b3e69418cc31181a36e5f9ae93e09c129b54fdfaf9fa3a1e15e5a2a,23.62465476989746,0.1396167577221292,0.001,0.001,0.20962394773960114,8.574959754943848,8.56657886505127,,,,,,
long_training_seed1302_ckpt750_reset_mv_preserve_counter,long_training,1302,750,reset_mv_preserve_counter,5,754,b2b5fa5c3e3344caea1aab863b8cee27c1fcf8d6be69431d6b47de310159c78b,28.7957706451416,0.17017696862633072,0.001,0.001,0.21199992299079895,8.643980979919434,8.639243125915527,,,,,,
long_training_seed1302_ckpt750_reset_mv_preserve_counter,long_training,1302,750,reset_mv_preserve_counter,6,755,cc16991a79a56036145fd3a52271e86aa111b0ca8df9d0946a75934e30523fb0,33.43437576293945,0.1975901525736965,0.001,0.001,0.20296335220336914,8.679672241210938,8.67698860168457,,,,,,
long_training_seed1302_ckpt750_reset_mv_preserve_counter,long_training,1302,750,reset_mv_preserve_counter,7,756,ab60945642bb383c60cb2674415460f3fb30a04d2eaae4216f13c6f0ed82f14e,38.10636520385742,0.22520063087300843,0.001,0.001,0.20908775925636292,8.328805923461914,8.327138900756836,,,,,,
long_training_seed1302_ckpt750_reset_mv_preserve_counter,long_training,1302,750,reset_mv_preserve_counter,8,757,043854cca5fd92bf91ba32bfb833d00e62e0c7e78c27a58be7904f5a5b615766,42.940025329589844,0.2537665490317536,0.001,0.001,0.2212660312652588,7.807812690734863,7.807260990142822,,,,,,
long_training_seed1302_ckpt750_reset_mv_preserve_counter,long_training,1302,750,reset_mv_preserve_counter,9,758,690edf5aa1ec2441de12896158580b9b131585561ee2a24ba3b5f41f5dac9e5a,47.564109802246094,0.28109391901000746,0.001,0.001,0.20790572464466095,7.411709785461426,7.411639213562012,,,,,,
long_training_seed1302_ckpt750_reset_mv_preserve_counter,long_training,1302,750,reset_mv_preserve_counter,10,759,259dcc2ea6edac343fb853c92844906e57352cecfa267a8588e8d4ae35d3f053,52.10109329223633,0.3079065404379572,0.001,0.001,0.20851381123065948,6.915498733520508,6.916370391845703,,,,,,
long_training_seed1302_ckpt750_reset_mv_preserve_counter,long_training,1302,750,reset_mv_preserve_counter,11,760,64e1e2fc0f52abc68c2be8ea8577ec111495d1a2168fe2dc2c9f5179cd33fd65,56.34956359863281,0.333014109426166,0.001,0.001,0.21547353267669678,6.54598331451416,6.546964645385742,,,,,,
long_training_seed1302_ckpt750_reset_mv_preserve_counter,long_training,1302,750,reset_mv_preserve_counter,12,761,2c2e12371bb68ffd4c82c902e746cca45dc682d15dba2603fa260775d02aedcd,60.355899810791016,0.35669071667119595,0.001,0.001,0.22809317708015442,6.182872772216797,6.183801174163818,,,,,,
long_training_seed1302_ckpt750_reset_mv_preserve_counter,long_training,1302,750,reset_mv_preserve_counter,13,762,9db769ed03fc8b83f5cae424b25f28f661eebb840e614ad39b236c4be772f394,64.06791687011719,0.378627959415277,0.001,0.001,0.2271505892276764,6.049742221832275,6.05108642578125,,,,,,
long_training_seed1302_ckpt750_reset_mv_preserve_counter,long_training,1302,750,reset_mv_preserve_counter,14,763,36da81aeda3f5a93ed5616ed1cbe65b0978190c17af146456857e82d951b02c6,67.5555648803711,0.399239228109376,0.001,0.001,0.2344013750553131,5.800488471984863,5.802417278289795,,,,,,
long_training_seed1302_ckpt750_reset_mv_preserve_counter,long_training,1302,750,reset_mv_preserve_counter,15,764,089959550337affe1d0aa0261a18abfc432a45fe67546fc2852ee83556d052e5,70.81660461425781,0.41851128938954496,0.001,0.001,0.24493764340877533,5.583852767944336,5.587265491485596,,,,,,
long_training_seed1302_ckpt750_reset_mv_preserve_counter,long_training,1302,750,reset_mv_preserve_counter,16,765,66c1ab124ecbe61065dbfcdf83731a125a9f732e614b3210e1c502a2cd43e6c7,73.8790054321289,0.43660943631279897,0.001,0.001,0.231804758310318,5.361088752746582,5.364869117736816,,,,,,
long_training_seed1302_ckpt750_reset_mv_preserve_counter,long_training,1302,750,reset_mv_preserve_counter,17,766,03725944c4997529f3ff251fd91adf65777275b816ba7a78ec40d146e0b929a8,76.53938293457031,0.4523317097100401,0.001,0.001,0.2302292436361313,5.9659247398376465,5.969292640686035,,,,,,
long_training_seed1302_ckpt750_reset_mv_preserve_counter,long_training,1302,750,reset_mv_preserve_counter,18,767,ebd0455980932572489878aaafc7a16e8b8f23058a1837a541370b1251a10753,79.08010864257812,0.46734686608241205,0.001,0.001,0.2725471258163452,6.025871276855469,6.030147075653076,,,,,,
long_training_seed1302_ckpt750_reset_mv_preserve_counter,long_training,1302,750,reset_mv_preserve_counter,19,768,f20e4110073375c3a5bfee34f5b2a97f33bb0c07be6262cf97f4be8c52f6407b,81.60231018066406,0.4822525484934001,0.001,0.001,0.27022814750671387,5.5920915603637695,5.596960544586182,,,,,,
long_training_seed1302_ckpt750_reset_mv_preserve_counter,long_training,1302,750,reset_mv_preserve_counter,20,769,39e862f30f1475131e2a72b9c854f83edf7033432c70379b02e6b1d04ba97628,84.05799102783203,0.49676510756447645,0.001,0.001,0.25609254837036133,5.207134246826172,5.212080478668213,,,,2.7000458240509033,44.21964645385742,41.51960062980652
long_training_seed1302_ckpt750_reset_mv_preserve_counter,long_training,1302,750,reset_mv_preserve_counter,21,770,7c56aab49279193cdf31db5e6274c2cd5b9a811f1af34a3f9719ff7c0cd31f6d,86.40776062011719,0.5106517533192718,0.001,0.001,0.23617231845855713,5.052889347076416,5.057019233703613,,,,,,
long_training_seed1302_ckpt750_reset_mv_preserve_counter,long_training,1302,750,reset_mv_preserve_counter,22,771,17cd69a866627b5614bbcd3bb6ed9c86a3ef5da30bed369d991cb23be9824693,88.60676574707031,0.5236474126857206,0.001,0.001,0.2295541763305664,4.949643611907959,4.953965187072754,,,,,,
long_training_seed1302_ckpt750_reset_mv_preserve_counter,long_training,1302,750,reset_mv_preserve_counter,23,772,582c474c056cb2c2551f5318cf5de143e899988e8acf6e17dcf63f080b28b348,90.69615936279297,0.5359952909964849,0.001,0.001,0.22918295860290527,4.711645603179932,4.716245651245117,,,,,,
long_training_seed1302_ckpt750_reset_mv_preserve_counter,long_training,1302,750,reset_mv_preserve_counter,24,773,74107408440871d6b1ea5f5f9023e8d313b841740d77aca99f7e5cb1ac35f53e,92.70632934570312,0.5478749742434068,0.001,0.001,0.2203942835330963,4.499847412109375,4.503773212432861,,,,,,
long_training_seed1302_ckpt750_reset_mv_preserve_counter,long_training,1302,750,reset_mv_preserve_counter,25,774,f7737328d2bea719c44124349e97c72ff5ccf505700490d2362c42d33e992ed2,94.58468627929688,0.5589756699982248,0.001,0.001,0.21495935320854187,4.419132232666016,4.422701835632324,,,,,,
long_training_seed1302_ckpt750_reset_mv_preserve_counter,long_training,1302,750,reset_mv_preserve_counter,26,775,6475f0c020d2319249c5de74877abf023ae3ebce829b66e7a9a5cbf63aa72bd6,96.35077667236328,0.569412894030735,0.001,0.001,0.21668501198291779,4.405012607574463,4.408851623535156,,,,,,
long_training_seed1302_ckpt750_reset_mv_preserve_counter,long_training,1302,750,reset_mv_preserve_counter,27,776,ee09a2134a44806521ee93811e92ce466a73cbc47aa374697187fda79bf2b294,98.04115295410156,0.579402663535744,0.001,0.001,0.2090606689453125,4.211960315704346,4.216255187988281,,,,,,
long_training_seed1302_ckpt750_reset_mv_preserve_counter,long_training,1302,750,reset_mv_preserve_counter,28,777,f7614a1b3a2c9ea70262ae16c862d8d3b9dc7bece869e5f420a08be7c777195b,99.65155792236328,0.5889198193409074,0.001,0.001,0.2026457041501999,4.048039436340332,4.052167892456055,,,,,,
long_training_seed1302_ckpt750_reset_mv_preserve_counter,long_training,1302,750,reset_mv_preserve_counter,29,778,6d0aabdc3ddd4a18c75ffb9867bfab7ab14151b7bad41bd9d61866bfd31f51db,101.17182922363281,0.5979043040670804,0.001,0.001,0.1961108148097992,3.9341678619384766,3.9382760524749756,,,,,,
long_training_seed1302_ckpt750_reset_mv_preserve_counter,long_training,1302,750,reset_mv_preserve_counter,30,779,a9cc5b6c648d48cb9ec77ab7b2aa4ccc351755b3fdd00daa5595b411d6542a72,102.62265014648438,0.6064783516143091,0.001,0.001,0.19454313814640045,3.884016752243042,3.887916088104248,,,,,,
long_training_seed1302_ckpt750_reset_mv_preserve_counter,long_training,1302,750,reset_mv_preserve_counter,31,780,3acf300223d5ac1048a530699bfc5cf3977af0d9a1154998ecd1568e494c0553,104.00184631347656,0.6146291118676862,0.001,0.001,0.1926814317703247,3.6195406913757324,3.6240248680114746,,,,,,
long_training_seed1302_ckpt750_reset_mv_preserve_counter,long_training,1302,750,reset_mv_preserve_counter,32,781,de0615e97b2fe0d424e8c64c06c8f319545f1e808d71567dbf5c622303e7b13b,105.30270385742188,0.6223169072794287,0.001,0.001,0.20317129790782928,3.565640926361084,3.5712332725524902,,,,,,
long_training_seed1302_ckpt750_reset_mv_preserve_counter,long_training,1302,750,reset_mv_preserve_counter,33,782,3dd49976a221a79035f2cb223bc693b1652951bfee24774e5a816fc3955afd49,106.52438354492188,0.6295367781560635,0.001,0.001,0.19854317605495453,3.7860894203186035,3.790877103805542,,,,,,
long_training_seed1302_ckpt750_reset_mv_preserve_counter,long_training,1302,750,reset_mv_preserve_counter,34,783,1914d86f6e259c498defa09cf5d34522f943549449b3af0af204ec31cc7ffd99,107.70542907714844,0.6365165096923645,0.001,0.001,0.190606951713562,3.5418546199798584,3.5464601516723633,,,,,,
long_training_seed1302_ckpt750_reset_mv_preserve_counter,long_training,1302,750,reset_mv_preserve_counter,35,784,f0bf15cf88efa1e7d9a758704b12c476c0ab1db08e3201131e2dcb521b28418c,108.83989715576172,0.6432209782409192,0.001,0.001,0.1909315288066864,3.4356391429901123,3.4406931400299072,,,,,,
long_training_seed1302_ckpt750_reset_mv_preserve_counter,long_training,1302,750,reset_mv_preserve_counter,36,785,6ed6c4348180f77d4c1ea0a8e6e3d72ec23588a294152d1843ee58f2a7c658c1,109.9254150390625,0.6496361613956358,0.001,0.001,0.20648883283138275,3.3557145595550537,3.361672878265381,,,,,,
long_training_seed1302_ckpt750_reset_mv_preserve_counter,long_training,1302,750,reset_mv_preserve_counter,37,786,7b9aba4fdb3749298134db99a4c8d94f485bfc7c030711c235ea26dcbdfccb6b,110.9574203491211,0.655735096459271,0.001,0.001,0.21539780497550964,3.331009864807129,3.3371896743774414,,,,,,
long_training_seed1302_ckpt750_reset_mv_preserve_counter,long_training,1302,750,reset_mv_preserve_counter,38,787,073ea48d7ea471d4b7cc1a5fbdb9c22e4df4c8a7800626b16be02cb630afc685,111.934814453125,0.6615112907421872,0.001,0.001,0.20985464751720428,3.195615768432617,3.2018539905548096,,,,,,
long_training_seed1302_ckpt750_reset_mv_preserve_counter,long_training,1302,750,reset_mv_preserve_counter,39,788,1a1ecec68482b29fa2d5a31f131affa06d8c6b3e9ee84421af64c6dfc07ecc32,112.86410522460938,0.6670032044128608,0.001,0.001,0.20957408845424652,3.0675430297851562,3.0741071701049805,,,,,,
long_training_seed1302_ckpt750_reset_mv_preserve_counter,long_training,1302,750,reset_mv_preserve_counter,40,789,cd172a2e57eca8d6a71b87049e3ecf13233431ca2e52c62e5c1f1076749b17cf,113.74822998046875,0.672228196398447,0.001,0.001,0.204974964261055,2.9158360958099365,2.9223763942718506,,,,,,
long_training_seed1302_ckpt750_reset_mv_preserve_counter,long_training,1302,750,reset_mv_preserve_counter,41,790,8d3d1ea59b9c6dc99c3dfd12a41e50bc906c9118528fb2038ff8761b0090a8a7,114.58731079101562,0.6771869881089054,0.001,0.001,0.2199726402759552,2.9175641536712646,2.9246816635131836,,,,,,
long_training_seed1302_ckpt750_reset_mv_preserve_counter,long_training,1302,750,reset_mv_preserve_counter,42,791,a107a2167ab1b149a5746bd921f4ed84850ab513a67ff6553247678adc7bac72,115.37518310546875,0.6818431483412716,0.001,0.001,0.22284738719463348,3.030723810195923,3.0377590656280518,,,,,,
long_training_seed1302_ckpt750_reset_mv_preserve_counter,long_training,1302,750,reset_mv_preserve_counter,43,792,3f0ec87e55bed0c67f47f5d3e3a4c90a190b82c150887b7970eed06123791236,116.13980865478516,0.6863619250644382,0.001,0.001,0.23473858833312988,2.9337358474731445,2.9421448707580566,,,,,,
long_training_seed1302_ckpt750_reset_mv_preserve_counter,long_training,1302,750,reset_mv_preserve_counter,44,793,dd286fe863c69821eefe2d72e1f0227f010cf734ac16236c29ef18d54aae67e5,116.87129211425781,0.6906848389835474,0.001,0.001,0.22716760635375977,2.7565348148345947,2.7650833129882812,,,,,,
long_training_seed1302_ckpt750_reset_mv_preserve_counter,long_training,1302,750,reset_mv_preserve_counter,45,794,ff71cd2cda5ec0ebf3c69f654c3340257eba08cf1f8533a79b5d2f0054ccbdb8,117.56792449951172,0.6948017903591633,0.001,0.001,0.22393633425235748,2.70546293258667,2.713939666748047,,,,,,
long_training_seed1302_ckpt750_reset_mv_preserve_counter,long_training,1302,750,reset_mv_preserve_counter,46,795,20638620a76fb6a178284697dc52dfe27b99b6fa92f68d9515685445f20799c3,118.22850036621094,0.6987056552679343,0.001,0.001,0.22054825723171234,2.671821117401123,2.6800334453582764,,,,,,
long_training_seed1302_ckpt750_reset_mv_preserve_counter,long_training,1302,750,reset_mv_preserve_counter,47,796,97da08e9f58b06a947ae24b1bc632d1ea2c2dcf20e5386557eb7a17a31d718b7,118.8575439453125,0.7024231709664913,0.001,0.001,0.21794024109840393,2.8256473541259766,2.8327486515045166,,,,,,
long_training_seed1302_ckpt750_reset_mv_preserve_counter,long_training,1302,750,reset_mv_preserve_counter,48,797,6d5b11e3366df27ab2d05c156becb7bb2cab3e41b7b7d9abc91f1e3562bbd23e,119.46961212158203,0.7060403655925281,0.001,0.001,0.21695862710475922,2.6212785243988037,2.629197835922241,,,,,,
long_training_seed1302_ckpt750_reset_mv_preserve_counter,long_training,1302,750,reset_mv_preserve_counter,49,798,cae42a7adaf4721c2c4f416330140ea093140402e918b40a20eeb04059633d47,120.05693054199219,0.7095112943492367,0.001,0.001,0.21471557021141052,2.4865164756774902,2.4944939613342285,,,,,,
long_training_seed1302_ckpt750_reset_mv_preserve_counter,long_training,1302,750,reset_mv_preserve_counter,50,799,aecb6796c089b3f4ed5ae4939be0c82184397f234743378ced0ea9af5703f996,120.62013244628906,0.7128396995507829,0.001,0.001,0.21363705396652222,2.3582191467285156,2.366633892059326,,,,,,
long_training_seed1302_ckpt750_reset_mv_preserve_counter,long_training,1302,750,reset_mv_preserve_counter,51,800,49302278fe5487e6692dbbe11b92007a3e4ee6bfb73f0faec54a7875165f02ef,121.15711212158203,0.7160131368753618,0.001,0.001,0.21327950060367584,2.3141403198242188,2.3229424953460693,,,,,,
long_training_seed1302_ckpt750_reset_mv_preserve_counter,long_training,1302,750,reset_mv_preserve_counter,52,801,f985a8c58c9cabd2e82c90280acc240953aa4e519692da076ac24c368338bc59,121.66795349121094,0.7190321022923211,0.001,0.001,0.21901123225688934,2.1943414211273193,2.2042956352233887,,,,,,
long_training_seed1302_ckpt750_reset_mv_preserve_counter,long_training,1302,750,reset_mv_preserve_counter,53,802,87b4f7257af1367ab96585538fbac8c6cad5965997933ee87f5ce3b6a86cd3aa,122.14796447753906,0.7218688666063345,0.001,0.001,0.21398963034152985,2.217630624771118,2.227254867553711,,,,,,
long_training_seed1302_ckpt750_reset_mv_preserve_counter,long_training,1302,750,reset_mv_preserve_counter,54,803,bf89175dd85c8e219f5a3b95925271d3ced15229683d71fc9ac6e2200b5ed870,122.60692596435547,0.724581232790423,0.001,0.001,0.210923969745636,2.1250667572021484,2.1345736980438232,,,,,,
long_training_seed1302_ckpt750_reset_mv_preserve_counter,long_training,1302,750,reset_mv_preserve_counter,55,804,da438a45cc393f2b6ece068bf5ac4c4819b7f2802786a207b1d51dbabba1c2fd,123.0467529296875,0.7271805179633292,0.001,0.001,0.21519654989242554,2.07521915435791,2.0856683254241943,,,,,,
long_training_seed1302_ckpt750_reset_mv_preserve_counter,long_training,1302,750,reset_mv_preserve_counter,56,805,0f3cb984b403173e5b52fc4970e6915ef68b1a1e07eef158b503792be862f899,123.46540069580078,0.7296546385082281,0.001,0.001,0.21834340691566467,2.049406051635742,2.060929775238037,,,,,,
long_training_seed1302_ckpt750_reset_mv_preserve_counter,long_training,1302,750,reset_mv_preserve_counter,57,806,baec7893d352b434d3f2e382c0224c0c978507f531503f45499cfc955e576d79,123.86546325683594,0.7320189243867634,0.001,0.001,0.23080778121948242,1.9734958410263062,1.9868645668029785,,,,,,
long_training_seed1302_ckpt750_reset_mv_preserve_counter,long_training,1302,750,reset_mv_preserve_counter,58,807,22f9ced09f0dc63a65d6a42479cff65237d3799db76d64e6999534ef70009a98,124.24889373779297,0.7342849181582901,0.001,0.001,0.21322590112686157,2.3747782707214355,2.3838272094726562,,,,,,
long_training_seed1302_ckpt750_reset_mv_preserve_counter,long_training,1302,750,reset_mv_preserve_counter,59,808,d9a6e92693e062575baba85dbb9f994c7e7e3596ad4faa0d251efb5549885a9e,124.62894439697266,0.7365309378915579,0.001,0.001,0.2142956554889679,2.3324244022369385,2.341954469680786,,,,,,
long_training_seed1302_ckpt750_reset_mv_preserve_counter,long_training,1302,750,reset_mv_preserve_counter,60,809,9342a16ccd0f8b44ce7dcc58cae15aae29840f989209b76887706ccc1e0ce661,124.99296569824219,0.738682227479493,0.001,0.001,0.23499733209609985,2.5043108463287354,2.5146095752716064,,,,,,
long_training_seed1302_ckpt750_reset_mv_preserve_counter,long_training,1302,750,reset_mv_preserve_counter,61,810,c0235a856ade5222ba41217bb3818849211a31c0a8bcc6b45478d385a7fac7c5,125.35803985595703,0.7408397392283305,0.001,0.001,0.23497557640075684,2.444589138031006,2.4551289081573486,,,,,,
long_training_seed1302_ckpt750_reset_mv_preserve_counter,long_training,1302,750,reset_mv_preserve_counter,62,811,77d0cbf46779ed241478893e4ab7b757369e47ce32d13b1f248a9e9388497a4e,125.71836853027344,0.7429692061649847,0.001,0.001,0.22429914772510529,2.3490848541259766,2.3594324588775635,,,,,,
long_training_seed1302_ckpt750_reset_mv_preserve_counter,long_training,1302,750,reset_mv_preserve_counter,63,812,d0e8f50d34ea2a51197a2f1931032cfeb86aea3805592b9d4f3a75eab4cd7793,126.07006072998047,0.7450476333469906,0.001,0.001,0.2182023823261261,2.5590898990631104,2.568822145462036,,,,,,
long_training_seed1302_ckpt750_reset_mv_preserve_counter,long_training,1302,750,reset_mv_preserve_counter,64,813,81fe10635202e084a1877deea10146987c07443c3419e23d204ed84fe01350d8,126.41526794433594,0.7470877356248877,0.001,0.001,0.3181767463684082,2.540332794189453,2.560244560241699,,,,,,
long_training_seed1302_ckpt750_reset_mv_preserve_counter,long_training,1302,750,reset_mv_preserve_counter,65,814,b506c6d256e64c93731c5ff6632a4967f3dfe11ac2be0b3e9ce06d8548c16012,126.76813507080078,0.7491731063777556,0.001,0.001,0.3174964487552643,2.4924776554107666,2.5127360820770264,,,,,,
long_training_seed1302_ckpt750_reset_mv_preserve_counter,long_training,1302,750,reset_mv_preserve_counter,66,815,20883cf045c2ec7b37a57da815edae6ae98c03f26e0ff3480cd8ebcdfcfaddf6,127.11457061767578,0.751220467843372,0.001,0.001,0.30516692996025085,2.436367988586426,2.4549150466918945,,,,,,
long_training_seed1302_ckpt750_reset_mv_preserve_counter,long_training,1302,750,reset_mv_preserve_counter,67,816,8f996c74ef173a2b9c72c92f6795a9b401d5643464df7fefd6b8ddec9468b923,127.45476531982422,0.7532309472247991,0.001,0.001,0.29614636301994324,2.2879624366760254,2.3066346645355225,,,,,,
long_training_seed1302_ckpt750_reset_mv_preserve_counter,long_training,1302,750,reset_mv_preserve_counter,68,817,ffc0ca97a13728a111075c1e3af3e71c16f206e7bc61d4ef1078595a0efa33a9,127.79290008544922,0.7552292528131562,0.001,0.001,0.2827381491661072,2.305612325668335,2.3225622177124023,,,,,,
long_training_seed1302_ckpt750_reset_mv_preserve_counter,long_training,1302,750,reset_mv_preserve_counter,69,818,3e09ebe2977789b5432937c5f5ff8909bd5a6640f24d7f6e3438d2f446064a1a,128.1273956298828,0.75720605136709,0.001,0.001,0.28500819206237793,2.181318998336792,2.199552059173584,,,,,,
long_training_seed1302_ckpt750_reset_mv_preserve_counter,long_training,1302,750,reset_mv_preserve_counter,70,819,aebfe7a104ca56646a29c766da5c764c7e905c489f686f2f47b385a8b1f34b5f,128.4562225341797,0.7591493494460203,0.001,0.001,0.27888956665992737,2.1051671504974365,2.12319016456604,,,,,,
long_training_seed1302_ckpt750_reset_mv_preserve_counter,long_training,1302,750,reset_mv_preserve_counter,71,820,0a50d2ea73388f925f4ea51825b6da4352d8d7ab42d05016623c42c58b125cb5,128.77523803710938,0.7610346641994401,0.001,0.001,0.2697083353996277,2.0375514030456543,2.0549631118774414,,,,,,
long_training_seed1302_ckpt750_reset_mv_preserve_counter,long_training,1302,750,reset_mv_preserve_counter,72,821,31958bd01ed8252793c0313e3c1cbd1813d15f741dd71d9a472d5a595d810616,129.09182739257812,0.762905640929911,0.001,0.001,0.2592473328113556,2.0305912494659424,2.046626567840576,,,,,,
long_training_seed1302_ckpt750_reset_mv_preserve_counter,long_training,1302,750,reset_mv_preserve_counter,73,822,45e0d0bc7511f81b0993adeed9fcd721ac2b95d6c72854a1016d7587bccae615,129.3987274169922,0.764719355744831,0.001,0.001,0.25010180473327637,1.9542845487594604,1.9699562788009644,,,,,,
long_training_seed1302_ckpt750_reset_mv_preserve_counter,long_training,1302,750,reset_mv_preserve_counter,74,823,9808c5c9a2ac578cab80fe3247cbc6cf6bedc90457188ac61639a13833e53756,129.69215393066406,0.7664534449354496,0.001,0.001,0.2508809268474579,1.8841235637664795,1.9007296562194824,,,,,,
long_training_seed1302_ckpt750_reset_mv_preserve_counter,long_training,1302,750,reset_mv_preserve_counter,75,824,0537c94907ce0f88277cdf2c433a851eb39b7cdfefcd60572a02774212e50c6c,129.97882080078125,0.76814758604955,0.001,0.001,0.2511547803878784,1.9698628187179565,1.9851329326629639,,,,,,
long_training_seed1302_ckpt750_reset_mv_preserve_counter,long_training,1302,750,reset_mv_preserve_counter,76,825,5e4b7c8756a3cbdb2226ede077a2351194d395bf9306504064ca06373e03eac3,130.2542724609375,0.7697754476236034,0.001,0.001,0.24486294388771057,1.8286068439483643,1.8441468477249146,,,,,,
long_training_seed1302_ckpt750_reset_mv_preserve_counter,long_training,1302,750,reset_mv_preserve_counter,77,826,75da12fedb6dc02c206691968028d4eee823a3dfcc1fefd8916b45ba0abe7eb4,130.51904296875,0.7713401858261835,0.001,0.001,0.24373066425323486,1.8330798149108887,1.8483450412750244,,,,,,
long_training_seed1302_ckpt750_reset_mv_preserve_counter,long_training,1302,750,reset_mv_preserve_counter,78,827,068c0d1909cbad4377a7fcc67dbf8f726aab1260928ecba91a5e40f7c26c00ed,130.77159118652344,0.772832692856549,0.001,0.001,0.23257093131542206,1.7144384384155273,1.7294399738311768,,,,,,
long_training_seed1302_ckpt750_reset_mv_preserve_counter,long_training,1302,750,reset_mv_preserve_counter,79,828,337325334e5b22543f73b1d97719fd1f829815718f191c5f9b53731cc6644bcf,131.0148162841797,0.7742701022012427,0.001,0.001,0.24116487801074982,1.7058883905410767,1.721631646156311,,,,,,
long_training_seed1302_ckpt750_reset_mv_preserve_counter,long_training,1302,750,reset_mv_preserve_counter,80,829,ef529ca8e3770a7cb2337cc8ca8245ada0f89e2c7ec97a90f97e5d55c0d13139,131.24673461914062,0.7756406909484196,0.001,0.001,0.23297400772571564,1.6783177852630615,1.6933883428573608,,,,,,
long_training_seed1302_ckpt750_reset_mv_preserve_counter,long_training,1302,750,reset_mv_preserve_counter,81,830,22b279463ab91ac2cc4c63cb24ccdab4ef865ec1b450129101b31859ddbbd6e0,131.46905517578125,0.7769545588375154,0.001,0.001,0.25070345401763916,1.598147988319397,1.6160808801651,,,,,,
long_training_seed1302_ckpt750_reset_mv_preserve_counter,long_training,1302,750,reset_mv_preserve_counter,82,831,04af6a01097a2f9290c0739df53ea8d1b46087b5bec4e75aa891a502d377dfcd,131.67845153808594,0.7781920474471284,0.001,0.001,0.23480702936649323,1.48489511013031,1.5021185874938965,,,,,,
long_training_seed1302_ckpt750_reset_mv_preserve_counter,long_training,1302,750,reset_mv_preserve_counter,83,832,ecfb1b88c80728025177b0fc3a40eb4f89a35b1a015cd8c7db095ca495cb78c3,131.87794494628906,0.7793710116737612,0.001,0.001,0.2398073524236679,1.403183937072754,1.4223370552062988,,,,,,
long_training_seed1302_ckpt750_reset_mv_preserve_counter,long_training,1302,750,reset_mv_preserve_counter,84,833,279d73271c75e1ac94338e5afe204d3e4e5c7bc087beb0b68d1eddd8271f6e76,132.067138671875,0.7804891069350446,0.001,0.001,0.24115341901779175,1.3508293628692627,1.370638370513916,,,,,,
long_training_seed1302_ckpt750_reset_mv_preserve_counter,long_training,1302,750,reset_mv_preserve_counter,85,834,cae31e8040806f1aa0d531c51afe819366d05230445e0b84f818b2e56e716cf0,132.24122619628906,0.7815179277138157,0.001,0.001,0.2437095046043396,1.460787296295166,1.479514479637146,,,,,,
long_training_seed1302_ckpt750_reset_mv_preserve_counter,long_training,1302,750,reset_mv_preserve_counter,86,835,bf0d5bb6c12bd18b2db6d27cefeb5dd0b331d40987d6bc53c95fa5e60a4918c9,132.40972900390625,0.7825137439869306,0.001,0.001,0.22799894213676453,1.3974498510360718,1.4149762392044067,,,,,,
long_training_seed1302_ckpt750_reset_mv_preserve_counter,long_training,1302,750,reset_mv_preserve_counter,87,836,fc7506957dc229533abf21ca6230eb860d397448b8843947818f31a543546e0e,132.57078552246094,0.7834655542525042,0.001,0.001,0.2166648805141449,1.3210469484329224,1.338074803352356,,,,,,
long_training_seed1302_ckpt750_reset_mv_preserve_counter,long_training,1302,750,reset_mv_preserve_counter,88,837,4404743b647b63bb2da965b9ade9331bf6f900e16e03bf7bbd737e348fb906a3,132.72671508789062,0.7843870652997705,0.001,0.001,0.20843841135501862,1.4258990287780762,1.4406628608703613,,,,,,
long_training_seed1302_ckpt750_reset_mv_preserve_counter,long_training,1302,750,reset_mv_preserve_counter,89,838,fbc595bb5874f69bc1a9bca5c3d8d34bc0ab0350b1db841919815146ba2d164c,132.8744659423828,0.7852602418797372,0.001,0.001,0.21630269289016724,1.395958423614502,1.4121614694595337,,,,,,
long_training_seed1302_ckpt750_reset_mv_preserve_counter,long_training,1302,750,reset_mv_preserve_counter,90,839,f67ab3f4af1477d787e1078c2d8bba04983451504d822fff8469fc05e5bbde02,133.01568603515625,0.7860948230268603,0.001,0.001,0.217293843626976,1.3256198167800903,1.342664122581482,,,,,,
long_training_seed1302_ckpt750_reset_mv_preserve_counter,long_training,1302,750,reset_mv_preserve_counter,91,840,9e273894e79dea900ea5ff76119d6fc8f6ded04737350fad35b80a57ee8f9544,133.1517333984375,0.7868988344269411,0.001,0.001,0.22935353219509125,1.3486984968185425,1.3676878213882446,,,,,,
long_training_seed1302_ckpt750_reset_mv_preserve_counter,long_training,1302,750,reset_mv_preserve_counter,92,841,e9b9d91ab4ec55ff8141d6639d2fdc79940e9a4c71a00d81d88ddc0b27e062ae,133.28099060058594,0.787662717398014,0.001,0.001,0.21408522129058838,1.3735402822494507,1.3896452188491821,,,,,,
long_training_seed1302_ckpt750_reset_mv_preserve_counter,long_training,1302,750,reset_mv_preserve_counter,93,842,1aacc4caf4198802fd70b03e79d359a0692eb4bb6b2d7277ee41031af5d3be3b,133.40724182128906,0.7884088356488292,0.001,0.001,0.21168534457683563,1.3175572156906128,1.3344128131866455,,,,,,
long_training_seed1302_ckpt750_reset_mv_preserve_counter,long_training,1302,750,reset_mv_preserve_counter,94,843,b7aff1d8fdb44524835ca08d1aa33abdf6fdfb48ef99259cf29647e857b7def4,133.52857971191406,0.7891259171487668,0.001,0.001,0.21425485610961914,1.2344386577606201,1.2527320384979248,,,,,,
long_training_seed1302_ckpt750_reset_mv_preserve_counter,long_training,1302,750,reset_mv_preserve_counter,95,844,83db3e51b74781ab5b52ba0c1bfbca21c2b16e7001c665fcb0de9f60311968f3,133.64358520507812,0.7898055755070451,0.001,0.001,0.22102604806423187,1.2292144298553467,1.2487913370132446,,,,,,
long_training_seed1302_ckpt750_reset_mv_preserve_counter,long_training,1302,750,reset_mv_preserve_counter,96,845,b8e1cdd9e57a183d0250e47e06e2242467247845b3eb6af103f9d2ec2139ed48,133.75469970703125,0.7904622389228582,0.001,0.001,0.22555752098560333,1.2345372438430786,1.254819631576538,,,,,,
long_training_seed1302_ckpt750_reset_mv_preserve_counter,long_training,1302,750,reset_mv_preserve_counter,97,846,b838d10bff9e9e3495a5d0ab05a2f87bb4add07ac80136994c37f9b5234b2b73,133.8597412109375,0.7910830121931763,0.001,0.001,0.22213858366012573,1.1934921741485596,1.213516354560852,,,,,,
long_training_seed1302_ckpt750_reset_mv_preserve_counter,long_training,1302,750,reset_mv_preserve_counter,98,847,23dbf9f970f43946e813448dfdb4eb257c8cd12479c770e2fcb0b12dee821e0a,133.96194458007812,0.7916870126819315,0.001,0.001,0.2211722731590271,1.2552577257156372,1.2740048170089722,,,,,,
long_training_seed1302_ckpt750_reset_mv_preserve_counter,long_training,1302,750,reset_mv_preserve_counter,99,848,7183a0822ab0ab58eb99af19c6acb8b181189352ffe268cb3a5b6eb63ecd8751,134.060546875,0.7922697315768757,0.001,0.001,0.22084370255470276,1.27327561378479,1.2919684648513794,,,,,,
long_training_seed1302_ckpt750_reset_mv_preserve_counter,long_training,1302,750,reset_mv_preserve_counter,100,849,2f06e8f6332a7b6428b234b52c18b45181e16fed326f04c6474cfc26ae3f9e60,134.15695190429688,0.7928394650925454,0.001,0.001,0.22447443008422852,1.2251179218292236,1.245193600654602,,,,2.578552007675171,20.001305898030598,17.422753890355427
long_training_seed1302_ckpt1500_reset_mv_preserve_counter,long_training,1302,1500,reset_mv_preserve_counter,1,1500,13f3d717768af576a1b24134a5aeb24aa4625d8392c608f63ee642a2b63b20b0,4.707714080810547,0.027863722916105057,0.0005,0.0005,0.18906812369823456,4.738033294677734,4.707714557647705,24.89956776181179,25.059926559671656,0.17979796230793,2.3692354361216226,6.509514808654785,4.140279372533163
long_training_seed1302_ckpt1500_reset_mv_preserve_counter,long_training,1302,1500,reset_mv_preserve_counter,2,1501,13fc7de943c597f8673b0f2d827ecab777568907f621dbc32736d87d18354fc6,7.902656555175781,0.04677374810252855,0.0005,0.0005,0.18116191029548645,5.000833988189697,4.9890570640563965,,,,,,
long_training_seed1302_ckpt1500_reset_mv_preserve_counter,long_training,1302,1500,reset_mv_preserve_counter,3,1502,92544433a2720f6275954570dc610bfd088283ce7a51ad25e211e758d52fe507,11.187409400939941,0.06621533728385408,0.0005,0.0005,0.17363785207271576,5.1934099197387695,5.1861090660095215,,,,,,
long_training_seed1302_ckpt1500_reset_mv_preserve_counter,long_training,1302,1500,reset_mv_preserve_counter,4,1503,117ba3c2aae977fd72181b68faa3cd6d79913348278b703874e069b51b2f8dab,14.605461120605469,0.08644588748185565,0.0005,0.0005,0.16906031966209412,5.0441508293151855,5.037777900695801,,,,,,
long_training_seed1302_ckpt1500_reset_mv_preserve_counter,long_training,1302,1500,reset_mv_preserve_counter,5,1504,63a2cd0756ecf80084cf4e9d8c36d0ddb67ddab1820583e8764b8c2629067933,17.99033546447754,0.10648006950831501,0.0005,0.0005,0.1706230491399765,4.72490119934082,4.720150947570801,,,,,,
long_training_seed1302_ckpt1500_reset_mv_preserve_counter,long_training,1302,1500,reset_mv_preserve_counter,6,1505,110370cd3252ce4fa23b49b5b308ff748b53ca972d4d428fd378781ef20d7965,20.97503662109375,0.12414573156589977,0.0005,0.0005,0.16099144518375397,4.655953407287598,4.653523921966553,,,,,,
long_training_seed1302_ckpt1500_reset_mv_preserve_counter,long_training,1302,1500,reset_mv_preserve_counter,7,1506,d14ae3eb90e8c92ec5350db4bec263a8a72ced0b5fb38f08c5022a9e5c99cd62,23.61600685119629,0.1397769405684205,0.0005,0.0005,0.15886075794696808,4.893399715423584,4.892664909362793,,,,,,
long_training_seed1302_ckpt1500_reset_mv_preserve_counter,long_training,1302,1500,reset_mv_preserve_counter,8,1507,6f649d6e71816d131fcedfa40660e3e244e8b20baa4955414b9a7dc00cac811e,26.16101837158203,0.1548401951767195,0.0005,0.0005,0.1587102860212326,4.8465352058410645,4.8467793464660645,,,,,,
long_training_seed1302_ckpt1500_reset_mv_preserve_counter,long_training,1302,1500,reset_mv_preserve_counter,9,1508,052913ffe5aa68d4a3d8472d0cac40850cc56e4564601809852abdc64442d42b,28.696849822998047,0.16984911536841366,0.0005,0.0005,0.16148677468299866,4.592852592468262,4.593507289886475,,,,,,
long_training_seed1302_ckpt1500_reset_mv_preserve_counter,long_training,1302,1500,reset_mv_preserve_counter,10,1509,4445efc8b8072b7fb513acc01a291f6d8dcc097086ba3314f9a1910a0fa58c4c,31.173967361450195,0.18451052333356585,0.0005,0.0005,0.1610681116580963,4.452371120452881,4.45315408706665,,,,,,
long_training_seed1302_ckpt1500_reset_mv_preserve_counter,long_training,1302,1500,reset_mv_preserve_counter,11,1510,119ef95e65e1480ad3b7b1d71851684cd640ab72b823bc54cb13d723382e8a49,33.5806884765625,0.19875527336228524,0.0005,0.0005,0.15553928911685944,4.262031078338623,4.263106822967529,,,,,,
long_training_seed1302_ckpt1500_reset_mv_preserve_counter,long_training,1302,1500,reset_mv_preserve_counter,12,1511,305dacce90529adde6219c7b2175b2632824e3f5092eeac1410beaea8f58d1cb,35.92148208618164,0.21260981580531044,0.0005,0.0005,0.15733368694782257,4.028896808624268,4.030303001403809,,,,,,
long_training_seed1302_ckpt1500_reset_mv_preserve_counter,long_training,1302,1500,reset_mv_preserve_counter,13,1512,b2517488012561d739c493b89b93651f0ad590f11a8110caf80ddffcdf41ea12,38.1802864074707,0.22597908518950013,0.0005,0.0005,0.16353505849838257,3.881273031234741,3.8829715251922607,,,,,,
long_training_seed1302_ckpt1500_reset_mv_preserve_counter,long_training,1302,1500,reset_mv_preserve_counter,14,1513,f772d6ea7649688215880aec0ad22e2c26ec584d3a465a5a10e6f586ec4b4fff,40.27652359008789,0.23838616238668317,0.0005,0.0005,0.1643434464931488,3.7744879722595215,3.7762863636016846,,,,,,
long_training_seed1302_ckpt1500_reset_mv_preserve_counter,long_training,1302,1500,reset_mv_preserve_counter,15,1514,4284b8b99d06d8e6fc5296fc8a971e4535faa8a60e7741e8f9128d640817d29e,42.232025146484375,0.24996026238386534,0.0005,0.0005,0.15694905817508698,3.6819334030151367,3.6843533515930176,,,,,,
long_training_seed1302_ckpt1500_reset_mv_preserve_counter,long_training,1302,1500,reset_mv_preserve_counter,16,1515,dd0b471976cab6a2596c1f513655a8b2235104d0886f9e1065cd3e624bb30277,44.05671691894531,0.26076013363398903,0.0005,0.0005,0.1507234275341034,3.6823782920837402,3.6845173835754395,,,,,,
long_training_seed1302_ckpt1500_reset_mv_preserve_counter,long_training,1302,1500,reset_mv_preserve_counter,17,1516,b9e16644fbcfff1c58d3ed7189e61d31b9dcf35b073e4a3dbe23356e025d86e9,45.83622741699219,0.27129258879008916,0.0005,0.0005,0.14927938580513,3.3980014324188232,3.4005954265594482,,,,,,
long_training_seed1302_ckpt1500_reset_mv_preserve_counter,long_training,1302,1500,reset_mv_preserve_counter,18,1517,7e79ec9cc5ecef37aa8907155331c6657800b93d2f744bfa4b8846ec095a67fb,47.525726318359375,0.2812922889517128,0.0005,0.0005,0.15247610211372375,3.223987579345703,3.2268145084381104,,,,,,
long_training_seed1302_ckpt1500_reset_mv_preserve_counter,long_training,1302,1500,reset_mv_preserve_counter,19,1518,feecc86362583fcccc717dea835af4accc6f6eb78d30dfbcc30b47b916b483ec,49.11654281616211,0.2907079138907516,0.0005,0.0005,0.14889197051525116,3.032701015472412,3.0352771282196045,,,,,,
long_training_seed1302_ckpt1500_reset_mv_preserve_counter,long_training,1302,1500,reset_mv_preserve_counter,20,1519,a482cffe27f14345bdc93152c5fd8c577dd4db54e56c9e3395cd92fabc97891e,50.62800979614258,0.2996538898791164,0.0005,0.0005,0.15194104611873627,2.866410970687866,2.8697962760925293,,,,2.3817765712738037,10.957330703735352,8.575554132461548
long_training_seed1302_ckpt1500_reset_mv_preserve_counter,long_training,1302,1500,reset_mv_preserve_counter,21,1520,512cf4b5ceefbb1fa4d10431d8f9068b98ee609606368ed9241629d9bc26598f,52.06122589111328,0.3081367194358107,0.0005,0.0005,0.15057510137557983,2.6800127029418945,2.683764696121216,,,,,,
long_training_seed1302_ckpt1500_reset_mv_preserve_counter,long_training,1302,1500,reset_mv_preserve_counter,22,1521,0efa0e6d67c850db70e0856e81eb044bdc27bdb8cce6cd76048335fe9eeb74e1,53.40889358520508,0.3161132104814808,0.0005,0.0005,0.14817437529563904,2.5375449657440186,2.540951728820801,,,,,,
long_training_seed1302_ckpt1500_reset_mv_preserve_counter,long_training,1302,1500,reset_mv_preserve_counter,23,1522,ffc67453fc62bc6fcdd940ce8029f3f78355dea83d68b05b09a47f54dd8d0343,54.66716003417969,0.3235605590432319,0.0005,0.0005,0.14846624433994293,2.415271759033203,2.418928384780884,,,,,,
long_training_seed1302_ckpt1500_reset_mv_preserve_counter,long_training,1302,1500,reset_mv_preserve_counter,24,1523,99afea3f323042ddea10729e04677758a9e4dc449aa1638d562ea1df25a1a917,55.83917236328125,0.33049739212862655,0.0005,0.0005,0.14936794340610504,2.357028007507324,2.3607404232025146,,,,,,
long_training_seed1302_ckpt1500_reset_mv_preserve_counter,long_training,1302,1500,reset_mv_preserve_counter,25,1524,e86af0bbaffc1a1705ac143d91660f84ea4752cafa40fb7e48f1a840ea86ed46,56.938621520996094,0.33700474286510906,0.0005,0.0005,0.15966017544269562,2.2599663734436035,2.2647790908813477,,,,,,
long_training_seed1302_ckpt1500_reset_mv_preserve_counter,long_training,1302,1500,reset_mv_preserve_counter,26,1525,a36e758c351126063e5018890a0b5eb4c64644dc41a2772138f98d3b1413a1a4,57.963478088378906,0.34307059965507547,0.0005,0.0005,0.1559392809867859,2.1426167488098145,2.147390842437744,,,,,,
long_training_seed1302_ckpt1500_reset_mv_preserve_counter,long_training,1302,1500,reset_mv_preserve_counter,27,1526,abec58d2be08571e1999048edd9946a15092c757a7354e0309c372197a71a24a,58.92031478881836,0.34873386472159257,0.0005,0.0005,0.15242792665958405,2.014056921005249,2.019289016723633,,,,,,
long_training_seed1302_ckpt1500_reset_mv_preserve_counter,long_training,1302,1500,reset_mv_preserve_counter,28,1527,678b033662f7eaa7c4516f8526a33bf7bee024d9b121c3983c806065b04f88d4,59.81884002685547,0.35405199956071665,0.0005,0.0005,0.15243424475193024,1.8834410905838013,1.8886120319366455,,,,,,
long_training_seed1302_ckpt1500_reset_mv_preserve_counter,long_training,1302,1500,reset_mv_preserve_counter,29,1528,e5d34eaf4938f9d8b5cbc75e5da250ca1b3d83c14734a1ec87e6b68ba36cda23,60.654502868652344,0.3589980683906028,0.0005,0.0005,0.15384703874588013,1.806088924407959,1.8118155002593994,,,,,,
long_training_seed1302_ckpt1500_reset_mv_preserve_counter,long_training,1302,1500,reset_mv_preserve_counter,30,1529,43b4f34d8061471b69a26fd198fd598e4323d25073340e41b8e2b77a6c548ab6,61.43102264404297,0.3635940849474611,0.0005,0.0005,0.1560991108417511,1.7336626052856445,1.740094780921936,,,,,,
long_training_seed1302_ckpt1500_reset_mv_preserve_counter,long_training,1302,1500,reset_mv_preserve_counter,31,1530,513b1ac886d7c9b1f5f657d5907cb60c5db519cd715c32c24c0c53661f310c4a,62.15400314331055,0.3678732165938483,0.0005,0.0005,0.16835926473140717,1.7279670238494873,1.7359094619750977,,,,,,
long_training_seed1302_ckpt1500_reset_mv_preserve_counter,long_training,1302,1500,reset_mv_preserve_counter,32,1531,0291764f69b28a1fe8ee4895deba5b3e6dd1fb45d8d91db45239b9f7bb4f2e62,62.82411193847656,0.37183941451318675,0.0005,0.0005,0.171274796128273,1.6533126831054688,1.661996603012085,,,,,,
long_training_seed1302_ckpt1500_reset_mv_preserve_counter,long_training,1302,1500,reset_mv_preserve_counter,33,1532,a943cf6c79751783fc38d04ca4d41c5b953a5c2b9d011bc8656b3ed9f827aeb9,63.45351791381836,0.3755647031347177,0.0005,0.0005,0.17734713852405548,1.6505781412124634,1.6596184968948364,,,,,,
long_training_seed1302_ckpt1500_reset_mv_preserve_counter,long_training,1302,1500,reset_mv_preserve_counter,34,1533,4b69cef728b5cb8716ef2eabbd4ed6f7d1e8053f7a72218410faad7c3f3f6ec3,64.03594207763672,0.3790119187560803,0.0005,0.0005,0.17175370454788208,1.6245346069335938,1.633237600326538,,,,,,
long_training_seed1302_ckpt1500_reset_mv_preserve_counter,long_training,1302,1500,reset_mv_preserve_counter,35,1534,36ad921cb2f17de25cac419871b23ddd17077fc46976d0e5348fab1766987e62,64.5821304321289,0.3822446641412787,0.0005,0.0005,0.17315317690372467,1.5254193544387817,1.534615397453308,,,,,,
long_training_seed1302_ckpt1500_reset_mv_preserve_counter,long_training,1302,1500,reset_mv_preserve_counter,36,1535,90e0425693dd605e5b4066ce58baefa5a8263fe548c9cda73f434a3e57214532,65.09673309326172,0.38529046210512324,0.0005,0.0005,0.1713317185640335,1.4410392045974731,1.4499785900115967,,,,,,
long_training_seed1302_ckpt1500_reset_mv_preserve_counter,long_training,1302,1500,reset_mv_preserve_counter,37,1536,80cdb180e9294ce2345690bdc3a44bf60202a26cfe76ce4a3ea82905fdb4c053,65.5784912109375,0.38814186184458893,0.0005,0.0005,0.16963262856006622,1.4066333770751953,1.4154731035232544,,,,,,
long_training_seed1302_ckpt1500_reset_mv_preserve_counter,long_training,1302,1500,reset_mv_preserve_counter,38,1537,deea9b28ec8664d370364bbb193f2a596ad64f11c50401f745ce66165cdbb0d6,66.02720642089844,0.39079768929374464,0.0005,0.0005,0.17047829926013947,1.3515020608901978,1.3613265752792358,,,,,,
long_training_seed1302_ckpt1500_reset_mv_preserve_counter,long_training,1302,1500,reset_mv_preserve_counter,39,1538,fd50989cd81d80b42e5455bee31e82f8b00aa1ef359b52b63d593c45634ca7e2,66.44698333740234,0.39328223858608996,0.0005,0.0005,0.17391249537467957,1.297049641609192,1.3077998161315918,,,,,,
long_training_seed1302_ckpt1500_reset_mv_preserve_counter,long_training,1302,1500,reset_mv_preserve_counter,40,1539,1dddbda6cddc3b3e935713b5e011d66bd34b8a9f786480de5b584651f7e08fee,66.84000396728516,0.3956084244468681,0.0005,0.0005,0.1789328008890152,1.2523720264434814,1.2640700340270996,,,,,,
long_training_seed1302_ckpt1500_reset_mv_preserve_counter,long_training,1302,1500,reset_mv_preserve_counter,41,1540,f62d9df17230a7803fa05c929218c8a1072edd6da704edc7a9d3e6e92c1053e9,67.2060546875,0.397774982497384,0.0005,0.0005,0.17687834799289703,1.1890023946762085,1.2015002965927124,,,,,,
long_training_seed1302_ckpt1500_reset_mv_preserve_counter,long_training,1302,1500,reset_mv_preserve_counter,42,1541,f9ff6fa8c62b2cbbcb33f679a6a87107bfb1b23f902a220214cebe527768cd84,67.54554748535156,0.39978435118226396,0.0005,0.0005,0.18166732788085938,1.1523668766021729,1.165712594985962,,,,,,
long_training_seed1302_ckpt1500_reset_mv_preserve_counter,long_training,1302,1500,reset_mv_preserve_counter,43,1542,6cfdc0a9df8b88695df20722eac0082272eaa4d9f8dcae7c6c729c3af5845dde,67.85609436035156,0.40162239655395154,0.0005,0.0005,0.18332868814468384,1.240822196006775,1.2538610696792603,,,,,,
long_training_seed1302_ckpt1500_reset_mv_preserve_counter,long_training,1302,1500,reset_mv_preserve_counter,44,1543,86ad5cb045d7ca169486e70ee6ffede45dd77eac123e35c6c9b265921eb0d40c,68.1506576538086,0.403365839305413,0.0005,0.0005,0.1874460130929947,1.1487462520599365,1.1631989479064941,,,,,,
long_training_seed1302_ckpt1500_reset_mv_preserve_counter,long_training,1302,1500,reset_mv_preserve_counter,45,1544,8890ac582b70b5a6a0d9b405816ac5c481a1ea5ce78f91b91ad0d9daf83a303a,68.4273452758789,0.40500348065391983,0.0005,0.0005,0.1771983504295349,1.0685935020446777,1.0821499824523926,,,,,,
long_training_seed1302_ckpt1500_reset_mv_preserve_counter,long_training,1302,1500,reset_mv_preserve_counter,46,1545,38dcc0d005f7b22221a47ed3a2bbc4eaece02c72b228b4eab88b7daed8f74ac8,68.68604278564453,0.4065346432537425,0.0005,0.0005,0.17336657643318176,1.015280842781067,1.0288302898406982,,,,,,
long_training_seed1302_ckpt1500_reset_mv_preserve_counter,long_training,1302,1500,reset_mv_preserve_counter,47,1546,c268f5f73796a6bea4ab3e355329175da42b53c0c6943efc36cb612824ed8c41,68.92793273925781,0.40796632634408636,0.0005,0.0005,0.1711990088224411,0.9397907853126526,0.9543113112449646,,,,,,
long_training_seed1302_ckpt1500_reset_mv_preserve_counter,long_training,1302,1500,reset_mv_preserve_counter,48,1547,27776b7d83fbba59ebb987e3c1959abceffda26c9c69d21bb10a552f16127207,69.15400695800781,0.40930440025460735,0.0005,0.0005,0.1684880405664444,0.8661311268806458,0.8816024661064148,,,,,,
long_training_seed1302_ckpt1500_reset_mv_preserve_counter,long_training,1302,1500,reset_mv_preserve_counter,49,1548,d1d0aceb01e1e14831467000523c9cc3a4a697b51001faeb11299985a9782d02,69.36270904541016,0.4105396530833837,0.0005,0.0005,0.1742459386587143,0.8510128855705261,0.867790699005127,,,,,,
long_training_seed1302_ckpt1500_reset_mv_preserve_counter,long_training,1302,1500,reset_mv_preserve_counter,50,1549,4f0ae8d40ca310c91475b5c125151cceacd72e2991dfbccc8c17255dac2643b8,69.55709075927734,0.4116901473832033,0.0005,0.0005,0.17443561553955078,0.8039819598197937,0.8215819597244263,,,,,,
long_training_seed1302_ckpt1500_reset_mv_preserve_counter,long_training,1302,1500,reset_mv_preserve_counter,51,1550,23d78026db7d9d5b32815b5bb5fb45a2443a127b8c07ff850613e1bf6d6205af,69.73783874511719,0.41275994722844334,0.0005,0.0005,0.16980624198913574,0.7410343885421753,0.759434700012207,,,,,,
long_training_seed1302_ckpt1500_reset_mv_preserve_counter,long_training,1302,1500,reset_mv_preserve_counter,52,1551,615c900546b03cd9b4b2e6d84c50d104ab4365186e0cb2ad3c9eec2b3e109d14,69.90625,0.41375672920403866,0.0005,0.0005,0.16958265006542206,0.7063701152801514,0.7258834838867188,,,,,,
long_training_seed1302_ckpt1500_reset_mv_preserve_counter,long_training,1302,1500,reset_mv_preserve_counter,53,1552,b621b9e64fce195ecd75d9df518be3b201a2ff99e7fbc6942095a0364691a8e4,70.06211853027344,0.4146792740876761,0.0005,0.0005,0.1706252545118332,0.7122929096221924,0.7320414185523987,,,,,,
long_training_seed1302_ckpt1500_reset_mv_preserve_counter,long_training,1302,1500,reset_mv_preserve_counter,54,1553,645b24e72679faaaed988a12f51d56004199164822ef3e69285c9c133ac3703d,70.20661926269531,0.41553453596217893,0.0005,0.0005,0.16785286366939545,0.6808345913887024,0.7007211446762085,,,,,,
long_training_seed1302_ckpt1500_reset_mv_preserve_counter,long_training,1302,1500,reset_mv_preserve_counter,55,1554,dad2e2f7db0fa167232b6dcbe388c156daf0f92f855fe86586ef157367574414,70.3409423828125,0.41632955922313436,0.0005,0.0005,0.16334165632724762,0.6505585312843323,0.6703173518180847,,,,,,
long_training_seed1302_ckpt1500_reset_mv_preserve_counter,long_training,1302,1500,reset_mv_preserve_counter,56,1555,9063e35e4bb7b0c8fd68edd52984b60dea5588fbc1939cd5df2f5a9651dea971,70.46570587158203,0.417068001537482,0.0005,0.0005,0.169526606798172,0.6468976140022278,0.6682397723197937,,,,,,
long_training_seed1302_ckpt1500_reset_mv_preserve_counter,long_training,1302,1500,reset_mv_preserve_counter,57,1556,18cff747c5e1ebd1d36ca095576f29823ab35952f9f4c64c9dd62b19cc8aa079,70.5809555053711,0.41775013384351367,0.0005,0.0005,0.1628992110490799,0.6448225378990173,0.6642792820930481,,,,,,
long_training_seed1302_ckpt1500_reset_mv_preserve_counter,long_training,1302,1500,reset_mv_preserve_counter,58,1557,81e5871d84b0ae166f7631b54b447067b02754cc9ab9054c105d839f88699acb,70.68811798095703,0.4183844003846577,0.0005,0.0005,0.1578827202320099,0.6274312138557434,0.6459262371063232,,,,,,
long_training_seed1302_ckpt1500_reset_mv_preserve_counter,long_training,1302,1500,reset_mv_preserve_counter,59,1558,be579a4c8b5455254c9ea7f20780b11c64f5eb4cf0f38a7314823454e1b3707b,70.787353515625,0.41897174944493526,0.0005,0.0005,0.1558932214975357,0.6060073375701904,0.6249481439590454,,,,,,
long_training_seed1302_ckpt1500_reset_mv_preserve_counter,long_training,1302,1500,reset_mv_preserve_counter,60,1559,fdfbb82d6c392630b1adc8e8259d68a6b8475efce9ce36dc0f3dcf9dd259e0a0,70.87950897216797,0.4195171933827452,0.0005,0.0005,0.15844464302062988,0.589987576007843,0.6100713014602661,,,,,,
long_training_seed1302_ckpt1500_reset_mv_preserve_counter,long_training,1302,1500,reset_mv_preserve_counter,61,1560,de1bf258de8fdbcb2f60b76474462e4a63e4cbaac5ed62c91e25bbd643b959da,70.96611022949219,0.4200297634744813,0.0005,0.0005,0.15561912953853607,0.5906442403793335,0.610011637210846,,,,,,
long_training_seed1302_ckpt1500_reset_mv_preserve_counter,long_training,1302,1500,reset_mv_preserve_counter,62,1561,c512bf28302c476d3c544243ac97b140208bc6040a1daa371ea3bc144b0c4ba5,71.04646301269531,0.4205053504893843,0.0005,0.0005,0.15816815197467804,0.5838509202003479,0.6044274568557739,,,,,,
long_training_seed1302_ckpt1500_reset_mv_preserve_counter,long_training,1302,1500,reset_mv_preserve_counter,63,1562,8ea36e143b97b3aa8b4ab0d8ca9d43a2a3fafa6a703a7e35b2adbd7a42ccb82c,71.12189483642578,0.420951811637917,0.0005,0.0005,0.15756653249263763,0.5711826086044312,0.5921323895454407,,,,,,
long_training_seed1302_ckpt1500_reset_mv_preserve_counter,long_training,1302,1500,reset_mv_preserve_counter,64,1563,864fdc177bd526b305da8496132418568870f907a38050dd59f0ee6113f73fc7,71.1928939819336,0.42137203692852543,0.0005,0.0005,0.15341605246067047,0.5407370328903198,0.5614123940467834,,,,,,
long_training_seed1302_ckpt1500_reset_mv_preserve_counter,long_training,1302,1500,reset_mv_preserve_counter,65,1564,fdd6344ff8c47f0bb8e6fec0fffe69bfac8c11b5ed6f4aa41afc3a7536b4daa1,71.26045227050781,0.4217718966908656,0.0005,0.0005,0.1539812684059143,0.5261182188987732,0.5476374626159668,,,,,,
long_training_seed1302_ckpt1500_reset_mv_preserve_counter,long_training,1302,1500,reset_mv_preserve_counter,66,1565,9188b8accf166a12757826726bb5ccf30f9d095d72abdbc087332a434dbcb6ab,71.32300567626953,0.42214213386663374,0.0005,0.0005,0.1560828685760498,0.5243620276451111,0.546600878238678,,,,,,
long_training_seed1302_ckpt1500_reset_mv_preserve_counter,long_training,1302,1500,reset_mv_preserve_counter,67,1566,53ba9ece423fdddb3e4be96fb452921d4b80aba735bd15c86cbbf04c2e43d5a4,71.38135528564453,0.42248748987593665,0.0005,0.0005,0.16812260448932648,0.4989921450614929,0.52596515417099,,,,,,
long_training_seed1302_ckpt1500_reset_mv_preserve_counter,long_training,1302,1500,reset_mv_preserve_counter,68,1567,28563d316a7d2d0a59785fa0495d6cf64679a3094b479a3df211ee65b39aa183,71.43548583984375,0.4228078744060105,0.0005,0.0005,0.17001865804195404,0.4896324872970581,0.5170483589172363,,,,,,
long_training_seed1302_ckpt1500_reset_mv_preserve_counter,long_training,1302,1500,reset_mv_preserve_counter,69,1568,78c51795edc252b262151517894e8dc4ab93d37171f72f5ae703816d86268bc3,71.48713684082031,0.42311358311194414,0.0005,0.0005,0.1731175184249878,0.48384541273117065,0.5125452280044556,,,,,,
long_training_seed1302_ckpt1500_reset_mv_preserve_counter,long_training,1302,1500,reset_mv_preserve_counter,70,1569,202a71706da80c90bd59205430b77bffef070a9c219c9f5902a978ee1902f996,71.5361328125,0.42340357739695245,0.0005,0.0005,0.17367011308670044,0.45191454887390137,0.4825234115123749,,,,,,
long_training_seed1302_ckpt1500_reset_mv_preserve_counter,long_training,1302,1500,reset_mv_preserve_counter,71,1570,2656bc05acb7ab7d71f92b9d7a3d41c0525fbbd6127b358666ea1d309d029040,71.58208465576172,0.4236755542855549,0.0005,0.0005,0.18063220381736755,0.43298590183258057,0.46786099672317505,,,,,,
long_training_seed1302_ckpt1500_reset_mv_preserve_counter,long_training,1302,1500,reset_mv_preserve_counter,72,1571,371b392979322e889cc4b576cf0d33885c927e160d08e91af0b0b59e1338a01a,71.62602233886719,0.4239356098893174,0.0005,0.0005,0.18916389346122742,0.40717488527297974,0.4474389851093292,,,,,,
long_training_seed1302_ckpt1500_reset_mv_preserve_counter,long_training,1302,1500,reset_mv_preserve_counter,73,1572,003b3b334884533dbe7cfd1c3cddeaf31871c986c5aed5fdfafa90457f428d02,71.66620635986328,0.4241734485531509,0.0005,0.0005,0.18298563361167908,0.39572811126708984,0.4343310594558716,,,,,,
long_training_seed1302_ckpt1500_reset_mv_preserve_counter,long_training,1302,1500,reset_mv_preserve_counter,74,1573,49ab2e72828380d8954651712b2234e40103795f1f51e0cf974e64d0fd821cf1,71.7031021118164,0.4243918248163555,0.0005,0.0005,0.17808358371257782,0.3903893232345581,0.42804431915283203,,,,,,
long_training_seed1302_ckpt1500_reset_mv_preserve_counter,long_training,1302,1500,reset_mv_preserve_counter,75,1574,e33048f92250a34c729148116b9b7f82a5e9503f53c2b7540e5cbcb837edd386,71.7371826171875,0.4245935383746134,0.0005,0.0005,0.18001976609230042,0.36813703179359436,0.40850964188575745,,,,,,
long_training_seed1302_ckpt1500_reset_mv_preserve_counter,long_training,1302,1500,reset_mv_preserve_counter,76,1575,d2448a42a023759ba39f1d836efcd6a3073376395e5b0b329a29e8ea2b352737,71.76959991455078,0.4247854078416019,0.0005,0.0005,0.1800851821899414,0.36050450801849365,0.40138956904411316,,,,,,
long_training_seed1302_ckpt1500_reset_mv_preserve_counter,long_training,1302,1500,reset_mv_preserve_counter,77,1576,aa44f2d54eac2b96e4b761515989fbbd85095f8cf008814e793c193b7064a8ec,71.79952239990234,0.4249625111716864,0.0005,0.0005,0.17607954144477844,0.38917338848114014,0.4254659414291382,,,,,,
long_training_seed1302_ckpt1500_reset_mv_preserve_counter,long_training,1302,1500,reset_mv_preserve_counter,78,1577,54298b4435ee7894918e1e81354f2cdb7692ef4078c2d11b72bbe4abb4383518,71.82760620117188,0.42512873181371624,0.0005,0.0005,0.1777215301990509,0.3727952539920807,0.4111558198928833,,,,,,
long_training_seed1302_ckpt1500_reset_mv_preserve_counter,long_training,1302,1500,reset_mv_preserve_counter,79,1578,fa4fe7d71e7853c92ecf866d74a55163b9ec56e6e18b11486ae0e7114a71dce1,71.85359191894531,0.4252825344507044,0.0005,0.0005,0.1754569411277771,0.3622186481952667,0.40128305554389954,,,,,,
long_training_seed1302_ckpt1500_reset_mv_preserve_counter,long_training,1302,1500,reset_mv_preserve_counter,80,1579,062c8f4208cde769b53e70f57928ff71ab39ec05ec8a6d26549e54759651ed68,71.87818145751953,0.4254280734697922,0.0005,0.0005,0.17608478665351868,0.35285094380378723,0.392888605594635,,,,,,
long_training_seed1302_ckpt1500_reset_mv_preserve_counter,long_training,1302,1500,reset_mv_preserve_counter,81,1580,c6439273ebaec92d102c3549f4b48f57c38bf5fec6a1a3cdeeb292e4864746dd,71.9009017944336,0.42556254917529746,0.0005,0.0005,0.18165352940559387,0.3506007492542267,0.3929927349090576,,,,,,
long_training_seed1302_ckpt1500_reset_mv_preserve_counter,long_training,1302,1500,reset_mv_preserve_counter,82,1581,77e311fa9e5d607628b5a8db18a566dcb3d221be19258888e348ae5ddf42ced8,71.92196655273438,0.4256872259459153,0.0005,0.0005,0.18250083923339844,0.3450566828250885,0.388113409280777,,,,,,
long_training_seed1302_ckpt1500_reset_mv_preserve_counter,long_training,1302,1500,reset_mv_preserve_counter,83,1582,673ed87f2fcff89a424cb892178d69cccca21a41c2173047f632413f5ca99730,71.94270324707031,0.4258099609921085,0.0005,0.0005,0.18923701345920563,0.33748388290405273,0.3836060166358948,,,,,,
long_training_seed1302_ckpt1500_reset_mv_preserve_counter,long_training,1302,1500,reset_mv_preserve_counter,84,1583,3c4d2326b7bce8166de1b87f8556343693e704dd082fa3289c41adf7014e91ad,71.96128845214844,0.4259199619385863,0.0005,0.0005,0.1892877072095871,0.3517554700374603,0.39708805084228516,,,,,,
long_training_seed1302_ckpt1500_reset_mv_preserve_counter,long_training,1302,1500,reset_mv_preserve_counter,85,1584,7b1f8ff48282f24a9653a206bc92d0ac4f770f8ccb15d3b775bab6861eb6bae6,71.97930908203125,0.4260266213127983,0.0005,0.0005,0.18133589625358582,0.35717064142227173,0.39839968085289,,,,,,
long_training_seed1302_ckpt1500_reset_mv_preserve_counter,long_training,1302,1500,reset_mv_preserve_counter,86,1585,d9dae740ff84315ff02b34cb1588b4a1c3832d061786e5bc5d9c705b3b36f4ca,71.99750518798828,0.4261343192837956,0.0005,0.0005,0.18227067589759827,0.34766578674316406,0.39069119095802307,,,,,,
long_training_seed1302_ckpt1500_reset_mv_preserve_counter,long_training,1302,1500,reset_mv_preserve_counter,87,1586,d3100f0d3c5480fa65855b8ae2ce458346c4bf705c64ad87fbb6742dd3ac4028,72.01531982421875,0.4262397594356944,0.0005,0.0005,0.1887618601322174,0.3295287787914276,0.3782975673675537,,,,,,
long_training_seed1302_ckpt1500_reset_mv_preserve_counter,long_training,1302,1500,reset_mv_preserve_counter,88,1587,afa19e1a12127d7ea26483f161847e8ab166d03bbb4fd5dcb2ae5c8f49eecad7,72.03271484375,0.42634271598658496,0.0005,0.0005,0.18447650969028473,0.32469597458839417,0.37227240204811096,,,,,,
long_training_seed1302_ckpt1500_reset_mv_preserve_counter,long_training,1302,1500,reset_mv_preserve_counter,89,1588,4e4a1b09b6db35db6383daba861c3bad688ed9d0d6e46836ea69c0251f2e0102,72.04943084716797,0.42644165361948017,0.0005,0.0005,0.17418813705444336,0.31125107407569885,0.35489970445632935,,,,,,
long_training_seed1302_ckpt1500_reset_mv_preserve_counter,long_training,1302,1500,reset_mv_preserve_counter,90,1589,55bd534020c50dcc8178c59f3f765060d21b80ca840069bb2030829eb484d74b,72.06513214111328,0.4265345854535735,0.0005,0.0005,0.17138981819152832,0.3059905469417572,0.34862762689590454,,,,,,
long_training_seed1302_ckpt1500_reset_mv_preserve_counter,long_training,1302,1500,reset_mv_preserve_counter,91,1590,14ae4ab1231388a4f7b9d6cc430b48cf7090bf43597c417ecb6cf5266d7cd735,72.07899475097656,0.42661663459961213,0.0005,0.0005,0.1710856854915619,0.3022710680961609,0.34480276703834534,,,,,,
long_training_seed1302_ckpt1500_reset_mv_preserve_counter,long_training,1302,1500,reset_mv_preserve_counter,92,1591,936d5bbd30d8806ff4813eb269fad7fc4cbc5c5836510e45fbc696f31c01d021,72.09313201904297,0.42670030937540165,0.0005,0.0005,0.17422592639923096,0.3054898977279663,0.34841713309288025,,,,,,
long_training_seed1302_ckpt1500_reset_mv_preserve_counter,long_training,1302,1500,reset_mv_preserve_counter,93,1592,04c992ddc34211991c42866f450d32a6ed7586ac60a99b4d81dbb07d8835439f,72.10617065429688,0.42677748163218754,0.0005,0.0005,0.1692781150341034,0.28781408071517944,0.3310333490371704,,,,,,
long_training_seed1302_ckpt1500_reset_mv_preserve_counter,long_training,1302,1500,reset_mv_preserve_counter,94,1593,69b77a4deb7a4f6cb04d9384ca6567a4fd89c8426e212565abd35b91cc61014c,72.11785888671875,0.4268466612093649,0.0005,0.0005,0.16329795122146606,0.27820488810539246,0.32030558586120605,,,,,,
long_training_seed1302_ckpt1500_reset_mv_preserve_counter,long_training,1302,1500,reset_mv_preserve_counter,95,1594,a9de9d0c876572afc62a60600828a6a604f04f76f2adb27baf4295ad1db4af12,72.12869262695312,0.4269107832717616,0.0005,0.0005,0.1603894680738449,0.2815375030040741,0.32173022627830505,,,,,,
long_training_seed1302_ckpt1500_reset_mv_preserve_counter,long_training,1302,1500,reset_mv_preserve_counter,96,1595,1da9fe09cfa186df33b2f4a5933511e768b559d90bf4de3ba4f6cfe58443eb78,72.13874816894531,0.4269702993831974,0.0005,0.0005,0.16221299767494202,0.27362343668937683,0.31573739647865295,,,,,,
long_training_seed1302_ckpt1500_reset_mv_preserve_counter,long_training,1302,1500,reset_mv_preserve_counter,97,1596,af34d87680f74c37b6755aeb592d667a18fd79ac169dc1197c4e0af9f6a4e3d5,72.148681640625,0.42702909299252173,0.0005,0.0005,0.15955594182014465,0.2656339406967163,0.30797621607780457,,,,,,
long_training_seed1302_ckpt1500_reset_mv_preserve_counter,long_training,1302,1500,reset_mv_preserve_counter,98,1597,d8bd0607bf0ec8de28883208802d2777749d31ba2d57f71cc427869017a70f82,72.15757751464844,0.4270817453338982,0.0005,0.0005,0.1617463082075119,0.26072466373443604,0.3049512505531311,,,,,,
long_training_seed1302_ckpt1500_reset_mv_preserve_counter,long_training,1302,1500,reset_mv_preserve_counter,99,1598,88bc85af1dbdbc7f48b249900e117ef519384bcde6f450c52e54e86ba4895c67,72.16620635986328,0.42713281720190577,0.0005,0.0005,0.16427801549434662,0.2736387252807617,0.3170986771583557,,,,,,
long_training_seed1302_ckpt1500_reset_mv_preserve_counter,long_training,1302,1500,reset_mv_preserve_counter,100,1599,4dda3090f7ad23408ca371817f2c2ed20c9e6e4db53b05b4e949d69104c0770e,72.1744155883789,0.427181405468905,0.0005,0.0005,0.17699018120765686,0.2636231780052185,0.31539520621299744,,,,2.3913657665252686,2.9574164549509683,0.5660506884256997
long_training_seed1302_ckpt3000_reset_mv_preserve_counter,long_training,1302,3000,reset_mv_preserve_counter,1,3000,f49953f67334e456ca6939bf3451e8856fb7d130e76abaaa52651bd47a99230d,1.3777222633361816,0.008130494182161824,0.000125,0.000125,0.06303692609071732,1.39388906955719,1.3777222633361816,21.855797050313438,22.112262700264168,0.2775896489620209,2.0591763655344644,2.5016862551371255,0.44250988960266113
long_training_seed1302_ckpt3000_reset_mv_preserve_counter,long_training,1302,3000,reset_mv_preserve_counter,2,3001,4947361250a239c91a59c51751161905468b7ae0ffbed43270af5f6f00c68f45,2.3320538997650146,0.013762389684125022,0.000125,0.000125,0.06153975799679756,1.3321925401687622,1.3161588907241821,,,,,,
long_training_seed1302_ckpt3000_reset_mv_preserve_counter,long_training,1302,3000,reset_mv_preserve_counter,3,3002,144baacafb83a1696bd1236f58049871f1889fb21c1927bdfb8105c678275c87,3.253753900527954,0.019201712756218712,0.000125,0.000125,0.0614900067448616,1.3261821269989014,1.3082233667373657,,,,,,
long_training_seed1302_ckpt3000_reset_mv_preserve_counter,long_training,1302,3000,reset_mv_preserve_counter,4,3003,d99ce0e21f48dabc0ba3d81131529d06c371d6a052c9f970891e0409fd7ff25d,4.124541282653809,0.024340579952231055,0.000125,0.000125,0.06287284195423126,1.2677383422851562,1.2506963014602661,,,,,,
long_training_seed1302_ckpt3000_reset_mv_preserve_counter,long_training,1302,3000,reset_mv_preserve_counter,5,3004,0f7ea7e355a01320460af6fb7e040f4d38d0159b305b31414853ae2e62c5ff71,4.933300495147705,0.029113393927109002,0.000125,0.000125,0.0648876428604126,1.2293719053268433,1.2143512964248657,,,,,,
long_training_seed1302_ckpt3000_reset_mv_preserve_counter,long_training,1302,3000,reset_mv_preserve_counter,6,3005,fd21a0b01d3e112a42389a8587679e54544bec20d192ab17c663fabf5504b74a,5.681451320648193,0.033528533390255646,0.000125,0.000125,0.06402865797281265,1.1416970491409302,1.1281765699386597,,,,,,
long_training_seed1302_ckpt3000_reset_mv_preserve_counter,long_training,1302,3000,reset_mv_preserve_counter,7,3006,160fe4ec2d135565bd57e58a91ef41a8b01f8907721a1bff67c5b4db3e50c4e0,6.380945682525635,0.037656531457099525,0.000125,0.000125,0.06391173601150513,1.0943104028701782,1.0807231664657593,,,,,,
long_training_seed1302_ckpt3000_reset_mv_preserve_counter,long_training,1302,3000,reset_mv_preserve_counter,8,3007,301da085c71a12a1f4fb43ce2127cb3ff6896727839f82431c3612c218824bc1,7.04085111618042,0.0415508993074926,0.000125,0.000125,0.06523460149765015,1.0568642616271973,1.0452224016189575,,,,,,
long_training_seed1302_ckpt3000_reset_mv_preserve_counter,long_training,1302,3000,reset_mv_preserve_counter,9,3008,f327c86eb4656937bb67cec2869e28607d59f2f2d93967d202369dd878779b58,7.670666217803955,0.04526769198469585,0.000125,0.000125,0.06615353375673294,1.0066509246826172,0.9959458708763123,,,,,,
long_training_seed1302_ckpt3000_reset_mv_preserve_counter,long_training,1302,3000,reset_mv_preserve_counter,10,3009,0e5538b22dd732c0c6c8a274b791daf58e8786d49885ff070808ef9b6ff52ff0,8.24802303314209,0.04867490717825097,0.000125,0.000125,0.06687627732753754,0.9595634937286377,0.9508029818534851,,,,,,
long_training_seed1302_ckpt3000_reset_mv_preserve_counter,long_training,1302,3000,reset_mv_preserve_counter,11,3010,b8a799ea6c20ba7aaf31bd55f46c36f883133e458088927c5c153ad66aab2068,8.79758071899414,0.05191806850799724,0.000125,0.000125,0.06716722249984741,0.9100655913352966,0.9010227918624878,,,,,,
long_training_seed1302_ckpt3000_reset_mv_preserve_counter,long_training,1302,3000,reset_mv_preserve_counter,12,3011,c0214d64a505d1ca555c14bb2fd72314ca7b797e4cf03c65798178f681ba3883,9.306877136230469,0.05492363186973658,0.000125,0.000125,0.0692669078707695,0.8500134944915771,0.8414921164512634,,,,,,
long_training_seed1302_ckpt3000_reset_mv_preserve_counter,long_training,1302,3000,reset_mv_preserve_counter,13,3012,b7b20bd467dc97db4a4e5cc185906bbb49f6b19638ebcbcb3ba5d4544489d972,9.787796974182129,0.05776173360374192,0.000125,0.000125,0.06868346035480499,0.8012397885322571,0.7937192320823669,,,,,,
long_training_seed1302_ckpt3000_reset_mv_preserve_counter,long_training,1302,3000,reset_mv_preserve_counter,14,3013,85e89d7bdaa452333e0bb02d3d54197e73d3b20ebc063db83e0fa6ba00783a30,10.225503921508789,0.06034481865900813,0.000125,0.000125,0.07119236886501312,0.7941859364509583,0.7868140935897827,,,,,,
long_training_seed1302_ckpt3000_reset_mv_preserve_counter,long_training,1302,3000,reset_mv_preserve_counter,15,3014,69a988d3ef58f08214ae26c0b161351240ff3ba0a0863701c0881913a8ad00d6,10.639524459838867,0.06278812067115454,0.000125,0.000125,0.06932877749204636,0.7616393566131592,0.753715991973877,,,,,,
long_training_seed1302_ckpt3000_reset_mv_preserve_counter,long_training,1302,3000,reset_mv_preserve_counter,16,3015,940b060764163d961c2c223ffc6d98e02be2cdbfdb80c545a7186c758bb5d032,11.02495002746582,0.06506267223981327,0.000125,0.000125,0.06947103142738342,0.7172508239746094,0.7103404402732849,,,,,,
long_training_seed1302_ckpt3000_reset_mv_preserve_counter,long_training,1302,3000,reset_mv_preserve_counter,17,3016,528da04aea7d705fa335c9d07349439267901ca326473a13b4aa459212cb1f86,11.384464263916016,0.06718431060311045,0.000125,0.000125,0.06951498985290527,0.682819664478302,0.676420271396637,,,,,,
long_training_seed1302_ckpt3000_reset_mv_preserve_counter,long_training,1302,3000,reset_mv_preserve_counter,18,3017,3ff7f2bf909f8a583199b20b8ba7462341ad020a5fb997d788102d3814080f81,11.723297119140625,0.06918389980293797,0.000125,0.000125,0.06733354926109314,0.6681903600692749,0.6619658470153809,,,,,,
long_training_seed1302_ckpt3000_reset_mv_preserve_counter,long_training,1302,3000,reset_mv_preserve_counter,19,3018,53c71161e34624fd741c1b79f17927628cb19f67a60ce6293fe6aa1acf06db00,12.03834342956543,0.0710431150179246,0.000125,0.000125,0.06490456312894821,0.6798974871635437,0.6745965480804443,,,,,,
long_training_seed1302_ckpt3000_reset_mv_preserve_counter,long_training,1302,3000,reset_mv_preserve_counter,20,3019,ceb46ce42b51d16782f9ebc8d16cf4e891e4eb916c6070447fb9062cf4f94e8b,12.331392288208008,0.07277251440682106,0.000125,0.000125,0.06505541503429413,0.6685014963150024,0.663999617099762,,,,2.0622637271881104,2.502357006072998,0.4400932788848877
long_training_seed1302_ckpt3000_reset_mv_preserve_counter,long_training,1302,3000,reset_mv_preserve_counter,21,3020,075e5c768f29f7b12d96eb4ab0779a5f23899bb5505c1d919b3db2c64bfb61ef,12.609356880187988,0.07441289546045055,0.000125,0.000125,0.06451999396085739,0.6637828350067139,0.6590303778648376,,,,,,
long_training_seed1302_ckpt3000_reset_mv_preserve_counter,long_training,1302,3000,reset_mv_preserve_counter,22,3021,021ee109f00d4dbddd2263f41db3356fab3c35d6e938f02e3e6a1b4ce603fb02,12.872417449951172,0.0759653218739111,0.000125,0.000125,0.06432311236858368,0.6469932198524475,0.6423109769821167,,,,,,
long_training_seed1302_ckpt3000_reset_mv_preserve_counter,long_training,1302,3000,reset_mv_preserve_counter,23,3022,3154934e9a57830913f043668af80d5c2d9db498212993313aecbbdb6a3e4be6,13.120001792907715,0.0774264168373677,0.000125,0.000125,0.06466959416866302,0.6102268695831299,0.6059978008270264,,,,,,
long_training_seed1302_ckpt3000_reset_mv_preserve_counter,long_training,1302,3000,reset_mv_preserve_counter,24,3023,34394231371e383d9bc00ec4fc92d5f7d3cd66f191b36af291b197386cb92eea,13.35107135772705,0.07879005144096984,0.000125,0.000125,0.06575819104909897,0.6086248755455017,0.6035332679748535,,,,,,
long_training_seed1302_ckpt3000_reset_mv_preserve_counter,long_training,1302,3000,reset_mv_preserve_counter,25,3024,005e8274d87e6d75298ebc02eca3bbdba327d6e122684c95f779c065c0f126f5,13.572197914123535,0.08009500834567247,0.000125,0.000125,0.06650068610906601,0.5889846682548523,0.5840049982070923,,,,,,
long_training_seed1302_ckpt3000_reset_mv_preserve_counter,long_training,1302,3000,reset_mv_preserve_counter,26,3025,3a8727147d76469a51113e296ef2c0449a65b51445cb4f6e4f8612ee34175bf0,13.781678199768066,0.08133123591420009,0.000125,0.000125,0.06612954288721085,0.5584307909011841,0.5535491704940796,,,,,,
long_training_seed1302_ckpt3000_reset_mv_preserve_counter,long_training,1302,3000,reset_mv_preserve_counter,27,3026,391e2ff7485b510718f88718a88e99ec20e46bd1a9e6a84adea7ddbca4a93de4,13.978635787963867,0.08249356199948876,0.000125,0.000125,0.07008001208305359,0.5668323636054993,0.5612983107566833,,,,,,
long_training_seed1302_ckpt3000_reset_mv_preserve_counter,long_training,1302,3000,reset_mv_preserve_counter,28,3027,4c4697b4265ac10d6de18fa318a9f9a3f33bb185c6143a6d3be9c097ab75a2b5,14.164146423339844,0.08358833500402826,0.000125,0.000125,0.06855849921703339,0.5486656427383423,0.5442672371864319,,,,,,
long_training_seed1302_ckpt3000_reset_mv_preserve_counter,long_training,1302,3000,reset_mv_preserve_counter,29,3028,58dc4e45ea3c79b39e5a9d347120035290b81a7eab7c862515237ef6296f1d65,14.341036796569824,0.08463223636840352,0.000125,0.000125,0.06739029288291931,0.5347467660903931,0.5310234427452087,,,,,,
long_training_seed1302_ckpt3000_reset_mv_preserve_counter,long_training,1302,3000,reset_mv_preserve_counter,30,3029,543241f601e3576c2d2ce04aaf83c9ce2e0a49e7016d3e2d4e341b0e2b84506b,14.508219718933105,0.08561885015392799,0.000125,0.000125,0.06788225471973419,0.5371609330177307,0.5327908992767334,,,,,,
long_training_seed1302_ckpt3000_reset_mv_preserve_counter,long_training,1302,3000,reset_mv_preserve_counter,31,3030,d7ec485a0073e1f9e35dd84ef7bf65a4028da7c206cf3e691bb7196e17e4fd79,14.668904304504395,0.08656711463575967,0.000125,0.000125,0.06803537905216217,0.5292124152183533,0.5242826342582703,,,,,,
long_training_seed1302_ckpt3000_reset_mv_preserve_counter,long_training,1302,3000,reset_mv_preserve_counter,32,3031,5fe6d54b4bc0a5c4ededee192cb3672f02101815a509e105c23b6d65accee751,14.822023391723633,0.08747073206355627,0.000125,0.000125,0.06751412898302078,0.48999685049057007,0.4854857325553894,,,,,,
long_training_seed1302_ckpt3000_reset_mv_preserve_counter,long_training,1302,3000,reset_mv_preserve_counter,33,3032,47badef9be440a6b02f22abb8aa8a1b29d2829b385aab8d8b5c8393633b11f16,14.968245506286621,0.08833364767680835,0.000125,0.000125,0.06589201837778091,0.49360257387161255,0.4890650808811188,,,,,,
long_training_seed1302_ckpt3000_reset_mv_preserve_counter,long_training,1302,3000,reset_mv_preserve_counter,34,3033,3deb69a05a5589cb77b9561bccd9963a1961085945334e6b3305f6b2ed373898,15.107404708862305,0.08915488220066374,0.000125,0.000125,0.06362931430339813,0.46586114168167114,0.4616243541240692,,,,,,
long_training_seed1302_ckpt3000_reset_mv_preserve_counter,long_training,1302,3000,reset_mv_preserve_counter,35,3034,29f070a0d8010f9a02eedec2f7be548b37305fec2b6feb7ccfb01e4267c618ef,15.23837661743164,0.0899278002037967,0.000125,0.000125,0.06549523025751114,0.44873711466789246,0.44467005133628845,,,,,,
long_training_seed1302_ckpt3000_reset_mv_preserve_counter,long_training,1302,3000,reset_mv_preserve_counter,36,3035,be0578eb67e61c6992c3e84ade4d6f57d4c779e0030281d82fcc925a1e46cc6a,15.3597412109375,0.09064402156980002,0.000125,0.000125,0.06776057928800583,0.4439017176628113,0.4405438303947449,,,,,,
long_training_seed1302_ckpt3000_reset_mv_preserve_counter,long_training,1302,3000,reset_mv_preserve_counter,37,3036,91ee042c1c7d93c0ecc38386e284a0f4b92bb5c43708cc62de2e57049ac11a92,15.47436237335205,0.09132044723189787,0.000125,0.000125,0.06500975787639618,0.44583773612976074,0.4425765573978424,,,,,,
long_training_seed1302_ckpt3000_reset_mv_preserve_counter,long_training,1302,3000,reset_mv_preserve_counter,38,3037,438e9e247ce8da98f83073d111a7ee44856800043af8d1d89c9ba4d2fca9f86f,15.583592414855957,0.09196505771733364,0.000125,0.000125,0.06399647146463394,0.4298369884490967,0.42656344175338745,,,,,,
long_training_seed1302_ckpt3000_reset_mv_preserve_counter,long_training,1302,3000,reset_mv_preserve_counter,39,3038,ccad0da99e05496e77d1491d529d763ddfc5ae6dcd9c6be7b1de09b234630933,15.687894821166992,0.09258058824207367,0.000125,0.000125,0.06347803771495819,0.418414831161499,0.41521522402763367,,,,,,
long_training_seed1302_ckpt3000_reset_mv_preserve_counter,long_training,1302,3000,reset_mv_preserve_counter,40,3039,6be7a7f155a9ed10656aadd90e4a805e5deadcf7ee62034d141602001a4b0b7f,15.78720760345459,0.09316667298505252,0.000125,0.000125,0.06333127617835999,0.39831113815307617,0.39503079652786255,,,,,,
long_training_seed1302_ckpt3000_reset_mv_preserve_counter,long_training,1302,3000,reset_mv_preserve_counter,41,3040,e77cd586942fd13cedd2ea21d334182452278794da7f341de79028ad4ca1b4fb,15.882428169250488,0.09372860790969473,0.000125,0.000125,0.06356726586818695,0.3860543966293335,0.382982075214386,,,,,,
long_training_seed1302_ckpt3000_reset_mv_preserve_counter,long_training,1302,3000,reset_mv_preserve_counter,42,3041,e7d2fb3f9363c203864f415dae431383bb99d65c152c0de8efc4f5a53519407a,15.971170425415039,0.09425231171898836,0.000125,0.000125,0.06526868790388107,0.3748626112937927,0.37148556113243103,,,,,,
long_training_seed1302_ckpt3000_reset_mv_preserve_counter,long_training,1302,3000,reset_mv_preserve_counter,43,3042,bb9044ba3dee53457b2ebfd42447126700012f6d1159a023e68dcc2fe4ef7e05,16.054479598999023,0.09474395271889867,0.000125,0.000125,0.06551633030176163,0.3706672489643097,0.3671972155570984,,,,,,
long_training_seed1302_ckpt3000_reset_mv_preserve_counter,long_training,1302,3000,reset_mv_preserve_counter,44,3043,f4c62a8f14a5da73357dacd8be3404067626c53867681873de2b9966f287b6ae,16.133901596069336,0.09521265392399654,0.000125,0.000125,0.06516366451978683,0.35837212204933167,0.35479220747947693,,,,,,
long_training_seed1302_ckpt3000_reset_mv_preserve_counter,long_training,1302,3000,reset_mv_preserve_counter,45,3044,084439068e836bfc8f0e6ec6210c722b1db396530213717e32c1a7dccedbcd33,16.20899772644043,0.09565582644674184,0.000125,0.000125,0.06535051017999649,0.34648028016090393,0.3433639109134674,,,,,,
long_training_seed1302_ckpt3000_reset_mv_preserve_counter,long_training,1302,3000,reset_mv_preserve_counter,46,3045,1f8963b8c1db5ff0b376a451ab3a845c893ca92e4e006be566519142f1771657,16.279457092285156,0.09607163555379085,0.000125,0.000125,0.06666502356529236,0.3471708595752716,0.34551602602005005,,,,,,
long_training_seed1302_ckpt3000_reset_mv_preserve_counter,long_training,1302,3000,reset_mv_preserve_counter,47,3046,20e61b8c36b0cfd43a6b9d1612372e1791b84cbaad2e7d53b28b2b6554f5b60e,16.346494674682617,0.09646725133802657,0.000125,0.000125,0.06445194780826569,0.339219868183136,0.3375777006149292,,,,,,
long_training_seed1302_ckpt3000_reset_mv_preserve_counter,long_training,1302,3000,reset_mv_preserve_counter,48,3047,c2d08258bd79ede4790d23bcf228cf53e7da0bcbb6371fe1a47e7eebb8326713,16.410593032836914,0.09684552157574317,0.000125,0.000125,0.06615445017814636,0.3435109555721283,0.3400079905986786,,,,,,
long_training_seed1302_ckpt3000_reset_mv_preserve_counter,long_training,1302,3000,reset_mv_preserve_counter,49,3048,f6dd27f854a7cd564673cc013f035f9ccaa92eb2583453746224d63f0f11ddaf,16.470853805541992,0.09720114467549971,0.000125,0.000125,0.06597596406936646,0.34224122762680054,0.3379776179790497,,,,,,
long_training_seed1302_ckpt3000_reset_mv_preserve_counter,long_training,1302,3000,reset_mv_preserve_counter,50,3049,2911def77ac1cfffba699c97aa96fa88e0c3c2d41169e32bc9d1f145ed71e203,16.527576446533203,0.09753588783444317,0.000125,0.000125,0.0653500109910965,0.33837127685546875,0.3342232406139374,,,,,,
long_training_seed1302_ckpt3000_reset_mv_preserve_counter,long_training,1302,3000,reset_mv_preserve_counter,51,3050,384d101195e3c9edd2348766019a22248bfcf22690fed902965537cc72fcd190,16.580215454101562,0.09784653182719753,0.000125,0.000125,0.064192995429039,0.35119742155075073,0.34731432795524597,,,,,,
long_training_seed1302_ckpt3000_reset_mv_preserve_counter,long_training,1302,3000,reset_mv_preserve_counter,52,3051,d8d538b0dfdb06c0a19e8969801d51816b331b964b3f14c58e4a3d24338fa0d6,16.63254165649414,0.09815532983057541,0.000125,0.000125,0.06323530524969101,0.3546977937221527,0.3508065640926361,,,,,,
long_training_seed1302_ckpt3000_reset_mv_preserve_counter,long_training,1302,3000,reset_mv_preserve_counter,53,3052,9121308a5542a93dcf419eb353a85eeecb7992f8ff05c85cea6242d8339c5e16,16.68185043334961,0.09844632079009008,0.000125,0.000125,0.06248501315712929,0.3470706641674042,0.34402787685394287,,,,,,
long_training_seed1302_ckpt3000_reset_mv_preserve_counter,long_training,1302,3000,reset_mv_preserve_counter,54,3053,30a62333542c4a396ddba811fca3e26f8048ec9c738e5760ef69c33bfb483682,16.728979110717773,0.09872444610413339,0.000125,0.000125,0.0608559288084507,0.34523701667785645,0.34167495369911194,,,,,,
long_training_seed1302_ckpt3000_reset_mv_preserve_counter,long_training,1302,3000,reset_mv_preserve_counter,55,3054,183fd601f8ca871f695af39ba8badcf0991039b6c80dd34efa9eb215295a029a,16.774282455444336,0.09899179939480306,0.000125,0.000125,0.05956133455038071,0.34371280670166016,0.34001943469047546,,,,,,
long_training_seed1302_ckpt3000_reset_mv_preserve_counter,long_training,1302,3000,reset_mv_preserve_counter,56,3055,f761239f6aa1a5c20c65f006dadf5091547de765b179ff41db2a752f8f745a02,16.81843376159668,0.0992523540416716,0.000125,0.000125,0.06000558286905289,0.339903324842453,0.3357243239879608,,,,,,
long_training_seed1302_ckpt3000_reset_mv_preserve_counter,long_training,1302,3000,reset_mv_preserve_counter,57,3056,ea1299979353035e37e1a13e541fdcb0212705887003d05ec85f1b0fc8078321,16.861989974975586,0.09950939680631173,0.000125,0.000125,0.05979439616203308,0.33366918563842773,0.3296927511692047,,,,,,
long_training_seed1302_ckpt3000_reset_mv_preserve_counter,long_training,1302,3000,reset_mv_preserve_counter,58,3057,c691600f60fda16e3b98d9948e714bbd7d123be84170f85a4522eeb45a25be45,16.904624938964844,0.09976100290711751,0.000125,0.000125,0.06127515435218811,0.32538041472435,0.3215268552303314,,,,,,
long_training_seed1302_ckpt3000_reset_mv_preserve_counter,long_training,1302,3000,reset_mv_preserve_counter,59,3058,20358a565df4f4b4642fcdb3c358defb26920fb2c35d84d6c69a8ca1a59ae2dc,16.945636749267578,0.10000303012402469,0.000125,0.000125,0.062085140496492386,0.3197481632232666,0.315816730260849,,,,,,
long_training_seed1302_ckpt3000_reset_mv_preserve_counter,long_training,1302,3000,reset_mv_preserve_counter,60,3059,e59c549904a3f7188adeb6a4ddb4132edaf337012b7e0714c7fc98eae4b76a1e,16.983116149902344,0.10022421116821713,0.000125,0.000125,0.06407851725816727,0.3563299775123596,0.35228556394577026,,,,,,
long_training_seed1302_ckpt3000_reset_mv_preserve_counter,long_training,1302,3000,reset_mv_preserve_counter,61,3060,69cb26cf596a9e6c3b1903f63458bec485149a38818c14899ae1d702a7038591,17.021648406982422,0.10045160554250597,0.000125,0.000125,0.06393018364906311,0.34288308024406433,0.3390149176120758,,,,,,
long_training_seed1302_ckpt3000_reset_mv_preserve_counter,long_training,1302,3000,reset_mv_preserve_counter,62,3061,68e7e906ac982e4651cb9cad951185cb309d4363edd92ffef6503bc61578176e,17.05950927734375,0.10067503779325508,0.000125,0.000125,0.06233426555991173,0.32861077785491943,0.3242679834365845,,,,,,
long_training_seed1302_ckpt3000_reset_mv_preserve_counter,long_training,1302,3000,reset_mv_preserve_counter,63,3062,f447b0038b3e82928787c944207beae80240dc0c65f2194942d3c3e90a3dd0a2,17.096561431884766,0.10089369748610406,0.000125,0.000125,0.06294114142656326,0.3156546354293823,0.3113199472427368,,,,,,
long_training_seed1302_ckpt3000_reset_mv_preserve_counter,long_training,1302,3000,reset_mv_preserve_counter,64,3063,178511e9cb17527e7e088a73868e211747741a1dc03237ce728df5a9c7833ff5,17.13338851928711,0.1011110289670846,0.000125,0.000125,0.0614209808409214,0.30307722091674805,0.29856380820274353,,,,,,
long_training_seed1302_ckpt3000_reset_mv_preserve_counter,long_training,1302,3000,reset_mv_preserve_counter,65,3064,853b105cb50da8bac5c0bbb39904fa90202052e8ef5d4de035ffcb0724ee370a,17.169286727905273,0.10132287876009967,0.000125,0.000125,0.06077779456973076,0.2948658764362335,0.2910412847995758,,,,,,
long_training_seed1302_ckpt3000_reset_mv_preserve_counter,long_training,1302,3000,reset_mv_preserve_counter,66,3065,4e5113f3071802319ec7808a13ae1abfd84faf423d73ef1db7244060229ad495,17.20265007019043,0.10151976928554568,0.000125,0.000125,0.06229270622134209,0.3490491807460785,0.3435019850730896,,,,,,
long_training_seed1302_ckpt3000_reset_mv_preserve_counter,long_training,1302,3000,reset_mv_preserve_counter,67,3066,7c3a2a0dc2e2a9fd0cc201ff62c16591f646848b0f317ba9b3986baee8c78858,17.237131118774414,0.10172325584620273,0.000125,0.000125,0.06381227821111679,0.3352809548377991,0.32997894287109375,,,,,,
long_training_seed1302_ckpt3000_reset_mv_preserve_counter,long_training,1302,3000,reset_mv_preserve_counter,68,3067,b8bea985ab5d30755bf33fcb9523bbee5df816be6a4d524142351bc634dbe3d5,17.2723445892334,0.10193106472344858,0.000125,0.000125,0.06395435333251953,0.3328202962875366,0.3270866274833679,,,,,,
long_training_seed1302_ckpt3000_reset_mv_preserve_counter,long_training,1302,3000,reset_mv_preserve_counter,69,3068,6d0cc40c6a6a32c416fbd3f78c09725fba5482c4756b07d4e5da0ce3dc38216a,17.307262420654297,0.10213712891561301,0.000125,0.000125,0.06439951807260513,0.322859525680542,0.31728965044021606,,,,,,
long_training_seed1302_ckpt3000_reset_mv_preserve_counter,long_training,1302,3000,reset_mv_preserve_counter,70,3069,df29e4dd57e8cf18bd73071989573bfd4d8dcb25ae216622fd65b98f28f57b26,17.341495513916016,0.10233915219200823,0.000125,0.000125,0.06419646739959717,0.3077889680862427,0.3031907081604004,,,,,,
long_training_seed1302_ckpt3000_reset_mv_preserve_counter,long_training,1302,3000,reset_mv_preserve_counter,71,3070,f108c0725eb682185c38993c14f41a7c6f5964a13d87427feccbea9ff6c0c4f0,17.374649047851562,0.10253480455384809,0.000125,0.000125,0.06345450133085251,0.30295464396476746,0.2983468770980835,,,,,,
long_training_seed1302_ckpt3000_reset_mv_preserve_counter,long_training,1302,3000,reset_mv_preserve_counter,72,3071,635d496fbe2074e1efa01d3ec94e69c27e46ab55a72c351391c07b9b6686d4ef,17.407047271728516,0.10272599952670573,0.000125,0.000125,0.06262534856796265,0.2952629029750824,0.2910787761211395,,,,,,
long_training_seed1302_ckpt3000_reset_mv_preserve_counter,long_training,1302,3000,reset_mv_preserve_counter,73,3072,564e6110a8df3e4c39662ee17fd257291fea37e8a1dc14a8a481bd8b894144ea,17.437814712524414,0.10290757059153363,0.000125,0.000125,0.06660822033882141,0.3103269636631012,0.30451151728630066,,,,,,
long_training_seed1302_ckpt3000_reset_mv_preserve_counter,long_training,1302,3000,reset_mv_preserve_counter,74,3073,adefcaadf7418368d57b565f9d7e4b62a3c476ab07d1d63dafe6b0df7135486d,17.467985153198242,0.10308561851810036,0.000125,0.000125,0.06471811234951019,0.29852697253227234,0.29291075468063354,,,,,,
long_training_seed1302_ckpt3000_reset_mv_preserve_counter,long_training,1302,3000,reset_mv_preserve_counter,75,3074,d6a2a1210d776cb98d04e8510dd69be4131c6c79ae21fd9b1959f0e8e5f97c56,17.49798583984375,0.10326266465774936,0.000125,0.000125,0.06387375295162201,0.28787893056869507,0.28237518668174744,,,,,,
long_training_seed1302_ckpt3000_reset_mv_preserve_counter,long_training,1302,3000,reset_mv_preserve_counter,76,3075,599aca995e187d2db53bb07f67b7dbc51f3de35e54c561aa4db7703a7337fd76,17.526809692382812,0.10343276582517105,0.000125,0.000125,0.063010074198246,0.2802692651748657,0.27523723244667053,,,,,,
long_training_seed1302_ckpt3000_reset_mv_preserve_counter,long_training,1302,3000,reset_mv_preserve_counter,77,3076,2e99b650afa307a803fdeec3d4ef963b1b1f0a60d35aefa07fa262e1079a42fa,17.55508041381836,0.10359960274308558,0.000125,0.000125,0.06530620157718658,0.3111007809638977,0.3044987618923187,,,,,,
long_training_seed1302_ckpt3000_reset_mv_preserve_counter,long_training,1302,3000,reset_mv_preserve_counter,78,3077,06d503edbb7096961c3eb11adba49c4374237f109d934365e332c18a1423611b,17.58417510986328,0.1037713022671625,0.000125,0.000125,0.06452322751283646,0.30018240213394165,0.29443836212158203,,,,,,
long_training_seed1302_ckpt3000_reset_mv_preserve_counter,long_training,1302,3000,reset_mv_preserve_counter,79,3078,9aef5008ee35e59b3119d9de5dbc403e211ada889804eeb9d0ebc2c43a30fec6,17.612794876098633,0.10394019903907638,0.000125,0.000125,0.06599551439285278,0.29695963859558105,0.29126811027526855,,,,,,
long_training_seed1302_ckpt3000_reset_mv_preserve_counter,long_training,1302,3000,reset_mv_preserve_counter,80,3079,d96e9627c414a8e5cb49748021894322f413f01feae76e546919408372989bb5,17.64186668395996,0.1041117634907599,0.000125,0.000125,0.06469937413930893,0.28911077976226807,0.2838820219039917,,,,,,
long_training_seed1302_ckpt3000_reset_mv_preserve_counter,long_training,1302,3000,reset_mv_preserve_counter,81,3080,25e56151fbce339ad9be475725f8fb79cb5be32ded2f5a79d067fd8da8802cb6,17.67022132873535,0.10427909567411689,0.000125,0.000125,0.06701598316431046,0.28412678837776184,0.2781240940093994,,,,,,
long_training_seed1302_ckpt3000_reset_mv_preserve_counter,long_training,1302,3000,reset_mv_preserve_counter,82,3081,a62f008e0de6ec25e0d37890cac194d68027371be7c16c417f0de0f62fb72939,17.69704246520996,0.10443737800711608,0.000125,0.000125,0.06546305865049362,0.2813462018966675,0.2763950824737549,,,,,,
long_training_seed1302_ckpt3000_reset_mv_preserve_counter,long_training,1302,3000,reset_mv_preserve_counter,83,3082,b1fb821b0a8a333950b759485fe232ca929a86444cfc6614491142c7c596dc61,17.72330665588379,0.10459237357854254,0.000125,0.000125,0.06395958364009857,0.28355127573013306,0.2787688672542572,,,,,,
long_training_seed1302_ckpt3000_reset_mv_preserve_counter,long_training,1302,3000,reset_mv_preserve_counter,84,3083,c10a350716b7f12d2193a4a91e988f183cae82b19038b89f89286f382d575724,17.749189376831055,0.10474511794341233,0.000125,0.000125,0.06611523777246475,0.29144904017448425,0.286506325006485,,,,,,
long_training_seed1302_ckpt3000_reset_mv_preserve_counter,long_training,1302,3000,reset_mv_preserve_counter,85,3084,702fef4e6ebe05cd33240842d10ac46d7911c0e6264f3cad842699f78cc60d09,17.774398803710938,0.10489388892870961,0.000125,0.000125,0.06458663940429688,0.27892908453941345,0.27538424730300903,,,,,,
long_training_seed1302_ckpt3000_reset_mv_preserve_counter,long_training,1302,3000,reset_mv_preserve_counter,86,3085,3ec4a2e9189b42e54f49f262220b58b961f64dca26a419edf5e00305e0837f34,17.797475814819336,0.10503007566935513,0.000125,0.000125,0.0670994445681572,0.29633772373199463,0.29283586144447327,,,,,,
long_training_seed1302_ckpt3000_reset_mv_preserve_counter,long_training,1302,3000,reset_mv_preserve_counter,87,3086,35ccaba0a597183f7c0d57ffc1efd180e267e875856c1886cda5ec0ff0bcf476,17.821090698242188,0.10516943661124555,0.000125,0.000125,0.06654170900583267,0.2920747697353363,0.28865575790405273,,,,,,
long_training_seed1302_ckpt3000_reset_mv_preserve_counter,long_training,1302,3000,reset_mv_preserve_counter,88,3087,82f16d5cc547e1c9e40ea058e6a4991f7575c1aa52ce0ac73ed8eb04ba80cbc1,17.84473419189453,0.10530896639362772,0.000125,0.000125,0.06708107888698578,0.28589871525764465,0.2832034230232239,,,,,,
long_training_seed1302_ckpt3000_reset_mv_preserve_counter,long_training,1302,3000,reset_mv_preserve_counter,89,3088,03b156f021250066ba7c266917c0638f5d18e67105162ab04d181624ab90ed1d,17.868724822998047,0.10545054477397645,0.000125,0.000125,0.06658655405044556,0.27776262164115906,0.2750072777271271,,,,,,
long_training_seed1302_ckpt3000_reset_mv_preserve_counter,long_training,1302,3000,reset_mv_preserve_counter,90,3089,b15365d09e0d120b4d1459d1c62e9c20b6bf4edde68664db91411775022de863,17.892414093017578,0.10559034470114541,0.000125,0.000125,0.06684356182813644,0.28026777505874634,0.27610069513320923,,,,,,
long_training_seed1302_ckpt3000_reset_mv_preserve_counter,long_training,1302,3000,reset_mv_preserve_counter,91,3090,eb02f86445eb5b910da09b9b26ae712bfc42e3902bb277739ded3ff67147bd64,17.915714263916016,0.10572784839762657,0.000125,0.000125,0.06646809726953506,0.27260464429855347,0.26809462904930115,,,,,,
long_training_seed1302_ckpt3000_reset_mv_preserve_counter,long_training,1302,3000,reset_mv_preserve_counter,92,3091,7957ef5179fdf20bac254c852e780470e62e272c8b268d6a47522ff41e192e2f,17.93842315673828,0.1058618627239449,0.000125,0.000125,0.06554574519395828,0.2760038673877716,0.27135589718818665,,,,,,
long_training_seed1302_ckpt3000_reset_mv_preserve_counter,long_training,1302,3000,reset_mv_preserve_counter,93,3092,ed64728a85bc27fd673e57c0f28f0e7f2dc28de764195b15a3d1c5a900bcd420,17.95863151550293,0.1059811203912843,0.000125,0.000125,0.06570819765329361,0.3179226219654083,0.3131771683692932,,,,,,
long_training_seed1302_ckpt3000_reset_mv_preserve_counter,long_training,1302,3000,reset_mv_preserve_counter,94,3093,3fbd8b57c035fe62c98b482bf01325eb87d9429db44517b18069bb547be8a574,17.980453491210938,0.10610990066235837,0.000125,0.000125,0.06658826023340225,0.3169596493244171,0.3109297454357147,,,,,,
long_training_seed1302_ckpt3000_reset_mv_preserve_counter,long_training,1302,3000,reset_mv_preserve_counter,95,3094,deb1bf319116cb7318c1bdaef48016c87c9eae2efdb7834f7cee3a8c13c2b4e1,18.00261116027832,0.10624066199520232,0.000125,0.000125,0.06586406379938126,0.3008415102958679,0.29474711418151855,,,,,,
long_training_seed1302_ckpt3000_reset_mv_preserve_counter,long_training,1302,3000,reset_mv_preserve_counter,96,3095,385152d1f7f8682159ada135d067848f9b03340232d868d79d43f93ce0b4a050,18.02488136291504,0.1063720874339805,0.000125,0.000125,0.0634719580411911,0.2841457724571228,0.27895882725715637,,,,,,
long_training_seed1302_ckpt3000_reset_mv_preserve_counter,long_training,1302,3000,reset_mv_preserve_counter,97,3096,702d79d28b2a378852b5c1f0b71976a6476657d51107ed1333d760add074f340,18.047040939331055,0.10650286002285722,0.000125,0.000125,0.0627988800406456,0.28247782588005066,0.27714797854423523,,,,,,
long_training_seed1302_ckpt3000_reset_mv_preserve_counter,long_training,1302,3000,reset_mv_preserve_counter,98,3097,aebaf7dd4b597c5e1582572029bd126dced355f60058eaa3abf714ef23a12102,18.069561004638672,0.10663576000193001,0.000125,0.000125,0.06282071769237518,0.27693307399749756,0.2723570466041565,,,,,,
long_training_seed1302_ckpt3000_reset_mv_preserve_counter,long_training,1302,3000,reset_mv_preserve_counter,99,3098,786ac53ee0499b7081e463cb6f8aab0026ec3650a18cf256a29513c0bc473a8a,18.09198760986328,0.10676810843539641,0.000125,0.000125,0.06317037343978882,0.2749467194080353,0.27114731073379517,,,,,,
long_training_seed1302_ckpt3000_reset_mv_preserve_counter,long_training,1302,3000,reset_mv_preserve_counter,100,3099,b02fb1a2e54068ee9a7fdb3eac28fbaf586c1c5d2a76fbc06e19449384d1de6b,18.115262985229492,0.1069054658034514,0.000125,0.000125,0.06482862681150436,0.27258479595184326,0.2688247859477997,,,,2.0313764810562134,2.265697797139486,0.23432131608327245
long_training_seed1303_ckpt750_reset_mv_preserve_counter,long_training,1303,750,reset_mv_preserve_counter,1,750,c597d80801a5b5f237b4f8784fa72840e3bf83a62f03339e3bf365bd83881d66,7.45968770980835,0.044091850601385776,0.001,0.001,0.20309345424175262,7.503170013427734,7.459688663482666,36.73032541248859,36.944420692453136,0.22700853645801544,2.8196826775868735,28.49576187133789,25.67607919375102
long_training_seed1303_ckpt750_reset_mv_preserve_counter,long_training,1303,750,reset_mv_preserve_counter,2,751,4346478095e61bfdf93b2432d20a3f2542eb21c54eef4c15919002f2ab5493f5,12.253602027893066,0.07242715928071734,0.001,0.001,0.20319601893424988,8.18692398071289,8.172123908996582,,,,,,
long_training_seed1303_ckpt750_reset_mv_preserve_counter,long_training,1303,750,reset_mv_preserve_counter,3,752,e9276846a2f9a07437a5fced49b5fec58b5d68248da058b663a3f67d69dd30d7,18.278249740600586,0.1080369431226612,0.001,0.001,0.20168434083461761,8.312031745910645,8.301193237304688,,,,,,
long_training_seed1303_ckpt750_reset_mv_preserve_counter,long_training,1303,750,reset_mv_preserve_counter,4,753,d07d7a0b6de808f970591dc92562ad97a96a457781ac53ac64050a6512aadfe2,24.010263442993164,0.1419170600448055,0.001,0.001,0.20919719338417053,8.220277786254883,8.2131986618042,,,,,,
long_training_seed1303_ckpt750_reset_mv_preserve_counter,long_training,1303,750,reset_mv_preserve_counter,5,754,40d18728961f39f99b93492a1444669852ec139ae518a793774cbaf5710a8450,29.40291976928711,0.173791343035357,0.001,0.001,0.1976199448108673,8.401968955993652,8.39780330657959,,,,,,
long_training_seed1303_ckpt750_reset_mv_preserve_counter,long_training,1303,750,reset_mv_preserve_counter,6,755,a447d264334873f9a51c643f6175a54bd0dc8657b513ae91ae722e5c08b1419e,34.498817443847656,0.20391157965749376,0.001,0.001,0.19252879917621613,8.222116470336914,8.219651222229004,,,,,,
long_training_seed1303_ckpt750_reset_mv_preserve_counter,long_training,1303,750,reset_mv_preserve_counter,7,756,57cf691884775fa94e1e4f411527f76cbc1d968cc44f0e47536e53bf149d18c7,39.39111328125,0.2328283903273157,0.001,0.001,0.18652716279029846,8.01817512512207,8.01622486114502,,,,,,
long_training_seed1303_ckpt750_reset_mv_preserve_counter,long_training,1303,750,reset_mv_preserve_counter,8,757,1a4a0b776eeab95be66b7a16aafe17d9274d4e51f28128c33bffacad09095f0d,44.1816291809082,0.26114361203204833,0.001,0.001,0.18957191705703735,7.529202938079834,7.528193950653076,,,,,,
long_training_seed1303_ckpt750_reset_mv_preserve_counter,long_training,1303,750,reset_mv_preserve_counter,9,758,79c65f7075f8a3d5af746dd7c01ec7a4e65a27f4b65f66ce73ee14693e424330,48.68257141113281,0.2877472555223239,0.001,0.001,0.18548043072223663,7.23901891708374,7.238308429718018,,,,,,
long_training_seed1303_ckpt750_reset_mv_preserve_counter,long_training,1303,750,reset_mv_preserve_counter,10,759,2e098d0395ed89a10c372b7babaa002e7d36da2e98f9588ecd1d1351c8307025,52.785003662109375,0.31199543278509734,0.001,0.001,0.1884838044643402,7.298601150512695,7.298027038574219,,,,,,
long_training_seed1303_ckpt750_reset_mv_preserve_counter,long_training,1303,750,reset_mv_preserve_counter,11,760,33df6172e3736caf9cf8c933392c0574435c91a28db7879f55f400870f27fcc2,56.58113098144531,0.3344331386434703,0.001,0.001,0.21771876513957977,7.121670246124268,7.121616363525391,,,,,,
long_training_seed1303_ckpt750_reset_mv_preserve_counter,long_training,1303,750,reset_mv_preserve_counter,12,761,ebd0455980932572489878aaafc7a16e8b8f23058a1837a541370b1251a10753,60.24941635131836,0.35611521124270606,0.001,0.001,0.26919880509376526,6.904033660888672,6.906163215637207,,,,,,
long_training_seed1303_ckpt750_reset_mv_preserve_counter,long_training,1303,750,reset_mv_preserve_counter,13,762,cc08056b48566667ed32ddab7873b88d5a8ac220de5e27d229046590a199d4d8,63.81949234008789,0.3772167993058966,0.001,0.001,0.25893595814704895,6.54568338394165,6.547572612762451,,,,,,
long_training_seed1303_ckpt750_reset_mv_preserve_counter,long_training,1303,750,reset_mv_preserve_counter,14,763,b728e0b94edb7951d03bf9d5aa6ee9b3f0a8c944c9af67926602aea91eaecbfc,67.2560806274414,0.3975293838588974,0.001,0.001,0.2526901066303253,6.305784225463867,6.3080596923828125,,,,,,
long_training_seed1303_ckpt750_reset_mv_preserve_counter,long_training,1303,750,reset_mv_preserve_counter,15,764,ef1738440ef5300274726f34193c77c2043bc1a59d364c69ea0873593ef6a002,70.5240707397461,0.41684543801610907,0.001,0.001,0.2554093301296234,6.111502647399902,6.113736152648926,,,,,,
long_training_seed1303_ckpt750_reset_mv_preserve_counter,long_training,1303,750,reset_mv_preserve_counter,16,765,74d7871bf71b1d1ffe66cc84377fcc226c777dbffaa678d06a0572f5fea82e22,73.71731567382812,0.4357196971063457,0.001,0.001,0.24467754364013672,5.596917629241943,5.59912109375,,,,,,
long_training_seed1303_ckpt750_reset_mv_preserve_counter,long_training,1303,750,reset_mv_preserve_counter,17,766,8edd869e6782f7e7430ec4b5ea849983129854fb551913c8a20f748e33c4537f,76.74174499511719,0.45359614059517833,0.001,0.001,0.23488764464855194,5.265146255493164,5.268069744110107,,,,,,
long_training_seed1303_ckpt750_reset_mv_preserve_counter,long_training,1303,750,reset_mv_preserve_counter,18,767,f7614a1b3a2c9ea70262ae16c862d8d3b9dc7bece869e5f420a08be7c777195b,79.59087371826172,0.47043643778883026,0.001,0.001,0.22447577118873596,4.968215465545654,4.9712982177734375,,,,,,
long_training_seed1303_ckpt750_reset_mv_preserve_counter,long_training,1303,750,reset_mv_preserve_counter,19,768,7e79ec9cc5ecef37aa8907155331c6657800b93d2f744bfa4b8846ec095a67fb,82.24691009521484,0.4861354273015524,0.001,0.001,0.21634095907211304,4.804002285003662,4.807040691375732,,,,,,
long_training_seed1303_ckpt750_reset_mv_preserve_counter,long_training,1303,750,reset_mv_preserve_counter,20,769,8e951cceab026d0c29a94b0d9ee465c290dc06fa5c9ae39a52c8695d5836e708,84.69088745117188,0.5005810031277816,0.001,0.001,0.21796582639217377,4.893651008605957,4.89666223526001,,,,2.7706379095713296,44.51848856608073,41.7478506565094
long_training_seed1303_ckpt750_reset_mv_preserve_counter,long_training,1303,750,reset_mv_preserve_counter,21,770,639f10b0e79d64f70f7d1e0cc6c6f3a61220b368561e24ff950126cfc6569791,86.959228515625,0.5139884484817407,0.001,0.001,0.20753276348114014,4.921246528625488,4.924531936645508,,,,,,
long_training_seed1303_ckpt750_reset_mv_preserve_counter,long_training,1303,750,reset_mv_preserve_counter,22,771,10f49cd5c274628b4194db02c28a11d7d854b7f7eb70db8ec81c44259c211988,89.07975769042969,0.5265222245871979,0.001,0.001,0.20479053258895874,5.090989112854004,5.094445705413818,,,,,,
long_training_seed1303_ckpt750_reset_mv_preserve_counter,long_training,1303,750,reset_mv_preserve_counter,23,772,599aca995e187d2db53bb07f67b7dbc51f3de35e54c561aa4db7703a7337fd76,91.12859344482422,0.5386322435992219,0.001,0.001,0.2019563466310501,5.004572868347168,5.00845193862915,,,,,,
long_training_seed1303_ckpt750_reset_mv_preserve_counter,long_training,1303,750,reset_mv_preserve_counter,24,773,af6cefc07243f692ecbbf264ce95c009a99e54352921f136b937c167a060b0dd,93.04530334472656,0.5499613085467494,0.001,0.001,0.20042894780635834,5.072910308837891,5.076451301574707,,,,,,
long_training_seed1303_ckpt750_reset_mv_preserve_counter,long_training,1303,750,reset_mv_preserve_counter,25,774,e7bfa92c671c8e1c4ef3d5692b883e683b4fabd7178bdfd7c53acfcff9e5bd40,94.88864135742188,0.5608566955153957,0.001,0.001,0.19409459829330444,4.999564170837402,5.002845287322998,,,,,,
long_training_seed1303_ckpt750_reset_mv_preserve_counter,long_training,1303,750,reset_mv_preserve_counter,26,775,6c0aebef2cd50bbc95e5de97027c01f8816812d29887a740909d70cad7b3d80c,96.66447448730469,0.5713530825092952,0.001,0.001,0.20152027904987335,4.802206039428711,4.8057050704956055,,,,,,
long_training_seed1303_ckpt750_reset_mv_preserve_counter,long_training,1303,750,reset_mv_preserve_counter,27,776,d67f71dcf88ab901a82d869bdd2c3d760902f06bb960564cc3f65ccf74a9d8f6,98.37504577636719,0.5814637274390012,0.001,0.001,0.19554194808006287,4.659409523010254,4.662840843200684,,,,,,
long_training_seed1303_ckpt750_reset_mv_preserve_counter,long_training,1303,750,reset_mv_preserve_counter,28,777,4281a0b956bb37bc6cf2e333fc4d9fd6729a08cb02d52ae0123dcbc22504801e,99.97817993164062,0.5909393455101646,0.001,0.001,0.26523929834365845,4.945018768310547,4.951564788818359,,,,,,
long_training_seed1303_ckpt750_reset_mv_preserve_counter,long_training,1303,750,reset_mv_preserve_counter,29,778,1a3f0eac08d0391ca42a585803f2f22c285b7744f74dec3a61f327e6d7ac4abd,101.53433227539062,0.6001372689786504,0.001,0.001,0.2738129496574402,4.802630424499512,4.8100738525390625,,,,,,
long_training_seed1303_ckpt750_reset_mv_preserve_counter,long_training,1303,750,reset_mv_preserve_counter,30,779,86666703327ebf5f4fc840283888150f9bc86ee8b4cef12833519c4e76ca768a,103.07546997070312,0.60924644561731,0.001,0.001,0.2659618556499481,4.513868808746338,4.521093845367432,,,,,,
long_training_seed1303_ckpt750_reset_mv_preserve_counter,long_training,1303,750,reset_mv_preserve_counter,31,780,fe8210e256e36d27cf3ef98f2efae96daf50fa2fdf007021871e13ab0d0881cf,104.51217651367188,0.6177383628013658,0.001,0.001,0.2469409853219986,4.918806552886963,4.924392223358154,,,,,,
long_training_seed1303_ckpt750_reset_mv_preserve_counter,long_training,1303,750,reset_mv_preserve_counter,32,781,19f8e881af95745b761deecb9c503a8cebd3d56ffa706359ce80ffa0da5b3364,105.9184341430664,0.6260503061044074,0.001,0.001,0.2908227741718292,4.958528995513916,4.966794967651367,,,,,,
long_training_seed1303_ckpt750_reset_mv_preserve_counter,long_training,1303,750,reset_mv_preserve_counter,33,782,f0ff6d7550fb8b1f051a14715551138e83973dc26b063cd6e32057c7068b3d64,107.31593322753906,0.6343104804233836,0.001,0.001,0.276488721370697,4.692294120788574,4.699982166290283,,,,,,
long_training_seed1303_ckpt750_reset_mv_preserve_counter,long_training,1303,750,reset_mv_preserve_counter,34,783,f772d6ea7649688215880aec0ad22e2c26ec584d3a465a5a10e6f586ec4b4fff,108.6949691772461,0.6424615250024314,0.001,0.001,0.2625878155231476,4.42318058013916,4.430540084838867,,,,,,
long_training_seed1303_ckpt750_reset_mv_preserve_counter,long_training,1303,750,reset_mv_preserve_counter,35,784,375ebd73c286da740512f207daee95636d1a897df1e8af98474ae1509f5324f6,110.03292846679688,0.6503697784576051,0.001,0.001,0.25496456027030945,4.340728282928467,4.347434997558594,,,,,,
long_training_seed1303_ckpt750_reset_mv_preserve_counter,long_training,1303,750,reset_mv_preserve_counter,36,785,ced9d4938ac7196c17cf222caf20e412e86fb6e18987c7e215aaf081b3137306,111.33944702148438,0.6580921956903635,0.001,0.001,0.23869405686855316,4.166860103607178,4.172849178314209,,,,,,
long_training_seed1303_ckpt750_reset_mv_preserve_counter,long_training,1303,750,reset_mv_preserve_counter,37,786,15118422540b271033288841c1f7e05849a78fb4533bf0187ab605df3ace6c47,112.59809112548828,0.6655316422131833,0.001,0.001,0.22978226840496063,3.9576611518859863,3.9633007049560547,,,,,,
long_training_seed1303_ckpt750_reset_mv_preserve_counter,long_training,1303,750,reset_mv_preserve_counter,38,787,baec7893d352b434d3f2e382c0224c0c978507f531503f45499cfc955e576d79,113.8174057006836,0.6727386243519818,0.001,0.001,0.23241643607616425,3.669705629348755,3.676103115081787,,,,,,
long_training_seed1303_ckpt750_reset_mv_preserve_counter,long_training,1303,750,reset_mv_preserve_counter,39,788,61c997d6e0bfcf395d8a65f31efae1ee5061b3c3767464031cf57047ed8b1277,114.98542022705078,0.679642388155541,0.001,0.001,0.2303568422794342,3.6074295043945312,3.614271402359009,,,,,,
long_training_seed1303_ckpt750_reset_mv_preserve_counter,long_training,1303,750,reset_mv_preserve_counter,40,789,c4631114ab9179567ab58480685dfe14750aa42b28f9fa1809dc7566aa3ad536,116.09332275390625,0.6861908489752587,0.001,0.001,0.21549543738365173,3.4246280193328857,3.430333137512207,,,,,,
long_training_seed1303_ckpt750_reset_mv_preserve_counter,long_training,1303,750,reset_mv_preserve_counter,41,790,98c9a8d92380fe229d34fe93ce6a533f3177af55d250c103396d881df7491af7,117.14976501464844,0.692435144466126,0.001,0.001,0.2156609743833542,3.281674385070801,3.2876594066619873,,,,,,
long_training_seed1303_ckpt750_reset_mv_preserve_counter,long_training,1303,750,reset_mv_preserve_counter,42,791,accf309b3030a6fecb57dc99d3e6e715bb3c7a0f27946aa687a1d79d6b02fe5f,118.14102935791016,0.6982941939370723,0.001,0.001,0.20576202869415283,3.2585501670837402,3.2645604610443115,,,,,,
long_training_seed1303_ckpt750_reset_mv_preserve_counter,long_training,1303,750,reset_mv_preserve_counter,43,792,79cfb4949d7e743f89fe023b7a433074907879546cd391c913a4923d4c75ed23,119.08203887939453,0.7038562030787172,0.001,0.001,0.20453299582004547,3.187629222869873,3.1935203075408936,,,,,,
long_training_seed1303_ckpt750_reset_mv_preserve_counter,long_training,1303,750,reset_mv_preserve_counter,44,793,c4ac60499247b97f94b95addf677cc2e7218c7ee1dbd1fe1f4f0c7714b3b7a46,119.98114776611328,0.7091705508436319,0.001,0.001,0.2115917056798935,3.0143022537231445,3.0215885639190674,,,,,,
long_training_seed1303_ckpt750_reset_mv_preserve_counter,long_training,1303,750,reset_mv_preserve_counter,45,794,f6e4e9264bd9f88ab2dd331cbf598458c0044fe76c4da34f2b555afd8012c69e,120.83203887939453,0.7141998986265845,0.001,0.001,0.20654353499412537,2.9588253498077393,2.9664502143859863,,,,,,
long_training_seed1303_ckpt750_reset_mv_preserve_counter,long_training,1303,750,reset_mv_preserve_counter,46,795,0084e592e391a23487b739aca9f8a26d7fe9ed96d0c25023eb21a585b7c1022b,121.635498046875,0.7189488912057621,0.001,0.001,0.20114170014858246,2.9997336864471436,3.0063271522521973,,,,,,
long_training_seed1303_ckpt750_reset_mv_preserve_counter,long_training,1303,750,reset_mv_preserve_counter,47,796,abd07b4de8a9b574f26986b3cd9f1941270b8e6535d057f523c6af3245509c1b,122.40443420410156,0.7234938292092471,0.001,0.001,0.19989193975925446,2.831770420074463,2.83831524848938,,,,,,
long_training_seed1303_ckpt750_reset_mv_preserve_counter,long_training,1303,750,reset_mv_preserve_counter,48,797,d0e8f50d34ea2a51197a2f1931032cfeb86aea3805592b9d4f3a75eab4cd7793,123.13992309570312,0.7278410710227128,0.001,0.001,0.19793476164340973,2.6322033405303955,2.639408588409424,,,,,,
long_training_seed1303_ckpt750_reset_mv_preserve_counter,long_training,1303,750,reset_mv_preserve_counter,49,798,089959550337affe1d0aa0261a18abfc432a45fe67546fc2852ee83556d052e5,123.83132934570312,0.7319277543083657,0.001,0.001,0.2749059796333313,2.6558806896209717,2.669894218444824,,,,,,
long_training_seed1303_ckpt750_reset_mv_preserve_counter,long_training,1303,750,reset_mv_preserve_counter,50,799,09935db1e94154debe53cdf9850ccdfff9916581379177e29d46bf8b3e8b5822,124.487548828125,0.7358064597590805,0.001,0.001,0.2678787410259247,2.5554964542388916,2.5688631534576416,,,,,,
long_training_seed1303_ckpt750_reset_mv_preserve_counter,long_training,1303,750,reset_mv_preserve_counter,51,800,543241f601e3576c2d2ce04aaf83c9ce2e0a49e7016d3e2d4e341b0e2b84506b,125.11080932617188,0.7394903550955428,0.001,0.001,0.27569472789764404,2.4463369846343994,2.4614038467407227,,,,,,
long_training_seed1303_ckpt750_reset_mv_preserve_counter,long_training,1303,750,reset_mv_preserve_counter,52,801,fd59c7e0015d324381caa4dd5e8835b6ff9ad1c9a59f3bc4eb4f5980a503850d,125.70197296142578,0.7429845360452781,0.001,0.001,0.2729610800743103,2.2538983821868896,2.2700791358947754,,,,,,
long_training_seed1303_ckpt750_reset_mv_preserve_counter,long_training,1303,750,reset_mv_preserve_counter,53,802,bb82ae313d6468a797d9b16a9c8b9c02b26dce7ae21ab1194be112be50062e74,126.25621795654297,0.7462605026100904,0.001,0.001,0.2629777193069458,2.0810654163360596,2.0975706577301025,,,,,,
long_training_seed1303_ckpt750_reset_mv_preserve_counter,long_training,1303,750,reset_mv_preserve_counter,54,803,5f43bc2a481ce22c9bc606a5e15880c52c1f99cdcd148140a69992dc936cc5d6,126.7719955444336,0.7493091005184069,0.001,0.001,0.23726700246334076,2.142498254776001,2.1555426120758057,,,,,,
long_training_seed1303_ckpt750_reset_mv_preserve_counter,long_training,1303,750,reset_mv_preserve_counter,55,804,f81da1e4f1706433f6e2a676c4db53c5f7bdec26b7d4b89f08f841b24765f24f,127.25792694091797,0.7521812870454837,0.001,0.001,0.23010461032390594,2.04682993888855,2.059690475463867,,,,,,
long_training_seed1303_ckpt750_reset_mv_preserve_counter,long_training,1303,750,reset_mv_preserve_counter,56,805,fa6a51a8fb99c520f0f6ec2fd6ffe49f2d50eba05e4718865ffb37de1178121f,127.71839904785156,0.7549029917782872,0.001,0.001,0.24356038868427277,2.2055163383483887,2.2182483673095703,,,,,,
long_training_seed1303_ckpt750_reset_mv_preserve_counter,long_training,1303,750,reset_mv_preserve_counter,57,806,dba5eb0fd6cf9f649f5f36bfde91ee73812f976fb7f0cd630a397d34d8ad1836,128.15757751464844,0.757498836550702,0.001,0.001,0.24091452360153198,2.133634567260742,2.14668869972229,,,,,,
long_training_seed1303_ckpt750_reset_mv_preserve_counter,long_training,1303,750,reset_mv_preserve_counter,58,807,d99338438c864505ff4d0608b61efb10b1a3c001a9019dd9bdccc6b6a357cc30,128.57676696777344,0.7599765325964175,0.001,0.001,0.2473069727420807,2.1651978492736816,2.178370237350464,,,,,,
long_training_seed1303_ckpt750_reset_mv_preserve_counter,long_training,1303,750,reset_mv_preserve_counter,59,808,59f48fd5c9ad08923ebd719f65c281655496bb4c0881ee0b0a566ca9956fe9fa,128.98045349121094,0.7623625957365401,0.001,0.001,0.24526728689670563,2.111629009246826,2.1245272159576416,,,,,,
long_training_seed1303_ckpt750_reset_mv_preserve_counter,long_training,1303,750,reset_mv_preserve_counter,60,809,70c153370e3a56fd133890145b7e38fdd2096df966656bd00b90484997339fc0,129.36688232421875,0.7646466541362832,0.001,0.001,0.24494479596614838,1.946400761604309,1.9604204893112183,,,,,,
long_training_seed1303_ckpt750_reset_mv_preserve_counter,long_training,1303,750,reset_mv_preserve_counter,61,810,be59c5e0478f2d6bb61eaeb508dec9a05015677b82868330136d4fb2a3d58919,129.73281860351562,0.7668095875436924,0.001,0.001,0.23836319148540497,1.9143468141555786,1.9278587102890015,,,,,,
long_training_seed1303_ckpt750_reset_mv_preserve_counter,long_training,1303,750,reset_mv_preserve_counter,62,811,273e026a594bbe2a837c2a79d1afd713a995006fa6b9abea7d907f7650efcf00,130.08177185058594,0.7688721396283411,0.001,0.001,0.23860444128513336,1.8322837352752686,1.846895456314087,,,,,,
long_training_seed1303_ckpt750_reset_mv_preserve_counter,long_training,1303,750,reset_mv_preserve_counter,63,812,dc547cbf11e18d38f3e75625c5b4fece3a5ee1f2c7a93e00772a97da992661c8,130.4116668701172,0.7708220445682205,0.001,0.001,0.23033450543880463,1.8326750993728638,1.8462769985198975,,,,,,
long_training_seed1303_ckpt750_reset_mv_preserve_counter,long_training,1303,750,reset_mv_preserve_counter,64,813,a7efac702052829f0d2cfc86ea97c382c37f75b8fa445367f9e4787282da912e,130.7307891845703,0.772708275461497,0.001,0.001,0.23374463617801666,2.142361640930176,2.1537811756134033,,,,,,
long_training_seed1303_ckpt750_reset_mv_preserve_counter,long_training,1303,750,reset_mv_preserve_counter,65,814,e489acc0fbdab92a4c10968697b0abbfa0e464cfed14d90faaf8fd04ff96fd7c,131.03762817382812,0.7745219035112674,0.001,0.001,0.23538248240947723,2.2781968116760254,2.288956880569458,,,,,,
long_training_seed1303_ckpt750_reset_mv_preserve_counter,long_training,1303,750,reset_mv_preserve_counter,66,815,135df7c14e5964b4e6cec96be7e3410a1b2646d05ea70e9f0d40bca7f41b081f,131.34326171875,0.7763284065614887,0.001,0.001,0.24010898172855377,2.3063225746154785,2.317202091217041,,,,,,
long_training_seed1303_ckpt750_reset_mv_preserve_counter,long_training,1303,750,reset_mv_preserve_counter,67,816,ee1626e383f5b879cfef5adcce691a9ead065e69209250ea8236fcac0ff82795,131.6479034423828,0.7781290472703088,0.001,0.001,0.23252294957637787,2.275808811187744,2.286911725997925,,,,,,
long_training_seed1303_ckpt750_reset_mv_preserve_counter,long_training,1303,750,reset_mv_preserve_counter,68,817,ab60945642bb383c60cb2674415460f3fb30a04d2eaae4216f13c6f0ed82f14e,131.94969177246094,0.7799128224738674,0.001,0.001,0.22735220193862915,2.133262872695923,2.1445295810699463,,,,,,
long_training_seed1303_ckpt750_reset_mv_preserve_counter,long_training,1303,750,reset_mv_preserve_counter,69,818,db77613c3504cc6a85482b0b677a5701f1f82cf36229797ada2d107abe07bfcd,132.2434844970703,0.7816493381867462,0.001,0.001,0.22570757567882538,2.0850048065185547,2.095952272415161,,,,,,
long_training_seed1303_ckpt750_reset_mv_preserve_counter,long_training,1303,750,reset_mv_preserve_counter,70,819,880c5c28ea769d792c0916cd5128a447f16fe68befc39af301d6b9c4da0a97b9,132.5266876220703,0.7833232621314346,0.001,0.001,0.2200886309146881,2.084425687789917,2.0953402519226074,,,,,,
long_training_seed1303_ckpt750_reset_mv_preserve_counter,long_training,1303,750,reset_mv_preserve_counter,71,820,8f7d9eca2edf322cc12decd0e1a5e258b7a31fd9c3a237df3b0a609ea4b72da5,132.804931640625,0.7849678743691173,0.001,0.001,0.21188905835151672,1.9845269918441772,1.9952819347381592,,,,,,
long_training_seed1303_ckpt750_reset_mv_preserve_counter,long_training,1303,750,reset_mv_preserve_counter,72,821,cc60b86c15352b624ffe3590723d3a2701675ac6392e73ccb9eeca150cf3e6f5,133.0771942138672,0.7865771321786579,0.001,0.001,0.20601791143417358,1.9592350721359253,1.9693489074707031,,,,,,
long_training_seed1303_ckpt750_reset_mv_preserve_counter,long_training,1303,750,reset_mv_preserve_counter,73,822,36be7b8e4b961a7f7156376203df3ca82530d99c1a3c9e797bba03f034409a94,133.34136962890625,0.7881385893583125,0.001,0.001,0.20337875187397003,1.826032280921936,1.8368582725524902,,,,,,
long_training_seed1303_ckpt750_reset_mv_preserve_counter,long_training,1303,750,reset_mv_preserve_counter,74,823,55e73096dde7035d2736686a731505e2aa14d718f324d72d273e0c8c83ef0734,133.59303283691406,0.7896260908464453,0.001,0.001,0.19986949861049652,1.754203200340271,1.7651102542877197,,,,,,
long_training_seed1303_ckpt750_reset_mv_preserve_counter,long_training,1303,750,reset_mv_preserve_counter,75,824,3f0604f1bbf4b441b6be6320668e3e06c37fc5c79e0fd399aca72ae159cfe6d0,133.83209228515625,0.7910390955038501,0.001,0.001,0.1986362189054489,1.670568823814392,1.6819465160369873,,,,,,
long_training_seed1303_ckpt750_reset_mv_preserve_counter,long_training,1303,750,reset_mv_preserve_counter,76,825,882ea9fff4b6892f1b4a8390bd87132da8f34a0710e095232c0c84d226952dc5,134.0630645751953,0.7924042995313688,0.001,0.001,0.20039577782154083,1.6017236709594727,1.6141375303268433,,,,,,
long_training_seed1303_ckpt750_reset_mv_preserve_counter,long_training,1303,750,reset_mv_preserve_counter,77,826,65476ff1facc9122f80c175c1a9e9920e335c53f6631fd1fc0254239b364ba76,134.28369140625,0.7937083548285805,0.001,0.001,0.20049941539764404,1.5565474033355713,1.5692394971847534,,,,,,
long_training_seed1303_ckpt750_reset_mv_preserve_counter,long_training,1303,750,reset_mv_preserve_counter,78,827,8f58da1c3ca4b95c78c06263c55794bb651fe0bc9083bce1c21f2ba5bec6374f,134.4949951171875,0.7949573041166217,0.001,0.001,0.19576670229434967,1.4635282754898071,1.4763747453689575,,,,,,
long_training_seed1303_ckpt750_reset_mv_preserve_counter,long_training,1303,750,reset_mv_preserve_counter,79,828,f18497ad1d305b02f08567cddaa95c8a5ebf5b6bee93c2012cc46ba3df1e12bc,134.69476318359375,0.7961380698646744,0.001,0.001,0.19091059267520905,1.3857829570770264,1.3985235691070557,,,,,,
long_training_seed1303_ckpt750_reset_mv_preserve_counter,long_training,1303,750,reset_mv_preserve_counter,80,829,dfea02f2346dee4ef90692880698bdb0ef2b458e5146d9717507366da08a2586,134.88314819335938,0.7972515539714159,0.001,0.001,0.1832677572965622,1.3652284145355225,1.3772317171096802,,,,,,
long_training_seed1303_ckpt750_reset_mv_preserve_counter,long_training,1303,750,reset_mv_preserve_counter,81,830,7adf2c2eebf567a5dbc058df57fa2811a43c819e91ee88bca1844bbc46e0895d,135.06289672851562,0.7983139906130339,0.001,0.001,0.1892700344324112,1.3201677799224854,1.3331657648086548,,,,,,
long_training_seed1303_ckpt750_reset_mv_preserve_counter,long_training,1303,750,reset_mv_preserve_counter,82,831,58001834a489595799af0e0cc3dfee4fe1a161a3e862d01f13195ca351a6541a,135.22991943359375,0.7993012089049821,0.001,0.001,0.1924378126859665,1.3498740196228027,1.3630093336105347,,,,,,
long_training_seed1303_ckpt750_reset_mv_preserve_counter,long_training,1303,750,reset_mv_preserve_counter,83,832,dcb14b9a6a0fac7c47dc61cb0337a983cfce5c3e0d8c86fa022ee182d8816a8b,135.3899688720703,0.800247210427387,0.001,0.001,0.19455277919769287,1.2675445079803467,1.2819710969924927,,,,,,
long_training_seed1303_ckpt750_reset_mv_preserve_counter,long_training,1303,750,reset_mv_preserve_counter,84,833,6e2e4eb1d72247b995c458ff69fb9a04fd5f4e5a143e62455631fc674582e4ce,135.54006958007812,0.8011344081560454,0.001,0.001,0.19786956906318665,1.226675033569336,1.2421870231628418,,,,,,
long_training_seed1303_ckpt750_reset_mv_preserve_counter,long_training,1303,750,reset_mv_preserve_counter,85,834,81d990664a2a9024847a96051a766f4eebb1d115440114f0adc4e1ffd3d53738,135.6854705810547,0.8019938274054492,0.001,0.001,0.19838029146194458,1.2676652669906616,1.2830544710159302,,,,,,
long_training_seed1303_ckpt750_reset_mv_preserve_counter,long_training,1303,750,reset_mv_preserve_counter,86,835,9492915a390dffc538c5758f98193ae0788791d7f1781c5143df1a56d6cb1e56,135.82449340820312,0.8028155472901505,0.001,0.001,0.19576887786388397,1.3159931898117065,1.3300387859344482,,,,,,
long_training_seed1303_ckpt750_reset_mv_preserve_counter,long_training,1303,750,reset_mv_preserve_counter,87,836,328f1b75db84292e5a042569adb4880da576da9ffb81dfc5a18ecd7a1653edda,135.9582977294922,0.8036064222400952,0.001,0.001,0.18847179412841797,1.3307511806488037,1.3435932397842407,,,,,,
long_training_seed1303_ckpt750_reset_mv_preserve_counter,long_training,1303,750,reset_mv_preserve_counter,88,837,51c854db91e053de6dc773ddcdcf7ef7cc1013aa85043d91c248af236be3e3d6,136.08848571777344,0.8043759221913926,0.001,0.001,0.18656642735004425,1.3474438190460205,1.3595744371414185,,,,,,
long_training_seed1303_ckpt750_reset_mv_preserve_counter,long_training,1303,750,reset_mv_preserve_counter,89,838,aa520946820eb4a3ae398b658729558868fb4911aa45c12edb772ae660d3a72a,136.21568298339844,0.805127744928619,0.001,0.001,0.1888975203037262,1.3987622261047363,1.4112502336502075,,,,,,
long_training_seed1303_ckpt750_reset_mv_preserve_counter,long_training,1303,750,reset_mv_preserve_counter,90,839,51591f51a66d353c2dc7f872d9b656438c2e2c1a3912dc3646403c9a9d7b1b76,136.33944702148438,0.8058592749456108,0.001,0.001,0.1889456808567047,1.3701114654541016,1.3832342624664307,,,,,,
long_training_seed1303_ckpt750_reset_mv_preserve_counter,long_training,1303,750,reset_mv_preserve_counter,91,840,03d6d1e2c30d9c7901feaddb2a400e7a8512c51919a2ffac22668f914059477c,136.4571075439453,0.8065547290155187,0.001,0.001,0.18266117572784424,1.3455324172973633,1.3581687211990356,,,,,,
long_training_seed1303_ckpt750_reset_mv_preserve_counter,long_training,1303,750,reset_mv_preserve_counter,92,841,6ff327ba235ac05b9cbcd89cb63df3b8992447a4345a249425836fe272bc6490,136.57192993164062,0.8072334077700327,0.001,0.001,0.188960462808609,1.255629301071167,1.2700295448303223,,,,,,
long_training_seed1303_ckpt750_reset_mv_preserve_counter,long_training,1303,750,reset_mv_preserve_counter,93,842,c5fedd22cf2417acd1f6d782cd9a87d856b6e8d37f5db571428ae8cb2b07fdb3,136.67955017089844,0.8078695169069878,0.001,0.001,0.19935016334056854,1.2842841148376465,1.299346685409546,,,,,,
long_training_seed1303_ckpt750_reset_mv_preserve_counter,long_training,1303,750,reset_mv_preserve_counter,94,843,2805b7e498fd15ec08cb0853556276c419173b13c19ed2c1ef4637b20a64fffb,136.78469848632812,0.808491015285374,0.001,0.001,0.19988377392292023,1.2577402591705322,1.2726352214813232,,,,,,
long_training_seed1303_ckpt750_reset_mv_preserve_counter,long_training,1303,750,reset_mv_preserve_counter,95,844,8a901683dcfb6355a29bb3e1723398886dfd65658ae25da517d30923d8d6e3fc,136.8856964111328,0.8090879820197432,0.001,0.001,0.2076222002506256,1.2106361389160156,1.2273714542388916,,,,,,
long_training_seed1303_ckpt750_reset_mv_preserve_counter,long_training,1303,750,reset_mv_preserve_counter,96,845,438e9e247ce8da98f83073d111a7ee44856800043af8d1d89c9ba4d2fca9f86f,136.98397827148438,0.8096688949576601,0.001,0.001,0.19811326265335083,1.2007300853729248,1.2162187099456787,,,,,,
long_training_seed1303_ckpt750_reset_mv_preserve_counter,long_training,1303,750,reset_mv_preserve_counter,97,846,958756ffe3b6c3c4fa5e1f4e02fe1c4401a7762725f22b30b04776eecb3bda33,137.07681274414062,0.8102176101128047,0.001,0.001,0.18665173649787903,1.1419603824615479,1.1563163995742798,,,,,,
long_training_seed1303_ckpt750_reset_mv_preserve_counter,long_training,1303,750,reset_mv_preserve_counter,98,847,f96a7c0c12baa067a4057c60058d1adfbdc6411b1f42884821fd5f1d74e7c9b5,137.1668701171875,0.8107499107120262,0.001,0.001,0.18435397744178772,1.0803782939910889,1.0955429077148438,,,,,,
long_training_seed1303_ckpt750_reset_mv_preserve_counter,long_training,1303,750,reset_mv_preserve_counter,99,848,e8ba60af4ae9cf88d02b1f0f4650e883f9a4c673f59e02de1d8df5615f610eaa,137.2512969970703,0.8112489312500629,0.001,0.001,0.19016553461551666,1.051694393157959,1.0685782432556152,,,,,,
long_training_seed1303_ckpt750_reset_mv_preserve_counter,long_training,1303,750,reset_mv_preserve_counter,100,849,7ca74159f81ae1773745112be3a209196dab1d71939024cd3487eb03855dad71,137.33245849609375,0.8117286511564097,0.001,0.001,0.1889258623123169,1.0192134380340576,1.036452054977417,,,,2.8046910762786865,16.380927085876465,13.576236009597778
long_training_seed1303_ckpt1500_reset_mv_preserve_counter,long_training,1303,1500,reset_mv_preserve_counter,1,1500,212533ff3d6f194ef311c99bfc7a573292765d2f502b9bc098bcb9f10aed22e1,4.494167327880859,0.02661628578647728,0.0005,0.0005,0.15412886440753937,4.525627613067627,4.494167804718018,29.15850851145973,29.36262218264218,0.22043456137180328,2.4574028650919595,5.047356923421224,2.589954058329264
long_training_seed1303_ckpt1500_reset_mv_preserve_counter,long_training,1303,1500,reset_mv_preserve_counter,2,1501,9dab4add29c91e9a151f561501e0c4e3327fe7b145c1792474a93e74c4bd4b82,7.677605628967285,0.045469901467335226,0.0005,0.0005,0.16492564976215363,4.986392498016357,4.971073150634766,,,,,,
long_training_seed1303_ckpt1500_reset_mv_preserve_counter,long_training,1303,1500,reset_mv_preserve_counter,3,1502,91bf281ad6112ed65c5ab717067304538b7a3b7ab4452e8ba23599d8bfdef9fc,11.12883472442627,0.06590948308893367,0.0005,0.0005,0.17192833125591278,5.1163787841796875,5.104851722717285,,,,,,
long_training_seed1303_ckpt1500_reset_mv_preserve_counter,long_training,1303,1500,reset_mv_preserve_counter,4,1503,f6e2a4999b90dba1108ca9579ac30dba97279d509f526b5e2829c2f8c45dbe6b,14.553581237792969,0.08619222409426061,0.0005,0.0005,0.17145822942256927,4.949417591094971,4.940474987030029,,,,,,
long_training_seed1303_ckpt1500_reset_mv_preserve_counter,long_training,1303,1500,reset_mv_preserve_counter,5,1504,aac16fbaf4114235093d022229dd5be3655fc805fb8aa8cbd626642f10480909,17.67898941040039,0.10470216176512522,0.0005,0.0005,0.1677497774362564,4.833488941192627,4.828864097595215,,,,,,
long_training_seed1303_ckpt1500_reset_mv_preserve_counter,long_training,1303,1500,reset_mv_preserve_counter,6,1505,c2f3936a0b766cc348b250da4a22af159252f5ed2968757755ac82c7dfb7db07,20.579050064086914,0.12187749982558758,0.0005,0.0005,0.16657745838165283,4.8172607421875,4.815063953399658,,,,,,
long_training_seed1303_ckpt1500_reset_mv_preserve_counter,long_training,1303,1500,reset_mv_preserve_counter,7,1506,6b9c6ca42a28ab57ca37340fc5beedea7a7e5a94484fa1792030ecffbe6d1d90,23.392274856567383,0.13853856061736958,0.0005,0.0005,0.1604829728603363,4.868838787078857,4.867275714874268,,,,,,
long_training_seed1303_ckpt1500_reset_mv_preserve_counter,long_training,1303,1500,reset_mv_preserve_counter,8,1507,e81283b4c38411c3e64921a8f98cd59f20d15e42051f3e9b0a0622305d2a161b,25.832351684570312,0.15298968747955316,0.0005,0.0005,0.15773603320121765,5.065968036651611,5.064931392669678,,,,,,
long_training_seed1303_ckpt1500_reset_mv_preserve_counter,long_training,1303,1500,reset_mv_preserve_counter,9,1508,74e7448779cd3d01a1e9fcc715820f960dccd84dd9b43e88b959b36f5330766d,28.358423233032227,0.16795011003299085,0.0005,0.0005,0.15811586380004883,4.8569817543029785,4.8560686111450195,,,,,,
long_training_seed1303_ckpt1500_reset_mv_preserve_counter,long_training,1303,1500,reset_mv_preserve_counter,10,1509,2d433c0ac6ca2cce1a3aa3f45c3d4ff4007359f970aa63132a7fa3cd9908692d,30.792728424072266,0.18236705491492036,0.0005,0.0005,0.16169555485248566,4.679818630218506,4.679844379425049,,,,,,
long_training_seed1303_ckpt1500_reset_mv_preserve_counter,long_training,1303,1500,reset_mv_preserve_counter,11,1510,1840f743f29a72272e910723cc59275285f41e7d7c18211225f810ce51f7003f,33.24375534057617,0.1968830326523976,0.0005,0.0005,0.16838350892066956,4.346621513366699,4.347220420837402,,,,,,
long_training_seed1303_ckpt1500_reset_mv_preserve_counter,long_training,1303,1500,reset_mv_preserve_counter,12,1511,4e773eaac4df090acdd3ab77b1c20810a597f22596b4cf52c13b58f00dd39e99,35.619407653808594,0.21095261134966328,0.0005,0.0005,0.16691479086875916,4.13969087600708,4.141047954559326,,,,,,
long_training_seed1303_ckpt1500_reset_mv_preserve_counter,long_training,1303,1500,reset_mv_preserve_counter,13,1512,80dab3724f45c246e236d4c18245faa58ac92d00e87764b12455a2746b159163,37.91923522949219,0.2245731251285482,0.0005,0.0005,0.16298024356365204,3.921984910964966,3.9242138862609863,,,,,,
long_training_seed1303_ckpt1500_reset_mv_preserve_counter,long_training,1303,1500,reset_mv_preserve_counter,14,1513,20b686f4a32d13646c38d0e616e7bc114dfe69f6f5665805f0d312dcc41e59f4,40.124107360839844,0.23763127416686197,0.0005,0.0005,0.16660679876804352,3.66662859916687,3.669440269470215,,,,,,
long_training_seed1303_ckpt1500_reset_mv_preserve_counter,long_training,1303,1500,reset_mv_preserve_counter,15,1514,3d03df49a110f6f56e0fb415aed2ac921c6b99084fb7a717a98e006386e4dc3c,42.22718048095703,0.2500865280795577,0.0005,0.0005,0.17019741237163544,3.3907480239868164,3.393979072570801,,,,,,
long_training_seed1303_ckpt1500_reset_mv_preserve_counter,long_training,1303,1500,reset_mv_preserve_counter,16,1515,35183a417253e16f254ae277f8999e5ed0af57eed0f1ad6f351042d67a282eaf,44.18745040893555,0.26169604343917285,0.0005,0.0005,0.16465497016906738,3.2403926849365234,3.243393659591675,,,,,,
long_training_seed1303_ckpt1500_reset_mv_preserve_counter,long_training,1303,1500,reset_mv_preserve_counter,17,1516,b06387f0c71403dc4da7eb484a5355d78f0ae493f9f4a12e44697a0101ae804d,46.01304244995117,0.27250794160588004,0.0005,0.0005,0.2012803554534912,3.1155991554260254,3.1216015815734863,,,,,,
long_training_seed1303_ckpt1500_reset_mv_preserve_counter,long_training,1303,1500,reset_mv_preserve_counter,18,1517,e3187e37e7e1e45feef18f61544513f32aa35d4e2afccba00765b5d74be45f7a,47.7253303527832,0.2826488066083398,0.0005,0.0005,0.1882849931716919,2.9731366634368896,2.978990316390991,,,,,,
long_training_seed1303_ckpt1500_reset_mv_preserve_counter,long_training,1303,1500,reset_mv_preserve_counter,19,1518,e0d6571a1f35f87d83f8ce89c0892fc0f1fb07a809e8e45ee475f67df4d1624c,49.336063385009766,0.2921882223852056,0.0005,0.0005,0.17453467845916748,2.804267644882202,2.8097918033599854,,,,,,
long_training_seed1303_ckpt1500_reset_mv_preserve_counter,long_training,1303,1500,reset_mv_preserve_counter,20,1519,71fc8770ca83fa663c985496fce736c4cada97adfdbd8f90b14961fdf2882411,50.79143524169922,0.30080752612650796,0.0005,0.0005,0.17271892726421356,2.9900519847869873,2.994645357131958,,,,2.3982115586598716,13.585315068562826,11.187103509902954
long_training_seed1303_ckpt1500_reset_mv_preserve_counter,long_training,1303,1500,reset_mv_preserve_counter,21,1520,4678c26a27cae5e719601b359d32b42f99e86743aefe85f6cc68663e59f53254,52.163307189941406,0.3089323094674262,0.0005,0.0005,0.17425666749477386,2.867649555206299,2.872534990310669,,,,,,
long_training_seed1303_ckpt1500_reset_mv_preserve_counter,long_training,1303,1500,reset_mv_preserve_counter,22,1521,27dc25e594d0fcc6b5b75a53f8b23c7ebc8c1e6d68c7b51e44ad294dbf0c5833,53.462039947509766,0.3166239327902273,0.0005,0.0005,0.16747722029685974,2.857830762863159,2.8618850708007812,,,,,,
long_training_seed1303_ckpt1500_reset_mv_preserve_counter,long_training,1303,1500,reset_mv_preserve_counter,23,1522,3310a76ffeec8fbd30d3bb9d1ca7183c478a58dfa54db908cc3898cff4d8513b,54.70113754272461,0.32396237243998693,0.0005,0.0005,0.16948500275611877,2.7221486568450928,2.726437568664551,,,,,,
long_training_seed1303_ckpt1500_reset_mv_preserve_counter,long_training,1303,1500,reset_mv_preserve_counter,24,1523,a80f70831cadff2ef00f04e0b7f7d167bfd2e73aa6640324d306abc28f4b6973,55.87089157104492,0.3308901312985645,0.0005,0.0005,0.16275641322135925,2.6272025108337402,2.631577730178833,,,,,,
long_training_seed1303_ckpt1500_reset_mv_preserve_counter,long_training,1303,1500,reset_mv_preserve_counter,25,1524,716cf22036b5d33d33f5b641e4016873e3381c10b0e041c0d4a6140c7ed6580b,56.98035430908203,0.3374608206277861,0.0005,0.0005,0.17310622334480286,2.545975685119629,2.5511510372161865,,,,,,
long_training_seed1303_ckpt1500_reset_mv_preserve_counter,long_training,1303,1500,reset_mv_preserve_counter,26,1525,ab299c45353e72f875160862b681e77476376110e7c56e0be5caf5363cc9e3ad,58.03441619873047,0.3437034036125069,0.0005,0.0005,0.16925273835659027,2.481041431427002,2.4863879680633545,,,,,,
long_training_seed1303_ckpt1500_reset_mv_preserve_counter,long_training,1303,1500,reset_mv_preserve_counter,27,1526,5088c5f38eaf3e8d05f87274a8d2a6718b5f5312f770f634d8bc0b5958b51e46,59.02753829956055,0.34958507639593306,0.0005,0.0005,0.17213502526283264,2.4212002754211426,2.4269325733184814,,,,,,
long_training_seed1303_ckpt1500_reset_mv_preserve_counter,long_training,1303,1500,reset_mv_preserve_counter,28,1527,487f7fc04e1437a86aee5b5adb749b0d7d77a0df16dfab77a1954827fa14e077,59.96643829345703,0.35514562382091164,0.0005,0.0005,0.17141108214855194,2.4202044010162354,2.4257867336273193,,,,,,
long_training_seed1303_ckpt1500_reset_mv_preserve_counter,long_training,1303,1500,reset_mv_preserve_counter,29,1528,64e1e2fc0f52abc68c2be8ea8577ec111495d1a2168fe2dc2c9f5179cd33fd65,60.834144592285156,0.360284533243589,0.0005,0.0005,0.1668280065059662,2.460599660873413,2.4656922817230225,,,,,,
long_training_seed1303_ckpt1500_reset_mv_preserve_counter,long_training,1303,1500,reset_mv_preserve_counter,30,1529,3dbcf8bd32fe698f0b0b5400b08b4452db7d2be942c2ba16b6f2c95be0f355b8,61.66967010498047,0.3652328549693574,0.0005,0.0005,0.16630107164382935,2.47866153717041,2.4838061332702637,,,,,,
long_training_seed1303_ckpt1500_reset_mv_preserve_counter,long_training,1303,1500,reset_mv_preserve_counter,31,1530,f87aa913a2ec87ab04254202066b2858d5d162781396a566894ece9369046782,62.475914001464844,0.3700077590610014,0.0005,0.0005,0.1621490865945816,2.533967971801758,2.538468360900879,,,,,,
long_training_seed1303_ckpt1500_reset_mv_preserve_counter,long_training,1303,1500,reset_mv_preserve_counter,32,1531,fb49de40856a5e0866e260b4a6e88be8fa760433de8a28de6f4f520c44e51af2,63.245758056640625,0.3745670884959473,0.0005,0.0005,0.15713126957416534,2.542178153991699,2.5466439723968506,,,,,,
long_training_seed1303_ckpt1500_reset_mv_preserve_counter,long_training,1303,1500,reset_mv_preserve_counter,33,1532,d99ce0e21f48dabc0ba3d81131529d06c371d6a052c9f970891e0409fd7ff25d,63.992897033691406,0.3789919492286643,0.0005,0.0005,0.1565803587436676,2.3274998664855957,2.3321096897125244,,,,,,
long_training_seed1303_ckpt1500_reset_mv_preserve_counter,long_training,1303,1500,reset_mv_preserve_counter,34,1533,cd97b88bad4766142ab85135a6034b7087b9e511941e0867931e04b0cf28a851,64.70636749267578,0.38321741131120135,0.0005,0.0005,0.15679550170898438,2.4775471687316895,2.4818758964538574,,,,,,
long_training_seed1303_ckpt1500_reset_mv_preserve_counter,long_training,1303,1500,reset_mv_preserve_counter,35,1534,ceda0c068a63b3ffbf32228c66bf42b56dd17ed68da91589f00c0c85457e3fd7,65.40404510498047,0.38734934173593805,0.0005,0.0005,0.16235630214214325,2.285749912261963,2.290795087814331,,,,,,
long_training_seed1303_ckpt1500_reset_mv_preserve_counter,long_training,1303,1500,reset_mv_preserve_counter,36,1535,83db82e9c4f9ebf68bfb29f64211235a6c879a9c8ec5fe624ee5d38d8a5663fb,66.08468627929688,0.3913803754496274,0.0005,0.0005,0.16227060556411743,2.0999886989593506,2.10520339012146,,,,,,
long_training_seed1303_ckpt1500_reset_mv_preserve_counter,long_training,1303,1500,reset_mv_preserve_counter,37,1536,082e6536198c63ccd01736f4b82a3218b2f7e341cf770f74b9fe8ed137101a29,66.72708892822266,0.39518494507206314,0.0005,0.0005,0.15984997153282166,2.018735647201538,2.0239481925964355,,,,,,
long_training_seed1303_ckpt1500_reset_mv_preserve_counter,long_training,1303,1500,reset_mv_preserve_counter,38,1537,8eae5e515f649d46af97679d0e9c2c9fd03b21d9fd9b760b127ebcff312225df,67.34426879882812,0.3988401351482729,0.0005,0.0005,0.16486722230911255,1.8722939491271973,1.878038763999939,,,,,,
long_training_seed1303_ckpt1500_reset_mv_preserve_counter,long_training,1303,1500,reset_mv_preserve_counter,39,1538,cb044ddf78841be464f73dcca02da2bcfcf323f501911c5f4349a10abdb24d65,67.9284896850586,0.40230012872124726,0.0005,0.0005,0.1625915914773941,1.8018144369125366,1.8077534437179565,,,,,,
long_training_seed1303_ckpt1500_reset_mv_preserve_counter,long_training,1303,1500,reset_mv_preserve_counter,40,1539,bad4d4f78b427b1fda5a7792e6a853e45ef0b0beeba13bf2c202b80385cd9902,68.48548126220703,0.4055988592571737,0.0005,0.0005,0.1618044227361679,1.6897387504577637,1.6959335803985596,,,,,,
long_training_seed1303_ckpt1500_reset_mv_preserve_counter,long_training,1303,1500,reset_mv_preserve_counter,41,1540,a7594a469bc33d349b721c35ea0b9ac59b1aec1531dafcb0ca84865d60e3e7f8,69.011474609375,0.4087140056744322,0.0005,0.0005,0.15585047006607056,1.5943492650985718,1.600694179534912,,,,,,
long_training_seed1303_ckpt1500_reset_mv_preserve_counter,long_training,1303,1500,reset_mv_preserve_counter,42,1541,37d72537000c957e91c8f5a7338db4371cbfbce2d81328be7978a7fc9ffd2489,69.50968170166016,0.41166459059521315,0.0005,0.0005,0.1549515426158905,1.524082899093628,1.5309747457504272,,,,,,
long_training_seed1303_ckpt1500_reset_mv_preserve_counter,long_training,1303,1500,reset_mv_preserve_counter,43,1542,b8c239fc35de865c2460bbc20052ca074e8d5ac9b88b2d2bcff09c610341dddc,69.9803695678711,0.4144521954726677,0.0005,0.0005,0.15205608308315277,1.4649324417114258,1.472012996673584,,,,,,
long_training_seed1303_ckpt1500_reset_mv_preserve_counter,long_training,1303,1500,reset_mv_preserve_counter,44,1543,dc78157c1af3099374ebbe38a4fd98c88e2faac4e473267d389ef2a1b03546ef,70.42524719238281,0.4170869416069636,0.0005,0.0005,0.14476412534713745,1.4531469345092773,1.4596905708312988,,,,,,
long_training_seed1303_ckpt1500_reset_mv_preserve_counter,long_training,1303,1500,reset_mv_preserve_counter,45,1544,7d085c72e485d8d8072573ead032c953eea574b0041b734dad942ca970d0c650,70.84587860107422,0.4195780917951294,0.0005,0.0005,0.1440931260585785,1.5176029205322266,1.5237722396850586,,,,,,
long_training_seed1303_ckpt1500_reset_mv_preserve_counter,long_training,1303,1500,reset_mv_preserve_counter,46,1545,d02eeab2a193c09eede42d1de9588e21b3b4c4b7e39e875595a8f933b3c79040,71.23970794677734,0.4219105092712892,0.0005,0.0005,0.14951933920383453,1.5489294528961182,1.555722713470459,,,,,,
long_training_seed1303_ckpt1500_reset_mv_preserve_counter,long_training,1303,1500,reset_mv_preserve_counter,47,1546,259dcc2ea6edac343fb853c92844906e57352cecfa267a8588e8d4ae35d3f053,71.61038970947266,0.42410583735142676,0.0005,0.0005,0.1541326642036438,1.49885094165802,1.5065929889678955,,,,,,
long_training_seed1303_ckpt1500_reset_mv_preserve_counter,long_training,1303,1500,reset_mv_preserve_counter,48,1547,0ad49e4510b1a3a0f8d617d3ba575996c7d225c137d7b60c4215c26186024bfe,71.962646484375,0.4261920451641306,0.0005,0.0005,0.16180408000946045,1.7950739860534668,1.8023741245269775,,,,,,
long_training_seed1303_ckpt1500_reset_mv_preserve_counter,long_training,1303,1500,reset_mv_preserve_counter,49,1548,4d39b10df18c0476652765cf7b5182175e66afc40a3a43ec88a35d939ff4b8d9,72.30425262451172,0.42821517558828903,0.0005,0.0005,0.16150692105293274,1.7019391059875488,1.7094700336456299,,,,,,
long_training_seed1303_ckpt1500_reset_mv_preserve_counter,long_training,1303,1500,reset_mv_preserve_counter,50,1549,f9c630f4e4f77f4daab8e6f73c43668adb08ad1e85294896a199286c6d92f86f,72.63858795166016,0.43019524530235864,0.0005,0.0005,0.1594112664461136,1.647451400756836,1.6548407077789307,,,,,,
long_training_seed1303_ckpt1500_reset_mv_preserve_counter,long_training,1303,1500,reset_mv_preserve_counter,51,1550,71607f388ff8c7ea738ae452b928f29d583bcbbfb00dcbfec5db26f4db00fba3,72.95934295654297,0.4320948868275952,0.0005,0.0005,0.15329891443252563,1.543212890625,1.5502867698669434,,,,,,
long_training_seed1303_ckpt1500_reset_mv_preserve_counter,long_training,1303,1500,reset_mv_preserve_counter,52,1551,1d97f123e1521e8d96c62cbcb8dcfd01508c7232d16cb377be181208a76cd7bc,73.2657241821289,0.4339094009889208,0.0005,0.0005,0.16126100718975067,1.4854787588119507,1.493485927581787,,,,,,
long_training_seed1303_ckpt1500_reset_mv_preserve_counter,long_training,1303,1500,reset_mv_preserve_counter,53,1552,52b6b33d073a01b9e57bd3154720b2f5e82201fee7f8fba64a4ef28e82817307,73.56077575683594,0.43565681635225917,0.0005,0.0005,0.162857785820961,1.4115415811538696,1.4201714992523193,,,,,,
long_training_seed1303_ckpt1500_reset_mv_preserve_counter,long_training,1303,1500,reset_mv_preserve_counter,54,1553,c12d754bc1ff94fb99a35976821d1bf02c1a09483e2eed587bb14a649ac5f087,73.84471130371094,0.43733839808013136,0.0005,0.0005,0.16597524285316467,1.3313852548599243,1.3409934043884277,,,,,,
long_training_seed1303_ckpt1500_reset_mv_preserve_counter,long_training,1303,1500,reset_mv_preserve_counter,55,1554,3925db82f1567c6eea4891767b830986d247f6d85e5571a8521ee313f72eaa27,74.11799621582031,0.43895690241945806,0.0005,0.0005,0.16127505898475647,1.3006863594055176,1.310278296470642,,,,,,
long_training_seed1303_ckpt1500_reset_mv_preserve_counter,long_training,1303,1500,reset_mv_preserve_counter,56,1555,9aa4a25587811bb430b96c0d9d126266b9be1d786b0b1f89f25cc73c2bbc3242,74.3814697265625,0.44051729965157166,0.0005,0.0005,0.15939366817474365,1.2065436840057373,1.2165578603744507,,,,,,
long_training_seed1303_ckpt1500_reset_mv_preserve_counter,long_training,1303,1500,reset_mv_preserve_counter,57,1556,513a952005aa21e96dd9e774212f271e253a69787d53c6a6f0efa19d9bb41a85,74.63128662109375,0.44199681685109465,0.0005,0.0005,0.15528060495853424,1.1231716871261597,1.133549451828003,,,,,,
long_training_seed1303_ckpt1500_reset_mv_preserve_counter,long_training,1303,1500,reset_mv_preserve_counter,58,1557,7bb99136489107396ccad58c1dd69188734e0416268b91bfb06bc0e00cb9e67d,74.86869049072266,0.4434028190712741,0.0005,0.0005,0.15905624628067017,1.041382908821106,1.0532933473587036,,,,,,
long_training_seed1303_ckpt1500_reset_mv_preserve_counter,long_training,1303,1500,reset_mv_preserve_counter,59,1558,a3abdaa9ec8eca2f5a60e4dfa57c4555f94d32151cd24cb54a0959a844073cab,75.088623046875,0.4447053490709885,0.0005,0.0005,0.15806663036346436,1.0151196718215942,1.0271798372268677,,,,,,
long_training_seed1303_ckpt1500_reset_mv_preserve_counter,long_training,1303,1500,reset_mv_preserve_counter,60,1559,5d6e8b0b47e6b5d8a1f1bac441d4c07a1d95dce555649483288ff08f6e280a95,75.28919219970703,0.4458932011250522,0.0005,0.0005,0.16323323547840118,1.1203038692474365,1.131704568862915,,,,,,
long_training_seed1303_ckpt1500_reset_mv_preserve_counter,long_training,1303,1500,reset_mv_preserve_counter,61,1560,3acf300223d5ac1048a530699bfc5cf3977af0d9a1154998ecd1568e494c0553,75.48011016845703,0.4470238949437934,0.0005,0.0005,0.1600714772939682,1.1383743286132812,1.1493611335754395,,,,,,
long_training_seed1303_ckpt1500_reset_mv_preserve_counter,long_training,1303,1500,reset_mv_preserve_counter,62,1561,813bb2b70102a8c91e28d2e45d43ad0346d47ea495a15a0f8b0bc9ad841bb9ea,75.66441345214844,0.44811541390876036,0.0005,0.0005,0.15978436172008514,1.0409184694290161,1.0529534816741943,,,,,,
long_training_seed1303_ckpt1500_reset_mv_preserve_counter,long_training,1303,1500,reset_mv_preserve_counter,63,1562,111eab1f976a7e7332ef3eec324e3aff794467cc503f20fbbd98c7970e8e97f9,75.8360824584961,0.44913210754748706,0.0005,0.0005,0.16350679099559784,0.9901368021965027,1.0031969547271729,,,,,,
long_training_seed1303_ckpt1500_reset_mv_preserve_counter,long_training,1303,1500,reset_mv_preserve_counter,64,1563,204e730fe873046b3e52dafc256f9a8a64d3641b00fe7633ca836f75693319e6,75.99958801269531,0.45010045390416237,0.0005,0.0005,0.1664733588695526,0.9123440980911255,0.9267718195915222,,,,,,
long_training_seed1303_ckpt1500_reset_mv_preserve_counter,long_training,1303,1500,reset_mv_preserve_counter,65,1564,617b226d436bbe58c762bd9031cfc9e89c052461c0963f520c82c81b400b6935,76.15519714355469,0.45102203443193756,0.0005,0.0005,0.16421611607074738,0.8407860994338989,0.8562218546867371,,,,,,
long_training_seed1303_ckpt1500_reset_mv_preserve_counter,long_training,1303,1500,reset_mv_preserve_counter,66,1565,7052fdafd2845e8243a17e2cc97c5c0589ba7d32829248b22d64ff3a1341b632,76.30261993408203,0.45189513212453414,0.0005,0.0005,0.1632729172706604,0.8538374900817871,0.8691173195838928,,,,,,
long_training_seed1303_ckpt1500_reset_mv_preserve_counter,long_training,1303,1500,reset_mv_preserve_counter,67,1566,77312e6adffd9bb88c1218df584deda2f48d9471c006ebb1f2bd5f513f267b8d,76.44103240966797,0.45271486706937125,0.0005,0.0005,0.16437850892543793,0.765842080116272,0.782964825630188,,,,,,
long_training_seed1303_ckpt1500_reset_mv_preserve_counter,long_training,1303,1500,reset_mv_preserve_counter,68,1567,202ba5df70a88887685e81ac745ec9dcd059f961f40fe2a648893f0110fe50c6,76.5696792602539,0.4534767660132497,0.0005,0.0005,0.16529031097888947,0.7408849000930786,0.7587420344352722,,,,,,
long_training_seed1303_ckpt1500_reset_mv_preserve_counter,long_training,1303,1500,reset_mv_preserve_counter,69,1568,0f0199ab8ec59a9d70c55c599be8658683b6f472ece72b18bc6b76010b33b707,76.69001007080078,0.45418941398756185,0.0005,0.0005,0.1673172563314438,0.7128890156745911,0.7313123941421509,,,,,,
long_training_seed1303_ckpt1500_reset_mv_preserve_counter,long_training,1303,1500,reset_mv_preserve_counter,70,1569,1f297419f634e2dac6da87e1145839b280ccf607fec7891070eb1f84c7db9454,76.80103302001953,0.4548469370234603,0.0005,0.0005,0.16240690648555756,0.6722249388694763,0.6903397440910339,,,,,,
long_training_seed1303_ckpt1500_reset_mv_preserve_counter,long_training,1303,1500,reset_mv_preserve_counter,71,1570,bc6d273c8b1e33f2bde3e7af8e8af1d56a7c809e9793e0c42e1ab76c6f8e4bae,76.90386962890625,0.45545597722418013,0.0005,0.0005,0.1595643162727356,0.612394392490387,0.6319417953491211,,,,,,
long_training_seed1303_ckpt1500_reset_mv_preserve_counter,long_training,1303,1500,reset_mv_preserve_counter,72,1571,4a2b4e36eafba03b3192bebb0a6b29861f3d0378cac800dfcc2ad0c1f69836f4,76.99996948242188,0.4560251196211137,0.0005,0.0005,0.1679730862379074,0.5926406979560852,0.6150339245796204,,,,,,
long_training_seed1303_ckpt1500_reset_mv_preserve_counter,long_training,1303,1500,reset_mv_preserve_counter,73,1572,1476893c49e753fbae1d7694ba0d03b769f17e439f01822b8630666cbd5e0957,77.0892105102539,0.4565536412642489,0.0005,0.0005,0.16905489563941956,0.5874751806259155,0.6107130646705627,,,,,,
long_training_seed1303_ckpt1500_reset_mv_preserve_counter,long_training,1303,1500,reset_mv_preserve_counter,74,1573,b68f9f7e4dafacd9ec80e15d1e103ab2d97dbe0fa86526b650d24e3f66568ca3,77.17098999023438,0.4570379725879017,0.0005,0.0005,0.1659538298845291,0.5495175719261169,0.5731909871101379,,,,,,
long_training_seed1303_ckpt1500_reset_mv_preserve_counter,long_training,1303,1500,reset_mv_preserve_counter,75,1574,7fe7c30283a1acb4ed15f65744939834361a393bcce505ed536b3bb1b5616af0,77.24641418457031,0.45748466532655563,0.0005,0.0005,0.16244126856327057,0.5157427787780762,0.5394243597984314,,,,,,
long_training_seed1303_ckpt1500_reset_mv_preserve_counter,long_training,1303,1500,reset_mv_preserve_counter,76,1575,8fbea1de338646d57d3f7c7dd215934f23c55192c565401b6b4ed4b5a0e08170,77.31684875488281,0.45790180748346976,0.0005,0.0005,0.15776066482067108,0.47915616631507874,0.5029235482215881,,,,,,
long_training_seed1303_ckpt1500_reset_mv_preserve_counter,long_training,1303,1500,reset_mv_preserve_counter,77,1576,43fa348f4f383168e93af00973e10308bbbb680065b31a223d94c949909577aa,77.3817367553711,0.45828610059921443,0.0005,0.0005,0.16521072387695312,0.4565553367137909,0.48428186774253845,,,,,,
long_training_seed1303_ckpt1500_reset_mv_preserve_counter,long_training,1303,1500,reset_mv_preserve_counter,78,1577,c04189c1017169e1ea86fcfd22eea0524cb64c02893905f4f5e8c22655f09dd7,77.44181060791016,0.4586418823738615,0.0005,0.0005,0.17602388560771942,0.44551029801368713,0.4777546525001526,,,,,,
long_training_seed1303_ckpt1500_reset_mv_preserve_counter,long_training,1303,1500,reset_mv_preserve_counter,79,1578,ac32630bf869d375c0307485a1f8b252d4974fccab0f42732091c16dc9233b9a,77.49607849121094,0.45896327883856364,0.0005,0.0005,0.17500127851963043,0.45345261693000793,0.4848162829875946,,,,,,
long_training_seed1303_ckpt1500_reset_mv_preserve_counter,long_training,1303,1500,reset_mv_preserve_counter,80,1579,4c4e023715a09b6394ef71ef39c1f2cfd8de8b0566e7176bca8b89ac2c470732,77.54698944091797,0.45926479417793625,0.0005,0.0005,0.17714563012123108,0.4360978901386261,0.46914753317832947,,,,,,
long_training_seed1303_ckpt1500_reset_mv_preserve_counter,long_training,1303,1500,reset_mv_preserve_counter,81,1580,9b073f91b8d4ba5809182f2cfd9664e2c6a19f32dc0847934bc1dfc212a97229,77.59403991699219,0.45954344622317994,0.0005,0.0005,0.17062059044837952,0.41147381067276,0.4438210129737854,,,,,,
long_training_seed1303_ckpt1500_reset_mv_preserve_counter,long_training,1303,1500,reset_mv_preserve_counter,82,1581,c0624e6722c8031ec5a605990fef8fd83c6466898376ccfbba7e78d32086b4a4,77.6378402709961,0.45980284972435453,0.0005,0.0005,0.16607767343521118,0.39215153455734253,0.42420145869255066,,,,,,
long_training_seed1303_ckpt1500_reset_mv_preserve_counter,long_training,1303,1500,reset_mv_preserve_counter,83,1582,0ce0f63127a244fd1f070a59c7decc793a7b951c61ae7935a0d12f75a768edd9,77.67842864990234,0.46004323060333885,0.0005,0.0005,0.16646839678287506,0.3798958957195282,0.41297003626823425,,,,,,
long_training_seed1303_ckpt1500_reset_mv_preserve_counter,long_training,1303,1500,reset_mv_preserve_counter,84,1583,b60016bcd7338550f9e5f9417d6353f810ec0ef668bfd8831ad476bc3c8b4116,77.71542358398438,0.4602623296413454,0.0005,0.0005,0.16209776699543,0.3799456059932709,0.4119128882884979,,,,,,
long_training_seed1303_ckpt1500_reset_mv_preserve_counter,long_training,1303,1500,reset_mv_preserve_counter,85,1584,a222afbe841e638c4e1e2192537cd69ff7b0a069a8f3c398b3e0fbf92ac1d39a,77.75032806396484,0.46046904816039674,0.0005,0.0005,0.15900544822216034,0.37922170758247375,0.41028738021850586,,,,,,
long_training_seed1303_ckpt1500_reset_mv_preserve_counter,long_training,1303,1500,reset_mv_preserve_counter,86,1585,8e36a32d1b68999d38ff83ff6cdebd8c19c40bf59f87d7fb046c5981396b534d,77.78291320800781,0.46066203062922045,0.0005,0.0005,0.15723247826099396,0.3673222064971924,0.3983366787433624,,,,,,
long_training_seed1303_ckpt1500_reset_mv_preserve_counter,long_training,1303,1500,reset_mv_preserve_counter,87,1586,ec0312a543446a82711bf865e9f465ccf63d5e5bef58e38f2a8937aadc6e07bc,77.81267547607422,0.460838294879017,0.0005,0.0005,0.15594099462032318,0.34660694003105164,0.379143089056015,,,,,,
long_training_seed1303_ckpt1500_reset_mv_preserve_counter,long_training,1303,1500,reset_mv_preserve_counter,88,1587,41ee7c6c7f7cdb10719e146f701474207d2270f9e3eb12a6652ff7d9a2bd871a,77.83941650390625,0.46099666611601703,0.0005,0.0005,0.15455763041973114,0.32502561807632446,0.35946759581565857,,,,,,
long_training_seed1303_ckpt1500_reset_mv_preserve_counter,long_training,1303,1500,reset_mv_preserve_counter,89,1588,81a53c7e73bf156d797551db268284e1de6c9ccc38d1fb80ea996de2bffb4a65,77.8638916015625,0.4611416175934196,0.0005,0.0005,0.1544598489999771,0.33024272322654724,0.3641635477542877,,,,,,
long_training_seed1303_ckpt1500_reset_mv_preserve_counter,long_training,1303,1500,reset_mv_preserve_counter,90,1589,99da7c3b9492ff78aba3e8fa971f50b4df71f3c036def24cf85eb9575a91bf6f,77.88560485839844,0.46127021232680104,0.0005,0.0005,0.16164074838161469,0.33342981338500977,0.3685283064842224,,,,,,
long_training_seed1303_ckpt1500_reset_mv_preserve_counter,long_training,1303,1500,reset_mv_preserve_counter,91,1590,1c73da65923650205c49c2b457ea5335be9646051c17f677867810780ebf94bb,77.90502166748047,0.4613852065630821,0.0005,0.0005,0.17912328243255615,0.34441691637039185,0.3853379786014557,,,,,,
long_training_seed1303_ckpt1500_reset_mv_preserve_counter,long_training,1303,1500,reset_mv_preserve_counter,92,1591,e41ea55865a81f1639463d86da8d9be3a61d77979bde59a8fc0f4837646db9d7,77.9231948852539,0.46149283574611605,0.0005,0.0005,0.17702996730804443,0.33108171820640564,0.37249377369880676,,,,,,
long_training_seed1303_ckpt1500_reset_mv_preserve_counter,long_training,1303,1500,reset_mv_preserve_counter,93,1592,c0214d64a505d1ca555c14bb2fd72314ca7b797e4cf03c65798178f681ba3883,77.9398422241211,0.4615914280540002,0.0005,0.0005,0.18004421889781952,0.3040674328804016,0.3514094650745392,,,,,,
long_training_seed1303_ckpt1500_reset_mv_preserve_counter,long_training,1303,1500,reset_mv_preserve_counter,94,1593,4195ce268695d1cf15b868eedb1345972ef6cc7e55621f359d0699f3cacf9aae,77.95475769042969,0.46167976350858936,0.0005,0.0005,0.17510125041007996,0.2974361181259155,0.34320101141929626,,,,,,
long_training_seed1303_ckpt1500_reset_mv_preserve_counter,long_training,1303,1500,reset_mv_preserve_counter,95,1594,3eb0bb90a94e26f36df356717da066d5bcef5710414abb225304d63b8890e3e1,77.96764373779297,0.4617560799192293,0.0005,0.0005,0.17881859838962555,0.30710574984550476,0.3535122573375702,,,,,,
long_training_seed1303_ckpt1500_reset_mv_preserve_counter,long_training,1303,1500,reset_mv_preserve_counter,96,1595,00dd9f5e18d3ac252115b9eccaa0f29637be63081e2d439d9a76b64e90d2f4c7,77.97940826416016,0.46182575422663413,0.0005,0.0005,0.17397843301296234,0.2926056385040283,0.33876723051071167,,,,,,
long_training_seed1303_ckpt1500_reset_mv_preserve_counter,long_training,1303,1500,reset_mv_preserve_counter,97,1596,d0d44cee09a6d1c75fe76348c71d0707b889a547358114a0f9b6000f6f06d409,77.99058532714844,0.46189194933710637,0.0005,0.0005,0.17277003824710846,0.2971363961696625,0.34138214588165283,,,,,,
long_training_seed1303_ckpt1500_reset_mv_preserve_counter,long_training,1303,1500,reset_mv_preserve_counter,98,1597,4a82b22e9736a97ab4e82659b2dcb4e9f935515abec1bddae47481262b9530ac,78.00180053710938,0.46195837036945725,0.0005,0.0005,0.17619015276432037,0.29141584038734436,0.33807796239852905,,,,,,
long_training_seed1303_ckpt1500_reset_mv_preserve_counter,long_training,1303,1500,reset_mv_preserve_counter,99,1598,fc37b786aa15bc3d080f05cb1f4949f625724891291c3dc9d9bce89aa720efc5,78.01305389404297,0.46202501732368695,0.0005,0.0005,0.17053666710853577,0.27759960293769836,0.3236086070537567,,,,,,
long_training_seed1303_ckpt1500_reset_mv_preserve_counter,long_training,1303,1500,reset_mv_preserve_counter,100,1599,c856e432b01d3806228e9048d47894ee4d08b10fcc74cc33065afe2dc3391710,78.02350616455078,0.46208691991846296,0.0005,0.0005,0.17063863575458527,0.33456951379776,0.37355247139930725,,,,2.340156634648641,4.189179102579753,1.8490224679311118
long_training_seed1303_ckpt3000_reset_mv_preserve_counter,long_training,1303,3000,reset_mv_preserve_counter,1,3000,311f31b16796d2b11d7c18868a228cd6c610d896fa2393a036be471a8cbca9dd,1.3600775003433228,0.008038818986815553,0.000125,0.000125,0.06368271261453629,1.3756446838378906,1.3600775003433228,21.35709118665138,21.60154031350547,0.2662130892276764,2.129826029141744,2.2569268544514975,0.12710082530975342
long_training_seed1303_ckpt3000_reset_mv_preserve_counter,long_training,1303,3000,reset_mv_preserve_counter,2,3001,7b81659ed498eb0aa0f7cbce702574c43cf6b028a1d9c4496ba523db34b8170a,2.3441355228424072,0.013855152477662159,0.000125,0.000125,0.06403166055679321,1.3388382196426392,1.3200109004974365,,,,,,
long_training_seed1303_ckpt3000_reset_mv_preserve_counter,long_training,1303,3000,reset_mv_preserve_counter,3,3002,c8eca37c39b75d2e7e517d4137bb1ee590c4ece08c5d3131faef18beb160a14c,3.2517528533935547,0.019219678710730236,0.000125,0.000125,0.06276089698076248,1.272849678993225,1.2549395561218262,,,,,,
long_training_seed1303_ckpt3000_reset_mv_preserve_counter,long_training,1303,3000,reset_mv_preserve_counter,4,3003,a729ebdb3d1f25510eb619e9e58f271adee947e60a5e6af3d4e5ee149846e110,4.104928970336914,0.02426242691166037,0.000125,0.000125,0.06772684305906296,1.2413051128387451,1.2201534509658813,,,,,,
long_training_seed1303_ckpt3000_reset_mv_preserve_counter,long_training,1303,3000,reset_mv_preserve_counter,5,3004,c79f65f0d8dd0562c36ff72fc74a55930292f5356c3f458f38137eca784fb59c,4.916431903839111,0.029058863282416636,0.000125,0.000125,0.066181980073452,1.1779406070709229,1.1609166860580444,,,,,,
long_training_seed1303_ckpt3000_reset_mv_preserve_counter,long_training,1303,3000,reset_mv_preserve_counter,6,3005,61f9cf776d46a937a24fa2c66f4bb55e83b4b060847d395887f05f4896e3ee78,5.66888952255249,0.03350630880707256,0.000125,0.000125,0.06651469320058823,1.0889365673065186,1.0729975700378418,,,,,,
long_training_seed1303_ckpt3000_reset_mv_preserve_counter,long_training,1303,3000,reset_mv_preserve_counter,7,3006,0cdf8f96b3ed41691235e039c76a9bffd7c2a294917e9bca990cc661c511093f,6.349916934967041,0.03753156184748974,0.000125,0.000125,0.06394502520561218,1.0682430267333984,1.05508553981781,,,,,,
long_training_seed1303_ckpt3000_reset_mv_preserve_counter,long_training,1303,3000,reset_mv_preserve_counter,8,3007,5f7143df4c755a6e0d4bdaca62a22e5a37d8541d3c2751ebfdd97b920b68fb20,6.977930068969727,0.04124347084114337,0.000125,0.000125,0.06447845697402954,1.0166581869125366,1.005059003829956,,,,,,
long_training_seed1303_ckpt3000_reset_mv_preserve_counter,long_training,1303,3000,reset_mv_preserve_counter,9,3008,53e24b5c86f6f61a6450741eafdd11bb53eafe6e002369f7be6b442154209367,7.5786519050598145,0.0447940729947241,0.000125,0.000125,0.06395819783210754,0.9770985841751099,0.9659742712974548,,,,,,
long_training_seed1303_ckpt3000_reset_mv_preserve_counter,long_training,1303,3000,reset_mv_preserve_counter,10,3009,79ecbd8a7162d8d891609c88bcf4897ea06645bd36dad265891cd3db37324963,8.145236015319824,0.048142902088681196,0.000125,0.000125,0.06316234916448593,0.9074224829673767,0.8970629572868347,,,,,,
long_training_seed1303_ckpt3000_reset_mv_preserve_counter,long_training,1303,3000,reset_mv_preserve_counter,11,3010,1eec7df0648711aefeaff522bb13f50ec59dfb06c77d9951517b93477e181903,8.679506301879883,0.05130073840507216,0.000125,0.000125,0.06293970346450806,0.8479878902435303,0.8380325436592102,,,,,,
long_training_seed1303_ckpt3000_reset_mv_preserve_counter,long_training,1303,3000,reset_mv_preserve_counter,12,3011,aae7966cf17119d6c2725e3b7866bca95fd15b34f056d74f6c6308a745a385fc,9.178912162780762,0.054252506459262856,0.000125,0.000125,0.06378457695245743,0.8064316511154175,0.7965998649597168,,,,,,
long_training_seed1303_ckpt3000_reset_mv_preserve_counter,long_training,1303,3000,reset_mv_preserve_counter,13,3012,e12a0fec7ea077cf802173283caadec6b14726468b2af1244a29a8bb71c915ec,9.648056983947754,0.05702541483765408,0.000125,0.000125,0.06553086638450623,0.7622556686401367,0.7524696588516235,,,,,,
long_training_seed1303_ckpt3000_reset_mv_preserve_counter,long_training,1303,3000,reset_mv_preserve_counter,14,3013,26fc4981a06ec23bcf37e2305f4b5e167aed336062e5e955797518342d3b8516,10.077054023742676,0.05956102736555823,0.000125,0.000125,0.06670680642127991,0.7422690391540527,0.7331526875495911,,,,,,
long_training_seed1303_ckpt3000_reset_mv_preserve_counter,long_training,1303,3000,reset_mv_preserve_counter,15,3014,9abd092831a1f5b90d6f0f8a523dc5f08a25ddb5b6107118abb7417c3d2c7b54,10.478336334228516,0.0619328303369275,0.000125,0.000125,0.0650828555226326,0.7207236886024475,0.712413489818573,,,,,,
long_training_seed1303_ckpt3000_reset_mv_preserve_counter,long_training,1303,3000,reset_mv_preserve_counter,16,3015,a2bf1be14646122d9b37d7ac6aca6e78e1b9d2d50618298b98d56bb09926acd4,10.851558685302734,0.06413878324870055,0.000125,0.000125,0.06510445475578308,0.6870629787445068,0.6791014075279236,,,,,,
long_training_seed1303_ckpt3000_reset_mv_preserve_counter,long_training,1303,3000,reset_mv_preserve_counter,17,3016,b3633cf4aebebcde1c3ab871635d48cd20d42cddec22dbaa02177581890d1c23,11.191925048828125,0.06615053889122137,0.000125,0.000125,0.06559344381093979,0.7053821086883545,0.6976906657218933,,,,,,
long_training_seed1303_ckpt3000_reset_mv_preserve_counter,long_training,1303,3000,reset_mv_preserve_counter,18,3017,5232c5e53f5a21635c631df77de40574e32cf38ab26365c8021a18694b4b43bb,11.514177322387695,0.06805523012725845,0.000125,0.000125,0.0653703585267067,0.6791510581970215,0.6718152761459351,,,,,,
long_training_seed1303_ckpt3000_reset_mv_preserve_counter,long_training,1303,3000,reset_mv_preserve_counter,19,3018,74cd5d27276ef464dcd91ab21e7c71f3494e4c5aab6deef3649f8a6a775a59bd,11.818313598632812,0.06985284568331424,0.000125,0.000125,0.06550057977437973,0.6692449450492859,0.6614245772361755,,,,,,
long_training_seed1303_ckpt3000_reset_mv_preserve_counter,long_training,1303,3000,reset_mv_preserve_counter,20,3019,b1fe225b38b1c8f0a80ad041833950987cd03bc4735005443cb415b5d3e05449,12.102270126342773,0.07153118763501098,0.000125,0.000125,0.06574717909097672,0.6449159979820251,0.6382933259010315,,,,2.0697755018870034,2.601105213165283,0.5313297112782798
long_training_seed1303_ckpt3000_reset_mv_preserve_counter,long_training,1303,3000,reset_mv_preserve_counter,21,3020,0d5c9f129d82cf1182d61f7179647a6b6ced8b517110e372e18c35f7c7837625,12.371793746948242,0.0731242230305466,0.000125,0.000125,0.0637388527393341,0.6299933791160583,0.624759316444397,,,,,,
long_training_seed1303_ckpt3000_reset_mv_preserve_counter,long_training,1303,3000,reset_mv_preserve_counter,22,3021,f86322648cdea24dde62df4925eabe308476abcc93d3dcda643987e0aa09439e,12.626163482666016,0.07462769048783717,0.000125,0.000125,0.06570758670568466,0.6051937341690063,0.5998141169548035,,,,,,
long_training_seed1303_ckpt3000_reset_mv_preserve_counter,long_training,1303,3000,reset_mv_preserve_counter,23,3022,82e2d5fe6d77912033cae14255988245e412aabbf2a37e59ee1108d9c9d6be5a,12.866750717163086,0.07604969565164019,0.000125,0.000125,0.06380932778120041,0.5883252024650574,0.5835119485855103,,,,,,
long_training_seed1303_ckpt3000_reset_mv_preserve_counter,long_training,1303,3000,reset_mv_preserve_counter,24,3023,83db3e51b74781ab5b52ba0c1bfbca21c2b16e7001c665fcb0de9f60311968f3,13.09291934967041,0.07738647881051387,0.000125,0.000125,0.06069422513246536,0.6015320420265198,0.5972326397895813,,,,,,
long_training_seed1303_ckpt3000_reset_mv_preserve_counter,long_training,1303,3000,reset_mv_preserve_counter,25,3024,a9c0e75ca77fedfe4236d2956b9fdbceebb075ba54a64daa6923fa75449c89b9,13.30543327331543,0.07864255500023763,0.000125,0.000125,0.06478948891162872,0.5721606016159058,0.5682207345962524,,,,,,
long_training_seed1303_ckpt3000_reset_mv_preserve_counter,long_training,1303,3000,reset_mv_preserve_counter,26,3025,95776bd7c1b6dfe6d5b928a4cfd4478dc12423b9b0dcbe084c3d1ae85a4045f3,13.507854461669922,0.0798389774775355,0.000125,0.000125,0.06381100416183472,0.55967116355896,0.5559672117233276,,,,,,
long_training_seed1303_ckpt3000_reset_mv_preserve_counter,long_training,1303,3000,reset_mv_preserve_counter,27,3026,56c237fcf8ebfb4df675661bbfb7069fd5a4a42962010010ea1d072e33dc9215,13.697887420654297,0.08096217858807422,0.000125,0.000125,0.06235533207654953,0.5484440922737122,0.5447174906730652,,,,,,
long_training_seed1303_ckpt3000_reset_mv_preserve_counter,long_training,1303,3000,reset_mv_preserve_counter,28,3027,4e65b217357734c24f6b7d65c798c492beb2805b54e86a4584ca427eba1bfa20,13.878876686096191,0.0820319264098541,0.000125,0.000125,0.06436652690172195,0.5466200113296509,0.5417349338531494,,,,,,
long_training_seed1303_ckpt3000_reset_mv_preserve_counter,long_training,1303,3000,reset_mv_preserve_counter,29,3028,848acd9bb83f11a4788594f0daacb53ccc28a64faed861bbcfed9389bb929dcf,14.050910949707031,0.08304874516051247,0.000125,0.000125,0.06336823105812073,0.5097094178199768,0.505502462387085,,,,,,
long_training_seed1303_ckpt3000_reset_mv_preserve_counter,long_training,1303,3000,reset_mv_preserve_counter,30,3029,f225d7e43198f7730a0c57adb9686c270b1daf7afd5f016937271d987a0a5af7,14.213950157165527,0.08401239809660022,0.000125,0.000125,0.060533300042152405,0.5094038844108582,0.5056653618812561,,,,,,
long_training_seed1303_ckpt3000_reset_mv_preserve_counter,long_training,1303,3000,reset_mv_preserve_counter,31,3030,776033146156f246004d5349c3415834d141adc90bf4169acb7cf463b7d52364,14.370246887207031,0.08493619921875514,0.000125,0.000125,0.058915141969919205,0.4900979995727539,0.4872615337371826,,,,,,
long_training_seed1303_ckpt3000_reset_mv_preserve_counter,long_training,1303,3000,reset_mv_preserve_counter,32,3031,6e65901e21af6e92d5675bc1d1227c152513f00aa094417eaa868e887796e801,14.519388198852539,0.08581770781475194,0.000125,0.000125,0.056638188660144806,0.4864397943019867,0.4838821589946747,,,,,,
long_training_seed1303_ckpt3000_reset_mv_preserve_counter,long_training,1303,3000,reset_mv_preserve_counter,33,3032,081890d054f95104181f0a3196de393efadf391039554d6284f6a77b9b06a098,14.661271095275879,0.08665631511572149,0.000125,0.000125,0.05737884342670441,0.4988391697406769,0.4949396252632141,,,,,,
long_training_seed1303_ckpt3000_reset_mv_preserve_counter,long_training,1303,3000,reset_mv_preserve_counter,34,3033,75f811029cab957e0dbf2794afaa9511022fea973caf972095f59fb9364cb588,14.796509742736816,0.08745565118788341,0.000125,0.000125,0.055594805628061295,0.4835209250450134,0.47987502813339233,,,,,,
long_training_seed1303_ckpt3000_reset_mv_preserve_counter,long_training,1303,3000,reset_mv_preserve_counter,35,3034,a0310f8b7755edf99519bd4eb2dc1db0de497dc2907756e991e70a0b6ae3261e,14.9268798828125,0.0882262116574814,0.000125,0.000125,0.056011542677879333,0.47193795442581177,0.46794819831848145,,,,,,
long_training_seed1303_ckpt3000_reset_mv_preserve_counter,long_training,1303,3000,reset_mv_preserve_counter,36,3035,5c40765e08c827449c247570e2b1f278cee53c6fbe3f0e86867040b7a58c5d35,15.048715591430664,0.08894632886217349,0.000125,0.000125,0.05413612350821495,0.45606857538223267,0.4529212713241577,,,,,,
long_training_seed1303_ckpt3000_reset_mv_preserve_counter,long_training,1303,3000,reset_mv_preserve_counter,37,3036,1181d5b6687677e4f959f5fc14e91a4e6de52668b88f6ad2f0c8af272edc9472,15.164505004882812,0.08963070907954816,0.000125,0.000125,0.0545988567173481,0.4479672312736511,0.44486045837402344,,,,,,
long_training_seed1303_ckpt3000_reset_mv_preserve_counter,long_training,1303,3000,reset_mv_preserve_counter,38,3037,a6005f32695299465b4a55eaf36db6807bf8542c938b290d829b12217b01a969,15.2724027633667,0.0902684452007002,0.000125,0.000125,0.057141318917274475,0.45583266019821167,0.4529806673526764,,,,,,
long_training_seed1303_ckpt3000_reset_mv_preserve_counter,long_training,1303,3000,reset_mv_preserve_counter,39,3038,6a6f83262dcfd5e394748985673a8a153e8bf8050b92c8cb4b05d503ca1ea810,15.377476692199707,0.09088949090869027,0.000125,0.000125,0.05788590759038925,0.4349669814109802,0.43189990520477295,,,,,,
long_training_seed1303_ckpt3000_reset_mv_preserve_counter,long_training,1303,3000,reset_mv_preserve_counter,40,3039,8bf2ab5eaaebf740fbc668d7d055c6c9f60dbf5acc38c55941bfc9bcca7a0f36,15.47857666015625,0.09148704828447977,0.000125,0.000125,0.057219456881284714,0.4236896336078644,0.42035722732543945,,,,,,
long_training_seed1303_ckpt3000_reset_mv_preserve_counter,long_training,1303,3000,reset_mv_preserve_counter,41,3040,7ddd257a18bacbc293eda95da464dd2a5f0d76b7ee58216bc3756b8ce09315ac,15.575078964233398,0.09205743089436119,0.000125,0.000125,0.05855296924710274,0.42462530732154846,0.42086488008499146,,,,,,
long_training_seed1303_ckpt3000_reset_mv_preserve_counter,long_training,1303,3000,reset_mv_preserve_counter,42,3041,29ddca67da20cf2d46cd95b7f8cb3eafeddee19fab4035f12db98b998b3c021b,15.668170928955078,0.0926076564905759,0.000125,0.000125,0.05958911404013634,0.4117000699043274,0.40771034359931946,,,,,,
long_training_seed1303_ckpt3000_reset_mv_preserve_counter,long_training,1303,3000,reset_mv_preserve_counter,43,3042,29de4a164a5540dab451fe60d5046e884eeff82aa32a522952e3a39db985085e,15.756847381591797,0.09313178393990107,0.000125,0.000125,0.06080169230699539,0.3837422728538513,0.38014233112335205,,,,,,
long_training_seed1303_ckpt3000_reset_mv_preserve_counter,long_training,1303,3000,reset_mv_preserve_counter,44,3043,3b720efb71225e9dfb2022f2673cfec388f02953e75c01f13e51fab7f58e2925,15.842612266540527,0.09363870239517576,0.000125,0.000125,0.0635744258761406,0.37311866879463196,0.36845359206199646,,,,,,
long_training_seed1303_ckpt3000_reset_mv_preserve_counter,long_training,1303,3000,reset_mv_preserve_counter,45,3044,26656ca4cabf421994c6acd02bad737aa4a6b7916c293c0fff3af80f4ef7dbf4,15.923141479492188,0.09411467509960306,0.000125,0.000125,0.06354192644357681,0.37135007977485657,0.36640089750289917,,,,,,
long_training_seed1303_ckpt3000_reset_mv_preserve_counter,long_training,1303,3000,reset_mv_preserve_counter,46,3045,64110f2001b95403ed094e211ee282bd0a0616c609f546ea59e8409c2f6b35ab,15.997977256774902,0.09455699641376458,0.000125,0.000125,0.06371105462312698,0.37262991070747375,0.36845919489860535,,,,,,
long_training_seed1303_ckpt3000_reset_mv_preserve_counter,long_training,1303,3000,reset_mv_preserve_counter,47,3046,2a28ef3ced4cf35ad1e801e29b05a84b8ac662659462d0b91182728f899d89cc,16.069849014282227,0.09498179871269229,0.000125,0.000125,0.06246017664670944,0.3684215843677521,0.3650623559951782,,,,,,
long_training_seed1303_ckpt3000_reset_mv_preserve_counter,long_training,1303,3000,reset_mv_preserve_counter,48,3047,a9401fa0f668b4ad644c7c3c10ae8c01633576cb33c9fb2a6bb6d2c2f38b5c15,16.139497756958008,0.0953934617501946,0.000125,0.000125,0.061603665351867676,0.3621511161327362,0.3589402139186859,,,,,,
long_training_seed1303_ckpt3000_reset_mv_preserve_counter,long_training,1303,3000,reset_mv_preserve_counter,49,3048,12f4341747501fac0842337c4b42773d97355f9ac88c691248d9a3abcbe70efd,16.20475959777832,0.09577919574327105,0.000125,0.000125,0.060879386961460114,0.3676633834838867,0.36436837911605835,,,,,,
long_training_seed1303_ckpt3000_reset_mv_preserve_counter,long_training,1303,3000,reset_mv_preserve_counter,50,3049,6130673a4a11d1f8db6338324e4494c51016fe95169a19ccfb97a8a322c70997,16.266216278076172,0.09614243910868245,0.000125,0.000125,0.059958312660455704,0.37148794531822205,0.3680398762226105,,,,,,
long_training_seed1303_ckpt3000_reset_mv_preserve_counter,long_training,1303,3000,reset_mv_preserve_counter,51,3050,b1d9a61d4c9920678ee8a4999148db4fe7c8db0fe4244069adaff0c792193db2,16.324352264404297,0.0964860553148132,0.000125,0.000125,0.0612923726439476,0.37923088669776917,0.3753869831562042,,,,,,
long_training_seed1303_ckpt3000_reset_mv_preserve_counter,long_training,1303,3000,reset_mv_preserve_counter,52,3051,eb0f78c18bde71c00a30d2b5bb3cd83222c8743b0f572d5f41c6effa03bb05df,16.381628036499023,0.09682458717353698,0.000125,0.000125,0.06355533003807068,0.37774547934532166,0.37364527583122253,,,,,,
long_training_seed1303_ckpt3000_reset_mv_preserve_counter,long_training,1303,3000,reset_mv_preserve_counter,53,3052,512081fc6c5ceed1e128b98cea4b545af4121b412d8dba35da24ee598a5b8b3d,16.436260223388672,0.09714749396461976,0.000125,0.000125,0.06695882230997086,0.3714885115623474,0.3684905171394348,,,,,,
long_training_seed1303_ckpt3000_reset_mv_preserve_counter,long_training,1303,3000,reset_mv_preserve_counter,54,3053,a02f83e53e591117b3a02bd74aa4ce2b3c61b22b5ba4e48a6c09b8c509804afb,16.489694595336914,0.09746332099922453,0.000125,0.000125,0.06503618508577347,0.35980451107025146,0.3569572865962982,,,,,,
long_training_seed1303_ckpt3000_reset_mv_preserve_counter,long_training,1303,3000,reset_mv_preserve_counter,55,3054,6d60ded89b0c683f3f7ed4dbd01b3ad67c0e251b8b628632672624af7334e2cf,16.537813186645508,0.09774772879608368,0.000125,0.000125,0.06295698881149292,0.37550362944602966,0.37289902567863464,,,,,,
long_training_seed1303_ckpt3000_reset_mv_preserve_counter,long_training,1303,3000,reset_mv_preserve_counter,56,3055,8d76116f7a218f3c3e3d12bfa27f9d52ec260ae56e628f9ca764035b8b9b1797,16.585302352905273,0.0980284163387426,0.000125,0.000125,0.0628831535577774,0.36375945806503296,0.3615826368331909,,,,,,
long_training_seed1303_ckpt3000_reset_mv_preserve_counter,long_training,1303,3000,reset_mv_preserve_counter,57,3056,549f2f4c09afda4bc20135a2b4bcd07cc8e7cd5e0c1423638c92559534c6d68e,16.6318302154541,0.09830342203862297,0.000125,0.000125,0.06331431865692139,0.3527711033821106,0.35079991817474365,,,,,,
long_training_seed1303_ckpt3000_reset_mv_preserve_counter,long_training,1303,3000,reset_mv_preserve_counter,58,3057,9f81f9352a546d04ff7608e276f3868a3281b694dc044d7166aa1fb56a323a09,16.675045013427734,0.09855884567321302,0.000125,0.000125,0.06455713510513306,0.3497792184352875,0.34751033782958984,,,,,,
long_training_seed1303_ckpt3000_reset_mv_preserve_counter,long_training,1303,3000,reset_mv_preserve_counter,59,3058,d444411c993b0dd2082fceb0eec77661dde77a046c02cfa537f93165bf442303,16.717798233032227,0.09881154112138955,0.000125,0.000125,0.0654531940817833,0.3584492802619934,0.3567815124988556,,,,,,
long_training_seed1303_ckpt3000_reset_mv_preserve_counter,long_training,1303,3000,reset_mv_preserve_counter,60,3059,017a3ff3160dcbaeee23abaee98b6b9a5859a530cb07bb4e3b769600b6599ece,16.759963989257812,0.09906076433231255,0.000125,0.000125,0.06459371000528336,0.34909117221832275,0.347318559885025,,,,,,
long_training_seed1303_ckpt3000_reset_mv_preserve_counter,long_training,1303,3000,reset_mv_preserve_counter,61,3060,20b90a9c2f285b20f2b888133f53fb863b37d37c1dd315059f62c83f5b40af71,16.800527572631836,0.0993005178052713,0.000125,0.000125,0.0640147477388382,0.34761279821395874,0.34580013155937195,,,,,,
long_training_seed1303_ckpt3000_reset_mv_preserve_counter,long_training,1303,3000,reset_mv_preserve_counter,62,3061,16ab2ab5de18563d69ab94764f594ff217d631c94686847fafcd747560d52d57,16.839397430419922,0.09953026041238215,0.000125,0.000125,0.06558673083782196,0.3792673647403717,0.3770236074924469,,,,,,
long_training_seed1303_ckpt3000_reset_mv_preserve_counter,long_training,1303,3000,reset_mv_preserve_counter,63,3062,77e4c8bf25963d3b5ab7f3c6764f997022c3f3293b5ae9ec34b853b16ed97137,16.880027770996094,0.09977040845775609,0.000125,0.000125,0.06466282904148102,0.36838966608047485,0.36570799350738525,,,,,,
long_training_seed1303_ckpt3000_reset_mv_preserve_counter,long_training,1303,3000,reset_mv_preserve_counter,64,3063,ffc67453fc62bc6fcdd940ce8029f3f78355dea83d68b05b09a47f54dd8d0343,16.92023277282715,0.10000804251317047,0.000125,0.000125,0.0645521804690361,0.3601209819316864,0.3570971190929413,,,,,,
long_training_seed1303_ckpt3000_reset_mv_preserve_counter,long_training,1303,3000,reset_mv_preserve_counter,65,3064,0653b2cd54da14385a2007a7ef9ce0a42b1f634c80b458ea5b547574e8d11469,16.95928955078125,0.1002388899230438,0.000125,0.000125,0.06411206722259521,0.3710007071495056,0.3677924573421478,,,,,,
long_training_seed1303_ckpt3000_reset_mv_preserve_counter,long_training,1303,3000,reset_mv_preserve_counter,66,3065,1a20362e877892df3aa71200d07efa7215f0d048cefb764d7648f21460872673,16.999282836914062,0.10047527262022721,0.000125,0.000125,0.06374192982912064,0.3576846122741699,0.35478299856185913,,,,,,
long_training_seed1303_ckpt3000_reset_mv_preserve_counter,long_training,1303,3000,reset_mv_preserve_counter,67,3066,bac70034e15473a7213f88730990568e63dd277690d1454b9a8a776580aeece2,17.039888381958008,0.10071527411013265,0.000125,0.000125,0.061704643070697784,0.343222051858902,0.34039828181266785,,,,,,
long_training_seed1303_ckpt3000_reset_mv_preserve_counter,long_training,1303,3000,reset_mv_preserve_counter,68,3067,e2774da9e7312ba9599a5ce9dd0589e5424670adecc7a7df7771bb0574c8eb70,17.081623077392578,0.10096194951060335,0.000125,0.000125,0.06274615973234177,0.33279430866241455,0.329738974571228,,,,,,
long_training_seed1303_ckpt3000_reset_mv_preserve_counter,long_training,1303,3000,reset_mv_preserve_counter,69,3068,2980fff4de5c379b1bb83229bfa3e2765f16d677f7110b18fe4d647ca0891c08,17.121686935424805,0.10119874932719707,0.000125,0.000125,0.0634654238820076,0.322299987077713,0.3192674219608307,,,,,,
long_training_seed1303_ckpt3000_reset_mv_preserve_counter,long_training,1303,3000,reset_mv_preserve_counter,70,3069,f90f86a884b1490db36b252261bec05dc1ce75dfcbd3fb81e701c667c00535cd,17.1591796875,0.10142035246905771,0.000125,0.000125,0.06349992007017136,0.34086352586746216,0.33687883615493774,,,,,,
long_training_seed1303_ckpt3000_reset_mv_preserve_counter,long_training,1303,3000,reset_mv_preserve_counter,71,3070,75ac18a9d92b181d01512cb1cef5bc093f70126757eece47c0f5cf357ebd27f1,17.19713592529297,0.10164469507082943,0.000125,0.000125,0.06462634354829788,0.3288360834121704,0.32443350553512573,,,,,,
long_training_seed1303_ckpt3000_reset_mv_preserve_counter,long_training,1303,3000,reset_mv_preserve_counter,72,3071,c22e78a8eabbb3b54d79c68b24534d7c8999b9c025b4a0d24e9ecab1c912b9f1,17.234243392944336,0.10186402096617964,0.000125,0.000125,0.06497875601053238,0.31594717502593994,0.3118401765823364,,,,,,
long_training_seed1303_ckpt3000_reset_mv_preserve_counter,long_training,1303,3000,reset_mv_preserve_counter,73,3072,9a94b64c63985573fcef80ebabe3d45240f705f88ec98383d6b5e1a66cc42785,17.27019500732422,0.10207651512199849,0.000125,0.000125,0.06485802680253983,0.31037431955337524,0.3067100942134857,,,,,,
long_training_seed1303_ckpt3000_reset_mv_preserve_counter,long_training,1303,3000,reset_mv_preserve_counter,74,3073,a0cfc08c9afe461a0f75f819a7d0ef5529097281df6e1c92109b8540507bb80d,17.3049373626709,0.10228186188035386,0.000125,0.000125,0.06400009989738464,0.30013197660446167,0.29680100083351135,,,,,,
long_training_seed1303_ckpt3000_reset_mv_preserve_counter,long_training,1303,3000,reset_mv_preserve_counter,75,3074,c2d9f11d02eb5fccc0f1347c217f3f5778737ee750a0a5062e5b28e40b4401dd,17.339143753051758,0.10248404078589024,0.000125,0.000125,0.06354746222496033,0.2921343445777893,0.28907591104507446,,,,,,
long_training_seed1303_ckpt3000_reset_mv_preserve_counter,long_training,1303,3000,reset_mv_preserve_counter,76,3075,fd2793b5e48181968ef0f9d68a5f757ca01c1fe56522627a283c96d4faea5252,17.372920989990234,0.10268368315447193,0.000125,0.000125,0.06278225779533386,0.29092225432395935,0.2874792516231537,,,,,,
long_training_seed1303_ckpt3000_reset_mv_preserve_counter,long_training,1303,3000,reset_mv_preserve_counter,77,3076,30042ad174dfd6b836e4217ca1a165311b2a25bdcc5e194d78b4340ae002ba90,17.405651092529297,0.10287713637288412,0.000125,0.000125,0.06263314932584763,0.2809218764305115,0.27735576033592224,,,,,,
long_training_seed1303_ckpt3000_reset_mv_preserve_counter,long_training,1303,3000,reset_mv_preserve_counter,78,3077,cd58683484a38970a149a340667cece81232ee7c7558089946a85640e0379737,17.43690299987793,0.10306185263067456,0.000125,0.000125,0.06262893229722977,0.26934686303138733,0.26584744453430176,,,,,,
long_training_seed1303_ckpt3000_reset_mv_preserve_counter,long_training,1303,3000,reset_mv_preserve_counter,79,3078,7d01e3fbada1c7c23c396c7bd2c9be4fe0cf09f3889fa5a4612c74b87626e046,17.466602325439453,0.10323739226143776,0.000125,0.000125,0.06204187497496605,0.2721759080886841,0.26735132932662964,,,,,,
long_training_seed1303_ckpt3000_reset_mv_preserve_counter,long_training,1303,3000,reset_mv_preserve_counter,80,3079,716daec48bf054fdb08b25c2ef2455883b22f426aa03eb3f8b10b75409670b70,17.495290756225586,0.10340695693848542,0.000125,0.000125,0.06115021929144859,0.2641805112361908,0.25953152775764465,,,,,,
long_training_seed1303_ckpt3000_reset_mv_preserve_counter,long_training,1303,3000,reset_mv_preserve_counter,81,3080,f623a91055eb4668b607c94ca840b7d36dacbcfd63a3203f13aa0fea2a8d5c30,17.52224349975586,0.10356626273273849,0.000125,0.000125,0.059981174767017365,0.2555255889892578,0.25198957324028015,,,,,,
long_training_seed1303_ckpt3000_reset_mv_preserve_counter,long_training,1303,3000,reset_mv_preserve_counter,82,3081,97da08e9f58b06a947ae24b1bc632d1ea2c2dcf20e5386557eb7a17a31d718b7,17.54766273498535,0.10371650463494009,0.000125,0.000125,0.060746513307094574,0.2725474536418915,0.269269198179245,,,,,,
long_training_seed1303_ckpt3000_reset_mv_preserve_counter,long_training,1303,3000,reset_mv_preserve_counter,83,3082,040f18ff70ce8b2bbd1aec6c557c00a9178ac8b8016b15174cd4f0582221edeb,17.573331832885742,0.1038682233653242,0.000125,0.000125,0.05989546701312065,0.26577046513557434,0.26343539357185364,,,,,,
long_training_seed1303_ckpt3000_reset_mv_preserve_counter,long_training,1303,3000,reset_mv_preserve_counter,84,3083,3fe034032fc52eb949312ddba34e66b4c87cc6a2ba8738608dbac122632143f8,17.598468780517578,0.10401679678988449,0.000125,0.000125,0.06067369878292084,0.26840469241142273,0.26596346497535706,,,,,,
long_training_seed1303_ckpt3000_reset_mv_preserve_counter,long_training,1303,3000,reset_mv_preserve_counter,85,3084,25a6a00b7f421d2db2be9e25fd4c6de42533524dbaec9b48b8d203b0077ad8ec,17.623838424682617,0.10416674558114909,0.000125,0.000125,0.06307770311832428,0.2683165967464447,0.26496684551239014,,,,,,
long_training_seed1303_ckpt3000_reset_mv_preserve_counter,long_training,1303,3000,reset_mv_preserve_counter,86,3085,fbc595bb5874f69bc1a9bca5c3d8d34bc0ab0350b1db841919815146ba2d164c,17.64822769165039,0.10431089979465939,0.000125,0.000125,0.06369698792695999,0.2690727114677429,0.2660300135612488,,,,,,
long_training_seed1303_ckpt3000_reset_mv_preserve_counter,long_training,1303,3000,reset_mv_preserve_counter,87,3086,13034ca46ecfaa301bcfee2f807dd316694a95bd1ee43549b88fef250ac8f9e4,17.67073631286621,0.1044439383395593,0.000125,0.000125,0.06278339773416519,0.2663370370864868,0.2633199095726013,,,,,,
long_training_seed1303_ckpt3000_reset_mv_preserve_counter,long_training,1303,3000,reset_mv_preserve_counter,88,3087,54c377fc78b854a9707e2cfe15ff517950c101300990762e3a917ebfd8b5a48f,17.692378997802734,0.10457185871655948,0.000125,0.000125,0.06158915162086487,0.2704354226589203,0.2679494321346283,,,,,,
long_training_seed1303_ckpt3000_reset_mv_preserve_counter,long_training,1303,3000,reset_mv_preserve_counter,89,3088,c96a4a7c022b8c36e0b895bc426dfa5c94a42e3ec545a687ce11169c06f5d629,17.714136123657227,0.10470045550341427,0.000125,0.000125,0.06005820259451866,0.2674081027507782,0.2651222050189972,,,,,,
long_training_seed1303_ckpt3000_reset_mv_preserve_counter,long_training,1303,3000,reset_mv_preserve_counter,90,3089,0e619fd99da69b6db3145e62c55da3c800b9f6ae562bb745fbc54ec39d130e9b,17.73520851135254,0.10482500510463909,0.000125,0.000125,0.06068955734372139,0.2638823091983795,0.2612747550010681,,,,,,
long_training_seed1303_ckpt3000_reset_mv_preserve_counter,long_training,1303,3000,reset_mv_preserve_counter,91,3090,793c94b755c6b689e6b7d498b27bc7599d776eecf2304ca45706cb9644a0f515,17.75644874572754,0.10495054677365064,0.000125,0.000125,0.06073722615838051,0.2642362415790558,0.26153135299682617,,,,,,
long_training_seed1303_ckpt3000_reset_mv_preserve_counter,long_training,1303,3000,reset_mv_preserve_counter,92,3091,7c66ecc35daab8967d2bb9b9160acb51ed4680d30988969a5e0d3bcf7cc6d1b4,17.776065826416016,0.10506649469622462,0.000125,0.000125,0.05999608710408211,0.25997334718704224,0.2580966651439667,,,,,,
long_training_seed1303_ckpt3000_reset_mv_preserve_counter,long_training,1303,3000,reset_mv_preserve_counter,93,3092,480ed9f059c2a0091252d6149000680ab4ccd19191ca0d9d118cf330ad6c8ead,17.79536247253418,0.10518054867120576,0.000125,0.000125,0.061789900064468384,0.25521135330200195,0.25263816118240356,,,,,,
long_training_seed1303_ckpt3000_reset_mv_preserve_counter,long_training,1303,3000,reset_mv_preserve_counter,94,3093,9eb3e69a5fc64f9414821295f20a038114e82e64db0115ef8533155beca1fab8,17.81460952758789,0.10529430953524989,0.000125,0.000125,0.06300025433301926,0.25720757246017456,0.253521591424942,,,,,,
long_training_seed1303_ckpt3000_reset_mv_preserve_counter,long_training,1303,3000,reset_mv_preserve_counter,95,3094,f118268471329f3c1a1b6f4c52590b4cf50e4dde0f3c1e97d93be2c3fe6f299c,17.833415985107422,0.10540546622135387,0.000125,0.000125,0.06302166730165482,0.25177809596061707,0.24753452837467194,,,,,,
long_training_seed1303_ckpt3000_reset_mv_preserve_counter,long_training,1303,3000,reset_mv_preserve_counter,96,3095,34394231371e383d9bc00ec4fc92d5f7d3cd66f191b36af291b197386cb92eea,17.851633071899414,0.10551313939670673,0.000125,0.000125,0.06451141089200974,0.2462407648563385,0.24132080376148224,,,,,,
long_training_seed1303_ckpt3000_reset_mv_preserve_counter,long_training,1303,3000,reset_mv_preserve_counter,97,3096,ea41e9d5b35fd44586fc3c13fde96baaf09963554bf80758a25ccd20b324cd3c,17.8690128326416,0.10561586350662351,0.000125,0.000125,0.06446907669305801,0.24419359862804413,0.23974968492984772,,,,,,
long_training_seed1303_ckpt3000_reset_mv_preserve_counter,long_training,1303,3000,reset_mv_preserve_counter,98,3097,d8d538b0dfdb06c0a19e8969801d51816b331b964b3f14c58e4a3d24338fa0d6,17.885604858398438,0.10571393166204121,0.000125,0.000125,0.06329862773418427,0.23775658011436462,0.23358149826526642,,,,,,
long_training_seed1303_ckpt3000_reset_mv_preserve_counter,long_training,1303,3000,reset_mv_preserve_counter,99,3098,42f20901a460084cdd959301aa334066d110460a9458ed83a764a751f8824fd3,17.90201759338379,0.10581094010868672,0.000125,0.000125,0.06432370841503143,0.23097814619541168,0.22718766331672668,,,,,,
long_training_seed1303_ckpt3000_reset_mv_preserve_counter,long_training,1303,3000,reset_mv_preserve_counter,100,3099,764344caae0f36e1a91c034d16038c1cdbd5d9dafc2225a6c68e237643b3ddea,17.91794776916504,0.10590509636044539,0.000125,0.000125,0.06404154747724533,0.22181469202041626,0.2184610217809677,,,,1.9967142343521118,2.266822655995687,0.2701084216435752
