safety_margin,perturbations,probe_steps,estimator_method,L_pred,L_actual,bound_holds,max_bound_ratio,final_bound_ratio,predicted_dangerous,actual_dangerous,false_negative,false_positive,runtime_seconds
1.0,3,1,clean_state_L,0.7432523955888518,0.9938105561960218,False,4137411734534.42,4137411734534.42,False,True,True,False,0.0019199999996999395
1.0,3,1,rewritten_state_L,0.7099584111357284,0.9938105561960218,False,404640760326305.25,404640760326305.25,False,True,True,False,0.0020583000004990026
1.0,3,1,max_clean_rewritten_L,0.7432523955888518,0.9938105561960218,False,4137411734534.42,4137411734534.42,False,True,True,False,0.003978300000198942
1.0,3,1,longer_horizon_L,0.898080203989515,0.9938105561960218,False,25052.331849345086,25052.331849345086,False,True,True,False,0.014095300000008137
1.03,3,1,clean_state_L,0.7655499674565174,0.9938105561960218,False,215281282177.4051,215281282177.4051,False,True,True,False,0.0019199999996999395
1.03,3,1,rewritten_state_L,0.7312571634698003,0.9938105561960218,False,21054607878925.54,21054607878925.54,False,True,True,False,0.0020583000004990026
1.03,3,1,max_clean_rewritten_L,0.7655499674565174,0.9938105561960218,False,215281282177.4051,215281282177.4051,False,True,True,False,0.003978300000198942
1.03,3,1,longer_horizon_L,0.9250226101092005,0.9938105561960218,False,1303.5439709912653,1303.5439709912653,False,True,True,False,0.014095300000008137
1.08,3,1,clean_state_L,0.8027125872359601,0.9938105561960218,False,1880845806.6107764,1880845806.6107764,False,True,True,False,0.0019199999996999395
1.08,3,1,rewritten_state_L,0.7667550840265868,0.9938105561960218,False,183947580293.0157,183947580293.0157,False,True,True,False,0.0020583000004990026
1.08,3,1,max_clean_rewritten_L,0.8027125872359601,0.9938105561960218,False,1880845806.6107764,1880845806.6107764,False,True,True,False,0.003978300000198942
1.08,3,1,longer_horizon_L,0.9699266203086763,0.9938105561960218,False,23.429957565781727,11.388659463442366,False,True,True,False,0.014095300000008137
1.15,3,1,clean_state_L,0.8547402549271795,0.9938105561960218,False,3523260.1074842024,3523260.1074842024,False,True,True,False,0.0019199999996999395
1.15,3,1,rewritten_state_L,0.8164521728060876,0.9938105561960218,False,344576450.2527045,344576450.2527045,False,True,True,False,0.0020583000004990026
1.15,3,1,max_clean_rewritten_L,0.8547402549271795,0.9938105561960218,False,3523260.1074842024,3523260.1074842024,False,True,True,False,0.003978300000198942
1.15,3,1,longer_horizon_L,1.0327922345879421,0.9938105561960218,True,0.9999999068677404,0.02133359865239207,True,True,False,False,0.014095300000008137
1.25,3,1,clean_state_L,0.9290654944860648,0.9938105561960218,False,842.8056552155055,842.8056552155055,False,True,True,False,0.0019199999996999395
1.25,3,1,rewritten_state_L,0.8874480139196605,0.9938105561960218,False,82426.77862760265,82426.77862760265,False,True,True,False,0.0020583000004990026
1.25,3,1,max_clean_rewritten_L,0.9290654944860648,0.9938105561960218,False,842.8056552155055,842.8056552155055,False,True,True,False,0.003978300000198942
1.25,3,1,longer_horizon_L,1.1226002549868939,0.9938105561960218,True,0.9999999068677404,5.103250126818599e-06,True,True,False,False,0.014095300000008137
1.5,3,1,clean_state_L,1.1148785933832777,0.9938105561960218,True,0.9999999068677404,1.0176603087430958e-05,True,True,False,False,0.0019199999996999395
1.5,3,1,rewritten_state_L,1.0649376167035927,0.9938105561960218,True,0.9999999068677404,0.000995276437311226,True,True,False,False,0.0020583000004990026
1.5,3,1,max_clean_rewritten_L,1.1148785933832777,0.9938105561960218,True,0.9999999068677404,1.0176603087430958e-05,True,True,False,False,0.003978300000198942
1.5,3,1,longer_horizon_L,1.3471203059842725,0.9938105561960218,True,0.9999999068677404,6.162007892938896e-14,True,True,False,False,0.014095300000008137
1.0,3,3,clean_state_L,0.8691687197813394,0.9938105561960218,False,660619.9468066155,660619.9468066155,False,True,True,False,0.003913000000466127
1.0,3,3,rewritten_state_L,0.8206213857296114,0.9938105561960218,False,207051051.73798394,207051051.73798394,False,True,True,False,0.0048412999994980055
1.0,3,3,max_clean_rewritten_L,0.8691687197813394,0.9938105561960218,False,660619.9468066155,660619.9468066155,False,True,True,False,0.008754299999964132
1.0,3,3,longer_horizon_L,0.930618489236793,0.9938105561960218,False,713.1696239256723,713.1696239256723,False,True,True,False,0.016520700000000943
1.03,3,3,clean_state_L,0.8952437813747796,0.9938105561960218,False,34373.93189404224,34373.93189404224,False,True,True,False,0.003913000000466127
1.03,3,3,rewritten_state_L,0.8452400273014997,0.9938105561960218,False,10773454.215899905,10773454.215899905,False,True,True,False,0.0048412999994980055
1.03,3,3,max_clean_rewritten_L,0.8952437813747796,0.9938105561960218,False,34373.93189404224,34373.93189404224,False,True,True,False,0.008754299999964132
1.03,3,3,longer_horizon_L,0.9585370439138968,0.9938105561960218,False,60.20341580559313,37.10824082775835,False,True,True,False,0.016520700000000943
1.08,3,3,clean_state_L,0.9387022173638466,0.9938105561960218,False,320.70501177788645,300.3143840733751,False,True,True,False,0.003913000000466127
1.08,3,3,rewritten_state_L,0.8862710965879804,0.9938105561960218,False,94124.32878391327,94124.32878391327,False,True,True,False,0.0048412999994980055
1.08,3,3,max_clean_rewritten_L,0.9387022173638466,0.9938105561960218,False,320.70501177788645,300.3143840733751,False,True,True,False,0.008754299999964132
1.08,3,3,longer_horizon_L,1.0050679683757364,0.9938105561960218,False,1.9207899140889932,0.32420319335555675,True,True,False,False,0.016520700000000943
1.15,3,3,clean_state_L,0.9995440277485402,0.9938105561960218,False,2.8250433599284217,0.5625584433293036,False,True,True,False,0.003913000000466127
1.15,3,3,rewritten_state_L,0.9437145935890531,0.9938105561960218,False,209.44961389370442,176.3166824109118,False,True,True,False,0.0048412999994980055
1.15,3,3,max_clean_rewritten_L,0.9995440277485402,0.9938105561960218,False,2.8250433599284217,0.5625584433293036,False,True,True,False,0.008754299999964132
1.15,3,3,longer_horizon_L,1.070211262622312,0.9938105561960218,True,0.9999999068677404,0.0006073077196726192,True,True,False,False,0.016520700000000943
1.25,3,3,clean_state_L,1.0864608997266743,0.9938105561960218,True,0.9999999068677404,0.0001345706598329242,True,True,False,False,0.003913000000466127
1.25,3,3,rewritten_state_L,1.0257767321620141,0.9938105561960218,True,0.9999999068677404,0.04217704413281702,True,True,False,False,0.0048412999994980055
1.25,3,3,max_clean_rewritten_L,1.0864608997266743,0.9938105561960218,True,0.9999999068677404,0.0001345706598329242,True,True,False,False,0.008754299999964132
1.25,3,3,longer_horizon_L,1.1632731115459913,0.9938105561960218,True,0.9999999068677404,1.4527521811655227e-07,True,True,False,False,0.016520700000000943
1.5,3,3,clean_state_L,1.303753079672009,0.9938105561960218,True,0.9999999068677404,1.624896776449838e-12,True,True,False,False,0.003913000000466127
1.5,3,3,rewritten_state_L,1.2309320785944171,0.9938105561960218,True,0.9999999068677404,5.092740359353409e-10,True,True,False,False,0.0048412999994980055
1.5,3,3,max_clean_rewritten_L,1.303753079672009,0.9938105561960218,True,0.9999999068677404,1.624896776449838e-12,True,True,False,False,0.008754299999964132
1.5,3,3,longer_horizon_L,1.3959277338551894,0.9938105561960218,True,0.9999999068677404,1.754150822391064e-15,True,True,False,False,0.016520700000000943
1.0,3,5,clean_state_L,0.9350755443171417,0.9938105561960218,False,442.2732106346337,442.2732106346337,False,True,True,False,0.008796600000096078
1.0,3,5,rewritten_state_L,0.8593622955005752,0.9938105561960218,False,2054617.5684341234,2054617.5684341234,False,True,True,False,0.007638800000677293
1.0,3,5,max_clean_rewritten_L,0.9350755443171417,0.9938105561960218,False,442.2732106346337,442.2732106346337,False,True,True,False,0.01643540000077337
1.0,3,5,longer_horizon_L,0.9446009137839785,0.9938105561960218,False,194.29621335017737,160.5182333434908,False,True,True,False,0.018147099999623606
1.03,3,5,clean_state_L,0.963127810646656,0.9938105561960218,False,41.07895343093289,23.012731138989576,False,True,True,False,0.008796600000096078
1.03,3,5,rewritten_state_L,0.8851431643655925,0.9938105561960218,False,106907.58689175849,106907.58689175849,False,True,True,False,0.007638800000677293
1.03,3,5,max_clean_rewritten_L,0.963127810646656,0.9938105561960218,False,41.07895343093289,23.012731138989576,False,True,True,False,0.01643540000077337
1.03,3,5,longer_horizon_L,0.9729389411974979,0.9938105561960218,False,18.737820644906357,8.352219528600287,False,True,True,False,0.018147099999623606
1.08,3,5,clean_state_L,1.0098815878625131,0.9938105561960218,False,1.377282230101843,0.20105509602902616,True,True,False,False,0.008796600000096078
1.08,3,5,rewritten_state_L,0.9281112791406213,0.9938105561960218,False,934.0184360967469,934.0184360967469,False,True,True,False,0.007638800000677293
1.08,3,5,max_clean_rewritten_L,1.0098815878625131,0.9938105561960218,False,1.377282230101843,0.20105509602902616,True,True,False,False,0.01643540000077337
1.08,3,5,longer_horizon_L,1.0201689868866968,0.9938105561960218,True,0.9999999068677404,0.07297075211264961,True,True,False,False,0.018147099999623606
1.15,3,5,clean_state_L,1.0753368759647128,0.9938105561960218,True,0.9999999068677404,0.0003766227921266622,True,True,False,False,0.008796600000096078
1.15,3,5,rewritten_state_L,0.9882666398256614,0.9938105561960218,False,6.2513042748742365,1.7496330023375657,False,True,True,False,0.007638800000677293
1.15,3,5,max_clean_rewritten_L,1.0753368759647128,0.9938105561960218,True,0.9999999068677404,0.0003766227921266622,True,True,False,False,0.01643540000077337
1.15,3,5,longer_horizon_L,1.086291050851575,0.9938105561960218,True,0.9999999068677404,0.00013669113067534935,True,True,False,False,0.018147099999623606
1.25,3,5,clean_state_L,1.1688444303964272,0.9938105561960218,True,0.9999999068677404,9.009264414317036e-08,True,True,False,False,0.008796600000096078
1.25,3,5,rewritten_state_L,1.074202869375719,0.9938105561960218,True,0.9999999068677404,0.0004185329904509164,True,True,False,False,0.007638800000677293
1.25,3,5,max_clean_rewritten_L,1.1688444303964272,0.9938105561960218,True,0.9999999068677404,9.009264414317036e-08,True,True,False,False,0.01643540000077337
1.25,3,5,longer_horizon_L,1.180751142229973,0.9938105561960218,True,0.9999999068677404,3.269814161783476e-08,True,True,False,False,0.018147099999623606
1.5,3,5,clean_state_L,1.4026133164757124,0.9938105561960218,True,0.9999999068677404,1.0878392602951563e-15,True,True,False,False,0.008796600000096078
1.5,3,5,rewritten_state_L,1.2890434432508628,0.9938105561960218,True,0.9999999068677404,5.053649197127654e-12,True,True,False,False,0.007638800000677293
1.5,3,5,max_clean_rewritten_L,1.4026133164757124,0.9938105561960218,True,0.9999999068677404,1.0878392602951563e-15,True,True,False,False,0.01643540000077337
1.5,3,5,longer_horizon_L,1.4169013706759677,0.9938105561960218,True,0.9999999068677404,3.9481938319009235e-16,True,True,False,False,0.018147099999623606
1.0,3,10,clean_state_L,0.9095343661405406,0.9938105561960218,False,7054.223001593406,7054.223001593406,False,True,True,False,0.011791799999627983
1.0,3,10,rewritten_state_L,0.8815898834814756,0.9938105561960218,False,159845.6127428989,159845.6127428989,False,True,True,False,0.01214330000038899
1.0,3,10,max_clean_rewritten_L,0.9095343661405406,0.9938105561960218,False,7054.223001593406,7054.223001593406,False,True,True,False,0.023935100000016973
1.0,3,10,longer_horizon_L,0.9623389050794741,0.9938105561960218,False,43.86213370754275,24.977912704620937,False,True,True,False,0.021457699999700708
1.03,3,10,clean_state_L,0.9368203971247568,0.9938105561960218,False,376.55308586852885,367.05125570957097,False,True,True,False,0.011791799999627983
1.03,3,10,rewritten_state_L,0.9080375799859199,0.9938105561960218,False,8317.221168609749,8317.221168609749,False,True,True,False,0.01214330000038899
1.03,3,10,max_clean_rewritten_L,0.9368203971247568,0.9938105561960218,False,376.55308586852885,367.05125570957097,False,True,True,False,0.023935100000016973
1.03,3,10,longer_horizon_L,0.9912090722318583,0.9938105561960218,False,5.076814976012775,1.2996717315520452,False,True,True,False,0.021457699999700708
1.08,3,10,clean_state_L,0.9822971154317839,0.9938105561960218,False,9.553429652960288,3.206813003573947,False,True,True,False,0.011791799999627983
1.08,3,10,rewritten_state_L,0.9521170741599937,0.9938105561960218,False,103.06352147016219,72.66498229392343,False,True,True,False,0.01214330000038899
1.08,3,10,max_clean_rewritten_L,0.9822971154317839,0.9938105561960218,False,9.553429652960288,3.206813003573947,False,True,True,False,0.023935100000016973
1.08,3,10,longer_horizon_L,1.039326017485832,0.9938105561960218,True,0.9999999068677404,0.011354828908190147,True,True,False,False,0.021457699999700708
1.15,3,10,clean_state_L,1.0459645210616215,0.9938105561960218,True,0.9999999068677404,0.006007103978402722,True,True,False,False,0.011791799999627983
1.15,3,10,rewritten_state_L,1.0138283660036969,0.9938105561960218,False,1.0522963116897237,0.13611835293854313,True,True,False,False,0.01214330000038899
1.15,3,10,max_clean_rewritten_L,1.0459645210616215,0.9938105561960218,True,0.9999999068677404,0.006007103978402722,True,True,False,False,0.023935100000016973
1.15,3,10,longer_horizon_L,1.1066897408413952,0.9938105561960218,True,0.9999999068677404,2.127022618171127e-05,True,True,False,False,0.021457699999700708
1.25,3,10,clean_state_L,1.1369179576756758,0.9938105561960218,True,0.9999999068677404,1.4369706039331952e-06,True,True,False,False,0.011791799999627983
1.25,3,10,rewritten_state_L,1.1019873543518446,0.9938105561960218,True,0.9999999068677404,3.256112638165133e-05,True,True,False,False,0.01214330000038899
1.25,3,10,max_clean_rewritten_L,1.1369179576756758,0.9938105561960218,True,0.9999999068677404,1.4369706039331952e-06,True,True,False,False,0.023935100000016973
1.25,3,10,longer_horizon_L,1.2029236313493425,0.9938105561960218,True,0.9999999068677404,5.088090679305513e-09,True,True,False,False,0.021457699999700708
1.5,3,10,clean_state_L,1.3643015492108108,0.9938105561960218,True,0.9999999068677404,1.73509508319506e-14,True,True,False,False,0.011791799999627983
1.5,3,10,rewritten_state_L,1.3223848252222135,0.9938105561960218,True,0.9999999068677404,3.931649689524346e-13,True,True,False,False,0.01214330000038899
1.5,3,10,max_clean_rewritten_L,1.3643015492108108,0.9938105561960218,True,0.9999999068677404,1.73509508319506e-14,True,True,False,False,0.023935100000016973
1.5,3,10,longer_horizon_L,1.4435083576192111,0.9938105561960218,True,0.9999999068677404,6.143703355064516e-17,True,True,False,False,0.021457699999700708
1.0,3,15,clean_state_L,0.9565064623777444,0.9938105561960218,False,71.33465426491362,45.874321221375034,False,True,True,False,0.015843400000449037
1.0,3,15,rewritten_state_L,0.952456253221847,0.9938105561960218,False,100.16828774278416,70.12239858397523,False,True,True,False,0.015374099999462487
1.0,3,15,max_clean_rewritten_L,0.9565064623777444,0.9938105561960218,False,71.33465426491362,45.874321221375034,False,True,True,False,0.031217499999911524
1.0,3,15,longer_horizon_L,0.9622683678879006,0.9938105561960218,False,44.120098097311555,25.161674341230437,False,True,True,False,0.03151849999994738
1.03,3,15,clean_state_L,0.9852016562490767,0.9938105561960218,False,7.769638117374358,2.3869712093488515,False,True,True,False,0.015843400000449037
1.03,3,15,rewritten_state_L,0.9810299408185025,0.9938105561960218,False,10.456871460799194,3.6486675354324936,False,True,True,False,0.015374099999462487
1.03,3,15,max_clean_rewritten_L,0.9852016562490767,0.9938105561960218,False,7.769638117374358,2.3869712093488515,False,True,True,False,0.031217499999911524
1.03,3,15,longer_horizon_L,0.9911364189245376,0.9938105561960218,False,5.102931181534235,1.3092333713603572,False,True,True,False,0.03151849999994738
1.08,3,15,clean_state_L,1.033026979367964,0.9938105561960218,True,0.9999999068677404,0.02085422728904416,True,True,False,False,0.015843400000449037
1.08,3,15,rewritten_state_L,1.0286527534795948,0.9938105561960218,True,0.9999999068677404,0.0318772768553096,True,True,False,False,0.015374099999462487
1.08,3,15,max_clean_rewritten_L,1.033026979367964,0.9938105561960218,True,0.9999999068677404,0.02085422728904416,True,True,False,False,0.031217499999911524
1.08,3,15,longer_horizon_L,1.0392498373189327,0.9938105561960218,True,0.9999999068677404,0.011438365990262036,True,True,False,False,0.03151849999994738
1.15,3,15,clean_state_L,1.099982431734406,0.9938105561960218,True,0.9999999068677404,3.9064800964358e-05,True,True,False,False,0.015843400000449037
1.15,3,15,rewritten_state_L,1.095324691205124,0.9938105561960218,True,0.9999999068677404,5.971352754425068e-05,True,True,False,False,0.015374099999462487
1.15,3,15,max_clean_rewritten_L,1.099982431734406,0.9938105561960218,True,0.9999999068677404,3.9064800964358e-05,True,True,False,False,0.031217499999911524
1.15,3,15,longer_horizon_L,1.1066086230710857,0.9938105561960218,True,0.9999999068677404,2.1426710497291525e-05,True,True,False,False,0.03151849999994738
1.25,3,15,clean_state_L,1.1956330779721804,0.9938105561960218,True,0.9999999068677404,9.344764271786596e-09,True,True,False,False,0.015843400000449037
1.25,3,15,rewritten_state_L,1.1905703165273087,0.9938105561960218,True,0.9999999068677404,1.4284184866242462e-08,True,True,False,False,0.015374099999462487
1.25,3,15,max_clean_rewritten_L,1.1956330779721804,0.9938105561960218,True,0.9999999068677404,9.344764271786596e-09,True,True,False,False,0.031217499999911524
1.25,3,15,longer_horizon_L,1.2028354598598758,0.9938105561960218,True,0.9999999068677404,5.125523585789839e-09,True,True,False,False,0.03151849999994738
1.5,3,15,clean_state_L,1.4347596935666167,0.9938105561960218,True,0.9999999068677404,1.1283497725849915e-16,True,True,False,False,0.015843400000449037
1.5,3,15,rewritten_state_L,1.4286843798327706,0.9938105561960218,True,0.9999999068677404,1.7247686807946775e-16,True,True,False,False,0.015374099999462487
1.5,3,15,max_clean_rewritten_L,1.4347596935666167,0.9938105561960218,True,0.9999999068677404,1.1283497725849915e-16,True,True,False,False,0.031217499999911524
1.5,3,15,longer_horizon_L,1.443402551831851,0.9938105561960218,True,0.9999999068677404,6.188902367356742e-17,True,True,False,False,0.03151849999994738
1.0,3,25,clean_state_L,0.9617494445488154,0.9938105561960218,False,46.06570409999125,26.556209885109407,False,True,True,False,0.02744189999975788
1.0,3,25,rewritten_state_L,0.9721349418712508,0.9938105561960218,False,19.87057314299998,9.072044319691724,False,True,True,False,0.026178199999776552
1.0,3,25,max_clean_rewritten_L,0.9721349418712508,0.9938105561960218,False,19.87057314299998,9.072044319691724,False,True,True,False,0.05362009999953443
1.0,3,25,longer_horizon_L,0.9833324659352783,0.9938105561960218,False,8.874290651651307,2.8861752040074253,False,True,True,False,0.04979269999967073
1.03,3,25,clean_state_L,0.9906019278852799,0.9938105561960218,False,5.299297486075531,1.3817950159804306,False,True,True,False,0.02744189999975788
1.03,3,25,rewritten_state_L,1.0012989901273883,0.9938105561960218,False,2.498593752380702,0.4720442292005201,True,True,False,False,0.026178199999776552
1.03,3,25,max_clean_rewritten_L,1.0012989901273883,0.9938105561960218,False,2.498593752380702,0.4720442292005201,True,True,False,False,0.05362009999953443
1.03,3,25,longer_horizon_L,1.0128324399133368,0.9938105561960218,False,1.126133006232602,0.15017589216976102,True,True,False,False,0.04979269999967073
1.08,3,25,clean_state_L,1.0386894001127207,0.9938105561960218,True,0.9999999068677404,0.01207231457893678,True,True,False,False,0.02744189999975788
1.08,3,25,rewritten_state_L,1.049905737220951,0.9938105561960218,True,0.9999999068677404,0.0041241040560831225,True,True,False,False,0.026178199999776552
1.08,3,25,max_clean_rewritten_L,1.049905737220951,0.9938105561960218,True,0.9999999068677404,0.0041241040560831225,True,True,False,False,0.05362009999953443
1.08,3,25,longer_horizon_L,1.0619990632101006,0.9938105561960218,True,0.9999999068677404,0.0013120402024026018,True,True,False,False,0.04979269999967073
1.15,3,25,clean_state_L,1.1060118612311376,0.9938105561960218,True,0.9999999068677404,2.2614243130122674e-05,True,True,False,False,0.02744189999975788
1.15,3,25,rewritten_state_L,1.1179551831519383,0.9938105561960218,True,0.9999999068677404,7.725402714481237e-06,True,True,False,False,0.026178199999776552
1.15,3,25,max_clean_rewritten_L,1.1179551831519383,0.9938105561960218,True,0.9999999068677404,7.725402714481237e-06,True,True,False,False,0.05362009999953443
1.15,3,25,longer_horizon_L,1.13083233582557,0.9938105561960218,True,0.9999999068677404,2.457755382335347e-06,True,True,False,False,0.04979269999967073
1.25,3,25,clean_state_L,1.2021868056860192,0.9938105561960218,True,0.9999999068677404,5.4095954931057435e-09,True,True,False,False,0.02744189999975788
1.25,3,25,rewritten_state_L,1.2151686773390635,0.9938105561960218,True,0.9999999068677404,1.8480080658112949e-09,True,True,False,False,0.026178199999776552
1.25,3,25,max_clean_rewritten_L,1.2151686773390635,0.9938105561960218,True,0.9999999068677404,1.8480080658112949e-09,True,True,False,False,0.05362009999953443
1.25,3,25,longer_horizon_L,1.229165582419098,0.9938105561960218,True,0.9999999068677404,5.879242724567662e-10,True,True,False,False,0.04979269999967073
1.5,3,25,clean_state_L,1.4426241668232231,0.9938105561960218,True,0.9999999068677404,6.531909919709205e-17,True,True,False,False,0.02744189999975788
1.5,3,25,rewritten_state_L,1.4582024128068762,0.9938105561960218,True,0.9999999068677404,2.2314093969058158e-17,True,True,False,False,0.026178199999776552
1.5,3,25,max_clean_rewritten_L,1.4582024128068762,0.9938105561960218,True,0.9999999068677404,2.2314093969058158e-17,True,True,False,False,0.05362009999953443
1.5,3,25,longer_horizon_L,1.4749986989029176,0.9938105561960218,True,0.9999999068677404,7.098993616421778e-18,True,True,False,False,0.04979269999967073
1.0,3,50,clean_state_L,0.9882263603954905,0.9938105561960218,False,6.2691653007682895,1.7567787940800084,False,True,True,False,0.05111459999989165
1.0,3,50,rewritten_state_L,0.989420236275314,0.9938105561960218,False,5.76109343306372,1.5569750325105198,False,True,True,False,0.05484509999951115
1.0,3,50,max_clean_rewritten_L,0.989420236275314,0.9938105561960218,False,5.76109343306372,1.5569750325105198,False,True,True,False,0.1059596999994028
1.0,3,50,longer_horizon_L,0.9807261847987943,0.9938105561960218,False,10.68602437435361,3.7634263586374344,False,True,True,False,0.10106199999972887
1.03,3,50,clean_state_L,1.0178731512073553,0.9938105561960218,True,0.9999999068677404,0.0914101896446075,True,True,False,False,0.05111459999989165
1.03,3,50,rewritten_state_L,1.0191028433635734,0.9938105561960218,True,0.9999999068677404,0.08101383251739393,True,True,False,False,0.05484509999951115
1.03,3,50,max_clean_rewritten_L,1.0191028433635734,0.9938105561960218,True,0.9999999068677404,0.08101383251739393,True,True,False,False,0.1059596999994028
1.03,3,50,longer_horizon_L,1.010147970342758,0.9938105561960218,False,1.3524449357824406,0.19582176100703785,True,True,False,False,0.10106199999972887
1.08,3,50,clean_state_L,1.0672844692271297,0.9938105561960218,True,0.9999999068677404,0.0007986224818787577,True,True,False,False,0.05111459999989165
1.08,3,50,rewritten_state_L,1.0685738551773392,0.9938105561960218,True,0.9999999068677404,0.0007077927334260434,True,True,False,False,0.05484509999951115
1.08,3,50,max_clean_rewritten_L,1.0685738551773392,0.9938105561960218,True,0.9999999068677404,0.0007077927334260434,True,True,False,False,0.1059596999994028
1.08,3,50,longer_horizon_L,1.0591842795826978,0.9938105561960218,True,0.9999999068677404,0.001710834004275941,True,True,False,False,0.10106199999972887
1.15,3,50,clean_state_L,1.136460314454814,0.9938105561960218,True,0.9999999068677404,1.4960050002257786e-06,True,True,False,False,0.05111459999989165
1.15,3,50,rewritten_state_L,1.1378332717166109,0.9938105561960218,True,0.9999999068677404,1.3258598303392183e-06,True,True,False,False,0.05484509999951115
1.15,3,50,max_clean_rewritten_L,1.1378332717166109,0.9938105561960218,True,0.9999999068677404,1.3258598303392183e-06,True,True,False,False,0.1059596999994028
1.15,3,50,longer_horizon_L,1.1278351125186132,0.9938105561960218,True,0.9999999068677404,3.2047885991540067e-06,True,True,False,False,0.10106199999972887
1.25,3,50,clean_state_L,1.2352829504943632,0.9938105561960218,True,0.9999999068677404,3.578621606002461e-10,True,True,False,False,0.05111459999989165
1.25,3,50,rewritten_state_L,1.2367752953441424,0.9938105561960218,True,0.9999999068677404,3.1716141554784856e-10,True,True,False,False,0.05484509999951115
1.25,3,50,max_clean_rewritten_L,1.2367752953441424,0.9938105561960218,True,0.9999999068677404,3.1716141554784856e-10,True,True,False,False,0.1059596999994028
1.25,3,50,longer_horizon_L,1.2259077309984927,0.9938105561960218,True,0.9999999068677404,7.666234886830029e-10,True,True,False,False,0.10106199999972887
1.5,3,50,clean_state_L,1.4823395405932358,0.9938105561960218,True,0.9999999068677404,4.321068737380437e-18,True,True,False,False,0.05111459999989165
1.5,3,50,rewritten_state_L,1.484130354412971,0.9938105561960218,True,0.9999999068677404,3.82962053078878e-18,True,True,False,False,0.05484509999951115
1.5,3,50,max_clean_rewritten_L,1.484130354412971,0.9938105561960218,True,0.9999999068677404,3.82962053078878e-18,True,True,False,False,0.1059596999994028
1.5,3,50,longer_horizon_L,1.4710892771981914,0.9938105561960218,True,0.9999999068677404,9.256728302129753e-18,True,True,False,False,0.10106199999972887
1.0,5,1,clean_state_L,0.7684270606929983,0.9938105561960218,False,147943355209.01035,147943355209.01035,False,True,True,False,0.0027300000001559965
1.0,5,1,rewritten_state_L,0.7272294723203837,0.9938105561960218,False,36577447203550.15,36577447203550.15,False,True,True,False,0.0023910999998406623
1.0,5,1,max_clean_rewritten_L,0.7684270606929983,0.9938105561960218,False,147943355209.01035,147943355209.01035,False,True,True,False,0.005121099999996659
1.0,5,1,longer_horizon_L,0.8956415696482799,0.9938105561960218,False,32880.3376010272,32880.3376010272,False,True,True,False,0.019080200000644254
1.03,5,1,clean_state_L,0.7914798725137883,0.9938105561960218,False,7697912908.49297,7697912908.49297,False,True,True,False,0.0027300000001559965
1.03,5,1,rewritten_state_L,0.7490463564899953,0.9938105561960218,False,1903228452471.7883,1903228452471.7883,False,True,True,False,0.0023910999998406623
1.03,5,1,max_clean_rewritten_L,0.7914798725137883,0.9938105561960218,False,7697912908.49297,7697912908.49297,False,True,True,False,0.005121099999996659
1.03,5,1,longer_horizon_L,0.9225108167377283,0.9938105561960218,False,1710.857340615058,1710.857340615058,False,True,True,False,0.019080200000644254
1.08,5,1,clean_state_L,0.8299012255484381,0.9938105561960218,False,67254278.06428161,67254278.06428161,False,True,True,False,0.0027300000001559965
1.08,5,1,rewritten_state_L,0.7854078301060144,0.9938105561960218,False,16627916824.204226,16627916824.204226,False,True,True,False,0.0023910999998406623
1.08,5,1,max_clean_rewritten_L,0.8299012255484381,0.9938105561960218,False,67254278.06428161,67254278.06428161,False,True,True,False,0.005121099999996659
1.08,5,1,longer_horizon_L,0.9672928952201424,0.9938105561960218,False,29.086630582560453,14.947230071555348,False,True,True,False,0.019080200000644254
1.15,5,1,clean_state_L,0.8836911197969479,0.9938105561960218,False,125982.84991182493,125982.84991182493,False,True,True,False,0.0027300000001559965
1.15,5,1,rewritten_state_L,0.8363138931684412,0.9938105561960218,False,31147941.958544374,31147941.958544374,False,True,True,False,0.0023910999998406623
1.15,5,1,max_clean_rewritten_L,0.8836911197969479,0.9938105561960218,False,125982.84991182493,125982.84991182493,False,True,True,False,0.005121099999996659
1.15,5,1,longer_horizon_L,1.0299878050955218,0.9938105561960218,True,0.9999999068677404,0.027999626148725153,True,True,False,False,0.019080200000644254
1.25,5,1,clean_state_L,0.9605338258662478,0.9938105561960218,False,50.97064978625854,30.136593702038695,False,True,True,False,0.0027300000001559965
1.25,5,1,rewritten_state_L,0.9090368404004796,0.9938105561960218,False,7450.957587610711,7450.957587610711,False,True,True,False,0.0023910999998406623
1.25,5,1,max_clean_rewritten_L,0.9605338258662478,0.9938105561960218,False,50.97064978625854,30.136593702038695,False,True,True,False,0.005121099999996659
1.25,5,1,longer_horizon_L,1.1195519620603498,0.9938105561960218,True,0.9999999068677404,6.697843060731639e-06,True,True,False,False,0.019080200000644254
1.5,5,1,clean_state_L,1.1526405910394975,0.9938105561960218,True,0.9999999068677404,3.6388952852291197e-07,True,True,False,False,0.0027300000001559965
1.5,5,1,rewritten_state_L,1.0908442084805756,0.9938105561960218,True,0.9999999068677404,8.99678799272017e-05,True,True,False,False,0.0023910999998406623
1.5,5,1,max_clean_rewritten_L,1.1526405910394975,0.9938105561960218,True,0.9999999068677404,3.6388952852291197e-07,True,True,False,False,0.005121099999996659
1.5,5,1,longer_horizon_L,1.3434623544724198,0.9938105561960218,True,0.9999999068677404,8.087426792780623e-14,True,True,False,False,0.019080200000644254
1.0,5,3,clean_state_L,0.8503468138181299,0.9938105561960218,False,5898636.443087523,5898636.443087523,False,True,True,False,0.005738799999562616
1.0,5,3,rewritten_state_L,0.8799200082527167,0.9938105561960218,False,193215.15902468245,193215.15902468245,False,True,True,False,0.006411899999875459
1.0,5,3,max_clean_rewritten_L,0.8799200082527167,0.9938105561960218,False,193215.15902468245,193215.15902468245,False,True,True,False,0.012150699999438075
1.0,5,3,longer_horizon_L,0.917172942866759,0.9938105561960218,False,3056.589220255942,3056.589220255942,False,True,True,False,0.022836999999526597
1.03,5,3,clean_state_L,0.8758572182326738,0.9938105561960218,False,306922.80537778034,306922.80537778034,False,True,True,False,0.005738799999562616
1.03,5,3,rewritten_state_L,0.9063176085002982,0.9938105561960218,False,10053.533426163956,10053.533426163956,False,True,True,False,0.006411899999875459
1.03,5,3,max_clean_rewritten_L,0.9063176085002982,0.9938105561960218,False,10053.533426163956,10053.533426163956,False,True,True,False,0.012150699999438075
1.03,5,3,longer_horizon_L,0.9446881311527617,0.9938105561960218,False,192.86637818037414,159.04301738545334,False,True,True,False,0.022836999999526597
1.08,5,3,clean_state_L,0.9183745589235804,0.9938105561960218,False,2681.489378032892,2681.489378032892,False,True,True,False,0.005738799999562616
1.08,5,3,rewritten_state_L,0.950313608912934,0.9938105561960218,False,119.94367690315948,87.8346040815554,False,True,True,False,0.006411899999875459
1.08,5,3,max_clean_rewritten_L,0.950313608912934,0.9938105561960218,False,119.94367690315948,87.8346040815554,False,True,True,False,0.012150699999438075
1.08,5,3,longer_horizon_L,0.9905467782960998,0.9938105561960218,False,5.31999023005813,1.3895095258381458,False,True,True,False,0.022836999999526597
1.15,5,3,clean_state_L,0.9778988358908494,0.9938105561960218,False,13.07931745303642,5.023051076839811,False,True,True,False,0.005738799999562616
1.15,5,3,rewritten_state_L,1.011908009490624,0.9938105561960218,False,1.1993694339752798,0.1645345703137967,True,True,False,False,0.006411899999875459
1.15,5,3,max_clean_rewritten_L,1.011908009490624,0.9938105561960218,False,1.1993694339752798,0.1645345703137967,True,True,False,False,0.012150699999438075
1.15,5,3,longer_horizon_L,1.0547488842967727,0.9938105561960218,True,0.9999999068677404,0.0026028733797038715,True,True,False,False,0.022836999999526597
1.25,5,3,clean_state_L,1.0629335172726624,0.9938105561960218,True,0.9999999068677404,0.0012015734645886996,True,True,False,False,0.005738799999562616
1.25,5,3,rewritten_state_L,1.0999000103158958,0.9938105561960218,True,0.9999999068677404,3.935862301064688e-05,True,True,False,False,0.006411899999875459
1.25,5,3,max_clean_rewritten_L,1.0999000103158958,0.9938105561960218,True,0.9999999068677404,3.935862301064688e-05,True,True,False,False,0.012150699999438075
1.25,5,3,longer_horizon_L,1.1464661785834487,0.9938105561960218,True,0.9999999068677404,6.226382206537557e-07,True,True,False,False,0.022836999999526597
1.5,5,3,clean_state_L,1.275520220727195,0.9938105561960218,True,0.9999999068677404,1.4508607238025254e-11,True,True,False,False,0.005738799999562616
1.5,5,3,rewritten_state_L,1.319880012379075,0.9938105561960218,True,0.9999999068677404,4.752425211773836e-13,True,True,False,False,0.006411899999875459
1.5,5,3,max_clean_rewritten_L,1.319880012379075,0.9938105561960218,True,0.9999999068677404,4.752425211773836e-13,True,True,False,False,0.012150699999438075
1.5,5,3,longer_horizon_L,1.3757594143001386,0.9938105561960218,True,0.9999999068677404,7.51815320583864e-15,True,True,False,False,0.022836999999526597
1.0,5,5,clean_state_L,0.848649386318143,0.9938105561960218,False,7203281.004876368,7203281.004876368,False,True,True,False,0.009228400000210968
1.0,5,5,rewritten_state_L,0.7896821671855837,0.9938105561960218,False,9663343799.412336,9663343799.412336,False,True,True,False,0.0091614999992089
1.0,5,5,max_clean_rewritten_L,0.848649386318143,0.9938105561960218,False,7203281.004876368,7203281.004876368,False,True,True,False,0.018389899999419868
1.0,5,5,longer_horizon_L,0.9436951905535175,0.9938105561960218,False,209.79440832661874,176.6795710901789,False,True,True,False,0.02536359999976412
1.03,5,5,clean_state_L,0.8741088679076874,0.9938105561960218,False,374807.16692278226,374807.16692278226,False,True,True,False,0.009228400000210968
1.03,5,5,rewritten_state_L,0.8133726322011512,0.9938105561960218,False,502811220.3323345,502811220.3323345,False,True,True,False,0.0091614999992089
1.03,5,5,max_clean_rewritten_L,0.8741088679076874,0.9938105561960218,False,374807.16692278226,374807.16692278226,False,True,True,False,0.018389899999419868
1.03,5,5,longer_horizon_L,0.972006046270123,0.9938105561960218,False,20.058528635790022,9.193139827338916,False,True,True,False,0.02536359999976412
1.08,5,5,clean_state_L,0.9165413372235945,0.9938105561960218,False,3274.5739948420733,3274.5739948420733,False,True,True,False,0.009228400000210968
1.08,5,5,rewritten_state_L,0.8528567405604305,0.9938105561960218,False,4392905.717179798,4392905.717179798,False,True,True,False,0.0091614999992089
1.08,5,5,max_clean_rewritten_L,0.9165413372235945,0.9938105561960218,False,3274.5739948420733,3274.5739948420733,False,True,True,False,0.018389899999419868
1.08,5,5,longer_horizon_L,1.019190805797799,0.9938105561960218,True,0.9999999068677404,0.08031761200487567,True,True,False,False,0.02536359999976412
1.15,5,5,clean_state_L,0.9759467942658644,0.9938105561960218,False,15.050108006614273,6.134036019583046,False,True,True,False,0.009228400000210968
1.15,5,5,rewritten_state_L,0.9081344922634212,0.9938105561960218,False,8228.930524171146,8228.930524171146,False,True,True,False,0.0091614999992089
1.15,5,5,max_clean_rewritten_L,0.9759467942658644,0.9938105561960218,False,15.050108006614273,6.134036019583046,False,True,True,False,0.018389899999419868
1.15,5,5,longer_horizon_L,1.085249469136545,0.9938105561960218,True,0.9999999068677404,0.00015045350198860326,True,True,False,False,0.02536359999976412
1.25,5,5,clean_state_L,1.0608117328976787,0.9938105561960218,True,0.9999999068677404,0.0014673342554580083,True,True,False,False,0.009228400000210968
1.25,5,5,rewritten_state_L,0.9871027089819796,0.9938105561960218,False,6.788847544842159,1.9684578971091773,False,True,True,False,0.0091614999992089
1.25,5,5,max_clean_rewritten_L,1.0608117328976787,0.9938105561960218,True,0.9999999068677404,0.0014673342554580083,True,True,False,False,0.018389899999419868
1.25,5,5,longer_horizon_L,1.1796189881918968,0.9938105561960218,True,0.9999999068677404,3.5990264259404215e-08,True,True,False,False,0.02536359999976412
1.5,5,5,clean_state_L,1.2729740794772146,0.9938105561960218,True,0.9999999068677404,1.771758200954241e-11,True,True,False,False,0.009228400000210968
1.5,5,5,rewritten_state_L,1.1845232507783756,0.9938105561960218,True,0.9999999068677404,2.376848635178727e-08,True,True,False,False,0.0091614999992089
1.5,5,5,max_clean_rewritten_L,1.2729740794772146,0.9938105561960218,True,0.9999999068677404,1.771758200954241e-11,True,True,False,False,0.018389899999419868
1.5,5,5,longer_horizon_L,1.4155427858302763,0.9938105561960218,True,0.9999999068677404,4.3457068911818175e-16,True,True,False,False,0.02536359999976412
1.0,5,10,clean_state_L,0.8825478093391464,0.9938105561960218,False,143395.78314350764,143395.78314350764,False,True,True,False,0.017530299999634735
1.0,5,10,rewritten_state_L,0.8493552391580256,0.9938105561960218,False,6628625.831578275,6628625.831578275,False,True,True,False,0.01857630000085919
1.0,5,10,max_clean_rewritten_L,0.8825478093391464,0.9938105561960218,False,143395.78314350764,143395.78314350764,False,True,True,False,0.03610660000049393
1.0,5,10,longer_horizon_L,0.9655872047690368,0.9938105561960218,False,33.497552094188194,17.832420206336145,False,True,True,False,0.04046870000001945
1.03,5,10,clean_state_L,0.9090242436193209,0.9938105561960218,False,7461.289819501412,7461.289819501412,False,True,True,False,0.017530299999634735
1.03,5,10,rewritten_state_L,0.8748358963327664,0.9938105561960218,False,344906.22632146993,344906.22632146993,False,True,True,False,0.01857630000085919
1.03,5,10,max_clean_rewritten_L,0.9090242436193209,0.9938105561960218,False,7461.289819501412,7461.289819501412,False,True,True,False,0.03610660000049393
1.03,5,10,longer_horizon_L,0.9945548209121079,0.9938105561960218,False,4.01004492433465,0.9278714647379233,False,True,True,False,0.04046870000001945
1.08,5,10,clean_state_L,0.9531516340862782,0.9938105561960218,False,94.48731431110454,65.18697550933645,False,True,True,False,0.017530299999634735
1.08,5,10,rewritten_state_L,0.9173036582906677,0.9938105561960218,False,3013.3387486799984,3013.3387486799984,False,True,True,False,0.01857630000085919
1.08,5,10,max_clean_rewritten_L,0.9531516340862782,0.9938105561960218,False,94.48731431110454,65.18697550933645,False,True,True,False,0.03610660000049393
1.08,5,10,longer_horizon_L,1.04283418115056,0.9938105561960218,True,0.9999999068677404,0.008106525267198914,True,True,False,False,0.04046870000001945
1.15,5,10,clean_state_L,1.0149299807400183,0.9938105561960218,True,0.9999999068677404,0.12211031310081406,True,True,False,False,0.017530299999634735
1.15,5,10,rewritten_state_L,0.9767585250317293,0.9938105561960218,False,14.192385315957365,5.64468185868554,False,True,True,False,0.01857630000085919
1.15,5,10,max_clean_rewritten_L,1.0149299807400183,0.9938105561960218,True,0.9999999068677404,0.12211031310081406,True,True,False,False,0.03610660000049393
1.15,5,10,longer_horizon_L,1.1104252854843923,0.9938105561960218,True,0.9999999068677404,1.5185400623404234e-05,True,True,False,False,0.04046870000001945
1.25,5,10,clean_state_L,1.103184761673933,0.9938105561960218,True,0.9999999068677404,2.921023691179857e-05,True,True,False,False,0.017530299999634735
1.25,5,10,rewritten_state_L,1.061694048947532,0.9938105561960218,True,0.9999999068677404,0.0013502749292585085,True,True,False,False,0.01857630000085919
1.25,5,10,max_clean_rewritten_L,1.103184761673933,0.9938105561960218,True,0.9999999068677404,2.921023691179857e-05,True,True,False,False,0.03610660000049393
1.25,5,10,longer_horizon_L,1.206984005961296,0.9938105561960218,True,0.9999999068677404,3.632528150542098e-09,True,True,False,False,0.04046870000001945
1.5,5,10,clean_state_L,1.3238217140087196,0.9938105561960218,True,0.9999999068677404,3.527040727618113e-13,True,True,False,False,0.017530299999634735
1.5,5,10,rewritten_state_L,1.2740328587370384,0.9938105561960218,True,0.9999999068677404,1.630412886878289e-11,True,True,False,False,0.01857630000085919
1.5,5,10,max_clean_rewritten_L,1.3238217140087196,0.9938105561960218,True,0.9999999068677404,3.527040727618113e-13,True,True,False,False,0.03610660000049393
1.5,5,10,longer_horizon_L,1.4483808071535553,0.9938105561960218,True,0.9999999068677404,4.386159129714599e-17,True,True,False,False,0.04046870000001945
1.0,5,15,clean_state_L,0.9124884660780818,0.9938105561960218,False,5100.610294239119,5100.610294239119,False,True,True,False,0.02717540000048757
1.0,5,15,rewritten_state_L,0.9552828368534986,0.9938105561960218,False,79.02695401923985,52.13903683147523,False,True,True,False,0.026808700000401586
1.0,5,15,max_clean_rewritten_L,0.9552828368534986,0.9938105561960218,False,79.02695401923985,52.13903683147523,False,True,True,False,0.05398410000088916
1.0,5,15,longer_horizon_L,0.9708280206528678,0.9938105561960218,False,21.862116054764112,10.378395950872537,False,True,True,False,0.050528099999610276
1.03,5,15,clean_state_L,0.9398631200604243,0.9938105561960218,False,290.5123354643366,265.39923857847003,False,True,True,False,0.02717540000048757
1.03,5,15,rewritten_state_L,0.9839413219591036,0.9938105561960218,False,8.497988486741702,2.7129421533962983,False,True,True,False,0.026808700000401586
1.03,5,15,max_clean_rewritten_L,0.9839413219591036,0.9938105561960218,False,8.497988486741702,2.7129421533962983,False,True,True,False,0.05398410000088916
1.03,5,15,longer_horizon_L,0.9999528612724539,0.9938105561960218,False,2.7453214313615253,0.5400174144138062,False,True,True,False,0.050528099999610276
1.08,5,15,clean_state_L,0.9854875433643284,0.9938105561960218,False,7.613430382454045,2.3187108507959415,False,True,True,False,0.02717540000048757
1.08,5,15,rewritten_state_L,1.0317054638017786,0.9938105561960218,True,0.9999999068677404,0.023702134348067266,True,True,False,False,0.026808700000401586
1.08,5,15,max_clean_rewritten_L,1.0317054638017786,0.9938105561960218,True,0.9999999068677404,0.023702134348067266,True,True,False,False,0.05398410000088916
1.08,5,15,longer_horizon_L,1.0484942623050972,0.9938105561960218,True,0.9999999068677404,0.004717964697739146,True,True,False,False,0.050528099999610276
1.15,5,15,clean_state_L,1.049361735989794,0.9938105561960218,True,0.9999999068677404,0.00434348281644687,True,True,False,False,0.02717540000048757
1.15,5,15,rewritten_state_L,1.0985752623815233,0.9938105561960218,True,0.9999999068677404,4.439959092726327e-05,True,True,False,False,0.026808700000401586
1.15,5,15,max_clean_rewritten_L,1.0985752623815233,0.9938105561960218,True,0.9999999068677404,4.439959092726327e-05,True,True,False,False,0.05398410000088916
1.15,5,15,longer_horizon_L,1.116452223750798,0.9938105561960218,True,0.9999999068677404,8.837841331616823e-06,True,True,False,False,0.050528099999610276
1.25,5,15,clean_state_L,1.1406105825976023,0.9938105561960218,True,0.9999999068677404,1.0390126670627014e-06,True,True,False,False,0.02717540000048757
1.25,5,15,rewritten_state_L,1.1941035460668732,0.9938105561960218,True,0.9999999068677404,1.0620909379714428e-08,True,True,False,False,0.026808700000401586
1.25,5,15,max_clean_rewritten_L,1.1941035460668732,0.9938105561960218,True,0.9999999068677404,1.0620909379714428e-08,True,True,False,False,0.05398410000088916
1.25,5,15,longer_horizon_L,1.2135350258160846,0.9938105561960218,True,0.9999999068677404,2.114116592857167e-09,True,True,False,False,0.050528099999610276
1.5,5,15,clean_state_L,1.3687326991171227,0.9938105561960218,True,0.9999999068677404,1.2545738688483878e-14,True,True,False,False,0.02717540000048757
1.5,5,15,rewritten_state_L,1.432924255280248,0.9938105561960218,True,0.9999999068677404,1.2824401274014702e-16,True,True,False,False,0.026808700000401586
1.5,5,15,max_clean_rewritten_L,1.432924255280248,0.9938105561960218,True,0.9999999068677404,1.2824401274014702e-16,True,True,False,False,0.05398410000088916
1.5,5,15,longer_horizon_L,1.4562420309793016,0.9938105561960218,True,0.9999999068677404,2.5527267541361944e-17,True,True,False,False,0.050528099999610276
1.0,5,25,clean_state_L,0.9741821374680578,0.9938105561960218,False,17.113710396114747,7.350964006018394,False,True,True,False,0.0437712000002648
1.0,5,25,rewritten_state_L,0.9561382723874298,0.9938105561960218,False,73.56598334516647,47.674951072487076,False,True,True,False,0.045419399999445886
1.0,5,25,max_clean_rewritten_L,0.9741821374680578,0.9938105561960218,False,17.113710396114747,7.350964006018394,False,True,True,False,0.08919059999971068
1.0,5,25,longer_horizon_L,0.9876051515882542,0.9938105561960218,False,6.551275373920799,1.8707934591548643,False,True,True,False,0.08826710000084859
1.03,5,25,clean_state_L,1.0034076015920996,0.9938105561960218,False,2.1564681232452116,0.38249153286980364,True,True,False,False,0.0437712000002648
1.03,5,25,rewritten_state_L,0.9848224205590527,0.9938105561960218,False,7.981880374479348,2.4806630940212724,False,True,True,False,0.045419399999445886
1.03,5,25,max_clean_rewritten_L,1.0034076015920996,0.9938105561960218,False,2.1564681232452116,0.38249153286980364,True,True,False,False,0.08919059999971068
1.03,5,25,longer_horizon_L,1.0172333061359018,0.9938105561960218,True,0.9999999068677404,0.09734269645302442,True,True,False,False,0.08826710000084859
1.08,5,25,clean_state_L,1.0521167084655025,0.9938105561960218,True,0.9999999068677404,0.0033417099173047027,True,True,False,False,0.0437712000002648
1.08,5,25,rewritten_state_L,1.0326293341784243,0.9938105561960218,True,0.9999999068677404,0.02167278423285851,True,True,False,False,0.045419399999445886
1.08,5,25,max_clean_rewritten_L,1.0521167084655025,0.9938105561960218,True,0.9999999068677404,0.0033417099173047027,True,True,False,False,0.08919059999971068
1.08,5,25,longer_horizon_L,1.0666135637153147,0.9938105561960218,True,0.9999999068677404,0.0008504529542748699,True,True,False,False,0.08826710000084859
1.15,5,25,clean_state_L,1.1203094580882664,0.9938105561960218,True,0.9999999068677404,6.2597971620224255e-06,True,True,False,False,0.0437712000002648
1.15,5,25,rewritten_state_L,1.0995590132455442,0.9938105561960218,True,0.9999999068677404,4.05981478318731e-05,True,True,False,False,0.045419399999445886
1.15,5,25,max_clean_rewritten_L,1.1203094580882664,0.9938105561960218,True,0.9999999068677404,6.2597971620224255e-06,True,True,False,False,0.08919059999971068
1.15,5,25,longer_horizon_L,1.1357459243264922,0.9938105561960218,True,0.9999999068677404,1.593095487443541e-06,True,True,False,False,0.08826710000084859
1.25,5,25,clean_state_L,1.2177276718350722,0.9938105561960218,True,0.9999999068677404,1.4974178140999374e-09,True,True,False,False,0.0437712000002648
1.25,5,25,rewritten_state_L,1.1951728404842872,0.9938105561960218,True,0.9999999068677404,9.711559050464285e-09,True,True,False,False,0.045419399999445886
1.25,5,25,max_clean_rewritten_L,1.2177276718350722,0.9938105561960218,True,0.9999999068677404,1.4974178140999374e-09,True,True,False,False,0.08919059999971068
1.25,5,25,longer_horizon_L,1.2345064394853178,0.9938105561960218,True,0.9999999068677404,3.8108735805896936e-10,True,True,False,False,0.08826710000084859
1.5,5,25,clean_state_L,1.4612732062020868,0.9938105561960218,True,0.9999999068677404,1.8080831157032e-17,True,True,False,False,0.0437712000002648
1.5,5,25,rewritten_state_L,1.4342074085811447,0.9938105561960218,True,0.9999999068677404,1.1726390444241925e-16,True,True,False,False,0.045419399999445886
1.5,5,25,max_clean_rewritten_L,1.4612732062020868,0.9938105561960218,True,0.9999999068677404,1.8080831157032e-17,True,True,False,False,0.08919059999971068
1.5,5,25,longer_horizon_L,1.4814077273823814,0.9938105561960218,True,0.9999999068677404,4.601505413026851e-18,True,True,False,False,0.08826710000084859
1.0,5,50,clean_state_L,0.9932667305667038,0.9938105561960218,False,4.390842788876173,1.0562618742178986,False,True,True,False,0.09160470000006171
1.0,5,50,rewritten_state_L,0.9972046521363391,0.9938105561960218,False,3.328583128695803,0.7111003922956686,False,True,True,False,0.08602479999990464
1.0,5,50,max_clean_rewritten_L,0.9972046521363391,0.9938105561960218,False,3.328583128695803,0.7111003922956686,False,True,True,False,0.17762949999996636
1.0,5,50,longer_horizon_L,0.9792732176163865,0.9938105561960218,False,11.854649758713764,4.3648849772429905,False,True,True,False,0.1698765999999523
1.03,5,50,clean_state_L,1.023064732483705,0.9938105561960218,True,0.9999999068677404,0.05496030494106107,True,True,False,False,0.09160470000006171
1.03,5,50,rewritten_state_L,1.0271207917004292,0.9938105561960218,True,0.9999999068677404,0.037000572829741604,True,True,False,False,0.08602479999990464
1.03,5,50,max_clean_rewritten_L,1.0271207917004292,0.9938105561960218,True,0.9999999068677404,0.037000572829741604,True,True,False,False,0.17762949999996636
1.03,5,50,longer_horizon_L,1.0086514141448781,0.9938105561960218,False,1.4981257375514776,0.22711736098546795,True,True,False,False,0.1698765999999523
1.08,5,50,clean_state_L,1.0727280690120402,0.9938105561960218,True,0.9999999068677404,0.00048017114183322615,True,True,False,False,0.09160470000006171
1.08,5,50,rewritten_state_L,1.0769810243072464,0.9938105561960218,True,0.9999999068677404,0.0003232625314432459,True,True,False,False,0.08602479999990464
1.08,5,50,max_clean_rewritten_L,1.0769810243072464,0.9938105561960218,True,0.9999999068677404,0.0003232625314432459,True,True,False,False,0.17762949999996636
1.08,5,50,longer_horizon_L,1.0576150750256976,0.9938105561960218,True,0.9999999068677404,0.0019842539569511005,True,True,False,False,0.1698765999999523
1.15,5,50,clean_state_L,1.1422567401517092,0.9938105561960218,True,0.9999999068677404,8.994718348734088e-07,True,True,False,False,0.09160470000006171
1.15,5,50,rewritten_state_L,1.14678534995679,0.9938105561960218,True,0.9999999068677404,6.055456418996262e-07,True,True,False,False,0.08602479999990464
1.15,5,50,max_clean_rewritten_L,1.14678534995679,0.9938105561960218,True,0.9999999068677404,6.055456418996262e-07,True,True,False,False,0.17762949999996636
1.15,5,50,longer_horizon_L,1.1261642002588443,0.9938105561960218,True,0.9999999068677404,3.7169675393227486e-06,True,True,False,False,0.1698765999999523
1.25,5,50,clean_state_L,1.2415834132083798,0.9938105561960218,True,0.9999999068677404,2.151643438212333e-10,True,True,False,False,0.09160470000006171
1.25,5,50,rewritten_state_L,1.246505815170424,0.9938105561960218,True,0.9999999068677404,1.4485370818918297e-10,True,True,False,False,0.08602479999990464
1.25,5,50,max_clean_rewritten_L,1.246505815170424,0.9938105561960218,True,0.9999999068677404,1.4485370818918297e-10,True,True,False,False,0.17762949999996636
1.25,5,50,longer_horizon_L,1.224091522020483,0.9938105561960218,True,0.9999999068677404,8.891427731205971e-10,True,True,False,False,0.1698765999999523
1.5,5,50,clean_state_L,1.4899000958500557,0.9938105561960218,True,0.9999999068677404,2.5980391945475612e-18,True,True,False,False,0.09160470000006171
1.5,5,50,rewritten_state_L,1.4958069782045087,0.9938105561960218,True,0.9999999068677404,1.7490612276526986e-18,True,True,False,False,0.08602479999990464
1.5,5,50,max_clean_rewritten_L,1.4958069782045087,0.9938105561960218,True,0.9999999068677404,1.7490612276526986e-18,True,True,False,False,0.17762949999996636
1.5,5,50,longer_horizon_L,1.46890982642458,0.9938105561960218,True,0.9999999068677404,1.0736108655787422e-17,True,True,False,False,0.1698765999999523
1.0,10,1,clean_state_L,0.7653198195183684,0.9938105561960218,False,221852571118.87292,221852571118.87292,False,True,True,False,0.004853700000239769
1.0,10,1,rewritten_state_L,0.6661193634683882,0.9938105561960218,False,2.3722184011069728e+17,2.3722184011069728e+17,False,True,True,False,0.004579000000376254
1.0,10,1,max_clean_rewritten_L,0.7653198195183684,0.9938105561960218,False,221852571118.87292,221852571118.87292,False,True,True,False,0.009432700000616023
1.0,10,1,longer_horizon_L,0.8891516704102619,0.9938105561960218,False,68041.7753265249,68041.7753265249,False,True,True,False,0.039005399999950896
1.03,10,1,clean_state_L,0.7882794141039194,0.9938105561960218,False,11543619303.385387,11543619303.385387,False,True,True,False,0.004853700000239769
1.03,10,1,rewritten_state_L,0.6861029443724398,0.9938105561960218,False,1.2343326015451982e+16,1.2343326015451982e+16,False,True,True,False,0.004579000000376254
1.03,10,1,max_clean_rewritten_L,0.7882794141039194,0.9938105561960218,False,11543619303.385387,11543619303.385387,False,True,True,False,0.009432700000616023
1.03,10,1,longer_horizon_L,0.9158262205225698,0.9938105561960218,False,3540.4067986889636,3540.4067986889636,False,True,True,False,0.039005399999950896
1.08,10,1,clean_state_L,0.8265454050798379,0.9938105561960218,False,100853022.33564404,100853022.33564404,False,True,True,False,0.004853700000239769
1.08,10,1,rewritten_state_L,0.7194089125458593,0.9938105561960218,False,107839811900884.3,107839811900884.3,False,True,True,False,0.004579000000376254
1.08,10,1,max_clean_rewritten_L,0.8265454050798379,0.9938105561960218,False,100853022.33564404,100853022.33564404,False,True,True,False,0.009432700000616023
1.08,10,1,longer_horizon_L,0.9602838040430829,0.9938105561960218,False,52.043309965336434,30.931436368551143,False,True,True,False,0.039005399999950896
1.15,10,1,clean_state_L,0.8801177924461235,0.9938105561960218,False,188921.0848999259,188921.0848999259,False,True,True,False,0.004853700000239769
1.15,10,1,rewritten_state_L,0.7660372679886464,0.9938105561960218,False,202008961039.5215,202008961039.5215,False,True,True,False,0.004579000000376254
1.15,10,1,max_clean_rewritten_L,0.8801177924461235,0.9938105561960218,False,188921.0848999259,188921.0848999259,False,True,True,False,0.009432700000616023
1.15,10,1,longer_horizon_L,1.0225244209718012,0.9938105561960218,True,0.9999999068677404,0.05794174910110148,True,True,False,False,0.039005399999950896
1.25,10,1,clean_state_L,0.9566497743979605,0.9938105561960218,False,70.48478381405536,45.19216688114458,False,True,True,False,0.004853700000239769
1.25,10,1,rewritten_state_L,0.8326492043354852,0.9938105561960218,False,48322942.26777632,48322942.26777632,False,True,True,False,0.004579000000376254
1.25,10,1,max_clean_rewritten_L,0.9566497743979605,0.9938105561960218,False,70.48478381405536,45.19216688114458,False,True,True,False,0.009432700000616023
1.25,10,1,longer_horizon_L,1.1114395880128274,0.9938105561960218,True,0.9999999068677404,1.386035442337991e-05,True,True,False,False,0.039005399999950896
1.5,10,1,clean_state_L,1.1479797292775524,0.9938105561960218,True,0.9999999068677404,5.456806586006563e-07,True,True,False,False,0.004853700000239769
1.5,10,1,rewritten_state_L,0.9991790452025823,0.9938105561960218,False,2.898196984087143,0.5834837491096917,False,True,True,False,0.004579000000376254
1.5,10,1,max_clean_rewritten_L,1.1479797292775524,0.9938105561960218,True,0.9999999068677404,5.456806586006563e-07,True,True,False,False,0.009432700000616023
1.5,10,1,longer_horizon_L,1.3337275056153928,0.9938105561960218,True,0.9999999068677404,1.673592538742379e-13,True,True,False,False,0.039005399999950896
1.0,10,3,clean_state_L,0.856960333101292,0.9938105561960218,False,2718244.5583022693,2718244.5583022693,False,True,True,False,0.012048000000504544
1.0,10,3,rewritten_state_L,0.8350230915701294,0.9938105561960218,False,36350630.9335691,36350630.9335691,False,True,True,False,0.011317999999846506
1.0,10,3,max_clean_rewritten_L,0.856960333101292,0.9938105561960218,False,2718244.5583022693,2718244.5583022693,False,True,True,False,0.02336600000035105
1.0,10,3,longer_horizon_L,0.9146812282092693,0.9938105561960218,False,4012.212095013195,4012.212095013195,False,True,True,False,0.04486980000001495
1.03,10,3,clean_state_L,0.8826691430943309,0.9938105561960218,False,141437.98377584346,141437.98377584346,False,True,True,False,0.012048000000504544
1.03,10,3,rewritten_state_L,0.8600737843172334,0.9938105561960218,False,1891426.5578204526,1891426.5578204526,False,True,True,False,0.011317999999846506
1.03,10,3,max_clean_rewritten_L,0.8826691430943309,0.9938105561960218,False,141437.98377584346,141437.98377584346,False,True,True,False,0.02336600000035105
1.03,10,3,longer_horizon_L,0.9421216650555474,0.9938105561960218,False,239.7584760557256,208.76678938489403,False,True,True,False,0.04486980000001495
1.08,10,3,clean_state_L,0.9255171597493955,0.9938105561960218,False,1235.6998062704813,1235.6998062704813,False,True,True,False,0.012048000000504544
1.08,10,3,rewritten_state_L,0.9018249388957399,0.9938105561960218,False,16524.807330241063,16524.807330241063,False,True,True,False,0.011317999999846506
1.08,10,3,max_clean_rewritten_L,0.9255171597493955,0.9938105561960218,False,1235.6998062704813,1235.6998062704813,False,True,True,False,0.02336600000035105
1.08,10,3,longer_horizon_L,0.9878557264660109,0.9938105561960218,False,6.435963888943537,1.823930703137492,False,True,True,False,0.04486980000001495
1.15,10,3,clean_state_L,0.9855043830664858,0.9938105561960218,False,7.604329190647472,2.314752127450545,False,True,True,False,0.012048000000504544
1.15,10,3,rewritten_state_L,0.9602765553056488,0.9938105561960218,False,52.074747641747194,30.954793979317884,False,True,True,False,0.011317999999846506
1.15,10,3,max_clean_rewritten_L,0.9855043830664858,0.9938105561960218,False,7.604329190647472,2.314752127450545,False,True,True,False,0.02336600000035105
1.15,10,3,longer_horizon_L,1.0518834124406597,0.9938105561960218,True,0.9999999068677404,0.0034166449278261735,True,True,False,False,0.04486980000001495
1.25,10,3,clean_state_L,1.0712004163766151,0.9938105561960218,True,0.9999999068677404,0.0005537161957737134,True,True,False,False,0.012048000000504544
1.25,10,3,rewritten_state_L,1.0437788644626618,0.9938105561960218,True,0.9999999068677404,0.007404754297413778,True,True,False,False,0.011317999999846506
1.25,10,3,max_clean_rewritten_L,1.0712004163766151,0.9938105561960218,True,0.9999999068677404,0.0005537161957737134,True,True,False,False,0.02336600000035105
1.25,10,3,longer_horizon_L,1.1433515352615866,0.9938105561960218,True,0.9999999068677404,8.173020382226289e-07,True,True,False,False,0.04486980000001495
1.5,10,3,clean_state_L,1.285440499651938,0.9938105561960218,True,0.9999999068677404,6.685942260354761e-12,True,True,False,False,0.012048000000504544
1.5,10,3,rewritten_state_L,1.2525346373551942,0.9938105561960218,True,0.9999999068677404,8.940999028472248e-11,True,True,False,False,0.011317999999846506
1.5,10,3,max_clean_rewritten_L,1.285440499651938,0.9938105561960218,True,0.9999999068677404,6.685942260354761e-12,True,True,False,False,0.02336600000035105
1.5,10,3,longer_horizon_L,1.3720218423139041,0.9938105561960218,True,0.9999999068677404,9.868655239876271e-15,True,True,False,False,0.04486980000001495
1.0,10,5,clean_state_L,0.8623767106788851,0.9938105561960218,False,1447633.2921299897,1447633.2921299897,False,True,True,False,0.0175029000001814
1.0,10,5,rewritten_state_L,0.8412389013328658,0.9938105561960218,False,17315129.98344444,17315129.98344444,False,True,True,False,0.017953100000340783
1.0,10,5,max_clean_rewritten_L,0.8623767106788851,0.9938105561960218,False,1447633.2921299897,1447633.2921299897,False,True,True,False,0.03545600000052218
1.0,10,5,longer_horizon_L,0.9479379223647157,0.9938105561960218,False,146.53502299664578,112.816012750169,False,True,True,False,0.05299209999975574
1.03,10,5,clean_state_L,0.8882480119992516,0.9938105561960218,False,75324.4712512309,75324.4712512309,False,True,True,False,0.0175029000001814
1.03,10,5,rewritten_state_L,0.8664760683728518,0.9938105561960218,False,900955.3854141125,900955.3854141125,False,True,True,False,0.017953100000340783
1.03,10,5,max_clean_rewritten_L,0.8882480119992516,0.9938105561960218,False,75324.4712512309,75324.4712512309,False,True,True,False,0.03545600000052218
1.03,10,5,longer_horizon_L,0.9763760600356572,0.9938105561960218,False,14.587470943882147,5.870137523968672,False,True,True,False,0.05299209999975574
1.08,10,5,clean_state_L,0.931366847533196,0.9938105561960218,False,658.0865482364792,658.0865482364792,False,True,True,False,0.0175029000001814
1.08,10,5,rewritten_state_L,0.9085380134394951,0.9938105561960218,False,7871.367828454011,7871.367828454011,False,True,True,False,0.017953100000340783
1.08,10,5,max_clean_rewritten_L,0.931366847533196,0.9938105561960218,False,658.0865482364792,658.0865482364792,False,True,True,False,0.03545600000052218
1.08,10,5,longer_horizon_L,1.023772956153893,0.9938105561960218,True,0.9999999068677404,0.05128557129777229,True,True,False,False,0.05299209999975574
1.15,10,5,clean_state_L,0.9917332172807178,0.9938105561960218,False,4.8923772012914375,1.2327486253918942,False,True,True,False,0.0175029000001814
1.15,10,5,rewritten_state_L,0.9674247365327956,0.9938105561960218,False,28.771215919491947,14.744896239687087,False,True,True,False,0.017953100000340783
1.15,10,5,max_clean_rewritten_L,0.9917332172807178,0.9938105561960218,False,4.8923772012914375,1.2327486253918942,False,True,True,False,0.03545600000052218
1.15,10,5,longer_horizon_L,1.090128610719423,0.9938105561960218,True,0.9999999068677404,9.606976117227752e-05,True,True,False,False,0.05299209999975574
1.25,10,5,clean_state_L,1.0779708883486063,0.9938105561960218,True,0.9999999068677404,0.0002948881096608333,True,True,False,False,0.0175029000001814
1.25,10,5,rewritten_state_L,1.0515486266660823,0.9938105561960218,True,0.9999999068677404,0.0035271542711184318,True,True,False,False,0.017953100000340783
1.25,10,5,max_clean_rewritten_L,1.0779708883486063,0.9938105561960218,True,0.9999999068677404,0.0002948881096608333,True,True,False,False,0.03545600000052218
1.25,10,5,longer_horizon_L,1.1849224029558947,0.9938105561960218,True,0.9999999068677404,2.2981027667870376e-08,True,True,False,False,0.05299209999975574
1.5,10,5,clean_state_L,1.2935650660183278,0.9938105561960218,True,0.9999999068677404,3.5606776350518184e-12,True,True,False,False,0.0175029000001814
1.5,10,5,rewritten_state_L,1.2618583519992987,0.9938105561960218,True,0.9999999068677404,4.2589236110584345e-11,True,True,False,False,0.017953100000340783
1.5,10,5,max_clean_rewritten_L,1.2935650660183278,0.9938105561960218,True,0.9999999068677404,3.5606776350518184e-12,True,True,False,False,0.03545600000052218
1.5,10,5,longer_horizon_L,1.4219068835470736,0.9938105561960218,True,0.9999999068677404,2.774884051500393e-16,True,True,False,False,0.05299209999975574
1.0,10,10,clean_state_L,0.8897765277620147,0.9938105561960218,False,63425.80926743266,63425.80926743266,False,True,True,False,0.03567699999985052
1.0,10,10,rewritten_state_L,0.8927744937090063,0.9938105561960218,False,45308.85599128436,45308.85599128436,False,True,True,False,0.03498519999993732
1.0,10,10,max_clean_rewritten_L,0.8927744937090063,0.9938105561960218,False,45308.85599128436,45308.85599128436,False,True,True,False,0.07066219999978784
1.0,10,10,longer_horizon_L,0.9692284562042797,0.9938105561960218,False,24.801422415372816,12.238969977705683,False,True,True,False,0.0681311000007554
1.03,10,10,clean_state_L,0.9164698235948752,0.9938105561960218,False,3300.224975982211,3300.224975982211,False,True,True,False,0.03567699999985052
1.03,10,10,rewritten_state_L,0.9195577285202765,0.9938105561960218,False,2357.548447590679,2357.548447590679,False,True,True,False,0.03498519999993732
1.03,10,10,max_clean_rewritten_L,0.9195577285202765,0.9938105561960218,False,2357.548447590679,2357.548447590679,False,True,True,False,0.07066219999978784
1.03,10,10,longer_horizon_L,0.9983053098904081,0.9938105561960218,False,3.0812252210611226,0.6368283647814739,False,True,True,False,0.0681311000007554
1.08,10,10,clean_state_L,0.9609586499829759,0.9938105561960218,False,49.199106368130465,28.833042260651673,False,True,True,False,0.03567699999985052
1.08,10,10,rewritten_state_L,0.9641964532057269,0.9938105561960218,False,37.59160582406756,20.597169743158002,False,True,True,False,0.03498519999993732
1.08,10,10,max_clean_rewritten_L,0.9641964532057269,0.9938105561960218,False,37.59160582406756,20.597169743158002,False,True,True,False,0.07066219999978784
1.08,10,10,longer_horizon_L,1.046766732700622,0.9938105561960218,True,0.9999999068677404,0.005563771951353458,True,True,False,False,0.0681311000007554
1.15,10,10,clean_state_L,1.0232430069263168,0.9938105561960218,True,0.9999999068677404,0.054010970605514304,True,True,False,False,0.03567699999985052
1.15,10,10,rewritten_state_L,1.0266906677653571,0.9938105561960218,True,0.9999999068677404,0.03858327260431661,True,True,False,False,0.03498519999993732
1.15,10,10,max_clean_rewritten_L,1.0266906677653571,0.9938105561960218,True,0.9999999068677404,0.03858327260431661,True,True,False,False,0.07066219999978784
1.15,10,10,longer_horizon_L,1.1146127246349216,0.9938105561960218,True,0.9999999068677404,1.0422234345018503e-05,True,True,False,False,0.0681311000007554
1.25,10,10,clean_state_L,1.1122206597025184,0.9938105561960218,True,0.9999999068677404,1.2920065530588905e-05,True,True,False,False,0.03567699999985052
1.25,10,10,rewritten_state_L,1.1159681171362579,0.9938105561960218,True,0.9999999068677404,9.22957697008045e-06,True,True,False,False,0.03498519999993732
1.25,10,10,max_clean_rewritten_L,1.1159681171362579,0.9938105561960218,True,0.9999999068677404,9.22957697008045e-06,True,True,False,False,0.07066219999978784
1.25,10,10,longer_horizon_L,1.2115355702553496,0.9938105561960218,True,0.9999999068677404,2.493122215786412e-09,True,True,False,False,0.0681311000007554
1.5,10,10,clean_state_L,1.3346647916430219,0.9938105561960218,True,0.9999999068677404,1.5600557252404992e-13,True,True,False,False,0.03567699999985052
1.5,10,10,rewritten_state_L,1.3391617405635095,0.9938105561960218,True,0.9999999068677404,1.1144412820223047e-13,True,True,False,False,0.03498519999993732
1.5,10,10,max_clean_rewritten_L,1.3391617405635095,0.9938105561960218,True,0.9999999068677404,1.1144412820223047e-13,True,True,False,False,0.07066219999978784
1.5,10,10,longer_horizon_L,1.4538426843064194,0.9938105561960218,True,0.9999999068677404,3.010363668244152e-17,True,True,False,False,0.0681311000007554
1.0,10,15,clean_state_L,0.957432792944855,0.9938105561960218,False,66.01906593667397,41.64191273705769,False,True,True,False,0.051997100000335195
1.0,10,15,rewritten_state_L,0.9614499786103057,0.9938105561960218,False,47.227800206446304,27.39624851191169,False,True,True,False,0.05408090000037191
1.0,10,15,max_clean_rewritten_L,0.9614499786103057,0.9938105561960218,False,47.227800206446304,27.39624851191169,False,True,True,False,0.1060780000007071
1.0,10,15,longer_horizon_L,0.9653316233273239,0.9938105561960218,False,34.21452908505549,18.31079325308276,False,True,True,False,0.1052693999999974
1.03,10,15,clean_state_L,0.9861557767332007,0.9938105561960218,False,7.260616600288728,2.1667469765036937,False,True,True,False,0.051997100000335195
1.03,10,15,rewritten_state_L,0.9902934779686149,0.9938105561960218,False,5.416089138460564,1.4255046113168248,False,True,True,False,0.05408090000037191
1.03,10,15,max_clean_rewritten_L,0.9902934779686149,0.9938105561960218,False,5.416089138460564,1.4255046113168248,False,True,True,False,0.1060780000007071
1.03,10,15,longer_horizon_L,0.9942915720271437,0.9938105561960218,False,4.085046898142984,0.9527625728679394,False,True,True,False,0.1052693999999974
1.08,10,15,clean_state_L,1.0340274163804435,0.9938105561960218,True,0.9999999068677404,0.018930196455190475,True,True,False,False,0.051997100000335195
1.08,10,15,rewritten_state_L,1.0383659768991302,0.9938105561960218,True,0.9999999068677404,0.012454191759644751,True,True,False,False,0.05408090000037191
1.08,10,15,max_clean_rewritten_L,1.0383659768991302,0.9938105561960218,True,0.9999999068677404,0.012454191759644751,True,True,False,False,0.1060780000007071
1.08,10,15,longer_horizon_L,1.04255815319351,0.9938105561960218,True,0.9999999068677404,0.008323991160539678,True,True,False,False,0.1052693999999974
1.15,10,15,clean_state_L,1.1010477118865831,0.9938105561960218,True,0.9999999068677404,3.546064529212815e-05,True,True,False,False,0.051997100000335195
1.15,10,15,rewritten_state_L,1.1056674754018514,0.9938105561960218,True,0.9999999068677404,2.3329587594840677e-05,True,True,False,False,0.05408090000037191
1.15,10,15,max_clean_rewritten_L,1.1056674754018514,0.9938105561960218,True,0.9999999068677404,2.3329587594840677e-05,True,True,False,False,0.1060780000007071
1.15,10,15,longer_horizon_L,1.1101313668264223,0.9938105561960218,True,0.9999999068677404,1.5592764642322396e-05,True,True,False,False,0.1052693999999974
1.25,10,15,clean_state_L,1.1967909911810688,0.9938105561960218,True,0.9999999068677404,8.482607436876687e-09,True,True,False,False,0.051997100000335195
1.25,10,15,rewritten_state_L,1.201812473262882,0.9938105561960218,True,0.9999999068677404,5.580714383536434e-09,True,True,False,False,0.05408090000037191
1.25,10,15,max_clean_rewritten_L,1.201812473262882,0.9938105561960218,True,0.9999999068677404,5.580714383536434e-09,True,True,False,False,0.1060780000007071
1.25,10,15,longer_horizon_L,1.206664529159155,0.9938105561960218,True,0.9999999068677404,3.729974461175242e-09,True,True,False,False,0.1052693999999974
1.5,10,15,clean_state_L,1.4361491894172824,0.9938105561960218,True,0.9999999068677404,1.024247149949547e-16,True,True,False,False,0.051997100000335195
1.5,10,15,rewritten_state_L,1.4421749679154585,0.9938105561960218,True,0.9999999068677404,6.738530392400437e-17,True,True,False,False,0.05408090000037191
1.5,10,15,max_clean_rewritten_L,1.4421749679154585,0.9938105561960218,True,0.9999999068677404,6.738530392400437e-17,True,True,False,False,0.1060780000007071
1.5,10,15,longer_horizon_L,1.4479974349909859,0.9938105561960218,True,0.9999999068677404,4.503822367913289e-17,True,True,False,False,0.1052693999999974
1.0,10,25,clean_state_L,0.9582536584357269,0.9938105561960218,False,61.644504657977436,38.221868092486986,False,True,True,False,0.08524849999957951
1.0,10,25,rewritten_state_L,0.96539310644782,0.9938105561960218,False,34.04064486665295,18.194543928464032,False,True,True,False,0.0834461000004012
1.0,10,25,max_clean_rewritten_L,0.96539310644782,0.9938105561960218,False,34.04064486665295,18.194543928464032,False,True,True,False,0.1686945999999807
1.0,10,25,longer_horizon_L,0.9908621398371317,0.9938105561960218,False,5.202758842584422,1.345975158511816,False,True,True,False,0.1719663000003493
1.03,10,25,clean_state_L,0.9870012681887986,0.9938105561960218,False,6.837862634282583,1.988792341232198,False,True,True,False,0.08524849999957951
1.03,10,25,rewritten_state_L,0.9943548996412546,0.9938105561960218,False,4.066875309807947,0.9467137903773617,False,True,True,False,0.0834461000004012
1.03,10,25,max_clean_rewritten_L,0.9943548996412546,0.9938105561960218,False,4.066875309807947,0.9467137903773617,False,True,True,False,0.1686945999999807
1.03,10,25,longer_horizon_L,1.0205880040322457,0.9938105561960218,True,0.9999999068677404,0.07003490986520461,True,True,False,False,0.1719663000003493
1.08,10,25,clean_state_L,1.0349139511105852,0.9938105561960218,True,0.9999999068677404,0.017375461988115157,True,True,False,False,0.08524849999957951
1.08,10,25,rewritten_state_L,1.0426245549636457,0.9938105561960218,True,0.9999999068677404,0.008271144823563956,True,True,False,False,0.0834461000004012
1.08,10,25,max_clean_rewritten_L,1.0426245549636457,0.9938105561960218,True,0.9999999068677404,0.008271144823563956,True,True,False,False,0.1686945999999807
1.08,10,25,longer_horizon_L,1.0701311110241023,0.9938105561960218,True,0.9999999068677404,0.0006118732906272174,True,True,False,False,0.1719663000003493
1.15,10,25,clean_state_L,1.1019917072010859,0.9938105561960218,True,0.9999999068677404,3.254826730435037e-05,True,True,False,False,0.08524849999957951
1.15,10,25,rewritten_state_L,1.1102020724149928,0.9938105561960218,True,0.9999999068677404,1.5493771205306497e-05,True,True,False,False,0.0834461000004012
1.15,10,25,max_clean_rewritten_L,1.1102020724149928,0.9938105561960218,True,0.9999999068677404,1.5493771205306497e-05,True,True,False,False,0.1686945999999807
1.15,10,25,longer_horizon_L,1.1394914608127014,0.9938105561960218,True,0.9999999068677404,1.1461804833361704e-06,True,True,False,False,0.1719663000003493
1.25,10,25,clean_state_L,1.1978170730446585,0.9938105561960218,True,0.9999999068677404,7.785932038710795e-09,True,True,False,False,0.08524849999957951
1.25,10,25,rewritten_state_L,1.2067413830597749,0.9938105561960218,True,0.9999999068677404,3.706294055527963e-09,True,True,False,False,0.0834461000004012
1.25,10,25,max_clean_rewritten_L,1.2067413830597749,0.9938105561960218,True,0.9999999068677404,3.706294055527963e-09,True,True,False,False,0.1686945999999807
1.25,10,25,longer_horizon_L,1.2385776747964146,0.9938105561960218,True,0.9999999068677404,2.7417998211410934e-10,True,True,False,False,0.1719663000003493
1.5,10,25,clean_state_L,1.4373804876535903,0.9938105561960218,True,0.9999999068677404,9.401258704583635e-17,True,True,False,False,0.08524849999957951
1.5,10,25,rewritten_state_L,1.4480896596717299,0.9938105561960218,True,0.9999999068677404,4.475229051324785e-17,True,True,False,False,0.0834461000004012
1.5,10,25,max_clean_rewritten_L,1.4480896596717299,0.9938105561960218,True,0.9999999068677404,4.475229051324785e-17,True,True,False,False,0.1686945999999807
1.5,10,25,longer_horizon_L,1.4862932097556976,0.9938105561960218,True,0.9999999068677404,3.310633756700071e-18,True,True,False,False,0.1719663000003493
1.0,10,50,clean_state_L,0.9871323785766857,0.9938105561960218,False,6.774578988097236,1.96255022528648,False,True,True,False,0.1681772000001729
1.0,10,50,rewritten_state_L,0.9936910916413092,0.9938105561960218,False,4.261498802562003,1.0120940358273682,False,True,True,False,0.17087360000004992
1.0,10,50,max_clean_rewritten_L,0.9936910916413092,0.9938105561960218,False,4.261498802562003,1.0120940358273682,False,True,True,False,0.3390508000002228
1.0,10,50,longer_horizon_L,0.979408829585912,0.9938105561960218,False,11.740296717922188,4.304859799514657,False,True,True,False,0.33965379999972356
1.03,10,50,clean_state_L,1.0167463499339864,0.9938105561960218,True,0.9999999068677404,0.10211706157032185,True,True,False,False,0.1681772000001729
1.03,10,50,rewritten_state_L,1.0235018243905485,0.9938105561960218,True,0.9999999068677404,0.05266212687955719,True,True,False,False,0.17087360000004992
1.03,10,50,max_clean_rewritten_L,1.0235018243905485,0.9938105561960218,True,0.9999999068677404,0.05266212687955719,True,True,False,False,0.3390508000002228
1.03,10,50,longer_horizon_L,1.0087910944734895,0.9938105561960218,False,1.4838798888779239,0.22399408052574746,True,True,False,False,0.33965379999972356
1.08,10,50,clean_state_L,1.0661029688628205,0.9938105561960218,True,0.9999999068677404,0.0008921651018395776,True,True,False,False,0.1681772000001729
1.08,10,50,rewritten_state_L,1.073186378972614,0.9938105561960218,True,0.9999999068677404,0.00046009267274336666,True,True,False,False,0.17087360000004992
1.08,10,50,max_clean_rewritten_L,1.073186378972614,0.9938105561960218,True,0.9999999068677404,0.00046009267274336666,True,True,False,False,0.3390508000002228
1.08,10,50,longer_horizon_L,1.057761535952785,0.9938105561960218,True,0.9999999068677404,0.0019569668240610057,True,True,False,False,0.33965379999972356
1.15,10,50,clean_state_L,1.1352022353631885,0.9938105561960218,True,0.9999999068677404,1.6712320071920617e-06,True,True,False,False,0.1681772000001729
1.15,10,50,rewritten_state_L,1.1427447553875054,0.9938105561960218,True,0.9999999068677404,8.61860208808673e-07,True,True,False,False,0.17087360000004992
1.15,10,50,max_clean_rewritten_L,1.1427447553875054,0.9938105561960218,True,0.9999999068677404,8.61860208808673e-07,True,True,False,False,0.3390508000002228
1.15,10,50,longer_horizon_L,1.1263201540237988,0.9938105561960218,True,0.9999999068677404,3.6658524152537857e-06,True,True,False,False,0.33965379999972356
1.25,10,50,clean_state_L,1.233915473220857,0.9938105561960218,True,0.9999999068677404,3.9977854142719344e-10,True,True,False,False,0.1681772000001729
1.25,10,50,rewritten_state_L,1.2421138645516365,0.9938105561960218,True,0.9999999068677404,2.0616719624139108e-10,True,True,False,False,0.17087360000004992
1.25,10,50,max_clean_rewritten_L,1.2421138645516365,0.9938105561960218,True,0.9999999068677404,2.0616719624139108e-10,True,True,False,False,0.3390508000002228
1.25,10,50,longer_horizon_L,1.22426103698239,0.9938105561960218,True,0.9999999068677404,8.769154284687371e-10,True,True,False,False,0.33965379999972356
1.5,10,50,clean_state_L,1.4806985678650286,0.9938105561960218,True,0.9999999068677404,4.827195349011099e-18,True,True,False,False,0.1681772000001729
1.5,10,50,rewritten_state_L,1.4905366374619637,0.9938105561960218,True,0.9999999068677404,2.4894015753378397e-18,True,True,False,False,0.17087360000004992
1.5,10,50,max_clean_rewritten_L,1.4905366374619637,0.9938105561960218,True,0.9999999068677404,2.4894015753378397e-18,True,True,False,False,0.3390508000002228
1.5,10,50,longer_horizon_L,1.469113244378868,0.9938105561960218,True,0.9999999068677404,1.0588467461681812e-17,True,True,False,False,0.33965379999972356
1.0,20,1,clean_state_L,0.6911545595583878,0.9938105561960218,False,5927106987422735.0,5927106987422735.0,False,True,True,False,0.011425400000007357
1.0,20,1,rewritten_state_L,0.7450243035849429,0.9938105561960218,False,3260742390113.3403,3260742390113.3403,False,True,True,False,0.008499999999912689
1.0,20,1,max_clean_rewritten_L,0.7450243035849429,0.9938105561960218,False,3260742390113.3403,3260742390113.3403,False,True,True,False,0.019925399999920046
1.0,20,1,longer_horizon_L,0.8908570310791857,0.9938105561960218,False,56177.09880867039,56177.09880867039,False,True,True,False,0.07897339999999531
1.03,20,1,clean_state_L,0.7118891963451395,0.9938105561960218,False,308404208651620.0,308404208651620.0,False,True,True,False,0.011425400000007357
1.03,20,1,rewritten_state_L,0.7673750326924912,0.9938105561960218,False,169665686577.55472,169665686577.55472,False,True,True,False,0.008499999999912689
1.03,20,1,max_clean_rewritten_L,0.7673750326924912,0.9938105561960218,False,169665686577.55472,169665686577.55472,False,True,True,False,0.019925399999920046
1.03,20,1,longer_horizon_L,0.9175827420115613,0.9938105561960218,False,2923.0539855609054,2923.0539855609054,False,True,True,False,0.07897339999999531
1.08,20,1,clean_state_L,0.7464469243230588,0.9938105561960218,False,2694431939073.6475,2694431939073.6475,False,True,True,False,0.011425400000007357
1.08,20,1,rewritten_state_L,0.8046262478717383,0.9938105561960218,False,1482316492.6255229,1482316492.6255229,False,True,True,False,0.008499999999912689
1.08,20,1,max_clean_rewritten_L,0.8046262478717383,0.9938105561960218,False,1482316492.6255229,1482316492.6255229,False,True,True,False,0.019925399999920046
1.08,20,1,longer_horizon_L,0.9621255935655206,0.9938105561960218,False,44.64695516857423,25.537816272892027,False,True,True,False,0.07897339999999531
1.15,20,1,clean_state_L,0.7948277434921459,0.9938105561960218,False,5047295493.284329,5047295493.284329,False,True,True,False,0.011425400000007357
1.15,20,1,rewritten_state_L,0.8567779491226842,0.9938105561960218,False,2776722.3377786092,2776722.3377786092,False,True,True,False,0.008499999999912689
1.15,20,1,max_clean_rewritten_L,0.8567779491226842,0.9938105561960218,False,2776722.3377786092,2776722.3377786092,False,True,True,False,0.019925399999920046
1.15,20,1,longer_horizon_L,1.0244855857410635,0.9938105561960218,True,0.9999999068677404,0.04783824861681516,True,True,False,False,0.07897339999999531
1.25,20,1,clean_state_L,0.8639431994479847,0.9938105561960218,False,1207373.0168963638,1207373.0168963638,False,True,True,False,0.011425400000007357
1.25,20,1,rewritten_state_L,0.9312803794811786,0.9938105561960218,False,664.224955821977,664.224955821977,False,True,True,False,0.008499999999912689
1.25,20,1,max_clean_rewritten_L,0.9312803794811786,0.9938105561960218,False,664.224955821977,664.224955821977,False,True,True,False,0.019925399999920046
1.25,20,1,longer_horizon_L,1.1135712888489822,0.9938105561960218,True,0.9999999068677404,1.144347713193585e-05,True,True,False,False,0.07897339999999531
1.5,20,1,clean_state_L,1.0367318393375817,0.9938105561960218,True,0.9999999068677404,0.014578634938426444,True,True,False,False,0.011425400000007357
1.5,20,1,rewritten_state_L,1.1175364553774143,0.9938105561960218,True,0.9999999068677404,8.020299453778776e-06,True,True,False,False,0.008499999999912689
1.5,20,1,max_clean_rewritten_L,1.1175364553774143,0.9938105561960218,True,0.9999999068677404,8.020299453778776e-06,True,True,False,False,0.019925399999920046
1.5,20,1,longer_horizon_L,1.3362855466187784,0.9938105561960218,True,0.9999999068677404,1.3817624975715964e-13,True,True,False,False,0.07897339999999531
1.0,20,3,clean_state_L,0.8467971734081087,0.9938105561960218,False,8962321.92396465,8962321.92396465,False,True,True,False,0.026171000000431377
1.0,20,3,rewritten_state_L,0.8507138121061644,0.9938105561960218,False,5649527.220023687,5649527.220023687,False,True,True,False,0.03017580000050657
1.0,20,3,max_clean_rewritten_L,0.8507138121061644,0.9938105561960218,False,5649527.220023687,5649527.220023687,False,True,True,False,0.05634680000093795
1.0,20,3,longer_horizon_L,0.9196994579851904,0.9938105561960218,False,2321.4934043638123,2321.4934043638123,False,True,True,False,0.09117259999948146
1.03,20,3,clean_state_L,0.872201088610352,0.9938105561960218,False,466335.0613556691,466335.0613556691,False,True,True,False,0.026171000000431377
1.03,20,3,rewritten_state_L,0.8762352264693494,0.9938105561960218,False,293960.94506888767,293960.94506888767,False,True,True,False,0.03017580000050657
1.03,20,3,max_clean_rewritten_L,0.8762352264693494,0.9938105561960218,False,293960.94506888767,293960.94506888767,False,True,True,False,0.05634680000093795
1.03,20,3,longer_horizon_L,0.9472904417247461,0.9938105561960218,False,154.76787745895527,120.79389452257915,False,True,True,False,0.09117259999948146
1.08,20,3,clean_state_L,0.9145409472807574,0.9938105561960218,False,4074.224826957369,4074.224826957369,False,True,True,False,0.026171000000431377
1.08,20,3,rewritten_state_L,0.9187709170746576,0.9938105561960218,False,2568.2456238092363,2568.2456238092363,False,True,True,False,0.03017580000050657
1.08,20,3,max_clean_rewritten_L,0.9187709170746576,0.9938105561960218,False,2568.2456238092363,2568.2456238092363,False,True,True,False,0.05634680000093795
1.08,20,3,longer_horizon_L,0.9932754146240057,0.9938105561960218,False,4.388156405861028,1.0553387999136663,False,True,True,False,0.09117259999948146
1.15,20,3,clean_state_L,0.973816749419325,0.9938105561960218,False,17.575660142459157,7.631967358136014,False,True,True,False,0.026171000000431377
1.15,20,3,rewritten_state_L,0.9783208839220889,0.9938105561960218,False,12.690169236226607,4.8109192793923174,False,True,True,False,0.03017580000050657
1.15,20,3,max_clean_rewritten_L,0.9783208839220889,0.9938105561960218,False,12.690169236226607,4.8109192793923174,False,True,True,False,0.05634680000093795
1.15,20,3,longer_horizon_L,1.057654376682969,0.9938105561960218,True,0.9999999068677404,0.001976894161417823,True,True,False,False,0.09117259999948146
1.25,20,3,clean_state_L,1.0584964667601358,0.9938105561960218,True,0.9999999068677404,0.0018256572190607431,True,True,False,False,0.026171000000431377
1.25,20,3,rewritten_state_L,1.0633922651327055,0.9938105561960218,True,0.9999999068677404,0.001150829019646921,True,True,False,False,0.03017580000050657
1.25,20,3,max_clean_rewritten_L,1.0633922651327055,0.9938105561960218,True,0.9999999068677404,0.001150829019646921,True,True,False,False,0.05634680000093795
1.25,20,3,longer_horizon_L,1.149624322481488,0.9938105561960218,True,0.9999999068677404,4.728965583512321e-07,True,True,False,False,0.09117259999948146
1.5,20,3,clean_state_L,1.270195760112163,0.9938105561960218,True,0.9999999068677404,2.2044214792713155e-11,True,True,False,False,0.026171000000431377
1.5,20,3,rewritten_state_L,1.2760707181592466,0.9938105561960218,True,0.9999999068677404,1.389588463481448e-11,True,True,False,False,0.03017580000050657
1.5,20,3,max_clean_rewritten_L,1.2760707181592466,0.9938105561960218,True,0.9999999068677404,1.389588463481448e-11,True,True,False,False,0.05634680000093795
1.5,20,3,longer_horizon_L,1.3795491869777856,0.9938105561960218,True,0.9999999068677404,5.710071528319312e-15,True,True,False,False,0.09117259999948146
1.0,20,5,clean_state_L,0.8938095945666286,0.9938105561960218,False,40351.462615582874,40351.462615582874,False,True,True,False,0.035775899999862304
1.0,20,5,rewritten_state_L,0.8380503137175269,0.9938105561960218,False,25313442.375262283,25313442.375262283,False,True,True,False,0.035901600000215694
1.0,20,5,max_clean_rewritten_L,0.8938095945666286,0.9938105561960218,False,40351.462615582874,40351.462615582874,False,True,True,False,0.071677500000078
1.0,20,5,longer_horizon_L,0.947179339875964,0.9938105561960218,False,156.22693881380505,122.21903609205792,False,True,True,False,0.10307780000039202
1.03,20,5,clean_state_L,0.9206238824036275,0.9938105561960218,False,2099.6011919983102,2099.6011919983102,False,True,True,False,0.035775899999862304
1.03,20,5,rewritten_state_L,0.8631918231290527,0.9938105561960218,False,1317130.2931695154,1317130.2931695154,False,True,True,False,0.035901600000215694
1.03,20,5,max_clean_rewritten_L,0.9206238824036275,0.9938105561960218,False,2099.6011919983102,2099.6011919983102,False,True,True,False,0.071677500000078
1.03,20,5,longer_horizon_L,0.975594720072243,0.9938105561960218,False,15.44064224288244,6.359403531624933,False,True,True,False,0.10307780000039202
1.08,20,5,clean_state_L,0.9653143621319589,0.9938105561960218,False,34.263508031345964,18.343564556954075,False,True,True,False,0.035775899999862304
1.08,20,5,rewritten_state_L,0.9050943388149292,0.9938105561960218,False,11507.358947381474,11507.358947381474,False,True,True,False,0.035901600000215694
1.08,20,5,max_clean_rewritten_L,0.9653143621319589,0.9938105561960218,False,34.263508031345964,18.343564556954075,False,True,True,False,0.071677500000078
1.08,20,5,longer_horizon_L,1.0229536870660412,0.9938105561960218,True,0.9999999068677404,0.05556013669198647,True,True,False,False,0.10307780000039202
1.15,20,5,clean_state_L,1.0278810337516229,0.9938105561960218,True,0.9999999068677404,0.03436174778677669,True,True,False,False,0.035775899999862304
1.15,20,5,rewritten_state_L,0.9637578607751559,0.9938105561960218,False,38.985093352115705,21.5559502960364,False,True,True,False,0.035901600000215694
1.15,20,5,max_clean_rewritten_L,1.0278810337516229,0.9938105561960218,True,0.9999999068677404,0.03436174778677669,True,True,False,False,0.071677500000078
1.15,20,5,longer_horizon_L,1.0892562408573585,0.9938105561960218,True,0.9999999068677404,0.00010407701284454803,True,True,False,False,0.10307780000039202
1.25,20,5,clean_state_L,1.1172619932082857,0.9938105561960218,True,0.9999999068677404,8.21973810456586e-06,True,True,False,False,0.035775899999862304
1.25,20,5,rewritten_state_L,1.0475628921469087,0.9938105561960218,True,0.9999999068677404,0.005156439280327903,True,True,False,False,0.035901600000215694
1.25,20,5,max_clean_rewritten_L,1.1172619932082857,0.9938105561960218,True,0.9999999068677404,8.21973810456586e-06,True,True,False,False,0.071677500000078
1.25,20,5,longer_horizon_L,1.183974174844955,0.9938105561960218,True,0.9999999068677404,2.4896457351244483e-08,True,True,False,False,0.10307780000039202
1.5,20,5,clean_state_L,1.340714391849943,0.9938105561960218,True,0.9999999068677404,9.925065364138844e-14,True,True,False,False,0.035775899999862304
1.5,20,5,rewritten_state_L,1.2570754705762903,0.9938105561960218,True,0.9999999068677404,6.226232059028767e-11,True,True,False,False,0.035901600000215694
1.5,20,5,max_clean_rewritten_L,1.340714391849943,0.9938105561960218,True,0.9999999068677404,9.925065364138844e-14,True,True,False,False,0.071677500000078
1.5,20,5,longer_horizon_L,1.420769009813946,0.9938105561960218,True,0.9999999068677404,3.0061659313615037e-16,True,True,False,False,0.10307780000039202
1.0,20,10,clean_state_L,0.8815537092832162,0.9938105561960218,False,160502.86682027232,160502.86682027232,False,True,True,False,0.06772230000024138
1.0,20,10,rewritten_state_L,0.8740730584942594,0.9938105561960218,False,376345.8117020379,376345.8117020379,False,True,True,False,0.06587510000008479
1.0,20,10,max_clean_rewritten_L,0.8815537092832162,0.9938105561960218,False,160502.86682027232,160502.86682027232,False,True,True,False,0.13359740000032616
1.0,20,10,longer_horizon_L,0.9636032583201585,0.9938105561960218,False,39.48866558496298,21.904559456192466,False,True,True,False,0.13628260000041337
1.03,20,10,clean_state_L,0.9080003205617126,0.9938105561960218,False,8351.41996475869,8351.41996475869,False,True,True,False,0.06772230000024138
1.03,20,10,rewritten_state_L,0.9002952502490872,0.9938105561960218,False,19582.341348589107,19582.341348589107,False,True,True,False,0.06587510000008479
1.03,20,10,max_clean_rewritten_L,0.9080003205617126,0.9938105561960218,False,8351.41996475869,8351.41996475869,False,True,True,False,0.13359740000032616
1.03,20,10,longer_horizon_L,0.9925113560697633,0.9938105561960218,False,4.631015148511789,1.139756434173442,False,True,True,False,0.13628260000041337
1.08,20,10,clean_state_L,0.9520780060258736,0.9938105561960218,False,103.40240402731543,72.96376657129801,False,True,True,False,0.06772230000024138
1.08,20,10,rewritten_state_L,0.9439989031738002,0.9938105561960218,False,204.46269010415543,171.08484414712686,False,True,True,False,0.06587510000008479
1.08,20,10,max_clean_rewritten_L,0.9520780060258736,0.9938105561960218,False,103.40240402731543,72.96376657129801,False,True,True,False,0.13359740000032616
1.08,20,10,longer_horizon_L,1.0406915189857713,0.9938105561960218,True,0.9999999068677404,0.009957698542533913,True,True,False,False,0.13628260000041337
1.15,20,10,clean_state_L,1.0137867656756985,0.9938105561960218,False,1.0552799304291836,0.13667804513740375,True,True,False,False,0.06772230000024138
1.15,20,10,rewritten_state_L,1.0051840172683983,0.9938105561960218,False,1.9053286640720088,0.3204815643366833,True,True,False,False,0.06587510000008479
1.15,20,10,max_clean_rewritten_L,1.0137867656756985,0.9938105561960218,False,1.0552799304291836,0.13667804513740375,True,True,False,False,0.13359740000032616
1.15,20,10,longer_horizon_L,1.108143747068182,0.9938105561960218,True,0.9999999068677404,1.8653077202794768e-05,True,True,False,False,0.13628260000041337
1.25,20,10,clean_state_L,1.1019421366040203,0.9938105561960218,True,0.9999999068677404,3.269501140177155e-05,True,True,False,False,0.06772230000024138
1.25,20,10,rewritten_state_L,1.0925913231178244,0.9938105561960218,True,0.9999999068677404,7.666299579798482e-05,True,True,False,False,0.06587510000008479
1.25,20,10,max_clean_rewritten_L,1.1019421366040203,0.9938105561960218,True,0.9999999068677404,3.269501140177155e-05,True,True,False,False,0.13359740000032616
1.25,20,10,longer_horizon_L,1.2045040729001981,0.9938105561960218,True,0.9999999068677404,4.462037565802169e-09,True,True,False,False,0.13628260000041337
1.5,20,10,clean_state_L,1.3223305639248242,0.9938105561960218,True,0.9999999068677404,3.9478158685323793e-13,True,True,False,False,0.06772230000024138
1.5,20,10,rewritten_state_L,1.3111095877413892,0.9938105561960218,True,0.9999999068677404,9.256806416776905e-13,True,True,False,False,0.06587510000008479
1.5,20,10,max_clean_rewritten_L,1.3223305639248242,0.9938105561960218,True,0.9999999068677404,3.9478158685323793e-13,True,True,False,False,0.13359740000032616
1.5,20,10,longer_horizon_L,1.4454048874802377,0.9938105561960218,True,0.9999999068677404,5.387764662870535e-17,True,True,False,False,0.13628260000041337
1.0,20,15,clean_state_L,0.9476971537631841,0.9938105561960218,False,149.54336260376542,115.71852192296112,False,True,True,False,0.10502420000011625
1.0,20,15,rewritten_state_L,0.9472604196577414,0.9938105561960218,False,155.16078088121537,121.17733476305112,False,True,True,False,0.10266759999922215
1.0,20,15,max_clean_rewritten_L,0.9476971537631841,0.9938105561960218,False,149.54336260376542,115.71852192296112,False,True,True,False,0.2076917999993384
1.0,20,15,longer_horizon_L,0.9623551322930112,0.9938105561960218,False,43.80300490345479,24.935830131712255,False,True,True,False,0.2029582000004666
1.03,20,15,clean_state_L,0.9761280683760797,0.9938105561960218,False,14.852953357715842,6.0211633189203,False,True,True,False,0.10502420000011625
1.03,20,15,rewritten_state_L,0.9756782322474737,0.9938105561960218,False,15.347087362634264,6.305200853200976,False,True,True,False,0.10266759999922215
1.03,20,15,max_clean_rewritten_L,0.9761280683760797,0.9938105561960218,False,14.852953357715842,6.0211633189203,False,True,True,False,0.2076917999993384
1.03,20,15,longer_horizon_L,0.9912257862618016,0.9938105561960218,False,5.070826099784829,1.2974820557753923,False,True,True,False,0.2029582000004666
1.08,20,15,clean_state_L,1.0235129260642388,0.9938105561960218,True,0.9999999068677404,0.05260503683723741,True,True,False,False,0.10502420000011625
1.08,20,15,rewritten_state_L,1.0230412532303608,0.9938105561960218,True,0.9999999068677404,0.055086584698103555,True,True,False,False,0.10266759999922215
1.08,20,15,max_clean_rewritten_L,1.0235129260642388,0.9938105561960218,True,0.9999999068677404,0.05260503683723741,True,True,False,False,0.2076917999993384
1.08,20,15,longer_horizon_L,1.0393435428764521,0.9938105561960218,True,0.9999999068677404,0.011335698389918072,True,True,False,False,0.2029582000004666
1.15,20,15,clean_state_L,1.0898517268276615,0.9938105561960218,True,0.9999999068677404,9.854142593185461e-05,True,True,False,False,0.10502420000011625
1.15,20,15,rewritten_state_L,1.0893494826064025,0.9938105561960218,True,0.9999999068677404,0.00010318994020786362,True,True,False,False,0.10266759999922215
1.15,20,15,max_clean_rewritten_L,1.0898517268276615,0.9938105561960218,True,0.9999999068677404,9.854142593185461e-05,True,True,False,False,0.2076917999993384
1.15,20,15,longer_horizon_L,1.1067084021369629,0.9938105561960218,True,0.9999999068677404,2.123439028722868e-05,True,True,False,False,0.2029582000004666
1.25,20,15,clean_state_L,1.18462144220398,0.9938105561960218,True,0.9999999068677404,2.3572279228532487e-08,True,True,False,False,0.10502420000011625
1.25,20,15,rewritten_state_L,1.1840755245721768,0.9938105561960218,True,0.9999999068677404,2.4684259042866277e-08,True,True,False,False,0.10266759999922215
1.25,20,15,max_clean_rewritten_L,1.18462144220398,0.9938105561960218,True,0.9999999068677404,2.3572279228532487e-08,True,True,False,False,0.2076917999993384
1.25,20,15,longer_horizon_L,1.202943915366264,0.9938105561960218,True,0.9999999068677404,5.079518307806322e-09,True,True,False,False,0.2029582000004666
1.5,20,15,clean_state_L,1.421545730644776,0.9938105561960218,True,0.9999999068677404,2.8462757468508623e-16,True,True,False,False,0.10502420000011625
1.5,20,15,rewritten_state_L,1.4208906294866122,0.9938105561960218,True,0.9999999068677404,2.9805436785108495e-16,True,True,False,False,0.10266759999922215
1.5,20,15,max_clean_rewritten_L,1.421545730644776,0.9938105561960218,True,0.9999999068677404,2.8462757468508623e-16,True,True,False,False,0.2076917999993384
1.5,20,15,longer_horizon_L,1.4435326984395167,0.9938105561960218,True,0.9999999068677404,6.133352496390906e-17,True,True,False,False,0.2029582000004666
1.0,20,25,clean_state_L,0.9653821820109857,0.9938105561960218,False,34.07147544583588,18.215144736020804,False,True,True,False,0.1712944000000789
1.0,20,25,rewritten_state_L,0.9625529933718316,0.9938105561960218,False,43.08849564009808,24.428433319107803,False,True,True,False,0.16961019999962446
1.0,20,25,max_clean_rewritten_L,0.9653821820109857,0.9938105561960218,False,34.07147544583588,18.215144736020804,False,True,True,False,0.34090459999970335
1.0,20,25,longer_horizon_L,0.9936425962942013,0.9938105561960218,False,4.276082301614647,1.0170455764329163,False,True,True,False,0.34296270000049844
1.03,20,25,clean_state_L,0.9943436474713153,0.9938105561960218,False,4.070098071841916,0.9477857088977447,False,True,True,False,0.1712944000000789
1.03,20,25,rewritten_state_L,0.9914295831729866,0.9938105561960218,False,4.998376499627336,1.2710807586846509,False,True,True,False,0.16961019999962446
1.03,20,25,max_clean_rewritten_L,0.9943436474713153,0.9938105561960218,False,4.070098071841916,0.9477857088977447,False,True,True,False,0.34090459999970335
1.03,20,25,longer_horizon_L,1.0234518741830274,0.9938105561960218,True,0.9999999068677404,0.05291976959889697,True,True,False,False,0.34296270000049844
1.08,20,25,clean_state_L,1.0426127565718646,0.9938105561960218,True,0.9999999068677404,0.00828050984328943,True,True,False,False,0.1712944000000789
1.08,20,25,rewritten_state_L,1.0395572328415783,0.9938105561960218,True,0.9999999068677404,0.011105038443916257,True,True,False,False,0.16961019999962446
1.08,20,25,max_clean_rewritten_L,1.0426127565718646,0.9938105561960218,True,0.9999999068677404,0.00828050984328943,True,True,False,False,0.34090459999970335
1.08,20,25,longer_horizon_L,1.0731340039977375,0.9938105561960218,True,0.9999999068677404,0.0004623436172907625,True,True,False,False,0.34296270000049844
1.15,20,25,clean_state_L,1.1101895093126335,0.9938105561960218,True,0.9999999068677404,1.5511314057723252e-05,True,True,False,False,0.1712944000000789
1.15,20,25,rewritten_state_L,1.1069359423776064,0.9938105561960218,True,0.9999999068677404,2.0802310749774845e-05,True,True,False,False,0.16961019999962446
1.15,20,25,max_clean_rewritten_L,1.1101895093126335,0.9938105561960218,True,0.9999999068677404,1.5511314057723252e-05,True,True,False,False,0.34090459999970335
1.15,20,25,longer_horizon_L,1.1426889857383313,0.9938105561960218,True,0.9999999068677404,8.660767496330935e-07,True,True,False,False,0.34296270000049844
1.25,20,25,clean_state_L,1.206727727513732,0.9938105561960218,True,0.9999999068677404,3.710490514141432e-09,True,True,False,False,0.1712944000000789
1.25,20,25,rewritten_state_L,1.2031912417147896,0.9938105561960218,True,0.9999999068677404,4.976159751651027e-09,True,True,False,False,0.16961019999962446
1.25,20,25,max_clean_rewritten_L,1.206727727513732,0.9938105561960218,True,0.9999999068677404,3.710490514141432e-09,True,True,False,False,0.34090459999970335
1.25,20,25,longer_horizon_L,1.2420532453677515,0.9938105561960218,True,0.9999999068677404,2.0717584287657032e-10,True,True,False,False,0.34296270000049844
1.5,20,25,clean_state_L,1.4480732730164785,0.9938105561960218,True,0.9999999068677404,4.4802961380745996e-17,True,True,False,False,0.1712944000000789
1.5,20,25,rewritten_state_L,1.4438294900577475,0.9938105561960218,True,0.9999999068677404,6.008550414775309e-17,True,True,False,False,0.16961019999962446
1.5,20,25,max_clean_rewritten_L,1.4480732730164785,0.9938105561960218,True,0.9999999068677404,4.4802961380745996e-17,True,True,False,False,0.34090459999970335
1.5,20,25,longer_horizon_L,1.490463894441302,0.9938105561960218,True,0.9999999068677404,2.501580654106633e-18,True,True,False,False,0.34296270000049844
1.0,20,50,clean_state_L,0.9909658045221801,0.9938105561960218,False,5.16479786361951,1.3319676074217408,False,True,True,False,0.34162650000052963
1.0,20,50,rewritten_state_L,0.9948460288023677,0.9938105561960218,False,3.9287027677130046,0.9011009343083349,False,True,True,False,0.3448859000000084
1.0,20,50,max_clean_rewritten_L,0.9948460288023677,0.9938105561960218,False,3.9287027677130046,0.9011009343083349,False,True,True,False,0.686512400000538
1.0,20,50,longer_horizon_L,0.9825214970073088,0.9938105561960218,False,9.401904418873379,3.134399730892594,False,True,True,False,0.6716784000000189
1.03,20,50,clean_state_L,1.0206947786578455,0.9938105561960218,True,0.9999999068677404,0.06930605720264135,True,True,False,False,0.34162650000052963
1.03,20,50,rewritten_state_L,1.0246914096664388,0.9938105561960218,True,0.9999999068677404,0.04688684060373921,True,True,False,False,0.3448859000000084
1.03,20,50,max_clean_rewritten_L,1.0246914096664388,0.9938105561960218,True,0.9999999068677404,0.04688684060373921,True,True,False,False,0.686512400000538
1.03,20,50,longer_horizon_L,1.0119971419175282,0.9938105561960218,False,1.1921023764819865,0.1630917192240712,True,True,False,False,0.6716784000000189
1.08,20,50,clean_state_L,1.0702430688839546,0.9938105561960218,True,0.9999999068677404,0.0006055055309216144,True,True,False,False,0.34162650000052963
1.08,20,50,rewritten_state_L,1.0744337111065572,0.9938105561960218,True,0.9999999068677404,0.00040963578738861556,True,True,False,False,0.3448859000000084
1.08,20,50,max_clean_rewritten_L,1.0744337111065572,0.9938105561960218,True,0.9999999068677404,0.00040963578738861556,True,True,False,False,0.686512400000538
1.08,20,50,longer_horizon_L,1.0611232167678937,0.9938105561960218,True,0.9999999068677404,0.0014248817783552529,True,True,False,False,0.6716784000000189
1.15,20,50,clean_state_L,1.139610675200507,0.9938105561960218,True,0.9999999068677404,1.1342521935922994e-06,True,True,False,False,0.34162650000052963
1.15,20,50,rewritten_state_L,1.1440729331227228,0.9938105561960218,True,0.9999999068677404,7.673427684669511e-07,True,True,False,False,0.3448859000000084
1.15,20,50,max_clean_rewritten_L,1.1440729331227228,0.9938105561960218,True,0.9999999068677404,7.673427684669511e-07,True,True,False,False,0.686512400000538
1.15,20,50,longer_horizon_L,1.129899721558405,0.9938105561960218,True,0.9999999068677404,2.669133806671017e-06,True,True,False,False,0.6716784000000189
1.25,20,50,clean_state_L,1.238707255652725,0.9938105561960218,True,0.9999999068677404,2.7132659356302806e-10,True,True,False,False,0.34162650000052963
1.25,20,50,rewritten_state_L,1.2435575360029596,0.9938105561960218,True,0.9999999068677404,1.8355750214947045e-10,True,True,False,False,0.3448859000000084
1.25,20,50,max_clean_rewritten_L,1.2435575360029596,0.9938105561960218,True,0.9999999068677404,1.8355750214947045e-10,True,True,False,False,0.686512400000538
1.25,20,50,longer_horizon_L,1.228151871259136,0.9938105561960218,True,0.9999999068677404,6.384885016041396e-10,True,True,False,False,0.6716784000000189
1.5,20,50,clean_state_L,1.4864487067832701,0.9938105561960218,True,0.9999999068677404,3.276180021655829e-18,True,True,False,False,0.34162650000052963
1.5,20,50,rewritten_state_L,1.4922690432035517,0.9938105561960218,True,0.9999999068677404,2.2163969018666967e-18,True,True,False,False,0.3448859000000084
1.5,20,50,max_clean_rewritten_L,1.4922690432035517,0.9938105561960218,True,0.9999999068677404,2.2163969018666967e-18,True,True,False,False,0.686512400000538
1.5,20,50,longer_horizon_L,1.4737822455109633,0.9938105561960218,True,0.9999999068677404,7.70954017276061e-18,True,True,False,False,0.6716784000000189
1.0,50,1,clean_state_L,0.7223672211114068,0.9938105561960218,False,71541399669099.38,71541399669099.38,False,True,True,False,0.020340000000032887
1.0,50,1,rewritten_state_L,0.6950114773218242,0.9938105561960218,False,3397526518657040.0,3397526518657040.0,False,True,True,False,0.020158399999672838
1.0,50,1,max_clean_rewritten_L,0.7223672211114068,0.9938105561960218,False,71541399669099.38,71541399669099.38,False,True,True,False,0.040498399999705725
1.0,50,1,longer_horizon_L,0.8960124863961547,0.9938105561960218,False,31546.7283264777,31546.7283264777,False,True,True,False,0.18588180000006105
1.03,50,1,clean_state_L,0.7440382377447491,0.9938105561960218,False,3722502191642.0063,3722502191642.0063,False,True,True,False,0.020340000000032887
1.03,50,1,rewritten_state_L,0.7158618216414789,0.9938105561960218,False,176782953232120.03,176782953232120.03,False,True,True,False,0.020158399999672838
1.03,50,1,max_clean_rewritten_L,0.7440382377447491,0.9938105561960218,False,3722502191642.0063,3722502191642.0063,False,True,True,False,0.040498399999705725
1.03,50,1,longer_horizon_L,0.9228928609880394,0.9938105561960218,False,1641.4658628096702,1641.4658628096702,False,True,True,False,0.18588180000006105
1.08,50,1,clean_state_L,0.7801565988003194,0.9938105561960218,False,32522347351.498074,32522347351.498074,False,True,True,False,0.020340000000032887
1.08,50,1,rewritten_state_L,0.7506123955075702,0.9938105561960218,False,1544497844419.6672,1544497844419.6672,False,True,True,False,0.020158399999672838
1.08,50,1,max_clean_rewritten_L,0.7801565988003194,0.9938105561960218,False,32522347351.498074,32522347351.498074,False,True,True,False,0.040498399999705725
1.08,50,1,longer_horizon_L,0.9676934853078472,0.9938105561960218,False,28.13894828631488,14.340978247315372,False,True,True,False,0.18588180000006105
1.15,50,1,clean_state_L,0.8307223042781178,0.9938105561960218,False,60921894.08750874,60921894.08750874,False,True,True,False,0.020340000000032887
1.15,50,1,rewritten_state_L,0.7992631989200978,0.9938105561960218,False,2893202421.0665283,2893202421.0665283,False,True,True,False,0.020158399999672838
1.15,50,1,max_clean_rewritten_L,0.8307223042781178,0.9938105561960218,False,60921894.08750874,60921894.08750874,False,True,True,False,0.040498399999705725
1.15,50,1,longer_horizon_L,1.030414359355578,0.9938105561960218,True,0.9999999068677404,0.026863975974783596,True,True,False,False,0.18588180000006105
1.25,50,1,clean_state_L,0.9029590263892585,0.9938105561960218,False,14573.240492327992,14573.240492327992,False,True,True,False,0.020340000000032887
1.25,50,1,rewritten_state_L,0.8687643466522803,0.9938105561960218,False,692088.374905481,692088.374905481,False,True,True,False,0.020158399999672838
1.25,50,1,max_clean_rewritten_L,0.9029590263892585,0.9938105561960218,False,14573.240492327992,14573.240492327992,False,True,True,False,0.040498399999705725
1.25,50,1,longer_horizon_L,1.1200156079951933,0.9938105561960218,True,0.9999999068677404,6.426182053668592e-06,True,True,False,False,0.18588180000006105
1.5,50,1,clean_state_L,1.0835508316671103,0.9938105561960218,True,0.9999999068677404,0.00017596712037981583,True,True,False,False,0.020340000000032887
1.5,50,1,rewritten_state_L,1.0425172159827363,0.9938105561960218,True,0.9999999068677404,0.008356741141037172,True,True,False,False,0.020158399999672838
1.5,50,1,max_clean_rewritten_L,1.0835508316671103,0.9938105561960218,True,0.9999999068677404,0.00017596712037981583,True,True,False,False,0.040498399999705725
1.5,50,1,longer_horizon_L,1.344018729594232,0.9938105561960218,True,0.9999999068677404,7.75940499723322e-14,True,True,False,False,0.18588180000006105
1.0,50,3,clean_state_L,0.8521918855856447,0.9938105561960218,False,4749206.425852085,4749206.425852085,False,True,True,False,0.05486450000080367
1.0,50,3,rewritten_state_L,0.8202327066377945,0.9938105561960218,False,217096207.38591164,217096207.38591164,False,True,True,False,0.054140999999617634
1.0,50,3,max_clean_rewritten_L,0.8521918855856447,0.9938105561960218,False,4749206.425852085,4749206.425852085,False,True,True,False,0.10900550000042131
1.0,50,3,longer_horizon_L,0.9200260633139963,0.9938105561960218,False,2240.5128963632756,2240.5128963632756,False,True,True,False,0.22779389999959676
1.03,50,3,clean_state_L,0.8777576421532141,0.9938105561960218,False,247114.69737194615,247114.69737194615,False,True,True,False,0.05486450000080367
1.03,50,3,rewritten_state_L,0.8448396878369283,0.9938105561960218,False,11296132.19099891,11296132.19099891,False,True,True,False,0.054140999999617634
1.03,50,3,max_clean_rewritten_L,0.8777576421532141,0.9938105561960218,False,247114.69737194615,247114.69737194615,False,True,True,False,0.10900550000042131
1.03,50,3,longer_horizon_L,0.9476268452134162,0.9938105561960218,False,150.43359066623086,116.58024871879783,False,True,True,False,0.22779389999959676
1.08,50,3,clean_state_L,0.9203672364324964,0.9938105561960218,False,2158.9644840600004,2158.9644840600004,False,True,True,False,0.05486450000080367
1.08,50,3,rewritten_state_L,0.8858513231688181,0.9938105561960218,False,98690.80417708214,98690.80417708214,False,True,True,False,0.054140999999617634
1.08,50,3,max_clean_rewritten_L,0.9203672364324964,0.9938105561960218,False,2158.9644840600004,2158.9644840600004,False,True,True,False,0.10900550000042131
1.08,50,3,longer_horizon_L,0.9936281483791161,0.9938105561960218,False,4.280436851505095,1.0185254831198147,False,True,True,False,0.22779389999959676
1.15,50,3,clean_state_L,0.9800206684234913,0.9938105561960218,False,11.238120197559189,4.044240848148341,False,True,True,False,0.05486450000080367
1.15,50,3,rewritten_state_L,0.9432676126334636,0.9938105561960218,False,217.54013845233726,184.87074916535252,False,True,True,False,0.054140999999617634
1.15,50,3,max_clean_rewritten_L,0.9800206684234913,0.9938105561960218,False,11.238120197559189,4.044240848148341,False,True,True,False,0.10900550000042131
1.15,50,3,longer_horizon_L,1.0580299728110956,0.9938105561960218,True,0.9999999068677404,0.001907934287074039,True,True,False,False,0.22779389999959676
1.25,50,3,clean_state_L,1.065239856982056,0.9938105561960218,True,0.9999999068677404,0.0009674304348499526,True,True,False,False,0.05486450000080367
1.25,50,3,rewritten_state_L,1.0252908832972432,0.9938105561960218,True,0.9999999068677404,0.04422327847708711,True,True,False,False,0.054140999999617634
1.25,50,3,max_clean_rewritten_L,1.065239856982056,0.9938105561960218,True,0.9999999068677404,0.0009674304348499526,True,True,False,False,0.10900550000042131
1.25,50,3,longer_horizon_L,1.1500325791424952,0.9938105561960218,True,0.9999999068677404,4.564005375333418e-07,True,True,False,False,0.22779389999959676
1.5,50,3,clean_state_L,1.278287828378467,0.9938105561960218,True,0.9999999068677404,1.168140660808848e-11,True,True,False,False,0.05486450000080367
1.5,50,3,rewritten_state_L,1.2303490599566917,0.9938105561960218,True,0.9999999068677404,5.339816474904477e-10,True,True,False,False,0.054140999999617634
1.5,50,3,max_clean_rewritten_L,1.278287828378467,0.9938105561960218,True,0.9999999068677404,1.168140660808848e-11,True,True,False,False,0.10900550000042131
1.5,50,3,longer_horizon_L,1.3800390949709944,0.9938105561960218,True,0.9999999068677404,5.510887463349129e-15,True,True,False,False,0.22779389999959676
1.0,50,5,clean_state_L,0.8723737765527441,0.9938105561960218,False,457193.74648887676,457193.74648887676,False,True,True,False,0.08700199999930192
1.0,50,5,rewritten_state_L,0.8362944413317072,0.9938105561960218,False,31220474.163236555,31220474.163236555,False,True,True,False,0.08822019999934128
1.0,50,5,max_clean_rewritten_L,0.8723737765527441,0.9938105561960218,False,457193.74648887676,457193.74648887676,False,True,True,False,0.1752221999986432
1.0,50,5,longer_horizon_L,0.9471649618965525,0.9938105561960218,False,156.41677481441485,122.40470426356123,False,True,True,False,0.2615155000003142
1.03,50,5,clean_state_L,0.8985449898493264,0.9938105561960218,False,23789.088991572757,23789.088991572757,False,True,True,False,0.08700199999930192
1.03,50,5,rewritten_state_L,0.8613832745716584,0.9938105561960218,False,1624489.9321832738,1624489.9321832738,False,True,True,False,0.08822019999934128
1.03,50,5,max_clean_rewritten_L,0.8985449898493264,0.9938105561960218,False,23789.088991572757,23789.088991572757,False,True,True,False,0.1752221999986432
1.03,50,5,longer_horizon_L,0.9755799107534491,0.9938105561960218,False,15.457292720773081,6.369064373858105,False,True,True,False,0.2615155000003142
1.08,50,5,clean_state_L,0.9421636786769636,0.9938105561960218,False,238.90466267176555,207.83789384912401,False,True,True,False,0.08700199999930192
1.08,50,5,rewritten_state_L,0.9031979966382437,0.9938105561960218,False,14192.664805435954,14192.664805435954,False,True,True,False,0.08822019999934128
1.08,50,5,max_clean_rewritten_L,0.9421636786769636,0.9938105561960218,False,238.90466267176555,207.83789384912401,False,True,True,False,0.1752221999986432
1.08,50,5,longer_horizon_L,1.0229381588482769,0.9938105561960218,True,0.9999999068677404,0.05564454047488178,True,True,False,False,0.2615155000003142
1.15,50,5,clean_state_L,1.0032298430356557,0.9938105561960218,False,2.1833790412315857,0.389328544449725,True,True,False,False,0.08700199999930192
1.15,50,5,rewritten_state_L,0.9617386075314631,0.9938105561960218,False,46.10724861883815,26.58615052447791,False,True,True,False,0.08822019999934128
1.15,50,5,max_clean_rewritten_L,1.0032298430356557,0.9938105561960218,False,2.1833790412315857,0.389328544449725,True,True,False,False,0.1752221999986432
1.15,50,5,longer_horizon_L,1.0892397061810353,0.9938105561960218,True,0.9999999068677404,0.00010423512069164167,True,True,False,False,0.2615155000003142
1.25,50,5,clean_state_L,1.09046722069093,0.9938105561960218,True,0.9999999068677404,9.313201097529916e-05,True,True,False,False,0.08700199999930192
1.25,50,5,rewritten_state_L,1.045368051664634,0.9938105561960218,True,0.9999999068677404,0.006359722906873406,True,True,False,False,0.08822019999934128
1.25,50,5,max_clean_rewritten_L,1.09046722069093,0.9938105561960218,True,0.9999999068677404,9.313201097529916e-05,True,True,False,False,0.1752221999986432
1.25,50,5,longer_horizon_L,1.1839562023706907,0.9938105561960218,True,0.9999999068677404,2.4934278625745735e-08,True,True,False,False,0.2615155000003142
1.5,50,5,clean_state_L,1.3085606648291161,0.9938105561960218,True,0.9999999068677404,1.1245386223559727e-12,True,True,False,False,0.08700199999930192
1.5,50,5,rewritten_state_L,1.2544416619975607,0.9938105561960218,True,0.9999999068677404,7.679157747552644e-11,True,True,False,False,0.08822019999934128
1.5,50,5,max_clean_rewritten_L,1.3085606648291161,0.9938105561960218,True,0.9999999068677404,1.1245386223559727e-12,True,True,False,False,0.1752221999986432
1.5,50,5,longer_horizon_L,1.4207474428448288,0.9938105561960218,True,0.9999999068677404,3.010732726760645e-16,True,True,False,False,0.2615155000003142
1.0,50,10,clean_state_L,0.8879562719642323,0.9938105561960218,False,77839.95772103056,77839.95772103056,False,True,True,False,0.16667690000031143
1.0,50,10,rewritten_state_L,0.8705291379392935,0.9938105561960218,False,564975.0748294494,564975.0748294494,False,True,True,False,0.1726848999996946
1.0,50,10,max_clean_rewritten_L,0.8879562719642323,0.9938105561960218,False,77839.95772103056,77839.95772103056,False,True,True,False,0.33936180000000604
1.0,50,10,longer_horizon_L,0.9646107299101254,0.9938105561960218,False,36.32169981224243,19.73111629811266,False,True,True,False,0.3549978999999439
1.03,50,10,clean_state_L,0.9145949601231593,0.9938105561960218,False,4050.2340540454115,4050.2340540454115,False,True,True,False,0.16667690000031143
1.03,50,10,rewritten_state_L,0.8966450120774724,0.9938105561960218,False,29397.257587960506,29397.257587960506,False,True,True,False,0.1726848999996946
1.03,50,10,max_clean_rewritten_L,0.9145949601231593,0.9938105561960218,False,4050.2340540454115,4050.2340540454115,False,True,True,False,0.33936180000000604
1.03,50,10,longer_horizon_L,0.9935490518074293,0.9938105561960218,False,4.304356115214121,1.0266660144055393,False,True,True,False,0.3549978999999439
1.08,50,10,clean_state_L,0.9589927737213709,0.9938105561960218,False,57.957076950207195,35.38563900816052,False,True,True,False,0.16667690000031143
1.08,50,10,rewritten_state_L,0.940171468974437,0.9938105561960218,False,282.98787722676263,256.834723859594,False,True,True,False,0.1726848999996946
1.08,50,10,max_clean_rewritten_L,0.9589927737213709,0.9938105561960218,False,57.957076950207195,35.38563900816052,False,True,True,False,0.33936180000000604
1.08,50,10,longer_horizon_L,1.0417795883029355,0.9938105561960218,True,0.9999999068677404,0.008969662612810092,True,True,False,False,0.3549978999999439
1.15,50,10,clean_state_L,1.0211497127588671,0.9938105561960218,True,0.9999999068677404,0.0662855029673823,True,True,False,False,0.16667690000031143
1.15,50,10,rewritten_state_L,1.0011085086301874,0.9938105561960218,False,2.5320917714341085,0.4811109627438409,True,True,False,False,0.1726848999996946
1.15,50,10,max_clean_rewritten_L,1.0211497127588671,0.9938105561960218,True,0.9999999068677404,0.0662855029673823,True,True,False,False,0.33936180000000604
1.15,50,10,longer_horizon_L,1.1093023393966441,0.9938105561960218,True,0.9999999068677404,1.680225691560155e-05,True,True,False,False,0.3549978999999439
1.25,50,10,clean_state_L,1.1099453399552903,0.9938105561960218,True,0.9999999068677404,1.585627942740956e-05,True,True,False,False,0.16667690000031143
1.25,50,10,rewritten_state_L,1.088161422424117,0.9938105561960218,True,0.9999999068677404,0.0001150874553159852,True,True,False,False,0.1726848999996946
1.25,50,10,max_clean_rewritten_L,1.1099453399552903,0.9938105561960218,True,0.9999999068677404,1.585627942740956e-05,True,True,False,False,0.33936180000000604
1.25,50,10,longer_horizon_L,1.2057634123876568,0.9938105561960218,True,0.9999999068677404,4.019299375249505e-09,True,True,False,False,0.3549978999999439
1.5,50,10,clean_state_L,1.3319344079463484,0.9938105561960218,True,0.9999999068677404,1.9145939657332069e-13,True,True,False,False,0.16667690000031143
1.5,50,10,rewritten_state_L,1.3057937069089403,0.9938105561960218,True,0.9999999068677404,1.3896434437115287e-12,True,True,False,False,0.1726848999996946
1.5,50,10,max_clean_rewritten_L,1.3319344079463484,0.9938105561960218,True,0.9999999068677404,1.9145939657332069e-13,True,True,False,False,0.33936180000000604
1.5,50,10,longer_horizon_L,1.446916094865188,0.9938105561960218,True,0.9999999068677404,4.853172754401461e-17,True,True,False,False,0.3549978999999439
1.0,50,15,clean_state_L,0.9400956732330311,0.9938105561960218,False,284.81898694977383,258.9137543166476,False,True,True,False,0.26897180000014487
1.0,50,15,rewritten_state_L,0.9490822960866936,0.9938105561960218,False,133.05263038960416,99.9938479963671,False,True,True,False,0.3050582999994731
1.0,50,15,max_clean_rewritten_L,0.9490822960866936,0.9938105561960218,False,133.05263038960416,99.9938479963671,False,True,True,False,0.574030099999618
1.0,50,15,longer_horizon_L,0.968673126333997,0.9938105561960218,False,25.950942531049353,12.96090628141714,False,True,True,False,0.4855868999993618
1.03,50,15,clean_state_L,0.9682985434300221,0.9938105561960218,False,26.76646145727524,13.472017913374449,False,True,True,False,0.26897180000014487
1.03,50,15,rewritten_state_L,0.9775547649692944,0.9938105561960218,False,13.405509736255713,5.202963878801127,False,True,True,False,0.3050582999994731
1.03,50,15,max_clean_rewritten_L,0.9775547649692944,0.9938105561960218,False,13.405509736255713,5.202963878801127,False,True,True,False,0.574030099999618
1.03,50,15,longer_horizon_L,0.9977333201240169,0.9938105561960218,False,3.207353249861499,0.6743927608545485,False,True,True,False,0.4855868999993618
1.08,50,15,clean_state_L,1.0153033270916736,0.9938105561960218,True,0.9999999068677404,0.11770084302115665,True,True,False,False,0.26897180000014487
1.08,50,15,rewritten_state_L,1.0250088797736292,0.9938105561960218,True,0.9999999068677404,0.04545668204134067,True,True,False,False,0.3050582999994731
1.08,50,15,max_clean_rewritten_L,1.0250088797736292,0.9938105561960218,True,0.9999999068677404,0.04545668204134067,True,True,False,False,0.574030099999618
1.08,50,15,longer_horizon_L,1.0461669764407169,0.9938105561960218,True,0.9999999068677404,0.00589196043163978,True,True,False,False,0.4855868999993618
1.15,50,15,clean_state_L,1.0811100242179856,0.9938105561960218,True,0.9999999068677404,0.00022048095775642425,True,True,False,False,0.26897180000014487
1.15,50,15,rewritten_state_L,1.0914446404996976,0.9938105561960218,True,0.9999999068677404,8.515090067029146e-05,True,True,False,False,0.3050582999994731
1.15,50,15,max_clean_rewritten_L,1.0914446404996976,0.9938105561960218,True,0.9999999068677404,8.515090067029146e-05,True,True,False,False,0.574030099999618
1.15,50,15,longer_horizon_L,1.1139740952840964,0.9938105561960218,True,0.9999999068677404,1.1037007430757337e-05,True,True,False,False,0.4855868999993618
1.25,50,15,clean_state_L,1.1751195915412889,0.9938105561960218,True,0.9999999068677404,5.2741663231084106e-08,True,True,False,False,0.26897180000014487
1.25,50,15,rewritten_state_L,1.186352870108367,0.9938105561960218,True,0.9999999068677404,2.0369106578072173e-08,True,True,False,False,0.3050582999994731
1.25,50,15,max_clean_rewritten_L,1.186352870108367,0.9938105561960218,True,0.9999999068677404,2.0369106578072173e-08,True,True,False,False,0.574030099999618
1.25,50,15,longer_horizon_L,1.2108414079174963,0.9938105561960218,True,0.9999999068677404,2.640183238114642e-09,True,True,False,False,0.4855868999993618
1.5,50,15,clean_state_L,1.4101435098495467,0.9938105561960218,True,0.9999999068677404,6.368383619073405e-16,True,True,False,False,0.26897180000014487
1.5,50,15,rewritten_state_L,1.4236234441300404,0.9938105561960218,True,0.9999999068677404,2.4595031085501505e-16,True,True,False,False,0.3050582999994731
1.5,50,15,max_clean_rewritten_L,1.4236234441300404,0.9938105561960218,True,0.9999999068677404,2.4595031085501505e-16,True,True,False,False,0.574030099999618
1.5,50,15,longer_horizon_L,1.4530096895009956,0.9938105561960218,True,0.9999999068677404,3.187935050757378e-17,True,True,False,False,0.4855868999993618
1.0,50,25,clean_state_L,0.9614251865944222,0.9938105561960218,False,47.32532756992334,27.466984741763763,False,True,True,False,0.41638789999979053
1.0,50,25,rewritten_state_L,0.9634015039702745,0.9938105561960218,False,40.155741460784114,22.36806994715849,False,True,True,False,0.4214668000004167
1.0,50,25,max_clean_rewritten_L,0.9634015039702745,0.9938105561960218,False,40.155741460784114,22.36806994715849,False,True,True,False,0.8378547000002072
1.0,50,25,longer_horizon_L,0.9886078474381587,0.9938105561960218,False,6.102058609132494,1.690266394055178,False,True,True,False,0.8298591000002489
1.03,50,25,clean_state_L,0.9902679421922549,0.9938105561960218,False,5.425874268698176,1.42918521823633,False,True,True,False,0.41638789999979053
1.03,50,25,rewritten_state_L,0.9923035490893827,0.9938105561960218,False,4.699395470578408,1.1638742013187753,False,True,True,False,0.4214668000004167
1.03,50,25,max_clean_rewritten_L,0.9923035490893827,0.9938105561960218,False,4.699395470578408,1.1638742013187753,False,True,True,False,0.8378547000002072
1.03,50,25,longer_horizon_L,1.0182660828613035,0.9938105561960218,True,0.9999999068677404,0.0879493605860629,True,True,False,False,0.8298591000002489
1.08,50,25,clean_state_L,1.0383392015219761,0.9938105561960218,True,0.9999999068677404,0.012486348080994669,True,True,False,False,0.41638789999979053
1.08,50,25,rewritten_state_L,1.0404736242878965,0.9938105561960218,True,0.9999999068677404,0.010168407995493876,True,True,False,False,0.4214668000004167
1.08,50,25,max_clean_rewritten_L,1.0404736242878965,0.9938105561960218,True,0.9999999068677404,0.010168407995493876,True,True,False,False,0.8378547000002072
1.08,50,25,longer_horizon_L,1.0676964752332114,0.9938105561960218,True,0.9999999068677404,0.0007683862915498711,True,True,False,False,0.8298591000002489
1.15,50,25,clean_state_L,1.1056389645835856,0.9938105561960218,True,0.9999999068677404,2.338982383739544e-05,True,True,False,False,0.41638789999979053
1.15,50,25,rewritten_state_L,1.1079117295658156,0.9938105561960218,True,0.9999999068677404,1.9047784842981725e-05,True,True,False,False,0.4214668000004167
1.15,50,25,max_clean_rewritten_L,1.1079117295658156,0.9938105561960218,True,0.9999999068677404,1.9047784842981725e-05,True,True,False,False,0.8378547000002072
1.15,50,25,longer_horizon_L,1.1368990245538824,0.9938105561960218,True,0.9999999068677404,1.4393656080897488e-06,True,True,False,False,0.8298591000002489
1.25,50,25,clean_state_L,1.2017814832430278,0.9938105561960218,True,0.9999999068677404,5.595123608040312e-09,True,True,False,False,0.41638789999979053
1.25,50,25,rewritten_state_L,1.204251879962843,0.9938105561960218,True,0.9999999068677404,4.556456320352842e-09,True,True,False,False,0.4214668000004167
1.25,50,25,max_clean_rewritten_L,1.204251879962843,0.9938105561960218,True,0.9999999068677404,4.556456320352842e-09,True,True,False,False,0.8378547000002072
1.25,50,25,longer_horizon_L,1.2357598092976982,0.9938105561960218,True,0.9999999068677404,3.4431334542795857e-10,True,True,False,False,0.8298591000002489
1.5,50,25,clean_state_L,1.4421377798916333,0.9938105561960218,True,0.9999999068677404,6.755929060488011e-17,True,True,False,False,0.41638789999979053
1.5,50,25,rewritten_state_L,1.4451022559554116,0.9938105561960218,True,0.9999999068677404,5.5017722259575924e-17,True,True,False,False,0.4214668000004167
1.5,50,25,max_clean_rewritten_L,1.4451022559554116,0.9938105561960218,True,0.9999999068677404,5.5017722259575924e-17,True,True,False,False,0.8378547000002072
1.5,50,25,longer_horizon_L,1.482911771157238,0.9938105561960218,True,0.9999999068677404,4.157471218236966e-18,True,True,False,False,0.8298591000002489
1.0,50,50,clean_state_L,0.9917404595409781,0.9938105561960218,False,4.889876944251589,1.231848726649818,False,True,True,False,0.8212932000005821
1.0,50,50,rewritten_state_L,0.9919466343560676,0.9938105561960218,False,4.819239894465177,1.2065065569370927,False,True,True,False,0.8306660999996893
1.0,50,50,max_clean_rewritten_L,0.9919466343560676,0.9938105561960218,False,4.819239894465177,1.2065065569370927,False,True,True,False,1.6519593000002715
1.0,50,50,longer_horizon_L,0.9834417583040107,0.9938105561960218,False,8.805519108685822,2.8542762158848385,False,True,True,False,1.6694181000002573
1.03,50,50,clean_state_L,1.0214926733272074,0.9938105561960218,True,0.9999999068677404,0.06409658751345441,True,True,False,False,0.8212932000005821
1.03,50,50,rewritten_state_L,1.0217050333867497,0.9938105561960218,True,0.9999999068677404,0.0627779624553344,True,True,False,False,0.8306660999996893
1.03,50,50,max_clean_rewritten_L,1.0217050333867497,0.9938105561960218,True,0.9999999068677404,0.0627779624553344,True,True,False,False,1.6519593000002715
1.03,50,50,longer_horizon_L,1.012945011053131,0.9938105561960218,False,1.1175302035803822,0.14851609722939618,True,True,False,False,1.6694181000002573
1.08,50,50,clean_state_L,1.0710796963042564,0.9938105561960218,True,0.9999999068677404,0.0005599920096322944,True,True,False,False,0.8212932000005821
1.08,50,50,rewritten_state_L,1.071302365104553,0.9938105561960218,True,0.9999999068677404,0.000548471591387053,True,True,False,False,0.8306660999996893
1.08,50,50,max_clean_rewritten_L,1.071302365104553,0.9938105561960218,True,0.9999999068677404,0.000548471591387053,True,True,False,False,1.6519593000002715
1.08,50,50,longer_horizon_L,1.0621170989683317,0.9938105561960218,True,0.9999999068677404,0.0012975390886882509,True,True,False,False,1.6694181000002573
1.15,50,50,clean_state_L,1.1405015284721247,0.9938105561960218,True,0.9999999068677404,1.0489948198372683e-06,True,True,False,False,0.8212932000005821
1.15,50,50,rewritten_state_L,1.1407386295094777,0.9938105561960218,True,0.9999999068677404,1.027414406449664e-06,True,True,False,False,0.8306660999996893
1.15,50,50,max_clean_rewritten_L,1.1407386295094777,0.9938105561960218,True,0.9999999068677404,1.027414406449664e-06,True,True,False,False,1.6519593000002715
1.15,50,50,longer_horizon_L,1.1309580220496123,0.9938105561960218,True,0.9999999068677404,2.43059143551727e-06,True,True,False,False,1.6694181000002573
1.25,50,50,clean_state_L,1.2396755744262227,0.9938105561960218,True,0.9999999068677404,2.5093201735874963e-10,True,True,False,False,0.8212932000005821
1.25,50,50,rewritten_state_L,1.2399332929450844,0.9938105561960218,True,0.9999999068677404,2.457697262164323e-10,True,True,False,False,0.8306660999996893
1.25,50,50,max_clean_rewritten_L,1.2399332929450844,0.9938105561960218,True,0.9999999068677404,2.457697262164323e-10,True,True,False,False,1.6519593000002715
1.25,50,50,longer_horizon_L,1.2293021978800134,0.9938105561960218,True,0.9999999068677404,5.814263338153268e-10,True,True,False,False,1.6694181000002573
1.5,50,50,clean_state_L,1.4876106893114671,0.9938105561960218,True,0.9999999068677404,3.0299221733809546e-18,True,True,False,False,0.8212932000005821
1.5,50,50,rewritten_state_L,1.4879199515341013,0.9938105561960218,True,0.9999999068677404,2.9675891934679177e-18,True,True,False,False,0.8306660999996893
1.5,50,50,max_clean_rewritten_L,1.4879199515341013,0.9938105561960218,True,0.9999999068677404,2.9675891934679177e-18,True,True,False,False,1.6519593000002715
1.5,50,50,longer_horizon_L,1.475162637456016,0.9938105561960218,True,0.9999999068677404,7.020533129082644e-18,True,True,False,False,1.6694181000002573
