row_id,seed,checkpoint_age,rewrite_family,continuation_step,parameter_divergence,normalized_parameter_divergence,validation_loss_gap,perplexity_gap,lr,candidate_lr,source_task_loss,candidate_task_loss,clean_cumulative_update_distance,candidate_cumulative_update_distance,cumulative_update_discrepancy,clean_update_norm,candidate_update_norm,delta_update_norm,update_cosine,clean_update_normalized_divergence,mean_layer_relative_displacement,max_layer_relative_displacement,max_layer_update_divergence,calibration_kl,calibration_rms_logit,theta_clean_norm,theta_candidate_norm,train_loss_clean,train_loss_candidate,clean_optimizer_step_counter,candidate_optimizer_step_counter,clean_bias_correction1,clean_bias_correction2,candidate_bias_correction1,candidate_bias_correction2,scheduler_last_epoch_clean,scheduler_last_epoch_candidate,scheduler_transition_indicator,weight_decay,m_clean_norm,m_candidate_norm,m_difference_norm,m_relative_difference,m_cosine,v_clean_norm,v_candidate_norm,v_difference_norm,v_relative_difference,v_cosine
gpu_seed1101_ckpt75_optimizer_reset,1101,75,optimizer_reset,1,3.5903375148773193,0.02113525843889661,9.613434791564941,28900759.690066945,0.001,0.001,7.566010475158691,17.179445266723633,0.44556429982185364,3.6302478313446045,3.5903375148773193,0.44556429982185364,3.6302478313446045,3.5903375148773193,0.15044857561588287,8.057955981448147,0.08317607448075258,0.45420337466460897,0.8233181238174438,29.313020706176758,9.228906631469727,169.8809051513672,169.8992156982422,6.941169738769531,6.941169738769531,76,1,0.9996670103634684,0.07321903528338858,0.09999999999999998,0.0010000000000000009,76,76,0,0.01,6.956910610198975,2.861823558807373,6.740107536315918,0.9688363001867254,0.2802586555480957,7.593889236450195,0.01319650374352932,7.58873176574707,0.9993208393560221,0.39153242111206055
gpu_seed1101_ckpt75_optimizer_reset,1101,75,optimizer_reset,2,5.384924411773682,0.031699462416877815,10.120753288269043,56088037.43866241,0.001,0.001,7.721720059712728,17.84247334798177,0.9728020131587982,6.347548961639404,6.282052516937256,0.5272377133369446,2.7173011302948,2.6917150020599365,0.1453149914741516,5.535478277108707,0.11509715795820599,0.5689179692182899,0.6301789283752441,5.8431925773620605,9.938593864440918,169.88685607910156,169.9258575439453,8.463603973388672,16.194528579711914,77,2,0.9997003093271215,0.07414581624810523,0.18999999999999995,0.001998999999999973,77,77,0,0.01,10.139689445495605,6.630197048187256,11.306419372558594,1.1150656470628078,0.14084631204605103,7.6434125900268555,0.18338793516159058,7.586463451385498,0.9925492523173932,0.321379154920578
gpu_seed1101_ckpt75_optimizer_reset,1101,75,optimizer_reset,3,6.809746265411377,0.04008696860013686,8.66368865966797,32050186.558983605,0.001,0.001,8.619297663370768,17.282986323038738,1.4976043999195099,8.655180215835571,8.576424837112427,0.5248023867607117,2.307631254196167,2.294372320175171,0.13890250027179718,4.547092854276353,0.1374849186274812,0.6444883537119527,0.5153477191925049,19.071382522583008,10.550259590148926,169.89285278320312,169.95712280273438,8.972500801086426,21.05501365661621,78,3,0.9997302783944094,0.07507167043185714,0.2709999999999999,0.002997000999999999,78,78,0,0.01,10.828824043273926,9.711530685424805,12.90656566619873,1.1918713993893135,0.21394026279449463,7.678931713104248,0.38162606954574585,7.570463180541992,0.9858745283047461,0.30706942081451416
gpu_seed1101_ckpt75_optimizer_reset,1101,75,optimizer_reset,4,8.051031112670898,0.04739404653763063,8.427030563354492,29959850.348662227,0.001,0.001,8.788557052612305,17.215587615966797,1.9997954666614532,10.73340892791748,10.652930736541748,0.5021910667419434,2.078228712081909,2.0765058994293213,0.12425123900175095,4.025927274506537,0.1544394799888477,0.6654887702034469,0.4569419324398041,16.307558059692383,9.972418785095215,169.8981170654297,169.9935302734375,8.57185173034668,16.77676010131836,79,4,0.9997572505549684,0.07599659876142528,0.3439,0.003994003998999962,79,79,0,0.01,9.946779251098633,11.663071632385254,13.647546768188477,1.372056866214229,0.20993934571743011,7.69637393951416,0.48301535844802856,7.537567615509033,0.979366085216991,0.3567686975002289
gpu_seed1101_ckpt75_optimizer_reset,1101,75,optimizer_reset,5,9.198400497436523,0.05414827183578561,11.527745882670084,837718869.771226,0.001,0.001,9.018457094828287,20.54620297749837,2.471363604068756,12.6641845703125,12.585860848426819,0.47156813740730286,1.9307756423950195,1.9329301118850708,0.11754772067070007,3.7219939964677455,0.16961745152584584,0.6789734947376833,0.4015260338783264,11.97804069519043,10.963732719421387,169.9032440185547,170.03431701660156,8.05418872833252,16.456066131591797,80,5,0.9997815254994716,0.07692060216266383,0.40950999999999993,0.004990009995000988,80,80,0,0.01,8.538644790649414,13.3270845413208,14.511287689208984,1.6994837055522503,0.17550000548362732,7.693331718444824,0.5269964337348938,7.517272472381592,0.9771153444947517,0.3645080626010895
gpu_seed1101_ckpt75_optimizer_reset,1101,75,optimizer_reset,6,10.240836143493652,0.06028478315095884,8.438241640726726,26587221.297039296,0.001,0.001,8.657916069030762,17.096157709757488,2.9245460629463196,14.441920757293701,14.375480890274048,0.4531824588775635,1.7777361869812012,1.789620041847229,0.10115011036396027,3.5016839957627717,0.1837003952040931,0.7131022466365221,0.36383265256881714,17.84421157836914,11.092435836791992,169.90811157226562,170.0762939453125,8.833494186401367,20.227832794189453,81,6,0.9998033729495245,0.07784368156050114,0.46855899999999995,0.0059850199850060015,81,81,0,0.01,8.028631210327148,13.09599781036377,14.592073440551758,1.8175045108287327,0.10954368114471436,7.710947036743164,0.5808847546577454,7.494805812835693,0.9719695618607526,0.40454062819480896
gpu_seed1101_ckpt75_optimizer_reset,1101,75,optimizer_reset,7,11.210573196411133,0.06599333928147774,4.5100005467732736,480215.07101926045,0.001,0.001,8.583048184712728,13.093048731486002,3.412401020526886,16.096534490585327,16.058889508247375,0.4878549575805664,1.654613733291626,1.6834086179733276,0.08788558095693588,3.2852449430685313,0.19643486879676894,0.7514010437926629,0.35124239325523376,11.452884674072266,9.448027610778809,169.91241455078125,170.11973571777344,10.54738998413086,14.090381622314453,82,7,0.999823035654572,0.07876583787894065,0.5217030999999999,0.006979034965020947,82,82,0,0.01,7.809574127197266,12.418251991271973,13.970552444458008,1.7889006771576714,0.10324718803167343,7.719325065612793,0.6046226024627686,7.478027820587158,0.9687411473184996,0.4320129156112671
gpu_seed1101_ckpt75_optimizer_reset,1101,75,optimizer_reset,8,12.098586082458496,0.0712208093357305,3.4721167882283535,164659.55800888306,0.001,0.001,8.571062088012695,12.043178876241049,3.924522280693054,17.669257044792175,17.673473238945007,0.5121212601661682,1.5727225542068481,1.6145837306976318,0.07998503744602203,3.082817529658375,0.207427509561923,0.8338624092515005,0.3484920561313629,4.146214485168457,8.569972038269043,169.9168243408203,170.16250610351562,7.462986469268799,12.092211723327637,83,8,0.9998407320891148,0.07968707204106174,0.5695327899999999,0.00797205593005601,83,83,0,0.01,7.477686405181885,13.026284217834473,14.167924880981445,1.8946936409584476,0.1276598870754242,7.714942932128906,0.6274798512458801,7.464657306671143,0.9675583309350979,0.43307092785835266
gpu_seed1101_ckpt75_optimizer_reset,1101,75,optimizer_reset,9,12.947324752807617,0.07621708366107818,5.494066874186198,379142.42074831045,0.001,0.001,7.355719884236653,12.849786758422852,4.420509845018387,19.141448616981506,19.190795302391052,0.49598756432533264,1.472191572189331,1.517322063446045,0.07606639713048935,2.9289211441063614,0.2186718801439294,0.9075148638112912,0.325414776802063,5.463305473327637,9.00156021118164,169.92152404785156,170.20730590820312,7.7714691162109375,12.085121154785156,84,9,0.9998566588802034,0.08060738496902065,0.6125795109999999,0.00896408387412595,84,84,0,0.01,7.0378618240356445,13.350394248962402,14.221362113952637,2.020693567097601,0.13579094409942627,7.716994762420654,0.6562927961349487,7.4340291023254395,0.9633321430417275,0.46577537059783936
gpu_seed1101_ckpt75_optimizer_reset,1101,75,optimizer_reset,10,13.770866394042969,0.08106503050467652,8.571414311726887,6998655.115650917,0.001,0.001,7.190003712972005,15.761418024698893,4.904073596000671,20.509608268737793,20.611494779586792,0.48356375098228455,1.3681596517562866,1.4206994771957397,0.06598333269357681,2.8080464382244306,0.22935556675263732,0.9765576604973576,0.31015416979789734,10.786473274230957,8.723546028137207,169.92623901367188,170.2530059814453,7.216599464416504,12.692461967468262,85,10,0.999870992992183,0.08152677758405169,0.6513215599,0.009955119790251765,85,85,0,0.01,7.053555011749268,12.328164100646973,13.588271141052246,1.9264429239462975,0.0982961505651474,7.7144060134887695,0.709322988986969,7.39663028717041,0.958807492661952,0.4847448468208313
gpu_seed1101_ckpt75_optimizer_reset,1101,75,optimizer_reset,11,14.529236793518066,0.08552933346196079,6.230153401692709,426300.4590793255,0.001,0.001,6.73471736907959,12.964870770772299,5.421867489814758,21.758248329162598,21.93171465396881,0.5177938938140869,1.2486400604248047,1.320219874382019,0.06514079868793488,2.6797476738059838,0.23881859768970107,1.0264313558571618,0.28269249200820923,5.937771797180176,8.766339302062988,169.9304656982422,170.29653930664062,6.722254276275635,13.541287422180176,86,11,0.9998838936929647,0.08244525080646758,0.6861894039099999,0.010945164670461582,86,86,0,0.01,7.962215900421143,11.303067207336426,12.936800956726074,1.6247739471671683,0.13220030069351196,7.713314533233643,0.7266376614570618,7.376124858856201,0.9562847239114158,0.5010011196136475
gpu_seed1101_ckpt75_optimizer_reset,1101,75,optimizer_reset,12,15.251114845275879,0.08977881672698744,4.7719771067301435,108661.08884177779,0.001,0.001,6.83251158396403,11.604488690694174,5.9668275117874146,22.96969974040985,23.230841636657715,0.5449600219726562,1.2114514112472534,1.2991269826889038,0.05821407213807106,2.555983864984346,0.2476022366639767,1.0716143220608851,0.28839388489723206,6.931522369384766,8.744400024414062,169.9343719482422,170.3384246826172,7.614570140838623,16.172489166259766,87,12,0.9998955043236682,0.08336280555566111,0.7175704635189999,0.0119342195057911,87,87,0,0.01,8.445977210998535,11.434394836425781,13.339110374450684,1.5793448219441824,0.1250227987766266,7.7085394859313965,0.7460707426071167,7.356743812561035,0.9543628628985599,0.5091639757156372
gpu_seed1101_ckpt75_optimizer_reset,1101,75,optimizer_reset,13,15.927260398864746,0.093759086258249,7.022468884785971,613480.2359566247,0.001,0.001,6.305326461791992,13.327795346577963,6.483333468437195,24.171628713607788,24.510711193084717,0.5165059566497803,1.201928973197937,1.279869556427002,0.05907312408089638,2.4566467969603836,0.2551693214000399,1.1145502440720945,0.2953495681285858,13.882162094116211,7.7842206954956055,169.9384765625,170.37953186035156,6.971478462219238,13.438872337341309,88,13,0.9999059538913014,0.08427944275010546,0.7458134171670999,0.012922285286285251,88,88,0,0.01,7.771679401397705,12.31340503692627,13.547881126403809,1.7432372627164128,0.14877250790596008,7.711031913757324,0.7873136401176453,7.335041046142578,0.9512398766052454,0.5169699192047119
gpu_seed1101_ckpt75_optimizer_reset,1101,75,optimizer_reset,14,16.56772804260254,0.09752933045285697,6.80047353108724,320778.2281647167,0.001,0.001,5.879145622253418,12.679619153340658,6.976281523704529,25.30835223197937,25.721441984176636,0.492948055267334,1.136723518371582,1.210730791091919,0.06180915981531143,2.3748651751373715,0.2612229231246481,1.1435792865628316,0.2755785584449768,6.369700908660889,7.224852085113525,169.94285583496094,170.4199676513672,6.145420551300049,12.393360137939453,89,14,0.9999153585021713,0.08519516330735533,0.7712320754503899,0.013909363000998987,89,89,0,0.01,7.883303642272949,11.723058700561523,12.996788024902344,1.648647396404663,0.16588017344474792,7.712516784667969,0.8386356830596924,7.3078227043151855,0.9475276240360035,0.52427077293396
gpu_seed1101_ckpt75_optimizer_reset,1101,75,optimizer_reset,15,17.166231155395508,0.10105254182586787,6.152159531911214,137095.6293805464,0.001,0.001,5.67840560277303,11.830565134684244,7.4514575600624084,26.42732298374176,26.909088015556335,0.47517603635787964,1.1189707517623901,1.1876460313796997,0.06336618214845657,2.3037413844237786,0.26675732087372356,1.1674843839560163,0.2574078440666199,8.900467872619629,7.2592878341674805,169.94717407226562,170.45904541015625,6.515939235687256,13.503684043884277,90,15,0.9999238226519541,0.08610996814404803,0.794108867905351,0.014895453637998046,90,90,0,0.01,7.69951057434082,12.203927993774414,13.240781784057617,1.719691356510603,0.17506664991378784,7.716833114624023,0.8823722004890442,7.2605366706848145,0.9408699867986737,0.5590075850486755
gpu_seed1101_ckpt75_optimizer_reset,1101,75,optimizer_reset,16,17.707218170166016,0.10423717288684281,9.416658878326416,3819008.474225105,0.001,0.001,5.738923867543538,15.155582745869955,7.896864175796509,27.5919189453125,28.131805896759033,0.44540661573410034,1.1645959615707397,1.2227178812026978,0.057479921728372574,2.242310083594385,0.27326695661009953,1.1694988781043159,0.27382978796958923,6.266129970550537,8.32821273803711,169.95184326171875,170.49618530273438,5.793245792388916,11.680625915527344,91,16,0.9999314403867587,0.08702385817590397,0.8146979811148158,0.015880558184360072,91,91,0,0.01,6.996948719024658,14.099756240844727,14.724793434143066,2.104459247229345,0.1568128764629364,7.711517810821533,0.960058331489563,7.25723123550415,0.9410898624028559,0.5214970111846924
gpu_seed1101_ckpt75_optimizer_reset,1101,75,optimizer_reset,17,18.238887786865234,0.10736695517234782,10.199357032775879,11007871.669322131,0.001,0.001,6.0148013432820635,16.21415837605794,8.310236513614655,28.674023270606995,29.26752531528473,0.41337233781814575,1.0821043252944946,1.1357194185256958,0.05808907747268677,2.194749542565038,0.27927366140018206,1.163798396699735,0.25666338205337524,8.72600269317627,9.73747444152832,169.95639038085938,170.53396606445312,5.737706661224365,13.824381828308105,92,17,0.9999382963480828,0.08793683431772803,0.8332281830033342,0.016864677626175606,92,92,0,0.01,5.922845840454102,14.020105361938477,14.376523971557617,2.427300044407867,0.15028510987758636,7.709216117858887,1.0394470691680908,7.20997428894043,0.93524090889567,0.5321598052978516
gpu_seed1101_ckpt75_optimizer_reset,1101,75,optimizer_reset,18,18.7496395111084,0.11037359999202298,7.329885641733806,857255.274050905,0.001,0.001,6.332261244455974,13.66214688618978,8.7064850628376,29.672562301158905,30.320555448532104,0.39624854922294617,0.9985390305519104,1.0530301332473755,0.057144466787576675,2.1535257197116695,0.2848265095023806,1.1635648923798774,0.24591417610645294,4.990936756134033,10.263833045959473,169.96060180664062,170.5709991455078,4.947824954986572,14.789519309997559,93,18,0.9999444667132745,0.0888488974834103,0.8499053647030008,0.017847812948549535,93,93,0,0.01,5.306149005889893,12.539491653442383,12.832630157470703,2.4184451177725883,0.15568684041500092,7.705138683319092,1.0756868124008179,7.176352024078369,0.931372207435224,0.5445150136947632
gpu_seed1101_ckpt75_optimizer_reset,1101,75,optimizer_reset,19,19.245452880859375,0.11329230712296111,8.197545051574707,1378525.6018572608,0.001,0.001,5.939255396525065,14.136800448099772,9.105526000261307,30.630091905593872,31.341909050941467,0.39904093742370605,0.957529604434967,1.0213536024093628,0.043095920234918594,2.1136014416196236,0.2901665920003695,1.1640829427777581,0.23825575411319733,6.517465114593506,10.38985538482666,169.96412658691406,170.6075897216797,6.414133548736572,13.417558670043945,94,19,0.9999500200419471,0.0897600485859269,0.8649148282327007,0.01882996513560098,94,94,0,0.01,5.255826473236084,12.789960861206055,13.436047554016113,2.556410037970831,0.07943424582481384,7.704784870147705,1.1382471323013306,7.141988277435303,0.9269549244789569,0.5502492785453796
gpu_seed1101_ckpt75_optimizer_reset,1101,75,optimizer_reset,20,19.712249755859375,0.1160402027040069,7.1138383547465,350676.74015910743,0.001,0.001,5.654595851898193,12.768434206644693,9.48240613937378,31.517659544944763,32.288822412490845,0.37688013911247253,0.8875676393508911,0.9469133615493774,0.04958042874932289,2.078823609337524,0.29524058638140843,1.1601198698436561,0.2256506383419037,7.889468669891357,10.13076400756836,169.96737670898438,170.6427764892578,5.190679550170898,11.449872970581055,95,20,0.9999550180377524,0.09067028853734094,0.8784233454094307,0.01981113517046529,95,95,0,0.01,4.99315071105957,11.178912162780762,11.599997520446777,2.323181932952887,0.13740819692611694,7.701622009277344,1.1641048192977905,7.119581699371338,0.9244262690111502,0.5566717386245728
gpu_seed1101_ckpt75_optimizer_reset,1101,75,optimizer_reset,21,20.155654907226562,0.11865039810442563,4.5775957107543945,13815.62270017574,0.001,0.001,4.966292381286621,9.543888092041016,9.866181194782257,32.40312969684601,33.23851680755615,0.3837750554084778,0.8854701519012451,0.9496943950653076,0.04328930750489235,2.0429033796666802,0.3000285147999279,1.1522352478977904,0.23832184076309204,3.9299962520599365,9.62299633026123,169.9704132080078,170.67686462402344,5.297940254211426,12.247036933898926,96,21,0.9999595162339772,0.09157961824880367,0.8905810108684876,0.020791324035294823,96,96,0,0.01,5.170552730560303,11.089486122131348,11.77336597442627,2.277003366552686,0.09678606688976288,7.696798324584961,1.1916556358337402,7.096177577972412,0.9219648584665419,0.5617691278457642
gpu_seed1101_ckpt75_optimizer_reset,1101,75,optimizer_reset,22,20.58411407470703,0.12117261090411101,5.269527912139893,24260.351648637876,0.001,0.001,4.832230091094971,10.101758003234863,10.232079714536667,33.241190791130066,34.13794159889221,0.3658985197544098,0.8380610942840576,0.8994247913360596,0.04445390775799751,2.0117233884975767,0.304813415765,1.1458316876018326,0.22926105558872223,6.029415130615234,9.253952026367188,169.97323608398438,170.7100830078125,4.650158882141113,8.964634895324707,97,22,0.9999635646105794,0.09248803863055488,0.9015229097816388,0.021770532711259616,97,97,0,0.01,4.890665054321289,10.539024353027344,11.196797370910645,2.2894222455522892,0.0933336541056633,7.692235946655273,1.200953483581543,7.084722995758057,0.9210225797659918,0.5639458298683167
gpu_seed1101_ckpt75_optimizer_reset,1101,75,optimizer_reset,23,20.98182487487793,0.12351381713074609,4.321595986684164,7834.928958716327,0.001,0.001,4.658118724822998,8.979714711507162,10.5819853246212,34.02589797973633,34.98150658607483,0.3499056100845337,0.7847071886062622,0.8435649871826172,0.04843404144048691,1.982787183238418,0.30902563108172126,1.1465554810723202,0.20926934480667114,7.547523021697998,8.819266319274902,169.9759063720703,170.7405548095703,4.758721828460693,9.212390899658203,98,23,0.9999672081495214,0.09339555059192428,0.9113706188034749,0.022748762178548265,98,98,0,0.01,4.526334285736084,9.698159217834473,10.278437614440918,2.270808333098434,0.1013246476650238,7.690748691558838,1.237130880355835,7.048925399780273,0.9165460584502092,0.5775818824768066
gpu_seed1101_ckpt75_optimizer_reset,1101,75,optimizer_reset,24,21.355064392089844,0.12571096812927898,4.428389072418212,9840.169186560523,0.001,0.001,4.777844587961833,9.206233660380045,10.937055885791779,34.775484919548035,35.79584586620331,0.355070561170578,0.7495869398117065,0.814339280128479,0.046602871268987656,1.9525423125824972,0.3125780494472346,1.1508100765669722,0.2048872709274292,7.084865570068359,8.239385604858398,169.97866821289062,170.76882934570312,4.6080827713012695,11.32043743133545,99,24,0.9999704873345694,0.09430215504133233,0.9202335569231275,0.023726013416369818,99,99,0,0.01,4.494340419769287,8.591472625732422,9.29763412475586,2.0687427422845457,0.09797871112823486,7.687658309936523,1.272559642791748,7.027867794036865,0.9141753588283478,0.5789927840232849
gpu_seed1101_ckpt75_optimizer_reset,1101,75,optimizer_reset,25,21.702606201171875,0.12775684429630596,1.4680705070495605,658.8007335644966,0.0005,0.0005,5.284195423126221,6.752265930175781,11.325968325138092,35.52344024181366,36.62195944786072,0.3889124393463135,0.747955322265625,0.8261135816574097,0.048517510294914246,1.9161810785750497,0.3156554303255332,1.1533616643319724,0.2219560146331787,5.563018798828125,7.7259135246276855,169.98130798339844,170.7959442138672,4.793528079986572,9.224709510803223,100,25,0.9999734386011124,0.09520785288629108,0.9282102012308147,0.024702287402953438,100,100,1,0.01,4.7173871994018555,9.522368431091309,9.940603256225586,2.1072264870443336,0.15709520876407623,7.6872053146362305,1.332248330116272,6.999532222747803,0.9105431605189435,0.5797408819198608
gpu_seed1101_ckpt75_optimizer_reset,1101,75,optimizer_reset,26,21.866003036499023,0.12871871329286327,1.2627965609232588,373.3807990412933,0.0005,0.0005,4.992289066314697,6.255085627237956,11.50406500697136,35.87613281607628,37.008934170007706,0.1780966818332672,0.352692574262619,0.3869747221469879,0.05063442885875702,1.900719704143407,0.3171980382914139,1.1536650945595588,0.0978575125336647,5.45670747756958,7.522518157958984,169.9823760986328,170.80862426757812,4.307065010070801,6.432135581970215,101,26,0.9999760947410011,0.09611264503340478,0.9353891811077333,0.025677585115550405,101,101,0,0.01,4.044588565826416,8.543684959411621,8.76064395904541,2.1660161018759183,0.18237777054309845,7.691315174102783,1.3349183797836304,6.9986042976379395,0.9099359653342303,0.5823294520378113
gpu_seed1101_ckpt75_optimizer_reset,1101,75,optimizer_reset,27,22.01850700378418,0.12961645918671663,1.0608959197998047,176.06895169837316,0.0005,0.0005,4.534850279490153,5.595746199289958,11.701091885566711,36.23708924651146,37.41233375668526,0.19702687859535217,0.36095643043518066,0.40339958667755127,0.04484010860323906,1.8817480641222988,0.3187712203695362,1.1502351149947554,0.10582208633422852,5.304891586303711,7.2819976806640625,169.98309326171875,170.82025146484375,4.7123494148254395,7.488193511962891,102,27,0.999978485266901,0.09701653238837138,0.94185026299696,0.026651907530434893,102,102,0,0.01,5.308531284332275,8.67205810546875,9.320839881896973,1.7558227281065413,0.1792844980955124,7.693699359893799,1.3409972190856934,6.993830680847168,0.909033529085389,0.5853132009506226
gpu_seed1101_ckpt75_optimizer_reset,1101,75,optimizer_reset,28,22.161184310913086,0.1304563584293477,1.6456507047017412,364.6110517091935,0.0005,0.0005,4.467472076416016,6.113122781117757,11.894375428557396,36.581667482852936,37.801416367292404,0.1932835429906845,0.34457823634147644,0.3890826106071472,0.03534025326371193,1.8631650265304458,0.32023901492737117,1.152629683187971,0.09946192055940628,3.9582273960113525,7.040040493011475,169.98361206054688,170.83103942871094,4.360070705413818,5.971050262451172,103,28,0.999980636740211,0.09791951585598302,0.9476652366972639,0.02762525562290441,103,103,0,0.01,5.138839244842529,8.10471248626709,9.201842308044434,1.7906460719272057,0.0890798419713974,7.687894344329834,1.349204182624817,6.9795050621032715,0.9078565273533007,0.5886012315750122
gpu_seed1101_ckpt75_optimizer_reset,1101,75,optimizer_reset,29,22.291873931884766,0.13122568969780707,2.5811715126037598,938.2403601702318,0.0005,0.0005,4.341537316640218,6.922708829243978,12.080862492322922,36.90796020627022,38.17122942209244,0.18648706376552582,0.3262927234172821,0.36981305480003357,0.0368339903652668,1.8452220564590347,0.32146896614222026,1.1577347312161066,0.09678719192743301,4.101257801055908,6.914286136627197,169.98410034179688,170.8402557373047,4.44327449798584,6.841822624206543,104,29,0.9999825730661899,0.098821596340127,0.9528987130275375,0.02859763036728158,104,104,0,0.01,4.684886932373047,7.376448631286621,8.619935035705566,1.8399451598584153,0.029759889468550682,7.684611797332764,1.3598227500915527,6.965442657470703,0.9064143825570237,0.5925993919372559
gpu_seed1101_ckpt75_optimizer_reset,1101,75,optimizer_reset,30,22.41179084777832,0.13193160522750408,2.890964984893799,1049.1457324401006,0.0005,0.0005,4.121890068054199,7.012855052947998,12.256533712148666,37.213141053915024,38.51736342906952,0.17567121982574463,0.3051808476448059,0.3461340069770813,0.03904915973544121,1.828558658926703,0.32264170821556687,1.1615074625114725,0.08636920899152756,5.3928351402282715,6.820345878601074,169.9844970703125,170.84844970703125,3.9338455200195312,6.681192874908447,105,30,0.9999843157595709,0.09972277474378688,0.9576088417247838,0.029569032736914247,105,105,0,0.01,4.381760120391846,6.474946022033691,7.620504856109619,1.739142410065662,0.05379748344421387,7.68071985244751,1.3676480054855347,6.955853462219238,0.905625201263109,0.5940304398536682
gpu_seed1101_ckpt75_optimizer_reset,1101,75,optimizer_reset,31,22.52117919921875,0.13257554220232004,2.6131227016448975,655.8581506307997,0.0005,0.0005,3.9489529132843018,6.562075614929199,12.425278827548027,37.50473681092262,38.84751069545746,0.16874511539936066,0.2915957570075989,0.33014726638793945,0.045785389840602875,1.812529079772869,0.32348302364988657,1.1592886304498846,0.08358019590377808,5.243315696716309,6.687470436096191,169.98483276367188,170.85560607910156,3.9275949001312256,6.196660995483398,106,31,0.9999858841836138,0.10062305196904309,0.9618479575523053,0.030539463704177372,106,106,0,0.01,4.230335712432861,6.440988063812256,7.131407737731934,1.6857782035527822,0.15643778443336487,7.675695896148682,1.3854418992996216,6.936370372772217,0.9036796749922924,0.5981872081756592
gpu_seed1101_ckpt75_optimizer_reset,1101,75,optimizer_reset,32,22.62088394165039,0.13316247462584413,1.9614594777425132,260.6728175162724,0.0005,0.0005,3.753389040629069,5.714848518371582,12.594876617193222,37.80331435799599,39.18387934565544,0.169597789645195,0.29857754707336426,0.3363686501979828,0.047080203890800476,1.7960385503712601,0.32400246150271017,1.1521840098120775,0.08659213036298752,3.2363009452819824,6.436629295349121,169.98509216308594,170.86184692382812,4.1050872802734375,7.069233417510986,107,32,0.9999872957652524,0.10152242891707408,0.9656631617970749,0.031508924240473246,107,107,0,0.01,4.586569309234619,6.7907209396362305,7.477642059326172,1.6303344733653153,0.18036578595638275,7.670960426330566,1.3897466659545898,6.927344799041748,0.9030609485694566,0.5997227430343628
gpu_seed1101_ckpt75_optimizer_reset,1101,75,optimizer_reset,33,22.714990615844727,0.13371645287208994,1.7769266764322915,181.31049484853446,0.0005,0.0005,3.6085990269978843,5.385525703430176,12.76882055401802,38.093500941991806,39.51609990000725,0.17394393682479858,0.2901865839958191,0.33222055435180664,0.04055621102452278,1.7789419562870372,0.3244382730682854,1.1498851060644184,0.08607890456914902,1.9410817623138428,6.1356520652771,169.98519897460938,170.86753845214844,4.281160831451416,6.592552661895752,108,33,0.9999885661887271,0.10242090648815694,0.9690968456173674,0.032477415316232716,108,108,0,0.01,4.7216291427612305,6.337032794952393,7.5085272789001465,1.5902407944109593,0.10149657726287842,7.665550708770752,1.4076584577560425,6.9131903648376465,0.9018517556640551,0.6000648140907288
gpu_seed1101_ckpt75_optimizer_reset,1101,75,optimizer_reset,34,22.804428100585938,0.1342429449766059,1.4951471487681074,161.15751125504465,0.0005,0.0005,3.841115713119507,5.336262861887614,12.943754374980927,38.37398773431778,39.84156611561775,0.17493382096290588,0.2804867923259735,0.32546621561050415,0.034100715070962906,1.761809397794431,0.32481104524281806,1.1537125324398783,0.08594301342964172,1.9096497297286987,5.851142406463623,169.98529052734375,170.87278747558594,4.1505327224731445,5.307315349578857,109,34,0.9999897095698544,0.10331848558166878,0.9721871610556306,0.033444937900916516,109,109,0,0.01,4.56780481338501,6.473025798797607,7.854933261871338,1.719629796538669,0.018008366227149963,7.659135341644287,1.4193856716156006,6.901066303253174,0.9010242012214829,0.6003115773200989
gpu_seed1101_ckpt75_optimizer_reset,1101,75,optimizer_reset,35,22.887596130371094,0.13473253064817003,1.307143290837606,131.28753107681456,0.0005,0.0005,3.885768493016561,5.192911783854167,13.102997660636902,38.64353343844414,40.14842212200165,0.15924328565597534,0.26954570412635803,0.3068560063838959,0.04487891495227814,1.7467450367580117,0.3251332148409294,1.1582064425774588,0.08150103688240051,2.003683090209961,5.622688293457031,169.98526000976562,170.8772430419922,3.7757444381713867,5.804803848266602,110,35,0.999990738612869,0.10421516709608714,0.9749684449500675,0.0344114929630156,110,110,0,0.01,3.728553295135498,6.2812323570251465,6.933096885681152,1.8594603152715132,0.11289861053228378,7.6591691970825195,1.4228978157043457,6.896462917327881,0.9004191890621682,0.6022230386734009
gpu_seed1101_ckpt75_optimizer_reset,1101,75,optimizer_reset,36,22.96510124206543,0.13518878039048746,1.2670441468556723,103.61149167990102,0.0005,0.0005,3.704420487085978,4.97146463394165,13.260896638035774,38.89160618185997,40.435744404792786,0.15789897739887238,0.24807274341583252,0.2873222827911377,0.050013329833745956,1.7317909843436745,0.32556463098468463,1.1634543689343602,0.07681849598884583,2.0335404872894287,5.389702320098877,169.98507690429688,170.8811492919922,4.440385818481445,5.114270210266113,111,36,0.9999916647515821,0.105110951928991,0.9774716004550608,0.035377081470052585,111,111,0,0.01,3.9282114505767822,5.292812347412109,6.040144443511963,1.5376322073048145,0.16741056740283966,7.656977653503418,1.4295421838760376,6.888579368591309,0.8996473125971013,0.6038919687271118
gpu_seed1101_ckpt75_optimizer_reset,1101,75,optimizer_reset,37,23.037059783935547,0.1356123791115016,0.7632489999135337,47.32361196044438,0.0005,0.0005,3.721399704615275,4.484648704528809,13.425674170255661,39.147148966789246,40.7326075732708,0.16477753221988678,0.2555427849292755,0.2968631684780121,0.051368288695812225,1.7158959387657433,0.32602006857532245,1.169650835694331,0.08053374290466309,2.0083236694335938,5.1279706954956055,169.98483276367188,170.88446044921875,3.340853214263916,4.917973041534424,112,37,0.9999924982764239,0.10600584097706212,0.9797244404095548,0.03634170438858253,112,112,0,0.01,4.5678935050964355,5.730345726013184,6.8675971031188965,1.5034494774134204,0.12489932775497437,7.6518988609313965,1.4383735656738281,6.877569198608398,0.8988055544908699,0.6050868630409241
gpu_seed1101_ckpt75_optimizer_reset,1101,75,optimizer_reset,38,23.1038818359375,0.13600574083101305,0.5211619536081948,32.995045353052056,0.0005,0.0005,3.876179297765096,4.397341251373291,13.582103356719017,39.401515424251556,41.023597329854965,0.15642918646335602,0.2543664574623108,0.2909897565841675,0.05651284381747246,1.701053307366152,0.3263942235533052,1.1764743600412264,0.0821792408823967,1.6875591278076172,4.854776859283447,169.98446655273438,170.88731384277344,3.6750121116638184,4.900816917419434,113,38,0.9999932484487815,0.10689983513608503,0.9817519963685992,0.03730536268419393,113,113,0,0.01,3.681858539581299,6.0598297119140625,6.63791561126709,1.8028708979188948,0.13929398357868195,7.647000789642334,1.4417999982833862,6.869641304016113,0.8983445265652342,0.606027364730835
gpu_seed1101_ckpt75_optimizer_reset,1101,75,optimizer_reset,39,23.16571807861328,0.1363697525609486,0.6051510969797769,38.798568340146225,0.0005,0.0005,3.8428725401560464,4.448023637135823,13.736196428537369,39.640204414725304,41.30054494738579,0.15409307181835175,0.23868899047374725,0.27694761753082275,0.054609667509794235,1.686472539842551,0.3267020426798501,1.1829130130834449,0.07432379573583603,1.6472586393356323,4.6669745445251465,169.98403930664062,170.88998413085938,3.5842502117156982,4.088951587677002,114,39,0.9999939236039034,0.10779293530094891,0.9835767967317394,0.03826805732150973,114,114,0,0.01,3.2059640884399414,5.260607719421387,5.852077007293701,1.82537197730732,0.10985231399536133,7.641510009765625,1.4422922134399414,6.862942218780518,0.8981133584866056,0.6066850423812866
gpu_seed1101_ckpt75_optimizer_reset,1101,75,optimizer_reset,40,23.22269630432129,0.13670516657724607,0.8601135412851968,58.22736991457489,0.0005,0.0005,3.754352649052938,4.614466190338135,13.898304373025894,39.863161861896515,41.56907233595848,0.1621079444885254,0.22295744717121124,0.26852738857269287,0.05370381847023964,1.6709014050225213,0.32696852324639947,1.1888654862801984,0.07616644352674484,1.7852704524993896,4.465282440185547,169.98345947265625,170.892333984375,4.039933204650879,4.692604064941406,115,40,0.999994531243513,0.10868514236564797,0.9852191170585654,0.039229789264188186,115,115,0,0.01,3.467653751373291,4.345949649810791,5.158102035522461,1.4874905066511372,0.14286047220230103,7.6353440284729,1.44893217086792,6.853606700897217,0.897615965349903,0.6067901849746704
gpu_seed1101_ckpt75_optimizer_reset,1101,75,optimizer_reset,41,23.275049209594727,0.13701335269579237,0.9532365798950195,57.83553608885642,0.0005,0.0005,3.591299057006836,4.5445356369018555,14.058680072426796,40.08234916627407,41.833600997924805,0.1603756994009018,0.21918730437755585,0.26452866196632385,0.05388008430600166,1.6555643267850075,0.327272523052763,1.193933159011917,0.07501133531332016,1.8708096742630005,4.297718524932861,169.9827880859375,170.89431762695312,3.725954532623291,4.764657020568848,116,41,0.9999950781191617,0.10957645722328235,0.9866972053527089,0.040190559474924004,116,116,0,0.01,3.592348098754883,4.130052089691162,4.928249359130859,1.3718741123215847,0.1912386119365692,7.629000663757324,1.4531400203704834,6.844141960144043,0.8971216889070722,0.607567310333252
gpu_seed1101_ckpt75_optimizer_reset,1101,75,optimizer_reset,42,23.32359504699707,0.13729912772818964,0.9144763946533208,46.96634222809971,0.0005,0.0005,3.4469918409983316,4.361468235651652,14.22450439631939,40.31255868077278,42.110762268304825,0.16582432389259338,0.23020951449871063,0.27716127038002014,0.04814425855875015,1.6396771653450677,0.3274967904213035,1.199525353971854,0.07892236113548279,1.5812238454818726,4.181581497192383,169.9821014404297,170.89617919921875,3.5603840351104736,4.105894088745117,117,42,0.9999955703072455,0.11046688076605904,0.988027484817438,0.0411503689154491,117,117,0,0.01,4.08700704574585,5.079598903656006,5.935529708862305,1.452292507065561,0.17522434890270233,7.624596118927002,1.4654659032821655,6.831406593322754,0.8959696339015045,0.6092020869255066
gpu_seed1101_ckpt75_optimizer_reset,1101,75,optimizer_reset,43,23.368072509765625,0.13756095343856492,0.4584992726643877,18.687542486903517,0.0005,0.0005,3.4696601231892905,3.9281593958536782,14.393263310194016,40.529515862464905,42.379032611846924,0.16875891387462616,0.2169571816921234,0.268270343542099,0.04890291392803192,1.6235423479825861,0.32786743470409546,1.2034452079695732,0.08053701370954514,1.2032139301300049,4.147533416748047,169.98146057128906,170.89781188964844,3.597425937652588,3.8506224155426025,118,43,0.999996013276521,0.11135641388529294,0.9892247363356942,0.04210921854653371,118,118,0,0.01,4.321522235870361,4.65082311630249,5.798863410949707,1.3418566640281246,0.16615280508995056,7.618381977081299,1.4658340215682983,6.8251495361328125,0.8958791455540432,0.6091790199279785
gpu_seed1101_ckpt75_optimizer_reset,1101,75,optimizer_reset,44,23.4099063873291,0.13780721714222552,0.25430878003438284,9.77964155380505,0.0005,0.0005,3.51966126759847,3.773970047632853,14.55261580646038,40.73649883270264,42.6337496638298,0.15935249626636505,0.20698297023773193,0.25471705198287964,0.05084993690252304,1.608639072085932,0.32832000910801035,1.2058890254213122,0.07448136806488037,1.3126263618469238,4.155146598815918,169.9807891845703,170.89932250976562,3.601731777191162,3.9991114139556885,119,44,0.9999964119488689,0.11224505747140767,0.9903022627021247,0.043067109327987074,119,119,0,0.01,3.861773729324341,4.314354419708252,5.427292346954346,1.4053884891651858,0.12218444794416428,7.613400459289551,1.4730415344238281,6.816561698913574,0.8953373378114371,0.6093792915344238
gpu_seed1101_ckpt75_optimizer_reset,1101,75,optimizer_reset,45,23.44906234741211,0.13803771673518808,0.23073569933573435,8.903421249469133,0.0005,0.0005,3.5353328386942544,3.7660685380299888,14.705908700823784,40.93873672187328,42.88096043467522,0.15329289436340332,0.20223788917064667,0.2472107708454132,0.05299258977174759,1.594533382768585,0.3289086899469766,1.2077240692176836,0.07831032574176788,1.6967617273330688,4.134627819061279,169.98004150390625,170.90052795410156,3.6212165355682373,4.343639373779297,120,45,0.999996770753982,0.11313281241393625,0.9912720364319123,0.04402404221865919,120,120,0,0.01,3.691343069076538,4.455803871154785,5.279171466827393,1.430149235125591,0.17055517435073853,7.609624862670898,1.4791113138198853,6.8087263107299805,0.8947519008629939,0.6101651787757874
gpu_seed1101_ckpt75_optimizer_reset,1101,75,optimizer_reset,46,23.486101150512695,0.13825575324918002,0.2608483632405596,11.052484540979634,0.0005,0.0005,3.613213618596395,3.8740619818369546,14.854542389512062,41.13337768614292,43.11890545487404,0.1486336886882782,0.19464096426963806,0.23794502019882202,0.05805780738592148,1.581072007111663,0.3293711284986128,1.2092113397933821,0.07129881531000137,2.1877427101135254,4.112227439880371,169.9793701171875,170.90158081054688,3.2176589965820312,3.5657286643981934,121,46,0.9999970936785838,0.11401967960152237,0.992144832788721,0.044980018176440484,121,121,0,0.01,3.4328713417053223,4.547581195831299,5.131136417388916,1.4947068813940647,0.1965421885251999,7.603939533233643,1.4816840887069702,6.800539493560791,0.8943442361472734,0.6110052466392517
gpu_seed1101_ckpt75_optimizer_reset,1101,75,optimizer_reset,47,23.521081924438477,0.13846167475217255,0.30694214502970407,13.094293876983919,0.0005,0.0005,3.595878998438517,3.902821143468221,14.998260974884033,41.322908878326416,43.34822475910187,0.14371858537197113,0.18953119218349457,0.22931930422782898,0.07323568314313889,1.568253943828896,0.3297029109692442,1.212461830741433,0.06644873321056366,2.550682783126831,4.0583062171936035,169.9786376953125,170.90235900878906,3.544532537460327,3.5083954334259033,122,47,0.9999973843107254,0.11490565992192081,0.9929303495098489,0.04593503815826405,122,122,0,0.01,3.5631542205810547,4.613381862640381,5.032166957855225,1.412278741343169,0.26330918073654175,7.598076343536377,1.4861284494400024,6.790487766265869,0.8937114421127907,0.6123345494270325
gpu_seed1101_ckpt75_optimizer_reset,1101,75,optimizer_reset,48,23.554256439208984,0.13865696334004327,0.5054664611816406,20.710921929618095,0.0005,0.0005,3.4495784441630044,3.955044905344645,15.142986819148064,41.500914961099625,43.57164914906025,0.14472584426403046,0.17800608277320862,0.22342438995838165,0.05266014486551285,1.5554564446574999,0.3300579139045022,1.2161888529088174,0.06707510352134705,1.646538257598877,4.00603723526001,169.97781372070312,170.9029541015625,3.5794198513031006,4.5891923904418945,123,48,0.9999976458796529,0.11579075426199892,0.9936373145588641,0.046889103120105746,123,123,0,0.01,3.4485909938812256,3.811342239379883,4.807412624359131,1.3940222638426663,0.12583521008491516,7.592626571655273,1.4915395975112915,6.781468868255615,0.8931650732792841,0.6130116581916809
gpu_seed1101_ckpt75_optimizer_reset,1101,75,optimizer_reset,49,23.585765838623047,0.13884244988472358,0.43100714683532715,16.361399620035744,0.0005,0.0005,3.4133235613505044,3.8443307081858316,15.29204511642456,41.693525433540344,43.809447064995766,0.1490582972764969,0.1926104724407196,0.23779791593551636,0.04822885990142822,1.5423552349638963,0.3302148856414646,1.2207964508625708,0.07043051719665527,1.8281174898147583,4.061401844024658,169.97702026367188,170.90342712402344,3.6940371990203857,4.5765275955200195,124,49,0.9999978812916875,0.11667496350773687,0.9942735831029776,0.04784221401698563,124,124,0,0.01,3.8736233711242676,4.322741508483887,5.443368911743164,1.4052395884223234,0.12125615030527115,7.587419509887695,1.5008883476257324,6.770880699157715,0.8923825406428649,0.6136695742607117
gpu_seed1101_ckpt75_optimizer_reset,1101,75,optimizer_reset,50,23.615116119384766,0.13901522633445362,0.2620791594187417,10.32681497550734,0.0005,0.0005,3.5399527549743652,3.802031914393107,15.448881909251213,41.882083997130394,44.0466455668211,0.15683679282665253,0.18855856359004974,0.23719850182533264,0.06575250625610352,1.5285971022434872,0.3301304332569166,1.2241373556576773,0.07159766554832458,1.6043064594268799,4.050355911254883,169.9763641357422,170.90380859375,3.46396803855896,4.195304870605469,125,50,0.9999980931625189,0.11755828854422912,0.9948462247926799,0.04879437180296864,125,125,1,0.01,4.1517157554626465,4.560616493225098,5.3893256187438965,1.2980960008284668,0.2374289184808731,7.584967136383057,1.5088279247283936,6.764458179473877,0.891824322748307,0.6138539910316467
gpu_seed1101_ckpt75_optimizer_reset,1101,75,optimizer_reset,51,23.64297103881836,0.1391792000329107,0.167647997538249,7.47899304398954,0.0005,0.0005,3.7129921118418374,3.8806401093800864,15.593993827700615,42.07332594692707,44.27986493706703,0.14511191844940186,0.19124194979667664,0.23321937024593353,0.05836937204003334,1.5161588044762664,0.3299209519493948,1.2268458004732514,0.06773366034030914,1.2094807624816895,3.9875824451446533,169.97567749023438,170.90414428710938,3.4798848628997803,3.9114487171173096,126,51,0.999998283846267,0.11844073025568491,0.9953616023134119,0.0497455774311657,126,126,0,0.01,3.7307629585266113,4.588325023651123,5.253537654876709,1.408167099672845,0.2153196632862091,7.579046726226807,1.5097981691360474,6.757134914398193,0.8915547242919968,0.6144704222679138
gpu_seed1101_ckpt75_optimizer_reset,1101,75,optimizer_reset,52,23.669849395751953,0.1393374249958426,0.14007131258646632,6.423181744420511,0.0005,0.0005,3.754664182662964,3.89473549524943,15.73075819015503,42.25446370244026,44.500951036810875,0.13676436245441437,0.18113775551319122,0.22108609974384308,0.05320896953344345,1.5046858587251082,0.3297758972648812,1.2299480937571936,0.064762182533741,0.9225574135780334,3.8979177474975586,169.97494506835938,170.9042510986328,3.433483123779297,4.1630377769470215,127,52,0.9999984554616402,0.11932228952542923,0.9958254420820707,0.05069583185373461,127,127,0,0.01,3.3464646339416504,3.7208821773529053,4.6265339851379395,1.3825139337232948,0.14612258970737457,7.573026180267334,1.5186853408813477,6.747024059295654,0.890928394896502,0.6145007014274597
gpu_seed1101_ckpt75_optimizer_reset,1101,75,optimizer_reset,53,23.69565200805664,0.13948931736729747,0.2261950174967451,9.553420432412153,0.0005,0.0005,3.6280285517374673,3.8542235692342124,15.86234436929226,42.434765711426735,44.71789824962616,0.13158617913722992,0.18030200898647308,0.21694721281528473,0.05811609700322151,1.4938303857484838,0.32977166202810737,1.2325732744459457,0.06688286364078522,0.7843902111053467,3.8201258182525635,169.97401428222656,170.9042205810547,3.7088513374328613,4.327394485473633,128,53,0.9999986099154762,0.12020296723590385,0.9962428978738637,0.05164513602188081,128,128,0,0.01,2.9031026363372803,4.237741470336914,4.887548923492432,1.6835604991414146,0.10153638571500778,7.5684309005737305,1.541987657546997,6.733536243438721,0.8896872194377028,0.6134466528892517
gpu_seed1101_ckpt75_optimizer_reset,1101,75,optimizer_reset,54,23.720584869384766,0.13963608977117525,0.5623311201731367,24.701003979044536,0.0005,0.0005,3.48820161819458,4.050532738367717,16.00755700469017,42.607779800891876,44.93719598650932,0.14521263539791107,0.1730140894651413,0.21929773688316345,0.058292947709560394,1.4818366639227472,0.32982501642959766,1.2351184900903953,0.07129349559545517,0.8685888648033142,3.777772903442383,169.97300720214844,170.9040985107422,3.837754011154175,4.042853832244873,129,54,0.9999987489239286,0.12108276426866793,0.9966186080864773,0.05259349088585896,129,129,0,0.01,3.5501837730407715,4.351192474365234,5.058951377868652,1.424982958990368,0.19238336384296417,7.5649237632751465,1.5447996854782104,6.727803707122803,0.8893419045123581,0.6140158176422119
gpu_seed1101_ckpt75_optimizer_reset,1101,75,optimizer_reset,55,23.742521286010742,0.13976522298850988,0.13412030537923192,4.9236067421201,0.0005,0.0005,3.535249869028727,3.669370174407959,16.143692061305046,42.772908449172974,45.14531423151493,0.1361350566148758,0.1651286482810974,0.2081182450056076,0.05531672015786171,1.4706995894029673,0.3299739449373774,1.2370582392044838,0.06682997196912766,1.0342004299163818,3.7967655658721924,169.9720001220703,170.9037322998047,3.2580904960632324,4.124517440795898,130,55,0.9999988740315358,0.12196168150439923,0.9969567472778296,0.05354089739497314,130,130,0,0.01,3.273998975753784,3.623326063156128,4.510207653045654,1.3775837092331025,0.14775586128234863,7.557896137237549,1.5487045049667358,6.719510078430176,0.8890715030234992,0.6137771606445312
gpu_seed1101_ckpt75_optimizer_reset,1101,75,optimizer_reset,56,23.762571334838867,0.13988325171476165,0.026839256286621094,0.8642198165880792,0.0005,0.0005,3.4853511651357016,3.4585119088490806,16.267328038811684,42.94837926328182,45.35417281091213,0.12363597750663757,0.17547081410884857,0.20885857939720154,0.05655716732144356,1.4607544200340137,0.330056212804761,1.2374043137898683,0.05992746353149414,1.3941445350646973,3.84456729888916,169.9709930419922,170.9033966064453,3.499833345413208,3.718864917755127,131,56,0.9999989866283822,0.12283971982289488,0.9972610725500466,0.05448735649757808,131,131,0,0.01,2.7128522396087646,3.809561252593994,4.368912220001221,1.6104497532934838,0.1347358375787735,7.552290916442871,1.550978660583496,6.712843894958496,0.8888486909769833,0.6138402819633484
gpu_seed1101_ckpt75_optimizer_reset,1101,75,optimizer_reset,57,23.78154182434082,0.1399949253935383,0.20374846458435059,6.116745618563858,0.0005,0.0005,3.2982958952585855,3.502044359842936,16.40028192102909,43.116738736629486,45.562687918543816,0.13295388221740723,0.16835947334766388,0.20851510763168335,0.05680595338344574,1.4500690865469659,0.3300820061839453,1.237044920657447,0.059951163828372955,1.4745641946792603,3.922624349594116,169.96995544433594,170.9029998779297,3.2287437915802,3.3346633911132812,132,57,0.9999990879655439,0.12371688010307191,0.9975349652950419,0.05543286914108059,132,132,0,0.01,2.9725847244262695,3.6777286529541016,4.352737903594971,1.4642939754841189,0.15621617436408997,7.545902252197266,1.5526611804962158,6.704355716705322,0.8884763534741277,0.6146610975265503
gpu_seed1101_ckpt75_optimizer_reset,1101,75,optimizer_reset,58,23.799835205078125,0.14010261313264416,0.379871129989624,10.851526809549668,0.0005,0.0005,3.1562880674997964,3.5361591974894204,16.52578166127205,43.2719287276268,45.75755409896374,0.12549974024295807,0.15518999099731445,0.19486618041992188,0.0477835014462471,1.440163962764393,0.3300585593182839,1.2371233859449353,0.05706269294023514,1.3242090940475464,3.962449312210083,169.9689178466797,170.9025115966797,3.0337841510772705,3.1544861793518066,133,58,0.9999991791689895,0.12459316322296887,0.9977814687655377,0.056377436271939474,133,133,0,0.01,3.112332820892334,3.3824567794799805,4.265733242034912,1.3705903216387112,0.1392160952091217,7.540063381195068,1.5547109842300415,6.697261810302734,0.8882235429220435,0.6148955225944519
gpu_seed1101_ckpt75_optimizer_reset,1101,75,optimizer_reset,59,23.81665802001953,0.14020164408446498,0.4461931387583413,13.171645252903446,0.0005,0.0005,3.153691609700521,3.5998847484588623,16.649005450308323,43.4257552921772,45.94954161345959,0.12322378903627396,0.15382656455039978,0.1919875144958496,0.052426718175411224,1.4305153596773579,0.3300899876018532,1.2374655155294843,0.057035893201828,1.308977723121643,3.9634153842926025,169.9678955078125,170.90187072753906,3.286975145339966,3.6710104942321777,134,59,0.9999992612520906,0.12546857005974588,0.998003321888984,0.057321058835667515,134,134,0,0.01,2.962191104888916,3.1848602294921875,4.048703193664551,1.3667933804071741,0.13387051224708557,7.533044815063477,1.5542970895767212,6.690525531768799,0.8881568736175817,0.6149103045463562
gpu_seed1101_ckpt75_optimizer_reset,1101,75,optimizer_reset,60,23.83290672302246,0.14029729540856495,0.3775130907694497,11.108674317025283,0.0005,0.0005,3.1871886253356934,3.564701716105143,16.781506441533566,43.57751755416393,46.14498953521252,0.13250099122524261,0.15176226198673248,0.1954479217529297,0.05938755348324776,1.4201887539747649,0.3299920792228071,1.2381144953683174,0.05746348574757576,0.8641048073768616,3.907715320587158,169.96702575683594,170.9011688232422,3.2158279418945312,3.837669849395752,135,60,0.9999993351268816,0.1263431014896862,0.9982029897000856,0.0582637377768318,135,135,0,0.01,3.364661931991577,3.006422281265259,4.191030502319336,1.2456022587200544,0.1381424367427826,7.529327392578125,1.5548068284988403,6.6859564781188965,0.8879885452595073,0.6152989864349365
gpu_seed1101_ckpt75_optimizer_reset,1101,75,optimizer_reset,61,23.848899841308594,0.1403914421807892,0.4752656618754072,15.817898479482452,0.0005,0.0005,3.2579967180887857,3.733262379964193,16.902666367590427,43.72541072964668,46.33072592318058,0.12115992605686188,0.14789317548274994,0.18573638796806335,0.05731755122542381,1.4109548944914176,0.3299288590033473,1.2393282287068754,0.054876264184713364,1.101569652557373,3.8727867603302,169.96609497070312,170.90049743652344,3.3950912952423096,3.603916645050049,136,61,0.9999994016141934,0.12721675838819646,0.998382690730077,0.05920547403905507,136,136,0,0.01,2.5947299003601074,3.0129592418670654,3.8908493518829346,1.4995199890907516,0.04296846315264702,7.523217678070068,1.5589640140533447,6.678094387054443,0.8876646499967668,0.6152670383453369
gpu_seed1101_ckpt75_optimizer_reset,1101,75,optimizer_reset,62,23.863439559936523,0.14047703321772004,0.328422705332438,10.403852796772252,0.0005,0.0005,3.286928415298462,3.6153511206309,17.028274200856686,43.874680906534195,46.51883400976658,0.12560783326625824,0.1492701768875122,0.18810808658599854,0.0713154673576355,1.4014009451841316,0.3298812207835959,1.2411541449335555,0.05775424465537071,0.9449896812438965,3.834446668624878,169.9651336669922,170.89971923828125,3.043658494949341,3.658939838409424,137,62,0.9999994614527741,0.12808954162980835,0.9985444216570694,0.060146268565015926,137,137,0,0.01,2.6898088455200195,2.861283779144287,3.664440870285034,1.3623424863023035,0.1295354813337326,7.516980171203613,1.5638865232467651,6.6693115234375,0.8872328210982533,0.6154893040657043
gpu_seed1101_ckpt75_optimizer_reset,1101,75,optimizer_reset,63,23.876821517944336,0.14055580885921382,0.09041682879130075,2.585968723006598,0.0005,0.0005,3.3078760306040444,3.398292859395345,17.150340110063553,44.03300838172436,46.712480410933495,0.12206590920686722,0.15832747519016266,0.1936464011669159,0.06386985629796982,1.3922068813044937,0.3298449404402262,1.2428541673930387,0.058126162737607956,1.0074504613876343,3.788841485977173,169.96420288085938,170.8988494873047,3.089325428009033,3.7871763706207275,138,63,0.9999995153074966,0.12896145208817844,0.9986899794913624,0.06108612229645094,138,138,0,0.01,2.5054616928100586,3.2307980060577393,3.7649409770965576,1.5026934907443739,0.1569318026304245,7.510621547698975,1.5643960237503052,6.662440299987793,0.8870691004299204,0.6157094240188599
gpu_seed1101_ckpt75_optimizer_reset,1101,75,optimizer_reset,64,23.889232635498047,0.1406288694491796,0.03824353218078613,1.0296252910189168,0.0005,0.0005,3.2737930615743003,3.3120365937550864,17.273242443799973,44.18769805133343,46.904072895646095,0.12290233373641968,0.15468966960906982,0.1915924847126007,0.061177998781204224,1.383019587273345,0.3299304849223565,1.2434541980447729,0.05814656242728233,1.0979286432266235,3.7458462715148926,169.9630889892578,170.89791870117188,3.332144021987915,3.4367244243621826,139,64,0.9999995637767469,0.12983249063609037,0.9988209815422261,0.06202503617415456,139,139,0,0.01,2.541408061981201,3.218803644180298,3.7475483417510986,1.4745952835406346,0.16963541507720947,7.504980564117432,1.5642855167388916,6.656301498413086,0.8869178862683657,0.6160756945610046
gpu_seed1101_ckpt75_optimizer_reset,1101,75,optimizer_reset,65,23.901548385620117,0.14070136863919175,0.03220589955647757,0.8498276865516416,0.0005,0.0005,3.25673778851827,3.2889436880747476,17.40597116947174,44.3514418900013,47.108632043004036,0.1327287256717682,0.16374383866786957,0.20455914735794067,0.05945916473865509,1.3731809706510125,0.3302093996801637,1.243944049556127,0.059892162680625916,0.9960818290710449,3.6726748943328857,169.9620361328125,170.89686584472656,4.017419815063477,4.508155822753906,140,65,0.9999996073990722,0.13070265814545423,0.9989388833880035,0.06296301113798031,140,140,0,0.01,2.8987951278686523,3.289721727371216,3.963881492614746,1.3674238149861366,0.1841883510351181,7.498544216156006,1.5644258260726929,6.649472713470459,0.8867684875609502,0.616324782371521
gpu_seed1101_ckpt75_optimizer_reset,1101,75,optimizer_reset,66,23.913301467895508,0.14077055556947746,0.10496290524800633,2.7541738781707856,0.0005,0.0005,3.2143253485361734,3.3192882537841797,17.532189667224884,44.50521609187126,47.30303095281124,0.1262184977531433,0.1537742018699646,0.1943989098072052,0.046026699244976044,1.363965478459218,0.3303724828168604,1.2439314033108448,0.05927751958370209,1.0400103330612183,3.6266403198242188,169.9609832763672,170.89584350585938,3.007584810256958,3.47485089302063,141,66,0.9999996466591651,0.13157195548730882,0.9990449950492032,0.06390004812684236,141,141,0,0.01,2.6057841777801514,3.1260406970977783,3.823749542236328,1.467408381262137,0.11915258318185806,7.492663860321045,1.5663210153579712,6.64288330078125,0.8865849882788855,0.616290807723999
gpu_seed1101_ckpt75_optimizer_reset,1101,75,optimizer_reset,67,23.924365997314453,0.14083568919209793,0.19544053077697754,5.106783363338483,0.0005,0.0005,3.163757562637329,3.3591980934143066,17.654664427042007,44.650275230407715,47.48865020275116,0.12247475981712341,0.14505913853645325,0.18561924993991852,0.04468383640050888,1.355130033548962,0.33031864548913553,1.2447535989915008,0.05780902877449989,1.0086578130722046,3.6218762397766113,169.95994567871094,170.89479064941406,3.118642807006836,3.1378109455108643,142,67,0.9999996819932485,0.13244038353182142,0.9991404955442829,0.06483614807871552,142,142,0,0.01,2.6740317344665527,2.864467144012451,3.774596691131592,1.411575129224553,0.07232922315597534,7.485852241516113,1.5658496618270874,6.636160373687744,0.8864936362065882,0.616430401802063
gpu_seed1101_ckpt75_optimizer_reset,1101,75,optimizer_reset,68,23.9342098236084,0.14089363689531192,0.1673196156819663,4.427316474880993,0.0005,0.0005,3.19081703821818,3.3581366539001465,17.774093858897686,44.7902777493,47.66815000772476,0.11942943185567856,0.1400025188922882,0.1794998049736023,0.04915888234972954,1.3465783411302075,0.33016182228411267,1.2454343082715136,0.057068515568971634,1.0535911321640015,3.647695302963257,169.95889282226562,170.89364624023438,3.006467342376709,3.2209160327911377,143,68,0.9999997137939237,0.13330794314828964,0.9992264459898546,0.06577131193063679,143,143,0,0.01,2.6201725006103516,2.5582046508789062,3.6195876598358154,1.3814310542497776,0.022997286170721054,7.479122638702393,1.5652679204940796,6.629638671875,0.8864193023881659,0.6165300011634827
gpu_seed1101_ckpt75_optimizer_reset,1101,75,optimizer_reset,69,23.943462371826172,0.14094810391881338,0.04290127754211426,1.0849538663863747,0.0005,0.0005,3.2088638146718345,3.2517650922139487,17.894052743911743,44.929369404911995,47.848159089684486,0.11995888501405716,0.13909165561199188,0.18000908195972443,0.03995588794350624,1.3380681679264268,0.3299510239524714,1.24573833340846,0.05837508663535118,1.026918888092041,3.634659767150879,169.9578857421875,170.89242553710938,2.886364459991455,3.2394955158233643,144,69,0.9999997424145314,0.1341746352051414,0.9993038013908692,0.06670554061870615,144,144,0,0.01,2.631855010986328,2.6041557788848877,3.7627742290496826,1.4297042250963876,-0.03284201771020889,7.473265647888184,1.565695881843567,6.622977256774902,0.8862226460055727,0.6169321537017822
gpu_seed1101_ckpt75_optimizer_reset,1101,75,optimizer_reset,70,23.952497482299805,0.14100129095042055,0.1057882308959961,2.7208456287074796,0.0005,0.0005,3.299686590830485,3.193898359934489,18.015931896865368,45.07021215558052,48.02950477600098,0.12187915295362473,0.1408427506685257,0.18134568631649017,0.05257410928606987,1.3295175414415297,0.3297529857549882,1.2457909397109126,0.05923004820942879,0.8545315265655518,3.5860702991485596,169.9569854736328,170.89112854003906,2.698169469833374,3.1655490398406982,145,70,0.9999997681730782,0.13504046056993624,0.9993734212517822,0.06763883507808743,145,145,0,0.01,3.00417423248291,2.6599459648132324,3.9836761951446533,1.326046988909452,0.014435154385864735,7.467718124389648,1.5652680397033691,6.617436408996582,0.8861390184751453,0.6170943975448608
gpu_seed1101_ckpt75_optimizer_reset,1101,75,optimizer_reset,71,23.96197509765625,0.14105708287781257,0.15993936856587698,4.4892804738902505,0.0005,0.0005,3.413556973139445,3.253617604573568,18.13749961555004,45.21321855485439,48.21164010465145,0.12156771868467331,0.14300639927387238,0.18213532865047455,0.05913921445608139,1.3211289100241426,0.32980704504174324,1.2451069278122677,0.060447294265031815,0.8023756146430969,3.526169538497925,169.95594787597656,170.88992309570312,3.649599552154541,3.699690580368042,146,71,0.9999997913557703,0.13590542010936624,0.9994360791266039,0.06857119624300934,146,146,0,0.01,2.872650146484375,2.6693906784057617,3.7181200981140137,1.2943170621257352,0.10128479450941086,7.462093353271484,1.5654449462890625,6.61163330078125,0.8860292933593136,0.6172052621841431
gpu_seed1101_ckpt75_optimizer_reset,1101,75,optimizer_reset,72,23.971538543701172,0.14111338006516289,0.06526048978169774,1.9285329252310461,0.0005,0.0005,3.4185808499654136,3.353320360183716,18.255711749196053,45.35030294954777,48.386829882860184,0.11821213364601135,0.13708439469337463,0.1751897782087326,0.06401649117469788,1.3130979976584876,0.32993079326053115,1.2439860639859979,0.05821996182203293,0.9082647562026978,3.461486577987671,169.9548797607422,170.88880920410156,3.0439846515655518,3.276658535003662,147,72,0.9999998122201933,0.1367695146892569,0.9994924712139436,0.06950262504676641,147,147,0,0.01,2.7660670280456543,2.3787219524383545,3.3649306297302246,1.2165036478188587,0.15097080171108246,7.455526828765869,1.5684949159622192,6.603879928588867,0.8857697222828098,0.6171488761901855
gpu_seed1101_ckpt75_optimizer_reset,1101,75,optimizer_reset,73,23.980602264404297,0.14116673551675615,0.01758265495300293,0.4791380082433534,0.0005,0.0005,3.313854217529297,3.296271562576294,18.383465498685837,45.491544008255005,48.56970553100109,0.12775374948978424,0.14124105870723724,0.1828756481409073,0.07832374423742294,1.3044658128314965,0.3301205587578011,1.2439601548804355,0.05978833884000778,1.0329023599624634,3.404468059539795,169.95379638671875,170.8876190185547,3.480508327484131,3.3950908184051514,148,73,0.999999830998174,0.1376327451745677,0.9995432240925493,0.07043312242171962,148,148,0,0.01,2.9760992527008057,2.4016895294189453,3.3525068759918213,1.1264768380786694,0.23685890436172485,7.451160907745361,1.569374442100525,6.598493576049805,0.8855658410476536,0.6175402998924255
gpu_seed1101_ckpt75_optimizer_reset,1101,75,optimizer_reset,74,23.989505767822266,0.1412191478164273,0.0074178377787270655,0.18731861648248227,0.0005,0.0005,3.2326300144195557,3.2252121766408286,18.51010164618492,45.645785212516785,48.76217307150364,0.12663614749908447,0.15424120426177979,0.19246754050254822,0.07124818861484528,1.2960223680222416,0.33030095307509155,1.244735241965344,0.06155449524521828,0.7668663263320923,3.394498825073242,169.95265197753906,170.88641357421875,3.190960168838501,3.48136043548584,149,74,0.9999998478983566,0.13849511242939305,0.9995889016832943,0.0713626892992979,149,149,0,0.01,3.081559419631958,3.350708484649658,4.2327704429626465,1.3735806669815271,0.13592249155044556,7.448636531829834,1.5764981508255005,6.591926097869873,0.8849842611731806,0.6179994940757751
gpu_seed1101_ckpt75_optimizer_reset,1101,75,optimizer_reset,75,23.996641159057617,0.14126115176095813,0.08121871948242188,2.121524986523557,0.0005,0.0005,3.221860488255819,3.3030792077382407,18.632339529693127,45.80470767617226,48.9564246237278,0.12223788350820541,0.1589224636554718,0.19425155222415924,0.06343917548656464,1.2879027414037014,0.3303815222130434,1.2450737309443622,0.060810450464487076,0.7961441278457642,3.3726253509521484,169.95143127441406,170.88499450683594,3.1307051181793213,4.349518775939941,150,75,0.999999863108521,0.1393566173169637,0.9996300115149649,0.0722913266099986,150,150,1,0.01,3.0266637802124023,3.367765426635742,4.402040481567383,1.454420048353374,0.055163636803627014,7.442507743835449,1.5756769180297852,6.585991859436035,0.8849156878459761,0.6181636452674866
gpu_seed1101_ckpt75_optimizer_reset,1101,75,optimizer_reset,76,24.003767013549805,0.14130309956549358,0.03965274492899562,1.0537039769379497,0.0005,0.0005,3.260014772415161,3.2996675173441568,18.75085224956274,45.95621770620346,49.14103277027607,0.11851271986961365,0.15151003003120422,0.18460814654827118,0.08132115751504898,1.2801427206653118,0.33040903669053556,1.244901270512979,0.06134522333741188,0.8697088956832886,3.352997303009033,169.95022583007812,170.8835906982422,3.4184396266937256,3.527899980545044,151,76,0.9999998767976689,0.14021726069964668,0.9996670103634684,0.07321903528338858,151,151,0,0.01,2.996821641921997,3.170253276824951,3.799199104309082,1.2677428149748733,0.24195796251296997,7.43639612197876,1.584235668182373,6.576513767242432,0.8843684036416816,0.6179124116897583
gpu_seed1101_ckpt75_optimizer_reset,1101,75,optimizer_reset,77,24.00946807861328,0.14133666005472176,0.1378951072692871,3.658197365934857,0.0005,0.0005,3.2084927558898926,3.3463878631591797,18.877745114266872,46.110585138201714,49.330972373485565,0.12689286470413208,0.15436743199825287,0.18993960320949554,0.09837717562913895,1.271839826911681,0.3302185850562816,1.2437502315078663,0.0591285265982151,0.9217908382415771,3.306936264038086,169.94886779785156,170.88223266601562,3.8356356620788574,3.875717878341675,152,77,0.9999998891179019,0.14107704343894711,0.9997003093271215,0.07414581624810523,152,152,0,0.01,2.8651554584503174,3.292140483856201,3.6825814247131348,1.2852989927128264,0.2907978594303131,7.430473327636719,1.5846779346466064,6.569653034210205,0.8841500055957829,0.6183825731277466
gpu_seed1101_ckpt75_optimizer_reset,1101,75,optimizer_reset,78,24.015283584594727,0.1413708942238943,0.41164294878641794,11.685735502196579,0.0005,0.0005,3.133095900217692,3.54473884900411,18.99931737035513,46.25604735314846,49.51166769862175,0.12157225608825684,0.14546221494674683,0.1806953251361847,0.09297201782464981,1.2640077070381912,0.3299906946060896,1.242725945324719,0.0560416616499424,1.2693136930465698,3.28312611579895,169.94769287109375,170.88092041015625,3.107962131500244,3.4319467544555664,153,78,0.9999999002061117,0.1419359663955081,0.9997302783944094,0.07507167043185714,153,153,0,0.01,2.6175646781921387,2.953917980194092,3.4058127403259277,1.3011379503626643,0.25722193717956543,7.425320625305176,1.5847433805465698,6.564177513122559,0.8840261376392606,0.6185981035232544
gpu_seed1101_ckpt75_optimizer_reset,1101,75,optimizer_reset,79,24.021026611328125,0.14140470172910205,0.35284344355265285,8.857587447627488,0.0005,0.0005,3.041401465733846,3.394244909286499,19.11643297970295,46.3874534368515,49.67927122116089,0.11711560934782028,0.13140608370304108,0.1676035225391388,0.0939812883734703,1.2565642678647957,0.3297972752155229,1.2430962358028326,0.05403390899300575,1.0164817571640015,3.234588861465454,169.9466094970703,170.87957763671875,3.0233144760131836,3.2207415103912354,154,79,0.9999999101855006,0.14279403042911265,0.9997572505549684,0.07599659876142528,154,154,0,0.01,2.857842445373535,2.3908920288085938,3.303596258163452,1.1559756429226449,0.21732528507709503,7.4210286140441895,1.5862081050872803,6.558435440063477,0.8837636641975546,0.61907559633255
gpu_seed1101_ckpt75_optimizer_reset,1101,75,optimizer_reset,80,24.02642250061035,0.1414364657384786,0.17487947146097804,3.942574271611708,0.0005,0.0005,3.02677845954895,3.2016579310099282,19.2265677601099,46.52307325601578,49.84697583317757,0.1101347804069519,0.13561981916427612,0.16770461201667786,0.0802588015794754,1.2496469884998218,0.32969021408023924,1.2435791946765733,0.05242740362882614,0.7254635691642761,3.1824069023132324,169.94554138183594,170.87820434570312,2.827179193496704,3.2909836769104004,155,80,0.9999999191669505,0.1436512363986835,0.9997815254994716,0.07692060216266383,155,155,0,0.01,2.7354493141174316,2.797525405883789,3.6701388359069824,1.3416950615624104,0.12015124410390854,7.414056301116943,1.5874888896942139,6.550816535949707,0.8835671419114971,0.6191794276237488
gpu_seed1101_ckpt75_optimizer_reset,1101,75,optimizer_reset,81,24.030593872070312,0.1414610213724505,0.09250728289286281,1.9244147455948664,0.0005,0.0005,3.0809868971506753,2.9884796142578125,19.342544868588448,46.66729974746704,50.02584521472454,0.11597710847854614,0.14422649145126343,0.17886938154697418,0.06748723983764648,1.242369814072079,0.3295349674485254,1.243463437111617,0.05599057301878929,0.539363443851471,3.173520803451538,169.94435119628906,170.8767547607422,2.868823528289795,3.367480993270874,156,81,0.9999999272502554,0.1445075851622848,0.9998033729495245,0.07784368156050114,156,156,0,0.01,2.9066286087036133,3.099407196044922,3.927098274230957,1.3510836102246764,0.1461186558008194,7.407590389251709,1.5890816450119019,6.5438232421875,0.8833943156038427,0.6191330552101135
gpu_seed1101_ckpt75_optimizer_reset,1101,75,optimizer_reset,82,24.035438537597656,0.14148954049009504,0.14687593777974461,3.3170303123612577,0.0005,0.0005,3.1897761821746826,3.042900244394938,19.453359819948673,46.814240887761116,50.202388659119606,0.11081495136022568,0.146941140294075,0.1765434443950653,0.08303187042474747,1.235541765538568,0.3293990584255373,1.2432923062731835,0.05259758234024048,0.6208004951477051,3.2031211853027344,169.9431915283203,170.87535095214844,3.0755183696746826,2.9950098991394043,157,82,0.99999993452523,0.14536307757712252,0.999823035654572,0.07876583787894065,157,157,0,0.01,2.5579092502593994,3.2192559242248535,3.8201515674591064,1.493466418744218,0.14044158160686493,7.400689125061035,1.5883561372756958,6.536952018737793,0.8832896380690761,0.6193714737892151
gpu_seed1101_ckpt75_optimizer_reset,1101,75,optimizer_reset,83,24.041088104248047,0.14152279782334826,0.05539162953694676,1.3601586014070328,0.0005,0.0005,3.2284960746765137,3.173104445139567,19.55999031662941,46.95672033727169,50.37173520028591,0.10663049668073654,0.14247944951057434,0.16934654116630554,0.09847541153430939,1.2290950923328268,0.3293827110864837,1.2426267858024407,0.051521506160497665,0.6899682879447937,3.2425410747528076,169.94203186035156,170.87399291992188,2.7934553623199463,2.901024103164673,158,83,0.999999941072707,0.14621771449954546,0.9998407320891148,0.07968707204106174,158,158,0,0.01,2.3336238861083984,3.1610288619995117,3.4708163738250732,1.4873075282116666,0.22986963391304016,7.394761085510254,1.5899404287338257,6.529108047485352,0.8829369836272333,0.6200929880142212
gpu_seed1101_ckpt75_optimizer_reset,1101,75,optimizer_reset,84,24.04705238342285,0.14155790777644844,0.187692085901896,5.0025056752337065,0.0005,0.0005,3.187577962875366,3.375270048777262,19.65970377624035,47.092555835843086,50.53191617131233,0.09971345961093903,0.13583549857139587,0.1601809710264206,0.1010037511587143,1.2231645327476193,0.3294354397697128,1.2419527468174316,0.05010935664176941,0.8450419306755066,3.2936367988586426,169.94085693359375,170.8727264404297,2.914482831954956,3.147545576095581,159,84,0.9999999469654363,0.14707149678504594,0.9998566588802034,0.08060738496902065,159,159,0,0.01,2.0590591430664062,2.7790627479553223,2.9967522621154785,1.4553988272775784,0.2605956196784973,7.389994144439697,1.5933237075805664,6.522336959838867,0.8825902744111717,0.6203925013542175
gpu_seed1101_ckpt75_optimizer_reset,1101,75,optimizer_reset,85,24.053302764892578,0.14159470192940954,0.3814586798350015,10.479791060977046,0.0005,0.0005,3.1164165337880454,3.497875213623047,19.76001587510109,47.23031057417393,50.69257555902004,0.10031209886074066,0.13775473833084106,0.16065938770771027,0.11678025126457214,1.217271429179371,0.3294677420454348,1.2412241806313375,0.05197213590145111,0.8537256121635437,3.2958412170410156,169.93966674804688,170.87144470214844,3.3324527740478516,3.7770023345947266,160,85,0.9999999522688926,0.14792442528826089,0.999870992992183,0.08152677758405169,160,160,0,0.01,2.343132495880127,2.892704963684082,2.9766969680786133,1.2703920812464498,0.36864081025123596,7.3837361335754395,1.5947527885437012,6.5142903327941895,0.8822485277028557,0.6210840344429016
gpu_seed1101_ckpt75_optimizer_reset,1101,75,optimizer_reset,86,24.059268951416016,0.1416298231105088,0.35269999504089355,9.118732502930182,0.0005,0.0005,3.0709404150644937,3.423640410105387,19.863403648138046,47.36670522391796,50.85440234839916,0.10338777303695679,0.1363946497440338,0.16182678937911987,0.1100810319185257,1.2112359682964038,0.32952698268865194,1.2410265688683284,0.05398600548505783,1.0631637573242188,3.31921124458313,169.9385223388672,170.8701171875,3.184995651245117,3.7387850284576416,161,86,0.9999999570420034,0.14877650086297256,0.9998838936929647,0.08244525080646758,161,161,0,0.01,2.780090570449829,2.784878730773926,3.1628527641296387,1.1376797568205625,0.35395652055740356,7.378027439117432,1.5957645177841187,6.507734775543213,0.882042636631993,0.6213542222976685
gpu_seed1101_ckpt75_optimizer_reset,1101,75,optimizer_reset,87,24.065248489379883,0.1416650228876016,0.4126265843709307,11.057619772621695,0.0005,0.0005,3.0749345620473227,3.4875611464182534,19.965753100812435,47.50317770242691,51.01586379110813,0.10234945267438889,0.13647247850894928,0.16146144270896912,0.10847567766904831,1.2053263589841463,0.32956939838440524,1.2401436578478182,0.0522058941423893,1.3702092170715332,3.326782464981079,169.93740844726562,170.8688201904297,3.2518343925476074,3.58266282081604,162,87,0.999999961337803,0.14962772436210958,0.9998955043236682,0.08336280555566111,162,162,0,0.01,2.833610773086548,2.773271083831787,3.3726937770843506,1.1902459607779543,0.2764769196510315,7.371616840362549,1.596084713935852,6.501223087310791,0.8819263437178549,0.6213948130607605
gpu_seed1101_ckpt75_optimizer_reset,1101,75,optimizer_reset,88,24.071130752563477,0.14169965003674168,0.28977958361307765,7.422907260153551,0.0005,0.0005,3.0948193073272705,3.384598890940348,20.065272018313408,47.64018775522709,51.17934277653694,0.09951891750097275,0.13701005280017853,0.16347898542881012,0.07152098417282104,1.1996413868993532,0.3295606113205493,1.2391189857941194,0.05211329460144043,1.1400189399719238,3.272726058959961,169.93638610839844,170.867431640625,2.968975782394409,3.504230499267578,163,88,0.9999999652040227,0.15047809663774747,0.9999059538913014,0.08427944275010546,163,163,0,0.01,2.443833589553833,2.9158341884613037,3.9093551635742188,1.5996814105032184,-0.05674051120877266,7.365893363952637,1.6026426553726196,6.491760730743408,0.8813270040687856,0.6218563318252563
gpu_seed1101_ckpt75_optimizer_reset,1101,75,optimizer_reset,89,24.07682991027832,0.14173319929797076,0.029636144638061523,0.6604237794597054,0.0005,0.0005,3.118668476740519,3.0890323321024575,20.16441871225834,47.79142354428768,51.35390990972519,0.09914669394493103,0.15123578906059265,0.17456713318824768,0.07431523501873016,1.1940254888498403,0.3295060165474922,1.2385660305674473,0.05367128923535347,0.9619408249855042,3.201266050338745,169.93544006347656,170.8660125732422,2.866837739944458,3.2814583778381348,164,89,0.9999999686836204,0.15132761854110977,0.9999153585021713,0.08519516330735533,164,164,0,0.01,2.2358925342559814,3.3557591438293457,3.932130813598633,1.7586403431081428,0.0532233901321888,7.359982967376709,1.6030553579330444,6.485190391540527,0.8811420380027235,0.6221760511398315
gpu_seed1101_ckpt75_optimizer_reset,1101,75,optimizer_reset,90,24.08249282836914,0.1417665352272175,0.11094021797180176,2.6736739315423392,0.0005,0.0005,3.126234451929728,3.23717466990153,20.25998917222023,47.93739511072636,51.52086065709591,0.09557045996189117,0.14597156643867493,0.1669507473707199,0.09206993132829666,1.1886725419078212,0.329516866494416,1.2379214857722771,0.05013151466846466,1.045168399810791,3.156708240509033,169.9344482421875,170.86459350585938,2.85302734375,3.2676584720611572,165,90,0.9999999718152583,0.15217629092256868,0.9999238226519541,0.08610996814404803,165,165,0,0.01,2.266525983810425,3.1897523403167725,3.527696132659912,1.556433130639731,0.1982821673154831,7.356217384338379,1.6028735637664795,6.480775833129883,0.8809929743140517,0.622617781162262
gpu_seed1101_ckpt75_optimizer_reset,1101,75,optimizer_reset,91,24.087928771972656,0.14179853502457457,0.22775864601135254,6.105796757930264,0.0005,0.0005,3.1726675828297934,3.400426228841146,20.35844825953245,48.07562218606472,51.68222172558308,0.09845908731222153,0.13822707533836365,0.16136106848716736,0.10152760148048401,1.1831908043724682,0.3294063307453212,1.237011942537786,0.05271626636385918,0.8840886950492859,3.0763702392578125,169.93344116210938,170.86322021484375,3.574979305267334,4.142148494720459,166,91,0.9999999746337326,0.1530241146316461,0.9999314403867587,0.08702385817590397,166,166,0,0.01,2.57063889503479,2.7076170444488525,3.205688714981079,1.2470396838589994,0.2631301283836365,7.350577354431152,1.6026192903518677,6.475028991699219,0.8808871302871185,0.6227995157241821
gpu_seed1101_ckpt75_optimizer_reset,1101,75,optimizer_reset,92,24.092140197753906,0.14182332644652698,0.269062121709188,7.8939409541349015,0.0005,0.0005,3.2413628101348877,3.5104249318440757,20.46004854887724,48.20691126585007,51.8416860550642,0.1016002893447876,0.13128907978534698,0.15946432948112488,0.07986213266849518,1.1775211647322708,0.3292048896631665,1.2362241896498134,0.05277537554502487,0.7583546042442322,2.9830408096313477,169.932373046875,170.86183166503906,3.0067803859710693,3.266559600830078,167,92,0.9999999771703593,0.15387109051701442,0.9999382963480828,0.08793683431772803,167,167,0,0.01,2.2939682006835938,2.4942073822021484,3.2253506183624268,1.4060136567716495,0.09441997110843658,7.343621253967285,1.6047234535217285,6.467067718505859,0.8806374259853391,0.6228931546211243
gpu_seed1101_ckpt75_optimizer_reset,1101,75,optimizer_reset,93,24.09551239013672,0.14184317754888745,0.16881338755289743,4.5647948197216905,0.0005,0.0005,3.2117411295572915,3.380554517110189,20.559216529130936,48.34572288393974,52.00617115199566,0.09916798025369644,0.1388116180896759,0.16448509693145752,0.07437339425086975,1.1720053804576616,0.3289481485597111,1.234936170415169,0.052360232919454575,0.6059284806251526,2.8705711364746094,169.93128967285156,170.8604278564453,2.9300453662872314,3.48708176612854,168,93,0.9999999794533234,0.1547172194264974,0.9999444667132745,0.0888488974834103,168,168,0,0.01,2.0376503467559814,2.734912633895874,3.217211961746216,1.5788832303179803,0.11496138572692871,7.338345527648926,1.60480797290802,6.460842132568359,0.880422175301606,0.6234481930732727
gpu_seed1101_ckpt75_optimizer_reset,1101,75,optimizer_reset,94,24.098403930664062,0.1418601991954816,0.25595243771870946,6.374922357777152,0.0005,0.0005,3.0844311714172363,3.340383609135946,20.666436210274696,48.49709102511406,52.18468704819679,0.10721968114376068,0.1513681411743164,0.17851589620113373,0.0782657116651535,1.1660648060202048,0.32877394059359616,1.233702113467525,0.0549929216504097,0.6158365607261658,2.783829689025879,169.9301300048828,170.85897827148438,3.2623298168182373,3.958756923675537,169,94,0.9999999815079911,0.1555625022070709,0.9999500200419471,0.0897600485859269,169,169,0,0.01,2.4237287044525146,2.9849963188171387,3.4798200130462646,1.4357300000830209,0.18490542471408844,7.33501672744751,1.6043416261672974,6.45676851272583,0.880266365114592,0.6240096092224121
gpu_seed1101_ckpt75_optimizer_reset,1101,75,optimizer_reset,95,24.1008358001709,0.14187451489429923,0.19959497451782227,4.5794688642038786,0.0005,0.0005,3.031591256459554,3.2311862309773765,20.78195294737816,48.65031082928181,52.3699154406786,0.11551673710346222,0.1532198041677475,0.1852283924818039,0.07093047350645065,1.1597002390100344,0.3288903312132224,1.2328310895306673,0.06066659837961197,0.5665563941001892,2.781233549118042,169.92886352539062,170.85748291015625,2.9602789878845215,3.4101860523223877,170,95,0.999999983357192,0.15640693970486386,0.9999550180377524,0.09067028853734094,170,170,0,0.01,3.021937370300293,3.045771360397339,3.8714563846588135,1.281117346344217,0.18582165241241455,7.330995082855225,1.6053400039672852,6.452666759490967,0.8801897541277502,0.6238431930541992
gpu_seed1101_ckpt75_optimizer_reset,1101,75,optimizer_reset,96,24.103744506835938,0.14189163759288503,0.2056276798248291,5.0831984710501885,0.0005,0.0005,3.1030538082122803,3.3086814880371094,20.890178218483925,48.802038699388504,52.549662709236145,0.1082252711057663,0.15172787010669708,0.17974726855754852,0.07383850961923599,1.1538314443630477,0.3290496621580579,1.232047856815226,0.0572771392762661,0.7641515731811523,2.865903377532959,169.92758178710938,170.85601806640625,2.9644768238067627,3.216517210006714,171,96,0.9999999850214727,0.157250532765159,0.9999595162339772,0.09157961824880367,171,171,0,0.01,2.6556966304779053,3.0103518962860107,3.606375217437744,1.3579771032760626,0.19444428384304047,7.324343204498291,1.604552984237671,6.446341037750244,0.8801254744302948,0.6239327192306519
gpu_seed1101_ckpt75_optimizer_reset,1101,75,optimizer_reset,97,24.107542037963867,0.1419139925390387,0.40527478853861476,11.55979715630902,0.0005,0.0005,3.141251564025879,3.5465263525644937,20.9887378141284,48.94253474473953,52.71545968949795,0.09855959564447403,0.14049604535102844,0.16579698026180267,0.07093454152345657,1.1485941770988688,0.32921427999357616,1.2313190587561682,0.05305870249867439,0.9916321635246277,2.9797587394714355,169.92640686035156,170.8545684814453,3.0062451362609863,2.990849494934082,172,97,0.9999999865193254,0.15809328223239383,0.9999635646105794,0.09248803863055488,172,172,0,0.01,2.04585599899292,2.78192138671875,3.123796224594116,1.5268895885782232,0.19033150374889374,7.318579196929932,1.6045950651168823,6.440074920654297,0.8799624554660775,0.6242578029632568
gpu_seed1101_ckpt75_optimizer_reset,1101,75,optimizer_reset,98,24.111778259277344,0.14193892992497906,0.327339013417562,8.708977457332551,0.0005,0.0005,3.112983147303263,3.440322160720825,21.08775967359543,49.08372065424919,52.881858468055725,0.09902185946702957,0.1411859095096588,0.1663987785577774,0.07332466542720795,1.143401605124855,0.3292218590352595,1.2326242450230664,0.05350096896290779,0.9769567251205444,3.0679433345794678,169.9253692626953,170.8531036376953,3.127434492111206,3.6022274494171143,173,98,0.999999987867393,0.15893518895016145,0.9999672081495214,0.09339555059192428,173,173,0,0.01,2.070038080215454,2.7778170108795166,3.0611274242401123,1.4787783149960336,0.22875960171222687,7.313276290893555,1.6064733266830444,6.43332052230835,0.8796769418267706,0.6246350407600403
gpu_seed1101_ckpt75_optimizer_reset,1101,75,optimizer_reset,99,24.116350173950195,0.14196584343875623,0.294135014216105,7.125324952196966,0.0005,0.0005,3.0367019971211753,3.3308370113372803,21.187438294291496,49.24199625849724,53.063038393855095,0.09967862069606781,0.15827560424804688,0.1811799257993698,0.06848178058862686,1.1382381314331282,0.3293533700748045,1.2335018194585698,0.057521358132362366,0.9913095831871033,3.0885567665100098,169.92437744140625,170.85147094726562,3.313538074493408,4.114903926849365,174,99,0.9999999890806536,0.1597762537612113,0.9999704873345694,0.09430215504133233,174,174,0,0.01,2.2427749633789062,3.279137372970581,3.5818541049957275,1.5970635322225117,0.2007719725370407,7.308026313781738,1.608532428741455,6.42741584777832,0.87950091745789,0.6245301365852356
gpu_seed1101_ckpt75_optimizer_reset,1101,75,optimizer_reset,100,24.121387481689453,0.1419954965843071,0.333259423573812,7.938840987484454,0.0005,0.0005,2.9993483225504556,3.3326077461242676,21.289877884089947,49.395417392253876,53.239710703492165,0.10243958979845047,0.15342113375663757,0.1766723096370697,0.08967738598585129,1.1329979257285632,0.32941810665145793,1.2346627335443423,0.05550571531057358,1.0623221397399902,3.1336705684661865,169.9234161376953,170.8498992919922,2.832961082458496,3.2879438400268555,175,100,0.9999999901725882,0.16061647750745012,0.9999734386011124,0.09520785288629108,175,175,1,0.01,2.5720643997192383,3.1624627113342285,3.470540761947632,1.3493210987738566,0.2810424268245697,7.3025803565979,1.6091852188110352,6.420950412750244,0.8792714491594769,0.6249807476997375
gpu_seed1101_ckpt150_optimizer_reset,1101,150,optimizer_reset,1,1.7156426906585693,0.01009489992401639,10.355008204778036,818305.6030887977,0.0005,0.0005,3.260014772415161,13.615022977193197,0.11851271986961365,1.7356780767440796,1.7156425714492798,0.11851271986961365,1.7356780767440796,1.7156425714492798,0.20222210884094238,14.476443478232746,0.04009197360495293,0.23847357750293993,0.38495156168937683,12.728135108947754,4.155428886413574,169.95022583007812,169.95570373535156,3.4184396266937256,3.4184396266937256,151,1,0.9999998767976689,0.14021726069964668,0.09999999999999998,0.0010000000000000009,151,151,0,0.01,2.996821641921997,1.5580697059631348,2.7239973545074463,0.9089621205349794,0.4270872175693512,7.43639612197876,0.00447994377464056,7.435065746307373,0.9998210994074865,0.2972145676612854
gpu_seed1101_ckpt150_optimizer_reset,1101,150,optimizer_reset,2,2.4087133407592773,0.014172951193744324,7.30788246790568,36890.33104138638,0.0005,0.0005,3.2084927558898926,10.516375223795572,0.24540558457374573,3.038740038871765,3.0136622190475464,0.12689286470413208,1.3030619621276855,1.2980196475982666,0.08834989368915558,9.815234420737603,0.04846923013128466,0.25049572136835796,0.3000088632106781,7.35915470123291,4.417722225189209,169.94886779785156,169.9596710205078,3.8356356620788574,13.78148078918457,152,2,0.9999998891179019,0.14107704343894711,0.18999999999999995,0.001998999999999973,152,152,0,0.01,2.8651554584503174,6.83096170425415,7.560676574707031,2.6388364206924226,-0.05857093259692192,7.430473327636719,0.26448726654052734,7.401478290557861,0.9960978209864492,0.1272103488445282
gpu_seed1101_ckpt150_optimizer_reset,1101,150,optimizer_reset,3,3.0262694358825684,0.01780667225447575,5.8037063280741386,7583.888300547268,0.0005,0.0005,3.133095900217692,8.93680222829183,0.36697784066200256,4.121613144874573,4.0973193645477295,0.12157225608825684,1.0828731060028076,1.083657145500183,0.04968297854065895,8.246463684060982,0.05592094496167809,0.27013584731533347,0.24581973254680634,4.962802410125732,4.568331241607666,169.94769287109375,169.9654083251953,3.107962131500244,11.247193336486816,153,3,0.9999999002061117,0.1419359663955081,0.2709999999999999,0.002997000999999999,153,153,0,0.01,2.6175646781921387,8.58077335357666,9.359283447265625,3.575569125469015,-0.1583845019340515,7.425320625305176,0.2824660837650299,7.388465404510498,0.9950365482306486,0.14917439222335815
gpu_seed1101_ckpt150_optimizer_reset,1101,150,optimizer_reset,4,3.632742166519165,0.021375178421730937,4.11597752571106,1262.6077830618176,0.0005,0.0005,3.041401465733846,7.157378991444905,0.48409345000982285,5.05403870344162,5.031573295593262,0.11711560934782028,0.9324255585670471,0.9342539310455322,0.04717472568154335,7.5042167301333,0.06498062715186917,0.310845109354342,0.20481379330158234,3.8527755737304688,4.939599514007568,169.9466094970703,169.97264099121094,3.0233144760131836,7.957425594329834,154,4,0.9999999101855006,0.14279403042911265,0.3439,0.003994003998999962,154,154,0,0.01,2.857842445373535,8.53022289276123,9.258626937866211,3.2397261622492346,-0.09824821352958679,7.4210286140441895,0.285457968711853,7.3744378089904785,0.9937217860922228,0.1819351613521576
gpu_seed1101_ckpt150_optimizer_reset,1101,150,optimizer_reset,5,4.1736273765563965,0.02455776538779115,3.9387420813242597,1038.835606506686,0.0005,0.0005,3.02677845954895,6.96552054087321,0.5942282304167747,5.8839720487594604,5.8620800375938416,0.1101347804069519,0.8299333453178406,0.8305067420005798,0.06114340201020241,7.023610059088088,0.07378629090036769,0.3572454263390256,0.17809653282165527,4.0135955810546875,5.235816478729248,169.94554138183594,169.98048400878906,2.827179193496704,6.328604221343994,155,5,0.9999999191669505,0.1436512363986835,0.40950999999999993,0.004990009995000988,155,155,0,0.01,2.7354493141174316,8.112014770507812,8.715723037719727,3.186212587722025,-0.06030557304620743,7.414056301116943,0.2940380275249481,7.357016086578369,0.9923064767486358,0.21307115256786346
gpu_seed1101_ckpt150_optimizer_reset,1101,150,optimizer_reset,6,4.655672550201416,0.027394135579147036,3.6681023438771567,831.5013886500735,0.0005,0.0005,3.0809868971506753,6.749089241027832,0.7102053388953209,6.660660624504089,6.639269053936005,0.11597710847854614,0.7766885757446289,0.7771890163421631,0.07034506648778915,6.5553893996861,0.08181883138258543,0.39958895605383354,0.17189982533454895,3.8802754878997803,5.454699516296387,169.94435119628906,169.98802185058594,2.868823528289795,7.506046772003174,156,6,0.9999999272502554,0.1445075851622848,0.46855899999999995,0.0059850199850060015,156,156,0,0.01,2.9066286087036133,8.276500701904297,8.758923530578613,3.013430578763267,0.004784882068634033,7.407590389251709,0.2997896373271942,7.343101501464844,0.9912942152037147,0.23441389203071594
gpu_seed1101_ckpt150_optimizer_reset,1101,150,optimizer_reset,7,5.092085838317871,0.02996200620455997,3.2918935616811114,628.7774882525554,0.0005,0.0005,3.1897761821746826,6.481669743855794,0.8210202902555466,7.374132990837097,7.3526265025138855,0.11081495136022568,0.7134723663330078,0.7133574485778809,0.07869605720043182,6.202143721352773,0.08903423496828582,0.44124728639540195,0.15563572943210602,3.3913300037384033,5.6630964279174805,169.9431915283203,169.99545288085938,3.0755183696746826,5.760430812835693,157,7,0.99999993452523,0.14536307757712252,0.5217030999999999,0.006979034965020947,157,157,0,0.01,2.5579092502593994,8.285618782043457,8.449987411499023,3.303474277142084,0.08946157246828079,7.400689125061035,0.30418914556503296,7.333450794219971,0.9909145851547303,0.2405882328748703
gpu_seed1101_ckpt150_optimizer_reset,1101,150,optimizer_reset,8,5.507676601409912,0.032407356384759396,3.4636677106221514,780.8228502434065,0.0005,0.0005,3.2284960746765137,6.692163785298665,0.9276507869362831,8.039143979549408,8.016861379146576,0.10663049668073654,0.6650109887123108,0.6642348766326904,0.08744671195745468,5.937230560213255,0.09571930985405655,0.47495424070883735,0.1405715048313141,3.4555838108062744,5.83484411239624,169.94203186035156,170.00332641601562,2.7934553623199463,5.642734527587891,158,8,0.999999941072707,0.14621771449954546,0.5695327899999999,0.00797205593005601,158,158,0,0.01,2.3336238861083984,7.645613670349121,7.711914539337158,3.3046947219049976,0.12407766282558441,7.394761085510254,0.30721914768218994,7.320610046386719,0.9899724902174566,0.2609248459339142
gpu_seed1101_ckpt150_optimizer_reset,1101,150,optimizer_reset,9,5.896369934082031,0.03469444116985019,3.8527389367421465,1117.5196980893231,0.0005,0.0005,3.187577962875366,7.040316899617513,1.0273642465472221,8.652863621711731,8.630024135112762,0.09971345961093903,0.613719642162323,0.6131627559661865,0.08681940287351608,5.739317826070822,0.10184602595955,0.5045990852681196,0.13474369049072266,4.284153461456299,5.907885551452637,169.94085693359375,170.0111541748047,2.914482831954956,5.768577575683594,159,9,0.9999999469654363,0.14707149678504594,0.6125795109999999,0.00896408387412595,159,159,0,0.01,2.0590591430664062,6.759069919586182,6.881896495819092,3.342252950329073,0.09212464839220047,7.389994144439697,0.3091910779476166,7.312934875488281,0.9895724857900753,0.26884928345680237
gpu_seed1101_ckpt150_optimizer_reset,1101,150,optimizer_reset,10,6.250621795654297,0.036778871167972814,3.45776359240214,693.7926879716109,0.0005,0.0005,3.1164165337880454,6.5741801261901855,1.1276763454079628,9.249618411064148,9.227364242076874,0.10031209886074066,0.596754789352417,0.5973401069641113,0.0782105103135109,5.542921797643496,0.10701462303274466,0.5283762779908581,0.12689612805843353,4.276159763336182,5.669769287109375,169.93966674804688,170.01824951171875,3.3324527740478516,9.157739639282227,160,10,0.9999999522688926,0.14792442528826089,0.6513215599,0.009955119790251765,160,160,0,0.01,2.343132495880127,6.229645729064941,6.593488693237305,2.813963232906232,0.028247764334082603,7.3837361335754395,0.31632134318351746,7.297449588775635,0.9883139723251445,0.29260820150375366
gpu_seed1101_ckpt150_optimizer_reset,1101,150,optimizer_reset,11,6.584759712219238,0.03874495002979434,2.882575591405233,363.5428225703448,0.0005,0.0005,3.0709404150644937,5.953516006469727,1.2310641184449196,9.826347172260284,9.806593537330627,0.10338777303695679,0.5767287611961365,0.5792292952537537,0.06539493799209595,5.348835705269161,0.11173550838304279,0.5494706460191162,0.1248476505279541,3.584271192550659,5.380346775054932,169.9385223388672,170.0252227783203,3.184995651245117,5.716964244842529,161,11,0.9999999570420034,0.14877650086297256,0.6861894039099999,0.010945164670461582,161,161,0,0.01,2.780090570449829,6.094820976257324,6.816854953765869,2.452026213182121,-0.047029927372932434,7.378027439117432,0.3178859055042267,7.289883136749268,0.9880531343781914,0.2971692383289337
gpu_seed1101_ckpt150_optimizer_reset,1101,150,optimizer_reset,12,6.904916286468506,0.040628762198062114,2.4572649796803794,231.05065722479588,0.0005,0.0005,3.0749345620473227,5.532199541727702,1.3334135711193085,10.388754487037659,10.37350708246231,0.10234945267438889,0.5624073147773743,0.5669135451316833,0.04678791016340256,5.17837558880335,0.11602101958506728,0.563793536493081,0.11754406243562698,3.2712576389312744,5.030792236328125,169.93740844726562,170.03216552734375,3.2518343925476074,5.921108722686768,162,12,0.999999961337803,0.14962772436210958,0.7175704635189999,0.0119342195057911,162,162,0,0.01,2.833610773086548,5.919437408447266,6.879992485046387,2.4279948927318045,-0.1271418184041977,7.371616840362549,0.31925761699676514,7.280465602874756,0.9876348378567791,0.3053989112377167
gpu_seed1101_ckpt150_optimizer_reset,1101,150,optimizer_reset,13,7.188424587249756,0.04229693467919573,1.739185730616252,103.63019296167766,0.0005,0.0005,3.0948193073272705,4.834005037943522,1.4329324886202812,10.926043033599854,10.91310840845108,0.09951891750097275,0.5372885465621948,0.5396013259887695,0.0693223625421524,5.016582877652675,0.11977344298031989,0.5858682356887919,0.11523835361003876,2.8475213050842285,4.727855682373047,169.93638610839844,170.0383758544922,2.968975782394409,5.507552146911621,163,13,0.9999999652040227,0.15047809663774747,0.7458134171670999,0.012922285286285251,163,163,0,0.01,2.443833589553833,5.581774711608887,6.116884231567383,2.5029872155418036,-0.010547175072133541,7.365893363952637,0.3433127701282501,7.269191265106201,0.9868716401298089,0.3031291961669922
gpu_seed1101_ckpt150_optimizer_reset,1101,150,optimizer_reset,14,7.459120273590088,0.04388971730132763,1.6512633164723716,95.2949538137949,0.0005,0.0005,3.118668476740519,4.769931793212891,1.5320791825652122,11.434534013271332,11.424721717834473,0.09914669394493103,0.5084909796714783,0.5116133093833923,0.06590249389410019,4.868625824610553,0.12306019217666292,0.6006409815005733,0.11394508183002472,3.0219860076904297,4.433659553527832,169.93544006347656,170.04443359375,2.866837739944458,5.161215305328369,164,14,0.9999999686836204,0.15132761854110977,0.7712320754503899,0.013909363000998987,164,164,0,0.01,2.2358925342559814,4.958784103393555,5.364226818084717,2.3991434006318753,0.03670080378651619,7.359982967376709,0.3442339301109314,7.2607526779174805,0.9865175925134534,0.30970561504364014
gpu_seed1101_ckpt150_optimizer_reset,1101,150,optimizer_reset,15,7.7084760665893555,0.04535693526548023,0.9640672206878667,36.96990787361726,0.0005,0.0005,3.126234451929728,4.090301672617595,1.6276496425271034,11.936318039894104,11.926976919174194,0.09557045996189117,0.5017840266227722,0.5022552013397217,0.09029839932918549,4.735955370970604,0.12596297056507277,0.6093578913287714,0.1075410544872284,2.232691764831543,4.13429594039917,169.9344482421875,170.05018615722656,2.85302734375,5.391241073608398,165,15,0.9999999718152583,0.15217629092256868,0.794108867905351,0.014895453637998046,165,165,0,0.01,2.266525983810425,5.014101982116699,5.173496723175049,2.2825666946359986,0.15457186102867126,7.356217384338379,0.35085588693618774,7.248285293579102,0.985327773076683,0.3292153775691986
gpu_seed1101_ckpt150_optimizer_reset,1101,150,optimizer_reset,16,7.952486038208008,0.04679269823487033,1.3044582207997641,64.11035542900949,0.0005,0.0005,3.1726675828297934,4.477125803629558,1.726108729839325,12.418623358011246,12.411064445972443,0.09845908731222153,0.4823053181171417,0.4840875267982483,0.08393684774637222,4.607175608771563,0.12868585404942703,0.612688659554189,0.10321415215730667,2.1245646476745605,3.906663656234741,169.93344116210938,170.05599975585938,3.574979305267334,4.887433052062988,166,16,0.9999999746337326,0.1530241146316461,0.8146979811148158,0.015880558184360072,166,166,0,0.01,2.57063889503479,4.7766265869140625,5.2145161628723145,2.028490338702245,0.09093468636274338,7.350577354431152,0.3517708480358124,7.2415900230407715,0.9851729563357815,0.3314560353755951
gpu_seed1101_ckpt150_optimizer_reset,1101,150,optimizer_reset,17,8.184076309204102,0.048155383263525094,2.002673228581746,163.86457790998003,0.0005,0.0005,3.2413628101348877,5.244036038716634,1.8277090191841125,12.885889828205109,12.878835678100586,0.1016002893447876,0.4672664701938629,0.4677712321281433,0.10374714434146881,4.477778586907115,0.13108826970131426,0.6124911099351311,0.10696100443601608,2.8047657012939453,3.810610771179199,169.932373046875,170.06150817871094,3.0067803859710693,4.125677585601807,167,17,0.9999999771703593,0.15387109051701442,0.8332281830033342,0.016864677626175606,167,167,0,0.01,2.2939682006835938,4.335394859313965,4.70586633682251,2.051408705411927,0.09616435319185257,7.343621253967285,0.3532811999320984,7.232944965362549,0.9849289220156976,0.33497384190559387
gpu_seed1101_ckpt150_optimizer_reset,1101,150,optimizer_reset,18,8.396374702453613,0.04940455422759141,1.4234278996785483,78.22306679223828,0.0005,0.0005,3.2117411295572915,4.63516902923584,1.926876999437809,13.36519330739975,13.358493745326996,0.09916798025369644,0.4793034791946411,0.4796580672264099,0.09987324476242065,4.357504243861443,0.1331979803075573,0.6129964637908033,0.10293649882078171,1.9547638893127441,3.7427566051483154,169.93128967285156,170.06605529785156,2.9300453662872314,4.867061138153076,168,18,0.9999999794533234,0.1547172194264974,0.8499053647030008,0.017847812948549535,168,168,0,0.01,2.0376503467559814,4.435705661773682,4.4753217697143555,2.196314876513061,0.21015839278697968,7.338345527648926,0.3601759076118469,7.216352939605713,0.9833760092674076,0.3604279160499573
gpu_seed1101_ckpt150_optimizer_reset,1101,150,optimizer_reset,19,8.602191925048828,0.050615589763166796,1.9649249712626142,134.06700907430374,0.0005,0.0005,3.0844311714172363,5.049356142679851,2.0340966805815697,13.836535215377808,13.831663429737091,0.10721968114376068,0.47134190797805786,0.4731696844100952,0.09665881097316742,4.228998556049529,0.1352514064297799,0.6158861624345445,0.10043852031230927,2.567639112472534,3.767455816268921,169.9301300048828,170.07046508789062,3.2623298168182373,4.657358169555664,169,19,0.9999999815079911,0.1555625022070709,0.8649148282327007,0.01882996513560098,169,169,0,0.01,2.4237287044525146,4.498873233795166,4.809457778930664,1.9843218302830088,0.13680420815944672,7.33501672744751,0.36122405529022217,7.211362361907959,0.9831419109001045,0.3640584945678711
gpu_seed1101_ckpt150_optimizer_reset,1101,150,optimizer_reset,20,8.791779518127441,0.051731129606855976,1.7131114006042476,94.24342041606556,0.0005,0.0005,3.031591256459554,4.744702657063802,2.149613417685032,14.320830911397934,14.319141626358032,0.11551673710346222,0.48429569602012634,0.48747819662094116,0.09162222594022751,4.089935169641535,0.1371387379213495,0.625075674165283,0.10392499715089798,2.8228063583374023,3.739382743835449,169.92886352539062,170.0744171142578,2.9602789878845215,4.989291667938232,170,20,0.999999983357192,0.15640693970486386,0.8784233454094307,0.01981113517046529,170,170,0,0.01,3.021937370300293,4.492290019989014,5.058674335479736,1.6739838440051378,0.13710762560367584,7.330995082855225,0.36501553654670715,7.204342365264893,0.9827236662745125,0.36887696385383606
gpu_seed1101_ckpt150_optimizer_reset,1101,150,optimizer_reset,21,8.966902732849121,0.05276156055650131,1.1176634629567461,45.816457072260995,0.0005,0.0005,3.1030538082122803,4.220717271169026,2.257838688790798,14.83676889538765,14.83742606639862,0.1082252711057663,0.5159379839897156,0.5182844400405884,0.08315148949623108,3.971454106691492,0.13911354217439795,0.64263540957443,0.1180276870727539,1.4760843515396118,3.683262586593628,169.92758178710938,170.07814025878906,2.9644768238067627,5.3795695304870605,171,21,0.9999999850214727,0.157250532765159,0.8905810108684876,0.020791324035294823,171,171,0,0.01,2.6556966304779053,5.392814636230469,5.732274055480957,2.1584822564794415,0.11437924951314926,7.324343204498291,0.3734642267227173,7.193316459655762,0.982110785747582,0.3731979429721832
gpu_seed1101_ckpt150_optimizer_reset,1101,150,optimizer_reset,22,9.144190788269043,0.05380472950242011,1.0540060997009277,43.238029799895955,0.0005,0.0005,3.141251564025879,4.195257663726807,2.356398284435272,15.311988890171051,15.314528435468674,0.09855959564447403,0.4752199947834015,0.4771023690700531,0.08456216752529144,3.8805794625914154,0.1410223034944124,0.6555779912287579,0.10991476476192474,1.2085144519805908,3.8781776428222656,169.92640686035156,170.08221435546875,3.0062451362609863,4.225315093994141,172,22,0.9999999865193254,0.15809328223239383,0.9015229097816388,0.021770532711259616,172,172,0,0.01,2.04585599899292,5.140799045562744,5.238390922546387,2.5604885803900386,0.15082716941833496,7.318579196929932,0.3792065978050232,7.181161403656006,0.9812234329126953,0.38488879799842834
gpu_seed1101_ckpt150_optimizer_reset,1101,150,optimizer_reset,23,9.317904472351074,0.05482686672585744,1.3912099997202554,67.90734929377062,0.0005,0.0005,3.112983147303263,4.504193147023519,2.455420143902302,15.76718720793724,15.771822184324265,0.09902185946702957,0.4551983177661896,0.4572937488555908,0.08755788207054138,3.794830996840607,0.14266917475607402,0.6617367202972424,0.11345840990543365,1.7374284267425537,4.1172356605529785,169.9253692626953,170.08673095703125,3.127434492111206,4.797099590301514,173,23,0.999999987867393,0.15893518895016145,0.9113706188034749,0.022748762178548265,173,173,0,0.01,2.070038080215454,4.766058444976807,4.745839595794678,2.2926339573900147,0.22691111266613007,7.313276290893555,0.3852458894252777,7.1682000160217285,0.9801626153447184,0.3991856873035431
gpu_seed1101_ckpt150_optimizer_reset,1101,150,optimizer_reset,24,9.487739562988281,0.0558261821735925,1.6686460177103677,89.7003354325783,0.0005,0.0005,3.0367019971211753,4.705348014831543,2.5550987645983696,16.189495593309402,16.19681477546692,0.09967862069606781,0.42230838537216187,0.4249925911426544,0.09100238233804703,3.7132574655977826,0.1439829737842357,0.6609149935474482,0.10681607574224472,2.1773808002471924,4.228574752807617,169.92437744140625,170.0911407470703,3.313538074493408,5.142979621887207,174,24,0.9999999890806536,0.1597762537612113,0.9202335569231275,0.023726013416369818,174,174,0,0.01,2.2427749633789062,4.148779392242432,4.246695518493652,1.8935005017595694,0.22611962258815765,7.308026313781738,0.38896507024765015,7.1597819328308105,0.9797148539719482,0.4038722813129425
gpu_seed1101_ckpt150_optimizer_reset,1101,150,optimizer_reset,25,9.650073051452637,0.05678135793908659,1.3678396542867026,58.749219505577564,0.0005,0.0005,2.9993483225504556,4.367187976837158,2.65753835439682,16.594633370637894,16.605692148208618,0.10243958979845047,0.4051377773284912,0.4088773727416992,0.0897517129778862,3.6312074425880776,0.1450064420363907,0.6540747615220004,0.1011066734790802,1.7500766515731812,4.241394519805908,169.9234161376953,170.09524536132812,2.832961082458496,4.6415181159973145,175,25,0.9999999901725882,0.16061647750745012,0.9282102012308147,0.024702287402953438,175,175,1,0.01,2.5720643997192383,4.258444309234619,4.591275215148926,1.7850545327124452,0.16753657162189484,7.3025803565979,0.3981322944164276,7.145562648773193,0.9784983252277643,0.4174063503742218
gpu_seed1101_ckpt150_optimizer_reset,1101,150,optimizer_reset,26,9.806612014770508,0.0577024385216038,1.4366613229115806,65.57394314034838,0.0005,0.0005,3.0179585615793862,4.454619884490967,2.756566196680069,16.980328261852264,16.995377480983734,0.0990278422832489,0.3856948912143707,0.38968533277511597,0.08787153661251068,3.5575463511733396,0.14585298168290012,0.6449312939490407,0.09596970677375793,1.7841377258300781,4.1953043937683105,169.9225311279297,170.09933471679688,2.8657143115997314,3.948045015335083,176,26,0.9999999911553294,0.16145586102994258,0.9353891811077333,0.025677585115550405,176,176,0,0.01,2.5365023612976074,4.434171676635742,4.749185562133789,1.8723363457475195,0.15741391479969025,7.296638488769531,0.40165644884109497,7.136370658874512,0.9780353884678992,0.4221586585044861
gpu_seed1101_ckpt150_optimizer_reset,1101,150,optimizer_reset,27,9.958967208862305,0.058598901663745824,1.7172149022420249,103.17013308994142,0.0005,0.0005,3.1170857747395835,4.834300676981608,2.8546022921800613,17.339993089437485,17.359862983226776,0.09803609549999237,0.35966482758522034,0.364485502243042,0.08678631484508514,3.4887407034389883,0.14671782345812012,0.6373109097582206,0.08919530361890793,1.8282489776611328,4.080428123474121,169.92166137695312,170.1032257080078,2.881002426147461,3.829218626022339,177,27,0.9999999920397965,0.1622944051689127,0.94185026299696,0.026651907530434893,177,177,0,0.01,2.7024362087249756,4.073607921600342,4.545352935791016,1.6819464308220826,0.14702993631362915,7.290693283081055,0.403484582901001,7.128964900970459,0.977817146349184,0.4240546226501465
gpu_seed1101_ckpt150_optimizer_reset,1101,150,optimizer_reset,28,10.102532386779785,0.05944364405185593,1.4630604585011802,77.48409822660356,0.0005,0.0005,3.1503616174062095,4.61342207590739,2.9421683624386787,17.688229382038116,17.71140018105507,0.0875660702586174,0.3482362926006317,0.35153719782829285,0.08785311877727509,3.433703018410086,0.14758589717122,0.6350775628353096,0.08491185307502747,1.5642421245574951,3.966440439224243,169.9207000732422,170.10682678222656,2.6741347312927246,4.039919853210449,178,28,0.9999999928358169,0.1631321107637438,0.9476652366972639,0.02762525562290441,178,178,0,0.01,1.8796383142471313,3.567902088165283,3.7949395179748535,2.018973272255762,0.13877840340137482,7.287216663360596,0.41089025139808655,7.122847080230713,0.9774441202006118,0.4237140119075775
gpu_seed1101_ckpt150_optimizer_reset,1101,150,optimizer_reset,29,10.242241859436035,0.06026569933911424,1.2464528878529868,52.59067358246568,0.0005,0.0005,3.0550933678944907,4.3015462557474775,3.0333615615963936,18.02158033847809,18.048432171344757,0.09119319915771484,0.3333509564399719,0.3370319902896881,0.09619437903165817,3.3765318282870256,0.14858901838239708,0.634460924840583,0.08162494748830795,1.5183945894241333,3.832460880279541,169.9196319580078,170.11029052734375,3.10880446434021,4.329952239990234,179,29,0.9999999935522351,0.16396897865298,0.9528987130275375,0.02859763036728158,179,179,0,0.01,2.0460867881774902,3.284945487976074,3.559105634689331,1.739469535335689,0.17185033857822418,7.283855438232422,0.4142800271511078,7.116910457611084,0.9770801353708871,0.42679616808891296
gpu_seed1101_ckpt150_optimizer_reset,1101,150,optimizer_reset,30,10.376681327819824,0.061056745742052235,0.8576275507609048,27.02579615433042,0.0005,0.0005,2.9911022186279297,3.8487297693888345,3.125680945813656,18.346959799528122,18.377290278673172,0.09231938421726227,0.32537946105003357,0.3288581073284149,0.10398213565349579,3.319814628461805,0.1495731869354046,0.6329582632303657,0.07740156352519989,1.38908052444458,3.696605682373047,169.9185333251953,170.11366271972656,2.5960211753845215,4.136035919189453,180,30,0.9999999941970117,0.1648050096743271,0.9576088417247838,0.029569032736914247,180,180,0,0.01,2.2772111892700195,3.5719223022460938,3.840540647506714,1.6865105290195535,0.19637055695056915,7.2773213386535645,0.41718220710754395,7.107938766479492,0.9767245990258295,0.42995285987854004
gpu_seed1101_ckpt150_optimizer_reset,1101,150,optimizer_reset,31,10.503023147583008,0.06180014530518497,0.6652880509694414,18.0400086330926,0.0005,0.0005,2.949108680089315,3.6143967310587564,3.217719577252865,18.67741870880127,18.70982798933983,0.09203863143920898,0.3304589092731476,0.3325377106666565,0.11660130321979523,3.26412009978406,0.15039593202827506,0.630130081956721,0.07822909206151962,1.0522691011428833,3.6033334732055664,169.91741943359375,170.1167449951172,3.1686837673187256,4.425713539123535,181,31,0.9999999947773105,0.16564020466465268,0.9618479575523053,0.030539463704177372,181,181,0,0.01,2.0991246700286865,3.8599109649658203,3.888054132461548,1.8522264008295237,0.2584574222564697,7.271169185638428,0.41849109530448914,7.100017070770264,0.9764615413973327,0.4329385459423065
gpu_seed1101_ckpt150_optimizer_reset,1101,150,optimizer_reset,32,10.6226224899292,0.0625038719019506,0.9967219034830728,32.91007376242443,0.0005,0.0005,2.957644780476888,3.954366683959961,3.3119379356503487,18.995327651500702,19.032329469919205,0.09421835839748383,0.3179089426994324,0.3225014805793762,0.0990886315703392,3.207373657453542,0.15116058734499804,0.6289606169383262,0.07474134117364883,1.1329461336135864,3.667365789413452,169.91635131835938,170.1195831298828,2.9760003089904785,3.43172550201416,182,32,0.9999999952995794,0.1664745644599881,0.9656631617970749,0.031508924240473246,182,182,0,0.01,2.1767821311950684,3.452803134918213,3.7668540477752686,1.7304690229635011,0.16438545286655426,7.264976501464844,0.41895952820777893,7.093547344207764,0.976403343187209,0.4331839382648468
gpu_seed1101_ckpt150_optimizer_reset,1101,150,optimizer_reset,33,10.735360145568848,0.06316722410083626,1.097943147023519,39.040128758372376,0.0005,0.0005,2.9724467595418296,4.070389906565349,3.4092085510492325,19.30065628886223,19.344174325466156,0.09727061539888382,0.3053286373615265,0.3118448555469513,0.09158315509557724,3.1489303117762444,0.1519856064541356,0.6296810286696286,0.0747482180595398,1.1850359439849854,3.8034610748291016,169.9153289794922,170.1220703125,2.92635178565979,3.641726016998291,183,33,0.9999999957696215,0.16730808989552803,0.9690968456173674,0.032477415316232716,183,183,0,0.01,2.1410956382751465,2.987177848815918,3.3803677558898926,1.5788027846395116,0.16265547275543213,7.259544849395752,0.42315542697906494,7.085564136505127,0.976034211992494,0.4353681802749634
gpu_seed1101_ckpt150_optimizer_reset,1101,150,optimizer_reset,34,10.839073181152344,0.0637774751284727,1.0231290658315024,36.18192128978299,0.0005,0.0005,3.010887304941813,4.034016370773315,3.503336824476719,19.632946997880936,19.67997071146965,0.09412827342748642,0.3322907090187073,0.33579638600349426,0.10419543832540512,3.0939283672126625,0.15276589453606162,0.6300103238982133,0.08687092363834381,1.0247845649719238,3.899834156036377,169.914306640625,170.1238250732422,3.015549659729004,4.790665626525879,184,34,0.9999999961926593,0.16814078180563252,0.9721871610556306,0.033444937900916516,184,184,0,0.01,2.0162158012390137,4.281563758850098,4.158016681671143,2.0622875185850034,0.2958458662033081,7.25321102142334,0.449957013130188,7.061872959136963,0.9736202267213503,0.4506452679634094
gpu_seed1101_ckpt150_optimizer_reset,1101,150,optimizer_reset,35,10.938438415527344,0.06436214354597228,0.8173303604125977,26.42849421115102,0.0005,0.0005,3.0398082733154297,3.8571386337280273,3.596921883523464,19.94305983185768,19.99356573820114,0.0935850590467453,0.3101128339767456,0.3135950267314911,0.11347101628780365,3.0410553161108,0.1533559893840493,0.626827459445499,0.08219441026449203,0.9734209775924683,3.8850455284118652,169.913330078125,170.12545776367188,2.830233573913574,4.021946907043457,185,35,0.9999999965733934,0.16897264102382692,0.9749684449500675,0.0344114929630156,185,185,0,0.01,1.9511029720306396,3.6924281120300293,3.8817083835601807,1.9894943727743108,0.164704829454422,7.2465057373046875,0.4650590717792511,7.043086051940918,0.9719285828592468,0.4633546769618988
gpu_seed1101_ckpt150_optimizer_reset,1101,150,optimizer_reset,36,11.0324068069458,0.06491505675602185,0.7973953882853193,25.20948000757498,0.0005,0.0005,3.0285727183024087,3.825968106587728,3.69291652739048,20.26379093527794,20.31669607758522,0.09599464386701584,0.32073110342025757,0.323130339384079,0.12456304579973221,2.987450900965429,0.1537618437630735,0.6219958280672896,0.09066899120807648,1.0376754999160767,3.8652327060699463,169.91233825683594,170.12686157226562,2.8358688354492188,3.6300394535064697,186,36,0.999999996916054,0.16980366838280314,0.9774716004550608,0.035377081470052585,186,186,0,0.01,1.9509745836257935,3.8900580406188965,3.9598610401153564,2.0296835608970945,0.2146645337343216,7.239847660064697,0.4689143896102905,7.0340447425842285,0.9715735845359484,0.46503913402557373
gpu_seed1101_ckpt150_optimizer_reset,1101,150,optimizer_reset,37,11.120343208312988,0.06543247753152094,0.7276260852813721,23.28962009995458,0.0005,0.0005,3.0801992416381836,3.8078253269195557,3.792505420744419,20.586590379476547,20.64319059252739,0.09958889335393906,0.3227994441986084,0.3264945149421692,0.11694257706403732,2.9321891400559363,0.1540472443380385,0.6175997563407842,0.08630337566137314,1.0387903451919556,3.7688426971435547,169.91136169433594,170.12826538085938,3.03411865234375,4.883116722106934,187,37,0.9999999972244487,0.17063386471442032,0.9797244404095548,0.03634170438858253,187,187,0,0.01,2.1053805351257324,3.5592310428619385,3.7519707679748535,1.782086755993023,0.2017386257648468,7.233279228210449,0.4774608612060547,7.022300720214844,0.9708322461583204,0.46843650937080383
gpu_seed1101_ckpt150_optimizer_reset,1101,150,optimizer_reset,38,11.20564079284668,0.06593437141905145,0.5886686642964682,17.555356127958166,0.0005,0.0005,3.086519241333008,3.675187905629476,3.891236498951912,20.90434291958809,20.96472892165184,0.09873107820749283,0.31775254011154175,0.3215383291244507,0.11678571254014969,2.879712090452994,0.1544228962512978,0.6164167125830847,0.08307335525751114,1.0554680824279785,3.710949182510376,169.91038513183594,170.12966918945312,2.7107715606689453,3.6451833248138428,188,38,0.9999999975020037,0.17146323084970583,0.9817519963685992,0.03730536268419393,188,188,0,0.01,2.0332438945770264,3.5063984394073486,3.665667772293091,1.8028667303849708,0.20982199907302856,7.227443695068359,0.4820551872253418,7.013925552368164,0.9704573080456013,0.4697389602661133
gpu_seed1101_ckpt150_optimizer_reset,1101,150,optimizer_reset,39,11.289090156555176,0.06642539031240666,0.7560644149780273,23.402742087890825,0.0005,0.0005,3.0307440757751465,3.786808490753174,3.9924014285206795,21.207878023386,21.27260172367096,0.10116492956876755,0.3035351037979126,0.30787280201911926,0.12346063554286957,2.8276440530017894,0.15488545290636407,0.6156887075806932,0.0796550065279007,1.0512495040893555,3.6506311893463135,169.90939331054688,170.1309356689453,2.9760069847106934,3.976494312286377,189,39,0.9999999977518034,0.17229176761885612,0.9835767967317394,0.03826805732150973,189,189,0,0.01,1.990953803062439,3.220595359802246,3.4764647483825684,1.7461302934469924,0.17547591030597687,7.221002101898193,0.4826899766921997,7.006579875946045,0.9703057521757605,0.47104960680007935
gpu_seed1101_ckpt150_optimizer_reset,1101,150,optimizer_reset,40,11.369202613830566,0.066896774734854,0.5613755385080976,14.721802086518199,0.0005,0.0005,2.9729103247324624,3.53428586324056,4.090218171477318,21.50868195295334,21.577697306871414,0.09781674295663834,0.30080392956733704,0.3050955832004547,0.1184048056602478,2.779607868624138,0.1553432009495745,0.6143927049919631,0.07709058374166489,0.9407116770744324,3.6249425411224365,169.908447265625,170.1320037841797,3.0441908836364746,3.9062981605529785,190,40,0.9999999979766231,0.17311947585123733,0.9852191170585654,0.039229789264188186,190,190,0,0.01,2.1107704639434814,3.3314151763916016,3.7289626598358154,1.766635796517331,0.1172177866101265,7.214475154876709,0.48536357283592224,6.997438430786133,0.9699164915766828,0.47407591342926025
gpu_seed1101_ckpt150_optimizer_reset,1101,150,optimizer_reset,41,11.446277618408203,0.0673502866823538,0.5003786881764731,12.409706241160603,0.0005,0.0005,2.9502689043680825,3.4506475925445557,4.187864027917385,21.78614190220833,21.859339326620102,0.09764585644006729,0.2774599492549896,0.28164201974868774,0.13281218707561493,2.7332018284504036,0.15579907055054842,0.613163627578882,0.07318011671304703,0.8985632658004761,3.637308359146118,169.90745544433594,170.13290405273438,2.824371337890625,3.381873846054077,191,41,0.9999999981789608,0.17394635637538602,0.9866972053527089,0.040190559474924004,191,191,0,0.01,2.2703640460968018,2.784245014190674,3.0745272636413574,1.3542001199876799,0.2731940746307373,7.208103179931641,0.4890139102935791,6.988500595092773,0.9695339287801483,0.47615230083465576
gpu_seed1101_ckpt150_optimizer_reset,1101,150,optimizer_reset,42,11.520071983337402,0.0677844952346198,0.3731804688771563,8.600809713792579,0.0005,0.0005,2.9451633294423423,3.3183437983194985,4.285732172429562,22.05418437719345,22.131977885961533,0.09786814451217651,0.2680424749851227,0.27263855934143066,0.135196253657341,2.688005577540334,0.15623690601002826,0.6108124761300745,0.06922744959592819,0.8573819994926453,3.5945885181427,169.9063720703125,170.1336669921875,3.4359285831451416,4.1977925300598145,192,42,0.9999999983610647,0.17477241001901067,0.988027484817438,0.0411503689154491,192,192,0,0.01,2.001655340194702,2.7248175144195557,2.8575689792633057,1.4276029053952517,0.29936453700065613,7.202518463134766,0.49030375480651855,6.981725215911865,0.9693449939276139,0.4774533808231354
gpu_seed1101_ckpt150_optimizer_reset,1101,150,optimizer_reset,43,11.590927124023438,0.06820140929150484,0.38318792978922556,8.964873134038559,0.0005,0.0005,2.9548391501108804,3.338027079900106,4.382305592298508,22.309181809425354,22.392047494649887,0.09657341986894608,0.2549974322319031,0.2600696086883545,0.136317640542984,2.6449381221589756,0.1565686933655542,0.6060261183442809,0.06496570259332657,0.9238473176956177,3.50801944732666,169.90530395507812,170.1344451904297,2.8823506832122803,3.699981212615967,193,43,0.9999999985249582,0.17559763760899172,0.9892247363356942,0.04210921854653371,193,193,0,0.01,1.9621025323867798,2.5495505332946777,2.688910961151123,1.3704232662494218,0.31182652711868286,7.195888519287109,0.49124589562416077,6.974534511566162,0.9692388219844398,0.47780072689056396
gpu_seed1101_ckpt150_optimizer_reset,1101,150,optimizer_reset,44,11.657013893127441,0.06859026608787566,0.39211781819661473,9.57197422451323,0.0005,0.0005,2.992575168609619,3.384692986806234,4.494908161461353,22.563801288604736,22.65937888622284,0.11260256916284561,0.2546194791793823,0.26733139157295227,0.105409637093544,2.5933819945578156,0.15689178877179508,0.6024634143930818,0.06743231415748596,0.8011444211006165,3.3650424480438232,169.90402221679688,170.13514709472656,2.8872337341308594,3.414127826690674,194,44,0.9999999986724624,0.17642203997138273,0.9903022627021247,0.043067109327987074,194,194,0,0.01,2.397865056991577,2.4604268074035645,2.9942593574523926,1.2487188754515728,0.24050664901733398,7.18950891494751,0.49493908882141113,6.966758728027344,0.9690173293396964,0.4775048792362213
gpu_seed1101_ckpt150_optimizer_reset,1101,150,optimizer_reset,45,11.72050666809082,0.06896385973452673,0.2741861343383789,6.741513543896694,0.0005,0.0005,3.06200901667277,3.336195151011149,4.601366549730301,22.812102675437927,22.919035762548447,0.1064583882689476,0.24830138683319092,0.2596568763256073,0.10526823252439499,2.5471795262160204,0.1572128604033922,0.5990448255448588,0.06396695226430893,0.6533907055854797,3.2426419258117676,169.9027862548828,170.13575744628906,2.755866765975952,3.2373852729797363,195,45,0.9999999988052162,0.17724561793141136,0.9912720364319123,0.04402404221865919,195,195,0,0.01,2.1745498180389404,2.281829595565796,2.9081976413726807,1.3373791748740083,0.14891311526298523,7.18257474899292,0.49562808871269226,6.959041118621826,0.9688783426300708,0.4784950911998749
gpu_seed1101_ckpt150_optimizer_reset,1101,150,optimizer_reset,46,11.780296325683594,0.06931566411266248,0.28651324907938625,7.198573743293057,0.0005,0.0005,3.077178716659546,3.363691965738932,4.703864395618439,23.078005105257034,23.192231565713882,0.10249784588813782,0.26590242981910706,0.2731958031654358,0.12060361355543137,2.504386890203343,0.1575193618892435,0.5941954830772431,0.06655732542276382,0.6869590878486633,3.144832134246826,169.90171813964844,170.13621520996094,2.8010787963867188,3.546172857284546,196,46,0.9999999989246945,0.17806837231347994,0.992144832788721,0.044980018176440484,196,196,0,0.01,2.031271457672119,2.8563430309295654,3.0477726459503174,1.5004260678391208,0.25817257165908813,7.17746639251709,0.5008443593978882,6.950312614440918,0.9683518158560852,0.48125502467155457
gpu_seed1101_ckpt150_optimizer_reset,1101,150,optimizer_reset,47,11.837601661682129,0.0696528506580703,0.21137332916259766,5.186206058889756,0.0005,0.0005,3.092584212621053,3.303957541783651,4.806031301617622,23.326002061367035,23.448597997426987,0.10216690599918365,0.2479969561100006,0.25636643171310425,0.12268231809139252,2.4630721105988935,0.15774551097555342,0.5870977504099875,0.0642617866396904,0.6049750447273254,3.058234453201294,169.90066528320312,170.1365509033203,2.746232271194458,3.2591633796691895,197,47,0.9999999990322251,0.17889030394116645,0.9929303495098489,0.04593503815826405,197,197,0,0.01,2.074622392654419,2.223970413208008,2.7929351329803467,1.3462378227806175,0.15709204971790314,7.170921802520752,0.5086275935173035,6.939085960388184,0.9676700083311409,0.4839036762714386
gpu_seed1101_ckpt150_optimizer_reset,1101,150,optimizer_reset,48,11.893757820129395,0.06998327540369419,0.14157573382059718,3.4159836081755763,0.0005,0.0005,3.111763079961141,3.2533388137817383,4.903392896056175,23.572189584374428,23.70106914639473,0.09736159443855286,0.24618752300739288,0.2524711489677429,0.1323757916688919,2.425617949092593,0.15800711671392711,0.5803195569909029,0.06319423764944077,0.6320589780807495,2.9644856452941895,169.89962768554688,170.13682556152344,2.8452134132385254,3.4733073711395264,198,48,0.9999999991290026,0.1797114136372252,0.9936373145588641,0.046889103120105746,198,198,0,0.01,1.94003427028656,2.618230104446411,2.9364683628082275,1.5136167477974354,0.19647908210754395,7.164797782897949,0.5139491558074951,6.929834842681885,0.9672059215993677,0.4855410158634186
gpu_seed1101_ckpt150_optimizer_reset,1101,150,optimizer_reset,49,11.947405815124512,0.07029894203028761,0.1660975615183511,4.025964478569833,0.0005,0.0005,3.1037464141845703,3.2698439757029214,4.997945658862591,23.808023661375046,23.94250862300396,0.09455276280641556,0.23583407700061798,0.24143947660923004,0.14047680795192719,2.3904633284550467,0.15833563847448381,0.5753813938668758,0.060191839933395386,0.7863665223121643,2.9282491207122803,169.89866638183594,170.1371307373047,3.0179708003997803,3.208202838897705,199,49,0.9999999992161023,0.18053170222358805,0.9942735831029776,0.04784221401698563,199,199,0,0.01,2.035828113555908,2.4683215618133545,2.7663004398345947,1.358808448224756,0.2571890652179718,7.15801477432251,0.51594078540802,6.921705722808838,0.966986789079797,0.48649507761001587
gpu_seed1101_ckpt150_optimizer_reset,1101,150,optimizer_reset,50,11.998976707458496,0.07060238691420102,0.11325510342915868,2.6193239342891808,0.00025,0.00025,3.083866755167643,3.1971218585968018,5.097389779984951,24.041552305221558,24.18336896598339,0.09944412112236023,0.23352864384651184,0.24086034297943115,0.1380322426557541,2.3539452985468117,0.15867470537529252,0.5741543610575737,0.05967007204890251,0.7241061329841614,2.900808572769165,169.8977813720703,170.1373748779297,2.7535877227783203,3.0745203495025635,200,50,0.9999999992944921,0.1813511705213644,0.9948462247926799,0.04879437180296864,200,200,1,0.01,2.0812196731567383,2.2518203258514404,2.5484001636505127,1.224474377461531,0.3102321922779083,7.1516313552856445,0.5186492800712585,6.914044380187988,0.9667786322734565,0.4867385923862457
gpu_seed1101_ckpt150_optimizer_reset,1101,150,optimizer_reset,51,12.023455619812012,0.07074642166677683,0.04558785756429007,1.0015606643020156,0.00025,0.00025,3.0667928059895835,3.1123806635538735,5.147795110940933,24.160724714398384,24.306115962564945,0.05040533095598221,0.11917240917682648,0.12274699658155441,0.13950031995773315,2.3356515480298485,0.15884786511213247,0.5746074028937583,0.03038313426077366,0.6071479916572571,2.8997175693511963,169.8973388671875,170.13742065429688,3.2166285514831543,3.2223222255706787,201,51,0.9999999993650429,0.1821698193508431,0.9953616023134119,0.0497455774311657,201,201,0,0.01,2.1280651092529297,2.4765408039093018,2.7608580589294434,1.2973560098907697,0.28837189078330994,7.145020008087158,0.5204078555107117,6.906291961669922,0.9665881906351562,0.4874859154224396
gpu_seed1101_ckpt150_optimizer_reset,1101,150,optimizer_reset,52,12.045936584472656,0.07087870042719718,0.008951584498087417,0.18694359635555458,0.00025,0.00025,3.0344972610473633,3.0434488455454507,5.201503708958626,24.283016838133335,24.43131274729967,0.053708598017692566,0.12229212373495102,0.12519678473472595,0.16486749053001404,2.3158565788818812,0.15903954925673203,0.575936291486005,0.030466314405202866,0.5271355509757996,2.8911707401275635,169.89686584472656,170.13734436035156,3.452862024307251,3.5017693042755127,202,52,0.9999999994285386,0.18298764953149227,0.9958254420820707,0.05069583185373461,202,202,0,0.01,2.367879629135132,2.7357711791992188,2.8893439769744873,1.2202241792284856,0.3660856783390045,7.138846397399902,0.5220045447349548,6.899388313293457,0.9664570337030046,0.4875955879688263
gpu_seed1101_ckpt150_optimizer_reset,1101,150,optimizer_reset,53,12.06706714630127,0.07100303337143991,0.020710229873657227,0.4220352180697091,0.00025,0.00025,3.0040880044301352,3.0247982343037925,5.253480315208435,24.400876738131046,24.552482463419437,0.051976606249809265,0.11785989999771118,0.12116971611976624,0.15592855215072632,2.2969662818314385,0.1592477439264255,0.5773936875657545,0.029172934591770172,0.5034293532371521,2.8914387226104736,169.8964080810547,170.13722229003906,3.0333895683288574,3.0387072563171387,203,53,0.9999999994856847,0.18380466188196076,0.9962428978738637,0.05164513602188081,203,203,0,0.01,2.379595994949341,2.6623764038085938,3.0603370666503906,1.286074221483238,0.26715534925460815,7.132011413574219,0.5224822163581848,6.892248153686523,0.9663820981227925,0.4878089427947998
gpu_seed1101_ckpt150_optimizer_reset,1101,150,optimizer_reset,54,12.08615779876709,0.07111536341963466,0.07116905848185251,1.4458183205818287,0.00025,0.00025,2.9755770365397134,3.046746095021566,5.305111430585384,24.512500397861004,24.667832240462303,0.05163111537694931,0.11162365972995758,0.11534977704286575,0.15790049731731415,2.2782099786038206,0.15941541431916229,0.578942995739454,0.02822100557386875,0.50053870677948,2.898841142654419,169.8958740234375,170.13702392578125,2.5719590187072754,2.7457077503204346,204,54,0.9999999995371163,0.18462085722007882,0.9966186080864773,0.05259349088585896,204,204,0,0.01,2.4597761631011963,2.335291862487793,2.827923059463501,1.149666828178792,0.3052539825439453,7.125172138214111,0.5231131315231323,6.885031700134277,0.966296893124467,0.48803281784057617
gpu_seed1101_ckpt150_optimizer_reset,1101,150,optimizer_reset,55,12.104317665100098,0.07122221669057702,0.07578587532043457,1.5395812040132206,0.00025,0.00025,2.97322154045105,3.0490074157714844,5.357349179685116,24.625219963490963,24.784220919013023,0.052237749099731445,0.1127195656299591,0.11638867855072021,0.16033360362052917,2.2593856138772876,0.1595705257872447,0.5787280328001035,0.028916900977492332,0.44202566146850586,2.8887851238250732,169.89535522460938,170.13670349121094,2.7836966514587402,3.0108273029327393,205,55,0.9999999995834047,0.18543623636285866,0.9969567472778296,0.05354089739497314,205,205,0,0.01,2.3560867309570312,2.221256971359253,2.6807920932769775,1.1378155388137663,0.31513309478759766,7.118652820587158,0.5261960625648499,6.877161026000977,0.9660761943764482,0.4881138801574707
gpu_seed1101_ckpt150_optimizer_reset,1101,150,optimizer_reset,56,12.121051788330078,0.07132068084062564,0.11504960060119629,2.3923188231898607,0.00025,0.00025,2.9765787919362388,3.091628392537435,5.40996840596199,24.741868391633034,24.904137924313545,0.05261922627687454,0.11664842814207077,0.11991700530052185,0.1625583916902542,2.2405032485901355,0.15965814768930192,0.5762011097720335,0.02922087348997593,0.3705294728279114,2.864400625228882,169.89479064941406,170.1363067626953,2.8725929260253906,3.0179452896118164,206,56,0.9999999996250641,0.18625080012649586,0.9972610725500466,0.05448735649757808,206,206,0,0.01,2.2873265743255615,2.385678768157959,2.7658934593200684,1.2092254295320322,0.2999141812324524,7.111856937408447,0.528613805770874,6.869039058685303,0.9658573167512854,0.4886707365512848
gpu_seed1101_ckpt150_optimizer_reset,1101,150,optimizer_reset,57,12.136138916015625,0.07140945401289263,0.11069997151692723,2.29684052620728,0.00025,0.00025,2.9766056537628174,3.0873056252797446,5.460968021303415,24.853160120546818,25.01889595389366,0.05099961534142494,0.11129172891378403,0.11475802958011627,0.16010019183158875,2.2223420588932083,0.15968357041592365,0.5742699095204071,0.028314080089330673,0.3378531336784363,2.8458099365234375,169.89422607421875,170.1359100341797,2.9205453395843506,3.1299800872802734,207,57,0.9999999996625577,0.1870645493263694,0.9975349652950419,0.05543286914108059,207,207,0,0.01,2.180565595626831,2.1080143451690674,2.6586382389068604,1.2192424957256935,0.2317151129245758,7.1049394607543945,0.5302377343177795,6.861814498901367,0.9657808538416204,0.48798951506614685
gpu_seed1101_ckpt150_optimizer_reset,1101,150,optimizer_reset,58,12.15026569366455,0.07149257645289207,0.10024189949035645,2.0574960749681424,0.00025,0.00025,2.9711191654205322,3.0713610649108887,5.511818286031485,24.961602464318275,25.131462238729,0.050850264728069305,0.10844234377145767,0.11256628483533859,0.15181592106819153,2.204402442739191,0.15965407171085105,0.571124134848959,0.02824135310947895,0.3213902711868286,2.832576274871826,169.89361572265625,170.13560485839844,2.554131269454956,2.5416131019592285,208,58,0.9999999996963019,0.18787748477704302,0.9977814687655377,0.056377436271939474,208,208,0,0.01,2.1353249549865723,2.02093505859375,2.618201732635498,1.2261373738549952,0.20726129412651062,7.098297595977783,0.5311881303787231,6.854669570922852,0.9656779640805778,0.48819297552108765
gpu_seed1101_ckpt150_optimizer_reset,1101,150,optimizer_reset,59,12.163649559020996,0.07157132757170338,0.05420041084289551,1.0739980981815869,0.00025,0.00025,2.9592324097951255,3.013432820638021,5.560802944004536,25.06835551559925,25.242015905678272,0.04898465797305107,0.10675305128097534,0.11055366694927216,0.15046076476573944,2.1873908645033415,0.15964032821371263,0.5690352763149414,0.02750580757856369,0.3381708860397339,2.828122854232788,169.8930206298828,170.13534545898438,2.763111114501953,2.854071855545044,209,59,0.9999999997266718,0.18868960729226592,0.998003321888984,0.057321058835667515,209,209,0,0.01,2.0451622009277344,2.244607925415039,2.75909686088562,1.3490846152117806,0.17517773807048798,7.091647148132324,0.5344107747077942,6.84660530090332,0.9654464129261557,0.4882834553718567
gpu_seed1101_ckpt150_optimizer_reset,1101,150,optimizer_reset,60,12.175816535949707,0.07164291847763148,0.04209669431050589,0.807428368380581,0.00025,0.00025,2.932762940724691,2.974859635035197,5.610141951590776,25.176556959748268,25.35392450541258,0.04933900758624077,0.10820144414901733,0.11190859973430634,0.15157251060009003,2.1703223627871018,0.15965271310523166,0.5673969288117512,0.02746162936091423,0.4067416489124298,2.8400228023529053,169.8924102783203,170.1350555419922,2.9529049396514893,3.048356771469116,210,60,0.9999999997540046,0.18950091768497368,0.9982029897000856,0.0582637377768318,210,210,0,0.01,2.2219152450561523,2.535187005996704,2.970493793487549,1.3369068870181595,0.22548039257526398,7.0854620933532715,0.5353068709373474,6.8398756980896,0.9653393960719913,0.48860159516334534
gpu_seed1101_ckpt150_optimizer_reset,1101,150,optimizer_reset,61,12.187088966369629,0.07170924584148711,0.1202155749003091,2.314736491462135,0.00025,0.00025,2.897054672241211,3.01727024714152,5.661215055733919,25.28273791819811,25.463368594646454,0.0510731041431427,0.10618095844984055,0.10944408923387527,0.1756271868944168,2.1527337941391,0.1597149364405295,0.5663855150545327,0.02686740830540657,0.5192095637321472,2.845407247543335,169.8917999267578,170.13473510742188,3.0371434688568115,3.284987688064575,211,61,0.9999999997786041,0.1903114167672887,0.998382690730077,0.05920547403905507,211,211,0,0.01,2.402822494506836,2.4111485481262207,2.8939359188079834,1.2043902225081928,0.27723264694213867,7.078729152679443,0.5359389185905457,6.832828044891357,0.9652619697003136,0.4887091815471649
gpu_seed1101_ckpt150_optimizer_reset,1101,150,optimizer_reset,62,12.196829795837402,0.07176656121326555,0.23929619789123535,4.810366186102627,0.00025,0.00025,2.878793478012085,3.1180896759033203,5.721022825688124,25.418431274592876,25.601428419351578,0.05980776995420456,0.13569335639476776,0.1380598247051239,0.18046550452709198,2.131931678557538,0.15968673151779197,0.5639646607071862,0.04690591245889664,0.6079429388046265,2.8532094955444336,169.89126586914062,170.13427734375,3.293095111846924,3.3920490741729736,212,62,0.9999999998007437,0.1911211053505214,0.9985444216570694,0.060146268565015926,212,212,0,0.01,2.7537829875946045,2.612879514694214,2.831775188446045,1.0283218398841723,0.4441445469856262,7.073075294494629,0.5360307693481445,6.826762676239014,0.9651760220270383,0.489403635263443
gpu_seed1101_ckpt150_optimizer_reset,1101,150,optimizer_reset,63,12.205528259277344,0.0718177432678956,0.20723183949788382,4.161498987485501,0.00025,0.00025,2.8943878014882407,3.1016196409861245,5.777229066938162,25.54669748991728,25.732791393995285,0.05620624125003815,0.12826621532440186,0.13136297464370728,0.16333840787410736,2.1126959166505688,0.15962160587451008,0.5611542776238497,0.043274540454149246,0.5018467903137207,2.851424217224121,169.8907470703125,170.13372802734375,2.4810445308685303,2.9362571239471436,213,63,0.9999999998206693,0.19192998424517094,0.9986899794913624,0.06108612229645094,213,213,0,0.01,2.5716874599456787,2.2844393253326416,2.8158717155456543,1.094950984286418,0.3321869671344757,7.066272258758545,0.5383056402206421,6.8187456130981445,0.9649706894105927,0.4898621737957001
gpu_seed1101_ckpt150_optimizer_reset,1101,150,optimizer_reset,64,12.214118957519531,0.07186829122843802,0.10314607620239258,1.9862396760433185,0.00025,0.00025,2.90583602587382,3.0089821020762124,5.827982779592276,25.6716161519289,25.860351875424385,0.05075371265411377,0.12491866201162338,0.12756048142910004,0.15054498612880707,2.0957712847552257,0.15954667429149186,0.5583910561398496,0.03993977606296539,0.3919793367385864,2.828770399093628,169.89022827148438,170.13308715820312,2.717979669570923,3.0901687145233154,214,64,0.9999999998386024,0.19273805426092572,0.9988209815422261,0.06202503617415456,214,214,0,0.01,2.1453537940979004,2.4731714725494385,2.9891128540039062,1.3932959972503765,0.16814762353897095,7.059777736663818,0.5422559976577759,6.8100104331970215,0.9646210811750298,0.4908645451068878
gpu_seed1101_ckpt150_optimizer_reset,1101,150,optimizer_reset,65,12.222663879394531,0.07191856983927951,0.05697067578633597,1.062697547348673,0.00025,0.00025,2.8974085648854575,2.9543792406717935,5.877789683640003,25.791414283216,25.98254258185625,0.049806904047727585,0.11979813128709793,0.12219070643186569,0.15936176478862762,2.0794660131192697,0.15948769127469933,0.5561566446156256,0.03650018572807312,0.39519038796424866,2.8027052879333496,169.8896942138672,170.1324920654297,2.8105781078338623,2.9442086219787598,215,65,0.9999999998547422,0.19354531620666482,0.9989388833880035,0.06296301113798031,215,215,0,0.01,2.1443049907684326,2.434730052947998,2.8818910121917725,1.3439743994429052,0.21267403662204742,7.053269386291504,0.5428175926208496,6.803025245666504,0.9645208304233593,0.49131160974502563
gpu_seed1101_ckpt150_optimizer_reset,1101,150,optimizer_reset,66,12.230823516845703,0.07196658142347145,0.07757321993509914,1.4413375348786062,0.00025,0.00025,2.8830672105153403,2.9606404304504395,5.925599619746208,25.902713298797607,26.096557296812534,0.04780993610620499,0.11129901558160782,0.11401471495628357,0.15728642046451569,2.064065124495786,0.15945910294861515,0.5548196849108408,0.03328746184706688,0.425841748714447,2.786353349685669,169.88916015625,170.13189697265625,2.8471710681915283,2.8765134811401367,216,66,0.9999999998692679,0.1943517708904582,0.9990449950492032,0.06390004812684236,216,216,0,0.01,1.9769400358200073,2.0394175052642822,2.5561723709106445,1.2929943875860082,0.19017522037029266,7.046539306640625,0.5428226590156555,6.796211242675781,0.964475034755018,0.49148717522621155
gpu_seed1101_ckpt150_optimizer_reset,1101,150,optimizer_reset,67,12.238664627075195,0.07201271878266104,0.10162289937337254,1.8955174823268628,0.00025,0.00025,2.8747365474700928,2.9763594468434653,5.971193339675665,26.009288482367992,26.20565814524889,0.04559371992945671,0.10657518357038498,0.10910084843635559,0.15785259008407593,2.0496178788506465,0.15944900255780606,0.5544587080110499,0.030654968693852425,0.41578006744384766,2.765770673751831,169.88868713378906,170.13133239746094,2.653615713119507,2.9873931407928467,217,67,0.9999999998823411,0.19515741911956763,0.9991404955442829,0.06483614807871552,217,217,0,0.01,1.8069665431976318,1.9252830743789673,2.354222536087036,1.3028589516215778,0.20544850826263428,7.039722919464111,0.5436652302742004,6.788981914520264,0.9643819781242329,0.49160465598106384
gpu_seed1101_ckpt150_optimizer_reset,1101,150,optimizer_reset,68,12.246598243713379,0.0720594004527046,0.11882662773132324,2.211668009148518,0.00025,0.00025,2.863835175832113,2.982661803563436,6.014412946999073,26.114178709685802,26.31218360364437,0.04321960732340813,0.10489022731781006,0.10652545839548111,0.16789263486862183,2.036208413295242,0.1594763988855597,0.5540460389480905,0.028697527945041656,0.3639915883541107,2.7580771446228027,169.88819885253906,170.13075256347656,2.572530746459961,2.6516871452331543,218,68,0.999999999894107,0.19596226170044806,0.9992264459898546,0.06577131193063679,218,218,0,0.01,1.675753116607666,1.9472957849502563,2.2275688648223877,1.3292941798792344,0.2509887218475342,7.0334038734436035,0.5446497797966003,6.7819952964782715,0.9642550631969887,0.4920661449432373
gpu_seed1101_ckpt150_optimizer_reset,1101,150,optimizer_reset,69,12.254659652709961,0.07210683405732994,0.14317448933919286,2.664686761650067,0.00025,0.00025,2.8513364791870117,2.9945109685262046,6.058207504451275,26.219651713967323,26.419294960796833,0.04379455745220184,0.10547300428152084,0.107111357152462,0.16990973055362701,2.0228193972728423,0.15952134879287247,0.5530260482704895,0.02688237465918064,0.315334677696228,2.7629573345184326,169.8876953125,170.13021850585938,2.887514591217041,3.003387689590454,219,69,0.9999999999046963,0.19676629943874768,0.9993038013908692,0.06670554061870615,219,219,0,0.01,1.7928595542907715,2.0753908157348633,2.3196358680725098,1.2938190626921857,0.28768450021743774,7.027196407318115,0.5450716018676758,6.775405406951904,0.9641690674669403,0.4924485683441162
gpu_seed1101_ckpt150_optimizer_reset,1101,150,optimizer_reset,70,12.262125015258789,0.07215076050439101,0.17077056566874171,3.166309001264125,0.00025,0.00025,2.8334008057912192,3.004171371459961,6.102854810655117,26.322675719857216,26.524439968168736,0.04464730620384216,0.10302400588989258,0.10514500737190247,0.16868942975997925,2.0092440989826676,0.15958407974467764,0.5524998651807037,0.025145018473267555,0.28810107707977295,2.807982921600342,169.8871612548828,170.12960815429688,2.4908182621002197,2.6381561756134033,220,70,0.9999999999142267,0.19756953313930892,0.9993734212517822,0.06763883507808743,220,220,0,0.01,1.9467649459838867,2.0227742195129395,2.4312684535980225,1.2488762234045778,0.2501915693283081,7.020880222320557,0.54575115442276,6.768707275390625,0.9640824314123468,0.4926338493824005
gpu_seed1101_ckpt150_optimizer_reset,1101,150,optimizer_reset,71,12.26914119720459,0.07219204395751164,0.17957448959350586,3.31471102977169,0.00025,0.00025,2.8244051138559976,3.0039796034495034,6.147645886987448,26.420060977339745,26.624914221465588,0.044791076332330704,0.09738525748252869,0.10047425329685211,0.15991023182868958,1.995746245432312,0.1596462094674977,0.5521911490733649,0.024299103766679764,0.27259325981140137,2.868494749069214,169.88661193847656,170.1289520263672,2.6673474311828613,2.7342746257781982,221,71,0.9999999999228041,0.1983719636061696,0.9994360791266039,0.06857119624300934,221,221,0,0.01,1.9496946334838867,1.8582992553710938,2.4408607482910156,1.2519195090198396,0.17895986139774323,7.014162063598633,0.5459839701652527,6.761757850646973,0.9640150582971948,0.4928951561450958
gpu_seed1101_ckpt150_optimizer_reset,1101,150,optimizer_reset,72,12.276127815246582,0.07223315345561708,0.16481192906697606,3.010765402034316,0.00025,0.00025,2.8216071128845215,2.9864190419514975,6.193324010819197,26.5135630145669,26.722229555249214,0.04567812383174896,0.09350203722715378,0.09731533378362656,0.15907850861549377,1.98215494519571,0.1597293889980689,0.5518675936841558,0.024207698181271553,0.26095616817474365,2.915391206741333,169.88604736328125,170.1283416748047,2.8003530502319336,2.910160779953003,222,72,0.9999999999305237,0.19917359164256343,0.9994924712139436,0.06950262504676641,222,222,0,0.01,1.9673736095428467,1.8613849878311157,2.4035115242004395,1.2216853537837764,0.21278375387191772,7.007452964782715,0.5462236404418945,6.754693031311035,0.9639298423060509,0.49336954951286316
gpu_seed1101_ckpt150_optimizer_reset,1101,150,optimizer_reset,73,12.28271198272705,0.07227189492093511,0.12250518798828125,2.2034611951631646,0.00025,0.00025,2.8277534643809,2.950258652369181,6.236454870551825,26.60565025359392,26.816775634884834,0.04313085973262787,0.09208723902702332,0.09454607963562012,0.1764148473739624,1.9695022633328638,0.1597838298291918,0.5514507537339326,0.024351779371500015,0.26406431198120117,2.9222445487976074,169.88546752929688,170.12762451171875,2.7964491844177246,3.204566717147827,223,73,0.9999999999374712,0.19997441805092087,0.9995432240925493,0.07043312242171962,223,223,0,0.01,1.7051159143447876,1.9555693864822388,2.195344924926758,1.2875048003813039,0.2867220640182495,7.000687122344971,0.5464221835136414,6.747717380523682,0.9638650124764442,0.4936174750328064
gpu_seed1101_ckpt150_optimizer_reset,1101,150,optimizer_reset,74,12.289032936096191,0.07230908762547276,0.10966030756632472,1.9473592581185102,0.00025,0.00025,2.8215108712514243,2.931171178817749,6.276531677693129,26.6970020160079,26.909122198820114,0.040076807141304016,0.09135176241397858,0.09234656393527985,0.19439688324928284,1.957933707204826,0.1597972196846676,0.5506220330496018,0.024074159562587738,0.294961154460907,2.9159679412841797,169.88490295410156,170.1269073486328,2.887521266937256,2.9890451431274414,224,74,0.9999999999437241,0.20077444363287,0.9995889016832943,0.0713626892992979,224,224,0,0.01,1.480758547782898,1.9755221605300903,1.9736669063568115,1.3328755787434756,0.37602901458740234,6.994029998779297,0.5464219450950623,6.740959167480469,0.963816164451116,0.4938265383243561
gpu_seed1101_ckpt150_optimizer_reset,1101,150,optimizer_reset,75,12.294549942016602,0.07234154987588773,0.08299032847086574,1.4442315901692062,0.00025,0.00025,2.814826488494873,2.897816816965739,6.317692365497351,26.785478197038174,26.99855227023363,0.04116068780422211,0.08847618103027344,0.089430071413517,0.20930901169776917,1.9460507461804506,0.15976069936370196,0.5485211480947383,0.023729907348752022,0.2973565459251404,2.8973734378814697,169.8843231201172,170.1261749267578,2.962670087814331,3.1105549335479736,225,75,0.9999999999493517,0.20157366918923714,0.9996300115149649,0.0722913266099986,225,225,1,0.01,1.4812750816345215,1.7632684707641602,1.7677196264266968,1.1933770089988303,0.41702815890312195,6.9873480796813965,0.5478551387786865,6.733302593231201,0.9636420737089224,0.4944829046726227
gpu_seed1101_ckpt150_optimizer_reset,1101,150,optimizer_reset,76,12.299824714660645,0.07237258681746855,0.05542429288228323,0.9374072353141507,0.00025,0.00025,2.8002596696217856,2.855683962504069,6.361301105469465,26.87446527928114,27.088839262723923,0.04360873997211456,0.0889870822429657,0.0902869924902916,0.21500226855278015,1.933539147216799,0.1597349452061728,0.5470039320752343,0.023737028241157532,0.2582017183303833,2.8682475090026855,169.88369750976562,170.12545776367188,2.6720573902130127,2.7122199535369873,226,76,0.9999999999544166,0.20237209552004787,0.9996670103634684,0.07321903528338858,226,226,0,0.01,1.6946609020233154,1.878042221069336,1.8834872245788574,1.111424251500099,0.44795987010002136,6.981523513793945,0.5507601499557495,6.726089000701904,0.9634127833862735,0.4947442412376404
gpu_seed1101_ckpt150_optimizer_reset,1101,150,optimizer_reset,77,12.304959297180176,0.07240279887559027,0.06573764483133937,1.1117502918532622,0.00025,0.00025,2.7949702739715576,2.860707918802897,6.40517745539546,26.96361967921257,27.179711066186428,0.04387634992599487,0.08915439993143082,0.09087180346250534,0.20655038952827454,1.9210957671146267,0.1596895825746425,0.544629359943695,0.02357369102537632,0.23677855730056763,2.8425750732421875,169.88308715820312,170.12478637695312,2.563626527786255,2.514218330383301,227,77,0.9999999999589749,0.20316972342452777,0.9997003093271215,0.07414581624810523,227,227,0,0.01,1.8615061044692993,1.9065452814102173,2.1395602226257324,1.1493705110543029,0.3553633987903595,6.975013732910156,0.5508645176887512,6.719420909881592,0.9633559398136284,0.4949718117713928
gpu_seed1101_ckpt150_optimizer_reset,1101,150,optimizer_reset,78,12.309789657592773,0.07243122088049118,0.07351835568745946,1.2709366615070756,0.00025,0.00025,2.8129899501800537,2.886508305867513,6.448820944875479,27.048978582024574,27.267618149518967,0.043643489480018616,0.08535890281200409,0.0879070833325386,0.19638922810554504,1.9088434556975524,0.15969231355607316,0.5437342020818178,0.024143671616911888,0.21600666642189026,2.8280482292175293,169.8824462890625,170.1241912841797,2.5638034343719482,2.7284939289093018,228,78,0.9999999999630774,0.20396655370110328,0.9997302783944094,0.07507167043185714,228,228,0,0.01,1.9435474872589111,1.6415011882781982,2.1062066555023193,1.0836918929476385,0.31905674934387207,6.968520164489746,0.5514519214630127,6.712545394897461,0.9632669830105899,0.4952259063720703
gpu_seed1101_ckpt150_optimizer_reset,1101,150,optimizer_reset,79,12.31496810913086,0.07246169106540963,0.06547832489013672,1.1521227560231786,0.00025,0.00025,2.8347244262695312,2.900202751159668,6.491966512054205,27.14338718354702,27.363705717027187,0.043145567178726196,0.09440860152244568,0.09608756750822067,0.1892443597316742,1.8969549652270508,0.15970385116252295,0.5426251885661046,0.024955788627266884,0.2230425477027893,2.799298048019409,169.88185119628906,170.1235809326172,2.822465181350708,3.215823173522949,229,79,0.9999999999667697,0.20476258714740214,0.9997572505549684,0.07599659876142528,229,229,0,0.01,1.8127596378326416,1.881746768951416,2.1720759868621826,1.1982151089032111,0.30915558338165283,6.961828708648682,0.5517718195915222,6.705652236938477,0.963202703997454,0.4953661859035492
gpu_seed1101_ckpt150_optimizer_reset,1101,150,optimizer_reset,80,12.319799423217773,0.07249011868176264,0.0439747174580889,0.7699914798810106,0.00025,0.00025,2.840696652730306,2.884671370188395,6.5353575758636,27.234981320798397,27.456476412713528,0.043391063809394836,0.0915941372513771,0.09277069568634033,0.20957642793655396,1.8850995190707551,0.1596990852117011,0.5422201140855033,0.024759111925959587,0.23253343999385834,2.782205820083618,169.88131713867188,170.12298583984375,2.5734190940856934,2.7744808197021484,230,80,0.9999999999700927,0.20555782456025473,0.9997815254994716,0.07692060216266383,230,230,0,0.01,1.7545064687728882,1.7006702423095703,1.927929401397705,1.098844282258481,0.37764474749565125,6.955204486846924,0.5532736778259277,6.698190212249756,0.9630472008286494,0.49572470784187317
gpu_seed1101_ckpt150_optimizer_reset,1101,150,optimizer_reset,81,12.324270248413086,0.07251642516922077,0.01883308092753122,0.3277254604260307,0.00025,0.00025,2.847129980723063,2.8659630616505942,6.576866902410984,27.326256461441517,27.547964073717594,0.04150932654738426,0.09127514064311981,0.09148766100406647,0.22226017713546753,1.8738816569168084,0.15968058318753287,0.5419428237656793,0.024852627888321877,0.2448042333126068,2.789663553237915,169.8807830810547,170.12237548828125,2.464834690093994,2.566025972366333,231,81,0.9999999999730834,0.2063522667356945,0.9998033729495245,0.07784368156050114,231,231,0,0.01,1.6146695613861084,1.809072494506836,1.8912227153778076,1.1712753869919499,0.3942373991012573,6.94857931137085,0.553718090057373,6.69127893447876,0.9629707936884307,0.49591776728630066
gpu_seed1101_ckpt150_optimizer_reset,1101,150,optimizer_reset,82,12.32884693145752,0.07254335452786231,0.031078418095906724,0.5475657258580142,0.00025,0.00025,2.8533894220987954,2.884467840194702,6.617363728582859,27.413832880556583,27.635692037642002,0.040496826171875,0.08757641911506653,0.08772796392440796,0.22746321558952332,1.863105526178465,0.1596462260279448,0.5412159740548526,0.02438925765454769,0.27621686458587646,2.8139193058013916,169.8802947998047,170.12179565429688,2.5750315189361572,2.6276214122772217,232,82,0.999999999975775,0.2071459144689588,0.999823035654572,0.07876583787894065,232,232,0,0.01,1.5702300071716309,1.7846788167953491,1.7809351682662964,1.1341874503296896,0.44230103492736816,6.94203519821167,0.5536689162254333,6.684634685516357,0.9629214624606651,0.49615854024887085
gpu_seed1101_ckpt150_optimizer_reset,1101,150,optimizer_reset,83,12.333178520202637,0.07256884174331343,0.022754669189453125,0.40213481229386616,0.00025,0.00025,2.8606181144714355,2.8833727836608887,6.658791605383158,27.50678078830242,27.729745253920555,0.04142787680029869,0.09294790774583817,0.09405321627855301,0.19601652026176453,1.8521646645662089,0.15959910388243806,0.5404548110146544,0.0265349093824625,0.26955896615982056,2.8461756706237793,169.8798370361328,170.12120056152344,2.782257080078125,2.9850409030914307,233,83,0.9999999999781976,0.2079387685544899,0.9998407320891148,0.07968707204106174,233,233,0,0.01,1.589279055595398,1.722710371017456,1.8861485719680786,1.1867950850584112,0.35355666279792786,6.935266494750977,0.5536811351776123,6.677781581878662,0.9628731047223409,0.49632638692855835
gpu_seed1101_ckpt150_optimizer_reset,1101,150,optimizer_reset,84,12.337616920471191,0.07259495744140008,0.06024082501729344,1.0767529519828294,0.00025,0.00025,2.853083372116089,2.9133241971333823,6.700149014592171,27.595604948699474,27.819833748042583,0.041357409209012985,0.08882416039705276,0.09008849412202835,0.20201650261878967,1.8413944068407149,0.15953405149218336,0.5392478062090835,0.025540294125676155,0.2612481117248535,2.874566078186035,169.87937927246094,170.1206817626953,2.385594606399536,2.34139084815979,234,84,0.9999999999803778,0.20873082978593538,0.9998566588802034,0.08060738496902065,234,234,0,0.01,1.6531635522842407,1.6224359273910522,1.836218237876892,1.11072993070686,0.3716326653957367,6.928661823272705,0.553607165813446,6.671133995056152,0.9628315200270701,0.4964868426322937
gpu_seed1101_ckpt150_optimizer_reset,1101,150,optimizer_reset,85,12.342219352722168,0.0726220383092484,0.10070506731669093,1.8127770223652888,0.00025,0.00025,2.8396440347035727,2.9403491020202637,6.741191942244768,27.68154428899288,27.90772008895874,0.04104292765259743,0.08593934029340744,0.08788634091615677,0.19081461429595947,1.8308660335534768,0.15946779388206625,0.537035036002375,0.024834835901856422,0.2460503727197647,2.8973772525787354,169.87893676757812,170.1201934814453,2.5527007579803467,2.641511917114258,235,85,0.99999999998234,0.20952209895614948,0.999870992992183,0.08152677758405169,235,235,0,0.01,1.7773443460464478,1.6199805736541748,2.0283145904541016,1.1412051890590444,0.2898709774017334,6.92198371887207,0.5533873438835144,6.664528846740723,0.9628062008538988,0.49655604362487793
gpu_seed1101_ckpt150_optimizer_reset,1101,150,optimizer_reset,86,12.347004890441895,0.07265019657590048,0.1111593246459961,1.9937948653532906,0.00025,0.00025,2.8307360808054605,2.9418954054514566,6.781546678394079,27.76615372300148,27.99471290409565,0.040354736149311066,0.08460943400859833,0.08699281513690948,0.1785839945077896,1.8206768272756233,0.15947229764100765,0.5347777104231741,0.0252817552536726,0.2394466996192932,2.8916990756988525,169.87841796875,170.1196746826172,2.729893922805786,2.9175827503204346,236,86,0.999999999984106,0.2103125768571933,0.9998838936929647,0.08244525080646758,236,236,0,0.01,1.7388410568237305,1.6080586910247803,2.108522415161133,1.2126021564107023,0.20806309580802917,6.915543079376221,0.5549638271331787,6.657461166381836,0.9626808899846191,0.49648943543434143
gpu_seed1101_ckpt150_optimizer_reset,1101,150,optimizer_reset,87,12.35141658782959,0.07267615515332825,0.12950364748636867,2.3119944576769456,0.00025,0.00025,2.8167062600453696,2.9462099075317383,6.820958897471428,27.858180336654186,28.08788239210844,0.03941221907734871,0.09202661365270615,0.09316948801279068,0.184956893324852,1.8108035502759774,0.1595032679070345,0.5329369619890661,0.02482260949909687,0.2867836356163025,2.869080066680908,169.87791442871094,170.11911010742188,2.7782371044158936,2.940869092941284,237,87,0.9999999999856954,0.21110226428033607,0.9998955043236682,0.08336280555566111,237,237,0,0.01,1.645779013633728,1.7405112981796265,1.988410472869873,1.2081880109033825,0.3114319145679474,6.908860683441162,0.555065929889679,6.650624752044678,0.9626225012734191,0.4967103898525238
gpu_seed1101_ckpt150_optimizer_reset,1101,150,optimizer_reset,88,12.355569839477539,0.07270059302723612,0.15458814303080226,2.759035581933901,0.00025,0.00025,2.8035824298858643,2.9581705729166665,6.861825663596392,27.944407261908054,28.17563533782959,0.04086676612496376,0.0862269252538681,0.08775294572114944,0.19930040836334229,1.8006242719084162,0.15956555030118394,0.5319300810690143,0.024381466209888458,0.3225572109222412,2.834925651550293,169.87738037109375,170.11851501464844,2.7774009704589844,2.945409059524536,238,88,0.9999999999871259,0.21189116201605573,0.9999059538913014,0.08427944275010546,238,238,0,0.01,1.610306739807129,1.4738657474517822,1.7164664268493652,1.0659251336511735,0.38323289155960083,6.902200222015381,0.55510014295578,6.643895626068115,0.9625764846513238,0.49683457612991333
gpu_seed1101_ckpt150_optimizer_reset,1101,150,optimizer_reset,89,12.359711647033691,0.07272496356371878,0.15583443641662598,2.734780079376037,0.00025,0.00025,2.7860833009084067,2.9419177373250327,6.902877077460289,28.028155721724033,28.2612167224288,0.041051413863897324,0.083748459815979,0.08558138459920883,0.19994956254959106,1.7905159701292688,0.15968512119402128,0.5319006170748891,0.024174125865101814,0.3051149249076843,2.8029062747955322,169.87681579589844,170.11790466308594,2.7964022159576416,2.9101717472076416,239,89,0.9999999999884133,0.2126792708540397,0.9999153585021713,0.08519516330735533,239,239,0,0.01,1.6911115646362305,1.492294430732727,1.7680017948150635,1.045467272405725,0.3885207772254944,6.896373748779297,0.556077241897583,6.637548446655273,0.9624693626602242,0.49703076481819153
gpu_seed1101_ckpt150_optimizer_reset,1101,150,optimizer_reset,90,12.363876342773438,0.0727494687750519,0.13690074284871434,2.3493905357742406,0.00025,0.00025,2.773423910140991,2.9103246529897056,6.945709731429815,28.116921722888947,28.35126445442438,0.04283265396952629,0.08876600116491318,0.09004773199558258,0.21112698316574097,1.7800738615413576,0.1598006000403003,0.5331693894227956,0.024207916110754013,0.2534676492214203,2.7575950622558594,169.87623596191406,170.11724853515625,2.9662868976593018,3.1291959285736084,240,90,0.999999999989572,0.2134665915831857,0.9999238226519541,0.08610996814404803,240,240,0,0.01,1.7846202850341797,1.6927579641342163,1.863284945487976,1.0440792145603375,0.4267673194408417,6.889808177947998,0.5568099021911621,6.630539894104004,0.9623693030127037,0.4972793161869049
gpu_seed1101_ckpt150_optimizer_reset,1101,150,optimizer_reset,91,12.367692947387695,0.07277192580636749,0.11331836382548,1.8868084767565296,0.00025,0.00025,2.755246639251709,2.868565003077189,6.99003553763032,28.208525359630585,28.444042682647705,0.0443258062005043,0.09160363674163818,0.09277822822332382,0.2152743637561798,1.7693319126641631,0.15988941796580208,0.5358897904522772,0.024939220398664474,0.19408056139945984,2.707885980606079,169.8756561279297,170.1166534423828,2.8902478218078613,2.9820168018341064,241,91,0.9999999999906147,0.21425312499160254,0.9999314403867587,0.08702385817590397,241,241,0,0.01,1.8606101274490356,1.8828856945037842,2.0609092712402344,1.1076523989819986,0.39388129115104675,6.883357048034668,0.5579700469970703,6.623875141143799,0.9623030005444918,0.49681010842323303
gpu_seed1101_ckpt150_optimizer_reset,1101,150,optimizer_reset,92,12.371026992797852,0.07279154344291904,0.10202455520629883,1.6621892178093631,0.00025,0.00025,2.7392313480377197,2.8412559032440186,7.036533486098051,28.304025903344154,28.540587827563286,0.046497948467731476,0.09550054371356964,0.09654514491558075,0.22085481882095337,1.7581138521172823,0.15993744020131753,0.5396473800477848,0.024704324081540108,0.19144433736801147,2.684105396270752,169.87509155273438,170.11607360839844,2.8681693077087402,2.9347498416900635,242,92,0.9999999999915533,0.21503887186661086,0.9999382963480828,0.08793683431772803,242,242,0,0.01,2.016338348388672,2.1470372676849365,2.2019309997558594,1.0920443989543764,0.44199034571647644,6.877089977264404,0.5606162548065186,6.617042541503906,0.9621864136399008,0.4958495497703552
gpu_seed1101_ckpt150_optimizer_reset,1101,150,optimizer_reset,93,12.37471866607666,0.07281326537400915,0.1390461126963296,2.343661778781861,0.00025,0.00025,2.7543357213338218,2.8933818340301514,7.083906799554825,28.395792610943317,28.633274540305138,0.04737331345677376,0.09176670759916306,0.0926867127418518,0.23860050737857819,1.7468776786917326,0.16000271201654592,0.5423936908425152,0.02388572506606579,0.22049333155155182,2.681767225265503,169.87451171875,170.11549377441406,2.598891258239746,2.6887590885162354,243,93,0.999999999992398,0.21582383299474428,0.9999444667132745,0.0888488974834103,243,243,0,0.01,2.0960230827331543,1.9015438556671143,1.990121841430664,0.9494751550324781,0.5078927278518677,6.870666027069092,0.5612647533416748,6.610396862030029,0.9621187867355778,0.49578091502189636
gpu_seed1101_ckpt150_optimizer_reset,1101,150,optimizer_reset,94,12.378539085388184,0.07283574485113313,0.14545718828837062,2.5267603328389647,0.00025,0.00025,2.781201442082723,2.9266586303710938,7.1310089863836765,28.48706016689539,28.725816383957863,0.0471021868288517,0.09126755595207214,0.09254184365272522,0.23080186545848846,1.7358748402957676,0.16005670303518277,0.5440821018092322,0.024944979697465897,0.2180289328098297,2.6992075443267822,169.87403869628906,170.11500549316406,2.6748321056365967,2.832289695739746,244,94,0.9999999999931581,0.2166080091617495,0.9999500200419471,0.0897600485859269,244,244,0,0.01,2.0610392093658447,1.6708641052246094,1.8447754383087158,0.8950705206988442,0.5279867053031921,6.864766597747803,0.5624021887779236,6.603847503662109,0.9619915563957764,0.49608364701271057
gpu_seed1101_ckpt150_optimizer_reset,1101,150,optimizer_reset,95,12.382417678833008,0.0728585666268354,0.11697125434875488,2.06201405189433,0.00025,0.00025,2.8104546070098877,2.9274258613586426,7.1771779879927635,28.577492713928223,28.81729206442833,0.04616900160908699,0.0904325470328331,0.09147568047046661,0.23254349827766418,1.7252487954940998,0.1601226660465818,0.544197009481115,0.024030471220612526,0.1981038600206375,2.720695734024048,169.8735809326172,170.1145477294922,2.6797029972076416,2.7100324630737305,245,95,0.9999999999938424,0.21739140115258782,0.9999550180377524,0.09067028853734094,245,245,0,0.01,2.0118768215179443,1.7958828210830688,1.9104138612747192,0.9495680057750147,0.5013933181762695,6.858188152313232,0.5639957189559937,6.596730709075928,0.9618766010159581,0.49586302042007446
gpu_seed1101_ckpt150_optimizer_reset,1101,150,optimizer_reset,96,12.385682106018066,0.07287777462738344,0.08656104405721043,1.5032973744020204,0.00025,0.00025,2.810973644256592,2.8975346883138022,7.21997544169426,28.667847834527493,28.908246390521526,0.042797453701496124,0.09035512059926987,0.09095432609319687,0.2227819263935089,1.7154742707975046,0.16015158926203446,0.543716893561019,0.024117855355143547,0.22192548215389252,2.7572033405303955,169.87310791015625,170.11399841308594,2.665398120880127,2.813662528991699,246,96,0.9999999999944581,0.2181740097514352,0.9999595162339772,0.09157961824880367,246,246,0,0.01,1.789839267730713,1.9133152961730957,1.9152270555496216,1.0700553340618202,0.46666380763053894,6.852153778076172,0.5653180480003357,6.589788436889648,0.9617105293189804,0.49646836519241333
gpu_seed1101_ckpt150_optimizer_reset,1101,150,optimizer_reset,97,12.388934135437012,0.07289690967905414,0.09859156608581543,1.7143116430604053,0.00025,0.00025,2.806080420811971,2.9046719868977866,7.262943420559168,28.758005373179913,28.998456545174122,0.04296797886490822,0.09015753865242004,0.09021015465259552,0.23706893622875214,1.7057731856159073,0.16018697921713101,0.5425867131104463,0.02379867061972618,0.2760748565196991,2.7953572273254395,169.87258911132812,170.1134033203125,2.9052751064300537,2.938141107559204,247,97,0.9999999999950123,0.21895583574168376,0.9999635646105794,0.09248803863055488,247,247,0,0.01,1.8088974952697754,2.056177854537964,1.9620774984359741,1.0846814170320187,0.4906994104385376,6.846234321594238,0.5683930516242981,6.58247709274292,0.9614741160669388,0.4966128468513489
gpu_seed1101_ckpt150_optimizer_reset,1101,150,optimizer_reset,98,12.39205551147461,0.07291527596178675,0.09466131528218602,1.619404820910912,0.00025,0.00025,2.791804552078247,2.886465867360433,7.304354805499315,28.84442600607872,29.0854314789176,0.0414113849401474,0.08642063289880753,0.08697493374347687,0.22616377472877502,1.696529788249492,0.1601851965015601,0.5406215453861202,0.023338837549090385,0.2831994593143463,2.827725410461426,169.87210083007812,170.11280822753906,2.7148892879486084,2.8272199630737305,248,98,0.999999999995511,0.21973687990594204,0.9999672081495214,0.09339555059192428,248,248,0,0.01,1.7434086799621582,1.908174753189087,1.9059948921203613,1.0932576589905694,0.45807597041130066,6.8397321701049805,0.5695548057556152,6.575501441955566,0.961368263905819,0.49659988284111023
gpu_seed1101_ckpt150_optimizer_reset,1101,150,optimizer_reset,99,12.395734786987305,0.07293692494399953,0.11098551750183105,1.90532325128153,0.00025,0.00025,2.787001291910807,2.897986809412638,7.348978523164988,28.934807151556015,29.176184475421906,0.0446237176656723,0.09038114547729492,0.0907529965043068,0.2385137677192688,1.6867289444257543,0.1602031716065103,0.5385071280444019,0.024519886821508408,0.26183536648750305,2.8398239612579346,169.87164306640625,170.11224365234375,2.67122483253479,2.692655324935913,249,99,0.99999999999596,0.2205171430260361,0.9999704873345694,0.09430215504133233,249,249,0,0.01,1.9390811920166016,2.0403530597686768,1.9988001585006714,1.030797558518389,0.496393620967865,6.833272457122803,0.5697479248046875,6.5689473152160645,0.961317927308434,0.4966496527194977
gpu_seed1101_ckpt150_optimizer_reset,1101,150,optimizer_reset,100,12.39873218536377,0.07295456173795876,0.15422614415486668,2.672015252573562,0.00025,0.00025,2.774064302444458,2.9282904465993247,7.397000268101692,29.025851748883724,29.268783271312714,0.048021744936704636,0.0910445973277092,0.0925987958908081,0.2310858815908432,1.6761838226273318,0.1601888259017933,0.5379192865142383,0.025472406297922134,0.24792368710041046,2.8413031101226807,169.87110900878906,170.11166381835938,2.911903142929077,3.0036861896514893,250,100,0.999999999996364,0.22129662588301013,0.9999734386011124,0.09520785288629108,250,250,1,0.01,2.211245059967041,1.9592585563659668,2.1388566493988037,0.9672635060311752,0.47936367988586426,6.826855182647705,0.5707722306251526,6.562280178070068,0.9612449660202128,0.4963604211807251
gpu_seed1101_ckpt300_optimizer_reset,1101,300,optimizer_reset,1,0.4198574423789978,0.002471990426013017,0.3640885353088379,7.345748952341513,0.000125,0.000125,2.81691845258077,3.181006987889608,0.022198202088475227,0.4247950315475464,0.4198574423789978,0.022198202088475227,0.4247950315475464,0.4198574423789978,0.2472691684961319,18.914029194196033,0.010010915107717297,0.060426537158741606,0.09587792307138443,0.8484406471252441,0.9152962565422058,169.845703125,169.84629821777344,2.7262535095214844,2.7262535095214844,301,1,0.9999999999999831,0.2600336748760569,0.09999999999999998,0.0010000000000000009,301,301,0,0.01,1.5606591701507568,0.843961238861084,1.4127238988876343,0.9052097510504247,0.4373651146888733,6.513938903808594,0.0015588686801493168,6.513571262359619,0.9999435608077688,0.2359534353017807
gpu_seed1101_ckpt300_optimizer_reset,1101,300,optimizer_reset,2,0.6046357154846191,0.0035599075996712044,0.13992619514465332,2.438375926151565,0.000125,0.000125,2.7871936162312827,2.927119811375936,0.04532191716134548,0.721214771270752,0.7114810645580292,0.023123715072870255,0.29641973972320557,0.29162362217903137,0.24473856389522552,13.340912153357996,0.013074044201021706,0.077232296562463,0.06529223918914795,0.8380907773971558,1.1898205280303955,169.845458984375,169.84620666503906,2.687413215637207,2.97707200050354,302,2,0.9999999999999848,0.26077364120118074,0.18999999999999995,0.001998999999999973,302,302,0,0.01,1.6854702234268188,1.231589913368225,1.8723288774490356,1.1108644053296852,0.2052232027053833,6.507987022399902,0.0041730389930307865,6.507148742675781,0.9998711921639923,0.2010643184185028
gpu_seed1101_ckpt300_optimizer_reset,1101,300,optimizer_reset,3,0.7529640197753906,0.004433218659815637,0.14208682378133108,2.36358702010482,0.000125,0.000125,2.739612897237142,2.881699721018473,0.072093416005373,0.9612488895654678,0.9484952837228775,0.02677149884402752,0.24003411829471588,0.23701421916484833,0.16785986721515656,10.444282730462227,0.015047082638694533,0.0853521826397333,0.0518285296857357,0.7322631478309631,1.3414933681488037,169.84518432617188,169.8460693359375,2.933305263519287,2.9605183601379395,303,3,0.9999999999999863,0.2615128675599796,0.2709999999999999,0.002997000999999999,303,303,0,0.01,2.2578768730163574,1.3482803106307983,2.6777260303497314,1.1859486504112602,-0.041775040328502655,6.502474308013916,0.004835823550820351,6.501203536987305,0.9998045711574677,0.26312145590782166
gpu_seed1101_ckpt300_optimizer_reset,1101,300,optimizer_reset,4,0.8644347786903381,0.005089523922041803,0.15845855077107762,2.539693298861293,0.000125,0.000125,2.694030284881592,2.8524888356526694,0.09989219158887863,1.1827756315469742,1.1660550385713577,0.02779877558350563,0.22152674198150635,0.21755975484848022,0.20416966080665588,8.653677178686758,0.015899785898519467,0.08624032314334928,0.056572575122117996,0.6363679766654968,1.3594659566879272,169.8449249267578,169.84603881835938,2.780482769012451,3.4233171939849854,304,4,0.9999999999999877,0.26225135469241967,0.3439,0.003994003998999962,304,304,0,0.01,2.2592694759368896,1.5669140815734863,2.8782601356506348,1.273978233364917,-0.1023794636130333,6.496336460113525,0.006639830768108368,6.493907451629639,0.9996260956464,0.36628299951553345
gpu_seed1101_ckpt300_optimizer_reset,1101,300,optimizer_reset,5,0.9627091884613037,0.005668133172599317,0.01614030202229788,0.2293659106009649,0.000125,0.000125,2.6620585123697915,2.6459182103474936,0.12870819121599197,1.3798821866512299,1.3591476827859879,0.028815999627113342,0.19710655510425568,0.19309264421463013,0.21097399294376373,7.479781817757434,0.01622017549276236,0.08208859020039382,0.04932898283004761,0.4161352813243866,1.3017946481704712,169.8446502685547,169.8461151123047,2.450876474380493,3.02646803855896,305,5,0.9999999999999889,0.2629891033377272,0.40950999999999993,0.004990009995000988,305,305,0,0.01,2.376946210861206,1.8050013780593872,3.003021240234375,1.2633946979999469,-0.012846692465245724,6.490289688110352,0.010818892158567905,6.486286163330078,0.9993831516043719,0.37078702449798584
gpu_seed1101_ckpt300_optimizer_reset,1101,300,optimizer_reset,6,1.0582653284072876,0.006230738093342883,0.01527372996012355,0.21619227484337067,0.000125,0.000125,2.6423872311909995,2.657660961151123,0.15524918213486671,1.5652117431163788,1.5404567420482635,0.02654099091887474,0.18532955646514893,0.1813090592622757,0.22144483029842377,6.816559764425322,0.01673258156773333,0.07921528869547947,0.043469417840242386,0.47225645184516907,1.295302152633667,169.84437561035156,169.8460693359375,2.6541543006896973,3.0650625228881836,306,6,0.99999999999999,0.2637261142343895,0.46855899999999995,0.0059850199850060015,306,306,0,0.01,1.9657922983169556,2.215348482131958,2.9554834365844727,1.503456615998218,0.004274129867553711,6.484418869018555,0.012518699280917645,6.479681015014648,0.9992693479399454,0.37927496433258057
gpu_seed1101_ckpt300_optimizer_reset,1101,300,optimizer_reset,7,1.1469734907150269,0.006753024245260121,0.015839656194051255,0.22127484820776466,0.000125,0.000125,2.6289586226145425,2.6447982788085938,0.18116717040538788,1.7338119894266129,1.7043185979127884,0.025917988270521164,0.16860024631023407,0.16386185586452484,0.2571157217025757,6.331022823518057,0.01733089505712577,0.0771845167210655,0.039571795612573624,0.5327949523925781,1.3370388746261597,169.84410095214844,169.8459930419922,2.563612461090088,2.8144612312316895,307,7,0.999999999999991,0.2644623881201551,0.5217030999999999,0.006979034965020947,307,307,0,0.01,1.949726939201355,2.0886220932006836,2.6659176349639893,1.3673287173508677,0.12973947823047638,6.478397369384766,0.014842030592262745,6.472590446472168,0.9991036482354357,0.3922629654407501
gpu_seed1101_ckpt300_optimizer_reset,1101,300,optimizer_reset,8,1.2300505638122559,0.007242156290065352,0.08305056889851903,1.1932199674814967,0.000125,0.000125,2.6231484413146973,2.7061990102132163,0.20645726658403873,1.889103814959526,1.8545004725456238,0.025290096178650856,0.1552918255329132,0.1501818746328354,0.28015702962875366,5.957894261404474,0.017985206298612427,0.07655866741700981,0.03600582480430603,0.6098010540008545,1.370632290840149,169.84381103515625,169.845947265625,2.4327340126037598,2.659970283508301,308,8,0.9999999999999919,0.26519792573203493,0.5695327899999999,0.00797205593005601,308,308,0,0.01,1.9476382732391357,1.8837555646896362,2.403543710708618,1.2340811657546797,0.21325455605983734,6.472033977508545,0.01593811996281147,6.465435028076172,0.9989803901746647,0.4150855243206024
gpu_seed1101_ckpt300_optimizer_reset,1101,300,optimizer_reset,9,1.3035434484481812,0.0076748596051969984,0.031475146611531724,0.4382744334224338,0.000125,0.000125,2.617868185043335,2.6493433316548667,0.23046435602009296,2.0359754264354706,1.9967009127140045,0.02400708943605423,0.14687161147594452,0.14220044016838074,0.2732088565826416,5.656160765827389,0.0184975364990303,0.07631843108280764,0.0334104485809803,0.5016264319419861,1.3614528179168701,169.84353637695312,169.84585571289062,2.403921127319336,2.744164228439331,309,9,0.9999999999999928,0.26593272780630295,0.6125795109999999,0.00896408387412595,309,309,0,0.01,1.7628729343414307,1.7310280799865723,2.3547232151031494,1.335730539184598,0.0916668102145195,6.465734004974365,0.019785791635513306,6.457565784454346,0.998736690913246,0.41410088539123535
gpu_seed1101_ckpt300_optimizer_reset,1101,300,optimizer_reset,10,1.3697937726974487,0.008064920970636878,0.04928708076477051,0.657877611400405,0.000125,0.000125,2.6158992449442544,2.566612164179484,0.2546339426189661,2.1811350136995316,2.1362742483615875,0.02416958659887314,0.14515958726406097,0.139573335647583,0.30993205308914185,5.3794626066086835,0.018872539105761085,0.07513559270868612,0.031912218779325485,0.4060301184654236,1.315505862236023,169.8433074951172,169.84571838378906,2.6833078861236572,3.1079516410827637,310,10,0.9999999999999934,0.26666679507849655,0.6513215599,0.009955119790251765,310,310,0,0.01,1.7133607864379883,1.9226634502410889,2.3193464279174805,1.3536824504650649,0.19016242027282715,6.459473133087158,0.021756477653980255,6.450375556945801,0.9985915916120534,0.41955459117889404
gpu_seed1101_ckpt300_optimizer_reset,1101,300,optimizer_reset,11,1.4318674802780151,0.008430391712269652,0.07145826021830226,0.9377566221552733,0.000125,0.000125,2.609893321990967,2.5384350617726645,0.2782211136072874,2.3248778730630875,2.27354496717453,0.023587170988321304,0.1437428593635559,0.1372707188129425,0.3502615988254547,5.1465090542839524,0.01922847293743391,0.07392108574751459,0.03033699467778206,0.3791525661945343,1.2573320865631104,169.8430633544922,169.8455047607422,2.7028722763061523,3.0995700359344482,311,11,0.9999999999999941,0.2674001282834181,0.6861894039099999,0.010945164670461582,311,311,0,0.01,1.604993462562561,2.281477212905884,2.273489236831665,1.4165099670875638,0.35671257972717285,6.453425884246826,0.023882955312728882,6.4435038566589355,0.9984625177747668,0.4169815480709076
gpu_seed1101_ckpt300_optimizer_reset,1101,300,optimizer_reset,12,1.490986943244934,0.008778468777706864,0.06227389971415187,0.8127231296089104,0.000125,0.000125,2.599823474884033,2.5375495751698813,0.3008287660777569,2.458485558629036,2.4008838087320328,0.022607652470469475,0.1336076855659485,0.12733884155750275,0.3553880751132965,4.956264531080762,0.0195462142384011,0.07246198903884057,0.027999846264719963,0.3883041441440582,1.2116533517837524,169.84278869628906,169.84518432617188,2.6730942726135254,2.900242805480957,312,12,0.9999999999999947,0.26813272815513467,0.7175704635189999,0.0119342195057911,312,312,0,0.01,1.5046732425689697,2.052952766418457,2.0903806686401367,1.3892588832574595,0.3413645327091217,6.4472455978393555,0.025203155353665352,6.436417102813721,0.9983204463266822,0.4312168061733246
gpu_seed1101_ckpt300_optimizer_reset,1101,300,optimizer_reset,13,1.5462141036987305,0.00910362917292128,0.1358350118001299,1.68179628692711,0.000125,0.000125,2.5833255449930825,2.4474905331929526,0.3240313231945038,2.5911554098129272,2.5276529788970947,0.023202557116746902,0.1326698511838913,0.12676917016506195,0.3361009657382965,4.771804430665565,0.01979139137233436,0.07075237858728056,0.026897432282567024,0.37442487478256226,1.1811498403549194,169.842529296875,169.84494018554688,2.7769415378570557,3.0652036666870117,313,13,0.9999999999999952,0.2688645954269795,0.7458134171670999,0.012922285286285251,313,313,0,0.01,1.6063834428787231,2.1007606983184814,2.252284049987793,1.4020837054633606,0.28460612893104553,6.441115379333496,0.025746220722794533,6.4300079345703125,0.9982755401650123,0.4330368936061859
gpu_seed1101_ckpt300_optimizer_reset,1101,300,optimizer_reset,14,1.5992240905761719,0.00941573553764739,0.15765651067097997,1.9048299243503646,0.000125,0.000125,2.5695221424102783,2.4118656317392984,0.34867276437580585,2.720638155937195,2.6516196727752686,0.02464144118130207,0.12948274612426758,0.12396669387817383,0.3142377734184265,4.58660455867414,0.020069987914220648,0.0695441509076484,0.025623001158237457,0.37446048855781555,1.1790781021118164,169.84226989746094,169.84471130371094,2.5378735065460205,2.8035988807678223,314,14,0.9999999999999957,0.2695957308315525,0.7712320754503899,0.013909363000998987,314,314,0,0.01,1.7789961099624634,2.1199371814727783,2.4515204429626465,1.3780358648524504,0.21862244606018066,6.435198783874512,0.026838339865207672,6.4235053062438965,0.9981828878913709,0.43739908933639526
gpu_seed1101_ckpt300_optimizer_reset,1101,300,optimizer_reset,15,1.6494523286819458,0.00971146382820582,0.12894336382548,1.5653829741700225,0.000125,0.000125,2.5602915287017822,2.4313481648763022,0.3735027965158224,2.8465424478054047,2.7722131237387657,0.024830032140016556,0.12590429186820984,0.12059345096349716,0.3079836964607239,4.416171295273435,0.02044328164153431,0.06927730106347105,0.024956868961453438,0.40075886249542236,1.2239519357681274,169.84201049804688,169.84446716308594,2.711320161819458,2.95153546333313,315,15,0.9999999999999961,0.270326135100721,0.794108867905351,0.014895453637998046,315,315,0,0.01,1.9165745973587036,1.9637858867645264,2.489872932434082,1.299126543711975,0.17671851813793182,6.428989887237549,0.027528325095772743,6.4170098304748535,0.9981365569127001,0.4369089901447296
gpu_seed1101_ckpt300_optimizer_reset,1101,300,optimizer_reset,16,1.6977790594100952,0.009995996632968292,0.10824473698933934,1.3193701808030962,0.000125,0.000125,2.5541492303212485,2.445904493331909,0.3976159282028675,2.9674544483423233,2.88827333599329,0.024113131687045097,0.12091200053691864,0.11606021225452423,0.2968859076499939,4.269897001056764,0.02081240115718027,0.06883164269940296,0.02404005639255047,0.4104534387588501,1.2713985443115234,169.84178161621094,169.84422302246094,2.6461355686187744,2.922192335128784,316,16,0.9999999999999966,0.2710558089656203,0.8146979811148158,0.015880558184360072,316,316,0,0.01,1.8812143802642822,1.839530348777771,2.445946455001831,1.3001954910938498,0.135843425989151,6.422915935516357,0.028709474951028824,6.410437107086182,0.9980571396922431,0.4364755153656006
gpu_seed1101_ckpt300_optimizer_reset,1101,300,optimizer_reset,17,1.743860125541687,0.01026730766095036,0.128921826680501,1.5561790934034327,0.000125,0.000125,2.554551045099894,2.425629218419393,0.4209430869668722,3.086180128157139,3.0021771118044853,0.023327158764004707,0.11872567981481552,0.11390377581119537,0.3007497489452362,4.142745609870971,0.021121474984140114,0.06871626723169197,0.02368573285639286,0.3566683828830719,1.2862602472305298,169.84152221679688,169.84402465820312,2.4479587078094482,2.850177049636841,317,17,0.9999999999999969,0.2717847531566546,0.8332281830033342,0.016864677626175606,317,317,0,0.01,1.7580393552780151,1.7868332862854004,2.3649277687072754,1.3452075242831762,0.10992059111595154,6.416665077209473,0.029336905106902122,6.403820991516113,0.9979983238115424,0.4396694600582123
gpu_seed1101_ckpt300_optimizer_reset,1101,300,optimizer_reset,18,1.7875694036483765,0.010524654336515879,0.14527408281962062,1.746629958230681,0.000125,0.000125,2.558579126993815,2.4133050441741943,0.4440300650894642,3.2073829397559166,3.1176555454730988,0.023086978122591972,0.12120281159877777,0.11547843366861343,0.33733412623405457,4.025784612769829,0.021429008171923523,0.06888564234316588,0.02421555481851101,0.3232864737510681,1.2980400323867798,169.8412628173828,169.84371948242188,2.5836758613586426,3.0033938884735107,318,18,0.9999999999999972,0.27251296840349803,0.8499053647030008,0.017847812948549535,318,318,0,0.01,1.781360149383545,2.0860848426818848,2.3404364585876465,1.3138479938468708,0.2754727303981781,6.410503387451172,0.030238676816225052,6.3972673416137695,0.9979352564005644,0.439624160528183
gpu_seed1101_ckpt300_optimizer_reset,1101,300,optimizer_reset,19,1.8306069374084473,0.010778045989671504,0.125677982966105,1.5360076206970419,0.000125,0.000125,2.5653998851776123,2.4397219022115073,0.4656585603952408,3.3260171189904213,3.2302408441901207,0.021628495305776596,0.1186341792345047,0.11258529871702194,0.36369848251342773,3.9312214852245755,0.021793346267877413,0.06954413267046466,0.02315540239214897,0.33917513489723206,1.3204445838928223,169.84100341796875,169.8434295654297,2.5236432552337646,2.6788523197174072,319,19,0.9999999999999974,0.27324045543509456,0.8649148282327007,0.01882996513560098,319,319,0,0.01,1.5323776006698608,2.0962390899658203,2.1612205505371094,1.4103707529990954,0.3224436938762665,6.404628276824951,0.03122236765921116,6.390977382659912,0.9978685891552157,0.43920084834098816
gpu_seed1101_ckpt300_optimizer_reset,1101,300,optimizer_reset,20,1.8719842433929443,0.011021662736509012,0.0816570917765298,1.0335773709350118,0.000125,0.000125,2.578803300857544,2.497146209081014,0.4895837791264057,3.445604093372822,3.34160365909338,0.023925218731164932,0.11958697438240051,0.11136281490325928,0.43195727467536926,3.823623909128315,0.022117018565077452,0.07010058178167623,0.022749120369553566,0.3603360056877136,1.3115588426589966,169.8407745361328,169.84315490722656,2.988729238510132,3.3475284576416016,320,20,0.9999999999999977,0.2739672149796595,0.8784233454094307,0.01981113517046529,320,320,0,0.01,1.756636619567871,2.2581851482391357,2.025484323501587,1.153046851544458,0.5145931243896484,6.3985276222229,0.032340485602617264,6.384173393249512,0.9977566356165233,0.44587334990501404
gpu_seed1101_ckpt300_optimizer_reset,1101,300,optimizer_reset,21,1.9114915132522583,0.011254269290525934,0.053156375885009766,0.6913801865135163,0.000125,0.000125,2.591912269592285,2.5387558937072754,0.512927507981658,3.563858576118946,3.4521210193634033,0.023343728855252266,0.11825448274612427,0.11051736027002335,0.41930195689201355,3.72663092445587,0.022374553551761513,0.07030713350179647,0.023122919723391533,0.35435089468955994,1.2828373908996582,169.8405303955078,169.84291076660156,2.700576066970825,3.0699338912963867,321,21,0.999999999999998,0.27469324776467974,0.8905810108684876,0.020791324035294823,321,321,0,0.01,1.6276605129241943,2.2193617820739746,2.053121566772461,1.2613942222402617,0.46500498056411743,6.392419815063477,0.03312278911471367,6.377603054046631,0.9976821358035766,0.4493982195854187
gpu_seed1101_ckpt300_optimizer_reset,1101,300,optimizer_reset,22,1.949558973312378,0.01147839869091966,0.05859986941019679,0.7557237283740257,0.000125,0.000125,2.5861002604166665,2.5275003910064697,0.5355111584067345,3.674663670361042,3.5564616844058037,0.022583650425076485,0.11080509424209595,0.10434066504240036,0.37980103492736816,3.6405571437747657,0.022635357011854974,0.07065547964091412,0.022292044013738632,0.3448306918144226,1.273157000541687,169.84030151367188,169.84262084960938,2.591360569000244,2.809796094894409,322,22,0.9999999999999981,0.2754185545169151,0.9015229097816388,0.021770532711259616,322,322,0,0.01,1.450781226158142,1.8682223558425903,2.0437591075897217,1.40873004884441,0.26159945130348206,6.386468887329102,0.03557801991701126,6.37064266204834,0.99752191303818,0.4470711648464203
gpu_seed1101_ckpt300_optimizer_reset,1101,300,optimizer_reset,23,1.9860528707504272,0.01169326344254487,0.05868069330851222,0.746305010507859,0.000125,0.000125,2.57222048441569,2.5135397911071777,0.5585364829748869,3.786145955324173,3.66108775138855,0.023025324568152428,0.11148228496313095,0.10462606698274612,0.39188095927238464,3.5558158352856766,0.02289229149661251,0.07098693575425319,0.022268248721957207,0.32506832480430603,1.276764988899231,169.84007263183594,169.84237670898438,2.6571145057678223,2.859697103500366,323,23,0.9999999999999983,0.27614313596239815,0.9113706188034749,0.022748762178548265,323,323,0,0.01,1.5561922788619995,2.0096933841705322,2.0150625705718994,1.294867348939788,0.38371673226356506,6.380396366119385,0.0382390022277832,6.363299369812012,0.9973203864889715,0.4495126008987427
gpu_seed1101_ckpt300_optimizer_reset,1101,300,optimizer_reset,24,2.0219929218292236,0.011904867318550493,0.02678028742472316,0.3416915637422804,0.000125,0.000125,2.559602657953898,2.532822370529175,0.5820934660732746,3.8939918130636215,3.762199357151985,0.023556983098387718,0.10784585773944855,0.10111160576343536,0.38616159558296204,3.473656791693345,0.023161517045306498,0.0711952104080361,0.021321527659893036,0.3251318037509918,1.2817625999450684,169.8397979736328,169.842041015625,2.545471668243408,2.7655677795410156,324,24,0.9999999999999986,0.2768669928264358,0.9202335569231275,0.023726013416369818,324,324,0,0.01,1.6911405324935913,2.057697296142578,2.0871689319610596,1.2341782908380117,0.393378347158432,6.3741865158081055,0.038751475512981415,6.35682487487793,0.9972762577800138,0.45046505331993103
gpu_seed1101_ckpt300_optimizer_reset,1101,300,optimizer_reset,25,2.0566649436950684,0.012109005431756819,0.008046706517537139,0.10332766794475745,0.000125,0.000125,2.5566629568735757,2.5486162503560386,0.6057920828461647,3.9980064257979393,3.860480897128582,0.02369861677289009,0.10401461273431778,0.09828153997659683,0.3491691052913666,3.395001357609265,0.02341270142843967,0.07203672726929673,0.0210467129945755,0.2975952625274658,1.28855562210083,169.83953857421875,169.84178161621094,2.5757853984832764,2.735836982727051,325,25,0.9999999999999987,0.2775901258336093,0.9282102012308147,0.024702287402953438,325,325,1,0.01,1.6557279825210571,1.7973183393478394,2.0683434009552,1.249204834845295,0.28457969427108765,6.368348121643066,0.03932062163949013,6.3505635261535645,0.9972073455862035,0.45476746559143066
gpu_seed1101_ckpt300_optimizer_reset,1101,300,optimizer_reset,26,2.0900931358337402,0.01230582026123203,0.03449201583862305,0.4385439046164805,0.000125,0.000125,2.5599284966786704,2.5254364808400473,0.6303407121449709,4.103781796991825,3.9611333683133125,0.02454862929880619,0.1057753711938858,0.10065247118473053,0.319671630859375,3.315814916536325,0.023637597528754547,0.0730250371455798,0.021797513589262962,0.23651936650276184,1.2885198593139648,169.8393096923828,169.84149169921875,2.8644134998321533,3.0801305770874023,326,26,0.9999999999999988,0.2783125357077757,0.9353891811077333,0.025677585115550405,326,326,0,0.01,1.6046278476715088,1.8537168502807617,2.181769371032715,1.3596731318089375,0.2102820724248886,6.3621416091918945,0.04044331982731819,6.343760013580322,0.997110784898907,0.4570227563381195
gpu_seed1101_ckpt300_optimizer_reset,1101,300,optimizer_reset,27,2.1213395595550537,0.012489789514816222,0.059210141499836944,0.7504339548468941,0.000125,0.000125,2.5690178076426187,2.5098076661427817,0.6543024089187384,4.220854461193085,4.072920449078083,0.02396169677376747,0.11707266420125961,0.11178708076477051,0.31794196367263794,3.2421393084237797,0.02382155788672144,0.07394093328986646,0.030986284837126732,0.20534054934978485,1.2800911664962769,169.8390350341797,169.84107971191406,2.9005093574523926,3.1742331981658936,327,27,0.9999999999999989,0.27903422317206794,0.94185026299696,0.026651907530434893,327,327,0,0.01,1.5015156269073486,1.8993524312973022,2.1195926666259766,1.4116354359829482,0.24008764326572418,6.356115818023682,0.041553813964128494,6.337201118469238,0.9970241732377177,0.4577738344669342
gpu_seed1101_ckpt300_optimizer_reset,1101,300,optimizer_reset,28,2.1534156799316406,0.012678643765023817,0.04141004880269383,0.5343917599406272,0.000125,0.000125,2.5782392024993896,2.536829153696696,0.6771387457847595,4.33105294406414,4.177730828523636,0.022836336866021156,0.1101984828710556,0.10481037944555283,0.33379051089286804,3.1801690470876727,0.02405087039265923,0.07505757104044523,0.028395358473062515,0.21330411732196808,1.2970354557037354,169.83877563476562,169.8407745361328,2.2363007068634033,2.3083386421203613,328,28,0.999999999999999,0.27975518894889584,0.9476652366972639,0.02762525562290441,328,328,0,0.01,1.4158804416656494,1.6936928033828735,1.8911266326904297,1.3356541816937328,0.2704162895679474,6.350124835968018,0.04186388477683067,6.331035137176514,0.9969938073210193,0.4586074650287628
gpu_seed1101_ckpt300_optimizer_reset,1101,300,optimizer_reset,29,2.1854729652404785,0.012867387120193122,0.03649187088012695,0.47564596638101087,0.000125,0.000125,2.5857747395833335,2.5492828687032065,0.701121661812067,4.443744271993637,4.28378538787365,0.02398291602730751,0.11269132792949677,0.10605455935001373,0.37498989701271057,3.1171094608444276,0.02425579838468051,0.07620940579919608,0.028283266350626945,0.2273833304643631,1.303711175918579,169.83851623535156,169.84046936035156,2.6481521129608154,2.7884535789489746,329,29,0.9999999999999991,0.280475433759947,0.9528987130275375,0.02859763036728158,329,329,0,0.01,1.4151029586791992,1.7612836360931396,1.7116624116897583,1.2095674036934714,0.436296284198761,6.343939781188965,0.042814698070287704,6.324450492858887,0.9969278888193636,0.45787373185157776
gpu_seed1101_ckpt300_optimizer_reset,1101,300,optimizer_reset,30,2.216963052749634,0.013052790990601774,0.05333113670349121,0.68982482018205,0.000125,0.000125,2.5864644050598145,2.5331332683563232,0.725733395665884,4.552396863698959,4.384976491332054,0.024611733853816986,0.10865259170532227,0.10119110345840454,0.40601682662963867,3.054789907680138,0.024422899643827396,0.07710823383591643,0.026634348556399345,0.24074287712574005,1.278360366821289,169.83828735351562,169.84019470214844,2.74886155128479,3.13337779045105,330,30,0.9999999999999992,0.281194958326187,0.9576088417247838,0.029569032736914247,330,330,0,0.01,1.5342432260513306,1.6894758939743042,1.5815727710723877,1.0308487886512219,0.5221428275108337,6.337949752807617,0.04377137869596481,6.317996978759766,0.9968518567001877,0.4585784673690796
gpu_seed1101_ckpt300_optimizer_reset,1101,300,optimizer_reset,31,2.2475926876068115,0.013233128782615641,0.09204610188802098,1.1653472929477733,0.000125,0.000125,2.5841549237569175,2.4921088218688965,0.7491629682481289,4.658491730690002,4.48411487787962,0.023429572582244873,0.10609486699104309,0.09913838654756546,0.39759403467178345,3.000138531753201,0.024584691335329985,0.07785869082854442,0.025502309203147888,0.23806209862232208,1.2737258672714233,169.83804321289062,169.83995056152344,2.678831100463867,2.8389480113983154,331,31,0.9999999999999993,0.2819137633678609,0.9618479575523053,0.030539463704177372,331,331,0,0.01,1.46833336353302,1.6519054174423218,1.5773578882217407,1.0742505260694464,0.4940607249736786,6.33181095123291,0.04465394839644432,6.311300277709961,0.9967606939496587,0.462111234664917
gpu_seed1101_ckpt300_optimizer_reset,1101,300,optimizer_reset,32,2.2777247428894043,0.013410536980390131,0.14051055908203125,1.7332396985257397,0.000125,0.000125,2.581897735595703,2.441387176513672,0.7721703741699457,4.760922759771347,4.579645708203316,0.023007405921816826,0.1024310290813446,0.09553083032369614,0.4021167755126953,2.949769661047827,0.02473778765255432,0.07864430346739448,0.023718569427728653,0.2091355174779892,1.2719918489456177,169.83782958984375,169.83973693847656,2.481475830078125,2.6142308712005615,332,32,0.9999999999999993,0.28263184960449306,0.9656631617970749,0.031508924240473246,332,332,0,0.01,1.405352234840393,1.6622449159622192,1.5371068716049194,1.0937520384548973,0.5084194540977478,6.325699806213379,0.04563606530427933,6.304698467254639,0.9966799975333783,0.4630317687988281
gpu_seed1101_ckpt300_optimizer_reset,1101,300,optimizer_reset,33,2.3071908950805664,0.013584024547253942,0.177300532658895,2.137165953272266,0.000125,0.000125,2.576730489730835,2.39942995707194,0.7953378334641457,4.862610727548599,4.674226388335228,0.023167459294199944,0.1016879677772522,0.09458068013191223,0.40997233986854553,2.9008941835805113,0.02492498165290478,0.0793660394678653,0.02284345030784607,0.19330798089504242,1.2649743556976318,169.83761596679688,169.83958435058594,2.8736629486083984,3.0210635662078857,333,33,0.9999999999999994,0.2833492177548885,0.9690968456173674,0.032477415316232716,333,333,0,0.01,1.479216456413269,1.839566707611084,1.597139835357666,1.0797201643018846,0.5551453232765198,6.320003986358643,0.04701635614037514,6.298300743103027,0.9965659446887285,0.4645484685897827
gpu_seed1101_ckpt300_optimizer_reset,1101,300,optimizer_reset,34,2.335649013519287,0.013751577123967254,0.16454903284708644,1.982101513410223,0.000125,0.000125,2.5698509216308594,2.405301888783773,0.8218067958950996,4.969857081770897,4.773384682834148,0.02646896243095398,0.10724635422229767,0.09915829449892044,0.4174478054046631,2.84209016667049,0.025156857844628226,0.08015894081373688,0.024981200695037842,0.19500812888145447,1.2811682224273682,169.83738708496094,169.83946228027344,2.4807088375091553,2.543865442276001,334,34,0.9999999999999994,0.28406586853713367,0.9721871610556306,0.033444937900916516,334,334,0,0.01,1.807765245437622,2.04831862449646,1.6519532203674316,0.9138095914475967,0.639323353767395,6.314746856689453,0.048260897397994995,6.2922587394714355,0.9964387935527151,0.46896541118621826
gpu_seed1101_ckpt300_optimizer_reset,1101,300,optimizer_reset,35,2.364088773727417,0.0139190216131116,0.10902468363443996,1.3460991175115744,0.000125,0.000125,2.5674089590708413,2.4583842754364014,0.8507971204817295,5.085374139249325,4.879482001066208,0.028990324586629868,0.11551705747842789,0.10609731823205948,0.43715977668762207,2.7786750998711285,0.025416936546444155,0.08100919818841482,0.031587257981300354,0.2173565775156021,1.2978183031082153,169.83712768554688,169.83921813964844,2.9541516304016113,3.1515119075775146,335,35,0.9999999999999996,0.28478180266859654,0.9749684449500675,0.0344114929630156,335,335,0,0.01,2.066847562789917,2.085817337036133,1.6474536657333374,0.7970852303731285,0.685258686542511,6.30944299697876,0.04926467686891556,6.286508560180664,0.9963650615735693,0.4685942530632019
gpu_seed1101_ckpt300_optimizer_reset,1101,300,optimizer_reset,36,2.3928284645080566,0.014088232000460612,0.08460569381713867,1.0589123750808263,0.000125,0.000125,2.5690006415049234,2.4843949476877847,0.8785013984888792,5.193646818399429,4.978873245418072,0.027704278007149696,0.10827267915010452,0.09939124435186386,0.435369074344635,2.7237617021683356,0.025682693324053183,0.08195418608024149,0.0290677510201931,0.2204005867242813,1.3190102577209473,169.83692932128906,169.83905029296875,2.38183856010437,2.584940195083618,336,36,0.9999999999999996,0.2854970208659279,0.9774716004550608,0.035377081470052585,336,336,0,0.01,2.019296884536743,1.8204758167266846,1.6485679149627686,0.8164069026136086,0.6357197761535645,6.303421497344971,0.05079582706093788,6.279438018798828,0.996195165029462,0.4752858281135559
gpu_seed1101_ckpt300_optimizer_reset,1101,300,optimizer_reset,37,2.4214367866516113,0.014256668930010919,0.0658125082651777,0.838456825870562,0.000125,0.000125,2.5774789651234946,2.511666456858317,0.9047869388014078,5.296267330646515,5.0737568736076355,0.02628554031252861,0.10262051224708557,0.09488362818956375,0.41131535172462463,2.6762508197307406,0.025899003376436462,0.08293772047749219,0.026937730610370636,0.20211026072502136,1.3219430446624756,169.8367156982422,169.83889770507812,2.6944918632507324,2.933044672012329,337,37,0.9999999999999997,0.286211523845062,0.9797244404095548,0.03634170438858253,337,337,0,0.01,1.916139006614685,1.6477687358856201,1.8839713335037231,0.9832122445183259,0.4493291974067688,6.297379493713379,0.05253633111715317,6.272507190704346,0.996050372534344,0.47667160630226135
gpu_seed1101_ckpt300_optimizer_reset,1101,300,optimizer_reset,38,2.4494476318359375,0.014421588100498513,0.07189647356669138,0.9250071129547219,0.000125,0.000125,2.590307076772054,2.518410603205363,0.9297968111932278,5.396578326821327,5.166851870715618,0.025009872391819954,0.10031099617481232,0.09309499710798264,0.40280967950820923,2.63439022627952,0.02607608031162579,0.08372689016545468,0.024927493184804916,0.18798217177391052,1.3197846412658691,169.83648681640625,169.8387451171875,2.6066322326660156,2.816420555114746,338,38,0.9999999999999997,0.2869253123212169,0.9817519963685992,0.03730536268419393,338,338,0,0.01,1.726957082748413,1.723739504814148,2.050279140472412,1.187220667469195,0.2939397394657135,6.291325092315674,0.05410078540444374,6.265695095062256,0.9959261368824004,0.4770759046077728
gpu_seed1101_ckpt300_optimizer_reset,1101,300,optimizer_reset,39,2.476177215576172,0.014578963600913075,0.06886967023213675,0.899062103488685,0.000125,0.000125,2.6033734480539956,2.534503777821859,0.9537857007235289,5.4962082877755165,5.2590866684913635,0.023988889530301094,0.0996299609541893,0.09223479777574539,0.41722342371940613,2.596156782068741,0.026217450541334196,0.08450697769852106,0.02312837913632393,0.21689020097255707,1.3218789100646973,169.83627319335938,169.838623046875,2.5732595920562744,2.812727689743042,339,39,0.9999999999999997,0.28763838700889566,0.9835767967317394,0.03826805732150973,339,339,0,0.01,1.5872236490249634,1.8750494718551636,1.9436094760894775,1.2245340959241746,0.37926387786865234,6.2853899002075195,0.05500365048646927,6.259251594543457,0.9958414185786317,0.478600412607193
gpu_seed1101_ckpt300_optimizer_reset,1101,300,optimizer_reset,40,2.5024592876434326,0.014733704291367255,0.04791394869486476,0.6366759005113796,0.000125,0.000125,2.610715389251709,2.5628014405568442,0.9784895144402981,5.597931660711765,5.352116599678993,0.02470381371676922,0.10172337293624878,0.0930299311876297,0.4582955539226532,2.557471746717998,0.02636001810798364,0.08530961410163929,0.02179896831512451,0.2769230008125305,1.3379648923873901,169.83604431152344,169.8384552001953,2.6629762649536133,2.7789206504821777,340,40,0.9999999999999998,0.2883507486218868,0.9852191170585654,0.039229789264188186,340,340,0,0.01,1.6968059539794922,2.1035284996032715,1.7603826522827148,1.0374684554548383,0.5890594720840454,6.279784679412842,0.05625324696302414,6.25275182723999,0.9956952581093313,0.48400089144706726
gpu_seed1101_ckpt300_optimizer_reset,1101,300,optimizer_reset,41,2.5282483100891113,0.014885542058540634,0.0302736759185791,0.4100668290191649,0.000125,0.000125,2.621140241622925,2.5908665657043457,1.0035234149545431,5.697350971400738,5.44289293885231,0.025033900514245033,0.09941931068897247,0.09077633917331696,0.45614391565322876,2.5193715188011976,0.0265011534201786,0.08635299468882669,0.02070929855108261,0.2826307415962219,1.3378076553344727,169.83578491210938,169.83827209472656,2.5766615867614746,2.7099854946136475,341,41,0.9999999999999998,0.28906239787326493,0.9866972053527089,0.040190559474924004,341,341,0,0.01,1.7049115896224976,1.8889336585998535,1.5600389242172241,0.91502628858411,0.6274051070213318,6.273782730102539,0.058256521821022034,6.245690822601318,0.9955223333815136,0.485765278339386
gpu_seed1101_ckpt300_optimizer_reset,1101,300,optimizer_reset,42,2.5530004501342773,0.015031274983669424,0.024429718653360855,0.3345878404073872,0.000125,0.000125,2.6292890707651773,2.6048593521118164,1.0288791991770267,5.797507964074612,5.534836620092392,0.025355784222483635,0.1001569926738739,0.09194368124008179,0.4372209310531616,2.4813413004887974,0.026633306644168412,0.08752789276275652,0.020315565168857574,0.25206229090690613,1.3315221071243286,169.8354949951172,169.83804321289062,2.6897764205932617,2.788799524307251,342,42,0.9999999999999998,0.28977333547539164,0.988027484817438,0.0411503689154491,342,342,0,0.01,1.732184648513794,1.9055038690567017,1.6817384958267212,0.970877150578995,0.5761175751686096,6.267815589904785,0.05941612273454666,6.239080905914307,0.9954155185998523,0.48724207282066345
gpu_seed1101_ckpt300_optimizer_reset,1101,300,optimizer_reset,43,2.577263593673706,0.015174128849006664,0.04947264989217093,0.6735136083621782,0.000125,0.000125,2.635722557703654,2.586249907811483,1.0532285831868649,5.896648243069649,5.6269495487213135,0.024349384009838104,0.09914027899503708,0.09211292862892151,0.4011788070201874,2.447012580947016,0.026754357665136053,0.0887520765426438,0.020339040085673332,0.2169138789176941,1.328619360923767,169.83526611328125,169.83778381347656,2.6152102947235107,2.828587770462036,343,43,0.9999999999999998,0.2904835621399162,0.9892247363356942,0.04210921854653371,343,343,0,0.01,1.5819858312606812,1.7173278331756592,1.8229666948318481,1.1523280795618613,0.3917653262615204,6.261895656585693,0.061027899384498596,6.232573509216309,0.9953173688961837,0.48421597480773926
gpu_seed1101_ckpt300_optimizer_reset,1101,300,optimizer_reset,44,2.6011769771575928,0.015314923435594902,0.09456499417622899,1.2551147548047812,0.000125,0.000125,2.6326048374176025,2.5380398432413735,1.077794635668397,5.996626436710358,5.719585865736008,0.024566052481532097,0.09997819364070892,0.09263631701469421,0.41074615716934204,2.4134254254680467,0.02689975260209803,0.08984185557487442,0.019752999767661095,0.18313230574131012,1.3268488645553589,169.8350067138672,169.83741760253906,3.0546677112579346,3.265921115875244,344,44,0.9999999999999998,0.2911930785777763,0.9903022627021247,0.043067109327987074,344,344,0,0.01,1.5712265968322754,1.8272650241851807,1.8939929008483887,1.2054231418088466,0.3866952657699585,6.255944728851318,0.06181636452674866,6.226175785064697,0.9952414950774218,0.48536330461502075
gpu_seed1101_ckpt300_optimizer_reset,1101,300,optimizer_reset,45,2.625270128250122,0.01545677643811821,0.1249462763468423,1.6159644721214175,0.000125,0.000125,2.621626138687134,2.4966798623402915,1.1047323681414127,6.098830737173557,5.813079237937927,0.026937732473015785,0.10220430046319962,0.09349337220191956,0.4413757622241974,2.376385633259271,0.027109780693377654,0.09103369701863637,0.019796617329120636,0.18015295267105103,1.3312095403671265,169.83474731445312,169.83706665039062,2.6178042888641357,2.7092673778533936,345,45,0.9999999999999999,0.2919018854991986,0.9912720364319123,0.04402404221865919,345,345,0,0.01,1.7894328832626343,1.9005388021469116,1.8034095764160156,1.0078106830846263,0.5236622095108032,6.250128269195557,0.06286550313234329,6.2197771072387695,0.9951439137485592,0.4866526126861572
gpu_seed1101_ckpt300_optimizer_reset,1101,300,optimizer_reset,46,2.649371862411499,0.015598679975089345,0.13652308781941747,1.7428634413343786,0.000125,0.000125,2.6142760117848716,2.477752923965454,1.1324936617165804,6.206458240747452,5.910974361002445,0.027761293575167656,0.1076275035738945,0.09789512306451797,0.4636923372745514,2.3394142960529836,0.027351241566214494,0.09205634566616307,0.021058976650238037,0.21677644550800323,1.338470458984375,169.83447265625,169.8367156982422,2.981773614883423,3.27823543548584,346,46,0.9999999999999999,0.2926099836136994,0.992144832788721,0.044980018176440484,346,346,0,0.01,1.886460542678833,2.145535469055176,1.8656116724014282,0.9889481545960205,0.5783305764198303,6.244244575500488,0.06436999142169952,6.213380336761475,0.9950571701081176,0.4834522306919098
gpu_seed1101_ckpt300_optimizer_reset,1101,300,optimizer_reset,47,2.6738479137420654,0.01574278737547966,0.0841898123423257,1.0933435975151085,0.000125,0.000125,2.6057214736938477,2.521531661351522,1.1629276983439922,6.31442116945982,6.00773711502552,0.030434036627411842,0.10796292871236801,0.0967627540230751,0.4898720681667328,2.2992383082347443,0.02766752794877184,0.09312352292667246,0.020728133618831635,0.2765882909297943,1.3679198026657104,169.83421325683594,169.83639526367188,2.8374788761138916,2.825965166091919,347,47,0.9999999999999999,0.2933173736300857,0.9929303495098489,0.04593503815826405,347,347,0,0.01,2.187525749206543,2.3046395778656006,1.8738497495651245,0.8566069451954788,0.6531164050102234,6.238450050354004,0.06509238481521606,6.20719575881958,0.9949900550163665,0.48416903614997864
gpu_seed1101_ckpt300_optimizer_reset,1101,300,optimizer_reset,48,2.697950839996338,0.015884697931124105,0.04875485102335597,0.6409444157275921,0.000125,0.000125,2.600416421890259,2.551661570866903,1.1940159816294909,6.420998103916645,6.103864721953869,0.03108828328549862,0.10657693445682526,0.09612760692834854,0.46548911929130554,2.2595600741559134,0.027962239977712914,0.09410326197536205,0.02117932215332985,0.2875712811946869,1.3882094621658325,169.83395385742188,169.83609008789062,3.0482585430145264,3.2302613258361816,348,48,0.9999999999999999,0.29402405625645556,0.9936373145588641,0.046889103120105746,348,348,0,0.01,2.1344854831695557,2.0942435264587402,1.8963780403137207,0.8884473824093893,0.5979277491569519,6.232335090637207,0.06586121767759323,6.200632572174072,0.9949132198440748,0.48541325330734253
gpu_seed1101_ckpt300_optimizer_reset,1101,300,optimizer_reset,49,2.7214112281799316,0.01602282542185474,0.06851458549499512,0.8914740842030522,0.000125,0.000125,2.599891424179077,2.531376838684082,1.2225002236664295,6.5232362523674965,6.198014281690121,0.028484242036938667,0.10223814845085144,0.09414955973625183,0.4120374619960785,2.2261028468492676,0.02819544018053134,0.09493156899830521,0.020971089601516724,0.2578189969062805,1.3996537923812866,169.83367919921875,169.83572387695312,2.6580071449279785,2.9789488315582275,349,49,0.9999999999999999,0.2947300322001991,0.9942735831029776,0.04784221401698563,349,349,0,0.01,1.9267637729644775,1.9839915037155151,2.0753366947174072,1.0771100867872667,0.43707767128944397,6.226412296295166,0.0667453482747078,6.194345951080322,0.994849948302505,0.48455676436424255
gpu_seed1101_ckpt300_optimizer_reset,1101,300,optimizer_reset,50,2.744065284729004,0.016156205481958837,0.09513417879740382,1.2195606147401463,0.000125,0.000125,2.5981476306915283,2.5030134518941245,1.2492219265550375,6.623054876923561,6.290742874145508,0.02672170288860798,0.0998186245560646,0.09272859245538712,0.3897567689418793,2.1966195328431986,0.028397066663845942,0.09549257815074967,0.02114090695977211,0.2359921634197235,1.4291319847106934,169.83346557617188,169.8354034423828,2.519347667694092,2.7644846439361572,350,50,0.9999999999999999,0.29543530216799896,0.9948462247926799,0.04879437180296864,350,350,1,0.01,1.8006246089935303,1.9396998882293701,2.1483280658721924,1.193101579941096,0.342055082321167,6.22044563293457,0.06733113527297974,6.1880621910095215,0.9947940318367887,0.48511654138565063
gpu_seed1101_ckpt300_optimizer_reset,1101,300,optimizer_reset,51,2.766294002532959,0.016287081279426113,0.0953073501586914,1.214732671443059,0.000125,0.000125,2.592447598775228,2.4971402486165366,1.2754841521382332,6.723468646407127,6.384307071566582,0.026262225583195686,0.10041376948356628,0.09356419742107391,0.38268905878067017,2.168818795508631,0.028621411174936075,0.09598313967188801,0.02093602903187275,0.2341020107269287,1.4856653213500977,169.8332061767578,169.83511352539062,2.3307859897613525,2.4712975025177,351,51,0.9999999999999999,0.29613986686583094,0.9953616023134119,0.0497455774311657,351,351,0,0.01,1.8320910930633545,2.0062785148620605,2.145778179168701,1.171218061859399,0.37780001759529114,6.214579105377197,0.06788226962089539,6.1819281578063965,0.9947460725789871,0.48518458008766174
gpu_seed1101_ckpt300_optimizer_reset,1101,300,optimizer_reset,52,2.7883520126342773,0.016416952002875473,0.07737445831298828,0.994290249262022,0.000125,0.000125,2.5918102264404297,2.5144357681274414,1.3009387739002705,6.821575477719307,6.47582396119833,0.025454621762037277,0.09810683131217957,0.0915168896317482,0.37992364168167114,2.1433383865349285,0.028825937952704682,0.0963274900659136,0.020423421636223793,0.22675089538097382,1.550236701965332,169.83297729492188,169.8348846435547,2.5550646781921387,2.712036609649658,352,52,0.9999999999999999,0.2968437269989651,0.9958254420820707,0.05069583185373461,352,352,0,0.01,1.6178128719329834,1.7990150451660156,2.04280161857605,1.2626933893374341,0.288739413022995,6.208626747131348,0.06920814514160156,6.1753973960876465,0.9946478742565658,0.48442399501800537
gpu_seed1101_ckpt300_optimizer_reset,1101,300,optimizer_reset,53,2.8094441890716553,0.016541136197209486,0.06564553578694676,0.8431479400923152,0.000125,0.000125,2.5855160554250083,2.5198705196380615,1.3259987328201532,6.9236104637384415,6.571281246840954,0.025059958919882774,0.10203498601913452,0.0954572856426239,0.37681883573532104,2.118738215604754,0.029002755798978295,0.09681799174533504,0.021764468401670456,0.21507476270198822,1.6185762882232666,169.83273315429688,169.83460998535156,2.8163657188415527,3.0125248432159424,353,53,0.9999999999999999,0.2975468832719661,0.9962428978738637,0.05164513602188081,353,353,0,0.01,1.5085464715957642,1.8537602424621582,2.0796241760253906,1.3785615592101401,0.24804425239562988,6.202864170074463,0.07111400365829468,6.168766975402832,0.9945029918860506,0.4838818609714508
gpu_seed1101_ckpt300_optimizer_reset,1101,300,optimizer_reset,54,2.830209970474243,0.016663398678791363,0.050217707951863755,0.6427486255216408,0.000125,0.000125,2.5743897755940757,2.524172067642212,1.3509505819529295,7.021086446940899,6.66229635477066,0.02495184913277626,0.09747598320245743,0.09101510792970657,0.3783421218395233,2.0949766840329618,0.02918735788766072,0.09719169910254266,0.020508747547864914,0.229840949177742,1.6867724657058716,169.83250427246094,169.83428955078125,2.570436954498291,2.765010356903076,354,54,0.9999999999999999,0.2982493363886942,0.9966186080864773,0.05259349088585896,354,354,0,0.01,1.6425790786743164,1.6824653148651123,1.9761794805526733,1.2030954894094925,0.2937254011631012,6.197132587432861,0.07216942310333252,6.162489891052246,0.9944098829752551,0.484500527381897
gpu_seed1101_ckpt300_optimizer_reset,1101,300,optimizer_reset,55,2.8500893115997314,0.016780442074900308,0.06829730669657419,0.8572738812669751,0.000125,0.000125,2.5638414223988852,2.495544115702311,1.3749478999525309,7.117810070514679,6.752806082367897,0.023997317999601364,0.09672362357378006,0.09050972759723663,0.37467461824417114,2.0728707696459305,0.02934949534899978,0.09724792217505386,0.020302455872297287,0.2292708456516266,1.7433196306228638,169.8322296142578,169.83387756347656,2.7132585048675537,2.9362926483154297,355,55,0.9999999999999999,0.29895108705230544,0.9969567472778296,0.05354089739497314,355,355,0,0.01,1.5030547380447388,1.6578706502914429,1.8566843271255493,1.235273925911439,0.3131043314933777,6.191296100616455,0.07322604954242706,6.156099319458008,0.9943151190659517,0.4852157235145569
gpu_seed1101_ckpt300_optimizer_reset,1101,300,optimizer_reset,56,2.8703465461730957,0.01689971039044836,0.07156650225321481,0.8920486576136124,0.000125,0.000125,2.5584634145100913,2.4868969122568765,1.3989356756210327,7.212387643754482,6.840623311698437,0.023987775668501854,0.09457757323980331,0.0878172293305397,0.3985673487186432,2.0518073819918876,0.029547882585978676,0.0974742924618295,0.019724717363715172,0.24020621180534363,1.813835620880127,169.83197021484375,169.83351135253906,2.5326921939849854,2.5194716453552246,356,56,1.0,0.2996521359652532,0.9972610725500466,0.05448735649757808,356,356,0,0.01,1.6281708478927612,1.6852458715438843,1.7292593717575073,1.0620871722365723,0.4556807279586792,6.185391902923584,0.07404660433530807,6.149713039398193,0.9942317537697941,0.48643678426742554
gpu_seed1101_ckpt300_optimizer_reset,1101,300,optimizer_reset,57,2.8901543617248535,0.017016332666158738,0.05630660057067871,0.7042366687165984,0.000125,0.000125,2.55432391166687,2.4980173110961914,1.4226990807801485,7.303942754864693,6.925579383969307,0.02376340515911579,0.09155511111021042,0.08495607227087021,0.39746612310409546,2.031458655429778,0.02976335722256803,0.09773009879246036,0.018969446420669556,0.24776998162269592,1.8871315717697144,169.83169555664062,169.83311462402344,2.841916561126709,2.9298863410949707,357,57,1.0,0.3003524838292879,0.9975349652950419,0.05543286914108059,357,357,0,0.01,1.689358115196228,1.6372042894363403,1.7372512817382812,1.0283499194813774,0.45489633083343506,6.179640293121338,0.07443943619728088,6.143752574920654,0.9941925878369288,0.48673272132873535
gpu_seed1101_ckpt300_optimizer_reset,1101,300,optimizer_reset,58,2.9087092876434326,0.017125578316220847,0.09267520904541016,1.139125884063045,0.000125,0.000125,2.5548952420552573,2.462220033009847,1.449049947783351,7.413416065275669,7.027863897383213,0.02635086700320244,0.10947331041097641,0.1022845134139061,0.3842061161994934,2.0073216193071555,0.029944154427244494,0.09770876995914426,0.027313420549035072,0.20906119048595428,1.9112414121627808,169.83140563964844,169.83255004882812,2.8665823936462402,3.1409037113189697,358,58,1.0,0.3010521313454586,0.9977814687655377,0.056377436271939474,358,358,0,0.01,1.6796529293060303,1.9165046215057373,2.0442750453948975,1.217081820729654,0.35960206389427185,6.173594951629639,0.07571358978748322,6.1373162269592285,0.9941235657739697,0.4838777184486389
gpu_seed1101_ckpt300_optimizer_reset,1101,300,optimizer_reset,59,2.927788019180298,0.017237907971335144,0.10171246528625488,1.2439879336214563,0.000125,0.000125,2.5543529192606607,2.4526404539744058,1.476389903575182,7.521281331777573,7.128334179520607,0.027339955791831017,0.10786526650190353,0.10047028213739395,0.3879428505897522,1.9830723659708522,0.030160659623211128,0.09815452612030698,0.02576834335923195,0.21030321717262268,1.9267005920410156,169.83108520507812,169.83193969726562,3.0100789070129395,3.1870479583740234,359,59,1.0,0.30175107921411315,0.998003321888984,0.057321058835667515,359,359,0,0.01,1.8870251178741455,2.035334587097168,2.151292562484741,1.1400444764122535,0.40036582946777344,6.167934417724609,0.07634682953357697,6.131378173828125,0.994073178892365,0.4835790693759918
gpu_seed1101_ckpt300_optimizer_reset,1101,300,optimizer_reset,60,2.947934627532959,0.017356524954000075,0.07307688395182277,0.9089761505824061,0.000125,0.000125,2.5571227073669434,2.4840458234151206,1.5045702569186687,7.626114100217819,7.224659822881222,0.028180353343486786,0.10483276844024658,0.09632564336061478,0.42403894662857056,1.9593200210991233,0.030462101982467227,0.09888943863851785,0.023898907005786896,0.25123468041419983,1.9472148418426514,169.83078002929688,169.83135986328125,2.77836012840271,2.722177028656006,360,60,1.0,0.3024493281348991,0.9982029897000856,0.0582637377768318,360,360,0,0.01,1.93226158618927,2.1182057857513428,1.9787483215332031,1.0240581998188911,0.525905430316925,6.162024021148682,0.07696335762739182,6.12520170211792,0.9940243142666472,0.4832572937011719
gpu_seed1101_ckpt300_optimizer_reset,1101,300,optimizer_reset,61,2.9679722785949707,0.01747450042992452,0.03905963897705078,0.49815804153582377,0.000125,0.000125,2.5652939478556314,2.5262343088785806,1.532722545787692,7.724352531135082,7.3151672556996346,0.028152288869023323,0.09823843091726303,0.09050743281841278,0.4070934057235718,1.9364054419045182,0.030757541837549297,0.09972487825309874,0.022314593195915222,0.2986033260822296,1.9762264490127563,169.83050537109375,169.8308868408203,2.679497718811035,2.8103415966033936,361,61,1.0,0.30314687880676416,0.998382690730077,0.05920547403905507,361,361,0,0.01,1.8481223583221436,1.8384965658187866,1.8404520750045776,0.9958496885858112,0.5015590786933899,6.156622886657715,0.07835695147514343,6.118988037109375,0.9938870952075213,0.4851999580860138
gpu_seed1101_ckpt300_optimizer_reset,1101,300,optimizer_reset,62,2.9873080253601074,0.01758834331100434,0.027070681254069306,0.35282439695171597,0.000125,0.000125,2.5810240109761557,2.5539533297220864,1.5607934072613716,7.823510125279427,7.407321326434612,0.028070861473679543,0.09915759414434433,0.09215407073497772,0.38223016262054443,1.9139676086919404,0.0310001422949704,0.10059315528241519,0.026114191859960556,0.31660011410713196,2.021555185317993,169.8302459716797,169.83033752441406,2.7293076515197754,2.9848055839538574,362,62,1.0,0.30384373192795744,0.9985444216570694,0.060146268565015926,362,362,0,0.01,1.8047199249267578,1.5753642320632935,1.7013088464736938,0.942699652713036,0.5002187490463257,6.150722980499268,0.07985597103834152,6.112509250640869,0.9937871157617489,0.48353278636932373
gpu_seed1101_ckpt300_optimizer_reset,1101,300,optimizer_reset,63,3.0060830116271973,0.017698884608159382,0.06519842147827148,0.8438485539859499,0.000125,0.000125,2.5929598808288574,2.527761459350586,1.5871740318834782,7.922497831285,7.499845437705517,0.026380624622106552,0.09898770600557327,0.09252411127090454,0.3702656328678131,1.893984497754178,0.031178687105030047,0.10150325696244676,0.024320872500538826,0.30136215686798096,2.071894407272339,169.82997131347656,169.82984924316406,2.475053548812866,2.6646595001220703,363,63,1.0,0.3045398881960294,0.9986899794913624,0.06108612229645094,363,363,0,0.01,1.583744764328003,1.5688532590866089,1.7295554876327515,1.0920670594074704,0.39807912707328796,6.14493465423584,0.08124224096536636,6.105932235717773,0.9936529156592129,0.4851633608341217
gpu_seed1101_ckpt300_optimizer_reset,1101,300,optimizer_reset,64,3.024535894393921,0.017807529459786198,0.10866999626159668,1.391527576472246,0.000125,0.000125,2.603684663772583,2.4950146675109863,1.6125911083072424,8.017702423036098,7.588698610663414,0.02541707642376423,0.09520459175109863,0.08885317295789719,0.37503910064697266,1.875575202424959,0.03131112394991028,0.10248144343641793,0.02249123342335224,0.2790188491344452,2.1106088161468506,169.82974243164062,169.82937622070312,2.7247893810272217,2.912113904953003,364,64,1.0,0.3052353483078334,0.9988209815422261,0.06202503617415456,364,364,0,0.01,1.6483491659164429,1.6520771980285645,1.752419352531433,1.0631360082959525,0.43614861369132996,6.139233112335205,0.081722691655159,6.099955081939697,0.9936021275495172,0.4857446849346161
gpu_seed1101_ckpt300_optimizer_reset,1101,300,optimizer_reset,65,3.0424256324768066,0.017912858690141618,0.14082590738932277,1.7846876114948511,0.000125,0.000125,2.6090610027313232,2.4682350953420005,1.6379745174199343,8.112452939152718,7.676787547767162,0.02538340911269188,0.09475051611661911,0.08808893710374832,0.38716161251068115,1.8574316023348425,0.031410768336002565,0.10342471957772192,0.02183895744383335,0.2582375109195709,2.149038791656494,169.82948303222656,169.82891845703125,2.53206205368042,2.684008836746216,365,65,1.0,0.30593011295952555,0.9989388833880035,0.06296301113798031,365,365,0,0.01,1.6819554567337036,1.8242179155349731,1.908803105354309,1.1348713770696404,0.40955159068107605,6.13385009765625,0.08400104939937592,6.093380928039551,0.9934023217109339,0.48702555894851685
gpu_seed1101_ckpt300_optimizer_reset,1101,300,optimizer_reset,66,3.060109853744507,0.01801697790121848,0.15399622917175293,1.9538866419067134,0.000125,0.000125,2.6166578928629556,2.4626616636912027,1.6622880920767784,8.204719446599483,7.762733697891235,0.02431357465684414,0.0922665074467659,0.08594615012407303,0.38280561566352844,1.8409022288787016,0.031509469386068,0.1044567015420298,0.02021295763552189,0.2506278455257416,2.1928133964538574,169.82923889160156,169.82843017578125,2.4152491092681885,2.558415412902832,366,66,1.0,0.306624182846566,0.9990449950492032,0.06390004812684236,366,366,0,0.01,1.6232221126556396,2.021200180053711,2.1099085807800293,1.2998274015173783,0.3457002639770508,6.127978324890137,0.08695359528064728,6.085869312286377,0.9931284005307724,0.4896971881389618
gpu_seed1101_ckpt300_optimizer_reset,1101,300,optimizer_reset,67,3.0767102241516113,0.01811471573452236,0.14371609687805176,1.8447305020692042,0.000125,0.000125,2.6232462724049888,2.479530175526937,1.6893749590963125,8.305431470274925,7.855322137475014,0.02708686701953411,0.10071202367544174,0.09258843958377838,0.4222896993160248,1.8212121634593166,0.0315488343127543,0.10588011858512723,0.02081817016005516,0.2595515251159668,2.1879780292510986,169.82896423339844,169.827880859375,3.1956470012664795,3.743189811706543,367,67,1.0,0.30731755866371946,0.9991404955442829,0.06483614807871552,367,367,0,0.01,1.7743866443634033,2.2148566246032715,2.256528615951538,1.2717231743816697,0.37685832381248474,6.122005939483643,0.0878533199429512,6.079433917999268,0.9930460666150613,0.490073025226593
gpu_seed1101_ckpt300_optimizer_reset,1101,300,optimizer_reset,68,3.093266248703003,0.01821219247317913,0.1321009794871011,1.7123455571991055,0.000125,0.000125,2.6273762385050454,2.4952752590179443,1.715308502316475,8.40291939675808,7.945530146360397,0.02593354322016239,0.0974879264831543,0.0902080088853836,0.40324193239212036,1.8033293979035445,0.03162733866085589,0.10717275357821526,0.020762469619512558,0.2495483011007309,2.187023639678955,169.8286895751953,169.82733154296875,2.5938663482666016,2.737905979156494,368,68,1.0,0.3080102411050558,0.9992264459898546,0.06577131193063679,368,368,0,0.01,1.6672512292861938,1.9463170766830444,2.0309486389160156,1.218141935204519,0.37644460797309875,6.116073131561279,0.0885317251086235,6.073112964630127,0.9929758578735015,0.4907907545566559
gpu_seed1101_ckpt300_optimizer_reset,1101,300,optimizer_reset,69,3.1097984313964844,0.018309528838369706,0.1270678838094077,1.647408778221319,0.000125,0.000125,2.625098705291748,2.4980308214823403,1.7415868882089853,8.496945463120937,8.032532319426537,0.026278385892510414,0.09402606636285782,0.08700217306613922,0.3970441520214081,1.7856119912528488,0.03173856321864855,0.10821117865698686,0.020114094018936157,0.2195432037115097,2.1806318759918213,169.82839965820312,169.8267822265625,2.9178390502929688,3.067660331726074,369,69,1.0,0.30870223086395077,0.9993038013908692,0.06670554061870615,369,369,0,0.01,1.6514053344726562,1.7963043451309204,1.8517940044403076,1.1213443276362676,0.4255470335483551,6.110271453857422,0.08927201479673386,6.066974639892578,0.9929140932129122,0.4905865788459778
gpu_seed1101_ckpt300_optimizer_reset,1101,300,optimizer_reset,70,3.126227378845215,0.018406257386451682,0.129029194513957,1.6603984638107772,0.000125,0.000125,2.6185952027638755,2.4895660082499185,1.7657973058521748,8.589750871062279,8.118758462369442,0.02421041764318943,0.0928054079413414,0.08622614294290543,0.3925573527812958,1.770433881897178,0.03188415839083152,0.10912613158259901,0.019076574593782425,0.1828552633523941,2.1543924808502197,169.82809448242188,169.8262176513672,2.622387170791626,2.7928693294525146,370,70,1.0,0.3093935286330868,0.9993734212517822,0.06763883507808743,370,370,0,0.01,1.416090965270996,1.7924624681472778,1.8130370378494263,1.2803111398293445,0.380400151014328,6.104408264160156,0.09099772572517395,6.060224533081055,0.9927619960579138,0.4912440776824951
gpu_seed1101_ckpt300_optimizer_reset,1101,300,optimizer_reset,71,3.1430394649505615,0.01850524173613533,0.09157292048136378,1.1865898714761034,0.000125,0.000125,2.607140302658081,2.5155673821767173,1.7917643673717976,8.690055720508099,8.211390517652035,0.025967061519622803,0.10030484944581985,0.09263205528259277,0.4136210083961487,1.7541589297029565,0.0321018019954256,0.11021291400093199,0.026086756959557533,0.18116642534732819,2.1259069442749023,169.82778930664062,169.82566833496094,2.4939961433410645,2.606142520904541,371,71,1.0,0.31008413510445365,0.9994360791266039,0.06857119624300934,371,371,0,0.01,1.6214121580123901,2.030738115310669,1.8487526178359985,1.1402113945544565,0.5064274072647095,6.098496437072754,0.09267586469650269,6.053442478179932,0.9926122841328673,0.49195006489753723
gpu_seed1101_ckpt300_optimizer_reset,1101,300,optimizer_reset,72,3.159940242767334,0.018604748275113197,0.06474439303080226,0.8401912531967408,0.000125,0.000125,2.5953799883524575,2.5306355953216553,1.818177543580532,8.784412145614624,8.297488301992416,0.026413176208734512,0.09435642510652542,0.08609778434038162,0.43895262479782104,1.7379712195447834,0.03234721450810114,0.11142046926204102,0.024089213460683823,0.19587242603302002,2.1140542030334473,169.82748413085938,169.82510375976562,2.6221923828125,2.711625337600708,372,72,1.0,0.3107740509693492,0.9994924712139436,0.06950262504676641,372,372,0,0.01,1.7294288873672485,1.8690078258514404,1.6176013946533203,0.9353384845530703,0.59825199842453,6.092635154724121,0.09345629811286926,6.047253608703613,0.9925514092229349,0.4914514720439911
gpu_seed1101_ckpt300_optimizer_reset,1101,300,optimizer_reset,73,3.1771061420440674,0.0187058157670351,0.05506722132364894,0.7101494750009376,0.000125,0.000125,2.5843280951182046,2.5292608737945557,1.8452402595430613,8.881371714174747,8.385722413659096,0.027062715962529182,0.09695956856012344,0.08823411166667938,0.4474652409553528,1.7217845348925431,0.03259935804592645,0.112237736973126,0.024847904220223427,0.19538524746894836,2.08992075920105,169.8271942138672,169.82460021972656,2.755195379257202,2.7741997241973877,373,73,1.0,0.31146327691837983,0.9995432240925493,0.07043312242171962,373,373,0,0.01,1.803285002708435,1.8135855197906494,1.5423972606658936,0.8553263950781169,0.6363020539283752,6.086757183074951,0.09409165382385254,6.04112434387207,0.9925029308987778,0.4908921420574188
gpu_seed1101_ckpt300_optimizer_reset,1101,300,optimizer_reset,74,3.19368577003479,0.018803431475423394,0.0525066057840986,0.6716464028934777,0.000125,0.000125,2.5749314626057944,2.522424856821696,1.8720492012798786,8.974032692611217,8.470115512609482,0.02680894173681736,0.09266097843647003,0.08439309895038605,0.43930256366729736,1.7059838853859353,0.03282642480476455,0.11256964638745355,0.023010095581412315,0.17927955090999603,2.046602249145508,169.8268585205078,169.8241729736328,2.686522960662842,2.9587886333465576,374,74,1.0,0.3121518136414615,0.9995889016832943,0.0713626892992979,374,374,0,0.01,1.7064433097839355,1.6556286811828613,1.5145134925842285,0.8875264029574494,0.5945171117782593,6.080983638763428,0.09524118900299072,6.034793853759766,0.9924042247523548,0.49096545577049255
gpu_seed1101_ckpt300_optimizer_reset,1101,300,optimizer_reset,75,3.2097387313842773,0.01889794633394356,0.06334924697875977,0.8003572968609287,0.000125,0.000125,2.5679026444753013,2.5045533974965415,1.8984273374080658,9.065227650105953,8.553705662488937,0.02637813612818718,0.09119495749473572,0.08359014987945557,0.42090389132499695,1.6907356252912276,0.03301713540827538,0.11271408578861206,0.02211015671491623,0.16842202842235565,1.9987597465515137,169.82656860351562,169.82373046875,2.890589952468872,2.993992328643799,375,75,1.0,0.3128396618278201,0.9996300115149649,0.0722913266099986,375,375,1,0.01,1.6969890594482422,1.637948989868164,1.6696672439575195,0.9838998281458632,0.4991505742073059,6.075479030609131,0.0970194935798645,6.028341293334961,0.9922413134770648,0.4919540584087372
gpu_seed1101_ckpt300_optimizer_reset,1101,300,optimizer_reset,76,3.225146532058716,0.018988662686468632,0.07978177070617676,0.997448907768371,0.000125,0.000125,2.565531571706136,2.4857498009999595,1.9240188505500555,9.154061533510685,8.635745652019978,0.025591513141989708,0.08883388340473175,0.08203998953104019,0.39936429262161255,1.6762551630588265,0.03318858273584117,0.11273806646064041,0.020543426275253296,0.1784672737121582,1.97126042842865,169.8262481689453,169.82333374023438,2.570869207382202,2.6930408477783203,376,76,1.0,0.31352682216599226,0.9996670103634684,0.07321903528338858,376,376,0,0.01,1.7153314352035522,1.7725623846054077,1.8338598012924194,1.06909939598567,0.44750338792800903,6.070013046264648,0.0991947129368782,6.02175760269165,0.9920501911270709,0.49270787835121155
gpu_seed1101_ckpt300_optimizer_reset,1101,300,optimizer_reset,77,3.239931583404541,0.01907571248405683,0.09674700101216649,1.1971137597106374,0.000125,0.000125,2.5635529359181723,2.466805934906006,1.9487191196531057,9.246053777635098,8.721684098243713,0.024700269103050232,0.09199224412441254,0.08593844622373581,0.37127748131752014,1.662595471419002,0.03333428955663242,0.1125716422228087,0.021739311516284943,0.1942771077156067,1.956906795501709,169.825927734375,169.82296752929688,2.701444149017334,2.8999850749969482,377,77,1.0,0.31421329534382625,0.9997003093271215,0.07414581624810523,377,377,0,0.01,1.6222527027130127,1.8280338048934937,1.9082735776901245,1.176310925232303,0.3931678831577301,6.0642170906066895,0.09993351995944977,6.0156378746032715,0.991989202352327,0.4924074709415436
gpu_seed1101_ckpt300_optimizer_reset,1101,300,optimizer_reset,78,3.254431962966919,0.019161086222458726,0.09607195854187012,1.1860840649191466,0.000125,0.000125,2.560966412226359,2.464894453684489,1.9739126320928335,9.342361502349377,8.811594158411026,0.025193512439727783,0.09630772471427917,0.08991006016731262,0.37630313634872437,1.6487213821185038,0.03347045625152878,0.11225550065164931,0.02096853032708168,0.22129091620445251,1.9285991191864014,169.8256378173828,169.82260131835938,2.5295393466949463,2.9048380851745605,378,78,1.0,0.3148990820484824,0.9997302783944094,0.07507167043185714,378,378,0,0.01,1.5249427556991577,1.927383303642273,1.9572893381118774,1.2835165981120473,0.3758358657360077,6.058300495147705,0.10035832226276398,6.009496688842773,0.9919443074266434,0.4926157593727112
gpu_seed1101_ckpt300_optimizer_reset,1101,300,optimizer_reset,79,3.269326686859131,0.019248781737991397,0.04986174901326512,0.6266803739050619,0.000125,0.000125,2.5560097694396973,2.506148020426432,2.000777630135417,9.43650807440281,8.898314535617828,0.026864998042583466,0.09414657205343246,0.08672037720680237,0.40820083022117615,1.634028008717901,0.033666031805640435,0.11237273535915003,0.020021723583340645,0.27606329321861267,1.9237240552902222,169.8253173828125,169.822265625,2.607316732406616,2.5738775730133057,379,79,1.0,0.31558418296643387,0.9997572505549684,0.07599659876142528,379,379,0,0.01,1.8908302783966064,2.016357660293579,1.8554425239562988,0.9812845421159125,0.5505799055099487,6.053164005279541,0.10114006698131561,6.003951072692871,0.9918698828340454,0.4929581582546234
gpu_seed1101_ckpt300_optimizer_reset,1101,300,optimizer_reset,80,3.2840616703033447,0.0193355367513006,0.01829536755879735,0.23348156248114904,0.000125,0.000125,2.555588960647583,2.5372935930887857,2.0274410378187895,9.525445826351643,8.980773828923702,0.026663407683372498,0.08893775194883347,0.08245929330587387,0.38402190804481506,1.6198062528293613,0.033828342809410605,0.11284803008233614,0.019191795960068703,0.29627805948257446,1.9239531755447388,169.82504272460938,169.8219757080078,2.6391682624816895,2.715711832046509,380,80,1.0,0.31626859878346747,0.9997815254994716,0.07692060216266383,380,380,0,0.01,1.8615238666534424,1.6575243473052979,1.837157130241394,0.9869103282264972,0.45981064438819885,6.047201156616211,0.10186421126127243,5.997593879699707,0.9917966550751796,0.4934232831001282
gpu_seed1101_ckpt300_optimizer_reset,1101,300,optimizer_reset,81,3.2984769344329834,0.019420409356428196,0.009084622065226089,0.11731674956679328,0.000125,0.000125,2.562833309173584,2.553748687108358,2.0542878210544586,9.613454043865204,9.062540583312511,0.026846783235669136,0.08800821751356125,0.0817667543888092,0.3767651617527008,1.6056547191806263,0.033971895945378264,0.11317603835606396,0.018451590090990067,0.27840912342071533,1.9127230644226074,169.8247528076172,169.8217315673828,2.887636661529541,2.9777066707611084,381,81,1.0,0.31695233018468405,0.9998033729495245,0.07784368156050114,381,381,0,0.01,1.8654897212982178,1.6182382106781006,1.992791771888733,1.0682405532102615,0.3523789942264557,6.041516304016113,0.10364474356174469,5.9908952713012695,0.9916211377792384,0.4949413239955902
gpu_seed1101_ckpt300_optimizer_reset,1101,300,optimizer_reset,82,3.3127355575561523,0.019504359707882928,0.007779598236083984,0.10279809138325291,0.000125,0.000125,2.577369769414266,2.58514936765035,2.0806441083550453,9.701231487095356,9.144081138074398,0.0263562873005867,0.08777744323015213,0.0815405547618866,0.3783619701862335,1.5921682830100168,0.034111499433245596,0.11338379249183707,0.017930714413523674,0.2688349187374115,1.8988217115402222,169.824462890625,169.82142639160156,2.764862060546875,2.8422977924346924,382,82,1.0,0.31763537785449936,0.999823035654572,0.07876583787894065,382,382,0,0.01,1.7716412544250488,1.7460812330245972,2.0047059059143066,1.1315529602316483,0.3505277633666992,6.036068439483643,0.10520903766155243,5.984657287597656,0.9914826757843429,0.49529266357421875
gpu_seed1101_ckpt300_optimizer_reset,1101,300,optimizer_reset,83,3.326978921890259,0.019588220220319297,0.012663284937540542,0.16727908745075837,0.000125,0.000125,2.5872817039489746,2.574618419011434,2.1059194039553404,9.789835952222347,9.226976566016674,0.025275295600295067,0.08860446512699127,0.082895427942276,0.3612271547317505,1.579822530548863,0.03424255229347826,0.11346323432246569,0.01809096708893776,0.2568075954914093,1.901413917541504,169.82421875,169.82115173339844,2.5495526790618896,2.587663173675537,383,83,1.0,0.3183177424766448,0.9998407320891148,0.07968707204106174,383,383,0,0.01,1.5839725732803345,1.8375672101974487,2.0200459957122803,1.2753036446379764,0.3100740909576416,6.030735492706299,0.10684160888195038,5.978450775146484,0.9913302916992397,0.4960998594760895
gpu_seed1101_ckpt300_optimizer_reset,1101,300,optimizer_reset,84,3.340773105621338,0.019669436096652653,0.05467788378397609,0.7161925962945901,0.000125,0.000125,2.5997041861216226,2.5450263023376465,2.130449013784528,9.87469632178545,9.306923598051071,0.024529609829187393,0.08486036956310272,0.07994703203439713,0.33903300762176514,1.5681075134885407,0.03436397645085849,0.11344646365467215,0.017498256638646126,0.2363937795162201,1.9203537702560425,169.82395935058594,169.82089233398438,2.450899362564087,2.5617575645446777,384,84,1.0,0.3189994247341682,0.9998566588802034,0.08060738496902065,384,384,0,0.01,1.6039100885391235,1.733088493347168,1.9355388879776,1.2067627118296416,0.32913637161254883,6.025118827819824,0.10794161260128021,5.972374439239502,0.9912459172858507,0.4954606592655182
gpu_seed1101_ckpt300_optimizer_reset,1101,300,optimizer_reset,85,3.3537380695343018,0.019745769783831933,0.08909185727437308,1.1592796460350474,0.000125,0.000125,2.6101013819376626,2.5210095246632895,2.1541521660983562,9.961061291396618,9.388476312160492,0.02370315231382847,0.08636496961116791,0.08155271410942078,0.33459216356277466,1.5568714793287342,0.03445876721779368,0.11336720023444932,0.01786680333316326,0.20623797178268433,1.960753083229065,169.82371520996094,169.8206329345703,2.441685438156128,2.675272226333618,385,85,1.0,0.3196804253094341,0.999870992992183,0.08152677758405169,385,385,0,0.01,1.5881552696228027,1.695624828338623,1.9110496044158936,1.2033140845659107,0.3240484595298767,6.0193562507629395,0.10983112454414368,5.965591907501221,0.9910680908351461,0.49645543098449707
gpu_seed1101_ckpt300_optimizer_reset,1101,300,optimizer_reset,86,3.366574287414551,0.01982134545429379,0.10310697555541992,1.3416425253554696,0.000125,0.000125,2.6169934272766113,2.5138864517211914,2.178001645952463,10.050523214042187,9.472859226167202,0.023849479854106903,0.08946192264556885,0.08438291400671005,0.3402101397514343,1.5457170538274623,0.034583165572525346,0.11370936682942782,0.018632737919688225,0.177819162607193,2.0113866329193115,169.82350158691406,169.8203582763672,2.586705446243286,2.6292972564697266,386,86,1.0,0.3203607448841246,0.9998838936929647,0.08244525080646758,386,386,0,0.01,1.620232105255127,1.7646164894104004,2.003174304962158,1.236350210851732,0.3018997311592102,6.013617515563965,0.11164114624261856,5.95884370803833,0.9908917041390037,0.497671902179718
gpu_seed1101_ckpt300_optimizer_reset,1101,300,optimizer_reset,87,3.379993438720703,0.01990035325600398,0.0762019952138262,1.0049490907939695,0.000125,0.000125,2.61716357866923,2.540961583455404,2.204440163448453,10.140234962105751,9.556330233812332,0.0264385174959898,0.0897117480635643,0.08347100764513016,0.375189870595932,1.5332661302231827,0.03473120115391228,0.11424538321405786,0.017911195755004883,0.17237620055675507,2.0264666080474854,169.82325744628906,169.82008361816406,3.3672380447387695,3.3949882984161377,387,87,1.0,0.3210403841392405,0.9998955043236682,0.08336280555566111,387,387,0,0.01,1.8703957796096802,1.7346479892730713,1.9866732358932495,1.062167300391777,0.3945954144001007,6.008743762969971,0.11229923367500305,5.95365047454834,0.9908311469758213,0.4976917803287506
gpu_seed1101_ckpt300_optimizer_reset,1101,300,optimizer_reset,88,3.3933558464050293,0.019979026968864645,0.0679562886555991,0.9035453685089401,0.000125,0.000125,2.6212473710378013,2.553291082382202,2.2309049498289824,10.224033892154694,9.633846372365952,0.026464786380529404,0.08379893004894257,0.07751613855361938,0.3864087760448456,1.5210669762795754,0.034883659804138094,0.11486173347240164,0.01684381626546383,0.16843277215957642,2.0346128940582275,169.82298278808594,169.81979370117188,2.7340030670166016,2.765511989593506,388,88,1.0,0.32171934375510125,0.9999059538913014,0.08427944275010546,388,388,0,0.01,1.8478423357009888,1.4623688459396362,1.8889873027801514,1.022266492266794,0.3672473430633545,6.00302791595459,0.11317044496536255,5.947526454925537,0.9907544223003638,0.4975782334804535
gpu_seed1101_ckpt300_optimizer_reset,1101,300,optimizer_reset,89,3.4058494567871094,0.020052585472617353,0.10727230707804347,1.4105139515901648,0.000125,0.000125,2.629495620727539,2.5222233136494956,2.257916057482362,10.309053525328636,9.712157368659973,0.02701110765337944,0.08501963317394257,0.0783109962940216,0.39741915464401245,1.5084039309163761,0.034998526987795174,0.11532397436337938,0.01643550582230091,0.1614508330821991,1.987841010093689,169.82276916503906,169.81948852539062,2.849050521850586,3.064175844192505,389,89,1.0,0.3223976244113461,0.9999153585021713,0.08519516330735533,389,389,0,0.01,1.9131145477294922,1.5653187036514282,1.9082705974578857,0.9974680291473645,0.41219285130500793,5.997467994689941,0.11394405364990234,5.941654205322266,0.9906937745365072,0.4970548450946808
gpu_seed1101_ckpt300_optimizer_reset,1101,300,optimizer_reset,90,3.418390989303589,0.020126426127037106,0.12592180569966605,1.648376343897418,0.000125,0.000125,2.634185234705607,2.508263429005941,2.284412257373333,10.390642069280148,9.788001306355,0.026496199890971184,0.08158854395151138,0.0758439376950264,0.37155288457870483,1.4963984623478745,0.035132451755259655,0.1159852224900335,0.016537878662347794,0.1700868010520935,1.9492337703704834,169.82249450683594,169.81915283203125,2.5150089263916016,2.5058071613311768,390,90,1.0,0.3230752267869348,0.9999238226519541,0.08610996814404803,390,390,0,0.01,1.8816916942596436,1.4337903261184692,1.9162508249282837,1.0183659899084685,0.35665974020957947,5.991873264312744,0.11432460695505142,5.935864448547363,0.9906525366449326,0.4971616268157959
gpu_seed1101_ckpt300_optimizer_reset,1101,300,optimizer_reset,91,3.430821418762207,0.02019961264110441,0.12430040041605617,1.619136665158658,0.000125,0.000125,2.6284536520640054,2.504153251647949,2.3110815808176994,10.471415787935257,9.862867265939713,0.026669323444366455,0.0807737186551094,0.07486595958471298,0.37850451469421387,1.4845090053233172,0.03528074204975622,0.11673926590244706,0.016141574829816818,0.1937256008386612,1.909445881843567,169.8222198486328,169.81881713867188,2.7345471382141113,2.7123465538024902,391,91,1.0,0.3237521515601478,0.9999314403867587,0.08702385817590397,391,391,0,0.01,1.890570878982544,1.4842079877853394,1.8400776386260986,0.9732920670053943,0.4260949194431305,5.986824035644531,0.11468203365802765,5.930558204650879,0.9906017229403026,0.4978945851325989
gpu_seed1101_ckpt300_optimizer_reset,1101,300,optimizer_reset,92,3.443234920501709,0.020272699490010725,0.1190042495727539,1.5436593227263167,0.000125,0.000125,2.621663967768351,2.502659718195597,2.3384202271699905,10.556640267372131,9.941921889781952,0.027338646352291107,0.08522447943687439,0.07905462384223938,0.37790536880493164,1.4724619982727902,0.035395871430607975,0.11733811016389571,0.017302077263593674,0.20054470002651215,1.8601956367492676,169.82196044921875,169.81849670410156,2.5180158615112305,2.657036304473877,392,92,1.0,0.3244283994085877,0.9999382963480828,0.08793683431772803,392,392,0,0.01,1.6904008388519287,1.4095790386199951,1.7377382516860962,1.0280036614660517,0.3828831911087036,5.981124401092529,0.11516456305980682,5.924577236175537,0.9905457300122944,0.4983208477497101
gpu_seed1101_ckpt300_optimizer_reset,1101,300,optimizer_reset,93,3.455791473388672,0.020346628579714178,0.10634986559549953,1.3784271418726668,0.000125,0.000125,2.614667812983195,2.5083179473876953,2.3667288199067116,10.645429268479347,10.02412697672844,0.02830859273672104,0.08878900110721588,0.08220508694648743,0.3833684027194977,1.4601552338063923,0.03548681947964621,0.11815526435050944,0.017968522384762764,0.1869196891784668,1.8166182041168213,169.82167053222656,169.81822204589844,2.8924198150634766,2.94528865814209,393,93,1.0,0.3251039710091791,0.9999444667132745,0.0888488974834103,393,393,0,0.01,1.7630717754364014,1.478562831878662,1.7458311319351196,0.9902212469495154,0.4309178292751312,5.975385665893555,0.11544221639633179,5.918682098388672,0.990510475695397,0.49851903319358826
gpu_seed1101_ckpt300_optimizer_reset,1101,300,optimizer_reset,94,3.468139410018921,0.020419329401588467,0.09017324447631836,1.1726441548397553,0.000125,0.000125,2.610031525293986,2.5198582808176675,2.394192775711417,10.731750190258026,10.104733511805534,0.02746395580470562,0.0863209217786789,0.08060653507709503,0.360262006521225,1.4485631421166323,0.03559944475305266,0.11880793058745422,0.01754920929670334,0.17545078694820404,1.7819682359695435,169.82138061523438,169.81785583496094,2.817215919494629,2.8447818756103516,394,94,1.0,0.32577886703816994,0.9999500200419471,0.0897600485859269,394,394,0,0.01,1.7450413703918457,1.5093227624893188,1.824755311012268,1.0456802583433749,0.3784399628639221,5.970319747924805,0.11623676866292953,5.913186550140381,0.9904304626556605,0.49890533089637756
gpu_seed1101_ckpt300_optimizer_reset,1101,300,optimizer_reset,95,3.4804470539093018,0.0204917929923049,0.06320444742838527,0.8291562304464364,0.000125,0.000125,2.6054697036743164,2.542265256245931,2.422031469643116,10.818650931119919,10.185541033744812,0.0278386939316988,0.0869007408618927,0.08080752193927765,0.37137770652770996,1.4369949761308036,0.03573823625647894,0.11954348532461728,0.018108081072568893,0.1839006096124649,1.771891474723816,169.8210906982422,169.81748962402344,2.6794021129608154,2.6694955825805664,395,95,1.0,0.3264530881711317,0.9999550180377524,0.09067028853734094,395,395,0,0.01,1.9103189706802368,1.5438306331634521,1.8307791948318481,0.9583630916772898,0.45452526211738586,5.964925765991211,0.11705522984266281,5.907390117645264,0.9903543395837422,0.49896806478500366
gpu_seed1101_ckpt300_optimizer_reset,1101,300,optimizer_reset,96,3.4929471015930176,0.02056538939689348,0.03447556495666504,0.4607593292692922,0.000125,0.000125,2.6098132928212485,2.5753377278645835,2.4509376976639032,10.911432720720768,10.271355412900448,0.02890622802078724,0.09278178960084915,0.08581437915563583,0.38775986433029175,1.425147242592447,0.035875201605670176,0.1202635591971469,0.018954196944832802,0.20571684837341309,1.781563401222229,169.82083129882812,169.81719970703125,2.46698260307312,2.580498218536377,396,96,1.0,0.3271266350829606,0.9999595162339772,0.09157961824880367,396,396,0,0.01,2.0267581939697266,1.6097456216812134,1.7689334154129028,0.8727895713831032,0.5471009016036987,5.959293365478516,0.11728519201278687,5.9016265869140625,0.9903232187058452,0.49914422631263733
gpu_seed1101_ckpt300_optimizer_reset,1101,300,optimizer_reset,97,3.505364179611206,0.02063849730181972,0.012467384338378906,0.169566088638744,0.000125,0.000125,2.616353988647461,2.603886604309082,2.4802947361022234,11.003143072128296,10.355945505201817,0.02935703843832016,0.09171035140752792,0.08459009230136871,0.39317792654037476,1.4132853360477888,0.03600015769664391,0.12112030431416494,0.018996989354491234,0.21831347048282623,1.8069782257080078,169.820556640625,169.81692504882812,2.571286201477051,2.627713918685913,397,97,1.0,0.32779950844787764,0.9999635646105794,0.09248803863055488,397,397,0,0.01,2.112985849380493,1.4839576482772827,1.743033528327942,0.8249149083691958,0.5786283612251282,5.953834533691406,0.11755958944559097,5.896027088165283,0.9902907201736975,0.4992140829563141
gpu_seed1101_ckpt300_optimizer_reset,1101,300,optimizer_reset,98,3.5178110599517822,0.0207117806735787,0.020820220311482895,0.2849787661137544,0.000125,0.000125,2.6268820762634277,2.606061855951945,2.5086391009390354,11.092123687267303,10.43820209801197,0.02834436483681202,0.08898061513900757,0.08225659281015396,0.38753536343574524,1.402278653248126,0.03610973979476461,0.12181094959050473,0.018628420308232307,0.20350487530231476,1.8347175121307373,169.82032775878906,169.81668090820312,2.5819172859191895,2.633500576019287,398,98,1.0,0.3284717089394298,0.9999672081495214,0.09339555059192428,398,398,0,0.01,1.9725538492202759,1.4301872253417969,1.9003912210464478,0.9634166498403496,0.412055641412735,5.948246479034424,0.11941434442996979,5.889507293701172,0.9901249577432142,0.49950411915779114
gpu_seed1101_ckpt300_optimizer_reset,1101,300,optimizer_reset,99,3.5301873683929443,0.020784648539877756,0.09126750628153513,1.2104733487220916,0.000125,0.000125,2.630258639653524,2.538991133371989,2.5359515603631735,11.185029551386833,10.524171002209187,0.02731245942413807,0.09290586411952972,0.08596890419721603,0.39149290323257446,1.3920563087908486,0.036187398873699456,0.12236805640264431,0.019871797412633896,0.17769084870815277,1.8698060512542725,169.820068359375,169.81646728515625,2.6340019702911377,2.753127098083496,399,99,1.0,0.3291432372304903,0.9999704873345694,0.09430215504133233,399,399,0,0.01,1.6454272270202637,1.6744276285171509,1.9938372373580933,1.2117444057173894,0.27870574593544006,5.942756175994873,0.12127075344324112,5.883029460906982,0.9899496608442157,0.5002359747886658
gpu_seed1101_ckpt300_optimizer_reset,1101,300,optimizer_reset,100,3.5424537658691406,0.02085686928449768,0.15343387921651175,1.9721762491604693,6.25e-05,6.25e-05,2.629359404246012,2.4759255250295005,2.563133455812931,11.282975852489471,10.614056661725044,0.027181895449757576,0.09794630110263824,0.0898856595158577,0.4231010377407074,1.3820793286568152,0.03626656294167252,0.1227706816795515,0.02055654302239418,0.18009236454963684,1.8967397212982178,169.81982421875,169.81625366210938,2.816758871078491,2.899624824523926,400,100,1.0,0.3298140939932599,0.9999734386011124,0.09520785288629108,400,400,1,0.01,1.4557265043258667,1.9432544708251953,1.9745005369186401,1.3563677868403285,0.35292190313339233,5.937260150909424,0.12253467738628387,5.876941204071045,0.9898406090846247,0.5000803470611572
gpu_seed1102_ckpt75_optimizer_reset,1102,75,optimizer_reset,1,3.698697328567505,0.02178360509537814,17.087776025136314,3445646328.678362,0.001,0.001,4.872601350148519,21.960377375284832,0.41614481806755066,3.742893695831299,3.698697566986084,0.41614481806755066,3.742893695831299,3.698697566986084,0.16116778552532196,8.888005251955887,0.08408255924216124,0.40475017179022293,0.863122820854187,20.057401657104492,8.779296875,169.7974853515625,169.82196044921875,4.592284202575684,4.592284202575684,76,1,0.9996670103634684,0.07321903528338858,0.09999999999999998,0.0010000000000000009,76,76,0,0.01,4.597229957580566,2.2510550022125244,4.478946208953857,0.9742706478207295,0.2966974973678589,10.427949905395508,0.01203270722180605,10.422442436218262,0.9994718550407117,0.4580979347229004
gpu_seed1102_ckpt75_optimizer_reset,1102,75,optimizer_reset,2,5.353747844696045,0.031531082018614,11.166267395019531,5943647.00723515,0.001,0.001,4.431580225626628,15.597847620646158,0.8521266877651215,6.557976245880127,6.5106353759765625,0.4359818696975708,2.815082550048828,2.8119378089904785,0.08464601635932922,6.282807382469236,0.11081776333346496,0.518973418911473,0.6169233918190002,19.44457244873047,10.807875633239746,169.80210876464844,169.85191345214844,5.520785331726074,23.3161563873291,77,2,0.9997003093271215,0.07414581624810523,0.18999999999999995,0.001998999999999973,77,77,0,0.01,4.908293724060059,11.775197982788086,12.77956771850586,2.6036680844626003,-0.004937296733260155,10.422853469848633,0.5523990988731384,10.414302825927734,0.9991796254311132,0.041972190141677856
gpu_seed1102_ckpt75_optimizer_reset,1102,75,optimizer_reset,3,6.885549545288086,0.04055268080486805,12.418973048528034,17327567.007665705,0.001,0.001,4.248840252558391,16.667813301086426,1.2895227074623108,8.886821031570435,8.838760137557983,0.43739601969718933,2.3288447856903076,2.328124761581421,0.09555412828922272,5.339610931577171,0.1373072655374468,0.6235170105316005,0.493500292301178,21.48548126220703,12.070596694946289,169.80641174316406,169.88909912109375,5.200158596038818,15.22592544555664,78,3,0.9997302783944094,0.07507167043185714,0.2709999999999999,0.002997000999999999,78,78,0,0.01,5.328351974487305,12.685225486755371,13.70218276977539,2.5715611197196195,0.011513841338455677,10.421388626098633,0.5840691328048706,10.36414623260498,0.9945072201461432,0.12576018273830414
gpu_seed1102_ckpt75_optimizer_reset,1102,75,optimizer_reset,4,8.194541931152344,0.048262036470790415,15.22718938191732,259968836.448021,0.001,0.001,4.1488831837972,19.37607256571452,1.7122268378734589,10.962440729141235,10.921322345733643,0.42270413041114807,2.075619697570801,2.082562208175659,0.08537474274635315,4.785897376380904,0.16068278742191205,0.7071439528582906,0.44327595829963684,15.600987434387207,12.076696395874023,169.81019592285156,169.92825317382812,4.904483318328857,16.727426528930664,79,4,0.9997572505549684,0.07599659876142528,0.3439,0.003994003998999962,79,79,0,0.01,4.808560848236084,14.971766471862793,15.312370300292969,3.184397740522883,0.08894919604063034,10.417587280273438,0.7207666635513306,10.348367691040039,0.9933555066665518,0.1303098499774933
gpu_seed1102_ckpt75_optimizer_reset,1102,75,optimizer_reset,5,9.384973526000977,0.055273124281343206,15.261850595474243,241439967.26503855,0.001,0.001,4.040281057357788,19.30213165283203,2.151135355234146,12.82995080947876,12.810251712799072,0.43890851736068726,1.8675100803375244,1.8889293670654297,0.06843056529760361,4.362800092128596,0.18193894339434055,0.7997737769431947,0.4114704132080078,17.238924026489258,11.461615562438965,169.8136749267578,169.9693603515625,4.751728534698486,17.14885902404785,80,5,0.9997815254994716,0.07692060216266383,0.40950999999999993,0.004990009995000988,80,80,0,0.01,4.935169696807861,15.640161514282227,15.952045440673828,3.2323195392832402,0.09394624084234238,10.417448997497559,1.1439918279647827,10.123881340026855,0.9718196213351086,0.30790868401527405
gpu_seed1102_ckpt75_optimizer_reset,1102,75,optimizer_reset,6,10.465827941894531,0.06163885352865626,14.677431106567381,127229574.70026039,0.001,0.001,3.984073003133138,18.66150410970052,2.5947089791297913,14.571777105331421,14.574678897857666,0.44357362389564514,1.7418262958526611,1.7644271850585938,0.07604774087667465,4.033526698397023,0.2003983707304359,0.8714542584286432,0.38417157530784607,19.13312530517578,10.38618278503418,169.81668090820312,170.0113983154297,5.165832042694092,18.55636215209961,81,6,0.9998033729495245,0.07784368156050114,0.46855899999999995,0.0059850199850060015,81,81,0,0.01,4.875915050506592,16.3971004486084,16.5267276763916,3.3894617738820405,0.12199219316244125,10.411849021911621,1.3684585094451904,10.074810981750488,0.9676293769288425,0.3080204725265503
gpu_seed1102_ckpt75_optimizer_reset,1102,75,optimizer_reset,7,11.472197532653809,0.06756590183719895,12.409325281778973,25638490.944819182,0.001,0.001,4.650284131368001,17.059609413146973,3.0158956944942474,16.209906816482544,16.23407530784607,0.4211867153644562,1.638129711151123,1.6593964099884033,0.07773687690496445,3.8039105774093565,0.21686706105675965,0.9235852693087779,0.3569863736629486,18.11305809020996,8.774922370910645,169.81997680664062,170.05508422851562,4.618561267852783,15.551127433776855,82,7,0.999823035654572,0.07876583787894065,0.5217030999999999,0.006979034965020947,82,82,0,0.01,4.388452529907227,16.01704216003418,15.870138168334961,3.6163403979367743,0.17031453549861908,10.404060363769531,1.4062047004699707,10.036001205444336,0.9646235079904124,0.3246888816356659
gpu_seed1102_ckpt75_optimizer_reset,1102,75,optimizer_reset,8,12.3956298828125,0.07300448841544828,10.744911988576252,2495509.359705894,0.001,0.001,3.985112984975179,14.730024973551432,3.438205987215042,17.773691654205322,17.8253732919693,0.4223102927207947,1.5637848377227783,1.59129798412323,0.06930602341890335,3.6052609788075536,0.23096918396812696,0.9546900749044227,0.35411426424980164,11.917899131774902,8.106935501098633,169.8232421875,170.09764099121094,4.900722503662109,18.206880569458008,83,8,0.9998407320891148,0.07968707204106174,0.5695327899999999,0.00797205593005601,83,83,0,0.01,4.505280494689941,15.20118522644043,15.325626373291016,3.4017030440947806,0.12045428156852722,10.414917945861816,1.4305996894836426,10.010071754455566,0.9611282399427765,0.34617114067077637
gpu_seed1102_ckpt75_optimizer_reset,1102,75,optimizer_reset,9,13.227657318115234,0.07790474260471837,11.242352644602459,4238497.736741075,0.001,0.001,4.017379919687907,15.259732564290365,3.8358074724674225,19.295862555503845,19.375118136405945,0.39760148525238037,1.522170901298523,1.5497448444366455,0.060624610632658005,3.4484674773322133,0.243728572902004,0.996514616051844,0.33106645941734314,12.019021987915039,8.837818145751953,169.8264617919922,170.1409454345703,5.883894443511963,15.218778610229492,84,9,0.9998566588802034,0.08060738496902065,0.6125795109999999,0.00896408387412595,84,84,0,0.01,4.11447286605835,16.787919998168945,16.918861389160156,4.112036204862435,0.09059368818998337,10.410253524780273,1.4876316785812378,9.988563537597656,0.9594928225158208,0.3491734266281128
gpu_seed1102_ckpt75_optimizer_reset,1102,75,optimizer_reset,10,14.026534080505371,0.08260975476599217,10.173630158106487,1629726.8039582754,0.001,0.001,4.1303309599558515,14.303961118062338,4.224838554859161,20.68912100791931,20.797437071800232,0.3890310823917389,1.3932584524154663,1.422318935394287,0.06413322687149048,3.3200165872301923,0.2558792155833856,1.0457110554359108,0.3067837953567505,13.325927734375,9.25964641571045,169.8297576904297,170.18614196777344,4.092741012573242,15.844048500061035,85,10,0.999870992992183,0.08152677758405169,0.6513215599,0.009955119790251765,85,85,0,0.01,4.067647933959961,14.721212387084961,14.858154296875,3.652763104895007,0.1043330505490303,10.40319538116455,1.5005533695220947,9.959383010864258,0.9573388411886609,0.3615770936012268
gpu_seed1102_ckpt75_optimizer_reset,1102,75,optimizer_reset,11,14.765000343322754,0.08695897721283234,7.353301207224528,140951.63767121703,0.001,0.001,4.5035115877787275,11.856812795003256,4.599171549081802,22.02905833721161,22.169078707695007,0.374332994222641,1.3399373292922974,1.3716416358947754,0.05398569628596306,3.210360862983528,0.2662515511293263,1.0890119541828112,0.3044893741607666,10.251087188720703,8.706912994384766,169.83297729492188,170.22911071777344,4.1272969245910645,15.952436447143555,86,11,0.9998838936929647,0.08244525080646758,0.6861894039099999,0.010945164670461582,86,86,0,0.01,3.94709849357605,14.326038360595703,14.505160331726074,3.67489191245917,0.0920947939157486,10.395320892333984,1.5323675870895386,9.920042991638184,0.9542796316131763,0.3767735958099365
gpu_seed1102_ckpt75_optimizer_reset,1102,75,optimizer_reset,12,15.463407516479492,0.09107227027369441,4.579653104146321,7293.326281437662,0.001,0.001,4.3253733317057295,8.90502643585205,4.98940110206604,23.299266695976257,23.480366706848145,0.39022955298423767,1.2702083587646484,1.3112879991531372,0.04663563519716263,3.0992512327928927,0.275441358403774,1.1253281228178316,0.28878161311149597,5.626542568206787,8.700480461120605,169.83584594726562,170.27194213867188,4.759325981140137,10.696621894836426,87,12,0.9998955043236682,0.08336280555566111,0.7175704635189999,0.0119342195057911,87,87,0,0.01,4.213197231292725,14.288681030273438,14.560747146606445,3.455985169280896,0.08224184066057205,10.390684127807617,1.5574218034744263,9.896373748779297,0.9524275425035397,0.3847832977771759
gpu_seed1102_ckpt75_optimizer_reset,1102,75,optimizer_reset,13,16.13550567626953,0.09503061549570446,4.194197495778402,5142.875141730999,0.001,0.001,4.366367816925049,8.560565312703451,5.405175119638443,24.490946173667908,24.727587461471558,0.41577401757240295,1.1916794776916504,1.247220754623413,0.03775067627429962,2.985195728005546,0.2841886302590745,1.1497024175118447,0.27491533756256104,5.922245979309082,9.33863639831543,169.8385467529297,170.31532287597656,4.881080627441406,7.9843058586120605,88,13,0.9999059538913014,0.08427944275010546,0.7458134171670999,0.012922285286285251,88,88,0,0.01,5.2831645011901855,13.374621391296387,14.086959838867188,2.66638675280526,0.059084855020046234,10.391357421875,1.5673730373382568,9.885489463806152,0.9513183949380002,0.3903101682662964
gpu_seed1102_ckpt75_optimizer_reset,1102,75,optimizer_reset,14,16.776174545288086,0.09880385682902759,4.717779795328776,8490.195408780257,0.001,0.001,4.337862650553386,9.055642445882162,5.787556409835815,25.600170373916626,25.887727737426758,0.38238129019737244,1.1092242002487183,1.1601402759552002,0.036152854561805725,2.8986628133376766,0.2929966516340878,1.1757810363772003,0.2517775297164917,4.087881565093994,10.332778930664062,169.84100341796875,170.35906982421875,4.463804721832275,8.271665573120117,89,14,0.9999153585021713,0.08519516330735533,0.7712320754503899,0.013909363000998987,89,89,0,0.01,4.359899997711182,12.435669898986816,12.968599319458008,2.9745176096385615,0.050444696098566055,10.387472152709961,1.572270154953003,9.868491172790527,0.950037798196649,0.39751923084259033
gpu_seed1102_ckpt75_optimizer_reset,1102,75,optimizer_reset,15,17.387020111083984,0.10240145279255408,6.165700435638427,26353.48227643735,0.001,0.001,4.0157577196757,10.181458155314127,6.150029927492142,26.612660765647888,26.95086920261383,0.3624735176563263,1.0124903917312622,1.0631414651870728,0.035768359899520874,2.8271439840246817,0.30145468990123647,1.2032399396476672,0.23340065777301788,6.95418119430542,11.002325057983398,169.8436279296875,170.40162658691406,3.7855517864227295,8.974411964416504,90,15,0.9999238226519541,0.08610996814404803,0.794108867905351,0.014895453637998046,90,90,0,0.01,4.219743251800537,10.959372520446777,11.578290939331055,2.743837776004009,0.04170403629541397,10.380756378173828,1.5856828689575195,9.850913047790527,0.9489590824519996,0.40199097990989685
gpu_seed1102_ckpt75_optimizer_reset,1102,75,optimizer_reset,16,17.955665588378906,0.10575050988381463,6.592386960983276,52574.48543853945,0.001,0.001,4.278970956802368,10.871357917785645,6.480844795703888,27.599949181079865,27.980059385299683,0.3308148682117462,0.9872884154319763,1.029190182685852,0.03818682208657265,2.770574848556601,0.30933740182942326,1.2279701224118666,0.24169081449508667,9.041833877563477,11.143478393554688,169.84609985351562,170.44129943847656,3.8259899616241455,9.720844268798828,91,16,0.9999314403867587,0.08702385817590397,0.8146979811148158,0.015880558184360072,91,91,0,0.01,3.5337510108947754,10.35506534576416,10.881720542907715,3.079368215065411,0.01780298352241516,10.373420715332031,1.5962257385253906,9.826067924499512,0.947235072609706,0.4107961058616638
gpu_seed1102_ckpt75_optimizer_reset,1102,75,optimizer_reset,17,18.492450714111328,0.10891192433903761,10.19161613782247,1513012.6163475148,0.001,0.001,4.038034677505493,14.229650815327963,6.81414532661438,28.60598760843277,29.0308039188385,0.33330053091049194,1.0060384273529053,1.0507445335388184,0.02853824570775032,2.71383274464101,0.3171753190378893,1.268688235392035,0.23719562590122223,9.185274124145508,11.615499496459961,169.84823608398438,170.4808807373047,4.156301498413086,10.864651679992676,92,17,0.9999382963480828,0.08793683431772803,0.8332281830033342,0.016864677626175606,92,92,0,0.01,3.3703694343566895,12.555076599121094,13.013731956481934,3.861218246231228,-0.004347159992903471,10.365986824035645,1.711791753768921,9.806408882141113,0.9460178802660657,0.40064090490341187
gpu_seed1102_ckpt75_optimizer_reset,1102,75,optimizer_reset,18,18.998048782348633,0.11188966154678397,10.002240022023518,1542392.3754226805,0.001,0.001,4.2466505368550616,14.24889055887858,7.1526943147182465,29.541996657848358,30.01476103067398,0.3385489881038666,0.9360090494155884,0.9839571118354797,0.035591453313827515,2.656068880680851,0.3239225026522505,1.3000547924520667,0.2365035116672516,14.47568130493164,11.700541496276855,169.8500213623047,170.5188751220703,4.719501495361328,15.68478012084961,93,18,0.9999444667132745,0.0888488974834103,0.8499053647030008,0.017847812948549535,93,93,0,0.01,3.7296247482299805,11.876242637634277,12.170278549194336,3.2631375462013676,0.07720642536878586,10.362610816955566,1.7293046712875366,9.778132438659668,0.9435973821056269,0.41189268231391907
gpu_seed1102_ckpt75_optimizer_reset,1102,75,optimizer_reset,19,19.47408676147461,0.1146933035932929,11.365085999170939,5296439.633527116,0.001,0.001,4.117470979690552,15.48255697886149,7.496750116348267,30.42163246870041,30.946761548519135,0.34405580163002014,0.8796358108520508,0.9320005178451538,0.038838714361190796,2.597670518456338,0.32979628450897264,1.3236804330218392,0.22199344635009766,17.085004806518555,11.37964153289795,169.8515625,170.5545196533203,4.028397083282471,13.476301193237305,94,19,0.9999500200419471,0.0897600485859269,0.8649148282327007,0.01882996513560098,94,94,0,0.01,3.8847708702087402,11.160147666931152,11.405868530273438,2.9360466579223576,0.11009801924228668,10.355581283569336,1.7639113664627075,9.748563766479492,0.9413825742400469,0.41921234130859375
gpu_seed1102_ckpt75_optimizer_reset,1102,75,optimizer_reset,20,19.9193172454834,0.11731550383800117,9.50157109896342,820149.1631002962,0.001,0.001,4.115745147069295,13.617316246032715,7.831652402877808,31.310253381729126,31.885284900665283,0.334902286529541,0.888620913028717,0.9385233521461487,0.03524923697113991,2.5434373515046875,0.3346669223155289,1.3389781807620769,0.22828587889671326,13.520329475402832,10.461657524108887,169.8531494140625,170.58853149414062,3.805269956588745,14.674447059631348,95,20,0.9999550180377524,0.09067028853734094,0.8784233454094307,0.01981113517046529,95,95,0,0.01,3.8570749759674072,13.85055160522461,14.109445571899414,3.6580687852345712,0.07148949056863785,10.349272727966309,1.8865114450454712,9.68985652923584,0.936283812779472,0.4295487701892853
gpu_seed1102_ckpt75_optimizer_reset,1102,75,optimizer_reset,21,20.341630935668945,0.11980273483749924,9.406599283218384,605266.9605273862,0.001,0.001,3.906907796859741,13.313507080078125,8.146750122308731,32.159553706645966,32.780308187007904,0.31509771943092346,0.8493003249168396,0.8950232863426208,0.03649110719561577,2.4969012956422647,0.3393011024518388,1.354409956154714,0.2203938364982605,12.548059463500977,9.66983699798584,169.85458374023438,170.62098693847656,4.1232757568359375,12.957411766052246,96,21,0.9999595162339772,0.09157961824880367,0.8905810108684876,0.020791324035294823,96,96,0,0.01,3.4734251499176025,12.933289527893066,13.044127464294434,3.7554076743528255,0.10223536193370819,10.345649719238281,1.9160023927688599,9.657522201538086,0.9334862926567561,0.4398026764392853
gpu_seed1102_ckpt75_optimizer_reset,1102,75,optimizer_reset,22,20.74234390258789,0.12216274763458322,8.149294137954712,144023.52616406424,0.001,0.001,3.728726784388224,11.878020922342936,8.460103660821915,32.95624387264252,33.62665271759033,0.3133535385131836,0.7966901659965515,0.846344530582428,0.03326045721769333,2.4517836582359656,0.3433388833968942,1.3621260986069483,0.21090298891067505,6.813576698303223,8.826089859008789,169.85581970214844,170.65280151367188,3.721000909805298,10.42554759979248,97,22,0.9999635646105794,0.09248803863055488,0.9015229097816388,0.021770532711259616,97,97,0,0.01,3.3952078819274902,11.63015365600586,11.855353355407715,3.4917901252850037,0.07899507880210876,10.341378211975098,1.9224718809127808,9.64592170715332,0.9327501140981976,0.4425378143787384
gpu_seed1102_ckpt75_optimizer_reset,1102,75,optimizer_reset,23,21.12379264831543,0.124409303138565,8.108309745788574,151774.3747725226,0.001,0.001,3.822141647338867,11.930451393127441,8.75994336605072,33.729610443115234,34.44855171442032,0.29983970522880554,0.7733665704727173,0.8218989968299866,0.026913825422525406,2.411407444730586,0.34698204489211115,1.3598972341097746,0.20326808094978333,4.298945903778076,8.30009937286377,169.8570098876953,170.68338012695312,4.654119968414307,10.745991706848145,98,23,0.9999672081495214,0.09339555059192428,0.9113706188034749,0.022748762178548265,98,98,0,0.01,3.4891953468322754,11.046079635620117,11.507745742797852,3.2981087611623847,0.022860052064061165,10.333118438720703,1.936659574508667,9.617352485656738,0.9307308865847558,0.45049911737442017
gpu_seed1102_ckpt75_optimizer_reset,1102,75,optimizer_reset,24,21.482582092285156,0.12652240590570973,7.977118571599323,155218.74535222913,0.001,0.001,3.9758153756459556,11.95293394724528,9.038417935371399,34.46695500612259,35.229098439216614,0.2784745693206787,0.7373445630073547,0.7805467247962952,0.029152585193514824,2.376807782721771,0.3504091121052486,1.3557850777203715,0.19495876133441925,7.34942626953125,7.794070243835449,169.85816955566406,170.7116241455078,3.8538389205932617,11.212235450744629,99,24,0.9999704873345694,0.09430215504133233,0.9202335569231275,0.023726013416369818,99,99,0,0.01,3.107295513153076,9.714505195617676,10.306465148925781,3.3168603067508537,-0.03638004511594772,10.329875946044922,1.9750348329544067,9.5773344039917,0.9271490242491943,0.46274644136428833
gpu_seed1102_ckpt75_optimizer_reset,1102,75,optimizer_reset,25,21.821136474609375,0.12851633358151573,6.922857681910196,44076.07798863764,0.0005,0.0005,3.7718002796173096,10.694657961527506,9.322368174791336,35.210561633110046,36.014993131160736,0.28395023941993713,0.7436066269874573,0.7858946919441223,0.0377652607858181,2.34072888620873,0.3536541332803894,1.3515221864495601,0.19772472977638245,8.693624496459961,7.134184837341309,169.8594207763672,170.73733520507812,4.900149822235107,12.239104270935059,100,25,0.9999734386011124,0.09520785288629108,0.9282102012308147,0.024702287402953438,100,100,1,0.01,3.470914363861084,8.85348129272461,9.29701042175293,2.6785479119133764,0.06503434479236603,10.327400207519531,1.9799067974090576,9.5647611618042,0.9261538208656841,0.466824471950531
gpu_seed1102_ckpt75_optimizer_reset,1102,75,optimizer_reset,26,21.978118896484375,0.12944088695294972,5.636670351028442,9792.532137148593,0.0005,0.0005,3.5562760829925537,9.192946434020996,9.473933145403862,35.61937540769577,36.4456552863121,0.15156497061252594,0.4088137745857239,0.4306621551513672,0.03736790642142296,2.3198515926982672,0.3550909003487387,1.348221045945415,0.11206631362438202,7.126559257507324,6.742743968963623,169.85987854003906,170.7490234375,4.433125972747803,10.512439727783203,101,26,0.9999760947410011,0.09611264503340478,0.9353891811077333,0.025677585115550405,101,101,0,0.01,3.675696849822998,9.610455513000488,9.93508243560791,2.702911268671035,0.10142557322978973,10.322564125061035,1.9961354732513428,9.533635139465332,0.9235723822067357,0.4768129587173462
gpu_seed1102_ckpt75_optimizer_reset,1102,75,optimizer_reset,27,22.12384605407715,0.13029915205838413,4.375460068384806,2553.8163779156143,0.0005,0.0005,3.482546250025431,7.858006318410237,9.61767940223217,36.026755809783936,36.87302166223526,0.1437462568283081,0.4073804020881653,0.42736637592315674,0.0339803472161293,2.300330997614676,0.35642478219190876,1.3460375612710853,0.10988692939281464,5.096156597137451,6.275866508483887,169.86024475097656,170.75965881347656,3.336759567260742,9.204485893249512,102,27,0.999978485266901,0.09701653238837138,0.94185026299696,0.026651907530434893,102,102,0,0.01,3.3867416381835938,9.756088256835938,10.032975196838379,2.9624270962152246,0.09065484255552292,10.313870429992676,2.0057737827301025,9.51272964477539,0.9223239432125796,0.48114147782325745
gpu_seed1102_ckpt75_optimizer_reset,1102,75,optimizer_reset,28,22.25959587097168,0.13109865527270786,3.8056131998697915,1309.7190701998718,0.0005,0.0005,3.394451459248861,7.200064659118652,9.759447261691093,36.4533614218235,37.31798854470253,0.14176785945892334,0.42660561203956604,0.4449668824672699,0.033854302018880844,2.280825468297301,0.35773029660596256,1.3478369337622855,0.11221487820148468,4.839540958404541,5.8741912841796875,169.86053466796875,170.76937866210938,3.5033156871795654,7.637850284576416,103,28,0.999980636740211,0.09791951585598302,0.9476652366972639,0.02762525562290441,103,103,0,0.01,3.4990079402923584,10.222273826599121,10.372912406921387,2.964529542065491,0.1277771145105362,10.308403015136719,2.009679079055786,9.502176284790039,0.9217893664844351,0.4829614460468292
gpu_seed1102_ckpt75_optimizer_reset,1102,75,optimizer_reset,29,22.386341094970703,0.13184512562755285,3.8747936884562173,1268.1415607553197,0.0005,0.0005,3.2914911905924478,7.166284879048665,9.899761661887169,36.883171647787094,37.765487015247345,0.14031440019607544,0.42981022596359253,0.44749847054481506,0.03457259386777878,2.2613010150691837,0.3589291116118959,1.3522384367638838,0.10907644778490067,6.025033950805664,5.678164005279541,169.86065673828125,170.7783660888672,3.56054949760437,7.019822120666504,104,29,0.9999825730661899,0.098821596340127,0.9528987130275375,0.02859763036728158,104,104,0,0.01,3.5889625549316406,9.404041290283203,9.582420349121094,2.669969441712646,0.14064650237560272,10.299654006958008,2.016633987426758,9.48615837097168,0.921017188010618,0.4853598177433014
gpu_seed1102_ckpt75_optimizer_reset,1102,75,optimizer_reset,30,22.504545211791992,0.13254129283799074,3.0661763350168862,567.9685718827772,0.0005,0.0005,3.3236094315846763,6.3897857666015625,10.038711994886398,37.286462247371674,38.18790212273598,0.13895033299922943,0.40329059958457947,0.4224151074886322,0.03137187287211418,2.241776158460697,0.3599357917686993,1.3525999300144698,0.10364022850990295,5.000457286834717,5.620865345001221,169.8606414794922,170.78656005859375,3.523271322250366,6.37105131149292,105,30,0.9999843157595709,0.09972277474378688,0.9576088417247838,0.029569032736914247,105,105,0,0.01,3.7165439128875732,8.57752799987793,8.871850967407227,2.387123945082582,0.13609281182289124,10.29045295715332,2.0169997215270996,9.474838256835938,0.9207406414747432,0.48634859919548035
gpu_seed1102_ckpt75_optimizer_reset,1102,75,optimizer_reset,31,22.615875244140625,0.13319697489156326,2.5062039693196616,317.19874960071536,0.0005,0.0005,3.3384221394856772,5.844626108805339,10.174635648727417,37.69491711258888,38.614869862794876,0.13592365384101868,0.40845486521720886,0.4269677400588989,0.0271002110093832,2.222770035698238,0.3608090246258837,1.3504497525776424,0.09934132546186447,4.2501115798950195,5.62890100479126,169.860595703125,170.79417419433594,3.237028121948242,5.644606113433838,106,31,0.9999858841836138,0.10062305196904309,0.9618479575523053,0.030539463704177372,106,106,0,0.01,3.3428711891174316,8.46996021270752,8.914271354675293,2.6666511661270826,0.06093743443489075,10.283147811889648,2.018465042114258,9.463152885437012,0.9202583740452065,0.48819389939308167
gpu_seed1102_ckpt75_optimizer_reset,1102,75,optimizer_reset,32,22.720102310180664,0.1338108237808276,2.1852581501007085,210.93081684618414,0.0005,0.0005,3.2855610052744546,5.470819155375163,10.313848748803139,38.097589522600174,39.03695887327194,0.13921310007572174,0.4026724100112915,0.42208901047706604,0.030024757608771324,2.20287332726447,0.3616957416116364,1.3501610526016528,0.1013316661119461,3.6045663356781006,5.757585525512695,169.86041259765625,170.80133056640625,3.534231424331665,5.596695423126221,107,32,0.9999872957652524,0.10152242891707408,0.9656631617970749,0.031508924240473246,107,107,0,0.01,3.446605920791626,7.920013904571533,8.47884464263916,2.460056309741746,0.04972882196307182,10.277344703674316,2.021693468093872,9.451910972595215,0.9196841446035263,0.4902488887310028
gpu_seed1102_ckpt75_optimizer_reset,1102,75,optimizer_reset,33,22.820180892944336,0.1344002400351912,2.374069452285767,272.9339644898977,0.0005,0.0005,3.3328847090403237,5.706954161326091,10.45790059864521,38.48774403333664,39.449593394994736,0.14405184984207153,0.39015451073646545,0.4126345217227936,0.024058040231466293,2.182099617192617,0.3625748709025291,1.3505077217809922,0.09832591563463211,3.8118252754211426,5.848014831542969,169.86009216308594,170.80821228027344,3.847743272781372,6.379617691040039,108,33,0.9999885661887271,0.10242090648815694,0.9690968456173674,0.032477415316232716,108,108,0,0.01,3.6261484622955322,7.31693696975708,8.045501708984375,2.218745810503565,0.036868657916784286,10.268468856811523,2.0211021900177,9.442010879516602,0.9195149745477763,0.490871787071228
gpu_seed1102_ckpt75_optimizer_reset,1102,75,optimizer_reset,34,22.913122177124023,0.1349476209241302,2.5652016003926597,325.0090096903046,0.0005,0.0005,3.2986729939778647,5.863874594370524,10.593055382370949,38.8690285384655,39.85273164510727,0.13515478372573853,0.3812845051288605,0.40313825011253357,0.01090797409415245,2.16303241605383,0.3633665470598053,1.3466414393642612,0.09494192898273468,3.839731216430664,5.728846549987793,169.8596649169922,170.8144073486328,3.1881444454193115,5.674719333648682,109,34,0.9999897095698544,0.10331848558166878,0.9721871610556306,0.033444937900916516,109,109,0,0.01,3.6450161933898926,7.062361240386963,8.090384483337402,2.2195743596439454,-0.04450292885303497,10.262258529663086,2.026334762573242,9.427098274230957,0.9186182794928607,0.49410974979400635
gpu_seed1102_ckpt75_optimizer_reset,1102,75,optimizer_reset,35,23.002731323242188,0.13547537707138113,2.1949447790781655,217.75741883220658,0.0005,0.0005,3.30650528271993,5.501450061798096,10.73728047311306,39.23987251520157,40.24786853790283,0.1442250907421112,0.3708439767360687,0.39513689279556274,0.02050059475004673,2.1423237830883317,0.3642463664902112,1.3443420182089407,0.0938989445567131,5.948668003082275,5.679415702819824,169.85914611816406,170.8202667236328,3.35001277923584,6.15229606628418,110,35,0.999990738612869,0.10421516709608714,0.9749684449500675,0.0344114929630156,110,110,0,0.01,3.833191394805908,6.743541717529297,7.747232913970947,2.0210921177759773,0.00288404175080359,10.255311012268066,2.029299259185791,9.415730476379395,0.9181321234543517,0.4957326650619507
gpu_seed1102_ckpt75_optimizer_reset,1102,75,optimizer_reset,36,23.085752487182617,0.1359643330710702,1.8287227153778072,174.76783278060645,0.0005,0.0005,3.5098257859547934,5.338548501332601,10.877277046442032,39.58714887499809,40.61818167567253,0.13999657332897186,0.34727635979652405,0.3703131377696991,0.03155353665351868,2.122383422672117,0.3650175509309525,1.3416617599676688,0.09515660256147385,5.668862819671631,5.644619464874268,169.85858154296875,170.82533264160156,3.5671520233154297,6.573404788970947,111,36,0.9999916647515821,0.105110951928991,0.9774716004550608,0.035377081470052585,111,111,0,0.01,3.0780835151672363,5.7671284675598145,6.306293487548828,2.0487727043377997,0.08351404219865799,10.247421264648438,2.0323121547698975,9.403831481933594,0.9176778468524586,0.4971654713153839
gpu_seed1102_ckpt75_optimizer_reset,1102,75,optimizer_reset,37,23.165193557739258,0.1364322039876748,1.517326196034749,128.96323087165496,0.0005,0.0005,3.5897622108459473,5.107088406880696,11.025851011276245,39.93054175376892,40.98771575093269,0.14857396483421326,0.34339287877082825,0.36953407526016235,0.033688053488731384,2.1009891693662364,0.36559473704283624,1.3377392313972796,0.09471619874238968,3.0489742755889893,5.572206974029541,169.85806274414062,170.83010864257812,3.324002981185913,5.647485256195068,112,37,0.9999924982764239,0.10600584097706212,0.9797244404095548,0.03634170438858253,112,112,0,0.01,2.905372142791748,5.703798294067383,6.10349702835083,2.1007625627207704,0.11229486763477325,10.241177558898926,2.0319883823394775,9.395553588867188,0.9174290295066837,0.4981815218925476
gpu_seed1102_ckpt75_optimizer_reset,1102,75,optimizer_reset,38,23.239151000976562,0.13686777889262905,1.5659643014272056,105.7118337142654,0.0005,0.0005,3.329066356023153,4.895030657450358,11.176809147000313,40.26309636235237,41.34856966137886,0.1509581357240677,0.3325546085834503,0.360853910446167,0.03152627870440483,2.079229473754727,0.36610809438463476,1.3346593274042362,0.09526681900024414,2.837418556213379,5.513441562652588,169.85755920410156,170.8343505859375,3.711597442626953,5.077897071838379,113,38,0.9999932484487815,0.10689983513608503,0.9817519963685992,0.03730536268419393,113,113,0,0.01,3.3316054344177246,5.270754337310791,5.910831928253174,1.7741692540144551,0.11225789040327072,10.23432445526123,2.0317957401275635,9.386744499206543,0.9171826181824944,0.49914783239364624
gpu_seed1102_ckpt75_optimizer_reset,1102,75,optimizer_reset,39,23.309080123901367,0.13727962886659004,1.8113354047139487,115.4555798810534,0.0005,0.0005,3.116002400716146,4.927337805430095,11.324199706315994,40.591772228479385,41.705116003751755,0.14739055931568146,0.32867586612701416,0.3565463423728943,0.027108967304229736,2.058342375479199,0.3666198288333139,1.3336122967118256,0.0905897319316864,1.8741437196731567,5.29964542388916,169.8569793701172,170.83837890625,3.1998560428619385,5.523585796356201,114,39,0.9999939236039034,0.10779293530094891,0.9835767967317394,0.03826805732150973,114,114,0,0.01,3.3965229988098145,5.02911376953125,5.766101360321045,1.697648260394487,0.10480449348688126,10.225762367248535,2.033029317855835,9.376714706420898,0.9169697446179743,0.49969595670700073
gpu_seed1102_ckpt75_optimizer_reset,1102,75,optimizer_reset,40,23.375627517700195,0.13767156203058367,1.8420698642730708,105.58948353580078,0.0005,0.0005,2.990045150121053,4.832115014394124,11.46536423265934,40.90680614113808,42.046618551015854,0.14116452634334564,0.3150339126586914,0.3415025472640991,0.028667835518717766,2.038803743461736,0.3671481082273492,1.3327338410241834,0.08564553409814835,1.557950496673584,5.123124599456787,169.85633850097656,170.84214782714844,3.375725269317627,5.06988000869751,115,40,0.999994531243513,0.10868514236564797,0.9852191170585654,0.039229789264188186,115,115,0,0.01,3.3836638927459717,4.698713779449463,5.605337142944336,1.6565880420214358,0.06627178192138672,10.217339515686035,2.032449722290039,9.367576599121094,0.9168312929935165,0.5001717209815979
gpu_seed1102_ckpt75_optimizer_reset,1102,75,optimizer_reset,41,23.437700271606445,0.1380371416490706,2.151529550552368,165.1018232553695,0.0005,0.0005,3.0786774158477783,5.2302069664001465,11.610338002443314,41.22808527946472,42.39524865150452,0.1449737697839737,0.3212791383266449,0.3486301004886627,0.02892765961587429,2.0186923297730117,0.36776034763320425,1.3338464468080395,0.09252772480249405,1.7802090644836426,4.867593288421631,169.855712890625,170.84523010253906,4.095078945159912,7.221547603607178,116,41,0.9999950781191617,0.10957645722328235,0.9866972053527089,0.040190559474924004,116,116,0,0.01,3.552506446838379,4.941549777984619,5.871025085449219,1.6526430488740131,0.07320715487003326,10.209587097167969,2.0332589149475098,9.35684585571289,0.9164764222744585,0.501457691192627
gpu_seed1102_ckpt75_optimizer_reset,1102,75,optimizer_reset,42,23.496253967285156,0.13838199565312453,1.8553200562795005,129.33824067341857,0.0005,0.0005,3.177191178003947,5.032511234283447,11.743019670248032,41.58588624000549,42.77332603931427,0.13268166780471802,0.3578009605407715,0.3780773878097534,0.028262479230761528,2.0008698466896866,0.3684643877991948,1.3412500203160098,0.10367035865783691,2.6165947914123535,4.6958112716674805,169.85507202148438,170.8477783203125,3.2967772483825684,6.307989597320557,117,42,0.9999955703072455,0.11046688076605904,0.988027484817438,0.0411503689154491,117,117,0,0.01,3.189953565597534,5.713546276092529,6.337409496307373,1.9866776634782388,0.07290830463171005,10.200316429138184,2.0521230697631836,9.343953132629395,0.9160454185457011,0.5003798604011536
gpu_seed1102_ckpt75_optimizer_reset,1102,75,optimizer_reset,43,23.552738189697266,0.13871466142321645,1.8860219319661455,141.4576561923449,0.0005,0.0005,3.23046875,5.1164906819661455,11.871488198637962,41.92213496565819,43.12979078292847,0.12846852838993073,0.3362487256526947,0.3564647436141968,0.02893977053463459,1.9839752013902967,0.3690139451646062,1.3468591369764562,0.09406819939613342,3.1586754322052,4.621567249298096,169.85421752929688,170.8503875732422,3.2654149532318115,4.46324348449707,118,43,0.999996013276521,0.11135641388529294,0.9892247363356942,0.04210921854653371,118,118,0,0.01,2.935386896133423,5.350574493408203,5.843079090118408,1.990565229344415,0.0988018736243248,10.192365646362305,2.0580224990844727,9.329950332641602,0.9153861484522567,0.5022808313369751
gpu_seed1102_ckpt75_optimizer_reset,1102,75,optimizer_reset,44,23.605566024780273,0.13902579277440968,1.9952861467997232,168.3770983223887,0.0005,0.0005,3.2770732243855796,5.272359371185303,11.996705740690231,42.2468663752079,43.47439432144165,0.12521754205226898,0.32473140954971313,0.3446035385131836,0.029244940727949142,1.9676706701835096,0.3693666480499446,1.3481403682200894,0.08820273727178574,2.845834732055664,4.531042575836182,169.85333251953125,170.85275268554688,3.1106739044189453,4.981358528137207,119,44,0.9999964119488689,0.11224505747140767,0.9903022627021247,0.043067109327987074,119,119,0,0.01,2.673861026763916,5.198608875274658,5.542571067810059,2.0728717806684114,0.12427636981010437,10.183722496032715,2.0589094161987305,9.318924903869629,0.9150804047831329,0.5032811760902405
gpu_seed1102_ckpt75_optimizer_reset,1102,75,optimizer_reset,45,23.657167434692383,0.1393297010523886,1.852561473846435,138.13755206935727,0.0005,0.0005,3.2462809880574546,5.09884246190389,12.12121594697237,42.56709665060043,43.81352359056473,0.12451020628213882,0.32023027539253235,0.3391292691230774,0.038141559809446335,1.951715697351263,0.36954598995190496,1.342969200072421,0.09013460576534271,2.9501636028289795,4.37636137008667,169.8524169921875,170.8548126220703,3.377300500869751,5.735180377960205,120,45,0.999996770753982,0.11313281241393625,0.9912720364319123,0.04402404221865919,120,120,0,0.01,2.731001615524292,5.7677154541015625,6.044555187225342,2.213310732905849,0.13294681906700134,10.175421714782715,2.066317558288574,9.299105644226074,0.9138791398410098,0.5073685050010681
gpu_seed1102_ckpt75_optimizer_reset,1102,75,optimizer_reset,46,23.705541610717773,0.13961460242542403,1.9075638453165693,145.1716968740763,0.0005,0.0005,3.2310404777526855,5.138604323069255,12.244543492794037,42.87706711888313,44.14322254061699,0.12332754582166672,0.3099704682826996,0.32969895005226135,0.03387559950351715,1.9360086086236408,0.36960316078972827,1.334730595154882,0.08648562431335449,2.3311076164245605,4.224389553070068,169.85150146484375,170.85670471191406,3.1963887214660645,5.050136089324951,121,46,0.9999970936785838,0.11401967960152237,0.992144832788721,0.044980018176440484,121,121,0,0.01,3.0444040298461914,5.483181953430176,6.01173734664917,1.9746844662240572,0.09562953561544418,10.16617488861084,2.06787109375,9.286364555358887,0.9134570924764911,0.5087594389915466
gpu_seed1102_ckpt75_optimizer_reset,1102,75,optimizer_reset,47,23.7513427734375,0.13988434994812335,1.5570474465688071,89.31323906074955,0.0005,0.0005,3.1717838446299234,4.7288312911987305,12.367346361279488,43.18677639961243,44.47346514463425,0.12280286848545074,0.3097092807292938,0.3302426040172577,0.025507014244794846,1.9204882017210956,0.3697567152170916,1.3264596429819544,0.09018298238515854,1.8925353288650513,4.141602516174316,169.85060119628906,170.85830688476562,2.96844482421875,4.937344551086426,122,47,0.9999973843107254,0.11490565992192081,0.9929303495098489,0.04593503815826405,122,122,0,0.01,3.234750509262085,5.2497358322143555,6.027084827423096,1.863230196629952,0.049983151257038116,10.158149719238281,2.0733256340026855,9.27115249633789,0.9126812217365294,0.5111881494522095
gpu_seed1102_ckpt75_optimizer_reset,1102,75,optimizer_reset,48,23.796051025390625,0.1401476607352833,1.5235946973164878,88.51119489855581,0.0005,0.0005,3.205341657002767,4.728936354319255,12.488863557577133,43.48384767770767,44.79018598794937,0.12151719629764557,0.29707127809524536,0.3167208433151245,0.03747544810175896,1.9053816158437722,0.36988359332575316,1.3182099298611656,0.08328856527805328,2.1128809452056885,4.114314079284668,169.8496551513672,170.86009216308594,3.149383783340454,4.376707553863525,123,48,0.9999976458796529,0.11579075426199892,0.9936373145588641,0.046889103120105746,123,123,0,0.01,3.3636252880096436,5.057701110839844,5.727793216705322,1.70286304991271,0.12011101096868515,10.1487398147583,2.0732500553131104,9.25998306274414,0.9124268856786887,0.5120507478713989
gpu_seed1102_ckpt75_optimizer_reset,1102,75,optimizer_reset,49,23.839723587036133,0.14040487178876462,1.5563626289367671,79.58295654562173,0.0005,0.0005,3.0573018391927085,4.613664468129476,12.61436228454113,43.767178893089294,45.095188558101654,0.1254987269639969,0.2833312153816223,0.3050025701522827,0.04218398034572601,1.8898873402621206,0.37007368572551164,1.313665113674056,0.08037027716636658,2.0739080905914307,4.089640140533447,169.84878540039062,170.86184692382812,3.9310109615325928,4.906508445739746,124,49,0.9999978812916875,0.11667496350773687,0.9942735831029776,0.04784221401698563,124,124,0,0.01,3.2238378524780273,4.727679252624512,5.200118541717529,1.61302111944582,0.18708565831184387,10.141617774963379,2.085383653640747,9.242549896240234,0.9113486725023708,0.5148311853408813
gpu_seed1102_ckpt75_optimizer_reset,1102,75,optimizer_reset,50,23.882049560546875,0.1406541520651241,1.5772545337676998,79.81259371179453,0.0005,0.0005,3.033780654271444,4.611035188039144,12.738410599529743,44.04297596216202,45.394030421972275,0.12404831498861313,0.2757970690727234,0.2988418638706207,0.0313563235104084,1.874806073642079,0.3702758838403286,1.3110974375166704,0.07965852320194244,1.8583621978759766,4.078432559967041,169.847900390625,170.86343383789062,3.4226560592651367,4.689695835113525,125,50,0.9999980931625189,0.11755828854422912,0.9948462247926799,0.04879437180296864,125,125,1,0.01,3.181077241897583,4.807808876037598,5.56106424331665,1.748170138741304,0.0754820927977562,10.13382339477539,2.0911524295806885,9.229246139526367,0.9107368245911707,0.5164439082145691
gpu_seed1102_ckpt75_optimizer_reset,1102,75,optimizer_reset,51,23.921518325805664,0.14088660471523934,1.3593760331471758,57.1323690137394,0.0005,0.0005,2.9828131198883057,4.3421891530354815,12.86459781974554,44.31688314676285,45.69295451045036,0.12618722021579742,0.2739071846008301,0.2989240884780884,0.023040737956762314,1.8594843508506174,0.3704143394036338,1.3091324789881726,0.08082646876573563,1.6063255071640015,4.054774284362793,169.84698486328125,170.86480712890625,3.515373945236206,4.760434627532959,126,51,0.999998283846267,0.11844073025568491,0.9953616023134119,0.0497455774311657,126,126,0,0.01,3.113360643386841,4.38191556930542,5.375451564788818,1.7265752929090334,-4.697161784861237e-05,10.129427909851074,2.0925092697143555,9.2227783203125,0.91049350490389,0.5171811580657959
gpu_seed1102_ckpt75_optimizer_reset,1102,75,optimizer_reset,52,23.957841873168945,0.14110053349641144,1.2706204255421958,52.30150570611846,0.0005,0.0005,3.0158223311106362,4.286442756652832,12.98296769708395,44.5893916785717,45.986671179533005,0.11836987733840942,0.27250853180885315,0.2937166690826416,0.031045328825712204,1.8453286207088206,0.3705598210730227,1.3073958504009295,0.08038827031850815,1.979080080986023,4.128695964813232,169.84600830078125,170.8659210205078,3.0241737365722656,4.556414604187012,127,52,0.9999984554616402,0.11932228952542923,0.9958254420820707,0.05069583185373461,127,127,0,0.01,2.734398365020752,4.308663368225098,4.7857794761657715,1.7502129672783435,0.1331663876771927,10.120843887329102,2.0927326679229736,9.212295532226562,0.9102299803042199,0.5180451273918152
gpu_seed1102_ckpt75_optimizer_reset,1102,75,optimizer_reset,53,23.9929256439209,0.14130716057060175,1.415197372436523,64.91678764850552,0.0005,0.0005,3.0361393292744956,4.451336701711019,13.102641835808754,44.87734121084213,46.29424560070038,0.11967413872480392,0.2879495322704315,0.30757442116737366,0.03822966665029526,1.83115175890314,0.37081454456766944,1.308163427964634,0.08813991397619247,2.2142410278320312,4.2334771156311035,169.8450927734375,170.86700439453125,3.1513850688934326,4.139652252197266,128,53,0.9999986099154762,0.12020296723590385,0.9962428978738637,0.05164513602188081,128,128,0,0.01,2.8209333419799805,4.979630470275879,5.149113655090332,1.825322696733558,0.22214411199092865,10.11205005645752,2.0931098461151123,9.201668739318848,0.9099706476869924,0.5188590288162231
gpu_seed1102_ckpt75_optimizer_reset,1102,75,optimizer_reset,54,24.027158737182617,0.14150877755046296,1.4587647120157876,69.96705656753772,0.0005,0.0005,3.0539069970448813,4.512671709060669,13.216272182762623,45.17791286110878,46.61203268170357,0.11363034695386887,0.30057165026664734,0.3177870810031891,0.03318105265498161,1.8179981771651403,0.3713537921805116,1.3166181694300836,0.09465906023979187,1.863195776939392,4.336826801300049,169.84413146972656,170.8682403564453,3.347921133041382,5.043177127838135,129,54,0.9999987489239286,0.12108276426866793,0.9966186080864773,0.05259349088585896,129,129,0,0.01,2.537506341934204,5.830533027648926,6.032137870788574,2.377191249180573,0.1367814540863037,10.103758811950684,2.114100456237793,9.191134452819824,0.9096747679633523,0.5168080925941467
gpu_seed1102_ckpt75_optimizer_reset,1102,75,optimizer_reset,55,24.06071662902832,0.1417064179083679,1.6119705835978193,87.79062086227492,0.0005,0.0005,3.0854954719543457,4.697466055552165,13.327456086874008,45.45009604096413,46.90232014656067,0.11118390411138535,0.2721831798553467,0.29028746485710144,0.0359974205493927,1.8053495334885041,0.3717841105324771,1.321311215373516,0.08191711455583572,2.0347585678100586,4.506620407104492,169.84326171875,170.86952209472656,2.576740264892578,3.5091230869293213,130,55,0.9999988740315358,0.12196168150439923,0.9969567472778296,0.05354089739497314,130,130,0,0.01,2.5797293186187744,5.140596866607666,5.37019681930542,2.081690036448716,0.15992821753025055,10.095617294311523,2.1139087677001953,9.181571960449219,0.9094611743673918,0.5175158381462097
gpu_seed1102_ckpt75_optimizer_reset,1102,75,optimizer_reset,56,24.091516494750977,0.14188781477658716,1.8942073186238608,122.75422098599776,0.0005,0.0005,3.0790106455485025,4.973217964172363,13.442831382155418,45.703593254089355,47.17602491378784,0.11537529528141022,0.2534972131252289,0.27370476722717285,0.04544009268283844,1.7921460003380896,0.37205558959411034,1.3226155093743637,0.07500030845403671,2.378584861755371,4.645009517669678,169.8423309326172,170.87069702148438,3.357041120529175,4.479074001312256,131,56,0.9999989866283822,0.12283971982289488,0.9972610725500466,0.05448735649757808,131,131,0,0.01,2.7499678134918213,4.848987102508545,5.082937717437744,1.8483626217361955,0.19643498957157135,10.088265419006348,2.1152966022491455,9.170560836791992,0.909032470489297,0.5189492702484131
gpu_seed1102_ckpt75_optimizer_reset,1102,75,optimizer_reset,57,24.119787216186523,0.14205431616256348,2.128870248794555,157.97594355797378,0.0005,0.0005,3.0602379639943442,5.189108212788899,13.570354834198952,45.944368436932564,47.44411391019821,0.12752345204353333,0.2407751828432083,0.2680889964103699,0.038483284413814545,1.7773881015550115,0.3722196780676687,1.3207018059020614,0.07452580332756042,2.6609723567962646,4.629024982452393,169.8413543701172,170.8715362548828,3.2696750164031982,5.662892818450928,132,57,0.9999990879655439,0.12371688010307191,0.9975349652950419,0.05543286914108059,132,132,0,0.01,3.4587364196777344,4.315158367156982,5.196072578430176,1.5023037167176834,0.1200764998793602,10.089426040649414,2.1191153526306152,9.165374755859375,0.9084138898418973,0.5211040377616882
gpu_seed1102_ckpt75_optimizer_reset,1102,75,optimizer_reset,58,24.147645950317383,0.14221839113514276,2.0923838615417476,164.3995371827486,0.0005,0.0005,3.141611893971761,5.233995755513509,13.690433092415333,46.17819279432297,47.701448172330856,0.12007825821638107,0.23382435739040375,0.25733426213264465,0.051139168441295624,1.7638336046281626,0.3724219617228924,1.3182891868517561,0.07247135788202286,2.79386043548584,4.553749084472656,169.8404083251953,170.87203979492188,3.3485050201416016,5.134076118469238,133,58,0.9999991791689895,0.12459316322296887,0.9977814687655377,0.056377436271939474,133,133,0,0.01,3.2705295085906982,4.226147174835205,4.746221542358398,1.4512089036010987,0.2181369513273239,10.08080005645752,2.1215603351593018,9.153196334838867,0.9079831247098925,0.5223388075828552
gpu_seed1102_ckpt75_optimizer_reset,1102,75,optimizer_reset,59,24.17306900024414,0.1423681210618516,2.001070976257324,141.82700744739276,0.0005,0.0005,3.098783016204834,5.099853992462158,13.807061038911343,46.40924113988876,47.95510071516037,0.11662794649600983,0.2310483455657959,0.25365254282951355,0.04909324273467064,1.7507758481053535,0.37246168429128146,1.3153062743521544,0.07478748261928558,3.1527771949768066,4.4939703941345215,169.83941650390625,170.87210083007812,2.948347330093384,4.533938407897949,134,59,0.9999992612520906,0.12546857005974588,0.998003321888984,0.057321058835667515,134,134,0,0.01,2.5961523056030273,4.502429485321045,4.770753383636475,1.8376246159897383,0.181871697306633,10.07559871673584,2.1236608028411865,9.143779754638672,0.9075172614258348,0.5238761305809021
gpu_seed1102_ckpt75_optimizer_reset,1102,75,optimizer_reset,60,24.196855545043945,0.14250821273534442,1.659918705622355,83.10822228486887,0.0005,0.0005,2.9711366494496665,4.6310553550720215,13.931750431656837,46.644253358244896,48.216750264167786,0.12468939274549484,0.2350122183561325,0.26164954900741577,0.03954647108912468,1.736813738068418,0.37243769214479494,1.3121263797002116,0.08591548353433609,2.7116029262542725,4.391933917999268,169.83831787109375,170.87188720703125,3.5020992755889893,4.946398735046387,135,60,0.9999993351268816,0.1263431014896862,0.9982029897000856,0.0582637377768318,135,135,0,0.01,2.788889169692993,4.848282814025879,5.274534225463867,1.8912670617321834,0.128058522939682,10.06888198852539,2.1250884532928467,9.134284973144531,0.9071796633978982,0.5249089002609253
gpu_seed1102_ckpt75_optimizer_reset,1102,75,optimizer_reset,61,24.219215393066406,0.14263990182911046,1.303981781005859,49.901637092048894,0.0005,0.0005,2.92276938756307,4.226751168568929,14.056030549108982,46.8827812820673,48.482030272483826,0.12428011745214462,0.23852792382240295,0.26528000831604004,0.03318747133016586,1.7230480048010388,0.3723795430352647,1.3077585610295956,0.08343297243118286,1.823203682899475,4.253116607666016,169.83724975585938,170.8715362548828,2.9629576206207275,4.654778003692627,136,61,0.9999994016141934,0.12721675838819646,0.998382690730077,0.05920547403905507,136,136,0,0.01,3.0064733028411865,4.911707878112793,5.542102336883545,1.8433898387337373,0.08291701972484589,10.061989784240723,2.126106023788452,9.125040054321289,0.906882261857609,0.5258205533027649
gpu_seed1102_ckpt75_optimizer_reset,1102,75,optimizer_reset,62,24.23985481262207,0.1427614584002648,1.248260815938314,45.89185493670915,0.0005,0.0005,2.9163056214650473,4.164566437403361,14.181059308350086,47.139660343527794,48.76497110724449,0.12502875924110413,0.256879061460495,0.2829408347606659,0.024340812116861343,1.7093119974716882,0.3723236661846029,1.3039995827386133,0.08195872604846954,1.7714940309524536,4.198314189910889,169.83612060546875,170.87095642089844,3.1589856147766113,4.739038467407227,137,62,0.9999994614527741,0.12808954162980835,0.9985444216570694,0.060146268565015926,137,137,0,0.01,3.0402214527130127,5.265755653381348,5.884760856628418,1.9356355937081748,0.07310613244771957,10.054637908935547,2.1297576427459717,9.112869262695312,0.9063349018860051,0.5273957252502441
gpu_seed1102_ckpt75_optimizer_reset,1102,75,optimizer_reset,63,24.260194778442383,0.14288125132834817,1.213167349497477,44.31629442339503,0.0005,0.0005,2.9309452374776206,4.144112586975098,14.29755974560976,47.37600316107273,49.02435681223869,0.11650043725967407,0.23634281754493713,0.25938570499420166,0.03903036564588547,1.696806672613491,0.37227918805422194,1.2997397411284979,0.07719839364290237,1.6739023923873901,4.252553939819336,169.83494567871094,170.87051391601562,3.1510682106018066,4.637845039367676,138,63,0.9999995153074966,0.12896145208817844,0.9986899794913624,0.06108612229645094,138,138,0,0.01,2.684091329574585,4.586679458618164,4.975458145141602,1.8536843699459113,0.1416124850511551,10.046521186828613,2.1321160793304443,9.10010814666748,0.9057969398001346,0.5290889739990234
gpu_seed1102_ckpt75_optimizer_reset,1102,75,optimizer_reset,64,24.279939651489258,0.14299753943708024,1.3620613416035972,51.60909033565788,0.0005,0.0005,2.877528508504232,4.239589850107829,14.408098764717579,47.608974277973175,49.27696815133095,0.1105390191078186,0.23297111690044403,0.25261133909225464,0.05207115784287453,1.6851591627719869,0.37227278835158284,1.2953452511757215,0.07550320029258728,1.4696159362792969,4.343847751617432,169.83364868164062,170.87008666992188,3.480982542037964,4.680948734283447,139,64,0.9999995637767469,0.12983249063609037,0.9988209815422261,0.06202503617415456,139,139,0,0.01,2.4706058502197266,4.636070728302002,4.9416913986206055,2.000194162164357,0.1386747807264328,10.042282104492188,2.1330411434173584,9.09343433380127,0.9055147265513107,0.5300213098526001
gpu_seed1102_ckpt75_optimizer_reset,1102,75,optimizer_reset,65,24.29889678955078,0.14310918815353002,1.5321886539459224,61.180772033583985,0.0005,0.0005,2.8250699838002524,4.357258637746175,14.518349699676037,47.83561538159847,49.5228331387043,0.11025093495845795,0.22664110362529755,0.24586498737335205,0.061468455940485,1.673667964485751,0.3723165902066195,1.295261499448202,0.07252007722854614,1.795193076133728,4.429576873779297,169.83236694335938,170.86968994140625,3.203372001647949,4.613375663757324,140,65,0.9999996073990722,0.13070265814545423,0.9989388833880035,0.06296301113798031,140,140,0,0.01,2.719958782196045,4.685482025146484,4.992142200469971,1.835374209765624,0.17382000386714935,10.037179946899414,2.1336331367492676,9.086442947387695,0.9052784741787641,0.5307775139808655
gpu_seed1102_ckpt75_optimizer_reset,1102,75,optimizer_reset,66,24.317346572875977,0.14321784878681493,1.40065328280131,53.8496810328206,0.0005,0.0005,2.8684844175974527,4.269137700398763,14.626402609050274,48.05243496596813,49.75854076445103,0.10805290937423706,0.21681958436965942,0.235707625746727,0.06675940006971359,1.6625651038641343,0.37229901884915045,1.2986801925251985,0.06973884999752045,1.7299187183380127,4.412845611572266,169.83120727539062,170.86929321289062,2.651758909225464,3.8224427700042725,141,66,0.9999996466591651,0.13157195548730882,0.9990449950492032,0.06390004812684236,141,141,0,0.01,2.5034306049346924,4.518040657043457,4.514400959014893,1.803285839085944,0.27850142121315,10.028485298156738,2.133975028991699,9.076104164123535,0.9050324046235418,0.5314980745315552
gpu_seed1102_ckpt75_optimizer_reset,1102,75,optimizer_reset,67,24.33490753173828,0.14332127465786365,1.116633971532186,38.04737956496065,0.0005,0.0005,2.9187728563944497,4.035406827926636,14.728760339319706,48.26441265642643,49.98905326426029,0.10235773026943207,0.21197769045829773,0.23051249980926514,0.052439816296100616,1.6522033742902638,0.372278353595408,1.3013832338828857,0.07086258381605148,1.4906871318817139,4.342024803161621,169.83009338378906,170.86871337890625,2.570607900619507,3.736171007156372,142,67,0.9999996819932485,0.13244038353182142,0.9991404955442829,0.06483614807871552,142,142,0,0.01,2.3302695751190186,4.534094333648682,4.620761394500732,1.9829299767872324,0.21942462027072906,10.020159721374512,2.137850761413574,9.062833786010742,0.9044600124165133,0.5330848097801208
gpu_seed1102_ckpt75_optimizer_reset,1102,75,optimizer_reset,68,24.35304832458496,0.14342811548110077,0.8956413269042969,28.16873858595229,0.0005,0.0005,2.9674041271209717,3.8630454540252686,14.836116783320904,48.475517600774765,50.22223433852196,0.10735644400119781,0.21110494434833527,0.23318107426166534,0.03788664937019348,1.6414705195608574,0.37230362869240485,1.3056909177233362,0.07269959151744843,1.3835264444351196,4.254474639892578,169.82901000976562,170.8681182861328,2.8844761848449707,3.8726248741149902,143,68,0.9999997137939237,0.13330794314828964,0.9992264459898546,0.06577131193063679,143,143,0,0.01,2.353789806365967,4.575862884521484,4.812959671020508,2.044770377542431,0.15385663509368896,10.014078140258789,2.1379473209381104,9.054752349853516,0.904202286324342,0.5339677333831787
gpu_seed1102_ckpt75_optimizer_reset,1102,75,optimizer_reset,69,24.3714599609375,0.14353655144647853,0.9466066360473633,33.79878599170537,0.0005,0.0005,3.064932107925415,4.011538743972778,14.949678771197796,48.692060738801956,50.462079256772995,0.11356198787689209,0.21654313802719116,0.2398449182510376,0.04598557949066162,1.6302330193134433,0.3724219437700446,1.309058755078652,0.07217901945114136,0.982265055179596,4.1800055503845215,169.82798767089844,170.8674774169922,2.756437063217163,3.8614003658294678,144,69,0.9999997424145314,0.1341746352051414,0.9993038013908692,0.06670554061870615,144,144,0,0.01,2.768578052520752,4.584255695343018,5.114294052124023,1.847263813807121,0.09945043921470642,10.007158279418945,2.1379342079162598,9.04636001586914,0.9039889010722736,0.5346512794494629
gpu_seed1102_ckpt75_optimizer_reset,1102,75,optimizer_reset,70,24.388874053955078,0.14363911234608479,1.1383109887440996,51.751146053995626,0.0005,0.0005,3.1943271160125732,4.332638104756673,15.053278267383575,48.89484195411205,50.68559876084328,0.10359949618577957,0.20278121531009674,0.22351950407028198,0.045032840222120285,1.6201702792406103,0.37267618799139934,1.3132456062352953,0.070159412920475,1.2558461427688599,4.142185688018799,169.826904296875,170.86688232421875,3.3512630462646484,4.291472434997559,145,70,0.9999997681730782,0.13504046056993624,0.9993734212517822,0.06763883507808743,145,145,0,0.01,2.254901647567749,3.96024751663208,4.369988918304443,1.9379953547048032,0.09358049184083939,10.001028060913086,2.1399433612823486,9.039213180541992,0.9038283989891951,0.5348315834999084
gpu_seed1102_ckpt75_optimizer_reset,1102,75,optimizer_reset,71,24.404266357421875,0.14372976584661298,1.0622081756591797,46.97882927943335,0.0005,0.0005,3.211665391921997,4.273873567581177,15.150156259536743,49.08465655148029,50.893122524023056,0.09687799215316772,0.18981459736824036,0.20752376317977905,0.06386508792638779,1.6108260495371611,0.3727963801259113,1.3183903822561704,0.06809914112091064,1.3515774011611938,4.1143622398376465,169.82574462890625,170.8661346435547,3.110153913497925,4.23652458190918,146,71,0.9999997913557703,0.13590542010936624,0.9994360791266039,0.06857119624300934,146,146,0,0.01,2.0308310985565186,3.391249418258667,3.6119401454925537,1.7785527058641573,0.18721608817577362,9.992875099182129,2.139349937438965,9.030320167541504,0.9036758768534684,0.5353028178215027
gpu_seed1102_ckpt75_optimizer_reset,1102,75,optimizer_reset,72,24.418508529663086,0.1438136456097411,0.82563845316569,28.881666262244675,0.0005,0.0005,3.1137424310048423,3.9393808841705322,15.25216469913721,49.28256456553936,51.108842477202415,0.10200843960046768,0.19790801405906677,0.21571995317935944,0.07524657249450684,1.600986418081546,0.3728747398113813,1.323967892982838,0.06785644590854645,1.0131102800369263,4.067397594451904,169.82452392578125,170.8654022216797,2.8433585166931152,3.708897352218628,147,72,0.9999998122201933,0.1367695146892569,0.9994924712139436,0.06950262504676641,147,147,0,0.01,2.560621738433838,3.978882074356079,4.044559955596924,1.5795226194045875,0.2959156632423401,9.985782623291016,2.140493392944336,9.020700454711914,0.9033543784210734,0.5362589359283447
gpu_seed1102_ckpt75_optimizer_reset,1102,75,optimizer_reset,73,24.43154525756836,0.14389042586700385,1.018889745076497,37.65210813570465,0.0005,0.0005,3.057343006134033,4.07623275121053,15.360603138804436,49.47194726765156,51.320537745952606,0.10843843966722488,0.18938270211219788,0.21169526875019073,0.06841088831424713,1.5905329391556922,0.37286660306556374,1.327867904049689,0.06581743061542511,1.0207628011703491,4.048746585845947,169.8232879638672,170.86477661132812,3.0464138984680176,3.379957675933838,148,73,0.999999830998174,0.1376327451745677,0.9995432240925493,0.07043312242171962,148,148,0,0.01,2.669203281402588,3.865903615951538,4.210783004760742,1.5775430197083085,0.21025361120700836,9.976890563964844,2.139742851257324,9.01134967803955,0.9032222635162906,0.5366411805152893
gpu_seed1102_ckpt75_optimizer_reset,1102,75,optimizer_reset,74,24.44361686706543,0.1439615220262161,1.2476566632588706,51.980887938978825,0.0005,0.0005,3.0417415301005044,4.289398193359375,15.474142611026764,49.65206000208855,51.526932179927826,0.11353947222232819,0.18011273443698883,0.20639443397521973,0.06682538986206055,1.579642729261491,0.3727351401705629,1.3307155866012739,0.06367038935422897,1.2118854522705078,4.062163352966309,169.8220977783203,170.86410522460938,2.6490118503570557,3.3635294437408447,149,74,0.9999998478983566,0.13849511242939305,0.9995889016832943,0.0713626892992979,149,149,0,0.01,2.818014621734619,3.3681540489196777,4.0622477531433105,1.441528273775019,0.14664746820926666,9.967976570129395,2.138749122619629,9.00222396850586,0.9031144791693765,0.5369568467140198
gpu_seed1102_ckpt75_optimizer_reset,1102,75,optimizer_reset,75,24.454870223999023,0.14402779905882035,1.0999580224355059,42.54625932541967,0.0005,0.0005,3.055426836013794,4.1553848584493,15.580450542271137,49.83163042366505,51.73020252585411,0.10630793124437332,0.17957042157649994,0.2032703459262848,0.05835793539881706,1.5695868458777384,0.3725574235380046,1.3340769477249939,0.06387899816036224,1.243504285812378,4.051997184753418,169.82098388671875,170.86334228515625,2.710521697998047,3.9374349117279053,150,75,0.999999863108521,0.1393566173169637,0.9996300115149649,0.0722913266099986,150,150,1,0.01,2.578871726989746,3.1529836654663086,3.9846606254577637,1.5451178062692614,0.04392770677804947,9.958744049072266,2.139704704284668,8.9910888671875,0.9028336126405605,0.5376949310302734
gpu_seed1102_ckpt75_optimizer_reset,1102,75,optimizer_reset,76,24.46549415588379,0.14409036907095693,0.7497318585713706,23.348056532606446,0.0005,0.0005,3.0403754711151123,3.790107329686483,15.686552099883556,50.023053139448166,51.943330600857735,0.10610155761241913,0.1914227157831192,0.21312807500362396,0.06096969172358513,1.559647652339346,0.37238572658594987,1.3368449742707114,0.06232529506087303,1.2688348293304443,4.021305561065674,169.81991577148438,170.8624725341797,2.9813156127929688,4.087630748748779,151,76,0.9999998767976689,0.14021726069964668,0.9996670103634684,0.07321903528338858,151,151,0,0.01,2.5758216381073,3.6665215492248535,4.259017467498779,1.6534597755093903,0.1026548519730568,9.950117111206055,2.1405489444732666,8.980335235595703,0.9025356320159224,0.5385387539863586
gpu_seed1102_ckpt75_optimizer_reset,1102,75,optimizer_reset,77,24.47660255432129,0.14415579236551407,0.6984959443410239,20.401050082388178,0.0005,0.0005,3.00491730372111,3.703413248062134,15.791577406227589,50.20589406788349,52.148047521710396,0.10502530634403229,0.18284092843532562,0.20471692085266113,0.06645090132951736,1.5499783159513318,0.3722637266170582,1.3389893306518093,0.059483036398887634,1.4525349140167236,4.020281791687012,169.81878662109375,170.86167907714844,3.09477162361145,3.6020071506500244,152,77,0.9999998891179019,0.14107704343894711,0.9997003093271215,0.07414581624810523,152,152,0,0.01,2.61328125,3.543436288833618,3.968660593032837,1.5186503913542861,0.19626961648464203,9.945030212402344,2.1447925567626953,8.971092224121094,0.9020678703351184,0.5396913886070251
gpu_seed1102_ckpt75_optimizer_reset,1102,75,optimizer_reset,78,24.48777198791504,0.14422157512872263,0.897599776585897,28.65489644731686,0.0005,0.0005,2.981207768122355,3.878807544708252,15.901980102062225,50.37977284193039,52.34714114665985,0.11040269583463669,0.1738787740468979,0.19909362494945526,0.07252070307731628,1.5399196723141313,0.37212873873344626,1.3399354828752892,0.05808630958199501,1.225523829460144,4.014237403869629,169.8177032470703,170.8607940673828,2.966526508331299,3.755617618560791,153,78,0.9999999002061117,0.1419359663955081,0.9997302783944094,0.07507167043185714,153,153,0,0.01,3.0077319145202637,3.4713733196258545,4.054961204528809,1.348179066409325,0.22288042306900024,9.938770294189453,2.1438424587249756,8.964470863342285,0.9019698210132013,0.5400411486625671
gpu_seed1102_ckpt75_optimizer_reset,1102,75,optimizer_reset,79,24.49856185913086,0.14428512244625522,0.779687325159709,24.236486697303846,0.0005,0.0005,3.0216752688090005,3.8013625939687095,16.016426920890808,50.54499699175358,52.540529280900955,0.11444681882858276,0.16522414982318878,0.19338813424110413,0.07927606999874115,1.5295897131197824,0.372013379828586,1.3410196773445493,0.059775929898023605,0.8888243436813354,3.9828662872314453,169.81658935546875,170.85980224609375,3.859488010406494,4.196991920471191,154,79,0.9999999101855006,0.14279403042911265,0.9997572505549684,0.07599659876142528,154,154,0,0.01,3.083204984664917,3.079963207244873,3.8726558685302734,1.256048782935494,0.21034115552902222,9.931793212890625,2.145280122756958,8.955475807189941,0.9016977715127609,0.5407324433326721
gpu_seed1102_ckpt75_optimizer_reset,1102,75,optimizer_reset,80,24.508939743041992,0.14434624335039078,0.5707685152689614,17.05076825378822,0.0005,0.0005,3.0980451901753745,3.668813705444336,16.126378513872623,50.71519570052624,52.73626461625099,0.10995159298181534,0.1701987087726593,0.19573533535003662,0.07333234697580338,1.5198043207256238,0.3719987925769219,1.3413794240115744,0.0618552565574646,0.6899423599243164,3.9457285404205322,169.81549072265625,170.85879516601562,3.247546672821045,3.81899094581604,155,80,0.9999999191669505,0.1436512363986835,0.9997815254994716,0.07692060216266383,155,155,0,0.01,2.6603026390075684,3.2239811420440674,3.684701681137085,1.3850686110322719,0.22702251374721527,9.923175811767578,2.1456031799316406,8.946928024291992,0.9016194204360678,0.5407284498214722
gpu_seed1102_ckpt75_optimizer_reset,1102,75,optimizer_reset,81,24.518587112426758,0.14440306186410473,0.7792477607727051,24.99450633193652,0.0005,0.0005,3.0532840887705484,3.8325318495432534,16.22963808476925,50.88475501537323,52.92912010848522,0.10325957089662552,0.1695593148469925,0.19285549223423004,0.06338765472173691,1.5107291354472525,0.37200743473802045,1.3411399294317727,0.06037675589323044,0.9478055238723755,3.960392475128174,169.8142547607422,170.85775756835938,3.1531982421875,3.7707769870758057,156,81,0.9999999272502554,0.1445075851622848,0.9998033729495245,0.07784368156050114,156,156,0,0.01,2.2855074405670166,3.205223560333252,3.59745454788208,1.5740288060440553,0.1744116246700287,9.919366836547852,2.1441030502319336,8.942800521850586,0.9015495312563687,0.5411224365234375
gpu_seed1102_ckpt75_optimizer_reset,1102,75,optimizer_reset,82,24.527830123901367,0.14445749889800308,0.9349811871846518,31.030522936490335,0.0005,0.0005,2.998546759287516,3.933527946472168,16.33544373512268,51.046802297234535,53.117923468351364,0.1058056503534317,0.16204728186130524,0.18880335986614227,0.05270897597074509,1.501509877638819,0.37206349025962354,1.3406633732079638,0.0601358637213707,1.36851167678833,4.008894920349121,169.81301879882812,170.85682678222656,2.6624596118927,3.2115671634674072,157,82,0.99999993452523,0.14536307757712252,0.999823035654572,0.07876583787894065,157,157,0,0.01,2.4494359493255615,2.924053192138672,3.6333577632904053,1.4833446713678495,0.09414144605398178,9.912806510925293,2.1428942680358887,8.935941696166992,0.901454263867396,0.5414878726005554
gpu_seed1102_ckpt75_optimizer_reset,1102,75,optimizer_reset,83,24.536367416381836,0.14450777957561944,0.6208826700846353,17.416485084875948,0.0005,0.0005,3.007577975591024,3.628460645675659,16.44101845473051,51.20914478600025,53.30628655850887,0.10557471960783005,0.16234248876571655,0.18836309015750885,0.05894215777516365,1.4923873167553432,0.3720189620577711,1.3388246848370333,0.05941815301775932,1.3359514474868774,3.996471405029297,169.81178283691406,170.85569763183594,3.263291358947754,4.150510787963867,158,83,0.999999941072707,0.14621771449954546,0.9998407320891148,0.07968707204106174,158,158,0,0.01,2.256969690322876,3.080124616622925,3.752997636795044,1.6628480448297414,0.03568098321557045,9.903863906860352,2.1421711444854736,8.92632007598877,0.9012967221616056,0.5419610142707825
gpu_seed1102_ckpt75_optimizer_reset,1102,75,optimizer_reset,84,24.543277740478516,0.14454847816699662,0.516497453053792,13.400036918749876,0.0005,0.0005,2.986602862675985,3.503100315729777,16.542017973959446,51.3806192278862,53.500294119119644,0.10099951922893524,0.17147444188594818,0.19400756061077118,0.056743163615465164,1.4836930886614452,0.3719094525235796,1.3381954301967893,0.061017099767923355,1.3113869428634644,4.016539096832275,169.81060791015625,170.85446166992188,3.229937791824341,3.815915584564209,159,84,0.9999999469654363,0.14707149678504594,0.9998566588802034,0.08060738496902065,159,159,0,0.01,2.2088491916656494,3.1674039363861084,3.698610782623291,1.6744514730010007,0.0880277082324028,9.895405769348145,2.141204357147217,8.917109489440918,0.901136314900953,0.5424976348876953
gpu_seed1102_ckpt75_optimizer_reset,1102,75,optimizer_reset,85,24.550148010253906,0.14458894085707127,0.6571760177612305,17.772593706055844,0.0005,0.0005,2.950942277908325,3.6081182956695557,16.64794120937586,51.55375561118126,53.6966588050127,0.10592323541641235,0.1731363832950592,0.19636468589305878,0.07189126312732697,1.4746657079991474,0.3717564293788424,1.3382594815731044,0.059372469782829285,1.5020030736923218,4.071788787841797,169.80934143066406,170.85324096679688,3.2842469215393066,3.580122709274292,160,85,0.9999999522688926,0.14792442528826089,0.999870992992183,0.08152677758405169,160,160,0,0.01,2.4479176998138428,3.3364298343658447,3.591886520385742,1.4673232358495663,0.25849485397338867,9.88776969909668,2.1403114795684814,8.908614158630371,0.9009730636670611,0.5430613160133362
gpu_seed1102_ckpt75_optimizer_reset,1102,75,optimizer_reset,86,24.556852340698242,0.1446284262417499,0.7633565266927085,20.796000678298274,0.0005,0.0005,2.89894962310791,3.6623061498006186,16.760524049401283,51.72227707505226,53.89084027707577,0.11258284002542496,0.1685214638710022,0.19418147206306458,0.0887577161192894,1.465160174485952,0.3716140821077694,1.3377286220770048,0.058319948613643646,1.3649286031723022,4.105523586273193,169.8079376220703,170.85195922851562,3.686203956604004,3.990318536758423,161,86,0.9999999570420034,0.14877650086297256,0.9998838936929647,0.08244525080646758,161,161,0,0.01,2.7705912590026855,3.436117172241211,3.675734519958496,1.3266967864759318,0.3136557936668396,9.880523681640625,2.1421170234680176,8.899219512939453,0.9006829799390622,0.5437520742416382
gpu_seed1102_ckpt75_optimizer_reset,1102,75,optimizer_reset,87,24.564334869384766,0.14467249485173406,0.7698115507761636,24.795523969562183,0.0005,0.0005,3.062795639038086,3.8326071898142495,16.879747450351715,51.89223416149616,54.09020172059536,0.11922340095043182,0.16995708644390106,0.19936144351959229,0.0827779695391655,1.4552548811310253,0.37156467754990535,1.3372900991475865,0.05845150724053383,1.6045255661010742,4.1277689933776855,169.80653381347656,170.850830078125,3.134979248046875,3.6123082637786865,162,87,0.999999961337803,0.14962772436210958,0.9998955043236682,0.08336280555566111,162,162,0,0.01,3.1088924407958984,3.6334469318389893,3.996640205383301,1.2855511348468676,0.3051531910896301,9.871779441833496,2.141695737838745,8.89003849029541,0.9005507611547036,0.5440768003463745
gpu_seed1102_ckpt75_optimizer_reset,1102,75,optimizer_reset,88,24.571582794189453,0.14471518175408934,0.5223626295725508,16.218539584506736,0.0005,0.0005,3.1630233923594155,3.6853860219319663,16.988707043230534,52.06859678030014,54.29267716407776,0.10895959287881851,0.17636261880397797,0.202475443482399,0.0515095517039299,1.4463480199912573,0.3715063675885062,1.3381386591864184,0.06354682147502899,1.9712245464324951,4.148244857788086,169.80517578125,170.84963989257812,2.9761853218078613,3.652069568634033,163,88,0.9999999652040227,0.15047809663774747,0.9999059538913014,0.08427944275010546,163,163,0,0.01,2.5934810638427734,3.7562758922576904,4.2836594581604,1.6517026161785926,0.12759491801261902,9.86313533782959,2.1424567699432373,8.87839412689209,0.9001594141001521,0.5452964901924133
gpu_seed1102_ckpt75_optimizer_reset,1102,75,optimizer_reset,89,24.579437255859375,0.14476144087616805,0.4351393381754556,11.938090035476918,0.0005,0.0005,3.086376428604126,3.5215157667795816,17.09879520535469,52.26217111945152,54.5122736543417,0.11008816212415695,0.19357433915138245,0.2195964902639389,0.032092805951833725,1.4374952714891045,0.37139519568456303,1.3395039322961912,0.06782230734825134,1.3177133798599243,4.058103084564209,169.8038787841797,170.84832763671875,2.828364610671997,3.9843413829803467,164,89,0.9999999686836204,0.15132761854110977,0.9999153585021713,0.08519516330735533,164,164,0,0.01,2.5111122131347656,4.501155853271484,5.134679794311523,2.044783091512889,0.00889825914055109,9.854802131652832,2.1549384593963623,8.86087417602539,0.8991427790887933,0.5473074316978455
gpu_seed1102_ckpt75_optimizer_reset,1102,75,optimizer_reset,90,24.588010787963867,0.1448119349882962,0.7490733464558921,22.632035183356233,0.0005,0.0005,3.01047682762146,3.759550174077352,17.207711279392242,52.449958488345146,54.72439004480839,0.10891607403755188,0.18778736889362335,0.21211639046669006,0.0521545335650444,1.4288948941983215,0.37139781896573354,1.3403733870151133,0.06662169098854065,1.5075230598449707,3.9878106117248535,169.80262756347656,170.84718322753906,3.29986572265625,3.9948537349700928,165,90,0.9999999718152583,0.15217629092256868,0.9999238226519541,0.08610996814404803,165,165,0,0.01,2.3812198638916016,4.208735942840576,4.530662536621094,1.9026645146554333,0.14252547919750214,9.846330642700195,2.1558666229248047,8.851386070251465,0.8989527562547115,0.5476642847061157
gpu_seed1102_ckpt75_optimizer_reset,1102,75,optimizer_reset,91,24.5972843170166,0.14486655175652025,0.8937192757924399,27.766950669029693,0.0005,0.0005,2.9562885761260986,3.8500078519185386,17.318913459777832,52.619671642780304,54.92083203792572,0.1112021803855896,0.16971315443515778,0.19644199311733246,0.06832756847143173,1.4202556282841268,0.371417192607257,1.3394435190256795,0.06285019218921661,1.2752360105514526,3.912989616394043,169.80142211914062,170.84608459472656,3.225639820098877,3.9871907234191895,166,91,0.9999999746337326,0.1530241146316461,0.9999314403867587,0.08702385817590397,166,166,0,0.01,2.622580051422119,3.6118574142456055,3.758582830429077,1.4331622893225,0.3059682250022888,9.839130401611328,2.156069040298462,8.842691421508789,0.8987269261173474,0.5483192205429077
gpu_seed1102_ckpt75_optimizer_reset,1102,75,optimizer_reset,92,24.606487274169922,0.1449207528891161,0.8149555524190264,22.033773598169798,0.0005,0.0005,2.8621989091237388,3.677154461542765,17.424257345497608,52.79230399429798,55.117870569229126,0.10534388571977615,0.1726323515176773,0.19703853130340576,0.05705227330327034,1.4121971907472302,0.37141820357959,1.3364814039569841,0.06336416304111481,1.217623233795166,3.854485511779785,169.80018615722656,170.84507751464844,2.837876796722412,3.839463710784912,167,92,0.9999999771703593,0.15387109051701442,0.9999382963480828,0.08793683431772803,167,167,0,0.01,2.5712060928344727,3.622460126876831,3.9476799964904785,1.5353417244500456,0.22273464500904083,9.836106300354004,2.1578896045684814,8.83631420135498,0.8983548908002408,0.5494643449783325
gpu_seed1102_ckpt75_optimizer_reset,1102,75,optimizer_reset,93,24.615192413330078,0.14497202210552387,0.7147274812062583,17.518822896302414,0.0005,0.0005,2.820571184158325,3.5352986653645835,17.52756081521511,52.96768954396248,55.31396293640137,0.1033034697175026,0.17538554966449738,0.1960923671722412,0.08222443610429764,1.4043706750092129,0.3715038237776634,1.3338149163989221,0.0614391528069973,1.2958860397338867,3.803556203842163,169.79898071289062,170.84402465820312,2.8699254989624023,3.874530076980591,168,93,0.9999999794533234,0.1547172194264974,0.9999444667132745,0.0888488974834103,168,168,0,0.01,2.6599318981170654,3.688931941986084,3.800701379776001,1.4288716874537442,0.31787246465682983,9.82839584350586,2.1579153537750244,8.827775955200195,0.898190925127652,0.549872875213623
gpu_seed1102_ckpt75_optimizer_reset,1102,75,optimizer_reset,94,24.623735427856445,0.14502233648332633,0.6913518110911054,17.036149251259904,0.0005,0.0005,2.8389314810434976,3.530283292134603,17.621818333864212,53.13579648733139,55.49975800514221,0.09425751864910126,0.16810694336891174,0.18579506874084473,0.08281980454921722,1.397343620353588,0.3715960741693932,1.3332700553419903,0.059856563806533813,1.4964278936386108,3.7389330863952637,169.79776000976562,170.8429718017578,3.1337602138519287,4.052515029907227,169,94,0.9999999815079911,0.1555625022070709,0.9999500200419471,0.0897600485859269,169,169,0,0.01,2.129840612411499,3.190871000289917,3.232893705368042,1.51790405654163,0.31387948989868164,9.819478988647461,2.156999111175537,8.818084716796875,0.8980196125467328,0.5504134297370911
gpu_seed1102_ckpt75_optimizer_reset,1102,75,optimizer_reset,95,24.63111686706543,0.14506580972335656,0.5412229696909585,12.683927754376061,0.0005,0.0005,2.8714726765950522,3.4126956462860107,17.717545114457607,53.297933891415596,55.68146666884422,0.09572678059339523,0.16213740408420563,0.1817086637020111,0.07841406017541885,1.3902104782544014,0.37158087412757584,1.3336385879814163,0.05812012031674385,1.5060806274414062,3.6539196968078613,169.79652404785156,170.8418731689453,2.9147300720214844,3.6048452854156494,170,95,0.999999983357192,0.15640693970486386,0.9999550180377524,0.09067028853734094,170,170,0,0.01,2.1337015628814697,2.9851059913635254,3.2506420612335205,1.5234755027512603,0.22740773856639862,9.812026023864746,2.1561262607574463,8.809488296508789,0.8978256147182561,0.5510894656181335
gpu_seed1102_ckpt75_optimizer_reset,1102,75,optimizer_reset,96,24.637832641601562,0.14510536250840736,0.3032667636871338,6.992107686191176,0.0005,0.0005,2.982461929321289,3.285728693008423,17.80790014564991,53.48782193660736,55.88685488700867,0.0903550311923027,0.18988804519176483,0.20538821816444397,0.05936763808131218,1.3835338495885872,0.37149143020815195,1.33448515987152,0.06250051409006119,1.2634005546569824,3.5478339195251465,169.79531860351562,170.84054565429688,2.866452217102051,4.3637518882751465,171,96,0.9999999850214727,0.157250532765159,0.9999595162339772,0.09157961824880367,171,171,0,0.01,1.9685719013214111,3.485733985900879,3.837907552719116,1.9495897254964154,0.09444043785333633,9.803542137145996,2.1585140228271484,8.798087120056152,0.8974396189637383,0.5520105361938477
gpu_seed1102_ckpt75_optimizer_reset,1102,75,optimizer_reset,97,24.644800186157227,0.1451463981016452,0.14816077550252293,3.324571640255215,0.0005,0.0005,3.035803238550822,3.1839640140533447,17.893318586051464,53.667463555932045,56.08126354217529,0.08541844040155411,0.17964161932468414,0.19440865516662598,0.05776241049170494,1.3773185822202612,0.37150206036861816,1.336332852401709,0.05908149480819702,1.26411771774292,3.501004695892334,169.79412841796875,170.83938598632812,2.529257297515869,3.2007789611816406,172,97,0.9999999865193254,0.15809328223239383,0.9999635646105794,0.09248803863055488,172,172,0,0.01,1.6675387620925903,3.376709222793579,3.4953813552856445,2.096131996894155,0.17450104653835297,9.794734001159668,2.1582648754119873,8.7891206741333,0.8973312264622804,0.552192211151123
gpu_seed1102_ckpt75_optimizer_reset,1102,75,optimizer_reset,98,24.651615142822266,0.14518653502325451,0.10579093297322606,2.2021875233582477,0.0005,0.0005,2.982379913330078,3.088170846303304,17.987549483776093,53.84868533909321,56.28172531723976,0.09423089772462845,0.18122178316116333,0.20046177506446838,0.044969767332077026,1.3704821307124393,0.37165321398535467,1.3380491576329485,0.059495583176612854,0.8901135921478271,3.4651107788085938,169.7929229736328,170.83836364746094,2.7780771255493164,3.317650079727173,173,98,0.999999987867393,0.15893518895016145,0.9999672081495214,0.09339555059192428,173,173,0,0.01,2.0686755180358887,3.3579623699188232,3.7989096641540527,1.8363970719579572,0.08087582141160965,9.786469459533691,2.15762996673584,8.781179428100586,0.8972775590226076,0.5522285103797913
gpu_seed1102_ckpt75_optimizer_reset,1102,75,optimizer_reset,99,24.6591796875,0.145231086669239,0.10924720764160156,2.2472933458056232,0.0005,0.0005,2.968747695287069,3.0779949029286704,18.09563908725977,54.021877095103264,56.4814728051424,0.10808960348367691,0.17319175601005554,0.1997474879026413,0.04753384739160538,1.362713942767566,0.3718669980332428,1.3392149191789346,0.06080789119005203,0.7816957235336304,3.4462273120880127,169.79168701171875,170.83741760253906,2.845048666000366,3.1172127723693848,174,99,0.9999999890806536,0.1597762537612113,0.9999704873345694,0.09430215504133233,174,174,0,0.01,2.5824804306030273,3.122121572494507,3.8585410118103027,1.4941220719755124,0.09478764981031418,9.778377532958984,2.1564419269561768,8.773188591003418,0.8972028909122832,0.5524400472640991
gpu_seed1102_ckpt75_optimizer_reset,1102,75,optimizer_reset,100,24.66737174987793,0.14527933410229585,0.1335814793904624,2.9415780266836293,0.0005,0.0005,3.024455706278483,3.1580371856689453,18.194061137735844,54.182852774858475,56.66533820331097,0.09842205047607422,0.16097567975521088,0.18386539816856384,0.05660299211740494,1.3557925063093583,0.372124832684136,1.3409737778617243,0.05750197544693947,0.7906402349472046,3.4373269081115723,169.79049682617188,170.83644104003906,2.9743118286132812,3.302208662033081,175,100,0.9999999901725882,0.16061647750745012,0.9999734386011124,0.09520785288629108,175,175,1,0.01,2.084073543548584,2.8295934200286865,3.245797872543335,1.5574296226682613,0.153869166970253,9.771198272705078,2.1553008556365967,8.76602554321289,0.8971290212889304,0.5526727437973022
gpu_seed1102_ckpt150_optimizer_reset,1102,150,optimizer_reset,1,1.7159655094146729,0.01010455522127536,6.058470010757446,8924.04652770879,0.0005,0.0005,3.0403754711151123,9.098845481872559,0.10610155761241913,1.7385023832321167,1.7159656286239624,0.10610155761241913,1.7385023832321167,1.7159656286239624,0.24154631793498993,16.172858796915975,0.0407546634052717,0.2017410727196214,0.3977826237678528,6.824061870574951,3.816986560821533,169.81991577148438,169.82798767089844,2.9813156127929688,2.9813156127929688,151,1,0.9999998767976689,0.14021726069964668,0.09999999999999998,0.0010000000000000009,151,151,0,0.01,2.5758216381073,1.3017172813415527,2.3209846019744873,0.9010657289450498,0.43876567482948303,9.950117111206055,0.005173117853701115,9.948784828186035,0.9998661037848973,0.25769537687301636
gpu_seed1102_ckpt150_optimizer_reset,1102,150,optimizer_reset,2,2.3932979106903076,0.014093063506726433,6.855604966481527,19138.70839501026,0.0005,0.0005,3.00491730372111,9.860522270202637,0.21112686395645142,3.0373966693878174,3.005763292312622,0.10502530634403229,1.2988942861557007,1.2897976636886597,0.126739963889122,11.335828448494508,0.0524438303266663,0.24894946356797465,0.2997872531414032,8.038688659667969,4.634914398193359,169.81878662109375,169.8330535888672,3.09477162361145,9.325477600097656,152,2,0.9999998891179019,0.14107704343894711,0.18999999999999995,0.001998999999999973,152,152,0,0.01,2.61328125,5.4943976402282715,6.122757434844971,2.342938569984623,-0.01638474501669407,9.945030212402344,0.12674635648727417,9.925177574157715,0.9980037629025129,0.162850022315979
gpu_seed1102_ckpt150_optimizer_reset,1102,150,optimizer_reset,3,2.990037202835083,0.01760699493314447,5.942202965418499,7485.933769417307,0.0005,0.0005,2.981207768122355,8.923410733540853,0.3215295597910881,4.103941440582275,4.063226699829102,0.11040269583463669,1.066544771194458,1.0574634075164795,0.1336638480424881,9.299416217807602,0.0611968788889428,0.2847272389191366,0.23930326104164124,6.69252872467041,5.015347957611084,169.8177032470703,169.83880615234375,2.966526508331299,9.740692138671875,153,3,0.9999999002061117,0.1419359663955081,0.2709999999999999,0.002997000999999999,153,153,0,0.01,3.0077319145202637,6.239262580871582,6.678668975830078,2.220500086322724,0.08979594707489014,9.938770294189453,0.14068669080734253,9.908023834228516,0.9969064120558345,0.22528813779354095
gpu_seed1102_ckpt150_optimizer_reset,1102,150,optimizer_reset,4,3.540510416030884,0.020848486064552574,6.092517058054607,9062.769674785757,0.0005,0.0005,3.0216752688090005,9.114192326863607,0.43597637861967087,5.048733055591583,4.99691778421402,0.11444681882858276,0.9447916150093079,0.9336910843849182,0.15699036419391632,8.120876702614591,0.0696870306166536,0.30911969684142304,0.21042360365390778,7.2494120597839355,5.48673152923584,169.81658935546875,169.8444366455078,3.859488010406494,9.505502700805664,154,4,0.9999999101855006,0.14279403042911265,0.3439,0.003994003998999962,154,154,0,0.01,3.083204984664917,7.014150142669678,7.290325164794922,2.3645282104345293,0.12844720482826233,9.931793212890625,0.16627851128578186,9.887054443359375,0.9954953986079594,0.27682772278785706
gpu_seed1102_ckpt150_optimizer_reset,1102,150,optimizer_reset,5,4.008704662322998,0.02360547307273306,5.039371808369953,3397.9177961046644,0.0005,0.0005,3.0980451901753745,8.137416998545328,0.5459279716014862,5.906098902225494,5.847308039665222,0.10995159298181534,0.8573658466339111,0.8503902554512024,0.12730582058429718,7.342918609859964,0.07642786828262772,0.3348447958267831,0.19603843986988068,5.805752754211426,5.234438896179199,169.81549072265625,169.84896850585938,3.247546672821045,10.987472534179688,155,5,0.9999999191669505,0.1436512363986835,0.40950999999999993,0.004990009995000988,155,155,0,0.01,2.6603026390075684,7.098257541656494,7.443270206451416,2.7979035532684153,0.054550208151340485,9.923175811767578,0.17365051805973053,9.872766494750977,0.9949200419327633,0.29829809069633484
gpu_seed1102_ckpt150_optimizer_reset,1102,150,optimizer_reset,6,4.456185817718506,0.02624048993080287,3.8074680169423423,932.8995669391619,0.0005,0.0005,3.0532840887705484,6.860752105712891,0.6491875424981117,6.712752163410187,6.649180054664612,0.10325957089662552,0.8066532611846924,0.8018720149993896,0.11017053574323654,6.864250352931878,0.08275564064028539,0.35895078570330796,0.1820899099111557,4.364189624786377,4.844061851501465,169.8142547607422,169.8533172607422,3.1531982421875,10.556436538696289,156,6,0.9999999272502554,0.1445075851622848,0.46855899999999995,0.0059850199850060015,156,156,0,0.01,2.2855074405670166,6.888405799865723,7.196357727050781,3.1486914456346167,0.028142306953668594,9.919366836547852,0.1777881532907486,9.865304946899414,0.9945498648713906,0.31221726536750793
gpu_seed1102_ckpt150_optimizer_reset,1102,150,optimizer_reset,7,4.896814346313477,0.028835154727285824,2.966111977895101,369.3637417857768,0.0005,0.0005,2.998546759287516,5.964658737182617,0.7549931928515434,7.480431020259857,7.4123587012290955,0.1058056503534317,0.7676788568496704,0.7631786465644836,0.11132079362869263,6.485905293810863,0.0890529114658646,0.3782767478461804,0.16793130338191986,4.221584320068359,4.848209381103516,169.81301879882812,169.85806274414062,2.6624596118927,6.830967426300049,157,7,0.99999993452523,0.14536307757712252,0.5217030999999999,0.006979034965020947,157,157,0,0.01,2.4494359493255615,6.81633996963501,6.991584300994873,2.8543650234728988,0.10720899701118469,9.912806510925293,0.18086521327495575,9.853682518005371,0.9940355949795092,0.3350420296192169
gpu_seed1102_ckpt150_optimizer_reset,1102,150,optimizer_reset,8,5.299347400665283,0.031205492274148226,2.553670962651571,239.90921892141307,0.0005,0.0005,3.007577975591024,5.561248938242595,0.8605679124593735,8.214832425117493,8.14379346370697,0.10557471960783005,0.7344014048576355,0.7314347624778748,0.09992092847824097,6.157965366747627,0.09512616758966481,0.3918611040136108,0.1566731482744217,3.388502597808838,5.025262355804443,169.81178283691406,169.8634033203125,3.263291358947754,6.572824954986572,158,8,0.999999941072707,0.14621771449954546,0.5695327899999999,0.00797205593005601,158,158,0,0.01,2.256969690322876,7.093654632568359,7.340884208679199,3.25254000536701,0.047634292393922806,9.903863906860352,0.19052456319332123,9.837950706481934,0.9933446984935088,0.3544250726699829
gpu_seed1102_ckpt150_optimizer_reset,1102,150,optimizer_reset,9,5.674987316131592,0.03341746812583026,1.8279955387115474,103.47904363363646,0.0005,0.0005,2.986602862675985,4.814598401387532,0.9615674316883087,8.907299101352692,8.8336683511734,0.10099951922893524,0.692466676235199,0.6898748874664307,0.09854067862033844,5.901808993428173,0.10049219723992271,0.42820245425834824,0.14705529808998108,2.892786741256714,5.029250621795654,169.81060791015625,169.8688201904297,3.229937791824341,5.8520612716674805,159,9,0.9999999469654363,0.14707149678504594,0.6125795109999999,0.00896408387412595,159,159,0,0.01,2.2088491916656494,6.687740802764893,6.878541946411133,3.114084009158202,0.07752884179353714,9.895405769348145,0.19524899125099182,9.819960594177246,0.9923757370914906,0.3947961628437042
gpu_seed1102_ckpt150_optimizer_reset,1102,150,optimizer_reset,10,6.021546840667725,0.035458202530992515,2.291345516840617,169.9782696711103,0.0005,0.0005,2.950942277908325,5.242287794748942,1.067490667104721,9.592832744121552,9.515970230102539,0.10592323541641235,0.6855336427688599,0.6823018789291382,0.10769428312778473,5.640842609888006,0.10551142034866122,0.4652350167556537,0.14837226271629333,3.5381550788879395,5.075514793395996,169.80934143066406,169.87466430664062,3.2842469215393066,6.039849758148193,160,10,0.9999999522688926,0.14792442528826089,0.6513215599,0.009955119790251765,160,160,0,0.01,2.4479176998138428,7.426341533660889,7.411974906921387,3.027869322355902,0.17067645490169525,9.88776969909668,0.23751603066921234,9.791780471801758,0.9902921255028136,0.41418972611427307
gpu_seed1102_ckpt150_optimizer_reset,1102,150,optimizer_reset,11,6.350560188293457,0.03739561532943209,2.2969764073689776,162.38018086464857,0.0005,0.0005,2.89894962310791,5.195926030476888,1.180073507130146,10.2291619181633,10.152432382106781,0.11258284002542496,0.636329174041748,0.6364621520042419,0.08728158473968506,5.381495432205898,0.1103348525421164,0.5063111585578747,0.14090487360954285,4.188167095184326,5.263287544250488,169.8079376220703,169.88084411621094,3.686203956604004,5.349477767944336,161,11,0.9999999570420034,0.14877650086297256,0.6861894039099999,0.010945164670461582,161,161,0,0.01,2.7705912590026855,6.69497537612915,6.977916717529297,2.5185659179617064,0.10263429582118988,9.880523681640625,0.2416364848613739,9.777015686035156,0.9895240374962321,0.4383474290370941
gpu_seed1102_ckpt150_optimizer_reset,1102,150,optimizer_reset,12,6.670783042907715,0.03928126483684435,2.5896662076314287,263.60494529577136,0.0005,0.0005,3.062795639038086,5.652461846669515,1.2992969080805779,10.821588099002838,10.742987275123596,0.11922340095043182,0.5924261808395386,0.5905548930168152,0.1162939965724945,5.134148323924805,0.11478344657115219,0.5393970536344929,0.13425134122371674,4.7331342697143555,5.3779425621032715,169.80653381347656,169.8872833251953,3.134979248046875,5.1598663330078125,162,12,0.999999961337803,0.14962772436210958,0.7175704635189999,0.0119342195057911,162,162,0,0.01,3.1088924407958984,5.946037292480469,6.047891616821289,1.9453524790555445,0.22838278114795685,9.871779441833496,0.24443306028842926,9.76427936553955,0.9891103648609304,0.449781209230423
gpu_seed1102_ckpt150_optimizer_reset,1102,150,optimizer_reset,13,6.974435806274414,0.041069340470473066,2.715730587641398,333.7217149580594,0.0005,0.0005,3.1630233923594155,5.8787539800008135,1.4082565009593964,11.382639467716217,11.302432000637054,0.10895959287881851,0.5610513687133789,0.5594447255134583,0.11182694137096405,4.952532298993841,0.11856877088721113,0.5684225903426446,0.12978656589984894,3.8991363048553467,5.118310451507568,169.80517578125,169.89341735839844,2.9761853218078613,5.472021102905273,163,13,0.9999999652040227,0.15047809663774747,0.7458134171670999,0.012922285286285251,163,163,0,0.01,2.5934810638427734,5.352462291717529,5.346827507019043,2.0616412363908148,0.244441419839859,9.86313533782959,0.2460256665945053,9.753705978393555,0.9889052156653155,0.45479264855384827
gpu_seed1102_ckpt150_optimizer_reset,1102,150,optimizer_reset,14,7.25370979309082,0.04271386036680518,2.3172744909922285,200.31864403898464,0.0005,0.0005,3.086376428604126,5.4036509195963545,1.5183446630835533,11.93134194612503,11.851572275161743,0.11008816212415695,0.5487024784088135,0.5491402745246887,0.09633823484182358,4.777380241423404,0.12161646032655674,0.5826556082416826,0.13211023807525635,2.228083848953247,4.937231540679932,169.8038787841797,169.8991241455078,2.828364610671997,5.595832347869873,164,14,0.9999999686836204,0.15132761854110977,0.7712320754503899,0.013909363000998987,164,164,0,0.01,2.5111122131347656,5.295361518859863,5.478153705596924,2.181564677572114,0.16305530071258545,9.854802131652832,0.25111955404281616,9.741147994995117,0.9884671315425344,0.4627188444137573
gpu_seed1102_ckpt150_optimizer_reset,1102,150,optimizer_reset,15,7.527126312255859,0.04432388824973998,2.492901086807251,225.22280242631496,0.0005,0.0005,3.01047682762146,5.503377914428711,1.6272607371211052,12.45532512664795,12.376627564430237,0.10891607403755188,0.5239831805229187,0.5250552892684937,0.09407737851142883,4.625642431198808,0.12443098858701328,0.5956839843361237,0.12927810847759247,2.3594484329223633,4.895671367645264,169.80262756347656,169.90476989746094,3.29986572265625,6.092322826385498,165,15,0.9999999718152583,0.15217629092256868,0.794108867905351,0.014895453637998046,165,165,0,0.01,2.3812198638916016,5.01113748550415,5.176116466522217,2.1737247135427356,0.16716881096363068,9.846330642700195,0.2543452978134155,9.729025840759277,0.9880864449713688,0.47137150168418884
gpu_seed1102_ckpt150_optimizer_reset,1102,150,optimizer_reset,16,7.785434246063232,0.045844948414953006,2.814196030298869,301.4666233865034,0.0005,0.0005,2.9562885761260986,5.770484606424968,1.7384629175066948,12.96697473526001,12.892141580581665,0.1112021803855896,0.5116496086120605,0.5155140161514282,0.0737878605723381,4.478343580215465,0.1269998077522244,0.6071345585492148,0.12370430678129196,2.6312429904937744,4.832485198974609,169.80142211914062,169.9100799560547,3.225639820098877,6.000442028045654,166,16,0.9999999746337326,0.1530241146316461,0.8146979811148158,0.015880558184360072,166,166,0,0.01,2.622580051422119,5.185747146606445,5.627004146575928,2.1455986228227752,0.07745286822319031,9.839130401611328,0.2580913305282593,9.71868896484375,0.9877589347988678,0.4769180715084076
gpu_seed1102_ckpt150_optimizer_reset,1102,150,optimizer_reset,17,8.025742530822754,0.047260016678365144,2.231072664260864,145.42203690413888,0.0005,0.0005,2.8621989091237388,5.093271573384603,1.843806803226471,13.45577558875084,13.384155243635178,0.10534388571977615,0.48880085349082947,0.4920136630535126,0.0771588459610939,4.35281099775431,0.1291849296830443,0.6127377626881352,0.11692584306001663,2.4826319217681885,4.641046047210693,169.80018615722656,169.9148406982422,2.837876796722412,5.096276760101318,167,17,0.9999999771703593,0.15387109051701442,0.8332281830033342,0.016864677626175606,167,167,0,0.01,2.5712060928344727,5.3661346435546875,5.809266567230225,2.2593546987219084,0.06011702120304108,9.836106300354004,0.27068081498146057,9.707197189331055,0.9868942946438779,0.48687851428985596
gpu_seed1102_ckpt150_optimizer_reset,1102,150,optimizer_reset,18,8.258012771606445,0.048627752487378176,2.445831537246704,176.93141438889577,0.0005,0.0005,2.820571184158325,5.266402721405029,1.9471102729439735,13.934380114078522,13.865852266550064,0.1033034697175026,0.4786045253276825,0.4816970229148865,0.07788898795843124,4.2411633723838,0.131374752489163,0.6147322439929491,0.11249919980764389,3.233859062194824,4.539053916931152,169.79898071289062,169.91954040527344,2.8699254989624023,5.395174503326416,168,18,0.9999999794533234,0.1547172194264974,0.8499053647030008,0.017847812948549535,168,168,0,0.01,2.6599318981170654,5.713956356048584,6.11848258972168,2.300240315945901,0.07529300451278687,9.82839584350586,0.28085678815841675,9.692190170288086,0.986141617066761,0.49589183926582336
gpu_seed1102_ckpt150_optimizer_reset,1102,150,optimizer_reset,19,8.47931957244873,0.04993092949046225,2.2842193444569907,150.76595888715104,0.0005,0.0005,2.8389314810434976,5.123150825500488,2.041367791593075,14.378316968679428,14.311294972896576,0.09425751864910126,0.44393685460090637,0.44544270634651184,0.09015802294015884,4.153744174550413,0.13323572202322143,0.6149217237525122,0.10356173664331436,3.379662275314331,4.365242958068848,169.79776000976562,169.92408752441406,3.1337602138519287,6.023599147796631,169,19,0.9999999815079911,0.1555625022070709,0.8649148282327007,0.01882996513560098,169,169,0,0.01,2.129840612411499,5.102415561676025,5.317569732666016,2.496698439158193,0.10556042939424515,9.819478988647461,0.2857571542263031,9.677863121032715,0.9855780670461786,0.5065584778785706
gpu_seed1102_ckpt150_optimizer_reset,1102,150,optimizer_reset,20,8.689987182617188,0.051171457046874154,1.9631830851236978,108.13226124584232,0.0005,0.0005,2.8714726765950522,4.83465576171875,2.13709457218647,14.823542326688766,14.75834733247757,0.09572678059339523,0.4452253580093384,0.44705235958099365,0.08837898820638657,4.066262343141118,0.134929286297988,0.6165999938281085,0.10340680181980133,3.1662838459014893,4.163381576538086,169.79652404785156,169.92864990234375,2.9147300720214844,4.934913635253906,170,20,0.999999983357192,0.15640693970486386,0.8784233454094307,0.01981113517046529,170,170,0,0.01,2.1337015628814697,5.690467357635498,5.7920026779174805,2.7145327062951212,0.13946926593780518,9.812026023864746,0.29651036858558655,9.65973949432373,0.9844796039908975,0.5247207880020142
gpu_seed1102_ckpt150_optimizer_reset,1102,150,optimizer_reset,21,8.892115592956543,0.05236170106568273,2.075377305348714,137.5140214505475,0.0005,0.0005,2.982461929321289,5.057839234670003,2.2274496033787727,15.250587791204453,15.186589032411575,0.0903550311923027,0.42704546451568604,0.42824169993400574,0.09253308922052383,3.9920614048750114,0.13647803742669873,0.619664152659129,0.09981752932071686,3.3149523735046387,3.864616632461548,169.79531860351562,169.9331817626953,2.866452217102051,5.436560153961182,171,21,0.9999999850214727,0.157250532765159,0.8905810108684876,0.020791324035294823,171,171,0,0.01,1.9685719013214111,5.021278381347656,5.0905442237854,2.585907184983067,0.16059468686580658,9.803542137145996,0.3002326488494873,9.647316932678223,0.9840644124048986,0.5315114259719849
gpu_seed1102_ckpt150_optimizer_reset,1102,150,optimizer_reset,22,9.080320358276367,0.05346995495170054,1.6158055464426675,83.93568298899568,0.0005,0.0005,3.035803238550822,4.651608784993489,2.312868043780327,15.66767430305481,15.605504125356674,0.08541844040155411,0.41708651185035706,0.4189150929450989,0.08094488829374313,3.9260001808969944,0.13763711404356613,0.6213916395046108,0.09549087285995483,2.596013307571411,3.5625417232513428,169.79412841796875,169.9373016357422,2.529257297515869,4.586950778961182,172,22,0.9999999865193254,0.15809328223239383,0.9015229097816388,0.021770532711259616,172,172,0,0.01,1.6675387620925903,4.938010215759277,4.989979267120361,2.992421753876027,0.13751822710037231,9.794734001159668,0.3112167418003082,9.627220153808594,0.9828975603286191,0.5495390295982361
gpu_seed1102_ckpt150_optimizer_reset,1102,150,optimizer_reset,23,9.25622272491455,0.054505765501211424,1.362966537475586,57.38402296287288,0.0005,0.0005,2.982379913330078,4.345346450805664,2.4070989415049553,16.08960047364235,16.031129390001297,0.09423089772462845,0.4219261705875397,0.4256252646446228,0.07223978638648987,3.8453852333645964,0.13859871764120096,0.6213677002516141,0.09506317973136902,1.1655350923538208,3.3860771656036377,169.7929229736328,169.94131469726562,2.7780771255493164,4.77935266494751,173,23,0.999999987867393,0.15893518895016145,0.9113706188034749,0.022748762178548265,173,173,0,0.01,2.0686755180358887,4.941574573516846,5.160512447357178,2.4945973413241482,0.10113392025232315,9.786469459533691,0.3252839744091034,9.612337112426758,0.9822068266980304,0.5471805334091187
gpu_seed1102_ckpt150_optimizer_reset,1102,150,optimizer_reset,24,9.425658226013184,0.05550349556507477,1.9254502455393472,114.04535337863504,0.0005,0.0005,2.968747695287069,4.894197940826416,2.515188544988632,16.497468292713165,16.44693750143051,0.10808960348367691,0.40786781907081604,0.4158081114292145,0.058330461382865906,3.747495687665052,0.13966759265296605,0.6249067110590102,0.09817369282245636,1.193967342376709,3.518444776535034,169.79168701171875,169.94517517089844,2.845048666000366,3.7441020011901855,174,24,0.9999999890806536,0.1597762537612113,0.9202335569231275,0.023726013416369818,174,174,0,0.01,2.5824804306030273,4.601175308227539,5.172506332397461,2.00292179220411,0.04566411301493645,9.778377532958984,0.3288748860359192,9.601104736328125,0.9818709396283457,0.5509591698646545
gpu_seed1102_ckpt150_optimizer_reset,1102,150,optimizer_reset,25,9.587295532226562,0.05645530553881276,2.2276167869567876,170.37882673284275,0.0005,0.0005,3.024455706278483,5.2520724932352705,2.6136105954647064,16.87560412287712,16.82879811525345,0.09842205047607422,0.3781358301639557,0.381860613822937,0.09211008250713348,3.6682188038491055,0.14079168155887672,0.628387304225305,0.0929068773984909,1.7435640096664429,3.702951669692993,169.79049682617188,169.94888305664062,2.9743118286132812,4.557277202606201,175,25,0.9999999901725882,0.16061647750745012,0.9282102012308147,0.024702287402953438,175,175,1,0.01,2.084073543548584,3.8739771842956543,4.039395332336426,1.9382211078101146,0.1879166215658188,9.771198272705078,0.33212733268737793,9.591415405273438,0.9816007348929937,0.5533214211463928
gpu_seed1102_ckpt150_optimizer_reset,1102,150,optimizer_reset,26,9.7394437789917,0.057351238675477596,2.0341583093007407,127.03703924206671,0.0005,0.0005,2.950491507848104,4.984649817148845,2.7111700996756554,17.253537476062775,17.207376718521118,0.09755950421094894,0.3779333531856537,0.3785786032676697,0.12245014309883118,3.5923396249292003,0.1418434555273252,0.6269649424214323,0.09007465839385986,2.3190619945526123,3.7187085151672363,169.78929138183594,169.9524383544922,3.120485544204712,4.855747699737549,176,26,0.9999999911553294,0.16145586102994258,0.9353891811077333,0.025677585115550405,176,176,0,0.01,2.188065528869629,4.052776336669922,4.008528709411621,1.831996645676615,0.29005855321884155,9.767330169677734,0.3415130078792572,9.57965087890625,0.9807849957447832,0.5617564916610718
gpu_seed1102_ckpt150_optimizer_reset,1102,150,optimizer_reset,27,9.884170532226562,0.05820346994821245,2.0239826043446856,115.08193727520509,0.0005,0.0005,2.863373041152954,4.88735564549764,2.81264665722847,17.62327241897583,17.58167266845703,0.10147655755281448,0.3697349429130554,0.3742959499359131,0.09200510382652283,3.51418849816092,0.14291315414749137,0.6214574382787487,0.08024200797080994,2.04468035697937,3.5177385807037354,169.78814697265625,169.955810546875,3.1400558948516846,4.694799423217773,177,27,0.9999999920397965,0.1622944051689127,0.94185026299696,0.026651907530434893,177,177,0,0.01,2.5539443492889404,4.016830921173096,4.324006080627441,1.6930698125155397,0.1930316537618637,9.760003089904785,0.34695905447006226,9.569097518920898,0.9804400091653321,0.5626179575920105
gpu_seed1102_ckpt150_optimizer_reset,1102,150,optimizer_reset,28,10.024029731750488,0.059027038369045645,1.6463831265767417,73.59070596779425,0.0005,0.0005,2.8662522633870444,4.512635389963786,2.9097929149866104,17.979070127010345,17.94212171435356,0.09714625775814056,0.3557977080345154,0.36044904589653015,0.08832620829343796,3.4449289088990613,0.14390593503367513,0.616135465662234,0.0785321444272995,1.6351805925369263,3.2840282917022705,169.7870635986328,169.95889282226562,2.744211196899414,4.450254917144775,178,28,0.9999999928358169,0.1631321107637438,0.9476652366972639,0.02762525562290441,178,178,0,0.01,2.4649951457977295,3.7228891849517822,3.8992676734924316,1.5818561266289863,0.25781115889549255,9.750954627990723,0.3516455590724945,9.554915428161621,0.9798953838563315,0.5699203610420227
gpu_seed1102_ckpt150_optimizer_reset,1102,150,optimizer_reset,29,10.159049987792969,0.059822112410852786,0.9425791899363203,29.27219834146581,0.0005,0.0005,2.9277352492014566,3.870314439137777,3.0033609718084335,18.330059349536896,18.297439008951187,0.09356805682182312,0.3509892225265503,0.35531729459762573,0.08675086498260498,3.3825604325118634,0.14483970926173498,0.6131119563584937,0.07447212189435959,1.0577387809753418,3.139084577560425,169.78602600097656,169.96180725097656,2.688847780227661,4.154996871948242,179,29,0.9999999935522351,0.16396897865298,0.9528987130275375,0.02859763036728158,179,179,0,0.01,2.2476155757904053,3.987510919570923,4.168957233428955,1.854835532522517,0.19926689565181732,9.742191314697266,0.3548538088798523,9.543707847595215,0.9796264042973992,0.5718528628349304
gpu_seed1102_ckpt150_optimizer_reset,1102,150,optimizer_reset,30,10.287412643432617,0.0605779828145084,0.9103163878122964,27.942001202109086,0.0005,0.0005,2.934643030166626,3.8449594179789224,3.102027155458927,18.672188013792038,18.645040333271027,0.09866618365049362,0.3421286642551422,0.3476013243198395,0.08828450739383698,3.3163515752354322,0.14591636472770864,0.6119702589075364,0.07244005054235458,1.2427698373794556,3.1127021312713623,169.784912109375,169.96456909179688,3.7138609886169434,4.486184120178223,180,30,0.9999999941970117,0.1648050096743271,0.9576088417247838,0.029569032736914247,180,180,0,0.01,2.1315813064575195,3.9020824432373047,4.168915748596191,1.9557854706103457,0.14367282390594482,9.737220764160156,0.3573578894138336,9.537388801574707,0.9794775154608848,0.571806788444519
gpu_seed1102_ckpt150_optimizer_reset,1102,150,optimizer_reset,31,10.408772468566895,0.061292616673980276,0.6919414202372236,19.082354587833652,0.0005,0.0005,2.9511770407358804,3.643118460973104,3.2011553049087524,19.00920256972313,18.987140715122223,0.09912814944982529,0.3370145559310913,0.3421003818511963,0.09537520259618759,3.251567473968696,0.14705527266271842,0.6098139758345975,0.07888738811016083,1.4324654340744019,3.069500684738159,169.78379821777344,169.96742248535156,3.1552531719207764,4.569257736206055,181,31,0.9999999947773105,0.16564020466465268,0.9618479575523053,0.030539463704177372,181,181,0,0.01,2.2319912910461426,3.7253191471099854,3.9997613430023193,1.7920147623541238,0.17208299040794373,9.729132652282715,0.3636971712112427,9.525545120239258,0.9790744417492685,0.5726066827774048
gpu_seed1102_ckpt150_optimizer_reset,1102,150,optimizer_reset,32,10.525126457214355,0.06197777339598511,0.8383265336354571,25.542693024076936,0.0005,0.0005,2.968422253926595,3.8067487875620523,3.2962009757757187,19.331717759370804,19.313754200935364,0.09504567086696625,0.32251518964767456,0.32661348581314087,0.10395746678113937,3.1931082280971075,0.1481188962536537,0.609579256125583,0.07535471022129059,1.5847986936569214,3.063547372817993,169.7826690673828,169.97018432617188,2.542391061782837,3.1840672492980957,182,32,0.9999999952995794,0.1664745644599881,0.9656631617970749,0.031508924240473246,182,182,0,0.01,2.221220016479492,3.435610771179199,3.642333507537842,1.6397896113457027,0.22739699482917786,9.720426559448242,0.36696603894233704,9.515164375305176,0.9788834180384264,0.5723166465759277
gpu_seed1102_ckpt150_optimizer_reset,1102,150,optimizer_reset,33,10.636632919311523,0.06263438519710121,0.8251991271972656,26.375141743162786,0.0005,0.0005,3.0237391789754233,3.848938306172689,3.3902475386857986,19.647020608186722,19.63278517127037,0.09404656291007996,0.31530284881591797,0.3190309703350067,0.10926125943660736,3.137420733422784,0.14908227118083722,0.6093977244197963,0.07566828280687332,1.3842693567276,3.0588784217834473,169.7815704345703,169.97271728515625,3.2469751834869385,4.064099311828613,183,33,0.9999999957696215,0.16730808989552803,0.9690968456173674,0.032477415316232716,183,183,0,0.01,2.196197032928467,3.1106467247009277,3.3264660835266113,1.5146482914101287,0.25133422017097473,9.711512565612793,0.3700871467590332,9.504109382629395,0.9786435756960491,0.5734846591949463
gpu_seed1102_ckpt150_optimizer_reset,1102,150,optimizer_reset,34,10.74081802368164,0.06324788478935192,0.8849808375040689,28.954826978220133,0.0005,0.0005,3.0130132039388022,3.897994041442871,3.4868441224098206,19.95298594236374,19.944879204034805,0.09659658372402191,0.3059653341770172,0.3120940327644348,0.09377379715442657,3.080383764403953,0.1496577211442119,0.6084975771225337,0.07316267490386963,1.1752979755401611,3.053337812423706,169.7804412841797,169.97506713867188,3.214385747909546,4.152846813201904,184,34,0.9999999961926593,0.16814078180563252,0.9721871610556306,0.033444937900916516,184,184,0,0.01,2.18599271774292,3.1510989665985107,3.6526191234588623,1.6709200784660398,0.09918010979890823,9.702417373657227,0.3728753626346588,9.49258804321289,0.9783734998851918,0.5758644342422485
gpu_seed1102_ckpt150_optimizer_reset,1102,150,optimizer_reset,35,10.839247703552246,0.06382749325479495,0.8995322386423745,29.15631605001908,0.0005,0.0005,2.9952953656514487,3.8948276042938232,3.580308146774769,20.23879462480545,20.237098336219788,0.09346402436494827,0.2858086824417114,0.2922191321849823,0.0941513404250145,3.0274622348675444,0.1500805881664899,0.6062217013798953,0.06994057446718216,1.1891915798187256,3.061723470687866,169.77928161621094,169.97706604003906,3.0305752754211426,3.922166109085083,185,35,0.9999999965733934,0.16897264102382692,0.9749684449500675,0.0344114929630156,185,185,0,0.01,2.1190879344940186,2.848961591720581,3.3708159923553467,1.5906918903573561,0.10308703035116196,9.693817138671875,0.37590426206588745,9.481831550598145,0.9781318767372836,0.5771588683128357
gpu_seed1102_ckpt150_optimizer_reset,1102,150,optimizer_reset,36,10.931310653686523,0.06436961088965501,0.644157886505127,17.713275585838662,0.0005,0.0005,2.9748171170552573,3.6189750035603843,3.6737421303987503,20.52629566192627,20.528708666563034,0.09343398362398148,0.2875010371208191,0.29161033034324646,0.11819809675216675,2.9755247553254525,0.15035682163301192,0.6035475479248138,0.07317019253969193,0.9751695990562439,3.0624711513519287,169.7781524658203,169.97879028320312,2.5638349056243896,3.666166305541992,186,36,0.999999996916054,0.16980366838280314,0.9774716004550608,0.035377081470052585,186,186,0,0.01,2.1178743839263916,2.9839229583740234,3.14266037940979,1.4838747771159273,0.27793607115745544,9.684937477111816,0.37905600666999817,9.470175743103027,0.9778251811622627,0.5798589587211609
gpu_seed1102_ckpt150_optimizer_reset,1102,150,optimizer_reset,37,11.019116401672363,0.06488665976062617,0.6271219253540039,15.709358625961503,0.0005,0.0005,2.890976587931315,3.518098513285319,3.770971365272999,20.80722025036812,20.814962774515152,0.0972292348742485,0.28092458844184875,0.2862541079521179,0.1177181527018547,2.922089651261967,0.15066540287090044,0.6012777176429013,0.06667528301477432,0.8182348012924194,3.045478343963623,169.777099609375,169.98048400878906,2.9264473915100098,3.4572746753692627,187,37,0.9999999972244487,0.17063386471442032,0.9797244404095548,0.03634170438858253,187,187,0,0.01,2.4827542304992676,3.074169635772705,3.516456365585327,1.4163529850784995,0.21285031735897064,9.67973518371582,0.3805723786354065,9.463776588439941,0.9776896174143108,0.5807843804359436
gpu_seed1102_ckpt150_optimizer_reset,1102,150,optimizer_reset,38,11.103081703186035,0.06538109395592963,0.6138830184936523,14.936876995108612,0.0005,0.0005,2.8691893418629966,3.483072360356649,3.8700838834047318,21.081069260835648,21.094519555568695,0.09911251813173294,0.2738490104675293,0.2795567810535431,0.12277323007583618,2.8689511746229015,0.15094441174603407,0.5976820579033312,0.06684380024671555,0.9945538640022278,3.1035871505737305,169.77609252929688,169.98216247558594,3.0068299770355225,3.0093307495117188,188,38,0.9999999975020037,0.17146323084970583,0.9817519963685992,0.03730536268419393,188,188,0,0.01,2.6551005840301514,2.922549247741699,3.4824776649475098,1.311617980084272,0.22315427660942078,9.671772003173828,0.3821980059146881,9.454203605651855,0.9775048049673262,0.5826088190078735
gpu_seed1102_ckpt150_optimizer_reset,1102,150,optimizer_reset,39,11.18195629119873,0.06584555121090177,0.3719414075215659,8.105522540553267,0.0005,0.0005,2.889836311340332,3.261777718861898,3.9650583267211914,21.35076594352722,21.37051898241043,0.09497444331645966,0.2696966826915741,0.27599942684173584,0.10893848538398743,2.8201240359665927,0.15123639321385415,0.5950751655331638,0.0675167590379715,1.0469956398010254,3.202148914337158,169.7749786376953,169.9833984375,3.0156562328338623,3.766207695007324,189,39,0.9999999977518034,0.17229176761885612,0.9835767967317394,0.03826805732150973,189,189,0,0.01,2.45715069770813,2.6841320991516113,3.380415201187134,1.3757459826695975,0.1375935822725296,9.662967681884766,0.3867594003677368,9.441559791564941,0.9770869677298128,0.5859229564666748
gpu_seed1102_ckpt150_optimizer_reset,1102,150,optimizer_reset,40,11.256171226501465,0.06628256985020162,0.45346943537394235,10.17779008709265,0.0005,0.0005,2.8757471243540444,3.329216559727987,4.059875957667828,21.625156968832016,21.650631219148636,0.0948176309466362,0.2743910253047943,0.28011223673820496,0.11181005835533142,2.772540674608378,0.1514826102313072,0.5945502134042238,0.07493845373392105,1.1343350410461426,3.3192193508148193,169.77386474609375,169.9842987060547,3.303156852722168,3.6647934913635254,190,40,0.9999999979766231,0.17311947585123733,0.9852191170585654,0.039229789264188186,190,190,0,0.01,2.1170544624328613,2.624063491821289,3.145064353942871,1.4855850001738562,0.13286444544792175,9.654841423034668,0.3888240158557892,9.432220458984375,0.9769420382689935,0.5860865712165833
gpu_seed1102_ckpt150_optimizer_reset,1102,150,optimizer_reset,41,11.32673168182373,0.06669806888752514,0.6329263051350913,15.005145145315439,0.0005,0.0005,2.832695166269938,3.4656214714050293,4.161058031022549,21.886116445064545,21.919984489679337,0.10118207335472107,0.2609594762325287,0.2693532705307007,0.10957372933626175,2.722079720440128,0.1517945827998364,0.5939654018341838,0.0705631896853447,1.2316874265670776,3.405332326889038,169.7726287841797,169.98521423339844,2.98506236076355,3.2944090366363525,191,41,0.9999999981789608,0.17394635637538602,0.9866972053527089,0.040190559474924004,191,191,0,0.01,2.403085708618164,2.6151771545410156,3.2523584365844727,1.3534092541598564,0.1619967222213745,9.649242401123047,0.39409705996513367,9.42327880859375,0.9765822452025897,0.5870784521102905
gpu_seed1102_ckpt150_optimizer_reset,1102,150,optimizer_reset,42,11.393571853637695,0.06709166083525847,0.5123291015625,12.106886703974183,0.0005,0.0005,2.8954850832621255,3.4078141848246255,4.259287349879742,22.139988154172897,22.181452304124832,0.098229318857193,0.25387170910835266,0.2614678144454956,0.11497505009174347,2.67499488006056,0.15213577124818903,0.5943377866272004,0.06514250487089157,1.1481664180755615,3.444608449935913,169.7714385986328,169.98594665527344,2.766054630279541,3.1905393600463867,192,42,0.9999999983610647,0.17477241001901067,0.988027484817438,0.0411503689154491,192,192,0,0.01,2.5172030925750732,3.043898820877075,3.4433975219726562,1.3679458491562266,0.24436110258102417,9.64127254486084,0.4050833582878113,9.401778221130371,0.9751594696014373,0.6048870086669922
gpu_seed1102_ckpt150_optimizer_reset,1102,150,optimizer_reset,43,11.455595970153809,0.06745689318226623,0.5798150698343916,13.442820681814815,0.0005,0.0005,2.8396150271097818,3.4194300969441733,4.356033205986023,22.37975712120533,22.42848564684391,0.09674585610628128,0.23976896703243256,0.24703334271907806,0.12552347779273987,2.6298229210945863,0.152340207618899,0.5943651230873931,0.061372771859169006,1.2918286323547363,3.458559036254883,169.7701416015625,169.98654174804688,3.1719460487365723,3.74869441986084,193,43,0.9999999985249582,0.17559763760899172,0.9892247363356942,0.04210921854653371,193,193,0,0.01,2.218411922454834,2.7286946773529053,3.178668737411499,1.432857759749433,0.186936616897583,9.634511947631836,0.4106695353984833,9.392001152038574,0.9748289485847962,0.6044052243232727
gpu_seed1102_ckpt150_optimizer_reset,1102,150,optimizer_reset,44,11.513473510742188,0.06779770819383739,0.6596797307332354,14.971067781758872,0.0005,0.0005,2.7742133935292563,3.4338931242624917,4.460133291780949,22.629121139645576,22.68607796728611,0.10410008579492569,0.24936401844024658,0.2575923204421997,0.1283847689628601,2.5814191544356806,0.15236028702177684,0.5953901294679641,0.06460677087306976,1.0587319135665894,3.400087356567383,169.76885986328125,169.98695373535156,3.1280925273895264,3.701004981994629,194,44,0.9999999986724624,0.17642203997138273,0.9903022627021247,0.043067109327987074,194,194,0,0.01,2.5528080463409424,2.8157942295074463,3.3950612545013428,1.3299320563354973,0.20304730534553528,9.627198219299316,0.414278119802475,9.381863594055176,0.9745165083696624,0.6061683297157288
gpu_seed1102_ckpt150_optimizer_reset,1102,150,optimizer_reset,45,11.569254875183105,0.06812617975938978,0.39012837409973145,8.132998086197894,0.0005,0.0005,2.835811217625936,3.2259395917256675,4.564423128962517,22.875368788838387,22.940725579857826,0.10428983718156815,0.24624764919281006,0.2546476125717163,0.1298399120569229,2.5346587177184507,0.15234688247461514,0.5956203490403711,0.06400159001350403,0.9701010584831238,3.3464291095733643,169.7676544189453,169.9874725341797,3.009002447128296,3.8376450538635254,195,45,0.9999999988052162,0.17724561793141136,0.9912720364319123,0.04402404221865919,195,195,0,0.01,2.537675380706787,2.7913167476654053,3.320401430130005,1.308442149603826,0.2263146936893463,9.620369911193848,0.42101988196372986,9.369338989257812,0.9739063129324247,0.6103479266166687
gpu_seed1102_ckpt150_optimizer_reset,1102,150,optimizer_reset,46,11.624872207641602,0.06845368541378875,0.47197111447652196,9.72086639769294,0.0005,0.0005,2.779862324396769,3.251833438873291,4.672905474901199,23.11356194317341,23.189873531460762,0.10848234593868256,0.23819315433502197,0.2491479516029358,0.12441479414701462,2.48771824512134,0.152535215704693,0.5950820121930309,0.06198274344205856,1.0726443529129028,3.338010311126709,169.76646423339844,169.9881134033203,3.202158212661743,3.445579767227173,196,46,0.9999999989246945,0.17806837231347994,0.992144832788721,0.044980018176440484,196,196,0,0.01,2.5634987354278564,2.7508225440979004,3.3014309406280518,1.2878613494130489,0.22966720163822174,9.61831283569336,0.42352205514907837,9.36569881439209,0.9737361400468492,0.6106438636779785
gpu_seed1102_ckpt150_optimizer_reset,1102,150,optimizer_reset,47,11.677733421325684,0.06876496151450516,0.6106069087982178,14.453206281444398,0.0005,0.0005,2.8434276580810547,3.4540345668792725,4.776245787739754,23.338691294193268,23.424118623137474,0.10334031283855438,0.22512935101985931,0.23424509167671204,0.1395164132118225,2.444960737007936,0.1528100814562202,0.5934189412724258,0.059918828308582306,1.1628363132476807,3.3283884525299072,169.76544189453125,169.9886016845703,2.756413698196411,3.3470516204833984,197,47,0.9999999990322251,0.17889030394116645,0.9929303495098489,0.04593503815826405,197,197,0,0.01,2.4750499725341797,2.4009878635406494,2.8256990909576416,1.141673550964021,0.3286494016647339,9.60925579071045,0.4247940182685852,9.355934143066406,0.9736377454027283,0.6105828881263733
gpu_seed1102_ckpt150_optimizer_reset,1102,150,optimizer_reset,48,11.726995468139648,0.0690550437274714,0.473542769749959,10.973399943603976,0.0005,0.0005,2.8968897660573325,3.3704325358072915,4.867542393505573,23.554634898900986,23.647651091217995,0.09129660576581955,0.2159436047077179,0.22353246808052063,0.12680603563785553,2.4092230781151,0.15304706044459554,0.5927489088474346,0.0584612712264061,0.8500643968582153,3.242706298828125,169.76438903808594,169.98890686035156,2.8987433910369873,3.3606653213500977,198,48,0.9999999991290026,0.1797114136372252,0.9936373145588641,0.046889103120105746,198,198,0,0.01,1.7967568635940552,2.151625394821167,2.713163137435913,1.5100335456669742,0.06422403454780579,9.600756645202637,0.4322238862514496,9.339442253112793,0.9727818960788479,0.6188631653785706
gpu_seed1102_ckpt150_optimizer_reset,1102,150,optimizer_reset,49,11.773730278015137,0.06933024416975987,0.7240862846374512,17.331783229419113,0.0005,0.0005,2.7915923595428467,3.515678644180298,4.9619384706020355,23.795340836048126,23.89247101545334,0.09439607709646225,0.2407059371471405,0.24481992423534393,0.15212726593017578,2.372808600463006,0.15327269597263699,0.5929424964350225,0.06164949759840965,1.0025177001953125,3.1196539402008057,169.7633514404297,169.98904418945312,3.026798963546753,3.527447462081909,199,49,0.9999999992161023,0.18053170222358805,0.9942735831029776,0.04784221401698563,199,199,0,0.01,1.8078551292419434,3.5750815868377686,3.3469107151031494,1.8513157724671778,0.3750241994857788,9.598959922790527,0.45128560066223145,9.320182800292969,0.9709575699095652,0.6322774291038513
gpu_seed1102_ckpt150_optimizer_reset,1102,150,optimizer_reset,50,11.818913459777832,0.06959630776642844,1.0549330711364746,27.96904951026312,0.00025,0.00025,2.704207102457682,3.7591401735941568,5.061846688389778,24.032394349575043,24.13870970904827,0.09990821778774261,0.2370535135269165,0.24623869359493256,0.11701200157403946,2.334901506773056,0.1534721418486219,0.5939040148730484,0.06392363458871841,0.9641240239143372,3.022505521774292,169.76229858398438,169.98899841308594,2.8031532764434814,3.2516727447509766,200,50,0.9999999992944921,0.1813511705213644,0.9948462247926799,0.04879437180296864,200,200,1,0.01,2.395968198776245,3.1742122173309326,3.428725242614746,1.4310395456686598,0.2669271230697632,9.592436790466309,0.4591270685195923,9.307835578918457,0.9703306659438528,0.6346105337142944
gpu_seed1102_ckpt150_optimizer_reset,1102,150,optimizer_reset,51,11.839844703674316,0.06971956252221555,0.9550646146138506,24.019729912105767,0.00025,0.00025,2.7095981438954673,3.664662758509318,5.109531372785568,24.151898749172688,24.261855728924274,0.0476846843957901,0.1195043995976448,0.12314601987600327,0.1219777911901474,2.317207555810986,0.15359669291964761,0.5930082608073836,0.03198786824941635,0.7626948952674866,2.9865407943725586,169.76177978515625,169.98887634277344,2.7771902084350586,3.9962191581726074,201,51,0.9999999993650429,0.1821698193508431,0.9953616023134119,0.0497455774311657,201,201,0,0.01,2.1440436840057373,3.021019697189331,3.4158437252044678,1.5931782317144867,0.1586715579032898,9.583468437194824,0.4732825458049774,9.287813186645508,0.9691494522585575,0.6397466659545898
gpu_seed1102_ckpt150_optimizer_reset,1102,150,optimizer_reset,52,11.85822868347168,0.06982781757631196,0.666441043217977,14.489087530852975,0.00025,0.00025,2.727540890375773,3.39398193359375,5.15641612559557,24.2683207988739,24.382135182619095,0.04688475281000137,0.11642204970121384,0.1202794536948204,0.11771971732378006,2.299703591532723,0.15365304727166926,0.5919393237504185,0.030963482335209846,0.5754069685935974,2.959653854370117,169.76123046875,169.9886474609375,2.89650559425354,3.7964632511138916,202,52,0.9999999994285386,0.18298764953149227,0.9958254420820707,0.05069583185373461,202,202,0,0.01,1.9991343021392822,3.043428897857666,3.637922525405884,1.8197489390838362,0.0020149480551481247,9.57438850402832,0.4848027229309082,9.270384788513184,0.9682482369095218,0.6424310207366943
gpu_seed1102_ckpt150_optimizer_reset,1102,150,optimizer_reset,53,11.875277519226074,0.0699282105628805,0.3657212257385254,6.734642810590486,0.00025,0.00025,2.7247212727864585,3.090442498524984,5.202473163604736,24.39672563970089,24.51138147711754,0.04605703800916672,0.12840484082698822,0.1292462944984436,0.1610131412744522,2.282621581270309,0.15374411902909144,0.5908516383120935,0.032729677855968475,0.5302672386169434,2.9435677528381348,169.7606658935547,169.98838806152344,3.0357799530029297,3.606099843978882,203,53,0.9999999994856847,0.18380466188196076,0.9962428978738637,0.05164513602188081,203,203,0,0.01,1.7867220640182495,4.171851634979248,4.0957417488098145,2.29232169417352,0.2563490867614746,9.567872047424316,0.4979361891746521,9.255159378051758,0.9673163825954687,0.6437751650810242
gpu_seed1102_ckpt150_optimizer_reset,1102,150,optimizer_reset,54,11.891275405883789,0.07002241497915208,0.4306027889251709,8.102459322631784,0.00025,0.00025,2.711721579233805,3.142324368158976,5.2497191317379475,24.51956942677498,24.63459997624159,0.047245968133211136,0.12284378707408905,0.12321849912405014,0.1843579262495041,2.265126020550523,0.1538564672899215,0.5902596141116571,0.031680941581726074,0.7314023971557617,2.9620373249053955,169.76011657714844,169.98817443847656,2.75907301902771,2.950392484664917,204,54,0.9999999995371163,0.18462085722007882,0.9966186080864773,0.05259349088585896,204,204,0,0.01,2.103602409362793,4.134680271148682,3.807321310043335,1.8099053761755337,0.4038426876068115,9.560373306274414,0.4994509220123291,9.246634483337402,0.9671834129393175,0.6439825296401978
gpu_seed1102_ckpt150_optimizer_reset,1102,150,optimizer_reset,55,11.906274795532227,0.07011073969206531,0.6435407797495523,13.564683292070667,0.00025,0.00025,2.7092722256978354,3.3528130054473877,5.298489283770323,24.633367851376534,24.75021006911993,0.048770152032375336,0.11379842460155487,0.11561009287834167,0.17684030532836914,2.247107459856493,0.15398227089126149,0.5897690602760212,0.029111633077263832,0.9470602869987488,2.9849486351013184,169.75955200195312,169.98788452148438,3.147017002105713,3.1905763149261475,205,55,0.9999999995834047,0.18543623636285866,0.9969567472778296,0.05354089739497314,205,205,0,0.01,2.2599799633026123,3.4667091369628906,3.3362581729888916,1.4762335185096014,0.3825909197330475,9.55148983001709,0.502417802810669,9.235908508300781,0.9669599897677208,0.6440490484237671
gpu_seed1102_ckpt150_optimizer_reset,1102,150,optimizer_reset,56,11.919703483581543,0.07018981524410825,0.5091137091318769,10.003751146041678,0.00025,0.00025,2.7127105394999185,3.2218242486317954,5.347145721316338,24.74442481994629,24.86527043581009,0.048656437546014786,0.11105696856975555,0.11506036669015884,0.1352987140417099,2.2291712447748613,0.15409399502153573,0.5896120468511766,0.03033035807311535,0.7457388639450073,2.990079641342163,169.7589569091797,169.9874725341797,2.8617522716522217,3.5284152030944824,206,56,0.9999999996250641,0.18625080012649586,0.9972610725500466,0.05448735649757808,206,206,0,0.01,2.2859385013580322,2.857841968536377,3.3913938999176025,1.4835892994939963,0.14474715292453766,9.542350769042969,0.5283612012863159,9.20982837677002,0.9651529900417543,0.6460669040679932
gpu_seed1102_ckpt150_optimizer_reset,1102,150,optimizer_reset,57,11.932353019714355,0.07026430271817241,0.3625023365020752,6.646451233465042,0.00025,0.00025,2.7220869064331055,3.0845892429351807,5.393272388726473,24.859649263322353,24.98386638611555,0.04612666741013527,0.1152244433760643,0.11859595030546188,0.12599842250347137,2.2124513949368243,0.15424406649918893,0.5891201032576426,0.03126269578933716,0.551197350025177,2.9860682487487793,169.75840759277344,169.9869842529297,2.6890079975128174,3.3485400676727295,207,57,0.9999999996625577,0.1870645493263694,0.9975349652950419,0.05543286914108059,207,207,0,0.01,2.107447624206543,3.622805595397949,4.090495586395264,1.9409714098747293,0.05461138114333153,9.533618927001953,0.550166130065918,9.188138008117676,0.9637618283748746,0.6454328894615173
gpu_seed1102_ckpt150_optimizer_reset,1102,150,optimizer_reset,58,11.944564819335938,0.07033621255723993,0.5165576140085855,10.239641277415691,0.00025,0.00025,2.7174628575642905,3.234020471572876,5.4375869408249855,24.974225744605064,25.10073259472847,0.04431455209851265,0.11457648128271103,0.11686620861291885,0.1411980539560318,2.196666453211969,0.15439706698590072,0.5891716190164163,0.030942000448703766,0.7319663763046265,2.9880504608154297,169.7578125,169.98643493652344,2.73783802986145,3.165928840637207,208,58,0.9999999996963019,0.18787748477704302,0.9977814687655377,0.056377436271939474,208,208,0,0.01,1.9188868999481201,3.88543701171875,4.062057018280029,2.116881937329259,0.15279828011989594,9.525357246398926,0.555291473865509,9.17672348022461,0.9633994025465994,0.6454975605010986
gpu_seed1102_ckpt150_optimizer_reset,1102,150,optimizer_reset,59,11.956077575683594,0.07040400604238035,0.5185096263885498,10.162418249740787,0.00025,0.00025,2.705061117808024,3.2235707441965737,5.480702791363001,25.07797557860613,25.206303782761097,0.043115850538015366,0.1037498340010643,0.1055711880326271,0.16517354547977448,2.181486212776016,0.15439265256924864,0.5896148637710837,0.02974635362625122,0.8176210522651672,2.979093074798584,169.75723266601562,169.9857940673828,2.8050453662872314,3.4016549587249756,209,59,0.9999999997266718,0.18868960729226592,0.998003321888984,0.057321058835667515,209,209,0,0.01,1.956674575805664,2.967841386795044,3.0362699031829834,1.5517500665286879,0.2942711412906647,9.51705551147461,0.5655003190040588,9.161737442016602,0.9626651258857777,0.646304726600647
gpu_seed1102_ckpt150_optimizer_reset,1102,150,optimizer_reset,60,11.966939926147461,0.07046796957748219,0.43906847635904933,8.172448826529015,0.00025,0.00025,2.696314573287964,3.135383049647013,5.524850655347109,25.180836230516434,25.311665289103985,0.04414786398410797,0.10286065191030502,0.10536150634288788,0.15726444125175476,2.166020526647783,0.1543229037047393,0.5904629978401972,0.029318973422050476,0.7905594110488892,2.9635279178619385,169.75668334960938,169.9851837158203,2.5283350944519043,2.9343888759613037,210,60,0.9999999997540046,0.18950091768497368,0.9982029897000856,0.0582637377768318,210,210,0,0.01,2.027437210083008,2.921722888946533,3.123936176300049,1.540830049267275,0.24376943707466125,9.508286476135254,0.5744017362594604,9.147749900817871,0.9620818560501672,0.6459787487983704
gpu_seed1102_ckpt150_optimizer_reset,1102,150,optimizer_reset,61,11.977090835571289,0.07052774375374418,0.3206214904785156,5.598011978555302,0.00025,0.00025,2.69531520207723,3.0159366925557456,5.567923426628113,25.28736238926649,25.42052549868822,0.04307277128100395,0.10652615875005722,0.10886020958423615,0.14738762378692627,2.151087563146026,0.15420462221839742,0.5924415406256812,0.02940300665795803,0.6836381554603577,2.9629271030426025,169.7561492919922,169.98463439941406,2.6014206409454346,3.0221331119537354,211,61,0.9999999997786041,0.1903114167672887,0.998382690730077,0.05920547403905507,211,211,0,0.01,1.9753220081329346,3.5911214351654053,3.755697727203369,1.9013091089646372,0.18980294466018677,9.499224662780762,0.5895804166793823,9.130189895629883,0.9611510644023645,0.6448023915290833
gpu_seed1102_ckpt150_optimizer_reset,1102,150,optimizer_reset,62,11.987017631530762,0.07058619822581398,0.3444998264312744,6.004837851823806,0.00025,0.00025,2.681037108103434,3.0255369345347085,5.611315164715052,25.395648442208767,25.530930683016777,0.04339173808693886,0.108286052942276,0.11040518432855606,0.1510419398546219,2.136222486112547,0.1541202064749842,0.5945882683992579,0.0298469141125679,0.6607301235198975,2.983847141265869,169.755615234375,169.98414611816406,2.908194065093994,3.311171054840088,212,62,0.9999999998007437,0.1911211053505214,0.9985444216570694,0.060146268565015926,212,212,0,0.01,1.9561859369277954,3.8625032901763916,3.902353048324585,1.994878387916061,0.23275147378444672,9.4904146194458,0.5940537452697754,9.118746757507324,0.9608375527473908,0.6446937918663025
gpu_seed1102_ckpt150_optimizer_reset,1102,150,optimizer_reset,63,11.996648788452148,0.0706429118115026,0.47210582097371434,8.785841819102492,0.00025,0.00025,2.6783711115519204,3.1504769325256348,5.652935266494751,25.497578755021095,25.63524254411459,0.041620101779699326,0.10193031281232834,0.10431186109781265,0.14627015590667725,2.1221981542146438,0.15410011533072493,0.5965597674916544,0.02915767766535282,0.6849101781845093,3.010063886642456,169.75506591796875,169.98362731933594,2.480898380279541,2.8083748817443848,213,63,0.9999999998206693,0.19192998424517094,0.9986899794913624,0.06108612229645094,213,213,0,0.01,1.826407551765442,3.4376702308654785,3.449923515319824,1.8889122047174907,0.25892525911331177,9.48177719116211,0.5966317653656006,9.1085786819458,0.9606404472818529,0.6446611881256104
gpu_seed1102_ckpt150_optimizer_reset,1102,150,optimizer_reset,64,12.005842208862305,0.0706970477621946,0.5167551040649414,9.782976905199906,0.00025,0.00025,2.671350638071696,3.188105742136637,5.695912264287472,25.599826253950596,25.73887497931719,0.042976997792720795,0.10224749892950058,0.10363243520259857,0.17771810293197632,2.107799708246044,0.15415101952182503,0.5976623943725127,0.028514401987195015,0.6828106641769409,3.048258066177368,169.75448608398438,169.98309326171875,2.9400789737701416,3.1485936641693115,214,64,0.9999999998386024,0.19273805426092572,0.9988209815422261,0.06202503617415456,214,214,0,0.01,1.769649863243103,2.82843279838562,2.6686506271362305,1.508010529407263,0.40057218074798584,9.473848342895508,0.6002563834190369,9.098052978515625,0.9603333987647529,0.64532071352005
gpu_seed1102_ckpt150_optimizer_reset,1102,150,optimizer_reset,65,12.014077186584473,0.07074553987155408,0.47008244196573923,8.693654590732129,0.00025,0.00025,2.6732088724772134,3.1432913144429526,5.739637967199087,25.702466435730457,25.843548379838467,0.04372570291161537,0.10264018177986145,0.10467340052127838,0.16604465246200562,2.093176826698912,0.15425538272017766,0.59871602208491,0.02910630777478218,0.5826994180679321,3.0771286487579346,169.75393676757812,169.9824981689453,2.7251334190368652,3.2472732067108154,215,65,0.9999999998547422,0.19354531620666482,0.9989388833880035,0.06296301113798031,215,215,0,0.01,1.7848671674728394,2.4242048263549805,2.526664972305298,1.4156039274795673,0.30951645970344543,9.464639663696289,0.6073525547981262,9.084798812866211,0.9598673732621854,0.6449407935142517
gpu_seed1102_ckpt150_optimizer_reset,1102,150,optimizer_reset,66,12.0218505859375,0.0707913139518539,0.3678460121154785,6.360353935597589,0.00025,0.00025,2.6606202920277915,3.02846630414327,5.783640716224909,25.807071901857853,25.949428223073483,0.044002749025821686,0.10460546612739563,0.10587984323501587,0.18118944764137268,2.0785956762857687,0.15438628544143992,0.5994264177514889,0.02978089638054371,0.5068157911300659,3.075624704360962,169.7533721923828,169.9818878173828,2.7864794731140137,3.279356002807617,216,66,0.9999999998692679,0.1943517708904582,0.9990449950492032,0.06390004812684236,216,216,0,0.01,1.809046983718872,2.7135157585144043,2.8452847003936768,1.5728086257566565,0.25873249769210815,9.45657730102539,0.6125329732894897,9.073760032653809,0.9595184117692316,0.6447117924690247
gpu_seed1102_ckpt150_optimizer_reset,1102,150,optimizer_reset,67,12.029231071472168,0.07083477433799552,0.2934773763020835,4.843158393257141,0.00025,0.00025,2.6531969706217446,2.946674346923828,5.833380091935396,25.910698115825653,26.05528984963894,0.049739375710487366,0.10362621396780014,0.10586162656545639,0.19456693530082703,2.0621373683673427,0.15452100490137038,0.5993664810672993,0.02954421564936638,0.46397778391838074,3.0482845306396484,169.75283813476562,169.98118591308594,2.9772825241088867,3.293027400970459,217,67,0.9999999998823411,0.19515741911956763,0.9991404955442829,0.06483614807871552,217,217,0,0.01,2.353663444519043,2.8020761013031006,2.941065788269043,1.2495693872956346,0.3594684898853302,9.44869613647461,0.6151838898658752,9.064342498779297,0.9593220448467424,0.6446248888969421
gpu_seed1102_ckpt150_optimizer_reset,1102,150,optimizer_reset,68,12.036787033081055,0.07087926802444082,0.22235957781473825,3.629565628991852,0.00025,0.00025,2.6793333689371743,2.9016929467519126,5.886717859655619,26.01602380722761,26.16303799301386,0.05333776772022247,0.10532569140195847,0.10774814337491989,0.20726437866687775,2.0447365272204805,0.15464760883317574,0.5988003461235395,0.029198361560702324,0.4116927981376648,3.0032427310943604,169.75228881835938,169.98048400878906,2.948390245437622,3.275113582611084,218,68,0.999999999894107,0.19596226170044806,0.9992264459898546,0.06577131193063679,218,218,0,0.01,2.551527500152588,2.9991230964660645,3.027806520462036,1.1866642708259185,0.4140835106372833,9.440103530883789,0.6170881986618042,9.054618835449219,0.959165204685055,0.6446130275726318
gpu_seed1102_ckpt150_optimizer_reset,1102,150,optimizer_reset,69,12.043761253356934,0.07092033609574896,0.14963038762410497,2.417698899818415,0.00025,0.00025,2.706655422846476,2.856285810470581,5.935074515640736,26.121652081608772,26.2704755961895,0.04835665598511696,0.10562827438116074,0.1074376031756401,0.1911633461713791,2.029251902670457,0.1547627466002792,0.597921979880007,0.0292868223041296,0.35543927550315857,2.9567513465881348,169.75173950195312,169.97976684570312,2.50661301612854,2.8722071647644043,219,69,0.9999999999046963,0.19676629943874768,0.9993038013908692,0.06670554061870615,219,219,0,0.01,2.161651849746704,3.063722848892212,3.002316951751709,1.388899397514971,0.38090404868125916,9.432875633239746,0.6237221956253052,9.04339599609375,0.958710402607822,0.6446143388748169
gpu_seed1102_ckpt150_optimizer_reset,1102,150,optimizer_reset,70,12.050470352172852,0.07095984298507657,0.14574376742045114,2.3888331876100235,0.00025,0.00025,2.72295347849528,2.868697245915731,5.981923077255487,26.231864042580128,26.381738372147083,0.046848561614751816,0.11021196097135544,0.11126277595758438,0.19000153243541718,2.0144809949143654,0.15488897506614277,0.5972895776893944,0.029857592657208443,0.36473342776298523,2.908630847930908,169.75112915039062,169.97897338867188,2.940880060195923,3.3706438541412354,220,70,0.9999999999142267,0.19756953313930892,0.9993734212517822,0.06763883507808743,220,220,0,0.01,2.0085256099700928,3.213815212249756,3.0060534477233887,1.4966468103768178,0.4125795066356659,9.425529479980469,0.626654326915741,9.034308433532715,0.9584934674195594,0.6445879936218262
gpu_seed1102_ckpt150_optimizer_reset,1102,150,optimizer_reset,71,12.056683540344238,0.07099642967789382,0.1880129178365073,3.1466466402859457,0.00025,0.00025,2.7221030394236245,2.910115957260132,6.026317480951548,26.33903407305479,26.489227935671806,0.04439440369606018,0.10717003047466278,0.10748956352472305,0.1999131590127945,2.000671816320985,0.1549648246516481,0.5972906629639232,0.029107211157679558,0.42154496908187866,2.8554930686950684,169.75050354003906,169.9781036376953,3.072575092315674,3.380178928375244,221,71,0.9999999999228041,0.1983719636061696,0.9994360791266039,0.06857119624300934,221,221,0,0.01,1.9126055240631104,2.993144989013672,2.6919729709625244,1.4074899068796634,0.4690423905849457,9.417262077331543,0.6288831233978271,9.024577140808105,0.9583015813619933,0.6447887420654297
gpu_seed1102_ckpt150_optimizer_reset,1102,150,optimizer_reset,72,12.062156677246094,0.07102865853899562,0.2709447542826333,4.672032790988052,0.00025,0.00025,2.708905299504598,2.9798500537872314,6.070806097239256,26.44300875067711,26.593603514134884,0.04448861628770828,0.10397467762231827,0.10437557846307755,0.20491082966327667,1.9869118670631667,0.15499320157844593,0.5975237917847928,0.02887541987001896,0.48910292983055115,2.8149752616882324,169.7498779296875,169.9771728515625,2.919438362121582,3.2193715572357178,222,72,0.9999999999305237,0.19917359164256343,0.9994924712139436,0.06950262504676641,222,222,0,0.01,1.8519221544265747,2.730473279953003,2.4149131774902344,1.3040036114459028,0.49967074394226074,9.408720016479492,0.6315136551856995,9.014610290527344,0.9581122910169695,0.6445620059967041
gpu_seed1102_ckpt150_optimizer_reset,1102,150,optimizer_reset,73,12.06710147857666,0.07105777626766138,0.3185856342315674,5.54052539480322,0.00025,0.00025,2.6924350261688232,3.0110206604003906,6.114839944988489,26.542696334421635,26.694878824055195,0.044033847749233246,0.09968758374452591,0.10127530992031097,0.18451499938964844,1.9734124829325197,0.15499196865384587,0.5980743552126948,0.02780708484351635,0.46764084696769714,2.7829859256744385,169.74925231933594,169.97630310058594,2.8142032623291016,3.2040507793426514,223,73,0.9999999999374712,0.19997441805092087,0.9995432240925493,0.07043312242171962,223,223,0,0.01,1.9526811838150024,2.5169458389282227,2.532517194747925,1.2969435132256384,0.3799079656600952,9.399884223937988,0.6409372091293335,9.001280784606934,0.9575948565071771,0.6428136825561523
gpu_seed1102_ckpt150_optimizer_reset,1102,150,optimizer_reset,74,12.071619033813477,0.07108437813471823,0.3541097640991211,6.125431870380407,0.00025,0.00025,2.6683234373728433,3.0224332014719644,6.161456383764744,26.64205428957939,26.797339528799057,0.046616438776254654,0.0993579551577568,0.10246070474386215,0.16698986291885376,1.9592152052913785,0.15497361632327056,0.5984677033978675,0.02714991383254528,0.41480493545532227,2.7518386840820312,169.74862670898438,169.9755096435547,2.825366973876953,3.071204423904419,224,74,0.9999999999437241,0.20077444363287,0.9995889016832943,0.0713626892992979,224,224,0,0.01,1.9472283124923706,2.607834815979004,2.810267686843872,1.4432142696432981,0.26534754037857056,9.391690254211426,0.648047924041748,8.989325523376465,0.9571573678491484,0.6420885920524597
gpu_seed1102_ckpt150_optimizer_reset,1102,150,optimizer_reset,75,12.075987815856934,0.07111010394282195,0.3336461385091143,5.640060648383267,0.00025,0.00025,2.65611203511556,2.9897581736246743,6.209039814770222,26.740900292992592,26.90011151880026,0.047583431005477905,0.09884600341320038,0.10277199000120163,0.15654899179935455,1.9449042325559456,0.15493441190195814,0.5989198764748582,0.026986191049218178,0.3294750452041626,2.733563184738159,169.74798583984375,169.9748077392578,2.6274819374084473,2.8413264751434326,225,75,0.9999999999493517,0.20157366918923714,0.9996300115149649,0.0722913266099986,225,225,1,0.01,1.9906266927719116,2.750684976577759,2.9651618003845215,1.4895619611400357,0.24989819526672363,9.383515357971191,0.6532130837440491,8.978145599365234,0.9567997980349063,0.6419817209243774
gpu_seed1102_ckpt150_optimizer_reset,1102,150,optimizer_reset,76,12.080482482910156,0.07113657103157832,0.3023345470428467,5.021942269061508,0.00025,0.00025,2.655064900716146,2.9573994477589927,6.252834107726812,26.83883634954691,27.000684268772602,0.04379429295659065,0.09793605655431747,0.10057274997234344,0.16256941854953766,1.9320011173781204,0.15491580500120106,0.5990173764489681,0.026600174605846405,0.30610424280166626,2.7279715538024902,169.74740600585938,169.9741668701172,2.765944480895996,3.0697062015533447,226,76,0.9999999999544166,0.20237209552004787,0.9996670103634684,0.07321903528338858,226,226,0,0.01,1.7536118030548096,2.7605226039886475,2.8236477375030518,1.610189742440498,0.28121426701545715,9.374691009521484,0.6555159687995911,8.967974662780762,0.956615493104936,0.6419553160667419
gpu_seed1102_ckpt150_optimizer_reset,1102,150,optimizer_reset,77,12.084514617919922,0.07116031447551252,0.2680856386820478,4.393640414359226,0.00025,0.00025,2.659571329752604,2.927656968434652,6.298121642321348,26.93759773671627,27.101998016238213,0.04528753459453583,0.09876138716936111,0.1013137474656105,0.1721903681755066,1.918749002355553,0.15487890925466796,0.5991710570517671,0.02652958407998085,0.3290214538574219,2.7517848014831543,169.746826171875,169.9735107421875,2.4733152389526367,2.671018600463867,227,77,0.9999999999589749,0.20316972342452777,0.9997003093271215,0.07414581624810523,227,227,0,0.01,1.895180106163025,2.9377620220184326,2.942492723464966,1.552619043379879,0.32005682587623596,9.367008209228516,0.6602716445922852,8.957353591918945,0.9562662262955072,0.6421090960502625
gpu_seed1102_ckpt150_optimizer_reset,1102,150,optimizer_reset,78,12.088573455810547,0.07118421516079729,0.25107622146606445,4.105232151676692,0.00025,0.00025,2.666097640991211,2.9171738624572754,6.3412837609648705,27.032171860337257,27.198654264211655,0.04316211864352226,0.09457412362098694,0.09665624797344208,0.1794213056564331,1.90632905125969,0.15483541980981522,0.5999344679160777,0.026979960501194,0.37430474162101746,2.7695484161376953,169.74627685546875,169.97286987304688,2.7178843021392822,3.0720953941345215,228,78,0.9999999999630774,0.20396655370110328,0.9997302783944094,0.07507167043185714,228,228,0,0.01,1.765745997428894,2.6587436199188232,2.6757259368896484,1.5153515515732514,0.3224155902862549,9.358952522277832,0.6658281087875366,8.946603775024414,0.9559407159858084,0.6412310600280762
gpu_seed1102_ckpt150_optimizer_reset,1102,150,optimizer_reset,79,12.09209156036377,0.07120493170873325,0.19708824157714844,3.2446785921537415,0.00025,0.00025,2.700957934061686,2.8980461756388345,6.386236868798733,27.12798608839512,27.296384893357754,0.044953107833862305,0.09581422805786133,0.09773062914609909,0.1915273815393448,1.8934611742073433,0.15477684277039297,0.6016616192612838,0.028015797957777977,0.3715354800224304,2.7674643993377686,169.74569702148438,169.97210693359375,3.0139784812927246,3.366259813308716,229,79,0.9999999999667697,0.20476258714740214,0.9997572505549684,0.07599659876142528,229,229,0,0.01,1.9512110948562622,2.505016565322876,2.638169527053833,1.3520677152806084,0.3194059431552887,9.350102424621582,0.6715909242630005,8.934693336486816,0.9555717072101985,0.6407182812690735
gpu_seed1102_ckpt150_optimizer_reset,1102,150,optimizer_reset,80,12.095884323120117,0.07122726559627496,0.1517937183380127,2.544256472750037,0.00025,0.00025,2.7422145207722983,2.894008239110311,6.430503062903881,27.22151643782854,27.39142319560051,0.044266194105148315,0.09353034943342209,0.09503830224275589,0.20230063796043396,1.881016804563341,0.1547273427458812,0.6037911742261278,0.02743798866868019,0.3589349687099457,2.7519516944885254,169.7451171875,169.9713592529297,2.58611798286438,2.826300621032715,230,80,0.9999999999700927,0.20555782456025473,0.9997815254994716,0.07692060216266383,230,230,0,0.01,1.8989217281341553,2.449476957321167,2.5411205291748047,1.3381912964207974,0.33845412731170654,9.340988159179688,0.6730186343193054,8.924747467041016,0.9554393298603452,0.6407126784324646
gpu_seed1102_ckpt150_optimizer_reset,1102,150,optimizer_reset,81,12.099925994873047,0.07125106519783436,0.10825069745381688,1.7943751198989268,0.00025,0.00025,2.7533487478892007,2.8615994453430176,6.4723787643015385,27.31236521154642,27.48310185968876,0.041875701397657394,0.09084877371788025,0.0916786640882492,0.21056079864501953,1.8694712462763188,0.15467682516889825,0.6056637459611857,0.026590989902615547,0.35146385431289673,2.7257468700408936,169.7445526123047,169.9706573486328,2.8859059810638428,2.9559836387634277,231,81,0.9999999999730834,0.2063522667356945,0.9998033729495245,0.07784368156050114,231,231,0,0.01,1.6920744180679321,2.3628287315368652,2.3773550987243652,1.4049944100198055,0.3494498133659363,9.332507133483887,0.6742517948150635,8.915586471557617,0.9553259744713867,0.6406573057174683
gpu_seed1102_ckpt150_optimizer_reset,1102,150,optimizer_reset,82,12.104249954223633,0.07127652706509965,0.08195360501607274,1.3283417167457081,0.00025,0.00025,2.744276682535807,2.82623028755188,6.512404724955559,27.40412637591362,27.575461462140083,0.04002596065402031,0.09176116436719894,0.09235960245132446,0.20309843122959137,1.8586452263690314,0.15464445352306186,0.607292972411216,0.026406612247228622,0.3671099841594696,2.7058351039886475,169.74398803710938,169.96995544433594,2.6048214435577393,2.794188976287842,232,82,0.999999999975775,0.2071459144689588,0.999823035654572,0.07876583787894065,232,232,0,0.01,1.4813164472579956,2.2001793384552,2.23496150970459,1.5087670928383512,0.31296923756599426,9.323760986328125,0.6760316491127014,8.905652046203613,0.9551566218033087,0.6408604979515076
gpu_seed1102_ckpt150_optimizer_reset,1102,150,optimizer_reset,83,12.108589172363281,0.07130207878456528,0.09870068232218454,1.5736409880016513,0.00025,0.00025,2.71929923693339,2.8179999192555747,6.554228994995356,27.495580509305,27.667291291058064,0.04182427003979683,0.09145413339138031,0.0918298289179802,0.21966126561164856,1.8474467678207838,0.15458828349175785,0.6086370159777353,0.025979677215218544,0.42980366945266724,2.6800715923309326,169.7434539794922,169.96923828125,2.7479259967803955,2.9192376136779785,233,83,0.9999999999781976,0.2079387685544899,0.9998407320891148,0.07968707204106174,233,233,0,0.01,1.744853138923645,2.1503660678863525,2.218494415283203,1.271450511101733,0.3660469651222229,9.315420150756836,0.6779574155807495,8.896320343017578,0.9550101014277748,0.6406634449958801
gpu_seed1102_ckpt150_optimizer_reset,1102,150,optimizer_reset,84,12.112512588500977,0.0713251820315722,0.12841089566548636,2.030552055733434,0.00025,0.00025,2.695935328801473,2.8243462244669595,6.597262822091579,27.586208038032055,27.759110622107983,0.04303382709622383,0.0906275287270546,0.09181933104991913,0.20954471826553345,1.8359906093083345,0.15453225269869542,0.6096480363918751,0.02560320496559143,0.44400355219841003,2.668250799179077,169.74288940429688,169.96852111816406,2.5200185775756836,2.7074778079986572,234,84,0.9999999999803778,0.20873082978593538,0.9998566588802034,0.08060738496902065,234,234,0,0.01,1.8174424171447754,2.0484538078308105,2.240978479385376,1.2330396045805665,0.332703560590744,9.306447982788086,0.6787851452827454,8.886826515197754,0.9549106739362472,0.6407267451286316
gpu_seed1102_ckpt150_optimizer_reset,1102,150,optimizer_reset,85,12.11648178100586,0.0713485548351801,0.14287813504536917,2.195596461443193,0.00025,0.00025,2.6599274476369223,2.8028055826822915,6.642268314957619,27.677062898874283,27.852472379803658,0.045005492866039276,0.09085486084222794,0.0933617576956749,0.19120731949806213,1.8241481985482462,0.15451710782692743,0.6097058639157104,0.026275677606463432,0.4134916067123413,2.6755716800689697,169.74237060546875,169.96778869628906,2.9541068077087402,3.1062204837799072,235,85,0.99999999998234,0.20952209895614948,0.999870992992183,0.08152677758405169,235,235,0,0.01,1.963155746459961,2.072026252746582,2.356578826904297,1.2004033970063615,0.318829208612442,9.29918098449707,0.6814850568771362,8.877928733825684,0.9547000696755313,0.6407797336578369
gpu_seed1102_ckpt150_optimizer_reset,1102,150,optimizer_reset,86,12.120444297790527,0.07137188832845034,0.12993280092875148,1.9898476788673118,0.00025,0.00025,2.663126230239868,2.7930590311686196,6.686165232211351,27.770580261945724,27.94796684384346,0.04389691725373268,0.09351736307144165,0.09549446403980255,0.18918366730213165,1.8127646979762202,0.15448775730917266,0.6090341617130355,0.02839869074523449,0.34081387519836426,2.6850666999816895,169.74188232421875,169.96713256835938,2.5905251502990723,2.8197555541992188,236,86,0.999999999984106,0.2103125768571933,0.9998838936929647,0.08244525080646758,236,236,0,0.01,1.9579025506973267,2.432555913925171,2.587758779525757,1.3216994781496039,0.32063883543014526,9.29068660736084,0.6847654581069946,8.867166519165039,0.9544145544785454,0.6412445902824402
gpu_seed1102_ckpt150_optimizer_reset,1102,150,optimizer_reset,87,12.124761581420898,0.071397310885378,0.17904527982076024,2.8406721261807366,0.00025,0.00025,2.673299233118693,2.852344512939453,6.728864673525095,27.868566192686558,28.04661874473095,0.04269944131374359,0.09798593074083328,0.09865190088748932,0.2022358477115631,1.8019030207464728,0.1544921431584193,0.6075944204420136,0.028822535648941994,0.32296091318130493,2.6938371658325195,169.7414093017578,169.96652221679688,2.8772213459014893,3.2112128734588623,237,87,0.9999999999856954,0.21110226428033607,0.9998955043236682,0.08336280555566111,237,237,0,0.01,1.738093614578247,2.746912956237793,2.636650323867798,1.5169783156392707,0.3785378932952881,9.282588958740234,0.6869537234306335,8.857699394226074,0.9542272563824934,0.6413589715957642
gpu_seed1102_ckpt150_optimizer_reset,1102,150,optimizer_reset,88,12.128338813781738,0.07141837561059021,0.2539432843526206,4.1425746015678975,0.00025,0.00025,2.662304639816284,2.9162479241689048,6.772968046367168,27.960813745856285,28.14092593640089,0.04410337284207344,0.09224755316972733,0.09430719166994095,0.19182747602462769,1.7906977754435518,0.1544656934414586,0.6058746270753728,0.02777879126369953,0.3003136217594147,2.71760892868042,169.74090576171875,169.9659423828125,2.763024091720581,2.7039308547973633,238,88,0.9999999999871259,0.21189116201605573,0.9999059538913014,0.08427944275010546,238,238,0,0.01,1.652708649635315,2.25698184967041,2.3447210788726807,1.4187141087381892,0.3120124936103821,9.274018287658691,0.6887016296386719,8.848172187805176,0.9540818136598717,0.6412662267684937
gpu_seed1102_ckpt150_optimizer_reset,1102,150,optimizer_reset,89,12.131872177124023,0.07143918201072649,0.2847642103830976,4.707010783495619,0.00025,0.00025,2.659388224283854,2.9441524346669516,6.818098224699497,28.050801880657673,28.23400527238846,0.045130178332328796,0.08998813480138779,0.0930793359875679,0.18108470737934113,1.7793630683073574,0.15444378678550502,0.6039842907544157,0.029356801882386208,0.2843792140483856,2.730170249938965,169.7403564453125,169.9654083251953,2.8472511768341064,3.1052298545837402,239,89,0.9999999999884133,0.2126792708540397,0.9999153585021713,0.08519516330735533,239,239,0,0.01,1.8030638694763184,1.897502064704895,2.158010244369507,1.196857349814836,0.32071632146835327,9.265233039855957,0.6910597085952759,8.838079452514648,0.9538971566603032,0.6411586403846741
gpu_seed1102_ckpt150_optimizer_reset,1102,150,optimizer_reset,90,12.135744094848633,0.07146198200655736,0.2765783468882246,4.582076718075049,0.00025,0.00025,2.6659390131632485,2.942517360051473,6.862413983792067,28.141386218369007,28.32717303186655,0.04431575909256935,0.09058433771133423,0.0931677594780922,0.18548326194286346,1.768436606055765,0.15447491832170154,0.6023403393027024,0.0301731638610363,0.271068811416626,2.7398855686187744,169.73983764648438,169.96481323242188,2.9676215648651123,2.9972522258758545,240,90,0.999999999989572,0.2134665915831857,0.9999238226519541,0.08610996814404803,240,240,0,0.01,1.844270944595337,1.8178542852401733,2.1717464923858643,1.1775636864794847,0.29670068621635437,9.2562894821167,0.6920275092124939,8.828530311584473,0.9537871874729482,0.6412225365638733
gpu_seed1102_ckpt150_optimizer_reset,1102,150,optimizer_reset,91,12.139486312866211,0.0714840182586855,0.286028067270915,4.821349387958849,0.00025,0.00025,2.6782986323038735,2.9643266995747886,6.911521531641483,28.236504770815372,28.424248158931732,0.04910754784941673,0.09511855244636536,0.09707512706518173,0.21788626909255981,1.7564130064977648,0.15449543980968206,0.6008542272447868,0.029849091544747353,0.300117552280426,2.740269899368286,169.7393035888672,169.96424865722656,2.9573559761047363,2.975703239440918,241,91,0.9999999999906147,0.21425312499160254,0.9999314403867587,0.08702385817590397,241,241,0,0.01,2.298105001449585,2.0857272148132324,2.362877368927002,1.0281851209738162,0.4223000407218933,9.24817943572998,0.6924882531166077,8.820144653320312,0.953716860125256,0.6412453651428223
gpu_seed1102_ckpt150_optimizer_reset,1102,150,optimizer_reset,92,12.14323616027832,0.07150609943691381,0.2816128730773926,4.7967274979993455,0.00025,0.00025,2.691047191619873,2.9726600646972656,6.9598758071660995,28.333510100841522,28.522633127868176,0.04835427552461624,0.09700533002614975,0.09838496893644333,0.22050027549266815,1.7447489720683709,0.15449962628939617,0.6000117824588311,0.032859791070222855,0.3250095546245575,2.7390475273132324,169.73878479003906,169.96365356445312,2.938316583633423,3.1636359691619873,242,92,0.9999999999915533,0.21503887186661086,0.9999382963480828,0.08793683431772803,242,242,0,0.01,2.160179853439331,1.9233181476593018,2.179298162460327,1.0088503320635769,0.43519124388694763,9.239819526672363,0.6933408975601196,8.81113338470459,0.9536044897055349,0.6414670944213867
gpu_seed1102_ckpt150_optimizer_reset,1102,150,optimizer_reset,93,12.146990776062012,0.07152820869395472,0.2504284381866455,4.169278770018613,0.00025,0.00025,2.684499184290568,2.9349276224772134,7.007963813841343,28.430115692317486,28.620609372854233,0.04808800667524338,0.09660559147596359,0.09797624498605728,0.22018301486968994,1.7333124283645567,0.15447367937029574,0.5995634108615184,0.03512055426836014,0.3099828362464905,2.7279741764068604,169.7382049560547,169.96298217773438,2.6916911602020264,2.859135389328003,243,93,0.999999999992398,0.21582383299474428,0.9999444667132745,0.0888488974834103,243,243,0,0.01,2.1343770027160645,1.968502402305603,2.1818783283233643,1.0222553586108876,0.43674275279045105,9.23431396484375,0.6949498653411865,8.804569244384766,0.9534621930664224,0.6416222453117371
gpu_seed1102_ckpt150_optimizer_reset,1102,150,optimizer_reset,94,12.150736808776855,0.07155026740913295,0.21119165420532227,3.4672265717635753,0.00025,0.00025,2.6908907095591226,2.902082363764445,7.054692082107067,28.525637961924076,28.717716969549656,0.04672826826572418,0.09552226960659027,0.09710759669542313,0.21038541197776794,1.7223624599567213,0.15444015749509876,0.5996174059746013,0.03276880830526352,0.2779756784439087,2.726970672607422,169.73768615722656,169.96234130859375,2.651564359664917,2.734597682952881,244,94,0.9999999999931581,0.2166080091617495,0.9999500200419471,0.0897600485859269,244,244,0,0.01,2.081955671310425,1.9463891983032227,2.190964698791504,1.0523589570047927,0.40997037291526794,9.225916862487793,0.6953158378601074,8.79594612121582,0.9533953375386277,0.641655683517456
gpu_seed1102_ckpt150_optimizer_reset,1102,150,optimizer_reset,95,12.154593467712402,0.07157297755276348,0.15628345807393362,2.5734163030936372,0.00025,0.00025,2.722158988316854,2.8784424463907876,7.105821114033461,28.630331501364708,28.822979368269444,0.05112903192639351,0.10469353944063187,0.1052623987197876,0.2330281138420105,1.7105121663851468,0.15445625881758968,0.5997499398591987,0.03698110207915306,0.25086045265197754,2.757655620574951,169.73715209960938,169.96165466308594,2.862833261489868,2.919915199279785,245,95,0.9999999999938424,0.21739140115258782,0.9999550180377524,0.09067028853734094,245,245,0,0.01,2.240222692489624,2.20651912689209,2.367129325866699,1.056649115198,0.4333341717720032,9.21712589263916,0.696039080619812,8.786766052246094,0.9533086728545492,0.6416231393814087
gpu_seed1102_ckpt150_optimizer_reset,1102,150,optimizer_reset,96,12.158923149108887,0.0715984731146039,0.12493888537089015,2.0972825180522197,0.00025,0.00025,2.757453282674154,2.882392168045044,7.153588902205229,28.73195169121027,28.925926961004734,0.04776778817176819,0.10162018984556198,0.10294759273529053,0.2070607841014862,1.6996955395855875,0.15447587181596947,0.6000886572724329,0.04149726405739784,0.24016176164150238,2.806713104248047,169.73663330078125,169.9609832763672,2.6554691791534424,2.7128207683563232,246,96,0.9999999999944581,0.2181740097514352,0.9999595162339772,0.09157961824880367,246,246,0,0.01,1.8378894329071045,1.9924705028533936,2.249518871307373,1.2239685538362035,0.3123263120651245,9.209030151367188,0.6969073414802551,8.778128623962402,0.9532088048010391,0.6416771411895752
gpu_seed1102_ckpt150_optimizer_reset,1102,150,optimizer_reset,97,12.16337776184082,0.07162470434133443,0.08756136894226074,1.4588833189252703,0.00025,0.00025,2.768986543019613,2.8565479119618735,7.1987518928945065,28.828512854874134,29.023808546364307,0.04516299068927765,0.09656116366386414,0.09788158535957336,0.20442013442516327,1.6896509204387131,0.15450941105780594,0.6006285378154886,0.03963558003306389,0.26523494720458984,2.854282855987549,169.73611450195312,169.96035766601562,2.71083664894104,2.7237448692321777,247,97,0.9999999999950123,0.21895583574168376,0.9999635646105794,0.09248803863055488,247,247,0,0.01,1.6070743799209595,1.868921160697937,2.009286403656006,1.2502759229809748,0.3393251895904541,9.20038890838623,0.6971290111541748,8.769327163696289,0.9531474431153689,0.6417397856712341
gpu_seed1102_ckpt150_optimizer_reset,1102,150,optimizer_reset,98,12.167927742004395,0.07165149714431696,0.06985934575398778,1.1270651490703187,0.00025,0.00025,2.745755434036255,2.8156147797902427,7.243484124541283,28.924637839198112,29.121352821588516,0.0447322316467762,0.09612498432397842,0.09754427522420883,0.20071455836296082,1.679844606931238,0.15452066674443068,0.6009871206421341,0.043524641543626785,0.321648508310318,2.8884541988372803,169.73562622070312,169.9597625732422,2.6936841011047363,2.723567485809326,248,98,0.999999999995511,0.21973687990594204,0.9999672081495214,0.09339555059192428,248,248,0,0.01,1.6017276048660278,1.7230889797210693,1.7998236417770386,1.123676483010016,0.41580960154533386,9.192956924438477,0.6976222991943359,8.761556625366211,0.9530727378993381,0.6418213844299316
gpu_seed1102_ckpt150_optimizer_reset,1102,150,optimizer_reset,99,12.172743797302246,0.07167985674504253,0.08207098642985011,1.2601194319709776,0.00025,0.00025,2.690061092376709,2.772132078806559,7.290590353310108,29.022996298968792,29.220680601894855,0.04710622876882553,0.09835845977067947,0.09932778030633926,0.21878311038017273,1.6696513186718618,0.1545623270252075,0.6011042807718998,0.046074531972408295,0.3373635709285736,2.909749984741211,169.73512268066406,169.9591522216797,2.8393714427948,2.912564754486084,249,99,0.99999999999596,0.2205171430260361,0.9999704873345694,0.09430215504133233,249,249,0,0.01,1.9426265954971313,1.8080902099609375,1.8605337142944336,0.9577412965549112,0.5098162889480591,9.185696601867676,0.698121190071106,8.753921508789062,0.9529948449427585,0.6419445872306824
gpu_seed1102_ckpt150_optimizer_reset,1102,150,optimizer_reset,100,12.17732048034668,0.0717068067893756,0.08788736661275243,1.3083869928828928,0.00025,0.00025,2.65622878074646,2.7441161473592124,7.343858376145363,29.120607420802116,29.322029821574688,0.05326802283525467,0.09761112183332443,0.10134921967983246,0.20133931934833527,1.6581638502043992,0.1545859077081205,0.6009594601693069,0.04107366129755974,0.28265199065208435,2.905540704727173,169.734619140625,169.9585723876953,2.9567062854766846,3.0375125408172607,250,100,0.999999999996364,0.22129662588301013,0.9999734386011124,0.09520785288629108,250,250,1,0.01,2.447765827178955,1.8447543382644653,2.273517370223999,0.9288132651330026,0.4679182469844818,9.177778244018555,0.698391318321228,8.745706558227539,0.9529219736733601,0.6421524882316589
gpu_seed1102_ckpt300_optimizer_reset,1102,300,optimizer_reset,1,0.4199416935443878,0.0024744898901021242,0.5973142782847085,12.178830198016094,0.000125,0.000125,2.7015318870544434,3.298846165339152,0.02620740421116352,0.42662546038627625,0.41994166374206543,0.02620740421116352,0.42662546038627625,0.41994166374206543,0.2837500274181366,16.02378053716141,0.010144185887582553,0.05081973873995048,0.09551914036273956,0.9556843042373657,0.988480269908905,169.70811462402344,169.70872497558594,2.7999753952026367,2.7999753952026367,301,1,0.9999999999999831,0.2600336748760569,0.09999999999999998,0.0010000000000000009,301,301,0,0.01,1.8220996856689453,0.9991628527641296,1.4705150127410889,0.8070442162446306,0.5921096801757812,8.770130157470703,0.0027001528069376945,8.769180297851562,0.9998916937829786,0.3519551455974579
gpu_seed1102_ckpt300_optimizer_reset,1102,300,optimizer_reset,2,0.5745269060134888,0.003385377166346456,0.3156201044718423,5.351094718741731,0.000125,0.000125,2.6685598691304526,2.984179973602295,0.05285990610718727,0.71885085105896,0.7082158923149109,0.02665250189602375,0.2922253906726837,0.28827422857284546,0.19284795224666595,10.868859752372932,0.012138119976453086,0.05749050424840655,0.06472105532884598,0.8338446617126465,1.0854768753051758,169.70787048339844,169.70895385742188,2.5010793209075928,3.1761906147003174,302,2,0.9999999999999848,0.26077364120118074,0.18999999999999995,0.001998999999999973,302,302,0,0.01,1.9918818473815918,1.9156842231750488,2.687955856323242,1.3494554708931747,0.05402927100658417,8.762158393859863,0.021220160648226738,8.755756378173828,0.999269356316188,0.3027961850166321
gpu_seed1102_ckpt300_optimizer_reset,1102,300,optimizer_reset,3,0.7007517218589783,0.004129151922440427,0.18671234448750829,2.852505430916123,0.000125,0.000125,2.6315755049387612,2.8182878494262695,0.08159421570599079,0.9498231410980225,0.9370826780796051,0.02873430959880352,0.2309722900390625,0.2288667857646942,0.1351442188024521,8.588252436611626,0.013435298205231221,0.059745899517175315,0.052080463618040085,0.7590904831886292,1.2108705043792725,169.70761108398438,169.70884704589844,2.795416831970215,3.033292531967163,303,3,0.9999999999999863,0.2615128675599796,0.2709999999999999,0.002997000999999999,303,303,0,0.01,2.4524872303009033,1.878435492515564,3.291865825653076,1.3422560513180917,-0.1403529942035675,8.754114151000977,0.023573266342282295,8.744174003601074,0.9988645170454209,0.422750860452652
gpu_seed1102_ckpt300_optimizer_reset,1102,300,optimizer_reset,4,0.8058298230171204,0.004748320495087686,0.26947871843973825,4.138127213391094,0.000125,0.000125,2.5937458674112954,2.8632245858510337,0.10916121862828732,1.1599837094545364,1.1460947692394257,0.027567002922296524,0.21016056835651398,0.20901209115982056,0.1071334108710289,7.3820156382984985,0.014498148061765765,0.060410008470082675,0.046763256192207336,0.866883397102356,1.3153272867202759,169.70736694335938,169.7086639404297,2.754814624786377,3.2318997383117676,304,4,0.9999999999999877,0.26225135469241967,0.3439,0.003994003998999962,304,304,0,0.01,2.3751330375671387,2.204009532928467,3.6331591606140137,1.529665540054947,-0.25797760486602783,8.745935440063477,0.02577642910182476,8.734411239624023,0.9986823364385173,0.4482475221157074
gpu_seed1102_ckpt300_optimizer_reset,1102,300,optimizer_reset,5,0.891882598400116,0.005255383084903965,0.2752724488576255,4.108945567408703,0.000125,0.000125,2.562368869781494,2.8376413186391196,0.13730626367032528,1.350863665342331,1.3343376070261002,0.028145045042037964,0.1908799558877945,0.1882428377866745,0.16677525639533997,6.495571101803819,0.015127953524428058,0.06125067195993437,0.04706503078341484,0.7346014380455017,1.2801119089126587,169.70713806152344,169.708251953125,2.9210867881774902,3.540800094604492,305,5,0.9999999999999889,0.2629891033377272,0.40950999999999993,0.004990009995000988,305,305,0,0.01,2.3346779346466064,2.0479843616485596,3.3147778511047363,1.4198009078305975,-0.14041876792907715,8.737579345703125,0.031144525855779648,8.724096298217773,0.9984568898372316,0.434361070394516
gpu_seed1102_ckpt300_optimizer_reset,1102,300,optimizer_reset,6,0.9674214720726013,0.005700492922973685,0.18025596936543753,2.5122595727371966,0.000125,0.000125,2.5430785020192466,2.723334471384684,0.16756150498986244,1.5304536074399948,1.5093322545289993,0.030255241319537163,0.17958994209766388,0.17499464750289917,0.23417554795742035,5.773530573894984,0.015543718066899168,0.061491816823314,0.04309608042240143,0.6901237964630127,1.2011713981628418,169.70687866210938,169.70785522460938,2.430068016052246,3.100727081298828,306,6,0.99999999999999,0.2637261142343895,0.46855899999999995,0.0059850199850060015,306,306,0,0.01,2.6004796028137207,2.605194330215454,3.307243824005127,1.2717822590976737,0.1927502304315567,8.72981071472168,0.03932518512010574,8.711729049682617,0.9979287448913906,0.4615635871887207
gpu_seed1102_ckpt300_optimizer_reset,1102,300,optimizer_reset,7,1.0396279096603394,0.006125966512659682,0.16595220565795898,2.2792287531037516,0.000125,0.000125,2.53576922416687,2.701721429824829,0.19666795246303082,1.695294588804245,1.6704236567020416,0.029106447473168373,0.16484098136425018,0.1610914021730423,0.2156444787979126,5.286209047457694,0.015844250914641488,0.06078045016720773,0.04050101339817047,0.6176258325576782,1.1051899194717407,169.70664978027344,169.70748901367188,2.748051166534424,3.1306769847869873,307,7,0.999999999999991,0.2644623881201551,0.5217030999999999,0.006979034965020947,307,307,0,0.01,2.4567277431488037,2.4405136108398438,3.188230514526367,1.2977549194925009,0.15234334766864777,8.721370697021484,0.04023486003279686,8.702424049377441,0.9978275607925355,0.47268834710121155
gpu_seed1102_ckpt300_optimizer_reset,1102,300,optimizer_reset,8,1.106446385383606,0.00651969174926037,0.07875140508015965,1.032320850980696,0.000125,0.000125,2.533634583155314,2.6123859882354736,0.22281507216393948,1.848950743675232,1.8218134343624115,0.02614711970090866,0.15365615487098694,0.15138977766036987,0.17112217843532562,4.965760954288388,0.016074567399111124,0.05899049025787583,0.037748198956251144,0.4814487099647522,1.0119342803955078,169.7063751220703,169.70703125,2.6432712078094482,3.217440366744995,308,8,0.9999999999999919,0.26519792573203493,0.5695327899999999,0.00797205593005601,308,308,0,0.01,1.9941952228546143,2.3748297691345215,3.180806875228882,1.595032842709393,-0.05288354307413101,8.713722229003906,0.04361589998006821,8.692004203796387,0.9975076064352582,0.49982088804244995
gpu_seed1102_ckpt300_optimizer_reset,1102,300,optimizer_reset,9,1.1719673871994019,0.006905771671961383,0.06326119105021144,0.8246791285498691,0.000125,0.000125,2.5359249909718833,2.5991861820220947,0.24878289550542831,1.9947778433561325,1.9655791521072388,0.025967823341488838,0.14582709968090057,0.14376571774482727,0.16785785555839539,4.710803710253944,0.016481583654619398,0.05841584439728955,0.03660847619175911,0.43351373076438904,0.979133129119873,169.70614624023438,169.7065887451172,2.5185296535491943,2.7552103996276855,309,9,0.9999999999999928,0.26593272780630295,0.6125795109999999,0.00896408387412595,309,309,0,0.01,2.0826783180236816,2.2334494590759277,3.1956112384796143,1.5343758135008074,-0.0952460840344429,8.706193923950195,0.044627513736486435,8.68360424041748,0.9974053319129994,0.508078932762146
gpu_seed1102_ckpt300_optimizer_reset,1102,300,optimizer_reset,10,1.2353304624557495,0.007279136097399267,0.04441714286804199,0.5778213973932846,0.000125,0.000125,2.543348550796509,2.587765693664551,0.2746450658887625,2.1325092911720276,2.1009075194597244,0.02586217038333416,0.13773144781589508,0.13532836735248566,0.18599514663219452,4.497916095647568,0.01691123819214288,0.058075060470746655,0.03420412167906761,0.40678703784942627,0.9800529479980469,169.70590209960938,169.70628356933594,2.494542121887207,2.721705675125122,310,10,0.9999999999999934,0.26666679507849655,0.6513215599,0.009955119790251765,310,310,0,0.01,2.0293936729431152,1.9938251972198486,3.1315224170684814,1.5430827733514454,-0.21163460612297058,8.697799682617188,0.04789445549249649,8.67379379272461,0.9972400042804445,0.5032792687416077
gpu_seed1102_ckpt300_optimizer_reset,1102,300,optimizer_reset,11,1.2961621284484863,0.007637584293449098,0.08621835708618164,1.0531723278902145,0.000125,0.000125,2.5454785029093423,2.4592601458231607,0.29918920062482357,2.2650056630373,2.230179876089096,0.024544134736061096,0.13249637186527252,0.12927235662937164,0.2223796397447586,4.332249044207688,0.01725972761258626,0.05711445264996266,0.03230955824255943,0.34445875883102417,0.9890954494476318,169.70565795898438,169.70603942871094,2.607971429824829,3.0172595977783203,311,11,0.9999999999999941,0.2674001282834181,0.6861894039099999,0.010945164670461582,311,311,0,0.01,1.7073755264282227,2.288240909576416,3.045835256576538,1.7839281455243465,-0.14409604668617249,8.690001487731934,0.05341145396232605,8.662908554077148,0.9968822866493141,0.5095388293266296
gpu_seed1102_ckpt300_optimizer_reset,1102,300,optimizer_reset,12,1.3564329147338867,0.0079927275279133,0.1048807303110757,1.2534948398094254,0.000125,0.000125,2.532849073410034,2.4279683430989585,0.3248662408441305,2.396904766559601,2.3566688299179077,0.025677040219306946,0.13189910352230072,0.12648895382881165,0.3037141263484955,4.175358175737695,0.017747472572774245,0.057233155026160096,0.030463524162769318,0.43176209926605225,1.035933256149292,169.7053985595703,169.70579528808594,2.793550729751587,2.8982629776000977,312,12,0.9999999999999947,0.26813272815513467,0.7175704635189999,0.0119342195057911,312,312,0,0.01,1.8844990730285645,2.763509511947632,2.8444015979766846,1.5093674699473099,0.29740801453590393,8.683919906616211,0.05693899467587471,8.655320167541504,0.9967065864974279,0.5047392249107361
gpu_seed1102_ckpt300_optimizer_reset,1102,300,optimizer_reset,13,1.4132436513900757,0.008327482556208996,0.04058972994486476,0.4975784543751338,0.000125,0.000125,2.5264643828074136,2.485874652862549,0.34991979226469994,2.5203493535518646,2.4743039458990097,0.02505355142056942,0.1234445869922638,0.11763511598110199,0.32790234684944153,4.038764547267953,0.018247918168400455,0.058201457822654984,0.028490589931607246,0.5372451543807983,1.0763158798217773,169.70510864257812,169.70547485351562,2.6444284915924072,2.887906312942505,313,13,0.9999999999999952,0.2688645954269795,0.7458134171670999,0.012922285286285251,313,313,0,0.01,1.861816167831421,2.4023115634918213,2.466320514678955,1.3246853031415637,0.3526672422885895,8.67573356628418,0.05945102497935295,8.64518928527832,0.9964793431271843,0.5162951946258545
gpu_seed1102_ckpt300_optimizer_reset,1102,300,optimizer_reset,14,1.466821312904358,0.008643186816563396,0.05223965644836426,0.6683154243917766,0.000125,0.000125,2.5226848125457764,2.5749244689941406,0.37849192693829536,2.6414996832609177,2.587166912853718,0.02857213467359543,0.12115032970905304,0.1128629669547081,0.39804980158805847,3.875436194282725,0.018746400176752987,0.05941632019792159,0.027881721034646034,0.5476310849189758,1.1036182641983032,169.7048797607422,169.7052459716797,3.118727445602417,3.0873022079467773,314,14,0.9999999999999957,0.2695957308315525,0.7712320754503899,0.013909363000998987,314,314,0,0.01,2.1760518550872803,2.214022636413574,2.1220319271087646,0.975175257035718,0.5328208804130554,8.667511940002441,0.060615524649620056,8.636224746704102,0.9963902912951363,0.5187254548072815
gpu_seed1102_ckpt300_optimizer_reset,1102,300,optimizer_reset,15,1.5151758193969727,0.008928113841662906,0.07247718175252249,0.9423567200213618,0.000125,0.000125,2.5286546548207602,2.6011318365732827,0.4064809139817953,2.756413869559765,2.69505725055933,0.027988987043499947,0.1149141862988472,0.10789033770561218,0.3650631010532379,3.7275448053659512,0.019036431449058002,0.05938688266036545,0.02630431577563286,0.4842776656150818,1.0995497703552246,169.70462036132812,169.70484924316406,2.9113717079162598,3.4177424907684326,315,15,0.9999999999999961,0.270326135100721,0.794108867905351,0.014895453637998046,315,315,0,0.01,2.1638331413269043,1.8571720123291016,2.148179531097412,0.992765796062775,0.43753764033317566,8.65920352935791,0.06353873014450073,8.626680374145508,0.9962440939165902,0.5145763754844666
gpu_seed1102_ckpt300_optimizer_reset,1102,300,optimizer_reset,16,1.5605357885360718,0.009195395673344573,0.05318403244018555,0.6894281109470821,0.000125,0.000125,2.5353943506876626,2.588578383127848,0.43192453123629093,2.8683250844478607,2.802195407450199,0.02544361725449562,0.11191121488809586,0.10713815689086914,0.2972707748413086,3.612982536707886,0.019192936092846398,0.05891496735224308,0.026259608566761017,0.3707113564014435,1.0806254148483276,169.704345703125,169.70448303222656,2.5380284786224365,2.751401901245117,316,16,0.9999999999999966,0.2710558089656203,0.8146979811148158,0.015880558184360072,316,316,0,0.01,1.7796930074691772,1.7589850425720215,2.356896162033081,1.3243273711477883,0.1128234937787056,8.650989532470703,0.06658343225717545,8.61715316772461,0.9960887289690863,0.5110344886779785
gpu_seed1102_ckpt300_optimizer_reset,1102,300,optimizer_reset,17,1.604624629020691,0.009455187429492225,0.006989876429239761,0.08800835961208975,0.000125,0.000125,2.53646183013916,2.5294719537099204,0.4558563306927681,2.9782131016254425,2.9081107079982758,0.023931799456477165,0.10988801717758179,0.10591530054807663,0.2718929648399353,3.5200226935065517,0.019366278440481024,0.05842961302498282,0.024918142706155777,0.2959153354167938,1.0910059213638306,169.70407104492188,169.7041473388672,2.55204701423645,2.7463715076446533,317,17,0.9999999999999969,0.2717847531566546,0.8332281830033342,0.016864677626175606,317,317,0,0.01,1.5652623176574707,1.9706836938858032,2.5405232906341553,1.6230655155837461,-0.019551556557416916,8.642592430114746,0.06836067885160446,8.607998847961426,0.9959973141815902,0.5089898109436035
gpu_seed1102_ckpt300_optimizer_reset,1102,300,optimizer_reset,18,1.6476489305496216,0.009708706431769598,0.052845319112142075,0.6483590395575014,0.000125,0.000125,2.533381779988607,2.480536460876465,0.4796846453100443,3.0877784937620163,3.0128785371780396,0.02382831461727619,0.10956539213657379,0.1047678291797638,0.3056708574295044,3.4348586027414503,0.019630995675647602,0.05843900544268627,0.023832594975829124,0.2921832799911499,1.1357057094573975,169.70379638671875,169.70379638671875,2.284097909927368,2.4450302124023438,318,18,0.9999999999999972,0.27251296840349803,0.8499053647030008,0.017847812948549535,318,318,0,0.01,1.569370150566101,2.148775577545166,2.5042569637298584,1.5957082927981843,0.11992918699979782,8.634242057800293,0.06906028836965561,8.599236488342285,0.9959457275780936,0.5098617076873779
gpu_seed1102_ckpt300_optimizer_reset,1102,300,optimizer_reset,19,1.689953088760376,0.009957982017906958,0.05920688311258937,0.7187721154338167,0.000125,0.000125,2.5259639422098794,2.46675705909729,0.5032906085252762,3.1950934156775475,3.1144909486174583,0.023605963215231895,0.10731492191553116,0.10161241143941879,0.3451369106769562,3.3578077161202295,0.019989895936851496,0.059200009642156305,0.022871794179081917,0.32966312766075134,1.198441982269287,169.7035369873047,169.7035675048828,2.6497623920440674,2.6961069107055664,319,19,0.9999999999999974,0.27324045543509456,0.8649148282327007,0.01882996513560098,319,319,0,0.01,1.5801825523376465,2.125990390777588,2.2240610122680664,1.4074709336440205,0.30814021825790405,8.62587833404541,0.0697891116142273,8.590423583984375,0.9958897229141181,0.5110248923301697
gpu_seed1102_ckpt300_optimizer_reset,1102,300,optimizer_reset,20,1.731167197227478,0.010200834528860689,0.042021751403808594,0.5100066889630117,0.000125,0.000125,2.5171737670898438,2.475152015686035,0.5282489620149136,3.300048254430294,3.213177427649498,0.024958353489637375,0.10495483875274658,0.09868647903203964,0.3625532388687134,3.2771804995526455,0.020392982639270568,0.060676724051718936,0.023455720394849777,0.35922205448150635,1.2534245252609253,169.70326232910156,169.70335388183594,2.675090789794922,2.7474606037139893,320,20,0.9999999999999977,0.2739672149796595,0.8784233454094307,0.01981113517046529,320,320,0,0.01,1.7408570051193237,1.9864851236343384,2.0422046184539795,1.1731030248017569,0.4057193696498871,8.617873191833496,0.07053579390048981,8.581762313842773,0.9958097691637029,0.5149606466293335
gpu_seed1102_ckpt300_optimizer_reset,1102,300,optimizer_reset,21,1.7699308395385742,0.010429247764500039,0.034760475158691406,0.4179988214350878,0.000125,0.000125,2.5043275356292725,2.469567060470581,0.5527450293302536,3.400997020304203,3.3079870715737343,0.024496067315340042,0.100948765873909,0.0948096439242363,0.36432546377182007,3.2020746377040243,0.02075856558072439,0.06197984570972249,0.02230866812169552,0.34669387340545654,1.2884217500686646,169.7030029296875,169.70314025878906,2.6682913303375244,2.879014015197754,321,21,0.999999999999998,0.27469324776467974,0.8905810108684876,0.020791324035294823,321,321,0,0.01,1.6985955238342285,1.7673367261886597,1.9412516355514526,1.1428569122614518,0.37312716245651245,8.60977554321289,0.07274963706731796,8.572784423828125,0.9957035907382137,0.5115938782691956
gpu_seed1102_ckpt300_optimizer_reset,1102,300,optimizer_reset,22,1.806213617324829,0.010643042603633867,0.03098750114440918,0.3692098952067564,0.000125,0.000125,2.4932351112365723,2.462247610092163,0.5781160872429609,3.500888094305992,3.4015911668539047,0.02537105791270733,0.09989107400178909,0.09360409528017044,0.3669966459274292,3.1243095585448044,0.021065269494475625,0.0633000306195444,0.021257365122437477,0.31433534622192383,1.301794409751892,169.70274353027344,169.70289611816406,2.6949174404144287,2.9877707958221436,322,22,0.9999999999999981,0.2754185545169151,0.9015229097816388,0.021770532711259616,322,322,0,0.01,1.6779028177261353,1.7175077199935913,1.967206597328186,1.1724198663620684,0.3288363814353943,8.601373672485352,0.07593271136283875,8.563177108764648,0.9955592484205302,0.5063316226005554
gpu_seed1102_ckpt300_optimizer_reset,1102,300,optimizer_reset,23,1.8410552740097046,0.010848345693435358,0.0004915396372475733,0.0059114297072557775,0.000125,0.000125,2.486854632695516,2.4873461723327637,0.6032088566571474,3.601336218416691,3.4951887503266335,0.025092769414186478,0.1004481241106987,0.09359758347272873,0.38860297203063965,3.0521025241727737,0.02134751759243865,0.06444967384075388,0.021976377815008163,0.29532116651535034,1.3147248029708862,169.70245361328125,169.70260620117188,2.4340710639953613,2.629194498062134,323,23,0.9999999999999983,0.27614313596239815,0.9113706188034749,0.022748762178548265,323,323,0,0.01,1.679091215133667,1.8674880266189575,1.9060869216918945,1.135189621928325,0.42633333802223206,8.593029022216797,0.0770927220582962,8.55421257019043,0.9954827975179643,0.5068530440330505
gpu_seed1102_ckpt300_optimizer_reset,1102,300,optimizer_reset,24,1.8750325441360474,0.011048555419483951,0.04177276293436716,0.5104566341231696,0.000125,0.000125,2.482102076212565,2.523874839146932,0.6273530200123787,3.7007031738758087,3.5873831138014793,0.024144163355231285,0.09936695545911789,0.09219436347484589,0.40784144401550293,2.988799741644762,0.02157817495449478,0.06537737686383031,0.021732155233621597,0.2927824854850769,1.3206804990768433,169.7021942138672,169.70228576660156,2.604231119155884,2.810260534286499,324,24,0.9999999999999986,0.2768669928264358,0.9202335569231275,0.023726013416369818,324,324,0,0.01,1.5910420417785645,1.7718108892440796,1.7168666124343872,1.0790831212191534,0.48298561573028564,8.584861755371094,0.07854604721069336,8.545058250427246,0.9953635240637463,0.5101436972618103
gpu_seed1102_ckpt300_optimizer_reset,1102,300,optimizer_reset,25,1.9079046249389648,0.011242252860971365,0.06528941790262888,0.8046406327180033,0.000125,0.000125,2.4787434736887612,2.54403289159139,0.6526221819221973,3.797813192009926,3.677246429026127,0.02526916190981865,0.09711001813411713,0.08986331522464752,0.40618592500686646,2.923444341589194,0.02178111151907985,0.06621920868315775,0.021183012053370476,0.30918094515800476,1.3292580842971802,169.7019805908203,169.70193481445312,2.636368751525879,2.763939142227173,325,25,0.9999999999999987,0.2775901258336093,0.9282102012308147,0.024702287402953438,325,325,1,0.01,1.6410431861877441,1.6981420516967773,1.6387040615081787,0.9985746111374448,0.5187738537788391,8.576888084411621,0.07985784858465195,8.536321640014648,0.9952702607287488,0.5114306211471558
gpu_seed1102_ckpt300_optimizer_reset,1102,300,optimizer_reset,26,1.939428448677063,0.011428005750804486,0.0565566221872964,0.6942545982981798,0.000125,0.000125,2.479184865951538,2.5357414881388345,0.679821752011776,3.896785505115986,3.768967315554619,0.02719957008957863,0.09897231310606003,0.09172088652849197,0.39424389600753784,2.8528484752582837,0.021916450023071635,0.0670964416480826,0.022489428520202637,0.2766624391078949,1.3384535312652588,169.7017364501953,169.70156860351562,2.9859488010406494,3.1461970806121826,326,26,0.9999999999999988,0.2783125357077757,0.9353891811077333,0.025677585115550405,326,326,0,0.01,1.870082974433899,1.8760547637939453,1.8984994888305664,1.0151953227659614,0.48633477091789246,8.568924903869629,0.08136006444692612,8.526813507080078,0.9950855682290402,0.521061897277832
gpu_seed1102_ckpt300_optimizer_reset,1102,300,optimizer_reset,27,1.9704240560531616,0.011610646146527955,0.014783541361490737,0.17865130400174678,0.000125,0.000125,2.484520514806112,2.4993040561676025,0.7051932159811258,3.9976468682289124,3.863550879061222,0.02537146396934986,0.10086136311292648,0.09458356350660324,0.36550912261009216,2.794161956463156,0.022037452252128182,0.06782396222824542,0.02252872660756111,0.2575555741786957,1.3591687679290771,169.70150756835938,169.70120239257812,2.4464566707611084,2.61503005027771,327,27,0.9999999999999989,0.27903422317206794,0.94185026299696,0.026651907530434893,327,327,0,0.01,1.7056752443313599,1.9807795286178589,2.07882022857666,1.2187667233162884,0.3716548681259155,8.560896873474121,0.08393840491771698,8.517621040344238,0.9949449416608478,0.5191677212715149
gpu_seed1102_ckpt300_optimizer_reset,1102,300,optimizer_reset,28,2.001079797744751,0.011791283897090825,0.015520095825195312,0.18874986527218418,0.000125,0.000125,2.4905169010162354,2.5060369968414307,0.7314343359321356,4.1017182767391205,3.960661493241787,0.02624111995100975,0.10407140851020813,0.09711061418056488,0.3824647068977356,2.735829724471235,0.022256500388588306,0.06874484063767891,0.021842453628778458,0.3240220546722412,1.4067344665527344,169.70126342773438,169.7007598876953,2.656719923019409,2.6931161880493164,328,28,0.999999999999999,0.27975518894889584,0.9476652366972639,0.02762525562290441,328,328,0,0.01,1.8314121961593628,2.2182912826538086,2.130666494369507,1.1634008438059678,0.45969852805137634,8.553290367126465,0.08556069433689117,8.509283065795898,0.994854927233536,0.5180065035820007
gpu_seed1102_ckpt300_optimizer_reset,1102,300,optimizer_reset,29,2.030758857727051,0.011966166589147629,0.06151898701985692,0.7737921202794791,0.000125,0.000125,2.50104022026062,2.562559207280477,0.7575712613761425,4.201033905148506,4.053735673427582,0.02613692544400692,0.09931562840938568,0.09307418018579483,0.36287975311279297,2.6806176016173824,0.022497483896870334,0.06979519223172381,0.024520335718989372,0.3811756670475006,1.4654380083084106,169.70101928710938,169.70040893554688,2.584364414215088,2.7357354164123535,329,29,0.9999999999999991,0.280475433759947,0.9528987130275375,0.02859763036728158,329,329,0,0.01,1.847533941268921,1.8076473474502563,1.9821434020996094,1.0728589920990372,0.4120260179042816,8.545244216918945,0.08696848154067993,8.500240325927734,0.9947334575993625,0.5211992263793945
gpu_seed1102_ckpt300_optimizer_reset,1102,300,optimizer_reset,30,2.059912919998169,0.012137955752867958,0.11256464322408055,1.4776767138429765,0.000125,0.000125,2.5178884665171304,2.630453109741211,0.7850147858262062,4.2971455827355385,4.1429508328437805,0.027443524450063705,0.09611167758703232,0.08921515941619873,0.38505125045776367,2.624043466681387,0.022728900506749597,0.07095212426592502,0.023265955969691277,0.3966016471385956,1.5092835426330566,169.7007598876953,169.70005798339844,2.7013678550720215,2.776407480239868,330,30,0.9999999999999992,0.281194958326187,0.9576088417247838,0.029569032736914247,330,330,0,0.01,2.098745584487915,1.7660630941390991,1.9227595329284668,0.9161470295108188,0.5162131786346436,8.537325859069824,0.08770255744457245,8.491547584533691,0.9946378672557644,0.525711178779602
gpu_seed1102_ckpt300_optimizer_reset,1102,300,optimizer_reset,31,2.087293863296509,0.012299296882874237,0.11811415354410792,1.588205162712713,0.000125,0.000125,2.539069970448812,2.65718412399292,0.8134881258010864,4.400720737874508,4.23913836479187,0.02847333997488022,0.10357515513896942,0.0961875319480896,0.38765713572502136,2.5658565836329448,0.022885078609495523,0.07213310086937003,0.02862519584596157,0.3478030860424042,1.5051196813583374,169.70054626464844,169.6997528076172,3.225066900253296,3.555269479751587,331,31,0.9999999999999993,0.2819137633678609,0.9618479575523053,0.030539463704177372,331,331,0,0.01,2.0265307426452637,1.9079809188842773,2.105342388153076,1.0388899333468287,0.4286411702632904,8.529399871826172,0.09035025537014008,8.481719970703125,0.9944099348323984,0.5315462946891785
gpu_seed1102_ckpt300_optimizer_reset,1102,300,optimizer_reset,32,2.1146962642669678,0.012460764451368381,0.11206253369649266,1.5299575828098675,0.000125,0.000125,2.5573837757110596,2.6694463094075522,0.8409909196197987,4.502754554152489,4.333967067301273,0.027502793818712234,0.1020338162779808,0.09482870250940323,0.3875005543231964,2.5145292474982734,0.02305229805332512,0.07324078435080913,0.02692370116710663,0.31294941902160645,1.5099259614944458,169.70028686523438,169.69944763183594,2.574995517730713,2.6516196727752686,332,32,0.9999999999999993,0.28263184960449306,0.9656631617970749,0.031508924240473246,332,332,0,0.01,1.9354652166366577,1.9925076961517334,2.1556761264801025,1.1137767333401118,0.3979294002056122,8.521851539611816,0.09203936159610748,8.473221778869629,0.9942935217168314,0.5322485566139221
gpu_seed1102_ckpt300_optimizer_reset,1102,300,optimizer_reset,33,2.1415576934814453,0.012619044365096196,0.07995414733886719,1.0927214996300503,0.000125,0.000125,2.5747299194335938,2.654684066772461,0.8680754620581865,4.606957666575909,4.430671758949757,0.02708454243838787,0.10420311242341995,0.09670469164848328,0.3968517482280731,2.4670178885155853,0.023206177199886806,0.0743728119017825,0.026583679020404816,0.28673312067985535,1.5040407180786133,169.70005798339844,169.69923400878906,2.571563482284546,2.897401809692383,333,33,0.9999999999999994,0.2833492177548885,0.9690968456173674,0.032477415316232716,333,333,0,0.01,1.887250304222107,2.0937888622283936,2.1792547702789307,1.154724821292864,0.4044680595397949,8.514001846313477,0.09361016005277634,8.46451473236084,0.994187561284702,0.5326184034347534
gpu_seed1102_ckpt300_optimizer_reset,1102,300,optimizer_reset,34,2.167520523071289,0.01277202931592657,0.027492284774780273,0.37197996902887454,0.000125,0.000125,2.5911569595336914,2.6186492443084717,0.8940795920789242,4.710201323032379,4.526642091572285,0.026004130020737648,0.10324365645647049,0.09597033262252808,0.3957824110984802,2.424303766993407,0.02335502904956687,0.07464442365475235,0.025197209790349007,0.2399398535490036,1.4916874170303345,169.69984436035156,169.69900512695312,2.581866979598999,2.82051420211792,334,34,0.9999999999999994,0.28406586853713367,0.9721871610556306,0.033444937900916516,334,334,0,0.01,1.6827435493469238,2.11543345451355,2.10520076751709,1.2510526445535157,0.4037964940071106,8.506105422973633,0.09725897759199142,8.455179214477539,0.994012981739029,0.5277659296989441
gpu_seed1102_ckpt300_optimizer_reset,1102,300,optimizer_reset,35,2.1932311058044434,0.012923527912088468,0.00938622156779001,0.12534686997443245,0.000125,0.000125,2.5965314706166587,2.5871452490488687,0.9195504318922758,4.814209207892418,4.623307339847088,0.02547083981335163,0.10400788486003876,0.09666524827480316,0.4005471467971802,2.3851123654944817,0.02354226586188947,0.07471959785095968,0.023717505857348442,0.2003931701183319,1.4846922159194946,169.69961547851562,169.69879150390625,2.7028019428253174,2.8009984493255615,335,35,0.9999999999999996,0.28478180266859654,0.9749684449500675,0.0344114929630156,335,335,0,0.01,1.6663049459457397,2.177008867263794,2.0507352352142334,1.2307082447319226,0.4562879800796509,8.498407363891602,0.09911264479160309,8.446146011352539,0.9938504533493997,0.5315073132514954
gpu_seed1102_ckpt300_optimizer_reset,1102,300,optimizer_reset,36,2.2187798023223877,0.013074072600103017,0.023611466089884736,0.3120585276277765,0.000125,0.000125,2.593240817387899,2.569629351298014,0.9451821595430374,4.915295287966728,4.717544175684452,0.025631727650761604,0.1010860800743103,0.0942368358373642,0.38494592905044556,2.3474626344965532,0.023779800051920583,0.0745341927598329,0.022571628913283348,0.20152996480464935,1.5002858638763428,169.69935607910156,169.6985321044922,2.7901804447174072,2.8595993518829346,336,36,0.9999999999999996,0.2854970208659279,0.9774716004550608,0.035377081470052585,336,336,0,0.01,1.7465095520019531,2.116011381149292,2.101612091064453,1.2033212693593671,0.42090561985969543,8.490629196166992,0.10042271018028259,8.437776565551758,0.9937751809206216,0.5305795073509216
gpu_seed1102_ckpt300_optimizer_reset,1102,300,optimizer_reset,37,2.2443134784698486,0.013224528781176057,0.022564729054769028,0.2963415290314302,0.000125,0.000125,2.586385726928711,2.563820997873942,0.9712401367723942,5.011121839284897,4.807237021625042,0.026057977229356766,0.09582655131816864,0.0896928459405899,0.36381736397743225,2.3107709344939096,0.024032792773480936,0.07440929646621426,0.021173162385821342,0.21999002993106842,1.5282312631607056,169.69911193847656,169.6982879638672,2.703183650970459,2.7741830348968506,337,37,0.9999999999999997,0.286211523845062,0.9797244404095548,0.03634170438858253,337,337,0,0.01,1.8377301692962646,1.7372196912765503,2.083881139755249,1.133942933826956,0.32147181034088135,8.482702255249023,0.10089915990829468,8.429527282714844,0.9937313640235022,0.531302809715271
gpu_seed1102_ckpt300_optimizer_reset,1102,300,optimizer_reset,38,2.269352436065674,0.013372069852667727,0.019838174184163115,0.2600252338701079,0.000125,0.000125,2.583073298136393,2.56323512395223,0.9971549790352583,5.104924939572811,4.895451068878174,0.025914842262864113,0.09380310028791428,0.08821404725313187,0.34737902879714966,2.2758272121942205,0.024264840602581137,0.07534418317434531,0.020352140069007874,0.23262068629264832,1.5534332990646362,169.69888305664062,169.69808959960938,2.7094485759735107,2.882338762283325,338,38,0.9999999999999997,0.2869253123212169,0.9817519963685992,0.03730536268419393,338,338,0,0.01,1.8596582412719727,1.6751917600631714,2.1647682189941406,1.1640677684477736,0.25332745909690857,8.474637031555176,0.10142199695110321,8.421088218688965,0.9936812853851066,0.5323054790496826
gpu_seed1102_ckpt300_optimizer_reset,1102,300,optimizer_reset,39,2.2941203117370605,0.013518013584596013,0.024002472559610855,0.31272257803485815,0.000125,0.000125,2.579136848449707,2.555134375890096,1.023116735741496,5.200249269604683,4.984556034207344,0.025961756706237793,0.0953243300318718,0.08910496532917023,0.3679194748401642,2.242285979294603,0.024489049287694412,0.07617814167210578,0.019543129950761795,0.25094297528266907,1.5794180631637573,169.6986541748047,169.69789123535156,2.708648920059204,2.8513898849487305,339,39,0.9999999999999997,0.28763838700889566,0.9835767967317394,0.03826805732150973,339,339,0,0.01,1.7181041240692139,1.7338088750839233,2.1462247371673584,1.24918199490897,0.22688083350658417,8.46648120880127,0.10285831242799759,8.41219425201416,0.9935880142589025,0.532166600227356
gpu_seed1102_ckpt300_optimizer_reset,1102,300,optimizer_reset,40,2.3178908824920654,0.013658080736582673,0.03748035430908203,0.4814310205616632,0.000125,0.000125,2.571627696355184,2.534147342046102,1.0489377435296774,5.294643551111221,5.07278536260128,0.025821007788181305,0.09439428150653839,0.08822932839393616,0.3677324056625366,2.2097506708931536,0.024684640514088176,0.07688320744132873,0.019978880882263184,0.25152334570884705,1.607252597808838,169.6984100341797,169.69766235351562,2.4166605472564697,2.5683069229125977,340,40,0.9999999999999998,0.2883507486218868,0.9852191170585654,0.039229789264188186,340,340,0,0.01,1.6762629747390747,1.6827424764633179,2.0981409549713135,1.2516776821946187,0.2196754366159439,8.45852279663086,0.10425680130720139,8.403407096862793,0.9934840041110945,0.5331014394760132
gpu_seed1102_ckpt300_optimizer_reset,1102,300,optimizer_reset,41,2.341113567352295,0.013794919492512468,0.06255507469177246,0.7864000334215842,0.000125,0.000125,2.5625327428181968,2.4999776681264243,1.0745250638574362,5.387216225266457,5.159319818019867,0.02558732032775879,0.09257267415523529,0.08653445541858673,0.366489976644516,2.178742633462411,0.024828667218201487,0.07774566903924994,0.01911310665309429,0.23722118139266968,1.6276592016220093,169.69815063476562,169.6973876953125,2.5809905529022217,2.7742726802825928,341,41,0.9999999999999998,0.28906239787326493,0.9866972053527089,0.040190559474924004,341,341,0,0.01,1.66303288936615,1.694766879081726,2.1242125034332275,1.277312383305645,0.1996900737285614,8.450614929199219,0.10808977484703064,8.393424034118652,0.9932323392367638,0.5337110757827759
gpu_seed1102_ckpt300_optimizer_reset,1102,300,optimizer_reset,42,2.363300323486328,0.013925654079222477,0.07730134328206395,0.9563368560544969,0.000125,0.000125,2.553800582885742,2.4764992396036782,1.1001709196716547,5.479987800121307,5.24601474404335,0.02564585581421852,0.09277157485485077,0.08669492602348328,0.36740514636039734,2.148121061216111,0.02495904908464881,0.07878868688644168,0.020362215116620064,0.21419557929039001,1.6483081579208374,169.6979522705078,169.69711303710938,2.457754135131836,2.635469436645508,342,42,0.9999999999999998,0.28977333547539164,0.988027484817438,0.0411503689154491,342,342,0,0.01,1.7267026901245117,1.7627911567687988,2.119831085205078,1.227675787689304,0.26204800605773926,8.443037986755371,0.10863004624843597,8.38537883758545,0.9931708054303007,0.5354068875312805
gpu_seed1102_ckpt300_optimizer_reset,1102,300,optimizer_reset,43,2.384996175765991,0.014053496034304511,0.07511289914449071,0.9216757932330086,0.000125,0.000125,2.5445226033528647,2.469409704208374,1.1253194585442543,5.5734428614377975,5.333000831305981,0.025148538872599602,0.09345506131649017,0.08698608726263046,0.38287636637687683,2.119394770662876,0.025099785723467744,0.07979254516395605,0.020326875150203705,0.19737441837787628,1.6780871152877808,169.69766235351562,169.6968231201172,2.7021872997283936,2.7924771308898926,343,43,0.9999999999999998,0.2904835621399162,0.9892247363356942,0.04210921854653371,343,343,0,0.01,1.5572134256362915,1.7466208934783936,1.9669338464736938,1.263111282044543,0.2953769862651825,8.435978889465332,0.11069587618112564,8.377388954162598,0.9930547555806601,0.5340110063552856
gpu_seed1102_ckpt300_optimizer_reset,1102,300,optimizer_reset,44,2.4069230556488037,0.014182699310439245,0.025278806686401367,0.31548800806774757,0.000125,0.000125,2.53676708539327,2.5114882787068686,1.149875720962882,5.668239668011665,5.420237325131893,0.02455626241862774,0.0947968065738678,0.08723649382591248,0.42512044310569763,2.0932027798892934,0.025281499825689564,0.08091684899260862,0.019479168578982353,0.19702190160751343,1.7121926546096802,169.69741821289062,169.69656372070312,2.5352320671081543,2.5804553031921387,344,44,0.9999999999999998,0.2911930785777763,0.9903022627021247,0.043067109327987074,344,344,0,0.01,1.5226187705993652,2.030078411102295,1.8256276845932007,1.1990051087268283,0.5025289058685303,8.428177833557129,0.11212944984436035,8.369029998779297,0.992982132562115,0.5323033928871155
gpu_seed1102_ckpt300_optimizer_reset,1102,300,optimizer_reset,45,2.428884744644165,0.01431210769789874,0.028292735417684067,0.35882981948998527,0.000125,0.000125,2.5260634422302246,2.5543561776479087,1.1739090383052826,5.757542110979557,5.502659298479557,0.02403331734240055,0.0893024429678917,0.08242197334766388,0.4098213016986847,2.0690570268958512,0.025489779986339094,0.08203282553183759,0.01854778453707695,0.21387456357479095,1.7540068626403809,169.69715881347656,169.69635009765625,2.346364974975586,2.3890416622161865,345,45,0.9999999999999999,0.2919018854991986,0.9912720364319123,0.04402404221865919,345,345,0,0.01,1.5042767524719238,1.7516599893569946,1.6731294393539429,1.1122484187855972,0.48042070865631104,8.420530319213867,0.11300020664930344,8.360671997070312,0.9928913833362771,0.5345513820648193
gpu_seed1102_ckpt300_optimizer_reset,1102,300,optimizer_reset,46,2.450037717819214,0.014436750759237747,0.07253726323445653,0.9344710749610154,0.000125,0.000125,2.519392410914103,2.5919296741485596,1.1988569144159555,5.855098478496075,5.592748090624809,0.02494787611067295,0.09755636751651764,0.09008879214525223,0.41573479771614075,2.0436448156206777,0.025713799996109562,0.08311070157394385,0.02788296714425087,0.22809186577796936,1.785559892654419,169.69692993164062,169.69615173339844,2.5553066730499268,2.607407808303833,346,46,0.9999999999999999,0.2926099836136994,0.992144832788721,0.044980018176440484,346,346,0,0.01,1.7192234992980957,1.6348820924758911,1.501563310623169,0.8733962229083863,0.6001786589622498,8.412557601928711,0.11334270238876343,8.35233211517334,0.9928410015590792,0.5361950993537903
gpu_seed1102_ckpt300_optimizer_reset,1102,300,optimizer_reset,47,2.4712607860565186,0.014561806852970453,0.0472102165222168,0.5993324207594668,0.000125,0.000125,2.517508109410604,2.564718325932821,1.2241954691708088,5.951783552765846,5.6821745708584785,0.02533855475485325,0.09668507426977158,0.08942648023366928,0.4067477583885193,2.0186815327199117,0.025903230026253964,0.0841767552520766,0.026353877037763596,0.23583349585533142,1.8102085590362549,169.69664001464844,169.69595336914062,2.524402379989624,2.678499937057495,347,47,0.9999999999999999,0.2933173736300857,0.9929303495098489,0.04593503815826405,347,347,0,0.01,1.770986557006836,1.6131937503814697,1.6908445358276367,0.9547472447698288,0.5040056109428406,8.404513359069824,0.11622200906276703,8.342838287353516,0.9926616724749752,0.5356345772743225
gpu_seed1102_ckpt300_optimizer_reset,1102,300,optimizer_reset,48,2.492434024810791,0.014686569328436889,0.031227270762125947,0.393249385297878,0.000125,0.000125,2.517497936884562,2.548725207646688,1.2490801196545362,6.051418267190456,5.774238139390945,0.024884650483727455,0.09963471442461014,0.09206356853246689,0.417569100856781,1.9954156547605122,0.02604932126151692,0.08503005013437422,0.026420654729008675,0.24986670911312103,1.8207964897155762,169.69644165039062,169.6958465576172,2.652419090270996,2.88423490524292,348,48,0.9999999999999999,0.29402405625645556,0.9936373145588641,0.046889103120105746,348,348,0,0.01,1.7093634605407715,1.993881344795227,1.876159429550171,1.0975778252306472,0.49548810720443726,8.397027015686035,0.11991026997566223,8.333504676818848,0.9924351393952268,0.534885585308075
gpu_seed1102_ckpt300_optimizer_reset,1102,300,optimizer_reset,49,2.5138492584228516,0.014812757749072045,0.04568131764729788,0.5799554246189018,0.000125,0.000125,2.518334229787191,2.564015547434489,1.273670556023717,6.15024296194315,5.865614049136639,0.02459043636918068,0.09882469475269318,0.0913759097456932,0.41591253876686096,1.973704461119746,0.026177768543044957,0.08589460515549537,0.025861360132694244,0.2609942555427551,1.8145527839660645,169.69619750976562,169.69569396972656,2.776204824447632,2.935565710067749,349,49,0.9999999999999999,0.2947300322001991,0.9942735831029776,0.04784221401698563,349,349,0,0.01,1.638749361038208,1.9902297258377075,1.8837860822677612,1.1495266616446849,0.4749157726764679,8.389275550842285,0.12256317585706711,8.324706077575684,0.9923033314526054,0.5320987701416016
gpu_seed1102_ckpt300_optimizer_reset,1102,300,optimizer_reset,50,2.5347659587860107,0.014936008582172432,0.08082620302836085,1.0501653925103405,0.000125,0.000125,2.523716449737549,2.6045426527659097,1.2982209231704473,6.245088577270508,5.953172378242016,0.024550367146730423,0.09484561532735825,0.0875583291053772,0.41484981775283813,1.9524919938848198,0.026300813472645408,0.08653246659088981,0.024193819612264633,0.27033451199531555,1.8160017728805542,169.69598388671875,169.6956024169922,2.3551299571990967,2.4998385906219482,350,50,0.9999999999999999,0.29543530216799896,0.9948462247926799,0.04879437180296864,350,350,1,0.01,1.659942865371704,1.8009917736053467,1.7531124353408813,1.0561281788137076,0.4893018305301666,8.381209373474121,0.12287545949220657,8.316364288330078,0.9922630395858782,0.5330210328102112
gpu_seed1102_ckpt300_optimizer_reset,1102,300,optimizer_reset,51,2.5553653240203857,0.015057389530524478,0.10944883028666164,1.4476942377951474,0.000125,0.000125,2.5270467599232993,2.636495590209961,1.321536773815751,6.336955860257149,6.038265496492386,0.023315850645303726,0.09186728298664093,0.08509311825037003,0.406726598739624,1.9336316435903596,0.0264159043945097,0.08713796931102875,0.023301150649785995,0.27220216393470764,1.8257648944854736,169.6957550048828,169.69546508789062,2.5194735527038574,2.6136367321014404,351,51,0.9999999999999999,0.29613986686583094,0.9953616023134119,0.0497455774311657,351,351,0,0.01,1.5298811197280884,1.6915391683578491,1.7102150917053223,1.117874499953413,0.43994078040122986,8.373140335083008,0.12365750968456268,8.307862281799316,0.9922038744518383,0.5332222580909729
gpu_seed1102_ckpt300_optimizer_reset,1102,300,optimizer_reset,52,2.5752711296081543,0.015174683705974254,0.11391186714172363,1.5156899262605759,0.000125,0.000125,2.5307044188181558,2.6446162859598794,1.3452074490487576,6.427620090544224,6.122273124754429,0.023670675233006477,0.09066423028707504,0.084007628262043,0.4014340341091156,1.914404452210923,0.026481596256209623,0.087669675212914,0.023673715069890022,0.26255786418914795,1.8345433473587036,169.6955108642578,169.69529724121094,2.54118013381958,2.7446775436401367,352,52,0.9999999999999999,0.2968437269989651,0.9958254420820707,0.05069583185373461,352,352,0,0.01,1.528741478919983,1.5851038694381714,1.678254246711731,1.097801210899489,0.4194979965686798,8.365574836730957,0.12518800795078278,8.299198150634766,0.9920654961084393,0.5356015563011169
gpu_seed1102_ckpt300_optimizer_reset,1102,300,optimizer_reset,53,2.593676805496216,0.01528313842625006,0.06735452016194676,0.8774318474136464,0.000125,0.000125,2.533162991205851,2.600517511367798,1.3694412484765053,6.520071387290955,6.207705453038216,0.024233799427747726,0.0924512967467308,0.08543232828378677,0.40970316529273987,1.8939671989431972,0.026498309036780753,0.08810937496054345,0.02245302125811577,0.2429800182580948,1.841059684753418,169.69529724121094,169.69505310058594,2.534820318222046,2.9161036014556885,353,53,0.9999999999999999,0.2975468832719661,0.9962428978738637,0.05164513602188081,353,353,0,0.01,1.6192553043365479,1.7395453453063965,1.7682287693023682,1.0920012209104768,0.4475649297237396,8.357773780822754,0.12754327058792114,8.290257453918457,0.9919217331461869,0.5348503589630127
gpu_seed1102_ckpt300_optimizer_reset,1102,300,optimizer_reset,54,2.611374616622925,0.015387422081298351,0.01733009020487497,0.22168942978176887,0.000125,0.000125,2.540155569712321,2.557485659917196,1.3954246249049902,6.616643875837326,6.29698421806097,0.025983376428484917,0.09657248854637146,0.08927876502275467,0.4046344459056854,1.8713834986241933,0.02653396684632807,0.08862828746214312,0.02237669937312603,0.2138766199350357,1.8403196334838867,169.69508361816406,169.6947784423828,2.5929033756256104,2.7704288959503174,354,54,0.9999999999999999,0.2982493363886942,0.9966186080864773,0.05259349088585896,354,354,0,0.01,1.856380820274353,1.7677372694015503,1.8360117673873901,0.9890275461449005,0.48758402466773987,8.349857330322266,0.12871232628822327,8.28172492980957,0.9918402916578866,0.5348793268203735
gpu_seed1102_ckpt300_optimizer_reset,1102,300,optimizer_reset,55,2.6290087699890137,0.015491330635499305,0.01993139584859227,0.2540489430717976,0.000125,0.000125,2.5551799138387046,2.5352485179901123,1.4231751915067434,6.7142171040177345,6.387081287801266,0.027750566601753235,0.09757322818040848,0.09009706974029541,0.40128833055496216,1.8472840066891436,0.02662375048014152,0.08896133634521498,0.021454045549035072,0.19351761043071747,1.8551335334777832,169.69482421875,169.6944122314453,3.0205798149108887,3.1748313903808594,355,55,0.9999999999999999,0.29895108705230544,0.9969567472778296,0.05354089739497314,355,355,0,0.01,1.9018769264221191,1.940662145614624,1.9996949434280396,1.0514323590795582,0.4584958255290985,8.341875076293945,0.12959198653697968,8.273252487182617,0.991773721317485,0.5351122617721558
gpu_seed1102_ckpt300_optimizer_reset,1102,300,optimizer_reset,56,2.6469743251800537,0.015597191961901756,0.04152695337931345,0.5314980256298458,0.000125,0.000125,2.5700484116872153,2.528521458307902,1.4510313253849745,6.814417280256748,6.479638755321503,0.02785613387823105,0.10020017623901367,0.09255746752023697,0.4029022753238678,1.8242020546840765,0.026776106840937265,0.08927610180334535,0.02207079343497753,0.18061161041259766,1.874198079109192,169.69459533691406,169.69403076171875,2.686274290084839,2.819762706756592,356,56,1.0,0.2996521359652532,0.9972610725500466,0.05448735649757808,356,356,0,0.01,1.7353788614273071,2.0887856483459473,2.0002267360687256,1.152616745845593,0.46535342931747437,8.333880424499512,0.1305176466703415,8.264593124389648,0.9916860698040294,0.5364830493927002
gpu_seed1102_ckpt300_optimizer_reset,1102,300,optimizer_reset,57,2.6648330688476562,0.015702423905609046,0.056915918986002456,0.7315598736826647,0.000125,0.000125,2.5819269816080728,2.5250110626220703,1.4782658759504557,6.908881418406963,6.5673268139362335,0.027234550565481186,0.09446413815021515,0.08768805861473083,0.38403353095054626,1.8026750885611094,0.026941770169655536,0.08936035271208562,0.021297700703144073,0.18660594522953033,1.8805395364761353,169.69435119628906,169.6936798095703,2.955965518951416,3.0877835750579834,357,57,1.0,0.3003524838292879,0.9975349652950419,0.05543286914108059,357,357,0,0.01,1.602969765663147,1.8427225351333618,1.8694252967834473,1.1662261739596202,0.41816702485084534,8.32593822479248,0.13211697340011597,8.25581169128418,0.9915773416021183,0.5364894866943359
gpu_seed1102_ckpt300_optimizer_reset,1102,300,optimizer_reset,58,2.6825084686279297,0.015806575502681122,0.10172812143961618,1.287900506609752,0.000125,0.000125,2.588897784550985,2.4871696631113687,1.5034171473234892,7.00319416821003,6.655290454626083,0.025151271373033524,0.09431274980306625,0.08796364068984985,0.37727952003479004,1.784274227150977,0.027125392154919825,0.08943839099075636,0.020398898050189018,0.21948231756687164,1.896520733833313,169.694091796875,169.69332885742188,2.7136363983154297,2.8680732250213623,358,58,1.0,0.3010521313454586,0.9977814687655377,0.056377436271939474,358,358,0,0.01,1.4377485513687134,1.8070282936096191,1.7960329055786133,1.249198202194375,0.4054456651210785,8.317893028259277,0.1332343965768814,8.247065544128418,0.9914849248612334,0.5373474359512329
gpu_seed1102_ckpt300_optimizer_reset,1102,300,optimizer_reset,59,2.7008228302001953,0.01591449215694745,0.12196882565816258,1.5335210304246019,0.000125,0.000125,2.591920852661133,2.4699520270029702,1.5279821678996086,7.094998225569725,6.740802355110645,0.024565020576119423,0.09180405735969543,0.08551190048456192,0.38115566968917847,1.7675748362371444,0.027307301696078437,0.08968776993519273,0.020131677389144897,0.2509797215461731,1.9168248176574707,169.69384765625,169.69300842285156,2.4701454639434814,2.498347759246826,359,59,1.0,0.30175107921411315,0.998003321888984,0.057321058835667515,359,359,0,0.01,1.3921175003051758,1.692746877670288,1.6863948106765747,1.211388270247071,0.41575509309768677,8.309858322143555,0.13368339836597443,8.238786697387695,0.9914473120958677,0.5374141335487366
gpu_seed1102_ckpt300_optimizer_reset,1102,300,optimizer_reset,60,2.718949556350708,0.01602130317688099,0.11867101987202977,1.4800627430129456,0.000125,0.000125,2.582233428955078,2.4635624090830484,1.5523211099207401,7.1836694702506065,6.823241256177425,0.024338942021131516,0.0886712446808815,0.08243890106678009,0.38430872559547424,1.7515380928420041,0.027475440515970086,0.0899455430626909,0.019105279818177223,0.2871910333633423,1.9341239929199219,169.69361877441406,169.6927490234375,2.4567530155181885,2.497053623199463,360,60,1.0,0.3024493281348991,0.9982029897000856,0.0582637377768318,360,360,0,0.01,1.4793434143066406,1.6240458488464355,1.6455405950546265,1.1123452331213906,0.44082391262054443,8.301961898803711,0.13420356810092926,8.23058032989502,0.9914018433498268,0.5376924872398376
gpu_seed1102_ckpt300_optimizer_reset,1102,300,optimizer_reset,61,2.7365784645080566,0.01612518082389602,0.0967015425364175,1.2021564568068666,0.000125,0.000125,2.568204085032145,2.4715025424957275,1.5769617389887571,7.269614323973656,6.90304783731699,0.024640629068017006,0.08594485372304916,0.07980658113956451,0.3835672438144684,1.7353486751436216,0.027615409298268383,0.09016133388489267,0.01836906187236309,0.29536473751068115,1.9578858613967896,169.69337463378906,169.69252014160156,2.581429958343506,2.5843722820281982,361,61,1.0,0.30314687880676416,0.998382690730077,0.05920547403905507,361,361,0,0.01,1.5971087217330933,1.45802640914917,1.6296935081481934,1.0204023595705622,0.4338817298412323,8.294107437133789,0.13468769192695618,8.22249984741211,0.9913664501858181,0.5374801158905029
gpu_seed1102_ckpt300_optimizer_reset,1102,300,optimizer_reset,62,2.7532904148101807,0.01622365533286288,0.08628726005554199,1.051029280386901,0.000125,0.000125,2.5426766872406006,2.4563894271850586,1.6021054815500975,7.356562495231628,6.9837498143315315,0.025143742561340332,0.08694817125797272,0.08070197701454163,0.3840864896774292,1.7185450312201351,0.027721365915076027,0.09044701473863848,0.01785130798816681,0.2858476936817169,1.9781469106674194,169.69314575195312,169.69227600097656,2.733827829360962,2.8710267543792725,362,62,1.0,0.30384373192795744,0.9985444216570694,0.060146268565015926,362,362,0,0.01,1.8840844631195068,1.6324139833450317,1.8165202140808105,0.964139479751458,0.47385841608047485,8.287238121032715,0.13616704940795898,8.214670181274414,0.9912434108083468,0.5388196110725403
gpu_seed1102_ckpt300_optimizer_reset,1102,300,optimizer_reset,63,2.7686407566070557,0.016314106617338554,0.07792981465657522,0.937496500530024,0.000125,0.000125,2.5261162916819253,2.44818647702535,1.6291516665369272,7.459434874355793,7.081325173377991,0.027046184986829758,0.10287237912416458,0.0975753590464592,0.32226359844207764,1.6994370834058872,0.027748717825331583,0.09076836686581818,0.033522918820381165,0.22168339788913727,1.975400686264038,169.6929168701172,169.69192504882812,2.8006160259246826,3.0382392406463623,363,63,1.0,0.3045398881960294,0.9986899794913624,0.06108612229645094,363,363,0,0.01,1.9603546857833862,1.6937413215637207,2.2277746200561523,1.1364140561965523,0.2633427679538727,8.279906272888184,0.13865655660629272,8.204513549804688,0.9908944955897202,0.5496349334716797
gpu_seed1102_ckpt300_optimizer_reset,1102,300,optimizer_reset,64,2.784785747528076,0.016409240340481555,0.06492670377095555,0.7776179373267151,0.000125,0.000125,2.5152640342712402,2.4503373305002847,1.6567184422165155,7.558929570019245,7.175263874232769,0.027566775679588318,0.09949469566345215,0.09393870085477829,0.33445337414741516,1.6809046586097296,0.027832666763030072,0.09116030296386665,0.030806412920355797,0.18964727222919464,1.978426218032837,169.69265747070312,169.6916046142578,2.9159793853759766,2.9732882976531982,364,64,1.0,0.3052353483078334,0.9988209815422261,0.06202503617415456,364,364,0,0.01,2.1379690170288086,1.687852382659912,2.2654032707214355,1.0596052855193692,0.31698164343833923,8.2722749710083,0.1396729052066803,8.196188926696777,0.9908022829778783,0.5506787896156311
gpu_seed1102_ckpt300_optimizer_reset,1102,300,optimizer_reset,65,2.8013999462127686,0.01650713885189258,0.06351025899251317,0.7616636538693395,0.000125,0.000125,2.515890677769979,2.452380418777466,1.6843642387539148,7.655551396310329,7.265691503882408,0.027645796537399292,0.09662182629108429,0.09042762964963913,0.3599356710910797,1.6631794250651917,0.027946269830016378,0.09135776579823877,0.02837901934981346,0.16834597289562225,1.9702701568603516,169.69241333007812,169.69129943847656,2.8525216579437256,2.9187116622924805,365,65,1.0,0.30593011295952555,0.9989388833880035,0.06296301113798031,365,365,0,0.01,2.1510093212127686,1.597230315208435,2.2076056003570557,1.0263114987857658,0.3353743553161621,8.26424503326416,0.14119195938110352,8.187554359436035,0.9907201839344755,0.5491895079612732
gpu_seed1102_ckpt300_optimizer_reset,1102,300,optimizer_reset,66,2.818101406097412,0.01660555154648759,0.07044808069864938,0.8457699679511297,0.000125,0.000125,2.520388682683309,2.4499406019846597,1.70981908403337,7.752130411565304,7.357180528342724,0.025454845279455185,0.09657901525497437,0.0914890244603157,0.3264749050140381,1.6481868943982168,0.02807639667052458,0.09136642612760935,0.028334513306617737,0.1501564383506775,1.9653385877609253,169.6921844482422,169.69097900390625,2.5427086353302,2.6814613342285156,366,66,1.0,0.306624182846566,0.9990449950492032,0.06390004812684236,366,366,0,0.01,1.8352912664413452,1.6543753147125244,2.313767433166504,1.260708572787833,0.12379234284162521,8.256263732910156,0.1424570381641388,8.178948402404785,0.990635554651897,0.5488101840019226
gpu_seed1102_ckpt300_optimizer_reset,1102,300,optimizer_reset,67,2.834853172302246,0.01670426066909305,0.05186319351196289,0.6311410782414768,0.000125,0.000125,2.5247395833333335,2.4728763898213706,1.7340151835232973,7.850209437310696,7.449717551469803,0.024196099489927292,0.09807902574539185,0.09253702312707901,0.3459237515926361,1.6348491058426327,0.028255709505091046,0.09130773854113255,0.028340402990579605,0.17077016830444336,1.9685388803482056,169.69195556640625,169.69061279296875,2.5227484703063965,2.621224880218506,367,67,1.0,0.30731755866371946,0.9991404955442829,0.06483614807871552,367,367,0,0.01,1.5932841300964355,1.8222628831863403,2.284536361694336,1.4338537104205182,0.11023160815238953,8.248428344726562,0.14335697889328003,8.170680046081543,0.990574168144927,0.5484810471534729
gpu_seed1102_ckpt300_optimizer_reset,1102,300,optimizer_reset,68,2.8517346382141113,0.016803734042114056,0.0036671956380205373,0.045606077789607014,0.000125,0.000125,2.522446791330973,2.5187795956929526,1.7584265992045403,7.9463818818330765,7.539432413876057,0.024411415681242943,0.09617244452238083,0.08971486240625381,0.3825647532939911,1.621753583290044,0.0284977450772581,0.09131754707171434,0.027521243318915367,0.22637401521205902,1.9758790731430054,169.69171142578125,169.6902313232422,2.6468563079833984,2.690749406814575,368,68,1.0,0.3080102411050558,0.9992264459898546,0.06577131193063679,368,368,0,0.01,1.6270203590393066,1.8497527837753296,2.006985664367676,1.2335344503934116,0.3390484154224396,8.240889549255371,0.144048810005188,8.162596702575684,0.9904994665669615,0.5496730804443359
gpu_seed1102_ckpt300_optimizer_reset,1102,300,optimizer_reset,69,2.8678293228149414,0.016898571337246617,0.02245497703552246,0.2816305206489975,0.000125,0.000125,2.5178352197011313,2.540290196736654,1.7830226626247168,8.037816345691681,7.624362699687481,0.024596063420176506,0.09143446385860443,0.08493028581142426,0.3895355463027954,1.608408789707538,0.028714767183332986,0.09158743353214942,0.02566354162991047,0.25209841132164,1.9935448169708252,169.6914825439453,169.6898651123047,2.4754302501678467,2.5831563472747803,369,69,1.0,0.30870223086395077,0.9993038013908692,0.06670554061870615,369,369,0,0.01,1.66718590259552,1.5974891185760498,1.747194528579712,1.047990224640566,0.4278116226196289,8.233553886413574,0.14562322199344635,8.154104232788086,0.9903505029878312,0.551788330078125
gpu_seed1102_ckpt300_optimizer_reset,1102,300,optimizer_reset,70,2.8833882808685303,0.01699025188479877,0.023426850636800278,0.2940428722879478,0.000125,0.000125,2.518106460571289,2.5415333112080893,1.8084420822560787,8.125683777034283,7.705649696290493,0.02541941963136196,0.08786743134260178,0.08128699660301208,0.3938269019126892,1.5944045480681546,0.028878242108735828,0.09174306604746833,0.025127200409770012,0.23731933534145355,2.013399124145508,169.69122314453125,169.68951416015625,2.6377370357513428,2.7501137256622314,370,70,1.0,0.3093935286330868,0.9993734212517822,0.06763883507808743,370,370,0,0.01,1.7740163803100586,1.4284367561340332,1.672548532485962,0.9428033196585788,0.47160249948501587,8.22559928894043,0.1472676694393158,8.14535903930664,0.9902450573123998,0.5511530637741089
gpu_seed1102_ckpt300_optimizer_reset,1102,300,optimizer_reset,71,2.898637533187866,0.017080107503509384,0.01736672719319632,0.218386194886671,0.000125,0.000125,2.52301295598348,2.5403796831766763,1.8334063533693552,8.213367722928524,7.787110827863216,0.02496427111327648,0.08768394589424133,0.08146113157272339,0.38277730345726013,1.5810120477979657,0.028994106805353217,0.0919930671846155,0.02363215945661068,0.20580726861953735,2.023773193359375,169.69100952148438,169.6891632080078,2.4060518741607666,2.4958415031433105,371,71,1.0,0.31008413510445365,0.9994360791266039,0.06857119624300934,371,371,0,0.01,1.680132269859314,1.447015643119812,1.7534282207489014,1.043625107501019,0.37886765599250793,8.217846870422363,0.1483144909143448,8.137011528015137,0.9901634401707874,0.5513674020767212
gpu_seed1102_ckpt300_optimizer_reset,1102,300,optimizer_reset,72,2.9137930870056152,0.017169411007489643,0.022962967554728042,0.29242974566230195,0.000125,0.000125,2.5328381856282554,2.5558011531829834,1.8591096568852663,8.302933238446712,7.870223216712475,0.025703303515911102,0.08956551551818848,0.08311238884925842,0.38550665974617004,1.567305659573512,0.02912389555442118,0.09233450827054508,0.024160750210285187,0.19738756120204926,2.0290346145629883,169.69073486328125,169.68885803222656,2.817981481552124,2.783879518508911,372,72,1.0,0.3107740509693492,0.9994924712139436,0.06950262504676641,372,372,0,0.01,1.7668906450271606,1.480794906616211,1.8413665294647217,1.0421508171126086,0.36768534779548645,8.210049629211426,0.14922039210796356,8.128623008728027,0.9900820793829709,0.5520600080490112
gpu_seed1102_ckpt300_optimizer_reset,1102,300,optimizer_reset,73,2.9289374351501465,0.017258648482481796,0.023215532302856445,0.29888529839581146,0.000125,0.000125,2.5436081091562905,2.566823641459147,1.88506343588233,8.393541775643826,7.954661771655083,0.025953778997063637,0.09060853719711304,0.08443855494260788,0.37285467982292175,1.5537606742542662,0.029238586674749927,0.09280540462644311,0.02345079928636551,0.2023785561323166,2.044492483139038,169.6905059814453,169.68850708007812,2.708817720413208,2.763059377670288,373,73,1.0,0.31146327691837983,0.9995432240925493,0.07043312242171962,373,373,0,0.01,1.8313624858856201,1.5616729259490967,1.918639898300171,1.0476570930583942,0.369150310754776,8.202371597290039,0.15047647058963776,8.12031364440918,0.9899958259744096,0.5517706274986267
gpu_seed1102_ckpt300_optimizer_reset,1102,300,optimizer_reset,74,2.9441604614257812,0.017348349565262794,0.0017657279968261719,0.022805683114512476,0.000125,0.000125,2.5575637022654214,2.5593294302622476,1.9114154558628798,8.482612125575542,8.038356341421604,0.026352019980549812,0.08907034993171692,0.08369456976652145,0.3457709550857544,1.5403037850267585,0.02935149270431957,0.09322564002799932,0.02186640352010727,0.20222318172454834,2.0553975105285645,169.69024658203125,169.68824768066406,2.4360289573669434,2.4735381603240967,374,74,1.0,0.3121518136414615,0.9995889016832943,0.0713626892992979,374,374,0,0.01,1.950266718864441,1.5749025344848633,2.054403781890869,1.0533963185743176,0.33587759733200073,8.196161270141602,0.15200410783290863,8.112775802612305,0.9898262778413038,0.5550570487976074
gpu_seed1102_ckpt300_optimizer_reset,1102,300,optimizer_reset,75,2.9593393802642822,0.01743779074670762,0.04074422518412257,0.5220173224160458,0.000125,0.000125,2.570689598719279,2.5299453735351562,1.9367869459092617,8.568924471735954,8.119947977364063,0.02537149004638195,0.08631234616041183,0.0815916359424591,0.3279501497745514,1.5279633036112992,0.029457075727269615,0.09367984369970075,0.020563337951898575,0.1919836401939392,2.0613203048706055,169.6899871826172,169.6879425048828,2.7627270221710205,2.783083915710449,375,75,1.0,0.3128396618278201,0.9996300115149649,0.0722913266099986,375,375,1,0.01,1.7921764850616455,1.4199790954589844,1.9997740983963013,1.1158354743876684,0.24149534106254578,8.188170433044434,0.15267352759838104,8.10444164276123,0.9897744201871649,0.5549406409263611
gpu_seed1102_ckpt300_optimizer_reset,1102,300,optimizer_reset,76,2.9747352600097656,0.017528510361751987,0.0699934164683027,0.8910729374342683,0.000125,0.000125,2.57881768544515,2.508824268976847,1.9628053847700357,8.657801657915115,8.20330886542797,0.02601843886077404,0.08887718617916107,0.08336088806390762,0.3518081307411194,1.515552832231899,0.0295894596830698,0.09416736811217609,0.020130407065153122,0.20959487557411194,2.076606273651123,169.68971252441406,169.6876678466797,2.6703884601593018,2.679800271987915,376,76,1.0,0.31352682216599226,0.9996670103634684,0.07321903528338858,376,376,0,0.01,1.9322305917739868,1.625779151916504,2.070458173751831,1.0715378291624424,0.33263644576072693,8.180624008178711,0.1535666435956955,8.096375465393066,0.9897014527617446,0.5551749467849731
gpu_seed1102_ckpt300_optimizer_reset,1102,300,optimizer_reset,77,2.9897987842559814,0.01761727158510651,0.08758711814880371,1.1055353478266934,0.000125,0.000125,2.5789249738057456,2.491337855656942,1.9873034823685884,8.74318441003561,8.282851167023182,0.024498097598552704,0.08538275212049484,0.07954230159521103,0.3737110495567322,1.5044500302948465,0.029727116527868597,0.09461100608737404,0.01909330114722252,0.22713053226470947,2.0873000621795654,169.68946838378906,169.6874237060547,2.8023183345794678,2.975008249282837,377,77,1.0,0.31421329534382625,0.9997003093271215,0.07414581624810523,377,377,0,0.01,1.601462960243225,1.474076509475708,1.808520793914795,1.1292929270365348,0.31068146228790283,8.17331600189209,0.15476316213607788,8.088260650634766,0.9895935320207093,0.5561883449554443
gpu_seed1102_ckpt300_optimizer_reset,1102,300,optimizer_reset,78,3.005171060562134,0.017707852117814223,0.06542785962422659,0.8311539844236382,0.000125,0.000125,2.5744024912516275,2.508974631627401,2.014441544190049,8.833154693245888,8.364423587918282,0.027138061821460724,0.08997028321027756,0.08157242089509964,0.4458243250846863,1.4918134850961573,0.029862588265047944,0.09516777773857316,0.019698984920978546,0.24239464104175568,2.075209617614746,169.68922424316406,169.68727111816406,2.5840861797332764,2.5899384021759033,378,78,1.0,0.3148990820484824,0.9997302783944094,0.07507167043185714,378,378,0,0.01,1.9001009464263916,1.7726022005081177,1.6610013246536255,0.8741647793906286,0.5928490161895752,8.165786743164062,0.15562008321285248,8.080318450927734,0.9895333670930279,0.5558658242225647
gpu_seed1102_ckpt300_optimizer_reset,1102,300,optimizer_reset,79,3.020319700241089,0.017797114880503947,0.02921462059020996,0.3781600391067581,0.000125,0.000125,2.5752199490865073,2.5460053284962973,2.0422456115484238,8.920220710337162,8.444107867777348,0.027804067358374596,0.08706601709127426,0.07968427985906601,0.41390901803970337,1.4789208913758485,0.02997406008007615,0.09571965334368818,0.018734097480773926,0.2325776219367981,2.0465657711029053,169.68902587890625,169.68714904785156,2.6639952659606934,2.8290579319000244,379,79,1.0,0.31558418296643387,0.9997572505549684,0.07599659876142528,379,379,0,0.01,1.8110840320587158,1.599144458770752,1.7144354581832886,0.9466349588613453,0.5003131628036499,8.157963752746582,0.15658266842365265,8.07192325592041,0.9894531896150931,0.5561829805374146
gpu_seed1102_ckpt300_optimizer_reset,1102,300,optimizer_reset,80,3.0346996784210205,0.017881848335583872,0.0225986639658613,0.29403499367414376,0.000125,0.000125,2.5770860513051352,2.554487387339274,2.069071751087904,9.001971624791622,8.520487561821938,0.02682613953948021,0.08175091445446014,0.07637969404459,0.3577181398868561,1.4666962017261747,0.03006494317528598,0.09612540531412624,0.017777618020772934,0.20195482671260834,2.0203678607940674,169.6887664794922,169.68699645996094,2.5274715423583984,2.6620612144470215,380,80,1.0,0.31626859878346747,0.9997815254994716,0.07692060216266383,380,380,0,0.01,1.800589919090271,1.325074315071106,1.8179816007614136,1.0096588798402912,0.3547670245170593,8.149993896484375,0.1573532223701477,8.063593864440918,0.9893987611350584,0.5558192133903503
gpu_seed1102_ckpt300_optimizer_reset,1102,300,optimizer_reset,81,3.0479249954223633,0.017959777995144477,0.05691266059875488,0.7296660581157823,0.000125,0.000125,2.579390525817871,2.522477865219116,2.095704482868314,9.089547105133533,8.603195421397686,0.026632731780409813,0.08757548034191132,0.08270785957574844,0.3297451436519623,1.4543677414142502,0.030128589745110745,0.09623001791412673,0.022639557719230652,0.1702713966369629,2.007378578186035,169.68850708007812,169.68673706054688,2.6082911491394043,2.762448310852051,381,81,1.0,0.31695233018468405,0.9998033729495245,0.07784368156050114,381,381,0,0.01,1.7326146364212036,1.3932318687438965,1.8776823282241821,1.0837276153349014,0.2935784161090851,8.142544746398926,0.15903246402740479,8.054972648620605,0.9892451192462849,0.55745929479599
gpu_seed1102_ckpt300_optimizer_reset,1102,300,optimizer_reset,82,3.061147928237915,0.018037693605984208,0.07331689198811864,0.9323541609404042,0.000125,0.000125,2.5793561935424805,2.506039301554362,2.121213996782899,9.181682854890823,8.689750015735626,0.025509513914585114,0.09213574975728989,0.08655459433794022,0.3505951762199402,1.443111318744411,0.030213538306100456,0.09634032848869607,0.02333025261759758,0.16800904273986816,2.0102479457855225,169.68824768066406,169.6864471435547,2.414429187774658,2.4784066677093506,382,82,1.0,0.31763537785449936,0.999823035654572,0.07876583787894065,382,382,0,0.01,1.5824940204620361,1.686516284942627,1.903991937637329,1.2031590091444535,0.32287412881851196,8.13489818572998,0.15997721254825592,8.046880722045898,0.9891802624107245,0.5570418238639832
gpu_seed1102_ckpt300_optimizer_reset,1102,300,optimizer_reset,83,3.0752015113830566,0.01812050379117647,0.05084729194641113,0.652827783780678,0.000125,0.000125,2.5778024196624756,2.5269551277160645,2.1467640306800604,9.275332771241665,8.77697579562664,0.025550033897161484,0.09364991635084152,0.0872257798910141,0.37922203540802,1.4324823163761737,0.03034311460624967,0.09640859218093899,0.02204115130007267,0.19748584926128387,2.0312931537628174,169.68798828125,169.6862030029297,2.611642837524414,2.642963171005249,383,83,1.0,0.3183177424766448,0.9998407320891148,0.07968707204106174,383,383,0,0.01,1.5579814910888672,1.7550376653671265,1.8542901277542114,1.1901875204287986,0.37835270166397095,8.127042770385742,0.16046831011772156,8.038804054260254,0.9891425800725435,0.5567674040794373
gpu_seed1102_ckpt300_optimizer_reset,1102,300,optimizer_reset,84,3.0896804332733154,0.018205820268172666,0.00017452239990234375,0.002278863816421506,0.000125,0.000125,2.5694664319356284,2.569291909535726,2.172958729788661,9.367244683206081,8.861629344522953,0.026194699108600616,0.0919119119644165,0.08465354889631271,0.4086505174636841,1.421877181060126,0.030502884622440322,0.09648154005341224,0.02054777927696705,0.2433413714170456,2.04512357711792,169.68771362304688,169.6859588623047,2.8271803855895996,2.8425326347351074,384,84,1.0,0.3189994247341682,0.9998566588802034,0.08060738496902065,384,384,0,0.01,1.6079797744750977,1.7402201890945435,1.7683292627334595,1.0997210853038284,0.4443824887275696,8.119619369506836,0.1615191400051117,8.0308837890625,0.989071460568882,0.556319534778595
gpu_seed1102_ckpt300_optimizer_reset,1102,300,optimizer_reset,85,3.1039795875549316,0.018290077471614957,0.0031197071075439453,0.04027644611114667,0.000125,0.000125,2.5595871607462564,2.5564674536387124,2.1978284046053886,9.456885680556297,8.943992279469967,0.024869674816727638,0.08964099735021591,0.08236293494701385,0.41948607563972473,1.4122938720099154,0.030629238119684498,0.09730910379725756,0.019260400906205177,0.2522733211517334,2.057358741760254,169.68743896484375,169.68572998046875,2.524373769760132,2.737489700317383,385,85,1.0,0.3196804253094341,0.999870992992183,0.08152677758405169,385,385,0,0.01,1.4462398290634155,1.7697780132293701,1.7329837083816528,1.1982685537728097,0.4337705373764038,8.11229133605957,0.16564501821994781,8.02107048034668,0.988755229326097,0.5578171610832214
gpu_seed1102_ckpt300_optimizer_reset,1102,300,optimizer_reset,86,3.1179049015045166,0.018372131835624195,0.0014775594075517873,0.019046291576952257,0.000125,0.000125,2.555741866429647,2.5572194258371987,2.2234807796776295,9.542320482432842,9.022899240255356,0.02565237507224083,0.08543480187654495,0.07890696078538895,0.39487966895103455,1.4022630328089287,0.030752329833180898,0.09856023058126671,0.018240850418806076,0.23464198410511017,2.062044858932495,169.68719482421875,169.6855926513672,2.6169562339782715,2.649160861968994,386,86,1.0,0.3203607448841246,0.9998838936929647,0.08244525080646758,386,386,0,0.01,1.6508711576461792,1.5588018894195557,1.7926952838897705,1.0859086583381339,0.37722399830818176,8.104758262634277,0.16647066175937653,8.013191223144531,0.9887020640809374,0.5572160482406616
gpu_seed1102_ckpt300_optimizer_reset,1102,300,optimizer_reset,87,3.131727933883667,0.01845358350950793,0.019886493682861328,0.2536762337525982,0.000125,0.000125,2.5559447606404624,2.536058266957601,2.2484958972781897,9.628873109817505,9.103374443948269,0.02501511760056019,0.08655262738466263,0.08047520369291306,0.3789285719394684,1.3928101615276414,0.030854731392310458,0.0992027051195322,0.01795867644250393,0.20583583414554596,2.0331218242645264,169.6869354248047,169.68540954589844,2.7382278442382812,2.893373489379883,387,87,1.0,0.3210403841392405,0.9998955043236682,0.08336280555566111,387,387,0,0.01,1.5948326587677002,1.6763805150985718,1.919779896736145,1.2037500525091593,0.3119804561138153,8.097148895263672,0.16982053220272064,8.004378318786621,0.9885428096138501,0.5536407232284546
gpu_seed1102_ckpt300_optimizer_reset,1102,300,optimizer_reset,88,3.1453447341918945,0.01853381996903606,0.001037915547688506,0.013371955272853953,0.000125,0.000125,2.5554262002309165,2.556464115778605,2.275659304112196,9.720951974391937,9.188481472432613,0.02716340683400631,0.09207886457443237,0.08510702848434448,0.3944467008113861,1.3821685559462984,0.03097631547863937,0.09977048274688488,0.023318178951740265,0.21424689888954163,1.993266224861145,169.6867218017578,169.6852569580078,2.803786039352417,2.8710896968841553,388,88,1.0,0.32171934375510125,0.9999059538913014,0.08427944275010546,388,388,0,0.01,1.8038386106491089,1.7856273651123047,1.8890507221221924,1.0472393211726256,0.44610387086868286,8.089672088623047,0.1707940697669983,7.996417045593262,0.9884723333641764,0.55341637134552
gpu_seed1102_ckpt300_optimizer_reset,1102,300,optimizer_reset,89,3.158970594406128,0.01861410981370351,0.024073123931884766,0.3151731807822653,0.000125,0.000125,2.5599655310312905,2.5840386549631753,2.304305534809828,9.809343189001083,9.26976703852415,0.028646230697631836,0.08839121460914612,0.08128556609153748,0.4001203179359436,1.3708991913980122,0.031117073862141135,0.10040105418331544,0.023000553250312805,0.22721192240715027,1.9635558128356934,169.6865234375,169.68508911132812,2.691948890686035,2.698611259460449,389,89,1.0,0.3223976244113461,0.9999153585021713,0.08519516330735533,389,389,0,0.01,1.9035089015960693,1.5146490335464478,1.7679188251495361,0.9287683517877057,0.48418793082237244,8.08177375793457,0.1714317500591278,7.988000392913818,0.9883969326746279,0.5544324517250061
gpu_seed1102_ckpt300_optimizer_reset,1102,300,optimizer_reset,90,3.17183256149292,0.01868989844820291,0.008882443110147964,0.1154257183838947,0.000125,0.000125,2.560106039047241,2.568988482157389,2.3353656604886055,9.905318520963192,9.35734661668539,0.031060125678777695,0.09597533196210861,0.08757957816123962,0.4202965795993805,1.3581738462438258,0.03125422970947924,0.10086375577024427,0.02835705503821373,0.2230810821056366,1.9237169027328491,169.6863250732422,169.6848602294922,2.8512253761291504,2.8930532932281494,390,90,1.0,0.3230752267869348,0.9999238226519541,0.08610996814404803,390,390,0,0.01,2.098609685897827,1.6897711753845215,1.7489354610443115,0.8333781516381635,0.5922888517379761,8.074246406555176,0.1725948005914688,7.9795241355896,0.9882685929810535,0.5562834739685059
gpu_seed1102_ckpt300_optimizer_reset,1102,300,optimizer_reset,91,3.1846835613250732,0.018765622458586283,0.0035158793131508936,0.04558420919144446,0.000125,0.000125,2.5640291372934976,2.5605132579803467,2.368732772767544,10.00309082120657,9.446350798010826,0.03336711227893829,0.09777230024337769,0.08900418132543564,0.4216313362121582,1.3444672180572133,0.031394505108728155,0.10110859382765758,0.026780737563967705,0.21831947565078735,1.8786461353302002,169.68609619140625,169.6845245361328,2.9346954822540283,3.0286879539489746,391,91,1.0,0.3237521515601478,0.9999314403867587,0.08702385817590397,391,391,0,0.01,2.2416024208068848,1.8298684358596802,1.8618279695510864,0.8305790323335189,0.598121702671051,8.066490173339844,0.17281650006771088,7.971579074859619,0.9882339039109105,0.5566845536231995
gpu_seed1102_ckpt300_optimizer_reset,1102,300,optimizer_reset,92,3.197605848312378,0.018841766525723794,0.01982386906941702,0.2558734237018818,0.000125,0.000125,2.5676917235056558,2.5478678544362388,2.3995093032717705,10.09645164012909,9.532712392508984,0.030776530504226685,0.09336081892251968,0.0863615944981575,0.3837215304374695,1.3326082311708718,0.031539311964811856,0.10147064271492079,0.0249014925211668,0.21492311358451843,1.8564938306808472,169.6858673095703,169.68414306640625,2.604891538619995,2.772573709487915,392,92,1.0,0.3244283994085877,0.9999382963480828,0.08793683431772803,392,392,0,0.01,1.9892650842666626,1.5964537858963013,1.830952763557434,0.9204166795253884,0.496486097574234,8.05906867980957,0.17437385022640228,7.9633402824401855,0.9881216550976664,0.556544840335846
gpu_seed1102_ckpt300_optimizer_reset,1102,300,optimizer_reset,93,3.2107222080230713,0.018919054158740456,0.025503555933634736,0.3271523671966179,0.000125,0.000125,2.5643328030904136,2.538829247156779,2.4294424075633287,10.189967542886734,9.619504615664482,0.029933104291558266,0.09351590275764465,0.0867922231554985,0.376591295003891,1.321588113398426,0.031695983192839866,0.10224902085813962,0.024172743782401085,0.21573320031166077,1.8424819707870483,169.68565368652344,169.68382263183594,2.6305320262908936,2.689610242843628,393,93,1.0,0.3251039710091791,0.9999444667132745,0.0888488974834103,393,393,0,0.01,1.9990168809890747,1.6836216449737549,1.88291335105896,0.941919685103604,0.4880703091621399,8.052188873291016,0.1764298379421234,7.955399513244629,0.9879797454368683,0.5562620162963867
gpu_seed1102_ckpt300_optimizer_reset,1102,300,optimizer_reset,94,3.2240941524505615,0.018997847814634816,0.015373150507609346,0.19800730702387703,0.000125,0.000125,2.5633581479390464,2.547984997431437,2.458731723949313,10.283381842076778,9.706211000680923,0.02928931638598442,0.0934142991900444,0.08670638501644135,0.3775709569454193,1.3112834235003814,0.03187171667267042,0.10326183092240758,0.022768590599298477,0.21079890429973602,1.8481396436691284,169.68540954589844,169.68348693847656,2.705061197280884,2.843358039855957,394,94,1.0,0.32577886703816994,0.9999500200419471,0.0897600485859269,394,394,0,0.01,2.051196575164795,1.8622312545776367,1.9729903936386108,0.9618728977641439,0.4951331317424774,8.044816017150879,0.17815694212913513,7.947050094604492,0.9878473389150297,0.5565037131309509
gpu_seed1102_ckpt300_optimizer_reset,1102,300,optimizer_reset,95,3.237426280975342,0.01907640685689058,0.02394413948059082,0.31589609418731435,0.000125,0.000125,2.5676937898000083,2.591637929280599,2.4880849849432707,10.37985958904028,9.796564422547817,0.02935326099395752,0.09647774696350098,0.09035342186689377,0.3541443347930908,1.3011719055279196,0.032070866973895815,0.10429664558343746,0.022363806143403053,0.1937514841556549,1.871751070022583,169.68515014648438,169.68316650390625,2.8635263442993164,2.928812026977539,395,95,1.0,0.3264530881711317,0.9999550180377524,0.09067028853734094,395,395,0,0.01,2.154608726501465,1.9967210292816162,2.2505533695220947,1.0445299612126675,0.41423970460891724,8.037521362304688,0.1792353391647339,7.938730239868164,0.9877087577146814,0.5589428544044495
gpu_seed1102_ckpt300_optimizer_reset,1102,300,optimizer_reset,96,3.2513322830200195,0.019158347426260738,0.03776057561238577,0.4986431383497525,0.000125,0.000125,2.56168540318807,2.5994459788004556,2.517498478293419,10.475380204617977,9.886545583605766,0.0294134933501482,0.09552061557769775,0.08998116105794907,0.3368335962295532,1.2914932465908642,0.032307145536719976,0.10491761357091794,0.02187606319785118,0.19789940118789673,1.9149054288864136,169.68492126464844,169.68287658691406,2.4836742877960205,2.5720129013061523,396,96,1.0,0.3271266350829606,0.9999595162339772,0.09157961824880367,396,396,0,0.01,2.0141794681549072,1.7959744930267334,2.3105576038360596,1.1471458429429344,0.26866790652275085,8.030305862426758,0.18151606619358063,7.929965972900391,0.9875048483524347,0.5606396198272705
gpu_seed1102_ckpt300_optimizer_reset,1102,300,optimizer_reset,97,3.265474319458008,0.019241678818997427,0.06623959541320801,0.8877144371690964,0.000125,0.000125,2.5620690981547036,2.6283086935679116,2.5472252182662487,10.5689657330513,9.973959758877754,0.02972673997282982,0.0935855284333229,0.08741417527198792,0.3595789968967438,1.281973143183369,0.03255671039993711,0.10548652661213526,0.022483915090560913,0.24420006573200226,1.9591103792190552,169.6846466064453,169.68255615234375,2.6553890705108643,2.7626967430114746,397,97,1.0,0.32779950844787764,0.9999635646105794,0.09248803863055488,397,397,0,0.01,2.1048583984375,1.6770614385604858,2.1537342071533203,1.0232204735250023,0.36889660358428955,8.023170471191406,0.1827119141817093,7.922113418579102,0.9874043493184951,0.5609936118125916
gpu_seed1102_ckpt300_optimizer_reset,1102,300,optimizer_reset,98,3.279503107070923,0.019324342897492595,0.048232078552246094,0.6420379078773415,0.000125,0.000125,2.5644100507100425,2.6126421292622886,2.576654240489006,10.664144560694695,10.062406547367573,0.02942902222275734,0.09517882764339447,0.08844678848981857,0.3752637207508087,1.2727757785799212,0.03274913010445765,0.10566138870306613,0.02196413092315197,0.2828945219516754,2.0004143714904785,169.68438720703125,169.68226623535156,2.501349925994873,2.6781961917877197,398,98,1.0,0.3284717089394298,0.9999672081495214,0.09339555059192428,398,398,0,0.01,1.9831690788269043,1.8408136367797852,2.06660795211792,1.0420735045643863,0.41782835125923157,8.016129493713379,0.1865731179714203,7.913331031799316,0.987176047742783,0.5590866804122925
gpu_seed1102_ckpt300_optimizer_reset,1102,300,optimizer_reset,99,3.293790817260742,0.019408532667074693,0.015937964121500503,0.2099188680340358,0.000125,0.000125,2.570037603378296,2.5859755674997964,2.6073060147464275,10.760871715843678,10.151916325092316,0.030651774257421494,0.096727155148983,0.08950977772474289,0.3851234018802643,1.2632927621960843,0.032946215749278786,0.10586083107710104,0.02141466550529003,0.32354703545570374,2.0317814350128174,169.68411254882812,169.68194580078125,2.645125150680542,2.7982962131500244,399,99,1.0,0.3291432372304903,0.9999704873345694,0.09430215504133233,399,399,0,0.01,1.9803519248962402,1.9582947492599487,2.0810179710388184,1.0508324025017934,0.44171956181526184,8.008875846862793,0.18811987340450287,7.905399322509766,0.9870797692044948,0.55824875831604
gpu_seed1102_ckpt300_optimizer_reset,1102,300,optimizer_reset,100,3.308105945587158,0.01949288399694684,0.002943118413289536,0.03888260139338762,6.25e-05,6.25e-05,2.5796052614847818,2.5825483798980713,2.6374365352094173,10.85725812613964,10.241022355854511,0.030130520462989807,0.09638641029596329,0.08910603076219559,0.3888031542301178,1.254288359709567,0.03315363142024829,0.10602161468243262,0.02116582728922367,0.3370477259159088,2.0641469955444336,169.68382263183594,169.6815948486328,2.7233288288116455,2.7560250759124756,400,100,1.0,0.3298140939932599,0.9999734386011124,0.09520785288629108,400,400,1,0.01,1.916925311088562,1.8848226070404053,1.9974912405014038,1.0420287263910397,0.4479837417602539,8.00149154663086,0.18870951235294342,7.897555828094482,0.9870104569964674,0.5589865446090698
gpu_seed1103_ckpt75_optimizer_reset,1103,75,optimizer_reset,1,3.6033499240875244,0.021193944605926142,13.319698651631672,6414487148.098245,0.001,0.001,9.262127876281738,22.58182652791341,0.6612775921821594,3.6471848487854004,3.6033496856689453,0.6612775921821594,3.6471848487854004,3.6033496856689453,0.15654607117176056,5.449073077149536,0.07775538526758614,0.34739348438814666,0.7676447629928589,15.241076469421387,9.621023178100586,170.03465270996094,170.04164123535156,8.296854019165039,8.296854019165039,76,1,0.9996670103634684,0.07321903528338858,0.09999999999999998,0.0010000000000000009,76,76,0,0.01,13.191526412963867,4.858177661895752,13.122084617614746,0.9947358786863457,0.19839608669281006,10.523916244506836,0.08977993577718735,10.50505542755127,0.9982078138481566,0.21415650844573975
gpu_seed1103_ckpt75_optimizer_reset,1103,75,optimizer_reset,2,5.488622188568115,0.03228261397811006,20.240383466084797,5570841999074.189,0.001,0.001,9.108183860778809,29.348567326863606,1.2863291501998901,6.3272716999053955,6.28209662437439,0.6250515580177307,2.680086851119995,2.6787469387054443,0.1187538132071495,4.266887823937551,0.11145275536437999,0.5128745786544956,0.5557494759559631,28.142160415649414,10.987972259521484,170.051025390625,170.07144165039062,9.575538635253906,19.675752639770508,77,2,0.9997003093271215,0.07414581624810523,0.18999999999999995,0.001998999999999973,77,77,0,0.01,11.981261253356934,10.268627166748047,15.040987968444824,1.2553760117891892,0.0925130844116211,10.527613639831543,0.621945858001709,10.313291549682617,0.979641911502241,0.37063080072402954
gpu_seed1103_ckpt75_optimizer_reset,1103,75,optimizer_reset,3,6.879617214202881,0.040464076267784144,13.15752951304118,3392582459.9318266,0.001,0.001,8.78732967376709,21.94485918680827,1.8699478507041931,8.650957107543945,8.629578113555908,0.583618700504303,2.32368540763855,2.3474814891815186,0.08459840714931488,3.679042285381619,0.13360783178243657,0.5980319024512698,0.48588255047798157,33.58134841918945,11.038652420043945,170.0667266845703,170.10073852539062,8.298099517822266,26.70430564880371,78,3,0.9997302783944094,0.07507167043185714,0.2709999999999999,0.002997000999999999,78,78,0,0.01,11.321250915527344,14.844887733459473,18.193498611450195,1.607021940172336,0.05217689275741577,10.549222946166992,1.1474617719650269,10.250502586364746,0.9716831882947591,0.31103160977363586
gpu_seed1103_ckpt75_optimizer_reset,1103,75,optimizer_reset,4,8.194223403930664,0.04819623976860031,9.793289820353188,28749206.002382584,0.001,0.001,7.380886713663737,17.174176534016926,2.443720757961273,10.728986740112305,10.724194765090942,0.5737729072570801,2.0780296325683594,2.094616651535034,0.10903305560350418,3.3531750210132514,0.15503574122910468,0.6634203210920193,0.4246935546398163,15.949406623840332,10.984492301940918,170.0818634033203,170.1342315673828,8.190886497497559,21.577268600463867,79,4,0.9997572505549684,0.07599659876142528,0.3439,0.003994003998999962,79,79,0,0.01,10.68614387512207,14.195810317993164,16.112516403198242,1.5077951964232446,0.18491147458553314,10.548664093017578,1.163408875465393,10.225875854492188,0.9694000836807363,0.32835081219673157
gpu_seed1103_ckpt75_optimizer_reset,1103,75,optimizer_reset,5,9.375537872314453,0.05514441686284829,7.167237440745036,2300482.1290555242,0.001,0.001,7.482163588205974,14.64940102895101,3.0197898149490356,12.688786745071411,12.714413523674011,0.5760690569877625,1.9598000049591064,1.9902187585830688,0.09375766664743423,3.104698819069822,0.17422251712869033,0.7209579225598564,0.4219145178794861,16.972198486328125,10.918681144714355,170.0963897705078,170.17098999023438,7.765871047973633,17.05459213256836,80,5,0.9997815254994716,0.07692060216266383,0.40950999999999993,0.004990009995000988,80,80,0,0.01,9.894623756408691,14.62606430053711,16.064924240112305,1.623601324881658,0.1856818050146103,10.542190551757812,1.1850637197494507,10.180014610290527,0.9656450962738611,0.35657376050949097
gpu_seed1103_ckpt75_optimizer_reset,1103,75,optimizer_reset,6,10.483856201171875,0.06166325010480302,9.411648432413738,40950746.48775854,0.001,0.001,8.116313934326172,17.52796236673991,3.591965436935425,14.497848629951477,14.56795859336853,0.5721756219863892,1.809061884880066,1.853545069694519,0.0794418677687645,2.9186962918311155,0.1907069410615573,0.76908664343508,0.3863547146320343,12.271424293518066,9.42763614654541,170.1101531982422,170.212890625,7.426840305328369,14.926207542419434,81,6,0.9998033729495245,0.07784368156050114,0.46855899999999995,0.0059850199850060015,81,81,0,0.01,9.571941375732422,14.43184757232666,16.06882667541504,1.678742696455745,0.15090791881084442,10.548460960388184,1.193575143814087,10.178206443786621,0.9648996647005743,0.36133772134780884
gpu_seed1103_ckpt75_optimizer_reset,1103,75,optimizer_reset,7,11.48582649230957,0.06755657251160023,7.630388259887694,2446748.0976237934,0.001,0.001,7.080367724100749,14.710755983988443,4.1282519698143005,16.173120498657227,16.29580509662628,0.5362865328788757,1.6752718687057495,1.7278465032577515,0.06048660725355148,2.78224938213339,0.20368357169244775,0.8044003532657132,0.3700917959213257,4.611248970031738,8.591185569763184,170.12330627441406,170.2540283203125,7.7066330909729,20.283723831176758,82,7,0.999823035654572,0.07876583787894065,0.5217030999999999,0.006979034965020947,82,82,0,0.01,8.718692779541016,14.794431686401367,16.250871658325195,1.8639114910043701,0.1193908303976059,10.547953605651855,1.218963623046875,10.156670570373535,0.9629043651586006,0.3728245794773102
gpu_seed1103_ckpt75_optimizer_reset,1103,75,optimizer_reset,8,12.430852890014648,0.07311496610257828,3.657367229461671,42087.99248486333,0.001,0.001,7.0162895520528155,10.673656781514486,4.676104724407196,17.76169490814209,17.950965881347656,0.5478527545928955,1.5885744094848633,1.6551607847213745,0.04834748059511185,2.658377778651629,0.21612874845407548,0.8396649332577754,0.36359456181526184,7.326137065887451,9.089651107788086,170.13597106933594,170.2955322265625,6.880618095397949,15.800156593322754,83,8,0.9998407320891148,0.07968707204106174,0.5695327899999999,0.00797205593005601,83,83,0,0.01,8.716941833496094,14.9246187210083,16.57294464111328,1.9012338223283163,0.09249556064605713,10.548460960388184,1.2278542518615723,10.152753829956055,0.9624867426708921,0.37443119287490845
gpu_seed1103_ckpt75_optimizer_reset,1103,75,optimizer_reset,9,13.350777626037598,0.07852571840464032,7.479814688364665,889372.2622314522,0.001,0.001,6.219021002451579,13.698835690816244,5.171974837779999,19.24738049507141,19.494186997413635,0.49587011337280273,1.4856855869293213,1.543221116065979,0.04860636219382286,2.58136940816318,0.22859728028951948,0.8749368137983194,0.3465172052383423,10.375595092773438,10.140766143798828,170.14735412597656,170.34043884277344,8.317599296569824,10.944738388061523,84,9,0.9998566588802034,0.08060738496902065,0.6125795109999999,0.00896408387412595,84,84,0,0.01,7.447333812713623,13.791304588317871,14.977919578552246,2.0111787594348014,0.10381221771240234,10.549459457397461,1.2375094890594482,10.141013145446777,0.9612827260390829,0.3823183476924896
gpu_seed1103_ckpt75_optimizer_reset,1103,75,optimizer_reset,10,14.173686981201172,0.0833658520737154,4.523380597432454,42371.18426276443,0.001,0.001,6.141754786173503,10.665135383605957,5.661571979522705,20.66402232646942,20.97422468662262,0.4895971417427063,1.4166418313980103,1.4800376892089844,0.04041897878050804,2.5034896725615012,0.23947377348028095,0.9009334174215581,0.3207663297653198,5.737539291381836,10.7059965133667,170.1583251953125,170.3827667236328,5.643607139587402,13.277178764343262,85,10,0.999870992992183,0.08152677758405169,0.6513215599,0.009955119790251765,85,85,0,0.01,7.513134479522705,14.867613792419434,16.286102294921875,2.167684118966327,0.054860182106494904,10.54549789428711,1.294378399848938,10.09282112121582,0.957073930732329,0.40359029173851013
gpu_seed1103_ckpt75_optimizer_reset,1103,75,optimizer_reset,11,14.955896377563477,0.0879665994243729,7.8028011322021475,828207.5486353548,0.001,0.001,5.824626604715983,13.627427736918131,6.116749405860901,21.991309881210327,22.357501983642578,0.4551774263381958,1.3272875547409058,1.3832772970199585,0.04586812108755112,2.445072600690606,0.24997305146695364,0.9268158132636873,0.2967816889286041,13.55563735961914,11.932024955749512,170.16883850097656,170.42681884765625,6.160802841186523,11.27283763885498,86,11,0.9998838936929647,0.08244525080646758,0.6861894039099999,0.010945164670461582,86,86,0,0.01,7.0987043380737305,14.1128511428833,15.294151306152344,2.154498987106756,0.07812236994504929,10.550107955932617,1.3048175573349,10.075575828552246,0.9550211116925601,0.4173378348350525
gpu_seed1103_ckpt75_optimizer_reset,1103,75,optimizer_reset,12,15.682538032531738,0.09224051211900405,7.6818208694458,1721082.929223629,0.001,0.001,6.677104632059733,14.358925501505533,6.597841948270798,23.245564937591553,23.676624536514282,0.48109254240989685,1.2542550563812256,1.319122552871704,0.05346378684043884,2.3769193253620657,0.25947446713980105,0.9634480131321328,0.29973411560058594,16.474302291870117,11.771964073181152,170.1786651611328,170.47036743164062,6.435198783874512,17.080101013183594,87,12,0.9998955043236682,0.08336280555566111,0.7175704635189999,0.0119342195057911,87,87,0,0.01,7.539369106292725,13.485709190368652,14.676851272583008,1.946694884633125,0.11456485092639923,10.549681663513184,1.3736987113952637,10.045357704162598,0.9521953386427026,0.4234590530395508
gpu_seed1103_ckpt75_optimizer_reset,1103,75,optimizer_reset,13,16.37483787536621,0.0963124354206081,6.083527565002442,336869.5567291805,0.001,0.001,6.646206219991048,12.72973378499349,7.079175740480423,24.392070651054382,24.898229718208313,0.48133379220962524,1.1465057134628296,1.2216051816940308,0.048779577016830444,2.3130995013626587,0.26817638825833534,0.9983086864232634,0.2758495807647705,8.561511993408203,11.053361892700195,170.18807983398438,170.51303100585938,6.006791114807129,13.254356384277344,88,13,0.9999059538913014,0.08427944275010546,0.7458134171670999,0.012922285286285251,88,88,0,0.01,6.740537643432617,12.177593231201172,13.333723068237305,1.9781393968219323,0.09709911793470383,10.562191009521484,1.3769540786743164,10.05095100402832,0.9515971634073603,0.4274809956550598
gpu_seed1103_ckpt75_optimizer_reset,1103,75,optimizer_reset,14,17.033578872680664,0.10018697453028685,4.398906230926515,124472.1099506232,0.001,0.001,7.345297654469808,11.744203885396322,7.6915474236011505,25.480085730552673,26.12702763080597,0.6123716831207275,1.088015079498291,1.2287979125976562,0.03664565086364746,2.214584131719934,0.2761404554507367,1.0306609676444791,0.2864888310432434,15.62990951538086,11.307917594909668,170.19708251953125,170.55474853515625,6.705589294433594,11.548698425292969,89,14,0.9999153585021713,0.08519516330735533,0.7712320754503899,0.013909363000998987,89,89,0,0.01,9.121977806091309,11.728605270385742,14.451807975769043,1.5842844921325168,0.05568796023726463,10.558547973632812,1.3856650590896606,10.03409194946289,0.9503287738540789,0.4347047209739685
gpu_seed1103_ckpt75_optimizer_reset,1103,75,optimizer_reset,15,17.65169906616211,0.10382259288999071,5.528343677520751,279269.64071887074,0.001,0.001,7.015569845835368,12.54391352335612,8.378176599740982,26.5159592628479,27.348399996757507,0.6866291761398315,1.035873532295227,1.221372365951538,0.03707714378833771,2.1068664351985276,0.2828659053175003,1.0461194539244438,0.32624551653862,12.710268020629883,10.934244155883789,170.20635986328125,170.59445190429688,8.365007400512695,14.057795524597168,90,15,0.9999238226519541,0.08610996814404803,0.794108867905351,0.014895453637998046,90,90,0,0.01,11.078104019165039,10.92890739440918,15.006784439086914,1.354634729293382,0.07004865258932114,10.577292442321777,1.3881418704986572,10.048542022705078,0.9500107969500761,0.43700337409973145
gpu_seed1103_ckpt75_optimizer_reset,1103,75,optimizer_reset,16,18.244089126586914,0.10730687345952876,4.043408393859862,133599.12009397263,0.001,0.001,7.776883761088054,11.820292154947916,9.067648261785507,27.523174166679382,28.551803827285767,0.6894716620445251,1.007214903831482,1.2034038305282593,0.030003931373357773,2.0119978852148885,0.2896350932337265,1.070033156648553,0.3199984133243561,6.396057605743408,10.322503089904785,170.21583557128906,170.63221740722656,10.209370613098145,14.942952156066895,91,16,0.9999314403867587,0.08702385817590397,0.8146979811148158,0.015880558184360072,91,91,0,0.01,11.049683570861816,11.962376594543457,15.825502395629883,1.4322131755302514,0.05578509718179703,10.597620010375977,1.4478355646133423,10.03052806854248,0.9464887454655657,0.4495118260383606
gpu_seed1103_ckpt75_optimizer_reset,1103,75,optimizer_reset,17,18.798980712890625,0.11057059799091559,4.08532460530599,192814.6288203697,0.001,0.001,8.101120630900065,12.186445236206055,9.743783682584763,28.510996341705322,29.72863495349884,0.6761354207992554,0.9878221750259399,1.1768311262130737,0.03594858571887016,1.9293306712554024,0.29493953292662706,1.0784268516891717,0.32126644253730774,11.41085147857666,9.94003963470459,170.2255859375,170.66839599609375,9.405876159667969,12.372367858886719,92,17,0.9999382963480828,0.08793683431772803,0.8332281830033342,0.016864677626175606,92,92,0,0.01,11.19816780090332,11.14802074432373,15.220388412475586,1.3591855992054742,0.07216233015060425,10.616000175476074,1.4661251306533813,10.025434494018555,0.9443702268559938,0.46065565943717957
gpu_seed1103_ckpt75_optimizer_reset,1103,75,optimizer_reset,18,19.32261085510254,0.1136504510337318,4.143933931986491,173648.94516647936,0.001,0.001,7.93684450785319,12.080778439839682,10.377615064382553,29.447238445281982,30.8396874666214,0.6338313817977905,0.9362421035766602,1.1110525131225586,0.036950141191482544,1.8619510104415626,0.29918281588706563,1.0780633914052573,0.30324819684028625,8.464461326599121,9.428022384643555,170.2353515625,170.70323181152344,9.496979713439941,12.131072998046875,93,18,0.9999444667132745,0.0888488974834103,0.8499053647030008,0.017847812948549535,93,93,0,0.01,9.978189468383789,10.199066162109375,13.666135787963867,1.3696007508440367,0.08264826238155365,10.648228645324707,1.477291464805603,10.035311698913574,0.9424395393048601,0.47231993079185486
gpu_seed1103_ckpt75_optimizer_reset,1103,75,optimizer_reset,19,19.82700538635254,0.11661716533571612,1.984084129333496,32246.736464353544,0.001,0.001,8.545015652974447,10.529099782307943,10.97582295536995,30.345528960227966,31.90287756919861,0.5982078909873962,0.8982905149459839,1.0631901025772095,0.032013166695833206,1.8064254012634486,0.3028532045570305,1.0748864308975348,0.2830173671245575,6.290596008300781,8.706498146057129,170.24514770507812,170.73666381835938,8.485450744628906,13.341927528381348,94,19,0.9999500200419471,0.0897600485859269,0.8649148282327007,0.01882996513560098,94,94,0,0.01,9.115071296691895,9.845458030700684,13.045280456542969,1.4311770069506775,0.05481367185711861,10.643821716308594,1.4830065965652466,10.019780158996582,0.9413705364533879,0.47812485694885254
gpu_seed1103_ckpt75_optimizer_reset,1103,75,optimizer_reset,20,20.31144905090332,0.11946653395310931,1.898995717366537,21419.805400695852,0.001,0.001,8.23526382446289,10.134259541829428,11.55324700474739,31.221099078655243,32.93747532367706,0.5774240493774414,0.8755701184272766,1.0345977544784546,0.029321959242224693,1.7580727775105391,0.3065528132460894,1.0741700669325083,0.27519726753234863,9.854394912719727,8.270856857299805,170.2548828125,170.768798828125,8.799741744995117,11.005497932434082,95,20,0.9999550180377524,0.09067028853734094,0.8784233454094307,0.01981113517046529,95,95,0,0.01,8.076700210571289,9.411975860595703,12.194169044494629,1.509795922415522,0.03368043527007103,10.64490795135498,1.4846413135528564,10.015386581420898,0.9408617366339094,0.48121964931488037
gpu_seed1103_ckpt75_optimizer_reset,1103,75,optimizer_reset,21,20.777830123901367,0.12220966321743577,2.5110723177591963,5944.996396064579,0.001,0.001,6.263899167378743,8.77497148513794,12.143316119909286,32.10755127668381,33.990535616874695,0.5900691151618958,0.8864521980285645,1.0530602931976318,0.02393842488527298,1.711050747483536,0.31007359806683493,1.0778436835799319,0.27965736389160156,9.881052017211914,7.9808831214904785,170.2647247314453,170.7996368408203,8.528810501098633,10.960914611816406,96,21,0.9999595162339772,0.09157961824880367,0.8905810108684876,0.020791324035294823,96,96,0,0.01,8.04924201965332,9.653701782226562,12.287382125854492,1.526526609070972,0.04507114738225937,10.643693923950195,1.493205189704895,10.006501197814941,0.9401342493791185,0.4840996563434601
gpu_seed1103_ckpt75_optimizer_reset,1103,75,optimizer_reset,22,21.235673904418945,0.1249025784010519,2.2044386863708496,2871.4498708227184,0.001,0.001,5.87501859664917,8.07945728302002,12.734722822904587,32.974802136421204,35.02803957462311,0.5914067029953003,0.8672508597373962,1.037503957748413,0.024830974638462067,1.6675411157141904,0.3136125790933408,1.0794176365608044,0.2763737142086029,7.0017194747924805,7.82528829574585,170.27487182617188,170.82992553710938,5.610530376434326,9.667430877685547,97,22,0.9999635646105794,0.09248803863055488,0.9015229097816388,0.021770532711259616,97,97,0,0.01,7.933312892913818,9.579605102539062,12.033123970031738,1.5167842403869423,0.06520044058561325,10.636913299560547,1.5036886930465698,9.987709045410156,0.9389668566558542,0.48924800753593445
gpu_seed1103_ckpt75_optimizer_reset,1103,75,optimizer_reset,23,21.674320220947266,0.12748257921416997,1.082497914632162,883.4791892033987,0.001,0.001,6.1149905522664385,7.197488466898601,13.330576568841934,33.815563678741455,36.04543888568878,0.5958537459373474,0.8407615423202515,1.0173993110656738,0.026768308132886887,1.625910185430828,0.317294585767744,1.0815823739101793,0.2880061864852905,9.556920051574707,8.059650421142578,170.28433227539062,170.85928344726562,6.453708648681641,8.123143196105957,98,23,0.9999672081495214,0.09339555059192428,0.9113706188034749,0.022748762178548265,98,98,0,0.01,7.727273464202881,8.987602233886719,11.462695121765137,1.4834074625241835,0.06547464430332184,10.638896942138672,1.5068440437316895,9.983335494995117,0.9383806939093529,0.4924694299697876
gpu_seed1103_ckpt75_optimizer_reset,1103,75,optimizer_reset,24,22.088838577270508,0.12992066579114295,1.0406988461812334,665.159919073804,0.001,0.001,5.895058790842692,6.935757637023926,13.876863986253738,34.696494817733765,37.072620153427124,0.5462874174118042,0.8809311389923096,1.0271812677383423,0.020123347640037537,1.5917745247881556,0.3204714028151463,1.0862260533470771,0.2690368890762329,4.374325752258301,8.64411449432373,170.2940673828125,170.8883819580078,6.750882148742676,6.69426965713501,99,24,0.9999704873345694,0.09430215504133233,0.9202335569231275,0.023726013416369818,99,99,0,0.01,6.635128498077393,8.759446144104004,10.678420066833496,1.609376528265592,0.057847149670124054,10.63448429107666,1.514127254486084,9.971549987792969,0.9376618287131334,0.49537572264671326
gpu_seed1103_ckpt75_optimizer_reset,1103,75,optimizer_reset,25,22.48581886291504,0.1322555981071393,1.9061676661173506,1466.1744017708543,0.0005,0.0005,5.545174916585286,7.451342582702637,14.40147677063942,35.54273593425751,38.058343291282654,0.5246127843856812,0.8462411165237427,0.9857231378555298,0.022178882732987404,1.5613550763596529,0.3235435318975035,1.094011774190342,0.2590574324131012,4.352962970733643,9.414270401000977,170.30418395996094,170.91668701171875,6.434527397155762,7.578100204467773,100,25,0.9999734386011124,0.09520785288629108,0.9282102012308147,0.024702287402953438,100,100,1,0.01,6.274194717407227,8.220287322998047,9.991978645324707,1.5925515696223467,0.06882139295339584,10.628377914428711,1.5275083780288696,9.947918891906738,0.9359771521109405,0.5030691027641296
gpu_seed1103_ckpt75_optimizer_reset,1103,75,optimizer_reset,26,22.67222785949707,0.13335200618041468,1.0913200378417969,636.6144019695855,0.0005,0.0005,5.773975372314453,6.86529541015625,14.651462107896805,35.93928933143616,38.521923899650574,0.24998533725738525,0.3965533971786499,0.4635806083679199,0.024413226172327995,1.5474379070520006,0.3248472822163108,1.0966142952336486,0.1196466013789177,4.316029071807861,9.391756057739258,170.3089599609375,170.92994689941406,6.512426853179932,7.793205261230469,101,26,0.9999760947410011,0.09611264503340478,0.9353891811077333,0.025677585115550405,101,101,0,0.01,6.047906875610352,7.659318447113037,9.288947105407715,1.5358945328450917,0.09668873995542526,10.620388984680176,1.5327366590499878,9.93263053894043,0.9352416896657206,0.5063433051109314
gpu_seed1103_ckpt75_optimizer_reset,1103,75,optimizer_reset,27,22.8436279296875,0.13436013574584615,0.7964444160461426,516.7875538768083,0.0005,0.0005,6.0507157643636065,6.847160180409749,14.901585638523102,36.31270328164101,38.96559461951256,0.250123530626297,0.37341395020484924,0.44367071986198425,0.02760210633277893,1.5329662549890901,0.3258554455241612,1.0967692973391054,0.11804584413766861,3.1256914138793945,9.092622756958008,170.31329345703125,170.94198608398438,5.709249973297119,6.207527160644531,102,27,0.999978485266901,0.09701653238837138,0.94185026299696,0.026651907530434893,102,102,0,0.01,5.95930290222168,7.509982109069824,9.006895065307617,1.5114007817841004,0.12053576856851578,10.614089012145996,1.5467406511306763,9.912687301635742,0.9339178605240116,0.5113500356674194
gpu_seed1103_ckpt75_optimizer_reset,1103,75,optimizer_reset,28,23.000438690185547,0.13528245487710575,0.5755379994710283,212.02113907183735,0.0005,0.0005,5.607603073120117,6.1831410725911455,15.150854974985123,36.688385754823685,39.410748928785324,0.24926933646202087,0.3756824731826782,0.4451543092727661,0.027284525334835052,1.518095099461977,0.3266393857477937,1.0931141758600171,0.11567982286214828,3.062540292739868,8.562565803527832,170.31700134277344,170.9524383544922,6.897974491119385,7.667166709899902,103,28,0.999980636740211,0.09791951585598302,0.9476652366972639,0.02762525562290441,103,103,0,0.01,5.910318851470947,7.831451416015625,9.26762580871582,1.568041596674221,0.11206966638565063,10.607861518859863,1.553516149520874,9.899185180664062,0.933193289058613,0.5141627788543701
gpu_seed1103_ckpt75_optimizer_reset,1103,75,optimizer_reset,29,23.144573211669922,0.13613021574643488,0.5177977879842119,156.55331767744468,0.0005,0.0005,5.441521644592285,5.959319432576497,15.435942590236664,37.049697667360306,39.86449971795082,0.28508761525154114,0.3613119125366211,0.4537507891654968,0.028791962191462517,1.4993948750695354,0.3272017922434687,1.0879811070456786,0.12788443267345428,5.112287998199463,8.156831741333008,170.31993103027344,170.96197509765625,8.806073188781738,10.041138648986816,104,29,0.9999825730661899,0.098821596340127,0.9528987130275375,0.02859763036728158,104,104,0,0.01,7.718550205230713,6.99448299407959,9.802888870239258,1.270042768342008,0.11486213654279709,10.612257957458496,1.572218894958496,9.880303382873535,0.9310274422728803,0.5235757231712341
gpu_seed1103_ckpt75_optimizer_reset,1103,75,optimizer_reset,30,23.278276443481445,0.13691662254797923,0.2374545733133946,85.19173371493628,0.0005,0.0005,5.761607805887858,5.999062379201253,15.697598397731781,37.40157634019852,40.2962392270565,0.2616558074951172,0.35187867283821106,0.4317395091056824,0.031950004398822784,1.4829196067879753,0.32778961653155486,1.0837214518534497,0.1169382631778717,4.787153244018555,7.7694501876831055,170.32249450683594,170.97071838378906,6.2290940284729,7.041620254516602,105,30,0.9999843157595709,0.09972277474378688,0.9576088417247838,0.029569032736914247,105,105,0,0.01,7.168032646179199,7.0383148193359375,9.44730281829834,1.3179770914314612,0.11562763899564743,10.60715103149414,1.5794587135314941,9.866752624511719,0.9301981837738518,0.5268594622612
gpu_seed1103_ckpt75_optimizer_reset,1103,75,optimizer_reset,31,23.403276443481445,0.13765183925786112,1.5592560768127441,626.0651044635224,0.0005,0.0005,5.116290887196858,6.675546964009603,15.956260114908218,37.752045810222626,40.72770220041275,0.2586617171764374,0.3504694700241089,0.43146297335624695,0.0197149571031332,1.4667143976685288,0.32844080025111083,1.0820835368037982,0.11556659638881683,3.720482110977173,7.529318332672119,170.3245849609375,170.97894287109375,6.228919982910156,6.529195785522461,106,31,0.9999858841836138,0.10062305196904309,0.9618479575523053,0.030539463704177372,106,106,0,0.01,7.043064117431641,7.315329551696777,9.961663246154785,1.4143933776633062,0.03769286349415779,10.600255012512207,1.6143617630004883,9.8521089553833,0.9294218812427864,0.523224413394928
gpu_seed1103_ckpt75_optimizer_reset,1103,75,optimizer_reset,32,23.520156860351562,0.13833929874218806,1.6430309613545733,526.9211796432263,0.0005,0.0005,4.8389387130737305,6.481969674428304,16.21045622229576,38.08459225296974,41.14104852080345,0.2541961073875427,0.3325464427471161,0.4133463203907013,0.025715801864862442,1.4509250410855579,0.3288832586950669,1.0804568611525667,0.11293955892324448,4.581628322601318,7.269631862640381,170.32647705078125,170.98646545410156,5.835314750671387,6.280721187591553,107,32,0.9999872957652524,0.10152242891707408,0.9656631617970749,0.031508924240473246,107,107,0,0.01,6.887778282165527,6.8187994956970215,9.428864479064941,1.368926828477865,0.05359204113483429,10.591133117675781,1.614691138267517,9.841352462768555,0.9292067575227781,0.5241413712501526
gpu_seed1103_ckpt75_optimizer_reset,1103,75,optimizer_reset,33,23.627439498901367,0.13897030665052434,0.6301385561625166,117.39804761750864,0.0005,0.0005,4.89582618077596,5.525964736938477,16.461243838071823,38.41249993443489,41.54727894067764,0.250787615776062,0.3279076814651489,0.4062304198741913,0.0328005813062191,1.4353374344807421,0.32923648343001777,1.079327183763876,0.11089704185724258,4.666668891906738,6.981625080108643,170.32821655273438,170.99302673339844,5.5217180252075195,7.182028770446777,108,33,0.9999885661887271,0.10242090648815694,0.9690968456173674,0.032477415316232716,108,108,0,0.01,6.532890319824219,6.5249505043029785,8.838529586791992,1.3529279008358521,0.08368010818958282,10.581893920898438,1.6160720586776733,9.830516815185547,0.928994080707055,0.5247935056686401
gpu_seed1103_ckpt75_optimizer_reset,1103,75,optimizer_reset,34,23.728635787963867,0.13956551627209865,0.33771546681721976,53.903845251936275,0.0005,0.0005,4.899147987365723,5.236863454182942,16.703696951270103,38.751519948244095,41.958803445100784,0.24245311319828033,0.3390200138092041,0.4115245044231415,0.026556141674518585,1.420561918549306,0.3295441085806765,1.0788842976285338,0.11270863562822342,3.771109104156494,6.64814567565918,170.32986450195312,170.99893188476562,5.465015888214111,7.143481731414795,109,34,0.9999897095698544,0.10331848558166878,0.9721871610556306,0.033444937900916516,109,109,0,0.01,5.818922996520996,7.077996253967285,8.8345308303833,1.518241577636231,0.07173452526330948,10.577103614807129,1.6170376539230347,9.82406997680664,0.9288053076319279,0.5255504846572876
gpu_seed1103_ckpt75_optimizer_reset,1103,75,optimizer_reset,35,23.82659912109375,0.14014171050788118,0.2772968610127764,42.93111382057535,0.0005,0.0005,4.900413195292155,5.177710056304932,16.951342076063156,39.06584179401398,42.35365417599678,0.24764512479305267,0.3143218457698822,0.3948507308959961,0.027101917192339897,1.4055877708194964,0.32987125421041125,1.0788976158522314,0.11024811863899231,3.298138380050659,6.411213397979736,170.33169555664062,171.00440979003906,5.203410625457764,5.463108539581299,110,35,0.999990738612869,0.10421516709608714,0.9749684449500675,0.0344114929630156,110,110,0,0.01,5.860014915466309,6.396676063537598,8.270125389099121,1.4112806039572372,0.09153459966182709,10.57219123840332,1.6193305253982544,9.816743850708008,0.9285439157634521,0.5264348983764648
gpu_seed1103_ckpt75_optimizer_reset,1103,75,optimizer_reset,36,23.919523239135742,0.14068826542256524,0.17764870325724313,20.697188285917775,0.0005,0.0005,4.667806148529053,4.845454851786296,17.18852685391903,39.36785900592804,42.73260521888733,0.2371847778558731,0.3020172119140625,0.3789510428905487,0.02699238806962967,1.391598212134197,0.3302284196635677,1.078846259308287,0.10644436627626419,2.906989574432373,6.235366344451904,170.33323669433594,171.00946044921875,4.84935188293457,5.737601280212402,111,36,0.9999916647515821,0.105110951928991,0.9774716004550608,0.035377081470052585,111,111,0,0.01,5.524055004119873,6.010512351989746,7.716567039489746,1.3969026437523318,0.10686018317937851,10.564516067504883,1.621958613395691,9.805293083190918,0.9281346178600488,0.528035044670105
gpu_seed1103_ckpt75_optimizer_reset,1103,75,optimizer_reset,37,24.00716781616211,0.14120376748304778,0.10404427846272757,9.893875375497643,0.0005,0.0005,4.502381483713786,4.606425762176514,17.415006652474403,39.655579179525375,43.09398749470711,0.22647979855537415,0.2877201735973358,0.36138227581977844,0.026693353429436684,1.3785333703992404,0.3305364206259173,1.0786375940897253,0.09856455028057098,2.4226632118225098,6.104474067687988,170.3345947265625,171.01409912109375,4.557782173156738,5.238771438598633,112,37,0.9999924982764239,0.10600584097706212,0.9797244404095548,0.03634170438858253,112,112,0,0.01,5.240661144256592,5.7311248779296875,7.3438005447387695,1.401311846461524,0.10619186609983444,10.55665397644043,1.6220269203186035,9.796266555786133,0.9279707924165932,0.5287306308746338
gpu_seed1103_ckpt75_optimizer_reset,1103,75,optimizer_reset,38,24.088903427124023,0.14168451457882061,0.12137715021769235,9.299608264602469,0.0005,0.0005,4.277522563934326,4.3988997141520185,17.64262306690216,39.943005472421646,43.45611849427223,0.22761641442775726,0.28742629289627075,0.3621309995651245,0.02510005794465542,1.3653810624290796,0.3308604873614425,1.0793000712112553,0.09654071927070618,2.7731833457946777,6.0295491218566895,170.33578491210938,171.0182647705078,5.096664905548096,5.968055248260498,113,38,0.9999932484487815,0.10689983513608503,0.9817519963685992,0.03730536268419393,113,113,0,0.01,5.692687511444092,5.598809719085693,7.626076698303223,1.3396267901533452,0.08779279887676239,10.560495376586914,1.6238707304000854,9.796977043151855,0.9277005191320153,0.530071496963501
gpu_seed1103_ckpt75_optimizer_reset,1103,75,optimizer_reset,39,24.165761947631836,0.14213657592741374,0.09713872273762991,6.982068560529314,0.0005,0.0005,4.2259979248046875,4.323136647542317,17.874263241887093,40.24182632565498,43.829866379499435,0.23164017498493195,0.2988208532333374,0.37374788522720337,0.023574430495500565,1.35198646347558,0.3307151904980742,1.0747715250042094,0.10237341374158859,3.8186819553375244,5.9424824714660645,170.33677673339844,171.0219268798828,4.474446773529053,5.792413234710693,114,39,0.9999939236039034,0.10779293530094891,0.9835767967317394,0.03826805732150973,114,114,0,0.01,6.080512046813965,5.7593770027160645,8.09697437286377,1.3316270587943408,0.06542070209980011,10.554043769836426,1.6255635023117065,9.786982536315918,0.9273206317645086,0.5317375063896179
gpu_seed1103_ckpt75_optimizer_reset,1103,75,optimizer_reset,40,24.23879623413086,0.14256614415004082,0.283294041951498,18.25425454883824,0.0005,0.0005,4.020679314931233,4.303973356882731,18.122417524456978,40.516674906015396,44.19685736298561,0.24815428256988525,0.2748485803604126,0.36699098348617554,0.017886625602841377,1.3375034650547164,0.3305262041965485,1.070137243002973,0.10930075496435165,3.8232951164245605,5.865201950073242,170.33749389648438,171.025390625,4.546002388000488,3.888869285583496,115,40,0.999994531243513,0.10868514236564797,0.9852191170585654,0.039229789264188186,115,115,0,0.01,6.21400785446167,5.1610517501831055,7.880725383758545,1.2682194114220342,0.049024421721696854,10.547286033630371,1.6251411437988281,9.779004096984863,0.9271583292425424,0.5325708389282227
gpu_seed1103_ckpt75_optimizer_reset,1103,75,optimizer_reset,41,24.308828353881836,0.14297805442739575,0.01456030209859227,0.7987174804373041,0.0005,0.0005,3.997419516245524,4.011979818344116,18.358401343226433,40.79911869764328,44.56176534295082,0.23598381876945496,0.2824437916278839,0.36490797996520996,0.01729145459830761,1.3241255542574555,0.3304746694257768,1.0672366835619926,0.1086023598909378,3.399076461791992,5.768465518951416,170.33837890625,171.02842712402344,4.401629447937012,5.098439693450928,116,41,0.9999950781191617,0.10957645722328235,0.9866972053527089,0.040190559474924004,116,116,0,0.01,5.669332027435303,5.220254421234131,7.524848937988281,1.327290217184731,0.04678167402744293,10.53758430480957,1.6259422302246094,9.767794609069824,0.926948181530626,0.5332989692687988
gpu_seed1103_ckpt75_optimizer_reset,1103,75,optimizer_reset,42,24.37468910217285,0.14336542980874678,0.23121293385823583,10.731426067669986,0.0005,0.0005,3.950972636540731,3.719759702682495,18.584158644080162,41.071575343608856,44.911690056324005,0.22575730085372925,0.27245664596557617,0.3499247133731842,0.02236810512840748,1.311584213683836,0.3304773455909083,1.064700771227683,0.10378109663724899,3.020979404449463,5.669859886169434,170.33920288085938,171.03121948242188,4.620736598968506,4.5190958976745605,117,42,0.9999955703072455,0.11046688076605904,0.988027484817438,0.0411503689154491,117,117,0,0.01,5.22264289855957,5.012546539306641,6.9771623611450195,1.3359447499403065,0.07106577605009079,10.528739929199219,1.6274865865707397,9.758157730102539,0.9268115458944369,0.5334404706954956
gpu_seed1103_ckpt75_optimizer_reset,1103,75,optimizer_reset,43,24.4364013671875,0.1437284049162942,0.07440376281738281,3.513006032406402,0.0005,0.0005,3.8916920820871987,3.817288319269816,18.813477709889412,41.33959063887596,45.26051712036133,0.22931906580924988,0.2680152952671051,0.348827064037323,0.02228325419127941,1.298877418837936,0.33040012957471887,1.062032016793267,0.10153445601463318,2.5638086795806885,5.544753551483154,170.33990478515625,171.03369140625,4.141696929931641,4.892735004425049,118,43,0.999996013276521,0.11135641388529294,0.9892247363356942,0.04210921854653371,118,118,0,0.01,5.099329471588135,4.84556245803833,6.841306686401367,1.341609073215928,0.05421394109725952,10.52026081085205,1.628694772720337,9.747334480285645,0.9265297368131757,0.5345421433448792
gpu_seed1103_ckpt75_optimizer_reset,1103,75,optimizer_reset,44,24.494461059570312,0.14406989656437777,0.3660397529602055,17.031041331806414,0.0005,0.0005,4.017494360605876,3.6514546076456704,19.0416359603405,41.6029257774353,45.605096846818924,0.22815825045108795,0.26333513855934143,0.3445797264575958,0.022189559414982796,1.2863632678718127,0.3303924316801672,1.060500033445546,0.10452080518007278,2.667044162750244,5.484500408172607,170.3406982421875,171.03579711914062,4.1689300537109375,4.892436504364014,119,44,0.9999964119488689,0.11224505747140767,0.9903022627021247,0.043067109327987074,119,119,0,0.01,5.122944355010986,4.456905841827393,6.489236354827881,1.2667005349139104,0.08755882829427719,10.510906219482422,1.629718542098999,9.736559867858887,0.9263292493097144,0.5351645350456238
gpu_seed1103_ckpt75_optimizer_reset,1103,75,optimizer_reset,45,24.547822952270508,0.14438375700585065,0.15836882591247559,7.318064367021449,0.0005,0.0005,3.911314090092977,3.7529452641805015,19.254620730876923,41.85976582765579,45.935457825660706,0.21298477053642273,0.2568400502204895,0.3303609788417816,0.020025869831442833,1.2749055561974314,0.3305380770324667,1.0613870366555211,0.09766624122858047,2.734229326248169,5.411251544952393,170.34115600585938,171.03770446777344,3.847769260406494,4.229500770568848,120,45,0.999996770753982,0.11313281241393625,0.9912720364319123,0.04402404221865919,120,120,0,0.01,4.533315181732178,4.116555690765381,5.883176803588867,1.2977647853153704,0.07730306684970856,10.502205848693848,1.6321388483047485,9.725053787231445,0.9260010637136785,0.536242663860321
gpu_seed1103_ckpt75_optimizer_reset,1103,75,optimizer_reset,46,24.598600387573242,0.14468241635720677,0.15301569302876805,7.097446034804179,0.0005,0.0005,3.912482261657715,3.759466568628947,19.465849205851555,42.111018508672714,46.260107189416885,0.21122847497463226,0.251252681016922,0.3246493637561798,0.022122493013739586,1.2636797977545973,0.3307475902295905,1.062491612143928,0.09266025573015213,2.5236599445343018,5.31594705581665,170.3414306640625,171.03968811035156,3.96504545211792,3.981518030166626,121,46,0.9999970936785838,0.11401967960152237,0.992144832788721,0.044980018176440484,121,121,0,0.01,4.4348015785217285,4.199719429016113,5.786454677581787,1.3047832186235728,0.10260572284460068,10.493589401245117,1.6329401731491089,9.71496868133545,0.9258003443685145,0.5369376540184021
gpu_seed1103_ckpt75_optimizer_reset,1103,75,optimizer_reset,47,24.64873695373535,0.14497730628695463,0.05745855967203761,2.7141384603305383,0.0005,0.0005,3.826299031575521,3.8837575912475586,19.65828800201416,42.35048024356365,46.56431794166565,0.19243879616260529,0.2394617348909378,0.30421075224876404,0.019860701635479927,1.253859794464738,0.33102166407759054,1.0630357008642592,0.08382515609264374,2.2855210304260254,5.200780391693115,170.34170532226562,171.0416259765625,3.8107423782348633,3.618476629257202,122,47,0.9999973843107254,0.11490565992192081,0.9929303495098489,0.04593503815826405,122,122,0,0.01,4.232113838195801,4.316158294677734,5.861012935638428,1.3848901895643857,0.059906043112277985,10.485220909118652,1.634036898612976,9.703641891479492,0.9254589841821671,0.5384056568145752
gpu_seed1103_ckpt75_optimizer_reset,1103,75,optimizer_reset,48,24.696815490722656,0.14526009143719254,0.4195031325022378,22.927947751352065,0.0005,0.0005,3.7839674154917398,4.203470547993978,19.836179941892624,42.5780109167099,46.85041496157646,0.17789193987846375,0.22753067314624786,0.2860970199108124,0.01932312361896038,1.2450388917154087,0.3312765609960661,1.0628792715507667,0.08186440914869308,2.3104088306427,5.029340744018555,170.3419189453125,171.04335021972656,3.3308253288269043,4.507725238800049,123,48,0.9999976458796529,0.11579075426199892,0.9936373145588641,0.046889103120105746,123,123,0,0.01,4.098091125488281,3.988550901412964,5.597957134246826,1.3659913756989657,0.04177819937467575,10.475944519042969,1.6343108415603638,9.693862915039062,0.9253450032516707,0.5386791825294495
gpu_seed1103_ckpt75_optimizer_reset,1103,75,optimizer_reset,49,24.742496490478516,0.1455287749119495,0.5196388562520342,29.342496135935377,0.0005,0.0005,3.762612819671631,4.282251675923665,20.004677668213844,42.792507633566856,47.12075820565224,0.1684977263212204,0.21449671685695648,0.27034324407577515,0.01819012686610222,1.23683554920715,0.33150848760276774,1.0635931094863564,0.07493599504232407,1.9270944595336914,4.838316917419434,170.3421630859375,171.04495239257812,3.130683660507202,3.874912738800049,124,49,0.9999978812916875,0.11667496350773687,0.9942735831029776,0.04784221401698563,124,124,0,0.01,3.875723361968994,3.552061080932617,5.123522758483887,1.3219526472806995,0.05040666460990906,10.466788291931152,1.6357178688049316,9.682249069213867,0.9250448943041093,0.5397932529449463
gpu_seed1103_ckpt75_optimizer_reset,1103,75,optimizer_reset,50,24.785018920898438,0.14577888052306562,0.31104302406311035,15.201770283075504,0.0005,0.0005,3.7296864986419678,4.040729522705078,20.174526005983353,43.02327896654606,47.404556542634964,0.16984833776950836,0.23077133297920227,0.28379833698272705,0.0199301578104496,1.2285304206674537,0.3318384126168267,1.0677032644624977,0.07528373599052429,1.4485949277877808,4.731131076812744,170.34237670898438,171.04623413085938,3.9827141761779785,4.8920488357543945,125,50,0.9999980931625189,0.11755828854422912,0.9948462247926799,0.04879437180296864,125,125,1,0.01,4.165156841278076,4.063994407653809,5.559916019439697,1.334863543273512,0.08719456940889359,10.46019458770752,1.6374818086624146,9.673318862915039,0.9247742746852802,0.5407376885414124
gpu_seed1103_ckpt75_optimizer_reset,1103,75,optimizer_reset,51,24.824913024902344,0.14601352701818113,0.5088699658711753,19.87113922012037,0.0005,0.0005,3.399629831314087,3.908499797185262,20.363436847925186,43.25254735350609,47.69887724518776,0.1889108419418335,0.2292683869600296,0.2943207025527954,0.018778283149003983,1.2190924945673165,0.3317116420041574,1.0666986153505618,0.08566410839557648,1.481533408164978,4.675864219665527,170.34246826171875,171.04725646972656,4.101646900177002,4.203388690948486,126,51,0.999998283846267,0.11844073025568491,0.9953616023134119,0.0497455774311657,126,126,0,0.01,4.478396892547607,4.214535236358643,5.990401744842529,1.3376218965339306,0.05121864750981331,10.454132080078125,1.6415603160858154,9.66161060333252,0.9241906003601394,0.5429983735084534
gpu_seed1103_ckpt75_optimizer_reset,1103,75,optimizer_reset,52,24.861543655395508,0.1462289786312378,0.2235813935597739,7.480167914907877,0.0005,0.0005,3.3963623046875,3.619943698247274,20.53910145163536,43.47963286936283,47.98237070441246,0.17566460371017456,0.22708551585674286,0.2834934592247009,0.02578701451420784,1.2104494305136595,0.33161761606044327,1.0659127369400552,0.07969234138727188,1.434661626815796,4.635104656219482,170.34237670898438,171.04824829101562,3.849374532699585,4.076608180999756,127,52,0.9999984554616402,0.11932228952542923,0.9958254420820707,0.05069583185373461,127,127,0,0.01,3.907879114151001,4.436432838439941,5.452287673950195,1.3952037703022262,0.15071795880794525,10.445817947387695,1.6476446390151978,9.65103816986084,0.923914069579727,0.5428891181945801
gpu_seed1103_ckpt75_optimizer_reset,1103,75,optimizer_reset,53,24.896459579467773,0.14643434479778897,0.48187096913655614,18.577887971321573,0.0005,0.0005,3.4014591375986734,3.8833301067352295,20.711655482649803,43.69585111737251,48.255749583244324,0.17255403101444244,0.2162182480096817,0.2733788788318634,0.02397805266082287,1.2020506810922182,0.33147578379122483,1.063526689357404,0.08257569372653961,1.984944462776184,4.61923885345459,170.3422393798828,171.0491943359375,3.3414244651794434,3.984785318374634,128,53,0.9999986099154762,0.12020296723590385,0.9962428978738637,0.05164513602188081,128,128,0,0.01,3.625188112258911,3.929849147796631,5.025031566619873,1.386143673379562,0.11703848093748093,10.437170028686523,1.647657871246338,9.64197826385498,0.9238115540278748,0.5431668162345886
gpu_seed1103_ckpt75_optimizer_reset,1103,75,optimizer_reset,54,24.928762435913086,0.14662434159647306,0.4056982199350996,15.611797829025196,0.0005,0.0005,3.4404749075571694,3.846173127492269,20.88253827393055,43.89984892308712,48.51875528693199,0.17088279128074646,0.20399780571460724,0.26300570368766785,0.02358069270849228,1.1937611275460986,0.33141762619465787,1.06146483750792,0.08307234942913055,2.454193115234375,4.570914268493652,170.34181213378906,171.04998779296875,4.076496601104736,4.070206165313721,129,54,0.9999987489239286,0.12108276426866793,0.9966186080864773,0.05259349088585896,129,129,0,0.01,3.7052483558654785,3.391968011856079,4.8036274909973145,1.2964387349074142,0.08591100573539734,10.43081283569336,1.6494489908218384,9.632868766784668,0.9235012571427687,0.5443266034126282
gpu_seed1103_ckpt75_optimizer_reset,1103,75,optimizer_reset,55,24.959949493408203,0.1468077755628927,0.5287394523620601,27.076653270116992,0.0005,0.0005,3.6599400838216147,4.188679536183675,21.0568864941597,44.11573752760887,48.79353055357933,0.17434822022914886,0.2158886045217514,0.27477526664733887,0.019975584000349045,1.1853580300359157,0.331421608394985,1.0600670389057842,0.09356339275836945,3.225980043411255,4.497101783752441,170.34127807617188,171.05068969726562,3.320399761199951,3.858163595199585,130,55,0.9999988740315358,0.12196168150439923,0.9969567472778296,0.05354089739497314,130,130,0,0.01,3.721536636352539,4.343735218048096,5.630950450897217,1.5130713468978696,0.031247884035110474,10.421224594116211,1.6528000831604004,9.61864948272705,0.922986487418838,0.5461864471435547
gpu_seed1103_ckpt75_optimizer_reset,1103,75,optimizer_reset,56,24.989011764526367,0.14697871210171823,0.18666974703470895,6.798314963258882,0.0005,0.0005,3.500302712122599,3.686972459157308,21.221797421574593,44.32376182079315,49.055951714515686,0.1649109274148941,0.2080242931842804,0.2624211609363556,0.0233905091881752,1.177516271035589,0.3313389904651668,1.0584979475266498,0.08052647113800049,2.4374194145202637,4.27394962310791,170.34071350097656,171.05101013183594,3.6746411323547363,4.680219650268555,131,56,0.9999989866283822,0.12283971982289488,0.9972610725500466,0.05448735649757808,131,131,0,0.01,3.4438791275024414,4.1146416664123535,5.198785305023193,1.509572523467724,0.06221503019332886,10.411941528320312,1.6579110622406006,9.603007316589355,0.9223070731302523,0.548585832118988
gpu_seed1103_ckpt75_optimizer_reset,1103,75,optimizer_reset,57,25.017244338989258,0.14714476858578304,0.23219434420267726,7.450825605497517,0.0005,0.0005,3.3501628239949546,3.582357168197632,21.387108400464058,44.5471917539835,49.33229446411133,0.16531097888946533,0.22342993319034576,0.2763427495956421,0.011957760900259018,1.169734770617484,0.3312675553755305,1.0582341534394508,0.07917270064353943,1.5339078903198242,4.041997909545898,170.34017944335938,171.0511474609375,4.598445892333984,5.0974860191345215,132,57,0.9999990879655439,0.12371688010307191,0.9975349652950419,0.05543286914108059,132,132,0,0.01,3.586073875427246,4.747694492340088,5.901345252990723,1.645628466671225,0.01687602512538433,10.403205871582031,1.6586576700210571,9.592576026916504,0.9220788423613907,0.5494040846824646
gpu_seed1103_ckpt75_optimizer_reset,1103,75,optimizer_reset,58,25.045373916625977,0.14731021926994653,0.3885948657989502,14.530774324344986,0.0005,0.0005,3.420905272165934,3.8095001379648843,21.579947501420975,44.751381650567055,49.61254274845123,0.1928391009569168,0.20418989658355713,0.2802482843399048,0.004334303084760904,1.1605854886799727,0.3311788770419608,1.0576799740602987,0.08563433587551117,1.3662145137786865,3.9337844848632812,170.33978271484375,171.05125427246094,3.7297775745391846,3.4531667232513428,133,58,0.9999991791689895,0.12459316322296887,0.9977814687655377,0.056377436271939474,133,133,0,0.01,4.781300067901611,4.011024475097656,6.2885613441467285,1.315240887381766,-0.015561077743768692,10.395111083984375,1.6622384786605835,9.581389427185059,0.9217207348506424,0.5503267049789429
gpu_seed1103_ckpt75_optimizer_reset,1103,75,optimizer_reset,59,25.072315216064453,0.14746868081821132,0.42969163258870413,18.93590803860485,0.0005,0.0005,3.5632203420003257,3.99291197458903,21.75950452685356,44.98444648087025,49.903507232666016,0.17955702543258667,0.23306483030319214,0.2909644842147827,0.022696342319250107,1.152246604931715,0.3310924064581888,1.0572483643054917,0.08324149250984192,1.6123460531234741,3.8669559955596924,170.33937072753906,171.05133056640625,3.4145443439483643,4.64832067489624,134,59,0.9999992612520906,0.12546857005974588,0.998003321888984,0.057321058835667515,134,134,0,0.01,4.132874488830566,4.12978982925415,5.666011810302734,1.3709615004312923,0.05953044444322586,10.385839462280273,1.6668717861175537,9.567642211914062,0.9212199212842933,0.5517704486846924
gpu_seed1103_ckpt75_optimizer_reset,1103,75,optimizer_reset,60,25.09804916381836,0.14762004104541052,0.4315232435862222,17.959836071830303,0.0005,0.0005,3.5050633748372397,3.936586618423462,21.931556776165962,45.21096622943878,50.18468567728996,0.17205224931240082,0.22651974856853485,0.28117844462394714,0.023757999762892723,1.1443806483948475,0.3313395135850753,1.0610884599781658,0.08577286452054977,1.8609483242034912,3.87778902053833,170.3388214111328,171.0514373779297,4.0411601066589355,4.455743312835693,135,60,0.9999993351268816,0.1263431014896862,0.9982029897000856,0.0582637377768318,135,135,0,0.01,3.8065154552459717,4.113290786743164,5.359344959259033,1.4079398920794115,0.08577913045883179,10.379069328308105,1.6776028871536255,9.556161880493164,0.9207147171113458,0.551896870136261
gpu_seed1103_ckpt75_optimizer_reset,1103,75,optimizer_reset,61,25.123600006103516,0.14777032429500736,0.7773555914560952,39.23298003077882,0.0005,0.0005,3.5076444943745932,4.2850000858306885,22.091587021946907,45.43853376805782,50.460088312625885,0.16003024578094482,0.22756753861904144,0.27540263533592224,0.021281544119119644,1.137247404685925,0.33174143350933877,1.0657088603996847,0.08062402158975601,2.307384967803955,3.936478853225708,170.3382568359375,171.05157470703125,3.8657033443450928,3.7502965927124023,136,61,0.9999994016141934,0.12721675838819646,0.998382690730077,0.05920547403905507,136,136,0,0.01,3.511204242706299,4.4145050048828125,5.473361968994141,1.5588275675965602,0.05995772033929825,10.370844841003418,1.684064269065857,9.546307563781738,0.9204946858367208,0.5513401627540588
gpu_seed1103_ckpt75_optimizer_reset,1103,75,optimizer_reset,62,25.146549224853516,0.14790530548783723,0.3257923126220703,13.435196908345183,0.0005,0.0005,3.552058299382528,3.877850612004598,22.24718350172043,45.67043296992779,50.73704591393471,0.15559647977352142,0.2318992018699646,0.27695760130882263,0.0177646204829216,1.1303250689197464,0.3320230048162587,1.0688167400798376,0.0759953036904335,2.144751787185669,3.9926230907440186,170.33763122558594,171.05145263671875,3.4719388484954834,4.635355472564697,137,62,0.9999994614527741,0.12808954162980835,0.9985444216570694,0.060146268565015926,137,137,0,0.01,3.5279483795166016,4.410688400268555,5.629898548126221,1.595799581652618,0.006581808440387249,10.364651679992676,1.6893192529678345,9.537014961242676,0.920148139628412,0.5518566370010376
gpu_seed1103_ckpt75_optimizer_reset,1103,75,optimizer_reset,63,25.168537139892578,0.1480346325482547,0.4191865921020508,17.243510427431907,0.0005,0.0005,3.4999708334604898,3.9191574255625405,22.401286482810974,45.9047988653183,51.015311658382416,0.15410298109054565,0.23436589539051056,0.27826574444770813,0.017212020233273506,1.123530881103809,0.3319041112633132,1.0668437734646552,0.07784851640462875,1.8451110124588013,4.051634788513184,170.33700561523438,171.05130004882812,3.8475303649902344,4.106292247772217,138,63,0.9999995153074966,0.12896145208817844,0.9986899794913624,0.06108612229645094,138,138,0,0.01,3.5359749794006348,4.766570568084717,5.933078289031982,1.6779186288348653,0.0006496153655461967,10.356837272644043,1.6906132698059082,9.527655601501465,0.9199387178425936,0.5524466633796692
gpu_seed1103_ckpt75_optimizer_reset,1103,75,optimizer_reset,64,25.190446853637695,0.1481634996494878,0.4520965417226157,18.47271682579119,0.0005,0.0005,3.475604295730591,3.9277008374532065,22.546944066882133,46.131064519286156,51.28189918398857,0.14565758407115936,0.22626565396785736,0.2665875256061554,0.020380506291985512,1.1172443936931271,0.3317373951960113,1.0635194944601063,0.07289554923772812,1.7618014812469482,4.127385139465332,170.3363494873047,171.0510711669922,3.9732422828674316,4.54161262512207,139,64,0.9999995637767469,0.12983249063609037,0.9988209815422261,0.06202503617415456,139,139,0,0.01,3.3473751544952393,4.766965389251709,5.7931928634643555,1.7306673426439403,0.011524701490998268,10.347545623779297,1.6915624141693115,9.516277313232422,0.9196651707785188,0.5534186363220215
gpu_seed1103_ckpt75_optimizer_reset,1103,75,optimizer_reset,65,25.211864471435547,0.14828947237341455,0.7133725484212241,30.313259580907996,0.0005,0.0005,3.3715354601542153,4.0849080085754395,22.69284661114216,46.33633925020695,51.530979976058006,0.14590254426002502,0.20527473092079163,0.24908079206943512,0.023105554282665253,1.1110049304724707,0.33148090486052334,1.0589024249857972,0.07110647857189178,2.1043903827667236,4.178343772888184,170.33570861816406,171.05087280273438,3.7913625240325928,4.258899211883545,140,65,0.9999996073990722,0.13070265814545423,0.9989388833880035,0.06296301113798031,140,140,0,0.01,3.478715658187866,3.9849283695220947,5.209324836730957,1.4974850917947984,0.030443888157606125,10.338226318359375,1.6921265125274658,9.505863189697266,0.9194868536409522,0.5539393424987793
gpu_seed1103_ckpt75_optimizer_reset,1103,75,optimizer_reset,66,25.231952667236328,0.14840762579120745,0.6827219327290854,28.64054224112509,0.0005,0.0005,3.375783602396647,4.058505535125732,22.835127651691437,46.53470067679882,51.771977335214615,0.14228104054927826,0.19836142659187317,0.24099735915660858,0.02677624486386776,1.1049621903631552,0.33122958039520983,1.0536553963869641,0.06745532155036926,2.250565767288208,4.195306777954102,170.33514404296875,171.05056762695312,3.1641368865966797,4.0498738288879395,141,66,0.9999996466591651,0.13157195548730882,0.9990449950492032,0.06390004812684236,141,141,0,0.01,3.358504056930542,3.5982160568237305,4.791672706604004,1.4267282770478056,0.05240461602807045,10.328845977783203,1.6931790113449097,9.494916915893555,0.9192621263126293,0.5546036958694458
gpu_seed1103_ckpt75_optimizer_reset,1103,75,optimizer_reset,67,25.25092315673828,0.14851920515821926,0.44465510050455714,17.487569805002625,0.0005,0.0005,3.4413944085439048,3.886049509048462,22.970679059624672,46.73151156306267,52.00830724835396,0.13555140793323517,0.19681088626384735,0.23632991313934326,0.023556547239422798,1.09926759636464,0.33094368157036874,1.0490021065650066,0.06609644740819931,2.1902687549591064,4.163950443267822,170.33448791503906,171.0501251220703,3.0020945072174072,4.018579483032227,142,67,0.9999996819932485,0.13244038353182142,0.9991404955442829,0.06483614807871552,142,142,0,0.01,3.0461883544921875,3.538776397705078,4.647799968719482,1.5257756342820648,0.009284008294343948,10.31937026977539,1.6933213472366333,9.48465633392334,0.9191119308609577,0.5550541877746582
gpu_seed1103_ckpt75_optimizer_reset,1103,75,optimizer_reset,68,25.269241333007812,0.14862694779252264,0.20273876190185547,7.214081899218513,0.0005,0.0005,3.4687905311584473,3.6715292930603027,23.09860736131668,46.937913954257965,52.24725629389286,0.12792830169200897,0.20640239119529724,0.23894904553890228,0.03542839363217354,1.0939725039581913,0.3307338938871096,1.0465728144486781,0.074192114174366,2.062020778656006,4.123663425445557,170.3338165283203,171.04957580566406,3.5968704223632812,4.59003210067749,143,68,0.9999997137939237,0.13330794314828964,0.9992264459898546,0.06577131193063679,143,143,0,0.01,2.827728033065796,4.057745456695557,4.685380458831787,1.6569416874756109,0.10931285470724106,10.310128211975098,1.6976807117462158,9.469921112060547,0.9185066293414685,0.5570790767669678
gpu_seed1103_ckpt75_optimizer_reset,1103,75,optimizer_reset,69,25.286792755126953,0.1487301805831161,0.41508205731709813,15.058934638147338,0.0005,0.0005,3.3765408992767334,3.7916229565938315,23.230822712183,47.1425266712904,52.487378761172295,0.13221535086631775,0.20461271703243256,0.2401224672794342,0.031206566840410233,1.088501817968963,0.33063519175908235,1.044966379052616,0.07148575782775879,1.9337574243545532,4.0821943283081055,170.3330078125,171.04901123046875,3.7732431888580322,3.725919246673584,144,69,0.9999997424145314,0.1341746352051414,0.9993038013908692,0.06670554061870615,144,144,0,0.01,2.934135675430298,4.257367134094238,4.893479347229004,1.6677754161827216,0.11160147190093994,10.3013334274292,1.6971429586410522,9.460936546325684,0.9184186312359599,0.5573594570159912
gpu_seed1103_ckpt75_optimizer_reset,1103,75,optimizer_reset,70,25.30287742614746,0.14882478633437393,0.6057844956715903,22.739421156933048,0.0005,0.0005,3.307194630304972,3.9129791259765625,23.360463604331017,47.33845479786396,52.719130873680115,0.12964089214801788,0.19592812657356262,0.23175211250782013,0.029242858290672302,1.0831496264250184,0.33058438579514576,1.0435839485630878,0.06757331639528275,1.6907148361206055,4.016024112701416,170.3321533203125,171.04837036132812,2.965296983718872,3.6013121604919434,145,70,0.9999997681730782,0.13504046056993624,0.9993734212517822,0.06763883507808743,145,145,0,0.01,2.8429341316223145,4.062962532043457,4.716619968414307,1.6590676217043123,0.10144102573394775,10.291754722595215,1.6993211507797241,9.449499130249023,0.918162100142363,0.557918906211853
gpu_seed1103_ckpt75_optimizer_reset,1103,75,optimizer_reset,71,25.3179988861084,0.14891372673470266,0.8387449582417807,34.36399382481906,0.0005,0.0005,3.26434318224589,4.103088140487671,23.486290886998177,47.52716983854771,52.942621514201164,0.12582728266716003,0.18871504068374634,0.2234906405210495,0.0315386988222599,1.0779905182952139,0.3305426923471794,1.041796922260787,0.06697801500558853,1.740821361541748,3.9494998455047607,170.33128356933594,171.0476837158203,4.152609348297119,4.361237049102783,146,71,0.9999997913557703,0.13590542010936624,0.9994360791266039,0.06857119624300934,146,146,0,0.01,2.7975895404815674,3.834926128387451,4.507059097290039,1.6110508822221998,0.10344307869672775,10.282464981079102,1.6988581418991089,9.439919471740723,0.9180599680242358,0.55823814868927
gpu_seed1103_ckpt75_optimizer_reset,1103,75,optimizer_reset,72,25.332324981689453,0.1489979890135711,0.8584243456522627,35.638228732261624,0.0005,0.0005,3.266345977783203,4.124770323435466,23.61045490950346,47.70360139012337,53.1544354557991,0.12416402250528336,0.1764315515756607,0.21181394159793854,0.038336846977472305,1.0729282887087386,0.3305193867162575,1.041114828688816,0.060805775225162506,1.6180689334869385,3.845445394515991,170.33045959472656,171.04702758789062,2.906614303588867,3.707296848297119,147,72,0.9999998122201933,0.1367695146892569,0.9994924712139436,0.06950262504676641,147,147,0,0.01,2.8708159923553467,3.1044700145721436,3.898853063583374,1.3580992560875422,0.15025556087493896,10.272712707519531,1.6994502544403076,9.429583549499512,0.9179253638229584,0.5584760904312134
gpu_seed1103_ckpt75_optimizer_reset,1103,75,optimizer_reset,73,25.345426559448242,0.14907504900472374,0.7384293079376216,29.793629028482115,0.0005,0.0005,3.305692275365194,4.0441215833028155,23.73136867582798,47.88461375236511,53.36842779815197,0.12091376632452011,0.181012362241745,0.21399234235286713,0.036389220505952835,1.0680136871019674,0.3305414501062583,1.0407311856747665,0.05885456129908562,1.3560463190078735,3.7218401432037354,170.32955932617188,171.0462646484375,3.630615711212158,4.193983554840088,148,73,0.999999830998174,0.1376327451745677,0.9995432240925493,0.07043312242171962,148,148,0,0.01,2.84683895111084,3.3082685470581055,4.083993911743164,1.4345714604432225,0.125828355550766,10.263236045837402,1.7017186880111694,9.418895721435547,0.9177315692017798,0.5586634278297424
gpu_seed1103_ckpt75_optimizer_reset,1103,75,optimizer_reset,74,25.358463287353516,0.14915172756630887,0.3722035090128579,12.318171420807065,0.0005,0.0005,3.3075226147969565,3.6797261238098145,23.85592520236969,48.068431839346886,53.58715707063675,0.1245565265417099,0.18381808698177338,0.21872927248477936,0.0319037139415741,1.0629838529521174,0.33056944338381283,1.0403424220205857,0.0643557757139206,1.0812221765518188,3.6054675579071045,170.3286590576172,171.0455322265625,3.310421943664551,3.6294753551483154,149,74,0.9999998478983566,0.13849511242939305,0.9995889016832943,0.0713626892992979,149,149,0,0.01,3.04193115234375,3.3893136978149414,4.385646343231201,1.441730967464764,0.07307910919189453,10.253655433654785,1.7033990621566772,9.40761947631836,0.9174893321887466,0.5592470765113831
gpu_seed1103_ckpt75_optimizer_reset,1103,75,optimizer_reset,75,25.371360778808594,0.1492275871761755,0.1457382043202715,4.542122973624398,0.0005,0.0005,3.3655839761098227,3.5113221804300943,23.976737469434738,48.24602344632149,53.79831722378731,0.12081226706504822,0.17759160697460175,0.21116015315055847,0.036023154854774475,1.0581656829312431,0.3305850549964002,1.0398755513674718,0.06107142195105553,1.1929676532745361,3.5397677421569824,170.32777404785156,171.0447540283203,3.288478136062622,3.5031819343566895,150,75,0.999999863108521,0.1393566173169637,0.9996300115149649,0.0722913266099986,150,150,1,0.01,3.027719259262085,3.381819248199463,4.365063667297363,1.4417002679303146,0.07568953186273575,10.244494438171387,1.7028793096542358,9.397974014282227,0.9173682577506305,0.559684693813324
gpu_seed1103_ckpt75_optimizer_reset,1103,75,optimizer_reset,76,25.38390350341797,0.1493013601419376,0.033834218978881836,1.0085675712871875,0.0005,0.0005,3.4116830825805664,3.3778488636016846,24.09621389210224,48.43124412000179,54.0146042406559,0.11947642266750336,0.18522067368030548,0.2162870168685913,0.040697745978832245,1.0534394995446454,0.3306052982055878,1.0402065156692348,0.06095985323190689,0.9712457656860352,3.48258900642395,170.32691955566406,171.04391479492188,3.3581998348236084,3.998819589614868,151,76,0.9999998767976689,0.14021726069964668,0.9996670103634684,0.07321903528338858,151,151,0,0.01,3.0958058834075928,3.672450065612793,4.428674221038818,1.4305400234470418,0.15206651389598846,10.236235618591309,1.7024253606796265,9.389544486999512,0.9172849118425007,0.5599321722984314
gpu_seed1103_ckpt75_optimizer_reset,1103,75,optimizer_reset,77,25.396291732788086,0.14937422440784767,0.09770242373148585,3.073399630845696,0.0005,0.0005,3.3993643124898276,3.4970667362213135,24.211456172168255,48.61537702381611,54.229185089468956,0.11524228006601334,0.1841329038143158,0.21458084881305695,0.02687988057732582,1.048936980584455,0.33079318168276295,1.04303839896907,0.0609201043844223,0.8887236714363098,3.413813829421997,170.32603454589844,171.04302978515625,4.106248378753662,4.399774074554443,152,77,0.9999998891179019,0.14107704343894711,0.9997003093271215,0.07414581624810523,152,152,0,0.01,2.757770538330078,3.389559507369995,4.18509578704834,1.5175649057376024,0.08448068052530289,10.227962493896484,1.7034144401550293,9.38017463684082,0.9171107776781058,0.5603449940681458
gpu_seed1103_ckpt75_optimizer_reset,1103,75,optimizer_reset,78,25.409072875976562,0.14944939968819615,0.36401828130086233,10.003079413874659,0.0005,0.0005,3.1259198983510337,3.489938179651896,24.338621340692043,48.792160123586655,54.4437579959631,0.12716516852378845,0.17678309977054596,0.21457290649414062,0.030731191858649254,1.043981601106295,0.3311252556773452,1.046284109874221,0.05951870232820511,0.9936125874519348,3.3609206676483154,170.32505798339844,171.04217529296875,4.15738582611084,4.1409406661987305,153,78,0.9999999002061117,0.1419359663955081,0.9997302783944094,0.07507167043185714,153,153,0,0.01,3.53615140914917,2.9842474460601807,4.501370429992676,1.272957492245637,0.05438235402107239,10.222613334655762,1.7039717435836792,9.374017715454102,0.9169883872721913,0.5606828927993774
gpu_seed1103_ckpt75_optimizer_reset,1103,75,optimizer_reset,79,25.42180824279785,0.14952430572414405,0.34074227015177394,8.931204694134877,0.0005,0.0005,3.0909759998321533,3.4317182699839273,24.468632705509663,48.96925465762615,54.65986405313015,0.13001136481761932,0.17709453403949738,0.21610605716705322,0.03395538404583931,1.0389549979665404,0.3314406768023757,1.0485713931377043,0.062468476593494415,1.2121262550354004,3.348029375076294,170.32411193847656,171.04132080078125,3.1494414806365967,3.4737086296081543,154,79,0.9999999101855006,0.14279403042911265,0.9997572505549684,0.07599659876142528,154,154,0,0.01,3.496328830718994,3.075021266937256,4.518868923187256,1.2924610761673385,0.05859280750155449,10.213322639465332,1.7043750286102295,9.363996505737305,0.9168413489213529,0.5610398650169373
gpu_seed1103_ckpt75_optimizer_reset,1103,75,optimizer_reset,80,25.434337615966797,0.1495980001602893,0.204893509546916,5.67066532683706,0.0005,0.0005,3.216375986735026,3.421269496281942,24.601423673331738,49.14080320298672,54.87161481380463,0.1327909678220749,0.17154854536056519,0.21175076067447662,0.048813629895448685,1.0338563309869304,0.33158964529210616,1.0489261587911394,0.06507452577352524,1.3811525106430054,3.3625917434692383,170.3231964111328,171.0405731201172,3.020580291748047,3.1927976608276367,155,80,0.9999999191669505,0.1436512363986835,0.9997815254994716,0.07692060216266383,155,155,0,0.01,3.3640952110290527,3.111769199371338,4.156335830688477,1.2354988696695797,0.17792369425296783,10.203991889953613,1.7045581340789795,9.354195594787598,0.9167192306372173,0.5613077878952026
gpu_seed1103_ckpt75_optimizer_reset,1103,75,optimizer_reset,81,25.44631004333496,0.14966841878956066,0.15960446993509914,4.767518598803761,0.0005,0.0005,3.316019137700399,3.475623607635498,24.7202011346817,49.30327957868576,55.067498460412025,0.11877746134996414,0.16247637569904327,0.195883646607399,0.05534769967198372,1.0293730987339549,0.33157683281958517,1.048215141363549,0.060801152139902115,1.5763158798217773,3.3645832538604736,170.32225036621094,171.03990173339844,2.7722156047821045,2.832533359527588,156,81,0.9999999272502554,0.1445075851622848,0.9998033729495245,0.07784368156050114,156,156,0,0.01,2.855586528778076,2.8513758182525635,3.598672866821289,1.2602219651035838,0.20474869012832642,10.195244789123535,1.7047550678253174,9.345213890075684,0.9166247680530833,0.5614420771598816
gpu_seed1103_ckpt75_optimizer_reset,1103,75,optimizer_reset,82,25.45658302307129,0.14972884172046008,0.20554137229919434,5.80754129341938,0.0005,0.0005,3.2367348670959473,3.4422762393951416,24.833543486893177,49.45638747513294,55.25425224006176,0.11334235221147537,0.1531078964471817,0.1867537796497345,0.040670040994882584,1.0250886280689633,0.33126302952687864,1.0447027420124144,0.0612090528011322,1.30323326587677,3.327672004699707,170.32119750976562,171.03916931152344,3.69709849357605,3.6553070545196533,157,82,0.99999993452523,0.14536307757712252,0.999823035654572,0.07876583787894065,157,157,0,0.01,2.679051637649536,2.428222179412842,3.4572174549102783,1.290463164772059,0.08617757260799408,10.187973022460938,1.7042462825775146,9.337629318237305,0.9165345547784788,0.561773419380188
gpu_seed1103_ckpt75_optimizer_reset,1103,75,optimizer_reset,83,25.466060638427734,0.1497845865298992,0.05521901448567679,1.3314151903979017,0.0005,0.0005,3.1549537976582847,3.2101728121439614,24.955148093402386,49.62823450565338,55.46105197072029,0.12160460650920868,0.17184703052043915,0.2067997306585312,0.037156619131565094,1.0204732323411618,0.3309019220195536,1.0413981852296614,0.0631231963634491,1.0759038925170898,3.246307134628296,170.320068359375,171.03836059570312,3.191591262817383,3.4758920669555664,158,83,0.999999941072707,0.14621771449954546,0.9998407320891148,0.07968707204106174,158,158,0,0.01,2.9785962104797363,3.2578165531158447,4.22572660446167,1.4186973681067199,0.08391834050416946,10.179695129394531,1.7063478231430054,9.327237129211426,0.916258985230069,0.5624743700027466
gpu_seed1103_ckpt75_optimizer_reset,1103,75,optimizer_reset,84,25.475547790527344,0.1498403874319218,0.01564192771911621,0.4004816787570249,0.0005,0.0005,3.23488187789917,3.250523805618286,25.07063875347376,49.79835465550423,55.66345173120499,0.11549066007137299,0.17012014985084534,0.20239976048469543,0.033421922475099564,1.0161507267937666,0.3305783922148648,1.037950046290091,0.058686912059783936,0.9439638257026672,3.232137680053711,170.31890869140625,171.03765869140625,3.4267380237579346,3.518606424331665,159,84,0.9999999469654363,0.14707149678504594,0.9998566588802034,0.08060738496902065,159,159,0,0.01,2.7417590618133545,3.013639211654663,3.987570285797119,1.4543839177313964,0.042271215468645096,10.170042037963867,1.706626296043396,9.316896438598633,0.916111890572189,0.562838613986969
gpu_seed1103_ckpt75_optimizer_reset,1103,75,optimizer_reset,85,25.485689163208008,0.1499000362851695,0.14744226137797023,3.8876423128160837,0.0005,0.0005,3.1974947452545166,3.344937006632487,25.18429173529148,49.967612102627754,55.86416284739971,0.11365298181772232,0.16925744712352753,0.20071111619472504,0.03327344357967377,1.0119676753701659,0.3303612118481112,1.0350167952911031,0.05918004363775253,1.0036424398422241,3.2632100582122803,170.31781005859375,171.03689575195312,3.622197389602661,3.539146661758423,160,85,0.9999999522688926,0.14792442528826089,0.999870992992183,0.08152677758405169,160,160,0,0.01,2.467371940612793,2.9765396118164062,3.8186066150665283,1.5476412583814165,0.024914609268307686,10.16208553314209,1.707031488418579,9.30862808227539,0.9160155218056182,0.5629619359970093
gpu_seed1103_ckpt75_optimizer_reset,1103,75,optimizer_reset,86,25.49594497680664,0.1499603582494187,0.16649436950683594,3.968435143644882,0.0005,0.0005,3.0867636998494468,3.2532580693562827,25.305231526494026,50.13507525622845,56.06680020689964,0.12093979120254517,0.16746315360069275,0.20263735949993134,0.039708711206912994,1.007536522640069,0.3302181273133812,1.0320628951696202,0.06025170534849167,1.126335859298706,3.284787178039551,170.31675720214844,171.03616333007812,3.326554775238037,3.450270652770996,161,86,0.9999999570420034,0.14877650086297256,0.9998838936929647,0.08244525080646758,161,161,0,0.01,2.801961898803711,2.828636407852173,3.7147626876831055,1.3257720204074817,0.12949664890766144,10.154486656188965,1.7084660530090332,9.29952335357666,0.9158043797229142,0.5634840726852417
gpu_seed1103_ckpt75_optimizer_reset,1103,75,optimizer_reset,87,25.505970001220703,0.15001932277314825,0.17546733220418265,4.471346075081389,0.0005,0.0005,3.148975690205892,3.3244430224100747,25.43564109504223,50.29614192247391,56.26926992833614,0.13040956854820251,0.1610666662454605,0.20246972143650055,0.046540647745132446,1.002764974781437,0.33019508118490887,1.0305069473238466,0.06588762253522873,1.297391414642334,3.301194190979004,170.31573486328125,171.03543090820312,3.7026500701904297,3.780629873275757,162,87,0.999999961337803,0.14962772436210958,0.9998955043236682,0.08336280555566111,162,162,0,0.01,3.310838222503662,2.6126320362091064,3.8845467567443848,1.1732819593358776,0.15594176948070526,10.145195960998535,1.7076606750488281,9.290653228759766,0.9157687307840254,0.5635029077529907
gpu_seed1103_ckpt75_optimizer_reset,1103,75,optimizer_reset,88,25.51593780517578,0.15007795074137703,0.19043326377868652,5.772356730333058,0.0005,0.0005,3.3148066997528076,3.505239963531494,25.553702250123024,50.458685621619225,56.466224670410156,0.11806115508079529,0.16254369914531708,0.19695474207401276,0.04084711894392967,0.9985221536754794,0.3302951100345433,1.0304665469709515,0.054292768239974976,1.302607774734497,3.3120620250701904,170.314697265625,171.03456115722656,3.568437099456787,3.513322114944458,163,88,0.9999999652040227,0.15047809663774747,0.9999059538913014,0.08427944275010546,163,163,0,0.01,2.791816234588623,2.3771491050720215,3.508187770843506,1.2565969519692202,0.08571431040763855,10.135872840881348,1.7073885202407837,9.281472206115723,0.9157052729272156,0.5635475516319275
gpu_seed1103_ckpt75_optimizer_reset,1103,75,optimizer_reset,89,25.525476455688477,0.1501340545433503,0.2053541342417402,6.523076138019984,0.0005,0.0005,3.3539318243662515,3.5592859586079917,25.67281349748373,50.639945179224014,56.6775184571743,0.11911124736070633,0.18125955760478973,0.2112937867641449,0.055522069334983826,0.9942609701967147,0.3304600747919758,1.0326627473247647,0.06084344908595085,1.3182687759399414,3.3047094345092773,170.31361389160156,171.0336456298828,3.390200138092041,4.441117286682129,164,89,0.9999999686836204,0.15132761854110977,0.9999153585021713,0.08519516330735533,164,164,0,0.01,2.6295151710510254,3.038452386856079,3.6632027626037598,1.3931095750773603,0.17068862915039062,10.127922058105469,1.7123619318008423,9.269867897033691,0.9152783605412934,0.5644040703773499
gpu_seed1103_ckpt75_optimizer_reset,1103,75,optimizer_reset,90,25.53489112854004,0.1501894291417386,0.20497163136800145,6.271819557050712,0.0005,0.0005,3.3167144457499185,3.52168607711792,25.78863762319088,50.81939882040024,56.88691593706608,0.1158241257071495,0.17945364117622375,0.20939747989177704,0.04261539876461029,0.9901605312246645,0.33067162427494906,1.0353060950608495,0.060380540788173676,1.2340826988220215,3.3331382274627686,170.3125,171.03271484375,3.223874092102051,3.68387770652771,165,90,0.9999999718152583,0.15217629092256868,0.9999238226519541,0.08610996814404803,165,165,0,0.01,2.440825939178467,3.0402398109436035,3.6674532890319824,1.5025460153315444,0.1179455891251564,10.118814468383789,1.7120685577392578,9.26077651977539,0.9152037077772054,0.5645201206207275
gpu_seed1103_ckpt75_optimizer_reset,1103,75,optimizer_reset,91,25.544525146484375,0.15024609386954643,0.39101624488830566,10.463319359751281,0.0005,0.0005,3.0850113232930503,3.476027568181356,25.91323906928301,50.99753364920616,57.09867236018181,0.12460144609212875,0.17813482880592346,0.21175642311573029,0.054441411048173904,0.9857712144045827,0.3308926726350761,1.0379254558675641,0.063606396317482,1.0009561777114868,3.3099684715270996,170.31143188476562,171.03179931640625,3.100421667098999,3.4096806049346924,166,91,0.9999999746337326,0.1530241146316461,0.9999314403867587,0.08702385817590397,166,166,0,0.01,3.060272455215454,3.0065743923187256,3.837423086166382,1.2539481834779838,0.19992183148860931,10.110601425170898,1.71305513381958,9.251509666442871,0.9150305978247559,0.5649071931838989
gpu_seed1103_ckpt75_optimizer_reset,1103,75,optimizer_reset,92,25.553203582763672,0.15029713812049192,0.3852017720540366,9.866501332346843,0.0005,0.0005,3.0443575382232666,3.429559310277303,26.037687562406063,51.18668667972088,57.31995640695095,0.1244484931230545,0.1891530305147171,0.22128404676914215,0.04884631559252739,0.9813929720724169,0.33085445270910985,1.0375542072118442,0.06127222999930382,0.8536715507507324,3.283142328262329,170.310302734375,171.0309295654297,3.6328346729278564,3.5517640113830566,167,92,0.9999999771703593,0.15387109051701442,0.9999382963480828,0.08793683431772803,167,167,0,0.01,2.9660754203796387,3.144033908843994,3.9321727752685547,1.3257157077832957,0.1726764738559723,10.101309776306152,1.7125804424285889,9.242243766784668,0.9149549881603034,0.5650607347488403
gpu_seed1103_ckpt75_optimizer_reset,1103,75,optimizer_reset,93,25.561901092529297,0.1503482945566043,0.3288534482320151,8.307067959925867,0.0005,0.0005,3.060321092605591,3.389174540837606,26.157153017818928,51.367231369018555,57.53186096251011,0.11946545541286469,0.1805446892976761,0.21190455555915833,0.04554818198084831,0.9772432449018781,0.3307666626263901,1.0357179858777739,0.05913473665714264,0.8633646965026855,3.289015054702759,170.30923461914062,171.03013610839844,2.9808859825134277,3.1678831577301025,168,93,0.9999999794533234,0.1547172194264974,0.9999444667132745,0.0888488974834103,168,168,0,0.01,2.671337127685547,3.0737318992614746,3.783534049987793,1.4163446503154171,0.13815298676490784,10.091925621032715,1.7139689922332764,9.231844902038574,0.9147753608882581,0.5653411149978638
gpu_seed1103_ckpt75_optimizer_reset,1103,75,optimizer_reset,94,25.569978713989258,0.15039580497479202,0.43576971689860056,11.21880415746286,0.0005,0.0005,3.0224479834238687,3.4582177003224692,26.280768997967243,51.551448568701744,57.748583391308784,0.12361598014831543,0.1842171996831894,0.21672242879867554,0.04936465620994568,0.9729539769542537,0.33064968710933706,1.0327794359625038,0.06152023375034332,1.2227728366851807,3.2775795459747314,170.30812072753906,171.02931213378906,3.413496494293213,3.357988119125366,169,94,0.9999999815079911,0.1555625022070709,0.9999500200419471,0.0897600485859269,169,169,0,0.01,2.6062357425689697,3.1632938385009766,3.6805315017700195,1.4122020666252941,0.19726265966892242,10.083218574523926,1.713955283164978,9.222807884216309,0.9146690430293329,0.5655751824378967
gpu_seed1103_ckpt75_optimizer_reset,1103,75,optimizer_reset,95,25.578163146972656,0.15044394362991442,0.47157677014668753,12.143559021678378,0.0005,0.0005,3.003434975941976,3.4750117460886636,26.397824235260487,51.72539731860161,57.95419605076313,0.11705523729324341,0.1739487498998642,0.2056126594543457,0.04134064540266991,0.9689496724811908,0.3305285050317936,1.0303153038450366,0.05963753163814545,1.3564765453338623,3.241334915161133,170.30703735351562,171.0285186767578,2.782015800476074,3.3090949058532715,170,95,0.999999983357192,0.15640693970486386,0.9999550180377524,0.09067028853734094,170,170,0,0.01,2.398083448410034,2.609353542327881,3.217989444732666,1.341900527633807,0.17611612379550934,10.074000358581543,1.713261365890503,9.213753700256348,0.914607243626579,0.5657061338424683
gpu_seed1103_ckpt75_optimizer_reset,1103,75,optimizer_reset,96,25.586645126342773,0.1504938323736407,0.4575531482696533,11.527441171758287,0.0005,0.0005,2.989108085632324,3.4466612339019775,26.513062618672848,51.89367759227753,58.1541333347559,0.11523838341236115,0.16828027367591858,0.19993728399276733,0.04185205698013306,0.9650580732352447,0.3304472127097642,1.02889493926817,0.05837453156709671,1.1855145692825317,3.153437376022339,170.3059539794922,171.027587890625,3.546879291534424,4.161228656768799,171,96,0.9999999850214727,0.157250532765159,0.9999595162339772,0.09157961824880367,171,171,0,0.01,2.4025421142578125,2.427628993988037,3.142448902130127,1.3079682905369492,0.15350303053855896,10.064791679382324,1.7142409086227417,9.203866004943848,0.9144616498915727,0.565900444984436
gpu_seed1103_ckpt75_optimizer_reset,1103,75,optimizer_reset,97,25.59571075439453,0.1505471539834745,0.35424256324768066,8.737642281592024,0.0005,0.0005,3.0230693022410073,3.377311865488688,26.621463142335415,52.067412719130516,58.355054542422295,0.10840052366256714,0.1737351268529892,0.2009212076663971,0.041555654257535934,0.9614689702644249,0.3303460930846853,1.0285563340772754,0.05570395290851593,1.012085199356079,3.0517280101776123,170.304931640625,171.02670288085938,3.325528383255005,4.090545177459717,172,97,0.9999999865193254,0.15809328223239383,0.9999635646105794,0.09248803863055488,172,172,0,0.01,2.3095176219940186,2.721935749053955,3.3381905555725098,1.445405968666694,0.12720327079296112,10.055269241333008,1.7138121128082275,9.194543838500977,0.9144005613201421,0.5659527778625488
gpu_seed1103_ckpt75_optimizer_reset,1103,75,optimizer_reset,98,25.605188369750977,0.15060289879291364,0.29816317558288574,7.218569279581288,0.0005,0.0005,3.033988078435262,3.332151254018148,26.730706207454205,52.24656684696674,58.56069691479206,0.10924306511878967,0.17915412783622742,0.20564237236976624,0.044490229338407516,0.9578941974458453,0.33021596309355267,1.0277279782058657,0.05679762735962868,0.8678317666053772,2.9699647426605225,170.30384826660156,171.02581787109375,3.281795024871826,3.6218128204345703,173,98,0.999999987867393,0.15893518895016145,0.9999672081495214,0.09339555059192428,173,173,0,0.01,2.480487585067749,3.145089626312256,3.7818901538848877,1.5246559493584682,0.11162891238927841,10.0458984375,1.714137077331543,9.184925079345703,0.9142960320063248,0.566069483757019
gpu_seed1103_ckpt75_optimizer_reset,1103,75,optimizer_reset,99,25.615018844604492,0.15066071902794068,0.30302770932515477,7.564462754435738,0.0005,0.0005,3.0620553493499756,3.3650830586751304,26.84011486172676,52.42037519812584,58.761089354753494,0.1094086542725563,0.17380835115909576,0.2003924399614334,0.05317747965455055,0.9543557833699821,0.33013992068506526,1.0274729039822186,0.05615752935409546,0.845209538936615,2.9356155395507812,170.30279541015625,171.02496337890625,2.7964823246002197,3.0098257064819336,174,99,0.9999999890806536,0.1597762537612113,0.9999704873345694,0.09430215504133233,174,174,0,0.01,2.3718669414520264,3.2060296535491943,3.611919641494751,1.522817143900179,0.18794795870780945,10.03653335571289,1.7133690118789673,9.175736427307129,0.9142336404514909,0.56621253490448
gpu_seed1103_ckpt75_optimizer_reset,1103,75,optimizer_reset,100,25.624671936035156,0.1507174959409154,0.3760383923848467,9.375019359780389,0.0005,0.0005,3.0222085316975913,3.398246924082438,26.952350847423077,52.590590849518776,58.96117161214352,0.11223598569631577,0.1702156513929367,0.20008225739002228,0.04023625701665878,0.9507397733539147,0.3300302261138376,1.0282508419470249,0.0590515211224556,0.9847450256347656,2.9259016513824463,170.30174255371094,171.0240936279297,3.054394006729126,3.4042015075683594,175,100,0.9999999901725882,0.16061647750745012,0.9999734386011124,0.09520785288629108,175,175,1,0.01,2.4279026985168457,3.113452434539795,3.6547462940216064,1.505310034151166,0.14757773280143738,10.027524948120117,1.712670922279358,9.166814804077148,0.9141652453125791,0.5663844347000122
gpu_seed1103_ckpt150_optimizer_reset,1103,150,optimizer_reset,1,1.7681392431259155,0.01038080402923112,5.319281737009684,6161.3828768088415,0.0005,0.0005,3.4116830825805664,8.73096481959025,0.11947642266750336,1.7921509742736816,1.768139123916626,0.11947642266750336,1.7921509742736816,1.768139123916626,0.23296219110488892,14.799064147005435,0.03722957761494407,0.17672829969612253,0.3820872902870178,6.583657264709473,4.115236759185791,170.32691955566406,170.33631896972656,3.3581998348236084,3.3581998348236084,151,1,0.9999998767976689,0.14021726069964668,0.09999999999999998,0.0010000000000000009,151,151,0,0.01,3.0958058834075928,1.993383765220642,2.724946975708008,0.8802060201228585,0.4968504309654236,10.236235618591309,0.010335152968764305,10.23425006866455,0.9998060273325331,0.1926148682832718
gpu_seed1103_ckpt150_optimizer_reset,1103,150,optimizer_reset,2,2.5649077892303467,0.015058658539797223,6.15034818649292,14010.712329590966,0.0005,0.0005,3.3993643124898276,9.549712498982748,0.2347187027335167,3.1111972332000732,3.072699546813965,0.11524228006601334,1.3190462589263916,1.3045604228973389,0.16869358718395233,10.92758165134986,0.0504341228412586,0.22774744310594056,0.27331656217575073,9.007933616638184,4.848987102508545,170.32603454589844,170.3400421142578,4.106248378753662,10.605979919433594,152,2,0.9999998891179019,0.14107704343894711,0.18999999999999995,0.001998999999999973,152,152,0,0.01,2.757770538330078,5.562730312347412,5.818296909332275,2.1097828221971424,0.15307874977588654,10.227962493896484,0.1354488730430603,10.197028160095215,0.9969755135667806,0.2346644401550293
gpu_seed1103_ckpt150_optimizer_reset,1103,150,optimizer_reset,3,3.191694498062134,0.018738544056622536,6.027290741602579,9421.9344906437,0.0005,0.0005,3.1259198983510337,9.153210639953613,0.36188387125730515,4.211430788040161,4.158579230308533,0.12716516852378845,1.100233554840088,1.0858796834945679,0.16992995142936707,8.819664957612796,0.059047870091861625,0.2594118636822208,0.23143824934959412,5.935524940490723,5.129465579986572,170.32505798339844,170.3435821533203,4.15738582611084,11.087336540222168,153,3,0.9999999002061117,0.1419359663955081,0.2709999999999999,0.002997000999999999,153,153,0,0.01,3.53615140914917,7.249161243438721,7.129820346832275,2.016265572900273,0.27737191319465637,10.222613334655762,0.18758508563041687,10.176979064941406,0.9955359487616884,0.2519013285636902
gpu_seed1103_ckpt150_optimizer_reset,1103,150,optimizer_reset,4,3.7381539344787598,0.021946825497928178,4.385868787765503,1744.6592541664322,0.0005,0.0005,3.0909759998321533,7.476844787597656,0.49189523607492447,5.191265523433685,5.127478122711182,0.13001136481761932,0.9798347353935242,0.9688988924026489,0.14998893439769745,7.5994920469239355,0.06653789215506306,0.28346236765360733,0.20140427350997925,4.221589088439941,5.222956657409668,170.32411193847656,170.34815979003906,3.1494414806365967,10.299695014953613,154,4,0.9999999101855006,0.14279403042911265,0.3439,0.003994003998999962,154,154,0,0.01,3.496328830718994,7.221102714538574,7.362816333770752,2.1058706689938362,0.20116138458251953,10.213322639465332,0.19914288818836212,10.160340309143066,0.9948124295889242,0.2751140892505646
gpu_seed1103_ckpt150_optimizer_reset,1103,150,optimizer_reset,5,4.266544342041016,0.025049023072669027,4.892245292663574,3298.055808609299,0.0005,0.0005,3.216375986735026,8.1086212793986,0.6246862038969994,6.075723469257355,6.0062912702560425,0.1327909678220749,0.8844579458236694,0.8788131475448608,0.1174427792429924,6.829900060891484,0.07411619949471401,0.30705030011602635,0.18527567386627197,4.557652473449707,5.536257266998291,170.3231964111328,170.35336303710938,3.020580291748047,8.764457702636719,155,5,0.9999999191669505,0.1436512363986835,0.40950999999999993,0.004990009995000988,155,155,0,0.01,3.3640952110290527,7.137807369232178,7.5892839431762695,2.255965859198291,0.09720449149608612,10.203991889953613,0.20540066063404083,10.139975547790527,0.9937263432924611,0.320750892162323
gpu_seed1103_ckpt150_optimizer_reset,1103,150,optimizer_reset,6,4.7461256980896,0.027864661090188404,3.732034762700399,1123.0668891519938,0.0005,0.0005,3.316019137700399,7.048053900400798,0.7434636652469635,6.893778324127197,6.821470201015472,0.11877746134996414,0.8180548548698425,0.8151789307594299,0.09676776081323624,6.3838031634090004,0.08083090859653576,0.3217722672227953,0.17801105976104736,5.418628215789795,5.781316757202148,170.32225036621094,170.35897827148438,2.7722156047821045,8.042119979858398,156,6,0.9999999272502554,0.1445075851622848,0.46855899999999995,0.0059850199850060015,156,156,0,0.01,2.855586528778076,7.529671669006348,7.857586860656738,2.7516542683846805,0.07228878140449524,10.195244789123535,0.23464687168598175,10.114205360412598,0.99205125228593,0.35549911856651306
gpu_seed1103_ckpt150_optimizer_reset,1103,150,optimizer_reset,7,5.194263458251953,0.03049569271534457,2.8510702451070147,415.0031164677945,0.0005,0.0005,3.2367348670959473,6.087805112202962,0.8568060174584389,7.6440839767456055,7.567034721374512,0.11334235221147537,0.7503056526184082,0.7455645203590393,0.11722921580076218,6.062356417213012,0.0866733786463398,0.33282009283290664,0.1600654125213623,5.270174026489258,5.764095306396484,170.32119750976562,170.36453247070312,3.69709849357605,7.558852195739746,157,7,0.99999993452523,0.14536307757712252,0.5217030999999999,0.006979034965020947,157,157,0,0.01,2.679051637649536,6.915219783782959,6.933730125427246,2.588128585497501,0.18678829073905945,10.187973022460938,0.23925583064556122,10.098865509033203,0.9912536563227764,0.3825490474700928
gpu_seed1103_ckpt150_optimizer_reset,1103,150,optimizer_reset,8,5.606625556945801,0.03291668424769441,2.908636093139648,406.4640679777286,0.0005,0.0005,3.1549537976582847,6.063589890797933,0.9784106239676476,8.350526511669159,8.270739912986755,0.12160460650920868,0.7064425349235535,0.7037051916122437,0.10853514820337296,5.7303400224786,0.09182568305723061,0.34402114093186453,0.14543476700782776,4.353967189788818,5.533555030822754,170.320068359375,170.3703155517578,3.191591262817383,6.157590389251709,158,8,0.999999941072707,0.14621771449954546,0.5695327899999999,0.00797205593005601,158,158,0,0.01,2.9785962104797363,6.623223304748535,6.712912082672119,2.253716720330036,0.19454503059387207,10.179695129394531,0.2427181452512741,10.086888313293457,0.9908831438542712,0.3925445079803467
gpu_seed1103_ckpt150_optimizer_reset,1103,150,optimizer_reset,9,5.992514610290527,0.035182251654430514,2.4276952743530273,262.48625182409756,0.0005,0.0005,3.23488187789917,5.662577152252197,1.0939012840390205,9.014868974685669,8.933251321315765,0.11549066007137299,0.66434246301651,0.66251140832901,0.10275392979383469,5.478112785606064,0.09658417104916638,0.35543501749956485,0.13853397965431213,3.191833972930908,5.22292423248291,170.31890869140625,170.37640380859375,3.4267380237579346,6.8410115242004395,159,9,0.9999999469654363,0.14707149678504594,0.6125795109999999,0.00896408387412595,159,159,0,0.01,2.7417590618133545,6.348295211791992,6.49014139175415,2.367145050104917,0.16363118588924408,10.170042037963867,0.2514517903327942,10.067378997802734,0.9899053475119483,0.41858044266700745
gpu_seed1103_ckpt150_optimizer_reset,1103,150,optimizer_reset,10,6.34425687789917,0.037247342151707975,2.53332257270813,283.7499332015563,0.0005,0.0005,3.1974947452545166,5.7308173179626465,1.2075542658567429,9.644761741161346,9.564795911312103,0.11365298181772232,0.6298927664756775,0.6315445899963379,0.07566304504871368,5.253806853469028,0.10102793098115556,0.3641360559235402,0.13129796087741852,2.915785312652588,4.942307472229004,170.31781005859375,170.38307189941406,3.622197389602661,6.475825786590576,160,10,0.9999999522688926,0.14792442528826089,0.6513215599,0.009955119790251765,160,160,0,0.01,2.467371940612793,6.125107288360596,6.454057216644287,2.615761778922861,0.06451473385095596,10.16208553314209,0.26498425006866455,10.051497459411621,0.9891175808970716,0.428106427192688
gpu_seed1103_ckpt150_optimizer_reset,1103,150,optimizer_reset,11,6.672362327575684,0.039173660108427905,2.065082391103109,150.84404001875055,0.0005,0.0005,3.0867636998494468,5.151846090952556,1.328494057059288,10.227010130882263,10.151330053806305,0.12093979120254517,0.5822483897209167,0.5865341424942017,0.06828861683607101,5.022500697022604,0.10483081368611735,0.37035107784532756,0.12148519605398178,2.2242469787597656,4.696225643157959,170.31675720214844,170.3888702392578,3.326554775238037,6.940821170806885,161,11,0.9999999570420034,0.14877650086297256,0.6861894039099999,0.010945164670461582,161,161,0,0.01,2.801961898803711,5.450254440307617,6.054792881011963,2.1609119251745987,0.029327725991606712,10.154486656188965,0.2819194793701172,10.032539367675781,0.9879907973053619,0.44384118914604187
gpu_seed1103_ckpt150_optimizer_reset,1103,150,optimizer_reset,12,6.984755039215088,0.04100772805997431,1.502402146657308,81.41701248557773,0.0005,0.0005,3.148975690205892,4.6513778368632,1.4589036256074905,10.785508871078491,10.717121303081512,0.13040956854820251,0.558498740196228,0.5657912492752075,0.06046488136053085,4.787674056469517,0.10818823684211626,0.37487079766722536,0.12955456972122192,1.7060743570327759,4.399665832519531,170.31573486328125,170.3941192626953,3.7026500701904297,6.299874782562256,162,12,0.999999961337803,0.14962772436210958,0.7175704635189999,0.0119342195057911,162,162,0,0.01,3.310838222503662,5.122063159942627,6.067657470703125,1.8326650421816497,0.011224756017327309,10.145195960998535,0.2861877977848053,10.017498970031738,0.9874130582140854,0.4574975371360779
gpu_seed1103_ckpt150_optimizer_reset,1103,150,optimizer_reset,13,7.276529312133789,0.04272074447523451,1.4917646249135332,94.79445681574737,0.0005,0.0005,3.3148066997528076,4.806571324666341,1.5769647806882858,11.347065329551697,11.282594561576843,0.11806115508079529,0.5615564584732056,0.5654732584953308,0.07182789593935013,4.614262411715526,0.11124737477851528,0.37882819169792586,0.13356319069862366,3.0776774883270264,4.268260478973389,170.314697265625,170.39923095703125,3.568437099456787,5.772752285003662,163,13,0.9999999652040227,0.15047809663774747,0.7458134171670999,0.012922285286285251,163,163,0,0.01,2.791816234588623,5.212799549102783,5.7772603034973145,2.0693555084031274,0.054654065519571304,10.135872840881348,0.2882552146911621,10.006223678588867,0.9872088803471814,0.46111345291137695
gpu_seed1103_ckpt150_optimizer_reset,1103,150,optimizer_reset,14,7.553218364715576,0.0443451950625125,1.4863267739613852,97.88703873124817,0.0005,0.0005,3.3539318243662515,4.840258598327637,1.6960760280489922,11.875760853290558,11.81533145904541,0.11911124736070633,0.5286955237388611,0.5327368974685669,0.07858740538358688,4.453348930000291,0.11388741226695548,0.38319370540826647,0.12796801328659058,2.700956344604492,4.2746381759643555,170.31361389160156,170.40438842773438,3.390200138092041,5.0912628173828125,164,14,0.9999999686836204,0.15132761854110977,0.7712320754503899,0.013909363000998987,164,164,0,0.01,2.6295151710510254,5.162499904632568,5.517637729644775,2.098347935158427,0.1149708554148674,10.127922058105469,0.293986439704895,9.993768692016602,0.986754107573084,0.46781858801841736
gpu_seed1103_ckpt150_optimizer_reset,1103,150,optimizer_reset,15,7.81941032409668,0.045908016868111384,2.4002744356791177,276.418578848287,0.0005,0.0005,3.3167144457499185,5.716988881429036,1.8119001537561417,12.378377616405487,12.321852803230286,0.1158241257071495,0.5026167631149292,0.5065213441848755,0.08137859404087067,4.315585661760894,0.11626158673356839,0.38672994665174654,0.11764031648635864,3.4443130493164062,4.333312511444092,170.3125,170.40960693359375,3.223874092102051,4.518022537231445,165,15,0.9999999718152583,0.15217629092256868,0.794108867905351,0.014895453637998046,165,165,0,0.01,2.440825939178467,5.229238986968994,5.502206802368164,2.2542397284657842,0.11862947791814804,10.118814468383789,0.2982058525085449,9.978466033935547,0.9861299527837232,0.48211249709129333
gpu_seed1103_ckpt150_optimizer_reset,1103,150,optimizer_reset,16,8.054781913757324,0.04728989126279771,1.531742731730143,79.29740773114258,0.0005,0.0005,3.0850113232930503,4.616754055023193,1.9365015998482704,12.882389783859253,12.832395017147064,0.12460144609212875,0.5040121674537659,0.5105422139167786,0.0708627924323082,4.159450172612445,0.11808095649418732,0.38890657702374387,0.11942317336797714,2.0587284564971924,4.179458141326904,170.31143188476562,170.41490173339844,3.100421667098999,5.172449588775635,166,16,0.9999999746337326,0.1530241146316461,0.8146979811148158,0.015880558184360072,166,166,0,0.01,3.060272455215454,5.36387300491333,5.840991973876953,1.9086509646945202,0.12242553383111954,10.110601425170898,0.3201378583908081,9.961050033569336,0.9852084574088509,0.4795251190662384
gpu_seed1103_ckpt150_optimizer_reset,1103,150,optimizer_reset,17,8.278279304504395,0.04860205184257655,1.477916320164998,71.0481193218728,0.0005,0.0005,3.0443575382232666,4.522273858388265,2.060950092971325,13.37893432378769,13.33337938785553,0.1244484931230545,0.4965445399284363,0.5009843707084656,0.08947896212339401,4.016729630053956,0.11980556485898512,0.3865789679938918,0.11536508798599243,1.8359365463256836,3.8745040893554688,170.310302734375,170.4204559326172,3.6328346729278564,5.350103855133057,167,17,0.9999999771703593,0.15387109051701442,0.8332281830033342,0.016864677626175606,167,167,0,0.01,2.9660754203796387,5.26389217376709,5.471359729766846,1.8446461921270707,0.21041251718997955,10.101309776306152,0.33080750703811646,9.944806098937988,0.9845065955965189,0.4858042895793915
gpu_seed1103_ckpt150_optimizer_reset,1103,150,optimizer_reset,18,8.494011878967285,0.04986862492890293,1.5783615907033282,82.0736303054781,0.0005,0.0005,3.060321092605591,4.638682683308919,2.1804155483841896,13.83483138680458,13.794907242059708,0.11946545541286469,0.4558970630168915,0.46152785420417786,0.0835980474948883,3.8955931520750386,0.12138784789988796,0.38444442982406674,0.11208423227071762,1.7295609712600708,3.676915407180786,170.30923461914062,170.4259490966797,2.9808859825134277,4.057648181915283,168,18,0.9999999794533234,0.1547172194264974,0.8499053647030008,0.017847812948549535,168,168,0,0.01,2.671337127685547,4.3369340896606445,4.663704872131348,1.7458316375703007,0.1810421347618103,10.091925621032715,0.33273395895957947,9.932778358459473,0.9842302382567559,0.4910160005092621
gpu_seed1103_ckpt150_optimizer_reset,1103,150,optimizer_reset,19,8.699925422668457,0.05107755016057608,1.5672584374745688,77.92400302477586,0.0005,0.0005,3.0224479834238687,4.5897064208984375,2.304031528532505,14.280928194522858,14.246930181980133,0.12361598014831543,0.446096807718277,0.4520229399204254,0.09029441326856613,3.775957626849785,0.12279377381735283,0.3828869705098279,0.11657775938510895,1.7993348836898804,3.5870392322540283,170.30812072753906,170.4312286376953,3.413496494293213,4.684865474700928,169,19,0.9999999815079911,0.1555625022070709,0.8649148282327007,0.01882996513560098,169,169,0,0.01,2.6062357425689697,4.116098880767822,4.532500743865967,1.7390985281310494,0.14873726665973663,10.083218574523926,0.3373350203037262,9.919869422912598,0.9837998997636501,0.49703824520111084
gpu_seed1103_ckpt150_optimizer_reset,1103,150,optimizer_reset,20,8.897286415100098,0.05223626308062042,1.3347792625427242,56.41603131155301,0.0005,0.0005,3.003434975941976,4.3382142384847,2.4210867658257484,14.735800355672836,14.70678886771202,0.11705523729324341,0.45487216114997864,0.4598586857318878,0.0858350321650505,3.6749143156221695,0.12413084585369669,0.38184744547218774,0.12118522077798843,1.7098031044006348,3.5561325550079346,170.30703735351562,170.43606567382812,2.782015800476074,4.800336837768555,170,20,0.999999983357192,0.15640693970486386,0.8784233454094307,0.01981113517046529,170,170,0,0.01,2.398083448410034,4.653142929077148,4.973196983337402,2.0738214871682774,0.11963213980197906,10.074000358581543,0.34175631403923035,9.906058311462402,0.9833291601010256,0.504274845123291
gpu_seed1103_ckpt150_optimizer_reset,1103,150,optimizer_reset,21,9.087950706481934,0.053355659447112416,1.6218509674072266,80.71261141916403,0.0005,0.0005,2.989108085632324,4.610959053039551,2.5363251492381096,15.161707878112793,15.138550966978073,0.11523838341236115,0.42590752243995667,0.43176209926605225,0.08413272351026535,3.5831173732627666,0.1256411438957939,0.3842850015098537,0.11106964945793152,2.1212315559387207,3.617100477218628,170.3059539794922,170.4409637451172,3.546879291534424,5.498799800872803,171,21,0.9999999850214727,0.157250532765159,0.8905810108684876,0.020791324035294823,171,171,0,0.01,2.4025421142578125,4.213901996612549,4.643711566925049,1.9328325357400198,0.09705183655023575,10.064791679382324,0.3478644788265228,9.891532897949219,0.9827856564792088,0.5110607147216797
gpu_seed1103_ckpt150_optimizer_reset,1103,150,optimizer_reset,22,9.270995140075684,0.05443031937628125,1.1638517379760747,45.26553979835492,0.0005,0.0005,3.0230693022410073,4.186921040217082,2.6447256729006767,15.56857892870903,15.549688518047333,0.10840052366256714,0.4068710505962372,0.41113755106925964,0.09364715963602066,3.505465702952834,0.1271207704601464,0.3859975923135063,0.10622880607843399,1.8780672550201416,3.651937484741211,170.304931640625,170.44569396972656,3.325528383255005,5.308985710144043,172,22,0.9999999865193254,0.15809328223239383,0.9015229097816388,0.021770532711259616,172,172,0,0.01,2.3095176219940186,4.261073112487793,4.571976661682129,1.9796240644107932,0.13147248327732086,10.055269241333008,0.34979191422462463,9.879911422729492,0.9825606043562041,0.51434326171875
gpu_seed1103_ckpt150_optimizer_reset,1103,150,optimizer_reset,23,9.448132514953613,0.055470298768181034,1.1401218573252359,44.20203619296963,0.0005,0.0005,3.033988078435262,4.174109935760498,2.7539687380194664,15.95945543050766,15.9459810256958,0.10924306511878967,0.39087650179862976,0.396292507648468,0.08981993794441223,3.4307333937802302,0.12866818312596526,0.3888119155179294,0.0995568037033081,2.212522506713867,3.643188714981079,170.30384826660156,170.45037841796875,3.281795024871826,4.834006309509277,173,23,0.999999987867393,0.15893518895016145,0.9113706188034749,0.022748762178548265,173,173,0,0.01,2.480487585067749,4.403065204620361,4.77524995803833,1.9251255224105384,0.12529081106185913,10.0458984375,0.35314905643463135,9.868803977966309,0.982371466261932,0.5146294832229614
gpu_seed1103_ckpt150_optimizer_reset,1103,150,optimizer_reset,24,9.614054679870605,0.05644443329112958,1.1874046325683594,48.696126554239804,0.0005,0.0005,3.0620553493499756,4.249459981918335,2.8633773922920227,16.352328896522522,16.345043540000916,0.1094086542725563,0.39287346601486206,0.39906251430511475,0.08222787082195282,3.3575925778234805,0.12999153021828627,0.39135673594170683,0.11704404652118683,2.2716386318206787,3.53598952293396,170.30279541015625,170.45462036132812,2.7964823246002197,4.1060404777526855,174,24,0.9999999890806536,0.1597762537612113,0.9202335569231275,0.023726013416369818,174,174,0,0.01,2.3718669414520264,4.225517272949219,4.545582294464111,1.9164575444857999,0.14060723781585693,10.03653335571289,0.35457220673561096,9.85838794708252,0.9822503047299742,0.5156298279762268
gpu_seed1103_ckpt150_optimizer_reset,1103,150,optimizer_reset,25,9.774406433105469,0.05738586374268831,1.2137269973754878,48.589720810632,0.0005,0.0005,3.0222085316975913,4.235935529073079,2.9756133779883385,16.715559780597687,16.71771803498268,0.11223598569631577,0.3632308840751648,0.37267449498176575,0.06926219165325165,3.2848375079259005,0.1310777847168646,0.39442435764232037,0.10751978307962418,2.0729408264160156,3.4619908332824707,170.30174255371094,170.45877075195312,3.054394006729126,3.8519513607025146,175,25,0.9999999901725882,0.16061647750745012,0.9282102012308147,0.024702287402953438,175,175,1,0.01,2.4279026985168457,3.799412727355957,4.23638391494751,1.7448738442169374,0.1291816085577011,10.027524948120117,0.36060625314712524,9.843245506286621,0.981622639406245,0.5243138074874878
gpu_seed1103_ckpt150_optimizer_reset,1103,150,optimizer_reset,26,9.92557144165039,0.058273358512052544,0.9292189280192056,32.112410270269834,0.0005,0.0005,3.0423223972320557,3.9715413252512612,3.082919456064701,17.092789947986603,17.102375507354736,0.10730607807636261,0.377230167388916,0.38465747237205505,0.07233133912086487,3.2195364112162075,0.13185922721170218,0.39826399575740895,0.12072698771953583,1.5103365182876587,3.396904706954956,170.30072021484375,170.4627685546875,2.500864267349243,4.277229309082031,176,26,0.9999999911553294,0.16145586102994258,0.9353891811077333,0.025677585115550405,176,176,0,0.01,2.281202793121338,4.175597667694092,4.507054805755615,1.9757361420668345,0.12209270894527435,10.018021583557129,0.36570504307746887,9.83047866821289,0.9812794458685297,0.5262784361839294
gpu_seed1103_ckpt150_optimizer_reset,1103,150,optimizer_reset,27,10.06846809387207,0.05911230948772568,0.8630429108937578,31.569900704116307,0.0005,0.0005,3.1371288299560547,4.0001717408498125,3.1966884657740593,17.480971544981003,17.495164453983307,0.11376900970935822,0.3881815969944,0.39278894662857056,0.10580334067344666,3.149655714552372,0.13259317636434356,0.4016208939265828,0.13893172144889832,1.257143259048462,3.285367250442505,170.2997283935547,170.46636962890625,3.2667577266693115,5.11009407043457,177,27,0.9999999920397965,0.1622944051689127,0.94185026299696,0.026651907530434893,177,177,0,0.01,2.4894139766693115,4.1676249504089355,4.357421875,1.750380577853195,0.22068332135677338,10.009031295776367,0.3707359731197357,9.817954063415527,0.9809095179428151,0.5290002226829529
gpu_seed1103_ckpt150_optimizer_reset,1103,150,optimizer_reset,28,10.206334114074707,0.05992172545627995,0.8888661066691084,34.14302687723334,0.0005,0.0005,3.1712279319763184,4.060094038645427,3.305205821990967,17.84689474105835,17.866220265626907,0.1085173562169075,0.3659231960773468,0.37105581164360046,0.10064959526062012,3.0879571995681645,0.1333087943107871,0.40385665417791583,0.128040611743927,1.078539490699768,3.1761367321014404,170.29869079589844,170.46995544433594,3.004554271697998,3.671781063079834,178,28,0.9999999928358169,0.1631321107637438,0.9476652366972639,0.02762525562290441,178,178,0,0.01,2.3948826789855957,3.7112584114074707,4.013555526733398,1.675888160179834,0.19128413498401642,10.002333641052246,0.37405169010162354,9.809645652770996,0.9807356967686632,0.528871476650238
gpu_seed1103_ckpt150_optimizer_reset,1103,150,optimizer_reset,29,10.338991165161133,0.06070055939471419,0.8137572606404624,31.244516702666168,0.0005,0.0005,3.2136174043019614,4.027374664942424,3.409979872405529,18.19578891992569,18.22024655342102,0.10477405041456223,0.3488941788673401,0.35402628779411316,0.10080885887145996,3.0319801148458345,0.13407809801573192,0.4051873523344099,0.11821393668651581,1.1287978887557983,3.094088554382324,170.29757690429688,170.4734344482422,3.0789058208465576,4.075822353363037,179,29,0.9999999935522351,0.16396897865298,0.9528987130275375,0.02859763036728158,179,179,0,0.01,2.317936658859253,3.4998562335968018,3.8563036918640137,1.6636794957806083,0.1695386916399002,9.993130683898926,0.37871089577674866,9.798870086669922,0.9805605867295442,0.5269142985343933
gpu_seed1103_ckpt150_optimizer_reset,1103,150,optimizer_reset,30,10.46210765838623,0.06142338040211202,0.45215868949890137,14.114726515984739,0.0005,0.0005,3.20635724067688,3.6585159301757812,3.517918199300766,18.544001162052155,18.573776572942734,0.10793832689523697,0.34821224212646484,0.35353001952171326,0.1053462028503418,2.9739485302593853,0.13471521266515343,0.40550316961894206,0.11010467261075974,1.3302110433578491,3.057919502258301,170.2963409423828,170.47662353515625,3.163602590560913,4.314801216125488,180,30,0.9999999941970117,0.1648050096743271,0.9576088417247838,0.029569032736914247,180,180,0,0.01,2.4115030765533447,3.571530342102051,3.770482301712036,1.5635403240287202,0.2528015673160553,9.98464584350586,0.38468441367149353,9.78800106048584,0.980305282119856,0.525415301322937
gpu_seed1103_ckpt150_optimizer_reset,1103,150,optimizer_reset,31,10.58016586303711,0.062116504029839995,0.23632518450419138,6.288010220312291,0.0005,0.0005,3.160702625910441,3.3970278104146323,3.6271471977233887,18.88725060224533,18.921880900859833,0.10922899842262268,0.34324944019317627,0.348104327917099,0.11434894800186157,2.9169386535167163,0.13527500867461842,0.4056091806341076,0.10563050210475922,1.1777315139770508,3.0967843532562256,170.29513549804688,170.47962951660156,2.9416346549987793,3.6082139015197754,181,31,0.9999999947773105,0.16564020466465268,0.9618479575523053,0.030539463704177372,181,181,0,0.01,2.392728805541992,3.8184492588043213,3.792428493499756,1.5849804978793338,0.32414937019348145,9.975541114807129,0.3870653212070465,9.777087211608887,0.980105951054159,0.5270153880119324
gpu_seed1103_ckpt150_optimizer_reset,1103,150,optimizer_reset,32,10.6939697265625,0.06278465027998366,0.48821894327799464,13.897070123421845,0.0005,0.0005,3.0946479638417563,3.582866907119751,3.73349629342556,19.213088899850845,19.254732817411423,0.10634909570217133,0.3258382976055145,0.33285191655158997,0.0965341329574585,2.8643311486316483,0.13585833644590936,0.4062489613517007,0.09924907982349396,0.9127224683761597,3.1517999172210693,170.2939453125,170.48255920410156,3.005420207977295,3.387742519378662,182,32,0.9999999952995794,0.1664745644599881,0.9656631617970749,0.031508924240473246,182,182,0,0.01,2.3224127292633057,3.6176910400390625,3.8547089099884033,1.6597863340206107,0.21557995676994324,9.966506958007812,0.38755670189857483,9.767522811889648,0.9800347155771295,0.5277514457702637
gpu_seed1103_ckpt150_optimizer_reset,1103,150,optimizer_reset,33,10.803590774536133,0.06342823908155419,0.8276528517405191,27.291682897998047,0.0005,0.0005,3.0535361766815186,3.8811890284220376,3.838548481464386,19.537774085998535,19.58607119321823,0.10505218803882599,0.3246851861476898,0.33133837580680847,0.09779436141252518,2.814498977074742,0.13652198740318683,0.40783369846584977,0.10662656277418137,0.8414083123207092,3.1905224323272705,170.29281616210938,170.48509216308594,3.0531835556030273,3.8458664417266846,183,33,0.9999999957696215,0.16730808989552803,0.9690968456173674,0.032477415316232716,183,183,0,0.01,2.2366116046905518,3.4831488132476807,3.770758628845215,1.6859246464319562,0.18716099858283997,9.956930160522461,0.3900022506713867,9.756720542907715,0.9798924352799497,0.5277805328369141
gpu_seed1103_ckpt150_optimizer_reset,1103,150,optimizer_reset,34,10.908206939697266,0.06404244405044987,0.8528536160786948,26.02064167500972,0.0005,0.0005,2.961505651473999,3.814359267552694,3.9458104968070984,19.849910259246826,19.90417993068695,0.1072620153427124,0.312136173248291,0.3181087374687195,0.11560459434986115,2.7645035027711766,0.137228117351469,0.41009089668072757,0.09881437569856644,0.8403306007385254,3.2085533142089844,170.2917022705078,170.4874267578125,3.3063557147979736,4.027897357940674,184,34,0.9999999961926593,0.16814078180563252,0.9721871610556306,0.033444937900916516,184,184,0,0.01,2.3563735485076904,3.436784029006958,3.538020372390747,1.501468379081874,0.29922106862068176,9.948732376098633,0.40197238326072693,9.742034912109375,0.9792237386456571,0.5290700793266296
gpu_seed1103_ckpt150_optimizer_reset,1103,150,optimizer_reset,35,11.007678031921387,0.06462644212580883,0.9750056266784668,30.67665110980237,0.0005,0.0005,2.92201034228007,3.8970159689585366,4.056820198893547,20.159260094165802,20.21891513466835,0.11100970208644867,0.30934983491897583,0.31473520398139954,0.13048945367336273,2.7133758688444947,0.1379239955309942,0.4128065024928367,0.09183263033628464,1.2700117826461792,3.1497905254364014,170.29066467285156,170.4896240234375,2.8204777240753174,3.533567428588867,185,35,0.9999999965733934,0.16897264102382692,0.9749684449500675,0.0344114929630156,185,185,0,0.01,2.564249038696289,3.435861825942993,3.4437687397003174,1.3429930898793858,0.3700723946094513,9.939536094665527,0.407058447599411,9.72947883605957,0.9788664927008341,0.531060516834259
gpu_seed1103_ckpt150_optimizer_reset,1103,150,optimizer_reset,36,11.103597640991211,0.0651895893259999,0.8714042504628501,26.96299105849061,0.0005,0.0005,2.964970827102661,3.836375077565511,4.175408631563187,20.48200672864914,20.546360105276108,0.11858843266963959,0.3227466344833374,0.32744497060775757,0.14381033182144165,2.6592840655290773,0.13855458038543117,0.4151939956105535,0.08991694450378418,0.8482857942581177,3.0659401416778564,170.28964233398438,170.49154663085938,2.955577850341797,3.9530982971191406,186,36,0.999999996916054,0.16980366838280314,0.9774716004550608,0.035377081470052585,186,186,0,0.01,2.755244255065918,3.7137417793273926,3.5440402030944824,1.286288936662135,0.4311375916004181,9.930384635925293,0.4112086594104767,9.71769905090332,0.9785823416896143,0.5323851704597473
gpu_seed1103_ckpt150_optimizer_reset,1103,150,optimizer_reset,37,11.195202827453613,0.06572740640823727,1.053515195846558,41.152982963437026,0.0005,0.0005,3.0925811926523843,4.146096388498942,4.288569822907448,20.80606386065483,20.87861603498459,0.11316119134426117,0.32405713200569153,0.33225592970848083,0.10123177617788315,2.6104746546626547,0.13943395239694575,0.4169468949045583,0.08757197856903076,1.294938325881958,3.1719565391540527,170.28866577148438,170.49310302734375,3.1404101848602295,4.6971282958984375,187,37,0.9999999972244487,0.17063386471442032,0.9797244404095548,0.03634170438858253,187,187,0,0.01,2.6020636558532715,4.0103583335876465,4.204394817352295,1.6157924529989907,0.2480437010526657,9.921422004699707,0.41958191990852356,9.705602645874023,0.9782471344607225,0.5299178957939148
gpu_seed1103_ckpt150_optimizer_reset,1103,150,optimizer_reset,38,11.282792091369629,0.06624164587626089,0.7423265775044756,25.838046275983977,0.0005,0.0005,3.155794938405355,3.8981215159098306,4.3900404796004295,21.1120742559433,21.191195219755173,0.10147065669298172,0.3060103952884674,0.3125791847705841,0.1003655269742012,2.5700883952655467,0.14017745493375675,0.41829809365542137,0.08342209458351135,1.1230295896530151,3.214358329772949,170.28778076171875,170.49449157714844,2.9840216636657715,4.2095417976379395,188,38,0.9999999975020037,0.17146323084970583,0.9817519963685992,0.03730536268419393,188,188,0,0.01,2.0881800651550293,3.7901859283447266,3.9358179569244385,1.8848077436417596,0.20439083874225616,9.912114143371582,0.4458811283111572,9.678189277648926,0.9764001037175241,0.5409371256828308
gpu_seed1103_ckpt150_optimizer_reset,1103,150,optimizer_reset,39,11.368108749389648,0.06674254279983631,0.7420461972554526,25.469725733104294,0.0005,0.0005,3.141972541809082,3.8840187390645347,4.497946873307228,21.40455624461174,21.49228012561798,0.10790639370679855,0.2924819886684418,0.3010849058628082,0.10356863588094711,2.527399515732482,0.14095958257526006,0.42009164523741876,0.07971090078353882,0.9822103977203369,3.1990208625793457,170.28683471679688,170.4956817626953,3.4476587772369385,4.287644863128662,189,39,0.9999999977518034,0.17229176761885612,0.9835767967317394,0.03826805732150973,189,189,0,0.01,2.3465821743011475,3.6354734897613525,3.690481185913086,1.5727048582948526,0.29911527037620544,9.903949737548828,0.44857004284858704,9.668741226196289,0.9762510394755165,0.5407702326774597
gpu_seed1103_ckpt150_optimizer_reset,1103,150,optimizer_reset,40,11.44867992401123,0.06721557883328408,0.6350113550821943,19.558048132467647,0.0005,0.0005,3.0932480494181314,3.7282594045003257,4.601326674222946,21.680354326963425,21.777407348155975,0.10337980091571808,0.27579808235168457,0.2851272225379944,0.0956517681479454,2.4881258677296914,0.14158921447450462,0.4224056176736972,0.07414030283689499,0.8732409477233887,3.1630613803863525,170.28585815429688,170.49673461914062,3.0557146072387695,3.9976296424865723,190,40,0.9999999979766231,0.17311947585123733,0.9852191170585654,0.039229789264188186,190,190,0,0.01,2.2266147136688232,3.2259910106658936,3.5177316665649414,1.5798564722349955,0.20815667510032654,9.89454174041748,0.45426738262176514,9.655776977539062,0.9758690428376201,0.5422165989875793
gpu_seed1103_ckpt150_optimizer_reset,1103,150,optimizer_reset,41,11.52371597290039,0.06765611796032087,0.801865816116333,25.77188059070526,0.0005,0.0005,3.042515993118286,3.844381809234619,4.706483833491802,21.961732923984528,22.06617623567581,0.10515715926885605,0.2813785970211029,0.2887688875198364,0.11565928906202316,2.4484766931300275,0.14217601829645063,0.42529507673304856,0.08294747769832611,0.9264214634895325,3.169419050216675,170.28480529785156,170.49757385253906,3.4156017303466797,4.07564115524292,191,41,0.9999999981789608,0.17394635637538602,0.9866972053527089,0.040190559474924004,191,191,0,0.01,2.403862714767456,3.3729248046875,3.5131113529205322,1.461444254423207,0.29681771993637085,9.885825157165527,0.4573695957660675,9.64539623260498,0.9756794277929088,0.5424161553382874
gpu_seed1103_ckpt150_optimizer_reset,1103,150,optimizer_reset,42,11.594449996948242,0.06807139975709922,0.6226846377054849,17.082439855133558,0.0005,0.0005,2.9843200047810874,3.6070046424865723,4.812584295868874,22.239206969738007,22.353503078222275,0.10610046237707138,0.277474045753479,0.287326842546463,0.0966782495379448,2.4091941634972542,0.1425907292948026,0.4279531382951081,0.08904729038476944,0.9139395952224731,3.1719179153442383,170.28384399414062,170.498291015625,2.9926559925079346,3.620473861694336,192,42,0.9999999983610647,0.17477241001901067,0.988027484817438,0.0411503689154491,192,192,0,0.01,2.0905985832214355,2.921492576599121,3.309283494949341,1.5829358737287729,0.15999265015125275,9.877326011657715,0.4723089933395386,9.630332946777344,0.9749939341285453,0.5403201580047607
gpu_seed1103_ckpt150_optimizer_reset,1103,150,optimizer_reset,43,11.661750793457031,0.0684665249613415,0.5840198198954263,15.17382617656774,0.0005,0.0005,2.9512109756469727,3.535230795542399,4.921883851289749,22.51072034239769,22.635233163833618,0.10929955542087555,0.2715133726596832,0.2817300856113434,0.10604526847600937,2.3693673288122743,0.14287038605981228,0.430248115759105,0.0826069638133049,1.02147376537323,3.1418347358703613,170.2827606201172,170.4989013671875,3.132984161376953,3.9043049812316895,193,43,0.9999999985249582,0.17559763760899172,0.9892247363356942,0.04210921854653371,193,193,0,0.01,2.3070545196533203,3.072312116622925,3.3499608039855957,1.4520509920535125,0.24967341125011444,9.868040084838867,0.4748762845993042,9.620126724243164,0.974877142931597,0.5395632386207581
gpu_seed1103_ckpt150_optimizer_reset,1103,150,optimizer_reset,44,11.726771354675293,0.06884826282870771,0.5855093797047934,14.88959430795731,0.0005,0.0005,2.9289373556772866,3.51444673538208,5.027585230767727,22.77145940065384,22.907301396131516,0.10570137947797775,0.2607390582561493,0.27206823229789734,0.09318630397319794,2.3324858389088408,0.1431266819144279,0.43174464571362514,0.07783547788858414,1.1805514097213745,3.1154489517211914,170.28170776367188,170.4994659423828,3.0005948543548584,3.5653181076049805,194,44,0.9999999986724624,0.17642203997138273,0.9903022627021247,0.043067109327987074,194,194,0,0.01,2.1740050315856934,2.8388705253601074,3.1847023963928223,1.4649011157386667,0.2141345590353012,9.858917236328125,0.4775412976741791,9.609352111816406,0.9746863556585,0.5402082204818726
gpu_seed1103_ckpt150_optimizer_reset,1103,150,optimizer_reset,45,11.789937973022461,0.06921911613610443,0.7412351767222085,19.50449465942795,0.0005,0.0005,2.8766756852467856,3.617910861968994,5.133993603289127,23.028528958559036,23.175334990024567,0.10640837252140045,0.25706955790519714,0.26803359389305115,0.1017296314239502,2.2964457854927716,0.14338215547684866,0.4332275664665405,0.07390624284744263,1.2112213373184204,3.0624260902404785,170.28053283691406,170.49996948242188,3.151029109954834,3.643803119659424,195,45,0.9999999988052162,0.17724561793141136,0.9912720364319123,0.04402404221865919,195,195,0,0.01,2.217531442642212,2.980708122253418,3.2546942234039307,1.4677105184693393,0.24274766445159912,9.850160598754883,0.4815479815006256,9.598299026489258,0.9744307141247589,0.5407817363739014
gpu_seed1103_ckpt150_optimizer_reset,1103,150,optimizer_reset,46,11.850465774536133,0.06957447686251578,0.7440414428710938,18.773362876341487,0.0005,0.0005,2.833115736643473,3.577157179514567,5.244415372610092,23.279720723628998,23.437406063079834,0.11042176932096481,0.25119176506996155,0.26207107305526733,0.11913705617189407,2.2596352372134887,0.14364853957300933,0.4346824896318098,0.07031314074993134,0.8969463109970093,2.9582509994506836,170.2794189453125,170.5004119873047,2.9193527698516846,3.5770840644836426,196,46,0.9999999989246945,0.17806837231347994,0.992144832788721,0.044980018176440484,196,196,0,0.01,2.2519469261169434,2.9860057830810547,3.26393723487854,1.4493846178271763,0.24792151153087616,9.840517044067383,0.48390886187553406,9.586963653564453,0.9742337329056541,0.5418074727058411
gpu_seed1103_ckpt150_optimizer_reset,1103,150,optimizer_reset,47,11.908574104309082,0.06991563279024265,0.7136575380961099,17.600992332220144,0.0005,0.0005,2.8273468017578125,3.5410043398539224,5.352044120430946,23.52950957417488,23.696819335222244,0.10762874782085419,0.24978885054588318,0.2594132721424103,0.12429432570934296,2.2250515571885794,0.14399128694591098,0.43670842333980464,0.06658799946308136,0.8502439856529236,2.867570400238037,170.2783203125,170.5008544921875,3.252779006958008,4.378659725189209,197,47,0.9999999990322251,0.17889030394116645,0.9929303495098489,0.04593503815826405,197,197,0,0.01,2.231536865234375,2.8506062030792236,3.173609972000122,1.4221633625870573,0.2384689450263977,9.831570625305176,0.4928981363773346,9.573955535888672,0.9737971582328453,0.5408726930618286
gpu_seed1103_ckpt150_optimizer_reset,1103,150,optimizer_reset,48,11.963713645935059,0.0702393588644793,0.44157616297403957,10.190860692478363,0.0005,0.0005,2.909996589024862,3.3515727519989014,5.454750269651413,23.790103763341904,23.96518725156784,0.10270614922046661,0.2605941891670227,0.2683679163455963,0.12024348229169846,2.1932651458849297,0.14431572985695432,0.43876355656871796,0.07723266631364822,0.7897438406944275,2.6941797733306885,170.27725219726562,170.5011749267578,2.6466121673583984,3.8667569160461426,198,48,0.9999999991290026,0.1797114136372252,0.9936373145588641,0.046889103120105746,198,198,0,0.01,2.1633150577545166,3.2395756244659424,3.440354347229004,1.5903159065505887,0.2382020205259323,9.822467803955078,0.4973280131816864,9.56223201751709,0.973506068776914,0.5416514873504639
gpu_seed1103_ckpt150_optimizer_reset,1103,150,optimizer_reset,49,12.01771068572998,0.0705563772726442,0.4080798625946045,9.744215745992339,0.0005,0.0005,2.9619971911112466,3.370077053705851,5.55551615357399,24.04260829091072,24.226153314113617,0.1007658839225769,0.25250452756881714,0.26096606254577637,0.11415380984544754,2.163203265640142,0.14470154868317167,0.44131005163217546,0.07143735140562057,0.808927059173584,2.546314239501953,170.2761993408203,170.5015106201172,3.1332993507385254,3.4390146732330322,199,49,0.9999999992161023,0.18053170222358805,0.9942735831029776,0.04784221401698563,199,199,0,0.01,2.1121065616607666,3.1713836193084717,3.4072790145874023,1.6132135927396665,0.21715320646762848,9.813342094421387,0.4980833828449249,9.552621841430664,0.9734320631561486,0.5418710112571716
gpu_seed1103_ckpt150_optimizer_reset,1103,150,optimizer_reset,50,12.069905281066895,0.07086281346972766,0.4439411163330078,11.300324659350174,0.00025,0.00025,3.006725867589315,3.4506669839223227,5.6514163464307785,24.292895674705505,24.482541412115097,0.09590019285678864,0.25028738379478455,0.2563880980014801,0.12718969583511353,2.1357310346967546,0.14506233550436862,0.44380166766286955,0.06782348453998566,0.9747170209884644,2.48282527923584,170.2751922607422,170.50181579589844,2.9851601123809814,3.4786458015441895,200,50,0.9999999992944921,0.1813511705213644,0.9948462247926799,0.04879437180296864,200,200,1,0.01,1.944580316543579,3.072204113006592,3.122878313064575,1.6059394854997668,0.29020580649375916,9.804162979125977,0.49985554814338684,9.542535781860352,0.973314682974607,0.5419130325317383
gpu_seed1103_ckpt150_optimizer_reset,1103,150,optimizer_reset,51,12.094539642333984,0.07100744262022761,0.3607518672943115,8.62996781245171,0.00025,0.00025,2.9890130360921225,3.349764903386434,5.702229093760252,24.431312695145607,24.623980805277824,0.050812747329473495,0.13841702044010162,0.14143939316272736,0.12341935932636261,2.1210195948750097,0.14520287163676202,0.44580287961075316,0.04027651622891426,0.9818194508552551,2.437877893447876,170.2747039794922,170.5018310546875,3.1872076988220215,4.164024829864502,201,51,0.9999999993650429,0.1821698193508431,0.9953616023134119,0.0497455774311657,201,201,0,0.01,1.9042755365371704,3.2532975673675537,3.317702293395996,1.742238573009938,0.2585126757621765,9.794772148132324,0.5024989247322083,9.53223991394043,0.9731966981750639,0.5411028265953064
gpu_seed1103_ckpt150_optimizer_reset,1103,150,optimizer_reset,52,12.117600440979004,0.07114283333248186,0.32887228329976415,7.451660165819337,0.00025,0.00025,2.9515840212504068,3.280456304550171,5.758213181048632,24.565872728824615,24.763385951519012,0.05598408728837967,0.13456003367900848,0.13940514624118805,0.11992360651493073,2.104402886794503,0.14535602511503276,0.4476008417709155,0.03886059299111366,0.8869745135307312,2.404113292694092,170.27415466308594,170.50167846679688,3.201772689819336,3.6464710235595703,202,52,0.9999999994285386,0.18298764953149227,0.9958254420820707,0.05069583185373461,202,202,0,0.01,2.3323471546173096,3.0788681507110596,3.4331440925598145,1.4719695932750847,0.2181311547756195,9.785795211791992,0.5044887065887451,9.522599220275879,0.9731042816837274,0.5404679179191589
gpu_seed1103_ckpt150_optimizer_reset,1103,150,optimizer_reset,53,12.139586448669434,0.07127191391146162,0.3000887235005698,6.373310267943989,0.00025,0.00025,2.9020023345947266,3.2020910580952964,5.818307518959045,24.699739918112755,24.90359316766262,0.06009433791041374,0.13386718928813934,0.1402072161436081,0.1164555773139,2.086446343564742,0.14549456163518265,0.4491570020360456,0.03620642051100731,0.7090886831283569,2.399890184402466,170.2736358642578,170.50149536132812,2.827802896499634,3.2745370864868164,203,53,0.9999999994856847,0.18380466188196076,0.9962428978738637,0.05164513602188081,203,203,0,0.01,2.614516496658325,3.2244579792022705,3.737452268600464,1.4295003582406,0.19360162317752838,9.77718734741211,0.5097023844718933,9.511809349060059,0.9728574293481994,0.5396525859832764
gpu_seed1103_ckpt150_optimizer_reset,1103,150,optimizer_reset,54,12.16059684753418,0.07139526665872903,0.33342957496643066,7.035417778735933,0.00025,0.00025,2.8779378732045493,3.21136744817098,5.879009574651718,24.835219502449036,25.046180248260498,0.06070205569267273,0.13547958433628082,0.1425870805978775,0.10386697202920914,2.0684771292029276,0.14564823126092125,0.4505855975278485,0.03573724254965782,0.660305380821228,2.4213311672210693,170.2731475830078,170.50125122070312,2.8219094276428223,3.396035671234131,204,54,0.9999999995371163,0.18462085722007882,0.9966186080864773,0.05259349088585896,204,204,0,0.01,2.759967088699341,3.5077550411224365,4.108038902282715,1.4884376408333102,0.1573023647069931,9.767929077148438,0.5135095715522766,9.50107479095459,0.9726805667724275,0.5388565063476562
gpu_seed1103_ckpt150_optimizer_reset,1103,150,optimizer_reset,55,12.180692672729492,0.07151324991370697,0.4176158110300703,9.190465428220051,0.00025,0.00025,2.875295797983805,3.2929116090138755,5.937360983341932,24.965394482016563,25.182628735899925,0.05835140869021416,0.13017497956752777,0.13644848763942719,0.1140236184000969,2.0515331149482097,0.14581630164837414,0.4517711390798009,0.034068621695041656,0.8000292181968689,2.4577267169952393,170.2726593017578,170.5009765625,2.875380754470825,3.425248622894287,205,55,0.9999999995834047,0.18543623636285866,0.9969567472778296,0.05354089739497314,205,205,0,0.01,2.496145486831665,3.3241443634033203,3.8239786624908447,1.5319534388770961,0.16015975177288055,9.758615493774414,0.5138592720031738,9.491548538208008,0.9726327002290687,0.5389449000358582
gpu_seed1103_ckpt150_optimizer_reset,1103,150,optimizer_reset,56,12.199135780334473,0.07162153000900018,0.46605237325032567,10.420523265654236,0.00025,0.00025,2.8651744524637857,3.3312268257141113,5.993637152016163,25.085480362176895,25.309053048491478,0.056276168674230576,0.12008588016033173,0.12642431259155273,0.11871286481618881,2.0353477314236224,0.14596343219875998,0.4527575481047703,0.03094911016523838,0.9105403423309326,2.4947309494018555,170.2721405029297,170.50070190429688,2.4589314460754395,2.690201759338379,206,56,0.9999999996250641,0.18625080012649586,0.9972610725500466,0.05448735649757808,206,206,0,0.01,2.3574020862579346,2.778005838394165,3.2891452312469482,1.395241503525874,0.1875273734331131,9.74924087524414,0.5149694085121155,9.481892585754395,0.9725775275314424,0.5384461879730225
gpu_seed1103_ckpt150_optimizer_reset,1103,150,optimizer_reset,57,12.215883255004883,0.07171985498720193,0.4076892534891763,8.593505560318722,0.00025,0.00025,2.837496280670166,3.2451855341593423,6.049148749560118,25.20538929104805,25.434233456850052,0.05551159754395485,0.11990892887115479,0.1251804083585739,0.13442488014698029,2.0194383971614482,0.1461054463828731,0.4537295002865272,0.031722813844680786,0.8948573470115662,2.4987847805023193,170.27163696289062,170.50042724609375,3.134761095046997,3.714524269104004,207,57,0.9999999996625577,0.1870645493263694,0.9975349652950419,0.05543286914108059,207,207,0,0.01,2.300722599029541,2.881765365600586,3.208696126937866,1.3946471114292176,0.24902673065662384,9.740459442138672,0.5174450874328613,9.472140312194824,0.9724531341115151,0.5379658937454224
gpu_seed1103_ckpt150_optimizer_reset,1103,150,optimizer_reset,58,12.231213569641113,0.07180985977192908,0.29898810386657715,5.717394541519724,0.00025,0.00025,2.7976486682891846,3.0966367721557617,6.107654247432947,25.328612059354782,25.563791140913963,0.05850549787282944,0.12322276830673218,0.12955768406391144,0.12633489072322845,2.0026041216691173,0.14627940612271828,0.4548261786528718,0.03451962769031525,0.6362884640693665,2.493483781814575,170.27113342285156,170.50006103515625,3.221653699874878,3.8452534675598145,208,58,0.9999999996963019,0.18787748477704302,0.9977814687655377,0.056377436271939474,208,208,0,0.01,2.553715705871582,3.3057353496551514,3.58447527885437,1.4036312932608082,0.27250275015830994,9.732172966003418,0.5227153897285461,9.461265563964844,0.9721637292117716,0.5379102230072021
gpu_seed1103_ckpt150_optimizer_reset,1103,150,optimizer_reset,59,12.24596118927002,0.07189644353497857,0.27297846476236964,5.109781622339074,0.00025,0.00025,2.789926846822103,3.0629053115844727,6.16350644826889,25.452213548123837,25.693171247839928,0.05585220083594322,0.12360148876905441,0.12938010692596436,0.12005551904439926,1.986849740817175,0.14648438129498884,0.45606001968081056,0.03370119258761406,0.5470720529556274,2.504603624343872,170.27059936523438,170.4995880126953,3.0775508880615234,3.6053948402404785,209,59,0.9999999997266718,0.18868960729226592,0.998003321888984,0.057321058835667515,209,209,0,0.01,2.3599350452423096,3.3875210285186768,3.52093243598938,1.4919615872844378,0.29068267345428467,9.722681045532227,0.5250817537307739,9.450844764709473,0.9720410163049995,0.5374670624732971
gpu_seed1103_ckpt150_optimizer_reset,1103,150,optimizer_reset,60,12.260061264038086,0.0719792255407136,0.33397213617960597,6.5287656124270015,0.00025,0.00025,2.801286458969116,3.135258595148722,6.2212770618498325,25.57659225165844,25.822676926851273,0.057770613580942154,0.12437870353460312,0.1295056790113449,0.14166027307510376,1.9706663346047335,0.14666386777499588,0.457186915794399,0.03302880376577377,0.5784247517585754,2.514465093612671,170.27003479003906,170.49917602539062,2.9815402030944824,3.1859452724456787,210,60,0.9999999997540046,0.18950091768497368,0.9982029897000856,0.0582637377768318,210,210,0,0.01,2.4696743488311768,3.4781463146209717,3.435087203979492,1.3909069451216618,0.37235474586486816,9.713422775268555,0.5270170569419861,9.440835952758789,0.9719370989179248,0.5370978116989136
gpu_seed1103_ckpt150_optimizer_reset,1103,150,optimizer_reset,61,12.273484230041504,0.07205803221847626,0.4125678539276123,8.762723520637302,0.00025,0.00025,2.8424952824910483,3.2550631364186606,6.27957820892334,25.69836302101612,25.9499773979187,0.05830114707350731,0.12177076935768127,0.1273004710674286,0.14238786697387695,1.9545077426695334,0.1468469310623286,0.4585332088542391,0.03237444534897804,0.6031596660614014,2.531214952468872,170.2694549560547,170.49871826171875,2.9946513175964355,3.1609342098236084,211,61,0.9999999997786041,0.1903114167672887,0.998382690730077,0.05920547403905507,211,211,0,0.01,2.5082130432128906,3.2525198459625244,3.2973268032073975,1.3146119354288894,0.3675927519798279,9.703937530517578,0.5273210406303406,9.431191444396973,0.971893256189683,0.5371323227882385
gpu_seed1103_ckpt150_optimizer_reset,1103,150,optimizer_reset,62,12.286336898803711,0.07213349066225652,0.3601341247558594,7.706696098272314,0.00025,0.00025,2.8779030640920005,3.23803718884786,6.33347187936306,25.816854178905487,26.07432246953249,0.053893670439720154,0.11849115788936615,0.1243450716137886,0.11611366271972656,1.9399054946206493,0.14701195211342297,0.4594093551551697,0.031017424538731575,0.5818827152252197,2.5601553916931152,170.2688751220703,170.49818420410156,2.734297752380371,3.3723015785217285,212,62,0.9999999998007437,0.1911211053505214,0.9985444216570694,0.060146268565015926,212,212,0,0.01,2.094313859939575,2.645785093307495,2.9095864295959473,1.3892790785801823,0.26354286074638367,9.694581985473633,0.5302980542182922,9.420909881591797,0.97177061328762,0.5361382365226746
gpu_seed1103_ckpt150_optimizer_reset,1103,150,optimizer_reset,63,12.298306465148926,0.07220376438251222,0.31864444414774606,6.602434879843113,0.00025,0.00025,2.8675686518351235,3.1862130959828696,6.388737663626671,25.942040637135506,26.205008514225483,0.05526578426361084,0.12518645823001862,0.13068604469299316,0.11903635412454605,1.9249978810627304,0.14710538654843358,0.460242537429373,0.03438602760434151,0.5591982007026672,2.5363097190856934,170.268310546875,170.49769592285156,3.3015663623809814,3.6296231746673584,213,63,0.9999999998206693,0.19192998424517094,0.9986899794913624,0.06108612229645094,213,213,0,0.01,2.011293649673462,2.859351396560669,3.050637722015381,1.5167540167539146,0.2534172832965851,9.68635082244873,0.5345157980918884,9.411189079284668,0.9715928373637542,0.5350657105445862
gpu_seed1103_ckpt150_optimizer_reset,1103,150,optimizer_reset,64,12.309693336486816,0.07227061708109027,0.33365790049235056,6.496937896295496,0.00025,0.00025,2.7975067297617593,3.13116463025411,6.446403134614229,26.06380808353424,26.333075277507305,0.057665470987558365,0.12176744639873505,0.1280667632818222,0.12472068518400192,1.9095444512905961,0.14713969505850868,0.4606334106104202,0.03312840312719345,0.5578996539115906,2.496244192123413,170.26771545410156,170.49722290039062,2.9211058616638184,3.12817645072937,214,64,0.9999999998386024,0.19273805426092572,0.9988209815422261,0.06202503617415456,214,214,0,0.01,2.3434183597564697,2.892263174057007,3.1146812438964844,1.3291187341464867,0.306557297706604,9.677848815917969,0.5395064949989319,9.401046752929688,0.9713983894298934,0.5336012840270996
gpu_seed1103_ckpt150_optimizer_reset,1103,150,optimizer_reset,65,12.321457862854004,0.07233968700484729,0.31571873029073094,5.937722743489461,0.00025,0.00025,2.7722200552622476,3.0879387855529785,6.507124412804842,26.182237565517426,26.45872988551855,0.06072127819061279,0.11842948198318481,0.12565460801124573,0.13374242186546326,1.8935334690398287,0.1471849915864003,0.46077294619701165,0.031747981905937195,0.5616106390953064,2.460493326187134,170.2671356201172,170.4967498779297,2.9064888954162598,3.0323874950408936,215,65,0.9999999998547422,0.19354531620666482,0.9989388833880035,0.06296301113798031,215,215,0,0.01,2.7636334896087646,2.975343704223633,3.229048728942871,1.1684070051556745,0.3687073588371277,9.669258117675781,0.5419894456863403,9.391556739807129,0.9712799705530691,0.5330429673194885
gpu_seed1103_ckpt150_optimizer_reset,1103,150,optimizer_reset,66,12.332327842712402,0.07240350501643796,0.21535372734069824,3.886796085002725,0.00025,0.00025,2.7834500471750894,2.9988037745157876,6.566001981496811,26.302295595407486,26.585038252174854,0.05887756869196892,0.12005802989006042,0.1263083666563034,0.1362830102443695,1.8782095828577863,0.1471988742777895,0.46053078666349134,0.03239993005990982,0.4932432174682617,2.4425244331359863,170.26654052734375,170.49620056152344,2.8644394874572754,3.4282963275909424,216,66,0.9999999998692679,0.1943517708904582,0.9990449950492032,0.06390004812684236,216,216,0,0.01,2.723531484603882,3.15403151512146,3.368136405944824,1.2366798125829115,0.3504727780818939,9.660632133483887,0.5445868372917175,9.381649017333984,0.9711216499814836,0.5330740213394165
gpu_seed1103_ckpt150_optimizer_reset,1103,150,optimizer_reset,67,12.343001365661621,0.07246616962301128,0.17108408610026027,3.0730752598448383,0.00025,0.00025,2.8015175660451255,2.9726016521453857,6.6232776418328285,26.423238433897495,26.710993967950344,0.05727566033601761,0.12094283849000931,0.1259557157754898,0.1474524289369583,1.8635790364125724,0.14718906258694847,0.4601567259225188,0.03225601837038994,0.4889295995235443,2.4069743156433105,170.2659454345703,170.49574279785156,3.7313199043273926,3.738328218460083,217,67,0.9999999998823411,0.19515741911956763,0.9991404955442829,0.06483614807871552,217,217,0,0.01,2.5214121341705322,3.184753656387329,3.4799749851226807,1.3801690481140267,0.27334415912628174,9.651970863342285,0.5458376407623291,9.372424125671387,0.9710373413233587,0.5330023169517517
gpu_seed1103_ckpt150_optimizer_reset,1103,150,optimizer_reset,68,12.3533353805542,0.07252684096654492,0.19976162910461426,3.7017996695027833,0.00025,0.00025,2.817906618118286,3.0176682472229004,6.677459314465523,26.54000484198332,26.832013860344887,0.054181672632694244,0.11676640808582306,0.1210198923945427,0.15207482874393463,1.8500053386759026,0.1472192200791566,0.459755457124441,0.030792180448770523,0.5282201170921326,2.388456106185913,170.26535034179688,170.49526977539062,2.525909423828125,2.897233009338379,218,68,0.999999999894107,0.19596226170044806,0.9992264459898546,0.06577131193063679,218,218,0,0.01,2.347107410430908,3.059149742126465,3.258096694946289,1.388132763104669,0.2961019277572632,9.642667770385742,0.5469729900360107,9.36273193359375,0.9709690467971226,0.5327242016792297
gpu_seed1103_ckpt150_optimizer_reset,1103,150,optimizer_reset,69,12.363297462463379,0.07258532867922049,0.2711808681488037,5.34830576195894,0.00025,0.00025,2.8430964152018228,3.1142772833506265,6.733284369111061,26.65779698640108,26.954025126993656,0.05582505464553833,0.11779214441776276,0.12201126664876938,0.16003300249576569,1.8361466388050034,0.14733902695405013,0.4595357440658315,0.030882922932505608,0.6083293557167053,2.4200656414031982,170.26478576660156,170.49472045898438,3.06585693359375,3.179405927658081,219,69,0.9999999999046963,0.19676629943874768,0.9993038013908692,0.06670554061870615,219,219,0,0.01,2.505979299545288,2.9370944499969482,3.186068058013916,1.271386423100446,0.3230457305908203,9.633408546447754,0.5478106737136841,9.353198051452637,0.9709126324659599,0.5325039029121399
gpu_seed1103_ckpt150_optimizer_reset,1103,150,optimizer_reset,70,12.372027397155762,0.072636582414797,0.2509506543477378,5.027258541774106,0.00025,0.00025,2.8692758083343506,3.1202264626820884,6.789286717772484,26.777709744870663,27.078858643770218,0.05600234866142273,0.1199127584695816,0.12483351677656174,0.14384303987026215,1.8222867749519809,0.14747745816532082,0.4593935460520417,0.03208718076348305,0.6095889806747437,2.45998477935791,170.2642059326172,170.4940643310547,2.982703447341919,3.4107248783111572,220,70,0.9999999999142267,0.19756953313930892,0.9993734212517822,0.06763883507808743,220,220,0,0.01,2.3933165073394775,2.7948060035705566,3.1766550540924072,1.3273025295022087,0.25772470235824585,9.624552726745605,0.5560759902000427,9.341361045837402,0.9705761203715769,0.5306642055511475
gpu_seed1103_ckpt150_optimizer_reset,1103,150,optimizer_reset,71,12.380328178405762,0.07268531657630647,0.21070218086242676,4.156605188423235,0.00025,0.00025,2.8748080730438232,3.08551025390625,6.840674001723528,26.892914302647114,27.198877602815628,0.05138728395104408,0.11520455777645111,0.12001895904541016,0.1273801326751709,1.8098111641169703,0.14760954649487965,0.4593683727529829,0.03162578493356705,0.5793507099151611,2.505038022994995,170.2636260986328,170.49337768554688,2.6734542846679688,3.1586649417877197,221,71,0.9999999999228041,0.1983719636061696,0.9994360791266039,0.06857119624300934,221,221,0,0.01,2.0918946266174316,2.666818141937256,2.9826483726501465,1.4258119575896742,0.23228949308395386,9.615690231323242,0.5581954121589661,9.331535339355469,0.9704488304913249,0.530563235282898
gpu_seed1103_ckpt150_optimizer_reset,1103,150,optimizer_reset,72,12.388222694396973,0.07273166554103253,0.20008651415506984,3.8794471427318946,0.00025,0.00025,2.8629872798919678,3.0630737940470376,6.890191096812487,27.002247020602226,27.312852911651134,0.04951709508895874,0.10933271795511246,0.11397530883550644,0.1307036131620407,1.7979505242062395,0.1477107592839839,0.4594739757955105,0.030417924746870995,0.5821552872657776,2.544867515563965,170.26300048828125,170.49264526367188,2.7920982837677,3.2386012077331543,222,72,0.9999999999305237,0.19917359164256343,0.9994924712139436,0.06950262504676641,222,222,0,0.01,2.062617778778076,2.462263345718384,2.735806465148926,1.3263758769539598,0.27885982394218445,9.60658073425293,0.5642309188842773,9.319193840026855,0.9700843721426973,0.5310913920402527
gpu_seed1103_ckpt150_optimizer_reset,1103,150,optimizer_reset,73,12.395889282226562,0.07277667633197632,0.16155195236206055,3.028282992102497,0.00025,0.00025,2.8490610917409263,3.010613044102987,6.9387734569609165,27.109817504882812,27.424178086221218,0.04858236014842987,0.10757048428058624,0.11132517457008362,0.14718258380889893,1.7864669251868035,0.14777522749063468,0.45981283899300074,0.028985481709241867,0.5713966488838196,2.5723073482513428,170.26239013671875,170.49191284179688,2.8224620819091797,3.177698850631714,223,73,0.9999999999374712,0.19997441805092087,0.9995432240925493,0.07043312242171962,223,223,0,0.01,2.103740930557251,2.6010799407958984,2.673795700073242,1.270971943947357,0.3693494200706482,9.597386360168457,0.5661951899528503,9.30925178527832,0.9699778081158703,0.5307546854019165
gpu_seed1103_ckpt150_optimizer_reset,1103,150,optimizer_reset,74,12.40335464477539,0.07282050572263536,0.13807932535807277,2.493758528952565,0.00025,0.00025,2.8238840103149414,2.961963335673014,6.988005053251982,27.217937044799328,27.535508006811142,0.049231596291065216,0.10811953991651535,0.11132992058992386,0.1614942103624344,1.7749492952930126,0.14779303159382695,0.46007086898638444,0.027507906779646873,0.5369661450386047,2.5912601947784424,170.26174926757812,170.4912109375,2.814319133758545,3.010007619857788,224,74,0.9999999999437241,0.20077444363287,0.9995889016832943,0.0713626892992979,224,224,0,0.01,2.2458460330963135,2.7845852375030518,2.8729336261749268,1.279221097010278,0.3633013069629669,9.588249206542969,0.5670925974845886,9.299683570861816,0.9699042411741648,0.5307661890983582
gpu_seed1103_ckpt150_optimizer_reset,1103,150,optimizer_reset,75,12.41054916381836,0.07286274498210545,0.1444154580434165,2.576952667558796,0.00025,0.00025,2.8085920015970864,2.953007459640503,7.03704197704792,27.326566234230995,27.647829368710518,0.04903692379593849,0.10862918943166733,0.11232136189937592,0.14913451671600342,1.7636031168060322,0.147765147663725,0.4606386491834515,0.028985342010855675,0.4858129918575287,2.584996461868286,170.26113891601562,170.49050903320312,2.5855281352996826,2.8439853191375732,225,75,0.9999999999493517,0.20157366918923714,0.9996300115149649,0.0722913266099986,225,225,1,0.01,2.114051580429077,2.9909210205078125,3.1375157833099365,1.4841245182256377,0.28236913681030273,9.579004287719727,0.5694769620895386,9.289066314697266,0.9697319299256258,0.5311514735221863
gpu_seed1103_ckpt150_optimizer_reset,1103,150,optimizer_reset,76,12.41765022277832,0.07290443553433427,0.16730618476867676,2.949163907493304,0.00025,0.00025,2.7846322854359946,2.9519384702046714,7.089273825287819,27.43416703492403,27.760666593909264,0.05223184823989868,0.10760080069303513,0.11283722519874573,0.1400182992219925,1.7516110293951612,0.14769199103101951,0.4611399533804597,0.029213227331638336,0.4367596507072449,2.5509350299835205,170.26055908203125,170.48983764648438,3.010270118713379,3.324801445007324,226,76,0.9999999999544166,0.20237209552004787,0.9996670103634684,0.07321903528338858,226,226,0,0.01,2.2854743003845215,2.7702763080596924,3.1496031284332275,1.3780960599302918,0.2351633459329605,9.56988525390625,0.5706539154052734,9.279605865478516,0.9696674118103749,0.5307788252830505
gpu_seed1103_ckpt150_optimizer_reset,1103,150,optimizer_reset,77,12.424490928649902,0.07294459754496244,0.1828596591949463,3.1667047606899015,0.00025,0.00025,2.7589051723480225,2.9417648315429688,7.139724098145962,27.537132441997528,27.869027391076088,0.05045027285814285,0.10296540707349777,0.10836079716682434,0.13523967564105988,1.7401920239291242,0.14763548059197362,0.46152587901589553,0.02792295627295971,0.4089489281177521,2.5314340591430664,170.260009765625,170.48915100097656,2.8075056076049805,2.9538819789886475,227,77,0.9999999999589749,0.20316972342452777,0.9997003093271215,0.07414581624810523,227,227,0,0.01,2.1751701831817627,2.3785035610198975,2.8279359340667725,1.3000987030490032,0.23111580312252045,9.560563087463379,0.5728994011878967,9.2692232131958,0.9695269126302218,0.5307497382164001
gpu_seed1103_ckpt150_optimizer_reset,1103,150,optimizer_reset,78,12.431154251098633,0.07298371813164291,0.17466656366984035,2.96592336091277,0.00025,0.00025,2.743460734685262,2.9181272983551025,7.189615201205015,27.639763444662094,27.976718105375767,0.04989110305905342,0.10263100266456604,0.1076907142996788,0.13914549350738525,1.7290430576887315,0.14763375622630356,0.46191802967200324,0.027498850598931313,0.3742983937263489,2.517587900161743,170.2594757080078,170.48846435546875,3.0362601280212402,3.12317156791687,228,78,0.9999999999630774,0.20396655370110328,0.9997302783944094,0.07507167043185714,228,228,0,0.01,2.08451247215271,2.165031909942627,2.5954456329345703,1.2451091886502201,0.25439828634262085,9.551450729370117,0.5742352604866028,9.259506225585938,0.9694345380553094,0.530695915222168
gpu_seed1103_ckpt150_optimizer_reset,1103,150,optimizer_reset,79,12.437681198120117,0.07302203805367541,0.08525244394938136,1.390645742245482,0.00025,0.00025,2.7489776611328125,2.834230105082194,7.237204547971487,27.741012148559093,28.0828720331192,0.04758934676647186,0.10124870389699936,0.1061539277434349,0.12944146990776062,1.7185753305265568,0.14768919246836118,0.46232108392357946,0.02744450233876705,0.32956597208976746,2.4866509437561035,170.2589569091797,170.4877471923828,2.895324230194092,3.185235023498535,229,79,0.9999999999667697,0.20476258714740214,0.9997572505549684,0.07599659876142528,229,229,0,0.01,1.9780914783477783,2.1648292541503906,2.5568060874938965,1.2925621061914705,0.24077104032039642,9.542412757873535,0.5792792439460754,9.248491287231445,0.9691984115442354,0.5299293398857117
gpu_seed1103_ckpt150_optimizer_reset,1103,150,optimizer_reset,80,12.443727493286133,0.07305753605275286,0.012756029764811494,0.20036219071217154,0.00025,0.00025,2.7477378050486245,2.760493834813436,7.2847770638763905,27.844528295099735,28.190057210624218,0.04757251590490341,0.10351614654064178,0.10718517750501633,0.15129117667675018,1.7081823347745446,0.14774288806737015,0.46277322955623523,0.02773854322731495,0.32337620854377747,2.455672025680542,170.2584686279297,170.48709106445312,2.9119436740875244,3.0880038738250732,230,80,0.9999999999700927,0.20555782456025473,0.9997815254994716,0.07692060216266383,230,230,0,0.01,1.7656086683273315,2.3716983795166016,2.4728286266326904,1.4005530619499906,0.3137253224849701,9.533418655395508,0.5805802941322327,9.238901138305664,0.9691068306410598,0.5298938751220703
gpu_seed1103_ckpt150_optimizer_reset,1103,150,optimizer_reset,81,12.44985294342041,0.07309349877326936,0.040801286697387695,0.6377225130467838,0.00025,0.00025,2.728719631830851,2.769520918528239,7.3343856781721115,27.95176935195923,28.300240643322468,0.049608614295721054,0.10724105685949326,0.11018343269824982,0.17116931080818176,1.6974636308628763,0.14783501018308265,0.463413032101117,0.02878919616341591,0.40827676653862,2.4389560222625732,170.25794982910156,170.486328125,3.1025707721710205,3.2884228229522705,231,81,0.9999999999730834,0.2063522667356945,0.9998033729495245,0.07784368156050114,231,231,0,0.01,1.9137042760849,2.5696117877960205,2.4994900226593018,1.3061004533947689,0.4085142910480499,9.524335861206055,0.5814236402511597,9.229599952697754,0.9690544398261122,0.5296023488044739
gpu_seed1103_ckpt150_optimizer_reset,1103,150,optimizer_reset,82,12.455410957336426,0.07312613005696389,0.11808840433756496,1.9086914751974717,0.00025,0.00025,2.723114490509033,2.841202894846598,7.3843886107206345,28.055498480796814,28.4072053283453,0.05000293254852295,0.10372912883758545,0.10696468502283096,0.17530997097492218,1.6867220312934248,0.14792034182751904,0.46401742267042245,0.027706488966941833,0.4893041253089905,2.447239637374878,170.25747680664062,170.485595703125,2.5066118240356445,2.6532413959503174,232,82,0.999999999975775,0.2071459144689588,0.999823035654572,0.07876583787894065,232,232,0,0.01,2.046466588973999,2.4879846572875977,2.4086945056915283,1.1770016274235662,0.44939741492271423,9.515071868896484,0.581425666809082,9.22036075592041,0.9690269167655564,0.529578685760498
gpu_seed1103_ckpt150_optimizer_reset,1103,150,optimizer_reset,83,12.461126327514648,0.07315968518448301,0.17304166158040335,2.8808313170458675,0.00025,0.00025,2.7245336373647056,2.897575298945109,7.435059279203415,28.15496014803648,28.51122311502695,0.05067066848278046,0.09946166723966599,0.10401778668165207,0.16274890303611755,1.6759955582826296,0.14801512090245897,0.46446736984517983,0.02821429818868637,0.48320645093917847,2.461625337600708,170.2570037841797,170.4849395751953,3.035473346710205,3.0657401084899902,233,83,0.9999999999781976,0.2079387685544899,0.9998407320891148,0.07968707204106174,233,233,0,0.01,2.1206274032592773,2.15749454498291,2.404944658279419,1.1340722347462024,0.36807703971862793,9.506450653076172,0.5813396573066711,9.211711883544922,0.9689959186358533,0.5297142267227173
gpu_seed1103_ckpt150_optimizer_reset,1103,150,optimizer_reset,84,12.46705150604248,0.07319447210376821,0.14232047398885062,2.3666648077186156,0.00025,0.00025,2.7391515572865806,2.881472031275431,7.484583083540201,28.250471092760563,28.612379290163517,0.04952380433678627,0.09551094472408295,0.10115617513656616,0.14189817011356354,1.6656975234142113,0.14811900623616503,0.4648740491478362,0.0280708409845829,0.4249477684497833,2.4804632663726807,170.2565155029297,170.4842529296875,2.867357015609741,3.1990468502044678,234,84,0.9999999999803778,0.20873082978593538,0.9998566588802034,0.08060738496902065,234,234,0,0.01,2.001770496368408,1.8210585117340088,2.422569513320923,1.2102134174295773,0.19950063526630402,9.497260093688965,0.5828607082366943,9.20203685760498,0.968914904596418,0.5293195247650146
gpu_seed1103_ckpt150_optimizer_reset,1103,150,optimizer_reset,85,12.47285270690918,0.07322853114610074,0.1033255259195962,1.718426719901185,0.00025,0.00025,2.7591724395751953,2.8624979654947915,7.5325326807796955,28.348506525158882,28.715292863547802,0.047949597239494324,0.09803543239831924,0.10291357338428497,0.14028646051883698,1.6558643998629758,0.1482341908320707,0.46531351826410783,0.029318079352378845,0.3754208981990814,2.5032994747161865,170.25604248046875,170.48353576660156,2.7606122493743896,2.939462184906006,235,85,0.99999999998234,0.20952209895614948,0.999870992992183,0.08152677758405169,235,235,0,0.01,1.8508672714233398,1.8884592056274414,2.3916914463043213,1.2922004096294752,0.1819307804107666,9.487932205200195,0.5842962861061096,9.192060470581055,0.9688159940204941,0.5292704701423645
gpu_seed1103_ckpt150_optimizer_reset,1103,150,optimizer_reset,86,12.478428840637207,0.07326126881181144,0.050280412038167466,0.8505496521414067,0.00025,0.00025,2.8030216693878174,2.853302081425985,7.583019532263279,28.448416724801064,28.819915056228638,0.05048685148358345,0.0999101996421814,0.10462219268083572,0.157129168510437,1.645575194359438,0.14833415885134144,0.46565452984460637,0.028970099985599518,0.34697824716567993,2.5255351066589355,170.25558471679688,170.4827423095703,2.7704877853393555,2.979473829269409,236,86,0.999999999984106,0.2103125768571933,0.9998838936929647,0.08244525080646758,236,236,0,0.01,2.063047409057617,2.196516513824463,2.502394914627075,1.2129604504672702,0.3110293745994568,9.47914981842041,0.5868065357208252,9.182015419006348,0.9686538977538235,0.5293743014335632
gpu_seed1103_ckpt150_optimizer_reset,1103,150,optimizer_reset,87,12.484277725219727,0.07329560780681807,0.03134306271870946,0.5398315814921588,0.00025,0.00025,2.830551783243815,2.8618948459625244,7.632973559200764,28.548277340829372,28.92436332255602,0.04995402693748474,0.09986061602830887,0.10444826632738113,0.15617172420024872,1.63557198625031,0.14841823044264452,0.46619270969162274,0.029242616146802902,0.34234943985939026,2.5432119369506836,170.255126953125,170.48193359375,2.6857545375823975,2.9034037590026855,237,87,0.9999999999856954,0.21110226428033607,0.9998955043236682,0.08336280555566111,237,237,0,0.01,2.009902000427246,2.3826000690460205,2.545612335205078,1.266535549824165,0.33790847659111023,9.470185279846191,0.5901446342468262,9.171425819396973,0.9684526277341177,0.5294203162193298
gpu_seed1103_ckpt150_optimizer_reset,1103,150,optimizer_reset,88,12.49079704284668,0.07333388293642272,0.023195584615071763,0.407072169035569,0.00025,0.00025,2.8534083366394043,2.876603921254476,7.682294674217701,28.644625388085842,29.02503888309002,0.049321115016937256,0.09634804725646973,0.1006755605340004,0.16624094545841217,1.6259200632807032,0.14847749513218508,0.46643528478783464,0.028151925653219223,0.35041266679763794,2.5457913875579834,170.25462341308594,170.4811553955078,2.9966423511505127,3.1237590312957764,238,88,0.9999999999871259,0.21189116201605573,0.9999059538913014,0.08427944275010546,238,238,0,0.01,1.8674545288085938,2.0265135765075684,2.2310731410980225,1.1947135026201772,0.3456878066062927,9.460870742797852,0.5909412503242493,9.161808967590332,0.9683896140916891,0.5293089151382446
gpu_seed1103_ckpt150_optimizer_reset,1103,150,optimizer_reset,89,12.4975004196167,0.07337323868334944,0.003849188486735322,0.06684035318211201,0.00025,0.00025,2.856368621190389,2.852519432703654,7.732383351773024,28.74337614327669,29.12660190463066,0.05008867755532265,0.0987507551908493,0.10156302154064178,0.19666625559329987,1.61625463341124,0.14852561693805563,0.46664257240889045,0.028284301981329918,0.34871065616607666,2.5525591373443604,170.254150390625,170.48043823242188,2.7045161724090576,3.011678457260132,239,89,0.9999999999884133,0.2126792708540397,0.9999153585021713,0.08519516330735533,239,239,0,0.01,1.9844977855682373,2.249011754989624,2.2121691703796387,1.1147249376975725,0.45960643887519836,9.452030181884766,0.5928173661231995,9.152212142944336,0.9682800379207408,0.5290890336036682
gpu_seed1103_ckpt150_optimizer_reset,1103,150,optimizer_reset,90,12.503917694091797,0.0734109147142315,0.007226387659708955,0.1248003580999999,0.00025,0.00025,2.8525870641072593,2.8453606764475503,7.782151453197002,28.841686107218266,29.227284647524357,0.049768101423978806,0.0983099639415741,0.10068274289369583,0.20486626029014587,1.606743041341534,0.14856087346193328,0.46674646831815164,0.0274136271327734,0.32521218061447144,2.5390589237213135,170.25367736816406,170.47975158691406,3.0138189792633057,3.0714359283447266,240,90,0.999999999989572,0.2134665915831857,0.9999238226519541,0.08610996814404803,240,240,0,0.01,1.9465866088867188,2.1541852951049805,2.122560501098633,1.0904012651723036,0.46794214844703674,9.443325996398926,0.5941104888916016,9.143050193786621,0.9682023258830862,0.5288426280021667
gpu_seed1103_ckpt150_optimizer_reset,1103,150,optimizer_reset,91,12.50972843170166,0.07344502974709884,0.009715716044107925,0.16567017991719624,0.00025,0.00025,2.8411080837249756,2.8313923676808677,7.829796694219112,28.941691160202026,29.329430133104324,0.047645241022109985,0.10000505298376083,0.1021454855799675,0.19280922412872314,1.5977079508253684,0.1485983033970741,0.46704181336075945,0.02749934233725071,0.286625474691391,2.523144006729126,170.25318908691406,170.47903442382812,2.7155652046203613,2.9428858757019043,241,91,0.9999999999906147,0.21425312499160254,0.9999314403867587,0.08702385817590397,241,241,0,0.01,1.9249930381774902,2.3107173442840576,2.2915120124816895,1.190400155758493,0.42647120356559753,9.434408187866211,0.5962927937507629,9.133523941040039,0.9681077773151565,0.5281464457511902
gpu_seed1103_ckpt150_optimizer_reset,1103,150,optimizer_reset,92,12.514549255371094,0.0734733329624516,0.03274846076965332,0.534660375674342,0.00025,0.00025,2.809105316797892,2.776356856028239,7.878609552979469,29.049173705279827,29.438979521393776,0.0488128587603569,0.10748254507780075,0.1095493882894516,0.1843239963054657,1.5884210495793454,0.1486730395371692,0.46725948296724623,0.030256738886237144,0.24708689749240875,2.5379104614257812,170.25270080566406,170.47824096679688,2.6637933254241943,2.8697073459625244,242,92,0.9999999999915533,0.21503887186661086,0.9999382963480828,0.08793683431772803,242,242,0,0.01,1.979918360710144,2.5661745071411133,2.6257147789001465,1.3261732559301314,0.3553514778614044,9.425564765930176,0.5979217290878296,9.123826026916504,0.9679871979549374,0.5282859206199646
gpu_seed1103_ckpt150_optimizer_reset,1103,150,optimizer_reset,93,12.519535064697266,0.0735026048140568,0.027498245239257812,0.4496470036517408,0.00025,0.00025,2.78056001663208,2.808058261871338,7.925548270344734,29.154625810682774,29.546362318098545,0.04693871736526489,0.10545210540294647,0.10738279670476913,0.18105058372020721,1.5796427751932838,0.14879888856413623,0.46764285984949694,0.02916680835187435,0.3001896142959595,2.571028709411621,170.25216674804688,170.47744750976562,2.6632375717163086,2.7465782165527344,243,93,0.999999999992398,0.21582383299474428,0.9999444667132745,0.0888488974834103,243,243,0,0.01,1.9845027923583984,2.5352611541748047,2.698110342025757,1.3595900960249807,0.3066844642162323,9.416411399841309,0.5990595817565918,9.11418628692627,0.9679044276972542,0.5282127857208252
gpu_seed1103_ckpt150_optimizer_reset,1103,150,optimizer_reset,94,12.524358749389648,0.07353092482657,0.11877687772115086,1.9709508078289097,0.00025,0.00025,2.749048391977946,2.8678252696990967,7.973886966705322,29.257859766483307,29.65208026766777,0.048338696360588074,0.1032339558005333,0.10571794956922531,0.18211650848388672,1.570671719035282,0.14894779833436977,0.46797233249230796,0.028767574578523636,0.35820290446281433,2.6074395179748535,170.25164794921875,170.4766845703125,2.9290850162506104,2.863365411758423,244,94,0.9999999999931581,0.2166080091617495,0.9999500200419471,0.0897600485859269,244,244,0,0.01,2.111642599105835,2.3167386054992676,2.5392372608184814,1.2024938604158235,0.3453088402748108,9.407785415649414,0.5995078086853027,9.10543155670166,0.9678613142636342,0.5280936360359192
gpu_seed1103_ckpt150_optimizer_reset,1103,150,optimizer_reset,95,12.529145240783691,0.07355902647599741,0.15887053807576512,2.662671690461824,0.00025,0.00025,2.738508939743042,2.897379477818807,8.021801862865686,29.359425015747547,29.756310656666756,0.04791489616036415,0.10156524926424026,0.10423038899898529,0.17953017354011536,1.5618866502776287,0.1490864652715114,0.4681406975106638,0.029285304248332977,0.36241012811660767,2.6256463527679443,170.25111389160156,170.4759063720703,2.8564445972442627,3.129537343978882,245,95,0.9999999999938424,0.21739140115258782,0.9999550180377524,0.09067028853734094,245,245,0,0.01,1.975803256034851,2.1291112899780273,2.2419605255126953,1.1347083869123935,0.40536800026893616,9.398710250854492,0.6015535593032837,9.095663070678711,0.9677565142356424,0.5276543498039246
gpu_seed1103_ckpt150_optimizer_reset,1103,150,optimizer_reset,96,12.533782005310059,0.07358624907402811,0.15544374783833836,2.614528764558516,0.00025,0.00025,2.7438267866770425,2.899270534515381,8.067246846854687,29.45690906047821,29.856261879205704,0.04544498398900032,0.0974840447306633,0.09995122253894806,0.17811302840709686,1.553662884407121,0.14917566853593708,0.4683296868393026,0.03014892339706421,0.3306017220020294,2.6211044788360596,170.25059509277344,170.4751739501953,2.6661901473999023,2.9236719608306885,246,96,0.9999999999944581,0.2181740097514352,0.9999595162339772,0.09157961824880367,246,246,0,0.01,1.8436933755874634,1.9510812759399414,2.036015748977661,1.1043136434374903,0.4254096746444702,9.389610290527344,0.6021513938903809,9.086289405822754,0.9676961156724938,0.5276562571525574
gpu_seed1103_ckpt150_optimizer_reset,1103,150,optimizer_reset,97,12.538629531860352,0.07361470906287837,0.13579702377319336,2.2653098515032273,0.00025,0.00025,2.7456387678782144,2.8814357916514077,8.113785956054926,29.556525118649006,29.957799054682255,0.04653910920023918,0.09961605817079544,0.10153717547655106,0.19191454350948334,1.5453488174040175,0.1492475465648235,0.46879237249663186,0.029554681852459908,0.3181767463684082,2.6132075786590576,170.25010681152344,170.4744415283203,2.877439022064209,3.159712553024292,247,97,0.9999999999950123,0.21895583574168376,0.9999635646105794,0.09248803863055488,247,247,0,0.01,1.9696955680847168,2.1586785316467285,2.1950671672821045,1.1144195087037836,0.43759703636169434,9.380640029907227,0.6044501662254333,9.076421737670898,0.9675695590847329,0.5273556113243103
gpu_seed1103_ckpt150_optimizer_reset,1103,150,optimizer_reset,98,12.543001174926758,0.07364037512404101,0.12660606702168797,2.112516944306046,0.00025,0.00025,2.750584125518799,2.877190192540487,8.159504283219576,29.65743627399206,30.06132098287344,0.04571832716464996,0.10091115534305573,0.103521928191185,0.1686832308769226,1.5372258827929686,0.14932115242570898,0.4695345513196987,0.03089084103703499,0.30195388197898865,2.5910897254943848,170.24960327148438,170.47366333007812,3.264521360397339,3.4958553314208984,248,98,0.999999999995511,0.21973687990594204,0.9999672081495214,0.09339555059192428,248,248,0,0.01,1.8676245212554932,2.0139050483703613,2.2282488346099854,1.1930925136444839,0.3428066074848175,9.371954917907715,0.6052858829498291,9.06745719909668,0.9675096901895915,0.5271852016448975
gpu_seed1103_ckpt150_optimizer_reset,1103,150,optimizer_reset,99,12.547237396240234,0.07366524611960915,0.12309145927429199,2.1085358917306927,0.00025,0.00025,2.7786444822947183,2.9017359415690103,8.208410456776619,29.757679663598537,30.165678210556507,0.048906173557043076,0.10024338960647583,0.10435722768306732,0.1580941379070282,1.5285830871042858,0.14939123955055852,0.47030411999589655,0.030622947961091995,0.31840333342552185,2.597365379333496,170.2490997314453,170.4728546142578,2.731001853942871,2.929407835006714,249,99,0.99999999999596,0.2205171430260361,0.9999704873345694,0.09430215504133233,249,249,0,0.01,2.1630284786224365,2.0206966400146484,2.4431657791137695,1.1295116098834788,0.31948769092559814,9.362998008728027,0.6054367423057556,9.058528900146484,0.9674816647083884,0.5270460247993469
gpu_seed1103_ckpt150_optimizer_reset,1103,150,optimizer_reset,100,12.551761627197266,0.07369180802932894,0.07258645693461085,1.2596789612456725,0.00025,0.00025,2.8173210620880127,2.8899075190226235,8.256882101297379,29.855743661522865,30.268195681273937,0.04847164452075958,0.09806399792432785,0.10251747071743011,0.15317872166633606,1.5201575453310063,0.14946425013340597,0.47099908895672343,0.03008684143424034,0.32590675354003906,2.6256210803985596,170.24859619140625,170.4720001220703,3.095897674560547,3.0872037410736084,250,100,0.999999999996364,0.22129662588301013,0.9999734386011124,0.09520785288629108,250,250,1,0.01,2.1101253032684326,1.89168381690979,2.4028561115264893,1.1387267418685985,0.28275975584983826,9.35415267944336,0.6062977910041809,9.049449920654297,0.9674259369894995,0.5267860889434814
gpu_seed1103_ckpt300_optimizer_reset,1103,300,optimizer_reset,1,0.45157554745674133,0.0026528576655484772,0.779257376988729,17.794313615329038,0.000125,0.000125,2.713489214579264,3.492746591567993,0.024280330166220665,0.45641252398490906,0.4515755772590637,0.024280330166220665,0.45641252398490906,0.4515755772590637,0.22475580871105194,18.598410497167986,0.009440477269227157,0.04596934831095214,0.09575740247964859,1.0219072103500366,1.1558328866958618,170.22206115722656,170.22227478027344,3.0284109115600586,3.0284109115600586,301,1,0.9999999999999831,0.2600336748760569,0.09999999999999998,0.0010000000000000009,301,301,0,0.01,1.751328468322754,1.0285348892211914,1.7733904123306274,1.0125972622531452,0.2720593512058258,8.917399406433105,0.0010230059269815683,8.91706371307373,0.9999623552400116,0.32815685868263245
gpu_seed1103_ckpt300_optimizer_reset,1103,300,optimizer_reset,2,0.6351521611213684,0.003731309830459576,0.3921386400858564,7.156317183905598,0.000125,0.000125,2.701666990915934,3.0938056310017905,0.048106566071510315,0.7703367173671722,0.7595650255680084,0.02382623590528965,0.3139241933822632,0.3079894483089447,0.2846792936325073,13.203024305746807,0.01126105085645264,0.051977400545934756,0.06598242372274399,0.6898378133773804,1.2115558385849,170.22177124023438,170.2220916748047,2.6980762481689453,3.6625821590423584,302,2,0.9999999999999848,0.26077364120118074,0.18999999999999995,0.001998999999999973,302,302,0,0.01,1.6790066957473755,1.9770469665527344,2.0026018619537354,1.1927301225330285,0.40930646657943726,8.90937614440918,0.011743871495127678,8.906617164611816,0.9996903285085685,0.23549982905387878
gpu_seed1103_ckpt300_optimizer_reset,1103,300,optimizer_reset,3,0.784851610660553,0.004610744809778195,0.17574890454610204,2.7810343976619905,0.000125,0.000125,2.672360817591349,2.848109722137451,0.07207627035677433,1.0279090106487274,1.0121378302574158,0.023969704285264015,0.2575722932815552,0.25257280468940735,0.25308114290237427,10.889181789855153,0.012592554221469788,0.054806507231360546,0.0528513565659523,0.5168011784553528,1.2348047494888306,170.22149658203125,170.2220916748047,2.425478458404541,2.9014391899108887,303,3,0.9999999999999863,0.2615128675599796,0.2709999999999999,0.002997000999999999,303,303,0,0.01,1.7782847881317139,2.410950183868408,2.612513780593872,1.4691200183617041,0.2507079541683197,8.900854110717773,0.01368659920990467,8.896659851074219,0.9995287800931931,0.3071555495262146
gpu_seed1103_ckpt300_optimizer_reset,1103,300,optimizer_reset,4,0.9132614135742188,0.005365110124529256,0.13237055142720555,1.9604178267272214,0.000125,0.000125,2.628392457962036,2.7607630093892417,0.09816944971680641,1.2487448006868362,1.2285988479852676,0.02609317936003208,0.22083579003810883,0.21646101772785187,0.22507742047309875,9.302908554539522,0.013738409924085858,0.05708306389389212,0.04696761444211006,0.5602618455886841,1.2924007177352905,170.22117614746094,170.22207641601562,2.9978833198547363,3.213624954223633,304,4,0.9999999999999877,0.26225135469241967,0.3439,0.003994003998999962,304,304,0,0.01,1.959065318107605,2.179227828979492,2.8563387393951416,1.4580109774761447,0.05016128718852997,8.892335891723633,0.019347820430994034,8.88585090637207,0.9992707219529801,0.3361463248729706
gpu_seed1103_ckpt300_optimizer_reset,1103,300,optimizer_reset,5,1.0269196033477783,0.006032814568871506,0.26065707206726074,3.9763696436038565,0.000125,0.000125,2.591761032740275,2.8524181048075357,0.1253178734332323,1.4456190913915634,1.4207851588726044,0.027148423716425896,0.19687429070472717,0.19218631088733673,0.23957307636737823,8.194518269468663,0.014789696186087579,0.05928660705837058,0.04091217741370201,0.5894594192504883,1.3360028266906738,170.2208709716797,170.22190856933594,3.233119249343872,3.5938796997070312,305,5,0.9999999999999889,0.2629891033377272,0.40950999999999993,0.004990009995000988,305,305,0,0.01,2.1133432388305664,2.3147501945495605,2.8781440258026123,1.3618914206259707,0.1574632227420807,8.884520530700684,0.024015597999095917,8.876517295837402,0.9990991933850988,0.3344482481479645
gpu_seed1103_ckpt300_optimizer_reset,1103,300,optimizer_reset,6,1.1267633438110352,0.006619363671755242,0.3688387076059976,5.795141610059368,0.000125,0.000125,2.5643343925476074,2.933173100153605,0.1544744409620762,1.622998520731926,1.593288704752922,0.02915656752884388,0.17737942934036255,0.1725035458803177,0.2471199482679367,7.294173306510712,0.015688563642546106,0.06092364823762969,0.03612741455435753,0.5984467267990112,1.3807162046432495,170.22055053710938,170.22169494628906,2.657413959503174,3.1427414417266846,306,6,0.99999999999999,0.2637261142343895,0.46855899999999995,0.0059850199850060015,306,306,0,0.01,2.388913869857788,2.294358015060425,2.8678061962127686,1.2004644589309903,0.25056228041648865,8.876115798950195,0.024580102413892746,8.86745834350586,0.9990246346891555,0.35343557596206665
gpu_seed1103_ckpt300_optimizer_reset,1103,300,optimizer_reset,7,1.217083215713501,0.007149963182462287,0.337235689163208,5.124071574232518,0.000125,0.000125,2.547570546468099,2.884806235631307,0.1834257747977972,1.7876887619495392,1.7526834309101105,0.028951333835721016,0.16469024121761322,0.15939472615718842,0.26786717772483826,6.63529003515749,0.01639727032827106,0.062050663918058906,0.03335471451282501,0.5998539328575134,1.405704140663147,170.22024536132812,170.22142028808594,2.7699215412139893,3.4317102432250977,307,7,0.999999999999991,0.2644623881201551,0.5217030999999999,0.006979034965020947,307,307,0,0.01,2.524585008621216,2.2944891452789307,2.8423430919647217,1.125865471852707,0.30722618103027344,8.867754936218262,0.02695462666451931,8.857439994812012,0.9988368035109856,0.38396668434143066
gpu_seed1103_ckpt300_optimizer_reset,1103,300,optimizer_reset,8,1.2998074293136597,0.007635940701421445,0.30930542945861816,4.607021209360163,0.000125,0.000125,2.5423717498779297,2.851677179336548,0.2117564082145691,1.9428250193595886,1.9025272279977798,0.02833063341677189,0.15513625741004944,0.14984379708766937,0.27493342757225037,6.138220043808304,0.016978933707254694,0.06269035572537504,0.03183901682496071,0.6626233458518982,1.4171514511108398,170.21990966796875,170.22109985351562,2.691180944442749,3.234875440597534,308,8,0.9999999999999919,0.26519792573203493,0.5695327899999999,0.00797205593005601,308,308,0,0.01,2.4684646129608154,2.323657274246216,2.9188082218170166,1.182438754232272,0.2591812312602997,8.85910415649414,0.028928633779287338,8.847794532775879,0.9987233896882259,0.39233726263046265
gpu_seed1103_ckpt300_optimizer_reset,1103,300,optimizer_reset,9,1.3749784231185913,0.008077545540889448,0.14634569485982274,1.9966459238060636,0.000125,0.000125,2.5391873518625894,2.685533046722412,0.23825529031455517,2.089624360203743,2.044347330927849,0.026498882099986076,0.14679934084415436,0.14182010293006897,0.27497243881225586,5.771029979218984,0.017450124029119374,0.06247974050680268,0.030749676749110222,0.5690145492553711,1.4111768007278442,170.21963500976562,170.22079467773438,2.5449957847595215,2.9886839389801025,309,9,0.9999999999999928,0.26593272780630295,0.6125795109999999,0.00896408387412595,309,309,0,0.01,2.2312517166137695,2.4154036045074463,3.065596342086792,1.373935678910258,0.13125641644001007,8.850648880004883,0.031933799386024475,8.838042259216309,0.9985756275092944,0.3963063657283783
gpu_seed1103_ckpt300_optimizer_reset,1103,300,optimizer_reset,10,1.443681240081787,0.008481151970980856,0.07081103324890137,0.9330000801181981,0.000125,0.000125,2.542776028315226,2.6135870615641275,0.26543998159468174,2.2362217009067535,2.185282602906227,0.02718469128012657,0.14659734070301056,0.1409352719783783,0.2969779670238495,5.438823614299382,0.01792683870067455,0.062470274307684065,0.030909979715943336,0.5613473057746887,1.4211363792419434,170.21932983398438,170.22047424316406,2.907620668411255,3.1907269954681396,310,10,0.9999999999999934,0.26666679507849655,0.6513215599,0.009955119790251765,310,310,0,0.01,2.3559155464172363,2.5682029724121094,3.0911784172058105,1.3120922020763497,0.21408429741859436,8.84237003326416,0.032759055495262146,8.829073905944824,0.9984963163416238,0.4074234068393707
gpu_seed1103_ckpt300_optimizer_reset,1103,300,optimizer_reset,11,1.5087372064590454,0.008863334354561105,0.028362592061360825,0.36868125143477926,0.000125,0.000125,2.5506465435028076,2.5790091355641684,0.2913630362600088,2.3710000663995743,2.3149046450853348,0.025923054665327072,0.13477836549282074,0.12962204217910767,0.29127347469329834,5.1782038855041606,0.01836075604541219,0.0622323288237184,0.028325172141194344,0.5765580534934998,1.441023588180542,170.2190399169922,170.22023010253906,2.5307776927948,2.8523032665252686,311,11,0.9999999999999941,0.2674001282834181,0.6861894039099999,0.010945164670461582,311,311,0,0.01,2.0306131839752197,2.3011701107025146,2.788839817047119,1.3733978677249536,0.1756070852279663,8.83407211303711,0.03422129526734352,8.819366455078125,0.9983353477567519,0.4313109517097473
gpu_seed1103_ckpt300_optimizer_reset,1103,300,optimizer_reset,12,1.5686159133911133,0.009215102043450602,0.007059812545776367,0.0908084619872973,0.000125,0.000125,2.557861804962158,2.550801992416382,0.31718623638153076,2.501462996006012,2.439805895090103,0.02582320012152195,0.13046292960643768,0.12490125000476837,0.3097524046897888,4.945409773390488,0.01864101971441301,0.06140737994346182,0.026645461097359657,0.5340331792831421,1.4215075969696045,170.2187957763672,170.21987915039062,3.0470407009124756,3.615462064743042,312,12,0.9999999999999947,0.26813272815513467,0.7175704635189999,0.0119342195057911,312,312,0,0.01,1.9382537603378296,2.3116226196289062,2.584991455078125,1.333670290223628,0.2698627710342407,8.825460433959961,0.03520551696419716,8.8102388381958,0.9982752632705046,0.43396660685539246
gpu_seed1103_ckpt300_optimizer_reset,1103,300,optimizer_reset,13,1.623094081878662,0.009535143347040186,0.023855606714884292,0.3029622961349805,0.000125,0.000125,2.5534931818644204,2.529637575149536,0.3433808218687773,2.631847396492958,2.5636155754327774,0.026194585487246513,0.1303844004869461,0.12380968034267426,0.3451179265975952,4.726804697596651,0.01885586955175281,0.06031746264330848,0.027508435770869255,0.4912882447242737,1.3975417613983154,170.21852111816406,170.219482421875,3.093257188796997,3.4517884254455566,313,13,0.9999999999999952,0.2688645954269795,0.7458134171670999,0.012922285286285251,313,313,0,0.01,1.8663712739944458,2.438868522644043,2.4510021209716797,1.3132446663330184,0.37611326575279236,8.817097663879395,0.036689672619104385,8.801102638244629,0.9981859080793343,0.43764063715934753
gpu_seed1103_ckpt300_optimizer_reset,1103,300,optimizer_reset,14,1.6753965616226196,0.009842403195580243,0.0880873998006182,1.1813728170769657,0.000125,0.000125,2.5517359574635825,2.6398233572642007,0.37184267304837704,2.760977879166603,2.6849769204854965,0.028461851179599762,0.12913048267364502,0.12136134505271912,0.37496086955070496,4.5056597401346234,0.019113855504533216,0.059719190914196245,0.028618911281228065,0.4899124503135681,1.3872870206832886,170.2182159423828,170.21902465820312,2.774235486984253,2.905961275100708,314,14,0.9999999999999957,0.2695957308315525,0.7712320754503899,0.013909363000998987,314,314,0,0.01,2.1340956687927246,2.5388548374176025,2.400308132171631,1.1247425161255211,0.4834362864494324,8.808883666992188,0.03799120709300041,8.792031288146973,0.9980868882501694,0.4453279376029968
gpu_seed1103_ckpt300_optimizer_reset,1103,300,optimizer_reset,15,1.7246454954147339,0.010131724466996107,0.18041300773620605,2.540926062838274,0.000125,0.000125,2.5534728368123374,2.7338858445485434,0.40009190887212753,2.886496379971504,2.8033589497208595,0.028249235823750496,0.12551850080490112,0.118382029235363,0.3579734265804291,4.310623277217119,0.019378778302963154,0.059352050051286416,0.02927405573427677,0.4405350089073181,1.3898683786392212,170.21795654296875,170.21864318847656,2.8180205821990967,3.158961057662964,315,15,0.9999999999999961,0.270326135100721,0.794108867905351,0.014895453637998046,315,315,0,0.01,2.018030881881714,2.335819721221924,2.345576524734497,1.1623095294489254,0.42712992429733276,8.800374031066895,0.03873299062252045,8.783037185668945,0.9980299876644169,0.4493730366230011
gpu_seed1103_ckpt300_optimizer_reset,1103,300,optimizer_reset,16,1.7718760967254639,0.010409188699595276,0.17646360397338867,2.4993785380347084,0.000125,0.000125,2.5611538092295327,2.7376174132029214,0.42836774699389935,3.0072808414697647,2.9179436042904854,0.028275838121771812,0.1207844614982605,0.11458465456962585,0.33068540692329407,4.136343385223543,0.01966509850202235,0.05912520741861753,0.027722958475351334,0.3752647042274475,1.4001119136810303,170.21766662597656,170.2183380126953,2.5696558952331543,2.85640025138855,316,16,0.9999999999999966,0.2710558089656203,0.8146979811148158,0.015880558184360072,316,316,0,0.01,1.9533849954605103,2.1871790885925293,2.4780633449554443,1.268599559591668,0.2877383828163147,8.791803359985352,0.039590924978256226,8.773906707763672,0.9979643934822141,0.4538591504096985
gpu_seed1103_ckpt300_optimizer_reset,1103,300,optimizer_reset,17,1.8161484003067017,0.010669273907017246,0.14569783210754395,2.0538660913779836,0.000125,0.000125,2.5722111066182456,2.7179089387257895,0.4570191316306591,3.127868101000786,3.0316786393523216,0.028651384636759758,0.12058725953102112,0.11373503506183624,0.35116294026374817,3.9739001599837875,0.019978147296146727,0.059053953074124026,0.028025919571518898,0.33035507798194885,1.4148197174072266,170.21739196777344,170.21800231933594,2.8951616287231445,3.176095962524414,317,17,0.9999999999999969,0.2717847531566546,0.8332281830033342,0.016864677626175606,317,317,0,0.01,1.9826253652572632,2.2987380027770996,2.3703198432922363,1.1955460092600352,0.3945753276348114,8.783415794372559,0.04157796502113342,8.764678001403809,0.9978666849653465,0.452549010515213
gpu_seed1103_ckpt300_optimizer_reset,1103,300,optimizer_reset,18,1.8590197563171387,0.010921129008705718,0.1375035444895425,1.950134920265441,0.000125,0.000125,2.5824646949768066,2.719968239466349,0.4841641541570425,3.2456746846437454,3.1435877978801727,0.0271450225263834,0.1178065836429596,0.1119091585278511,0.32702842354774475,3.8396476491531244,0.02031475324152211,0.059616225099001864,0.027531439438462257,0.3539128303527832,1.4281423091888428,170.2171173095703,170.21766662597656,2.8751015663146973,3.0062434673309326,318,18,0.9999999999999972,0.27251296840349803,0.8499053647030008,0.017847812948549535,318,318,0,0.01,1.8794022798538208,2.311502456665039,2.4659814834594727,1.3121094455892452,0.32159021496772766,8.775147438049316,0.04247378557920456,8.756082534790039,0.9978273979560036,0.45081621408462524
gpu_seed1103_ckpt300_optimizer_reset,1103,300,optimizer_reset,19,1.8994860649108887,0.011158855248653784,0.10556999842325832,1.4735857367351706,0.000125,0.000125,2.5828304290771484,2.6884004275004068,0.510427163913846,3.3641917631030083,3.256188355386257,0.026263009756803513,0.11851707845926285,0.11260055750608444,0.3304550051689148,3.7213655526134537,0.02062569133337645,0.06044571541633475,0.0276557095348835,0.4030707776546478,1.4300819635391235,170.21681213378906,170.21726989746094,2.832251787185669,3.1717495918273926,319,19,0.9999999999999974,0.27324045543509456,0.8649148282327007,0.01882996513560098,319,319,0,0.01,1.822753667831421,2.442540407180786,2.463834524154663,1.3517100898689187,0.3613933324813843,8.766961097717285,0.04346456751227379,8.747316360473633,0.9977592307042671,0.453947514295578
gpu_seed1103_ckpt300_optimizer_reset,1103,300,optimizer_reset,20,1.9383569955825806,0.011387209168568545,0.07200455665588379,0.9776714454840878,0.000125,0.000125,2.5722259680430093,2.644230524698893,0.5358004905283451,3.4786801859736443,3.3647841811180115,0.025373326614499092,0.11448842287063599,0.1085958257317543,0.3370714485645294,3.6176842497243276,0.020891771039343542,0.06079797754869778,0.025881851091980934,0.45353490114212036,1.4061580896377563,170.21649169921875,170.21681213378906,2.8427138328552246,3.4144599437713623,320,20,0.9999999999999977,0.2739672149796595,0.8784233454094307,0.01981113517046529,320,320,0,0.01,1.8786978721618652,2.2722017765045166,2.3782999515533447,1.2659299756460087,0.35561642050743103,8.758781433105469,0.044167134910821915,8.738751411437988,0.9977131497319055,0.4555100202560425
gpu_seed1103_ckpt300_optimizer_reset,1103,300,optimizer_reset,21,1.9761744737625122,0.011609374401930642,0.06252543131510402,0.8373150518763346,0.000125,0.000125,2.563201427459717,2.625726858774821,0.5619942061603069,3.5920723602175713,3.471731550991535,0.026193715631961823,0.113392174243927,0.10694736987352371,0.3545524477958679,3.516360937705644,0.021153583725157143,0.061109191582494816,0.02437852881848812,0.4556516706943512,1.3806344270706177,170.21620178222656,170.21633911132812,2.672680616378784,2.9798660278320312,321,21,0.999999999999998,0.27469324776467974,0.8905810108684876,0.020791324035294823,321,321,0,0.01,2.0180797576904297,2.2849366664886475,2.329336404800415,1.1542340662814266,0.41939032077789307,8.750518798828125,0.045885924249887466,8.72984790802002,0.9976377525396698,0.4525927007198334
gpu_seed1103_ckpt300_optimizer_reset,1103,300,optimizer_reset,22,2.0132620334625244,0.01182725160454,0.01589910189310695,0.2048677202495508,0.000125,0.000125,2.5481417973836265,2.5640408992767334,0.5891063418239355,3.706680439412594,3.5791049525141716,0.027112135663628578,0.11460807919502258,0.10737340152263641,0.376702219247818,3.4174849098141347,0.0214321406396108,0.06143768059601963,0.023601822555065155,0.4107283055782318,1.3674339056015015,170.21591186523438,170.21591186523438,2.7376229763031006,2.9348556995391846,322,22,0.9999999999999981,0.2754185545169151,0.9015229097816388,0.021770532711259616,322,322,0,0.01,2.128535747528076,2.5027236938476562,2.4819655418395996,1.166043626338343,0.43495577573776245,8.74244213104248,0.0486585833132267,8.720243453979492,0.997460815098202,0.45841437578201294
gpu_seed1103_ckpt300_optimizer_reset,1103,300,optimizer_reset,23,2.0495381355285645,0.012040361760712335,0.021042823791503906,0.2708708775672193,0.000125,0.000125,2.5445427894592285,2.5655856132507324,0.6171830631792545,3.8194871842861176,3.68391877412796,0.028076721355319023,0.11280674487352371,0.1048138216137886,0.39904212951660156,3.3207945224024664,0.0217231005590944,0.06195718771344303,0.023185262456536293,0.4089086353778839,1.375992774963379,170.2156219482422,170.21546936035156,2.69537091255188,2.92224383354187,323,23,0.9999999999999983,0.27614313596239815,0.9113706188034749,0.022748762178548265,323,323,0,0.01,2.063826560974121,2.4351701736450195,2.3105030059814453,1.1195238251463213,0.4826136529445648,8.733986854553223,0.04941553249955177,8.711402893066406,0.9974142437052055,0.45927077531814575
gpu_seed1103_ckpt300_optimizer_reset,1103,300,optimizer_reset,24,2.084848642349243,0.012247799362728667,0.0743405818939209,0.9844242887860339,0.000125,0.000125,2.545999447504679,2.6203400293986,0.6457020100206137,3.9284454360604286,3.7847253903746605,0.02851894684135914,0.10895825177431107,0.10080661624670029,0.40601083636283875,3.228809280428687,0.02203147016886947,0.06289653541283681,0.021848713979125023,0.4209466874599457,1.388343095779419,170.21530151367188,170.21505737304688,3.0396759510040283,3.1336171627044678,324,24,0.9999999999999986,0.2768669928264358,0.9202335569231275,0.023726013416369818,324,324,0,0.01,2.0784189701080322,2.3009109497070312,2.2022905349731445,1.0595989387344815,0.4980841875076294,8.725549697875977,0.05124030262231827,8.702213287353516,0.9973255082680763,0.45776304602622986
gpu_seed1103_ckpt300_optimizer_reset,1103,300,optimizer_reset,25,2.1187143325805664,0.012446749142970837,0.08686765034993504,1.1643554684675728,0.000125,0.000125,2.5517890453338623,2.6386566956837973,0.6734378766268492,4.034462541341782,3.8835242465138435,0.027735866606235504,0.106017105281353,0.09879885613918304,0.38219839334487915,3.146116971011116,0.022284893843235905,0.06350682370737518,0.021958453580737114,0.3772677183151245,1.3731598854064941,170.2149658203125,170.214599609375,2.9850656986236572,3.327634811401367,325,25,0.9999999999999987,0.2775901258336093,0.9282102012308147,0.024702287402953438,325,325,1,0.01,1.9425928592681885,2.254431962966919,2.2782821655273438,1.1728047669157204,0.41849619150161743,8.717257499694824,0.05352526903152466,8.693106651306152,0.9972295359646638,0.4536401629447937
gpu_seed1103_ckpt300_optimizer_reset,1103,300,optimizer_reset,26,2.151435136795044,0.012638973094803841,0.08282693227132176,1.1118922942325007,0.000125,0.000125,2.555366039276123,2.638192971547445,0.7004038132727146,4.138177081942558,3.980840355157852,0.02696593664586544,0.10371454060077667,0.09731610864400864,0.35995960235595703,3.0717067726104355,0.02254163589150639,0.06412662803733198,0.0211840458214283,0.3466556668281555,1.361161470413208,170.21469116210938,170.21424865722656,2.7014315128326416,2.914494037628174,326,26,0.9999999999999988,0.2783125357077757,0.9353891811077333,0.025677585115550405,326,326,0,0.01,1.8906450271606445,2.2879300117492676,2.390192747116089,1.2642207885551084,0.3578803837299347,8.70936393737793,0.05440173298120499,8.68472671508789,0.9971711800691552,0.4553515315055847
gpu_seed1103_ckpt300_optimizer_reset,1103,300,optimizer_reset,27,2.1829490661621094,0.012824107054257175,0.09391331672668457,1.2689879091050642,0.000125,0.000125,2.556278626124064,2.6501919428507485,0.7266595624387264,4.241548277437687,4.077991642057896,0.02625574916601181,0.10337119549512863,0.09715128690004349,0.3567672073841095,3.004087717270185,0.02278950557612371,0.06469094098148986,0.020592259243130684,0.34918442368507385,1.352670669555664,170.21441650390625,170.2139129638672,2.524935483932495,2.8515994548797607,327,27,0.9999999999999989,0.27903422317206794,0.94185026299696,0.026651907530434893,327,327,0,0.01,1.8418933153152466,2.4997878074645996,2.5111873149871826,1.363372837126574,0.36220675706863403,8.700945854187012,0.05613630637526512,8.674871444702148,0.9970032672398125,0.46702030301094055
gpu_seed1103_ckpt300_optimizer_reset,1103,300,optimizer_reset,28,2.213829517364502,0.01300551953805804,0.14130711555480957,1.9510063568010239,0.000125,0.000125,2.5536795457204184,2.694986661275228,0.7516995090991259,4.341469094157219,4.17174718528986,0.025039946660399437,0.09992081671953201,0.09375554323196411,0.3639203906059265,2.9450990596158837,0.02304694420773665,0.06519718134497962,0.020183447748422623,0.3701614737510681,1.3593486547470093,170.214111328125,170.213623046875,2.4715487957000732,2.6572275161743164,328,28,0.999999999999999,0.27975518894889584,0.9476652366972639,0.02762525562290441,328,328,0,0.01,1.7104904651641846,2.4192705154418945,2.3493974208831787,1.3735226642472362,0.3937734067440033,8.69257640838623,0.05731251463294029,8.665719032287598,0.9969103088845191,0.47119295597076416
gpu_seed1103_ckpt300_optimizer_reset,1103,300,optimizer_reset,29,2.242889404296875,0.013176236806171195,0.15112503369649266,2.0881198552510725,0.000125,0.000125,2.549397865931193,2.7005228996276855,0.7776232846081257,4.441432893276215,4.265537992119789,0.025923775508999825,0.09996379911899567,0.09379080682992935,0.36043423414230347,2.8842878662311007,0.02324342971280124,0.06501691415261124,0.019970878958702087,0.36904996633529663,1.3620325326919556,170.21383666992188,170.21322631835938,2.703983783721924,3.012531042098999,329,29,0.9999999999999991,0.280475433759947,0.9528987130275375,0.02859763036728158,329,329,0,0.01,1.8481779098510742,2.3535425662994385,2.268186092376709,1.2272552768246492,0.43798404932022095,8.684229850769043,0.05884239822626114,8.656505584716797,0.996807515861549,0.47377756237983704
gpu_seed1103_ckpt300_optimizer_reset,1103,300,optimizer_reset,30,2.2707436084747314,0.013339871085057959,0.1625831127166748,2.253732277445108,0.000125,0.000125,2.54676087697347,2.709343989690145,0.8025355730205774,4.546906717121601,4.364767588675022,0.024912288412451744,0.1054738238453865,0.099229596555233,0.3613261878490448,2.829461627383437,0.023380116687258038,0.06457398769774994,0.021861573681235313,0.3717390298843384,1.3530418872833252,170.21356201171875,170.2129364013672,2.431044816970825,2.831477642059326,330,30,0.9999999999999992,0.281194958326187,0.9576088417247838,0.029569032736914247,330,330,0,0.01,1.7529540061950684,2.650621175765991,2.4320430755615234,1.3873969693244186,0.4502184987068176,8.675869941711426,0.06073572486639023,8.647400856018066,0.9967185900796548,0.47148770093917847
gpu_seed1103_ckpt300_optimizer_reset,1103,300,optimizer_reset,31,2.2983152866363525,0.013501845616617594,0.208719571431478,2.9674492831297563,0.000125,0.000125,2.5482921600341797,2.7570117314656577,0.8273417130112648,4.649333119392395,4.461036145687103,0.02480613999068737,0.10242640227079391,0.09626855701208115,0.3618694245815277,2.7779516619178146,0.023522959979678695,0.06406670737899614,0.021550536155700684,0.4183405339717865,1.3603557348251343,170.2133026123047,170.2126007080078,2.4806947708129883,2.730349540710449,331,31,0.9999999999999993,0.2819137633678609,0.9618479575523053,0.030539463704177372,331,331,0,0.01,1.7364099025726318,2.465430736541748,2.313478946685791,1.3323345733382723,0.4369639754295349,8.667369842529297,0.06165298819541931,8.638261795043945,0.9966416516180583,0.47491317987442017
gpu_seed1103_ckpt300_optimizer_reset,1103,300,optimizer_reset,32,2.325305461883545,0.013660404010007728,0.19459406534830714,2.75051427488299,0.000125,0.000125,2.549753189086914,2.744347254435221,0.851360734552145,4.745270103216171,4.551799722015858,0.024019021540880203,0.09593698382377625,0.09076357632875443,0.33476218581199646,2.7312810745306826,0.023660434431291066,0.06362627971351557,0.020408054813742638,0.43744713068008423,1.3798362016677856,170.2130584716797,170.2122802734375,2.4152262210845947,2.6617841720581055,332,32,0.9999999999999993,0.28263184960449306,0.9656631617970749,0.031508924240473246,332,332,0,0.01,1.6949396133422852,2.125258445739746,2.2776970863342285,1.343821967699161,0.30559784173965454,8.658974647521973,0.06353045254945755,8.628861427307129,0.9965223110770444,0.47684794664382935
gpu_seed1103_ckpt300_optimizer_reset,1103,300,optimizer_reset,33,2.351459264755249,0.013814048991057306,0.16621947288513184,2.3257947706665565,0.000125,0.000125,2.5542473793029785,2.7204668521881104,0.8763200007379055,4.8418145552277565,4.642737597227097,0.024959266185760498,0.09654445201158524,0.09093787521123886,0.34736940264701843,2.683334013570977,0.02380017855255012,0.06447503155985324,0.02060059644281864,0.45164719223976135,1.4048110246658325,170.21279907226562,170.2119140625,2.66276478767395,2.9296438694000244,333,33,0.9999999999999994,0.2833492177548885,0.9690968456173674,0.032477415316232716,333,333,0,0.01,1.9338963031768799,2.410181999206543,2.4493117332458496,1.2665165806568903,0.3807951807975769,8.6508207321167,0.06559908390045166,8.619478225708008,0.9963769326194303,0.48070472478866577
gpu_seed1103_ckpt300_optimizer_reset,1103,300,optimizer_reset,34,2.3769328594207764,0.01396369797284588,0.13147195180257176,1.8178049384554704,0.000125,0.000125,2.5601353645324707,2.6916073163350425,0.9007444009184837,4.93831055611372,4.733057722449303,0.024424400180578232,0.09649600088596344,0.09032012522220612,0.3713218867778778,2.6388538824048124,0.023947999810046763,0.0652880507563985,0.019903993234038353,0.4551604688167572,1.4276715517044067,170.21250915527344,170.2115936279297,2.9375500679016113,3.208155870437622,334,34,0.9999999999999994,0.28406586853713367,0.9721871610556306,0.033444937900916516,334,334,0,0.01,1.7993437051773071,2.3163459300994873,2.40024471282959,1.3339556561217056,0.34092944860458374,8.642400741577148,0.06687755882740021,8.610398292541504,0.9962970417603199,0.48149529099464417
gpu_seed1103_ckpt300_optimizer_reset,1103,300,optimizer_reset,35,2.402336359024048,0.014112935169221649,0.08363000551859523,1.1312499746426496,0.000125,0.000125,2.5625696976979575,2.6461997032165527,0.9262861032038927,5.036486841738224,4.82335264980793,0.025541702285408974,0.09817628562450409,0.09029492735862732,0.4262634813785553,2.593514412784681,0.02411103176351604,0.06608554661115132,0.019820667803287506,0.46696555614471436,1.4499194622039795,170.2122802734375,170.21128845214844,2.7431650161743164,3.0056967735290527,335,35,0.9999999999999996,0.28478180266859654,0.9749684449500675,0.0344114929630156,335,335,0,0.01,1.8598726987838745,2.4793784618377686,2.4215171337127686,1.301980041588243,0.40581560134887695,8.633938789367676,0.06871569901704788,8.601103782653809,0.9961969840746036,0.48090896010398865
gpu_seed1103_ckpt300_optimizer_reset,1103,300,optimizer_reset,36,2.427375555038452,0.014260032201955349,0.0698619683583579,0.935086909443509,0.000125,0.000125,2.5589837233225503,2.628845691680908,0.9559020008891821,5.140269033610821,4.916529014706612,0.029615897685289383,0.10378219187259674,0.09317636489868164,0.48249703645706177,2.5393560770643466,0.024301336297337467,0.06683197232121467,0.0193388182669878,0.48674508929252625,1.459928274154663,170.21206665039062,170.2110137939453,2.9801602363586426,3.233531951904297,336,36,0.9999999999999996,0.2854970208659279,0.9774716004550608,0.035377081470052585,336,336,0,0.01,2.1938693523406982,2.718853235244751,2.3567452430725098,1.0742413811273495,0.5575181245803833,8.62560749053955,0.06940105557441711,8.5924072265625,0.996150965133243,0.4814893305301666
gpu_seed1103_ckpt300_optimizer_reset,1103,300,optimizer_reset,37,2.451864719390869,0.014403897979766114,0.11354557673136423,1.550263649630434,0.000125,0.000125,2.556666056315104,2.6702116330464682,0.985481858253479,5.236207462847233,5.003807216882706,0.029579857364296913,0.09593842923641205,0.08727820217609406,0.4337207078933716,2.487985647684779,0.02450559258203542,0.06760662858761989,0.01861308142542839,0.5460389256477356,1.4665464162826538,170.21182250976562,170.2107696533203,2.6116602420806885,2.8060336112976074,337,37,0.9999999999999997,0.286211523845062,0.9797244404095548,0.03634170438858253,337,337,0,0.01,2.219013214111328,2.4225475788116455,2.3766231536865234,1.0710270396642247,0.4784913957118988,8.617292404174805,0.07031824439764023,8.58354663848877,0.9960839479381386,0.48305049538612366
gpu_seed1103_ckpt300_optimizer_reset,1103,300,optimizer_reset,38,2.474792957305908,0.014538593828673339,0.12944507598876953,1.7866701378977776,0.000125,0.000125,2.5594316323598227,2.6888767083485923,1.0137369222939014,5.331062741577625,5.09179399907589,0.02825506404042244,0.09485527873039246,0.0879867821931839,0.3832258880138397,2.4412575914700456,0.02465258848565664,0.06828684283120735,0.018992925062775612,0.5212833881378174,1.4495388269424438,170.21160888671875,170.21051025390625,2.6511242389678955,3.051541805267334,338,38,0.9999999999999997,0.2869253123212169,0.9817519963685992,0.03730536268419393,338,338,0,0.01,2.0435292720794678,2.3696324825286865,2.458705425262451,1.2031662373787788,0.38678404688835144,8.60936164855957,0.07305219024419785,8.574418067932129,0.9959412112006837,0.48161086440086365
gpu_seed1103_ckpt300_optimizer_reset,1103,300,optimizer_reset,39,2.4967586994171143,0.014667635331623088,0.10211586952209473,1.3893111790844515,0.000125,0.000125,2.558962821960449,2.661078691482544,1.04173169657588,5.429606586694717,5.184746123850346,0.027994774281978607,0.09854384511709213,0.09295212477445602,0.3361165225505829,2.3967387261244313,0.024754780475180944,0.06885220048169512,0.01961570419371128,0.44964858889579773,1.4241546392440796,170.21141052246094,170.21023559570312,2.8807883262634277,3.170109748840332,339,39,0.9999999999999997,0.28763838700889566,0.9835767967317394,0.03826805732150973,339,339,0,0.01,2.0494544506073,2.242418050765991,2.5423614978790283,1.2405064660619456,0.300833523273468,8.601151466369629,0.07438693195581436,8.565503120422363,0.9958553984210549,0.48256638646125793
gpu_seed1103_ckpt300_optimizer_reset,1103,300,optimizer_reset,40,2.5182485580444336,0.014793881175783856,0.08025534947713231,1.088698548047029,0.000125,0.000125,2.567128817240397,2.6473841667175293,1.0723940525203943,5.528764769434929,5.280003607273102,0.030662355944514275,0.09915818274021149,0.0952574834227562,0.27932578325271606,2.3482492765822145,0.024856817153723138,0.06935718948572946,0.019880548119544983,0.3845694065093994,1.4133670330047607,170.21121215820312,170.2099609375,2.547454595565796,2.6019420623779297,340,40,0.9999999999999998,0.2883507486218868,0.9852191170585654,0.039229789264188186,340,340,0,0.01,2.3860690593719482,2.313690662384033,2.868304491043091,1.20210455760944,0.2553439736366272,8.592886924743652,0.07507599145174026,8.556931495666504,0.9958156752913147,0.482280433177948
gpu_seed1103_ckpt300_optimizer_reset,1103,300,optimizer_reset,41,2.539433240890503,0.014918334212705197,0.06434893608093262,0.8815540783833171,0.000125,0.000125,2.5850189526875815,2.649367888768514,1.1019571255892515,5.625908315181732,5.373186744749546,0.029563073068857193,0.09714354574680328,0.09318313747644424,0.28339558839797974,2.3044755389464746,0.024976165000223437,0.06984870463117457,0.019426174461841583,0.36057737469673157,1.4191287755966187,170.2110137939453,170.2096405029297,2.65604567527771,2.827322483062744,341,41,0.9999999999999998,0.28906239787326493,0.9866972053527089,0.040190559474924004,341,341,0,0.01,2.282440185546875,2.2506587505340576,2.7923316955566406,1.2233975344621666,0.24118006229400635,8.584568977355957,0.07656653225421906,8.547738075256348,0.9957096387485782,0.4844619929790497
gpu_seed1103_ckpt300_optimizer_reset,1103,300,optimizer_reset,42,2.560215950012207,0.015040425786340855,0.059116363525390625,0.8174743666071915,0.000125,0.000125,2.597007989883423,2.6561243534088135,1.1285558305680752,5.720323070883751,5.463175855576992,0.026598704978823662,0.09441475570201874,0.08998911082744598,0.30334708094596863,2.2685771325298245,0.025116142667935003,0.070280512536093,0.019606582820415497,0.35730811953544617,1.439336895942688,170.21083068847656,170.2093048095703,2.8600618839263916,2.918027877807617,342,42,0.9999999999999998,0.28977333547539164,0.988027484817438,0.0411503689154491,342,342,0,0.01,1.899640440940857,2.2213644981384277,2.512439012527466,1.3225866108018727,0.2643190026283264,8.576420783996582,0.07800661772489548,8.538799285888672,0.9956133800968456,0.4857776165008545
gpu_seed1103_ckpt300_optimizer_reset,1103,300,optimizer_reset,43,2.5804879665374756,0.015159517209111783,0.016875425974527847,0.22388089821678037,0.000125,0.000125,2.593681573867798,2.57680614789327,1.1538857035338879,5.814413957297802,5.553003907203674,0.025329872965812683,0.09409088641405106,0.08982805162668228,0.29908356070518494,2.2363462504407865,0.025266807597844523,0.07058576517709671,0.01957552693784237,0.3245827555656433,1.4754652976989746,170.21060180664062,170.20892333984375,2.700425148010254,2.9294774532318115,343,43,0.9999999999999998,0.2904835621399162,0.9892247363356942,0.04210921854653371,343,343,0,0.01,1.8274815082550049,2.125250816345215,2.432781934738159,1.331221095123311,0.2494880110025406,8.568321228027344,0.08122492581605911,8.529281616210938,0.9954437268656897,0.484274297952652
gpu_seed1103_ckpt300_optimizer_reset,1103,300,optimizer_reset,44,2.600069761276245,0.015274553806134163,0.07287987073262547,0.9263401859027525,0.000125,0.000125,2.5786476929982505,2.505767822265625,1.178482448682189,5.915346048772335,5.647986672818661,0.024596745148301125,0.10093209147453308,0.09498276561498642,0.356594055891037,2.206286367846638,0.025401305352687528,0.07092105905662392,0.021025437861680984,0.2687661051750183,1.5064107179641724,170.21035766601562,170.20846557617188,2.68748140335083,2.9811084270477295,344,44,0.9999999999999998,0.2911930785777763,0.9903022627021247,0.043067109327987074,344,344,0,0.01,1.7736903429031372,2.524773120880127,2.489063024520874,1.403324449771445,0.37124818563461304,8.559958457946777,0.08241019397974014,8.520509719848633,0.9953914801931641,0.48240184783935547
gpu_seed1103_ckpt300_optimizer_reset,1103,300,optimizer_reset,45,2.619663953781128,0.015389663235950644,0.07909639676411917,0.9894885966903217,0.000125,0.000125,2.5658084551493325,2.4867120583852134,1.2029175832867622,6.014840431511402,5.741022892296314,0.02443513460457325,0.09949438273906708,0.0930362194776535,0.37851694226264954,2.177758468390807,0.025584313815135578,0.07143732812697744,0.020651165395975113,0.24385233223438263,1.5456501245498657,170.21006774902344,170.2080078125,2.675912380218506,2.902717113494873,345,45,0.9999999999999999,0.2919018854991986,0.9912720364319123,0.04402404221865919,345,345,0,0.01,1.6637187004089355,2.4883971214294434,2.3342177867889404,1.4030122918097847,0.42409569025039673,8.551833152770996,0.08299735188484192,8.51205062866211,0.9953480705950172,0.48307013511657715
gpu_seed1103_ckpt300_optimizer_reset,1103,300,optimizer_reset,46,2.6392102241516113,0.015504491139005308,0.06303652127583836,0.7842786484312061,0.000125,0.000125,2.5524028142293296,2.489366292953491,1.2288337368518114,6.114409185945988,5.834108367562294,0.02591615356504917,0.09956875443458557,0.09308547526597977,0.3721610903739929,2.1477358124223875,0.02580470273818975,0.07189106139352641,0.027370475232601166,0.24108193814754486,1.5822645425796509,170.20982360839844,170.2075958251953,2.667849540710449,2.7727386951446533,346,46,0.9999999999999999,0.2926099836136994,0.992144832788721,0.044980018176440484,346,346,0,0.01,1.7863541841506958,2.2474231719970703,2.1426897048950195,1.1994764106159275,0.4546866714954376,8.543659210205078,0.0844687968492508,8.503217697143555,0.9952664880389642,0.48258841037750244
gpu_seed1103_ckpt300_optimizer_reset,1103,300,optimizer_reset,47,2.6589152812957764,0.015620251862076738,0.027509133021036636,0.3431359909169558,0.000125,0.000125,2.5373318195343018,2.509822686513265,1.2553541027009487,6.211137622594833,5.924165070056915,0.026520365849137306,0.09672843664884567,0.09005670249462128,0.3799808919429779,2.118059976522072,0.026058166672973067,0.07240703024589244,0.02566349133849144,0.2541098892688751,1.6188559532165527,170.20957946777344,170.20721435546875,2.3505923748016357,2.3729472160339355,347,47,0.9999999999999999,0.2933173736300857,0.9929303495098489,0.04593503815826405,347,347,0,0.01,1.880613923072815,2.184835910797119,2.0718321800231934,1.1016786351537997,0.48891374468803406,8.53554916381836,0.08578651398420334,8.494502067565918,0.995191042138515,0.4823513329029083
gpu_seed1103_ckpt300_optimizer_reset,1103,300,optimizer_reset,48,2.678907871246338,0.015737701745719066,0.030236005783081055,0.3856551450425876,0.000125,0.000125,2.530754009882609,2.56099001566569,1.2823360804468393,6.306414902210236,6.012028031051159,0.026981977745890617,0.09527727961540222,0.08786296099424362,0.4056929051876068,2.089084064694463,0.026338023592583294,0.07300181412282385,0.024469556286931038,0.3013107180595398,1.6548000574111938,170.20932006835938,170.20684814453125,2.79032564163208,2.859537124633789,348,48,0.9999999999999999,0.29402405625645556,0.9936373145588641,0.046889103120105746,348,348,0,0.01,1.959359884262085,2.1405134201049805,1.986904501914978,1.0140579675398695,0.5332691073417664,8.527643203735352,0.08706701546907425,8.486071586608887,0.9951250754593894,0.48140865564346313
gpu_seed1103_ckpt300_optimizer_reset,1103,300,optimizer_reset,49,2.698323965072632,0.015851764904435663,0.08786145846048976,1.1501842034867042,0.000125,0.000125,2.527663787206014,2.615525245666504,1.3088894318789244,6.40019478648901,6.098739452660084,0.026553351432085037,0.09377988427877426,0.08671142160892487,0.3977391719818115,2.0615369788700164,0.026592648571111984,0.07351637052616852,0.026416407898068428,0.354453980922699,1.694035530090332,170.20904541015625,170.20648193359375,2.63040828704834,2.696431875228882,349,49,0.9999999999999999,0.2947300322001991,0.9942735831029776,0.04784221401698563,349,349,0,0.01,1.9849908351898193,1.9607124328613281,1.9297304153442383,0.9721608690242296,0.5216760635375977,8.519458770751953,0.0874829888343811,8.477572441101074,0.9950834518038079,0.4827477037906647
gpu_seed1103_ckpt300_optimizer_reset,1103,300,optimizer_reset,50,2.718111753463745,0.015968011646344656,0.058667262395222686,0.7600096628956052,0.000125,0.000125,2.5319722493489585,2.590639511744181,1.335201831534505,6.4930077865719795,6.185263961553574,0.02631239965558052,0.09281300008296967,0.08652450889348984,0.37264665961265564,2.0357309953191645,0.026779383378138562,0.0739806488531294,0.024992935359477997,0.28203263878822327,1.7139877080917358,170.20872497558594,170.2061767578125,2.30405592918396,2.4766249656677246,350,50,0.9999999999999999,0.29543530216799896,0.9948462247926799,0.04879437180296864,350,350,1,0.01,1.9523354768753052,2.0344977378845215,2.088742971420288,1.069868880712157,0.4516528248786926,8.511237144470215,0.08871535956859589,8.468619346618652,0.9949927610840632,0.48439502716064453
gpu_seed1103_ckpt300_optimizer_reset,1103,300,optimizer_reset,51,2.738490343093872,0.016087729151018727,0.04557379086812352,0.5898961205584339,0.000125,0.000125,2.5377402305603027,2.5833140214284263,1.3647282999008894,6.591653414070606,6.275437481701374,0.029526468366384506,0.09864562749862671,0.09017352014780045,0.42427024245262146,2.0066194445375998,0.026978833061998667,0.0747360441539911,0.023874780163168907,0.2967464327812195,1.736013412475586,170.20848083496094,170.20590209960938,2.473038673400879,2.5303051471710205,351,51,0.9999999999999999,0.29613986686583094,0.9953616023134119,0.0497455774311657,351,351,0,0.01,2.12660551071167,2.4071710109710693,2.2194695472717285,1.0436677306116535,0.5265452265739441,8.50314712524414,0.08968445658683777,8.459842681884766,0.9949072451972744,0.4869000315666199
gpu_seed1103_ckpt300_optimizer_reset,1103,300,optimizer_reset,52,2.7590444087982178,0.01620847751985547,0.039042313893636216,0.5061125570050002,0.000125,0.000125,2.5425283908843994,2.5815707047780356,1.3932740315794945,6.688309013843536,6.364228785037994,0.02854573167860508,0.09665559977293015,0.08879130333662033,0.4119575321674347,1.980259694977899,0.027190152442487514,0.07551363913318335,0.023143449798226357,0.35085049271583557,1.7646101713180542,170.2082061767578,170.2056884765625,2.5328776836395264,2.695404529571533,352,52,0.9999999999999999,0.2968437269989651,0.9958254420820707,0.05069583185373461,352,352,0,0.01,2.0907511711120605,2.3029701709747314,2.1124558448791504,1.0103812802144863,0.5412783026695251,8.494964599609375,0.09120512753725052,8.450925827026367,0.9948158968683604,0.486971914768219
gpu_seed1103_ckpt300_optimizer_reset,1103,300,optimizer_reset,53,2.778907060623169,0.016325164059790384,0.0009241898854575048,0.011861804918355645,0.000125,0.000125,2.551699161529541,2.5526233514149985,1.422647338360548,6.787413455545902,6.458212114870548,0.029373306781053543,0.09910444170236588,0.09398332983255386,0.31803470849990845,1.9533351560082448,0.027348101474550142,0.07634120456105364,0.02307233028113842,0.3063020706176758,1.7884691953659058,170.20797729492188,170.20541381835938,2.4634976387023926,2.6045286655426025,353,53,0.9999999999999999,0.2975468832719661,0.9962428978738637,0.05164513602188081,353,353,0,0.01,2.111158847808838,2.3445146083831787,2.5665152072906494,1.2156902404351089,0.3400992453098297,8.486873626708984,0.09276960045099258,8.442038536071777,0.9947171252206346,0.4874730408191681
gpu_seed1103_ckpt300_optimizer_reset,1103,300,optimizer_reset,54,2.798506021499634,0.016440301502219982,0.020753860473632812,0.2649045253437432,0.000125,0.000125,2.5569961865743003,2.5362423261006675,1.4506840631365776,6.882716439664364,6.5486776158213615,0.028036724776029587,0.09530298411846161,0.0904655009508133,0.31525444984436035,1.9290940685230602,0.027540713467752435,0.07700658969749384,0.02144932933151722,0.31173980236053467,1.8220237493515015,170.2077178955078,170.20506286621094,2.606813907623291,2.948516607284546,354,54,0.9999999999999999,0.2982493363886942,0.9966186080864773,0.05259349088585896,354,354,0,0.01,2.0172486305236816,2.415123462677002,2.4751832485198975,1.2270095074379146,0.3874850571155548,8.478774070739746,0.09458453953266144,8.43298625946045,0.9945997132488403,0.4883590638637543
gpu_seed1103_ckpt300_optimizer_reset,1103,300,optimizer_reset,55,2.8173739910125732,0.016551144611058888,0.02007230122884085,0.25913010547162507,0.000125,0.000125,2.568008820215861,2.54793651898702,1.4785224460065365,6.975506626069546,6.63646000623703,0.027838382869958878,0.09279018640518188,0.08778239041566849,0.32504111528396606,1.9055334591776716,0.0277039689932429,0.07764217891335991,0.021370327100157738,0.3241439461708069,1.8247919082641602,170.2074737548828,170.2047119140625,2.575918674468994,3.2415719032287598,355,55,0.9999999999999999,0.29895108705230544,0.9969567472778296,0.05354089739497314,355,355,0,0.01,1.925697922706604,2.087308645248413,2.258537769317627,1.1728411516080557,0.36872223019599915,8.47065544128418,0.0949379950761795,8.424702644348145,0.9945750600699604,0.4883243143558502
gpu_seed1103_ckpt300_optimizer_reset,1103,300,optimizer_reset,56,2.8358654975891113,0.016659776124092283,0.009508212407430161,0.12483770660212556,0.000125,0.000125,2.579608996709188,2.570100784301758,1.505440516397357,7.068196304142475,6.723701544106007,0.026918070390820503,0.09268967807292938,0.08724153786897659,0.34165409207344055,1.8837446360044081,0.027888818408518923,0.07832375724411302,0.023276887834072113,0.35067009925842285,1.8250812292099,170.20724487304688,170.20436096191406,2.5913121700286865,2.7110695838928223,356,56,1.0,0.2996521359652532,0.9972610725500466,0.05448735649757808,356,356,0,0.01,1.8456987142562866,1.9289590120315552,2.008917808532715,1.088432143889263,0.43419891595840454,8.462359428405762,0.09529706090688705,8.416211128234863,0.9945466390830687,0.48856815695762634
gpu_seed1103_ckpt300_optimizer_reset,1103,300,optimizer_reset,57,2.853900909423828,0.016765728230681128,0.0135040283203125,0.1784283027340159,0.000125,0.000125,2.5879432360331216,2.574439207712809,1.5312239322811365,7.157204456627369,6.80703367292881,0.025783415883779526,0.0890081524848938,0.0833321288228035,0.35796058177948,1.863803751532523,0.02807871160094798,0.07898767501627371,0.021456420421600342,0.3729035258293152,1.829815149307251,170.20697021484375,170.20399475097656,2.7246060371398926,2.7830970287323,357,57,1.0,0.3003524838292879,0.9975349652950419,0.05543286914108059,357,357,0,0.01,1.8640714883804321,1.8223788738250732,1.8821848630905151,1.009717103030641,0.47882920503616333,8.454662322998047,0.09649885445833206,8.407893180847168,0.9944682424483525,0.4890173375606537
gpu_seed1103_ckpt300_optimizer_reset,1103,300,optimizer_reset,58,2.870776653289795,0.016864867669760145,0.05361493428548192,0.6969942571843486,0.000125,0.000125,2.591637214024862,2.53802227973938,1.5552036724984646,7.250047750771046,6.8949335515499115,0.02397974021732807,0.09284329414367676,0.08789987862110138,0.3298024833202362,1.8459168429534318,0.028225012568697274,0.07966528961378559,0.02199048362672329,0.3531379997730255,1.8192613124847412,170.20672607421875,170.20362854003906,2.6266753673553467,2.8258869647979736,358,58,1.0,0.3010521313454586,0.9977814687655377,0.056377436271939474,358,358,0,0.01,1.5767464637756348,1.8636616468429565,2.076115846633911,1.316708738106939,0.28060150146484375,8.446348190307617,0.09820185601711273,8.39863395690918,0.994350903807851,0.4903244972229004
gpu_seed1103_ckpt300_optimizer_reset,1103,300,optimizer_reset,59,2.8875508308410645,0.016963410440179794,0.0764237244923911,0.9780239947194875,0.000125,0.000125,2.5872095425923667,2.5107858180999756,1.5789220500737429,7.344828620553017,6.984424009919167,0.023718377575278282,0.09478086978197098,0.08949045836925507,0.34194812178611755,1.828811517772124,0.02837340756136906,0.08019720804937494,0.021060051396489143,0.34770679473876953,1.8033500909805298,170.20648193359375,170.20327758789062,3.141280174255371,3.359585762023926,359,59,1.0,0.30175107921411315,0.998003321888984,0.057321058835667515,359,359,0,0.01,1.5302180051803589,2.188539743423462,2.29790997505188,1.5016879733940494,0.2763383984565735,8.438307762145996,0.09979096055030823,8.389623641967773,0.9942305825348522,0.4923688471317291
gpu_seed1103_ckpt300_optimizer_reset,1103,300,optimizer_reset,60,2.9044885635375977,0.017062914043229325,0.05226540565490723,0.6726176078973953,0.000125,0.000125,2.5808611710866294,2.528595765431722,1.6035088300704956,7.440404713153839,7.073714800179005,0.02458677999675274,0.09557609260082245,0.0892907902598381,0.37585583329200745,1.8113330647565533,0.028535024769114993,0.08079534861980661,0.020312972366809845,0.38962680101394653,1.7829500436782837,170.20620727539062,170.20297241210938,2.790708065032959,3.0960938930511475,360,60,1.0,0.3024493281348991,0.9982029897000856,0.0582637377768318,360,360,0,0.01,1.6834080219268799,2.3689777851104736,2.1514947414398193,1.2780589811945147,0.47856438159942627,8.43047046661377,0.10083793103694916,8.3812837600708,0.994165603599615,0.4923422932624817
gpu_seed1103_ckpt300_optimizer_reset,1103,300,optimizer_reset,61,2.921295642852783,0.017161650100679472,0.019307454427083037,0.248880508575688,0.000125,0.000125,2.566119829813639,2.546812375386556,1.62848549336195,7.53225739300251,7.15873122215271,0.024976663291454315,0.09185267984867096,0.08501642197370529,0.3994808495044708,1.7938726840114978,0.028679335661796264,0.08117381747146124,0.019436078146100044,0.396444171667099,1.7616345882415771,170.2059326171875,170.20262145996094,2.497026205062866,2.689603567123413,361,61,1.0,0.30314687880676416,0.998382690730077,0.05920547403905507,361,361,0,0.01,1.6640604734420776,2.1707682609558105,1.8063499927520752,1.0855074209019513,0.5838997960090637,8.422554969787598,0.10214648395776749,8.37277603149414,0.9940898054719723,0.49195241928100586
gpu_seed1103_ckpt300_optimizer_reset,1103,300,optimizer_reset,62,2.9382424354553223,0.017261206927693923,0.00928044319152832,0.11898055755795767,0.000125,0.000125,2.5464069843292236,2.555687427520752,1.655382676050067,7.627736762166023,7.2465430200099945,0.026897182688117027,0.09547936916351318,0.08781179785728455,0.4144766926765442,1.7749626584618674,0.028821394179609862,0.08154150499777202,0.019375881180167198,0.3333548605442047,1.7268115282058716,170.20567321777344,170.2023162841797,3.2941787242889404,3.379483938217163,362,62,1.0,0.30384373192795744,0.9985444216570694,0.060146268565015926,362,362,0,0.01,2.038391351699829,2.3536949157714844,1.9341840744018555,0.9488776886675744,0.6204835772514343,8.414555549621582,0.10342137515544891,8.364009857177734,0.9939930645003449,0.49341845512390137
gpu_seed1103_ckpt300_optimizer_reset,1103,300,optimizer_reset,63,2.955014944076538,0.01735973989369898,0.015628258387248017,0.19856018517178775,0.000125,0.000125,2.5341872374216714,2.5498154958089194,1.6815755628049374,7.716467924416065,7.329151034355164,0.026192886754870415,0.08873116225004196,0.08260801434516907,0.373302161693573,1.7572894191835744,0.02893729004102938,0.08166056041939297,0.01817004568874836,0.2805000841617584,1.7002967596054077,170.2053985595703,170.20204162597656,2.3567049503326416,2.5751378536224365,363,63,1.0,0.3045398881960294,0.9986899794913624,0.06108612229645094,363,363,0,0.01,1.9956398010253906,2.02009654045105,1.9830632209777832,0.9936979709253447,0.5123334527015686,8.406323432922363,0.10441092401742935,8.355352401733398,0.9939365845727114,0.4929080605506897
gpu_seed1103_ckpt300_optimizer_reset,1103,300,optimizer_reset,64,2.9707958698272705,0.017452447636806555,0.02974979082743312,0.3669207334246458,0.000125,0.000125,2.5271617571512857,2.4974119663238525,1.7067886050790548,7.806644283235073,7.414044305682182,0.02521304227411747,0.09017635881900787,0.08489327132701874,0.34319832921028137,1.740576343775115,0.02899876463552223,0.08171888961455287,0.01899896003305912,0.2587442398071289,1.668161392211914,170.20513916015625,170.2017364501953,2.7064785957336426,3.0732316970825195,364,64,1.0,0.3052353483078334,0.9988209815422261,0.06202503617415456,364,364,0,0.01,1.8280398845672607,1.9262211322784424,2.139610767364502,1.1704398713761253,0.35131725668907166,8.39808464050293,0.10553459078073502,8.346607208251953,0.9938703365760686,0.4925707280635834
gpu_seed1103_ckpt300_optimizer_reset,1103,300,optimizer_reset,65,2.9863686561584473,0.01754393262935161,0.06454221407572414,0.7798784811991357,0.000125,0.000125,2.523916165033976,2.459373950958252,1.7362436056137085,7.898426838219166,7.499612964689732,0.029455000534653664,0.09178255498409271,0.08556865900754929,0.36428195238113403,1.7200170796891938,0.02905066676102204,0.0818241513137813,0.018717549741268158,0.2760341763496399,1.6379228830337524,170.20486450195312,170.20150756835938,2.8638572692871094,2.9531960487365723,365,65,1.0,0.30593011295952555,0.9989388833880035,0.06296301113798031,365,365,0,0.01,2.22835636138916,1.9841471910476685,2.2312586307525635,1.0013024260449046,0.44374051690101624,8.390517234802246,0.10673730820417404,8.338064193725586,0.9937485330630049,0.4962463676929474
gpu_seed1103_ckpt300_optimizer_reset,1103,300,optimizer_reset,66,3.0017378330230713,0.017634221483316614,0.07367261250813817,0.8856133350520281,0.000125,0.000125,2.523259480794271,2.449586868286133,1.7640911974012852,7.990062698721886,7.585690602660179,0.027847591787576675,0.09163586050271988,0.08607763797044754,0.345488041639328,1.7015774680148532,0.029121787995539453,0.0818968669491086,0.01908602938055992,0.32858842611312866,1.6147923469543457,170.20460510253906,170.20123291015625,2.658322811126709,2.8207571506500244,366,66,1.0,0.306624182846566,0.9990449950492032,0.06390004812684236,366,366,0,0.01,1.9842572212219238,1.939186453819275,2.1905009746551514,1.1039400291586776,0.3767598569393158,8.382583618164062,0.10794270783662796,8.329203605651855,0.9936320333986848,0.4993942081928253
gpu_seed1103_ckpt300_optimizer_reset,1103,300,optimizer_reset,67,3.0172743797302246,0.017725493580001993,0.06521105766296387,0.782768318725056,0.000125,0.000125,2.5176360607147217,2.452425003051758,1.791153334081173,8.082131870090961,7.671365037560463,0.02706213667988777,0.09206917136907578,0.08567443490028381,0.3750585913658142,1.6845427593033755,0.029210501422796742,0.08216011653556156,0.01915796473622322,0.38829872012138367,1.5952924489974976,170.20437622070312,170.20094299316406,2.901747226715088,3.0413689613342285,367,67,1.0,0.30731755866371946,0.9991404955442829,0.06483614807871552,367,367,0,0.01,1.8496969938278198,2.155214309692383,2.036990165710449,1.1012561368194353,0.4912838041782379,8.374863624572754,0.11123767495155334,8.32022476196289,0.9934758504663239,0.49622753262519836
gpu_seed1103_ckpt300_optimizer_reset,1103,300,optimizer_reset,68,3.0328714847564697,0.01781712143687394,0.05105821291605617,0.6164504169339526,0.000125,0.000125,2.516431967417399,2.4653737545013428,1.818406067788601,8.171544082462788,7.7550443559885025,0.02725273370742798,0.08941221237182617,0.08367931842803955,0.3560159504413605,1.6678736056150185,0.02928350486886054,0.08241586707986519,0.018400700762867928,0.3796868324279785,1.5641101598739624,170.20411682128906,170.20071411132812,2.6087045669555664,2.6964423656463623,368,68,1.0,0.3080102411050558,0.9992264459898546,0.06577131193063679,368,368,0,0.01,1.7916967868804932,2.0337328910827637,2.027268409729004,1.1314796256667574,0.4440969228744507,8.366608619689941,0.11199260503053665,8.311610221862793,0.9934264407087587,0.4961641728878021
gpu_seed1103_ckpt300_optimizer_reset,1103,300,optimizer_reset,69,3.0478177070617676,0.01790492557205555,0.04061293601989746,0.4904778730841759,0.000125,0.000125,2.5115312735239663,2.470918337504069,1.8453892562538385,8.266196265816689,7.844556175172329,0.026983188465237617,0.09465218335390091,0.08951181918382645,0.32786861062049866,1.651585266756793,0.02934786851937918,0.08226972446851714,0.022497259080410004,0.3435758948326111,1.5276551246643066,170.20388793945312,170.20040893554688,2.767396926879883,2.920215129852295,369,69,1.0,0.30870223086395077,0.9993038013908692,0.06670554061870615,369,369,0,0.01,1.7864910364151,2.1353743076324463,2.105966091156006,1.1788282438745443,0.43465670943260193,8.35898208618164,0.11311032623052597,8.303382873535156,0.9933485665988697,0.4966764748096466
gpu_seed1103_ckpt300_optimizer_reset,1103,300,optimizer_reset,70,3.063119411468506,0.017994818047544964,0.006023804346720674,0.07428870387819941,0.000125,0.000125,2.5092264811197915,2.515250285466512,1.8742821887135506,8.356140352785587,7.929205119609833,0.02889293245971203,0.08994408696889877,0.08464894443750381,0.3384891450405121,1.634289345495676,0.029457798283650083,0.08229887625834599,0.020582154393196106,0.3352700173854828,1.4959321022033691,170.20362854003906,170.20013427734375,2.9110281467437744,2.8878915309906006,370,70,1.0,0.3093935286330868,0.9993734212517822,0.06763883507808743,370,370,0,0.01,2.039836883544922,1.9601773023605347,2.034665584564209,0.9974648468103373,0.4831089675426483,8.351086616516113,0.1138395443558693,8.295126914978027,0.993299111348168,0.4967430830001831
gpu_seed1103_ckpt300_optimizer_reset,1103,300,optimizer_reset,71,3.078275680541992,0.018083856138334336,0.024822394053141128,0.3094996862045054,0.000125,0.000125,2.5107739766438804,2.5355963706970215,1.9030534569174051,8.445049852132797,8.013287253677845,0.02877126820385456,0.08890949934720993,0.08408213406801224,0.32503020763397217,1.6175455657071305,0.029555924796957456,0.08257330459065938,0.01980900764465332,0.32002192735671997,1.4838136434555054,170.2034149169922,170.19981384277344,2.7642948627471924,2.851252555847168,371,71,1.0,0.31008413510445365,0.9994360791266039,0.06857119624300934,371,371,0,0.01,2.1496219635009766,1.8629456758499146,2.107593059539795,0.9804482347706794,0.4556591510772705,8.343433380126953,0.11492757499217987,8.28697395324707,0.9932330703310516,0.4964892268180847
gpu_seed1103_ckpt300_optimizer_reset,1103,300,optimizer_reset,72,3.0930919647216797,0.01817089692980853,0.009888728459676255,0.12181004001099893,0.000125,0.000125,2.5160075028737388,2.5061187744140625,1.9313777722418308,8.535874776542187,8.09872069209814,0.028324315324425697,0.0908249244093895,0.08543343842029572,0.3406267464160919,1.6014950618023305,0.029609844569389098,0.082906188193822,0.020026525482535362,0.30115997791290283,1.4796258211135864,170.20314025878906,170.199462890625,2.9585423469543457,3.214581251144409,372,72,1.0,0.3107740509693492,0.9994924712139436,0.06950262504676641,372,372,0,0.01,2.0733134746551514,1.8946150541305542,2.206295967102051,1.0641400801525942,0.3844645917415619,8.335464477539062,0.11725761741399765,8.278020858764648,0.9931085281533865,0.49523741006851196
gpu_seed1103_ckpt300_optimizer_reset,1103,300,optimizer_reset,73,3.1077730655670166,0.018257143563700888,0.05872392654418945,0.7149458854393664,0.000125,0.000125,2.5285778840382895,2.4698539574941,1.9583018068224192,8.623973280191422,8.182505898177624,0.02692403458058834,0.08809850364923477,0.08378520607948303,0.30908724665641785,1.5869734964949893,0.029679819906260323,0.08327546314735222,0.019082045182585716,0.29382413625717163,1.4934635162353516,170.20291137695312,170.19908142089844,2.3597395420074463,2.4716031551361084,373,73,1.0,0.31146327691837983,0.9995432240925493,0.07043312242171962,373,373,0,0.01,1.9595593214035034,1.8519670963287354,2.377603769302368,1.2133359492267035,0.222738578915596,8.327308654785156,0.11802355945110321,8.269493103027344,0.9930571143504351,0.4952491819858551
gpu_seed1103_ckpt300_optimizer_reset,1103,300,optimizer_reset,74,3.1226089000701904,0.01834429920688886,0.1048961480458579,1.261751452153062,0.000125,0.000125,2.5392749309539795,2.4343787829081216,1.9837028682231903,8.710480988025665,8.26479759067297,0.02540106140077114,0.08650770783424377,0.08229169249534607,0.30874720215797424,1.574131363164055,0.02976084707727351,0.0835618422792831,0.018981965258717537,0.32180383801460266,1.5222433805465698,170.20269775390625,170.1987762451172,2.5148069858551025,2.6620752811431885,374,74,1.0,0.3121518136414615,0.9995889016832943,0.0713626892992979,374,374,0,0.01,1.7535673379898071,1.7736009359359741,2.2829620838165283,1.3018958749723795,0.16217078268527985,8.319371223449707,0.11892999708652496,8.26116943359375,0.9930040638536604,0.49481478333473206
gpu_seed1103_ckpt300_optimizer_reset,1103,300,optimizer_reset,75,3.1376912593841553,0.018432903102174936,0.12880245844523097,1.5362283742163498,0.000125,0.000125,2.542515754699707,2.413713296254476,2.0101057682186365,8.803801782429218,8.35131949186325,0.026402899995446205,0.09332079440355301,0.08652190119028091,0.3895885646343231,1.5609582883607305,0.029878195698509222,0.08420884844343703,0.021016227081418037,0.37717288732528687,1.5557368993759155,170.20242309570312,170.19842529296875,2.8022258281707764,2.8252880573272705,375,75,1.0,0.3128396618278201,0.9996300115149649,0.0722913266099986,375,375,1,0.01,1.6988070011138916,2.0640861988067627,2.0362255573272705,1.1986208886535892,0.4278048276901245,8.311341285705566,0.12026043981313705,8.252490043640137,0.9929191643029219,0.4948747158050537
gpu_seed1103_ckpt300_optimizer_reset,1103,300,optimizer_reset,76,3.152975559234619,0.018522693331626473,0.10950056711832667,1.3227692037292247,0.000125,0.000125,2.545803705851237,2.43630313873291,2.0360580515116453,8.893248662352562,8.433468259871006,0.025952283293008804,0.08944687992334366,0.08214876800775528,0.4148111939430237,1.5485685965054798,0.030029575772295796,0.08475098648215952,0.019480347633361816,0.417618989944458,1.5761250257492065,170.20217895507812,170.19810485839844,2.879398822784424,2.9304392337799072,376,76,1.0,0.31352682216599226,0.9996670103634684,0.07321903528338858,376,376,0,0.01,1.6480822563171387,1.977476954460144,1.7687506675720215,1.073217468843733,0.536677360534668,8.30324649810791,0.12103955447673798,8.24377727508545,0.9928378348111181,0.4968522787094116
gpu_seed1103_ckpt300_optimizer_reset,1103,300,optimizer_reset,77,3.1682074069976807,0.018612175422333732,0.07313728332519531,0.9002844546036162,0.000125,0.000125,2.5467182795206704,2.473580996195475,2.0620797984302044,8.9785777926445,8.511777609586716,0.026021746918559074,0.08532913029193878,0.07830934971570969,0.4111483097076416,1.5364135807974062,0.03017503997223434,0.08525725301247315,0.019222969189286232,0.4295966625213623,1.5972559452056885,170.20191955566406,170.1978302001953,2.76542329788208,2.7678327560424805,377,77,1.0,0.31421329534382625,0.9997003093271215,0.07414581624810523,377,377,0,0.01,1.6554036140441895,1.6693013906478882,1.5549252033233643,0.9393027719226168,0.5625629425048828,8.295204162597656,0.12139186263084412,8.235529899597168,0.9928061730812429,0.49713221192359924
gpu_seed1103_ckpt300_optimizer_reset,1103,300,optimizer_reset,78,3.1831629276275635,0.01870003418211092,0.0636746883392334,0.7867627874792777,0.000125,0.000125,2.5458080768585205,2.482133388519287,2.089232601225376,9.060402430593967,8.587161019444466,0.027152802795171738,0.0818246379494667,0.07538340985774994,0.39380526542663574,1.5236038944438508,0.030283725178574895,0.08569563402916842,0.018090927973389626,0.40539467334747314,1.6136881113052368,170.20166015625,170.19754028320312,2.7802813053131104,2.843615770339966,378,78,1.0,0.3148990820484824,0.9997302783944094,0.07507167043185714,378,378,0,0.01,1.810166835784912,1.4948060512542725,1.6444542407989502,0.9084545182737174,0.518676221370697,8.287898063659668,0.12451595813035965,8.226502418518066,0.9925921331716423,0.4987611472606659
gpu_seed1103_ckpt300_optimizer_reset,1103,300,optimizer_reset,79,3.197927951812744,0.018786773837994118,0.06168985366821289,0.7593684025385254,0.000125,0.000125,2.5410539309183755,2.4793640772501626,2.1163368243724108,9.140871480107307,8.662031166255474,0.027104223147034645,0.08046904951334,0.07487014681100845,0.3677971661090851,1.5110675743968887,0.03038850722108273,0.08596880152150906,0.017591102048754692,0.3466864824295044,1.6314873695373535,170.20143127441406,170.1973114013672,2.4329993724823,2.4261698722839355,379,79,1.0,0.31558418296643387,0.9997572505549684,0.07599659876142528,379,379,0,0.01,1.7865467071533203,1.4874706268310547,1.9262521266937256,1.0781985822032794,0.3187040388584137,8.279937744140625,0.12520989775657654,8.218230247497559,0.9925473477517718,0.4985528886318207
gpu_seed1103_ckpt300_optimizer_reset,1103,300,optimizer_reset,80,3.211996078491211,0.018869419450470406,0.07053097089131688,0.857697319172356,0.000125,0.000125,2.533257563908895,2.462726593017578,2.1418743561953306,9.224996104836464,8.740515947341919,0.025537531822919846,0.0841246247291565,0.07848478108644485,0.3652265667915344,1.4996192793471166,0.03050890521046316,0.08617604976962752,0.01740625500679016,0.29125893115997314,1.642556071281433,170.20114135742188,170.1970977783203,2.7610340118408203,3.0246384143829346,380,80,1.0,0.31626859878346747,0.9997815254994716,0.07692060216266383,380,380,0,0.01,1.609578251838684,1.8602524995803833,2.076352834701538,1.2899980677101899,0.2905663847923279,8.271899223327637,0.12643079459667206,8.209698677062988,0.9924804999932508,0.4977642893791199
gpu_seed1103_ckpt300_optimizer_reset,1103,300,optimizer_reset,81,3.2256429195404053,0.018949590148577892,0.04006338119506836,0.48985610629876497,0.000125,0.000125,2.523613770802816,2.4835503896077475,2.1683185379952192,9.314876161515713,8.82422872632742,0.02644418179988861,0.08988005667924881,0.08371277898550034,0.3723255693912506,1.4876241027396637,0.030652690257820105,0.08640598684066711,0.025330306962132454,0.27610036730766296,1.6651268005371094,170.2008819580078,170.19691467285156,2.7196404933929443,2.8482749462127686,381,81,1.0,0.31695233018468405,0.9998033729495245,0.07784368156050114,381,381,0,0.01,1.8021293878555298,1.9825994968414307,2.0579335689544678,1.141945513358613,0.41188958287239075,8.264148712158203,0.12722733616828918,8.201583862304688,0.9924293654393631,0.4975905418395996
gpu_seed1103_ckpt300_optimizer_reset,1103,300,optimizer_reset,82,3.239325761795044,0.019029972341914406,0.00838843981424997,0.10436267042318192,0.000125,0.000125,2.5168203512827554,2.5252087910970054,2.194270620122552,9.403100863099098,8.906903326511383,0.025952082127332687,0.08822470158338547,0.08267460018396378,0.3542121350765228,1.4762653849927811,0.030799036457522952,0.08665635256856193,0.024326348677277565,0.27885615825653076,1.6868362426757812,170.20062255859375,170.1967315673828,2.539719581604004,2.5383570194244385,382,82,1.0,0.31763537785449936,0.999823035654572,0.07876583787894065,382,382,0,0.01,1.823470950126648,1.9105701446533203,2.030789852142334,1.1136946557882774,0.40920257568359375,8.25615119934082,0.12751421332359314,8.193428039550781,0.9924028571816805,0.49775174260139465
gpu_seed1103_ckpt300_optimizer_reset,1103,300,optimizer_reset,83,3.25236439704895,0.019106570031218937,0.002868016560872544,0.03560357358813526,0.000125,0.000125,2.5173909664154053,2.520258982976278,2.2210507057607174,9.493883073329926,8.992628790438175,0.026780085638165474,0.09078221023082733,0.08572546392679214,0.3310622572898865,1.464335950823572,0.030885200436234148,0.08719338517912523,0.024008799344301224,0.2319367378950119,1.6689410209655762,170.20037841796875,170.19642639160156,3.1799590587615967,3.4626262187957764,383,83,1.0,0.3183177424766448,0.9998407320891148,0.07968707204106174,383,383,0,0.01,1.7835603952407837,1.846988558769226,2.1552164554595947,1.2083787357071407,0.2955934405326843,8.248255729675293,0.12907977402210236,8.1843843460083,0.992256376892124,0.500727117061615
gpu_seed1103_ckpt300_optimizer_reset,1103,300,optimizer_reset,84,3.2651278972625732,0.019181551392746674,0.05491892496744777,0.6645186462534429,0.000125,0.000125,2.5205387274424234,2.4656198024749756,2.246987473219633,9.602828577160835,9.095846861600876,0.02593676745891571,0.10894550383090973,0.10321807116270065,0.3340538740158081,1.4531135291923223,0.030919210521704932,0.08791622395871984,0.04228310286998749,0.17665331065654755,1.6242319345474243,170.2001190185547,170.19601440429688,2.699735164642334,3.0519163608551025,384,84,1.0,0.3189994247341682,0.9998566588802034,0.08060738496902065,384,384,0,0.01,1.6110633611679077,2.040231943130493,2.18371844291687,1.3554516200607232,0.30262866616249084,8.240729331970215,0.13146328926086426,8.175636291503906,0.9921010583110927,0.5011680722236633
gpu_seed1103_ckpt300_optimizer_reset,1103,300,optimizer_reset,85,3.2787041664123535,0.019261307504180043,0.08716026941935207,1.0400859307602648,0.000125,0.000125,2.522573630015055,2.435413360595703,2.2737071122974157,9.710396982729435,9.19731929898262,0.02671963907778263,0.1075684055685997,0.10147243738174438,0.3458792567253113,1.4420081411004688,0.03099906563419389,0.08854448837418377,0.0394071526825428,0.18967758119106293,1.5906387567520142,170.1998748779297,170.1956329345703,2.6180155277252197,2.683741331100464,385,85,1.0,0.3196804253094341,0.999870992992183,0.08152677758405169,385,385,0,0.01,1.7429081201553345,2.1790218353271484,2.216792106628418,1.2718926953129217,0.3780704736709595,8.233219146728516,0.13304468989372253,8.16723346710205,0.9919854338319567,0.5020655393600464
gpu_seed1103_ckpt300_optimizer_reset,1103,300,optimizer_reset,86,3.2934672832489014,0.019348035955017995,0.09769646326700876,1.1602713117142702,0.000125,0.000125,2.52299435933431,2.4252978960673013,2.300114668905735,9.814224041998386,9.295014172792435,0.026407556608319283,0.10382705926895142,0.09769487380981445,0.3525265157222748,1.4318709096422204,0.031113812833755892,0.08929272886311242,0.037278950214385986,0.24737612903118134,1.569622278213501,170.19960021972656,170.19520568847656,2.8047494888305664,2.9448082447052,386,86,1.0,0.3203607448841246,0.9998838936929647,0.08244525080646758,386,386,0,0.01,1.834894061088562,2.1020448207855225,2.0379433631896973,1.1106599592891833,0.47085636854171753,8.225577354431152,0.13459450006484985,8.158891677856445,0.9918928880366342,0.5016313791275024
gpu_seed1103_ckpt300_optimizer_reset,1103,300,optimizer_reset,87,3.3087337017059326,0.019437721137170346,0.06931813557942679,0.8346701553828684,0.000125,0.000125,2.522788921991984,2.453470786412557,2.325771100819111,9.913345128297806,9.387851029634476,0.025656431913375854,0.0991210862994194,0.09283685684204102,0.36659276485443115,1.4226394422646367,0.03125695767398011,0.09008035136104346,0.03444039821624756,0.32836100459098816,1.5652353763580322,170.19937133789062,170.19483947753906,2.669020891189575,2.6845555305480957,387,87,1.0,0.3210403841392405,0.9998955043236682,0.08336280555566111,387,387,0,0.01,1.685772180557251,1.9163092374801636,1.8691563606262207,1.1087834893604906,0.4674757421016693,8.217713356018066,0.1349586546421051,8.150800704956055,0.9918575097275689,0.5019880533218384
gpu_seed1103_ckpt300_optimizer_reset,1103,300,optimizer_reset,88,3.324323892593384,0.019529308375753278,0.022306283315022934,0.27448298763539647,0.000125,0.000125,2.521153291066488,2.498847007751465,2.353818902745843,10.0076470002532,9.475857809185982,0.028047801926732063,0.09430187195539474,0.08800677955150604,0.3656632900238037,1.412310814869397,0.03138042340412461,0.0907533579162985,0.03150755539536476,0.3433624505996704,1.5578534603118896,170.19912719726562,170.19454956054688,2.6366384029388428,2.6673688888549805,388,88,1.0,0.32171934375510125,0.9999059538913014,0.08427944275010546,388,388,0,0.01,2.1053905487060547,1.7484130859375,1.9832159280776978,0.9419705665989686,0.48307302594184875,8.210485458374023,0.1357043981552124,8.143264770507812,0.9918128241980328,0.5015783309936523
gpu_seed1103_ckpt300_optimizer_reset,1103,300,optimizer_reset,89,3.3401877880096436,0.019622503538329072,0.05665755271911621,0.6868614452809876,0.000125,0.000125,2.5233023166656494,2.466644763946533,2.3826739955693483,10.100192837417126,9.563436411321163,0.0288550928235054,0.09254583716392517,0.08757860213518143,0.3234206438064575,1.4018652128740305,0.03147778918782325,0.09155561596159524,0.029007529839873314,0.2817244529724121,1.5693515539169312,170.19891357421875,170.19424438476562,2.660409927368164,2.784656524658203,389,89,1.0,0.3223976244113461,0.9999153585021713,0.08519516330735533,389,389,0,0.01,2.1015114784240723,1.7228262424468994,2.386701822280884,1.135707250131006,0.2331332117319107,8.202710151672363,0.13881157338619232,8.133956909179688,0.9916182284607911,0.5016847848892212
gpu_seed1103_ckpt300_optimizer_reset,1103,300,optimizer_reset,90,3.356011152267456,0.01971546059369338,0.09577131271362305,1.1403535688301663,0.000125,0.000125,2.5246339639027915,2.4288626511891684,2.411903288215399,10.190676249563694,9.649524927139282,0.029229292646050453,0.0904834121465683,0.08608851581811905,0.30822518467903137,1.3914368659239336,0.03158293162062193,0.09241622095488669,0.027210261672735214,0.22646667063236237,1.5875577926635742,170.1986846923828,170.1939697265625,2.79254150390625,2.9019036293029785,390,90,1.0,0.3230752267869348,0.9999238226519541,0.08610996814404803,390,390,0,0.01,2.0297906398773193,1.820641040802002,2.530205726623535,1.2465353208916237,0.1397426426410675,8.195225715637207,0.14015087485313416,8.125408172607422,0.9914807052967975,0.5045928359031677
gpu_seed1103_ckpt300_optimizer_reset,1103,300,optimizer_reset,91,3.371690511703491,0.019807571668141583,0.10927899678548192,1.2898524446566402,0.000125,0.000125,2.5225208600362143,2.4132418632507324,2.44143701530993,10.2824150249362,9.735462315380573,0.02953372709453106,0.09173877537250519,0.08593738824129105,0.35118794441223145,1.3810270306211805,0.0317187949449661,0.09324955887859794,0.02507617510855198,0.21046394109725952,1.5997556447982788,170.1984405517578,170.19369506835938,2.848475933074951,3.042896270751953,391,91,1.0,0.3237521515601478,0.9999314403867587,0.08702385817590397,391,391,0,0.01,2.1787283420562744,2.1777117252349854,2.3398892879486084,1.073970188380235,0.423024982213974,8.188959121704102,0.14319445192813873,8.117344856262207,0.9912547780030946,0.5066758990287781
gpu_seed1103_ckpt300_optimizer_reset,1103,300,optimizer_reset,92,3.3871288299560547,0.01989826670499677,0.06661804517110204,0.8015385548160214,0.000125,0.000125,2.520681699117025,2.454063653945923,2.4706158228218555,10.372140802443027,9.818261802196503,0.029178807511925697,0.08972577750682831,0.08279948681592941,0.3908119201660156,1.3709654081653282,0.031884609535316744,0.09407026049053155,0.02304777130484581,0.24057093262672424,1.6130542755126953,170.1981964111328,170.1934051513672,2.8039498329162598,2.879295587539673,392,92,1.0,0.3244283994085877,0.9999382963480828,0.08793683431772803,392,392,0,0.01,2.2245750427246094,2.218092203140259,2.007469654083252,0.9024059047356955,0.5916460156440735,8.181809425354004,0.1442742943763733,8.109758377075195,0.991193751341051,0.5060193538665771
gpu_seed1103_ckpt300_optimizer_reset,1103,300,optimizer_reset,93,3.4021215438842773,0.01998634396315626,0.0038619041442871094,0.04796702227526772,0.000125,0.000125,2.5212837060292563,2.5174218018849692,2.4995215348899364,10.462975144386292,9.901342429220676,0.028905712068080902,0.09083434194326401,0.08308062702417374,0.4159049987792969,1.361109114842143,0.03204198270050774,0.0948882353244473,0.022333024069666862,0.2613295018672943,1.613358736038208,170.19793701171875,170.19308471679688,2.691636562347412,2.771418571472168,393,93,1.0,0.3251039710091791,0.9999444667132745,0.0888488974834103,393,393,0,0.01,2.2343244552612305,2.1016805171966553,1.9014952182769775,0.851038090640157,0.6168850660324097,8.174277305603027,0.14603373408317566,8.101287841796875,0.9910708358576099,0.5065133571624756
gpu_seed1103_ckpt300_optimizer_reset,1103,300,optimizer_reset,94,3.41637921333313,0.020070103077003913,0.020264307657877456,0.2554223824691739,0.000125,0.000125,2.5239082177480063,2.544172525405884,2.5272963158786297,10.54842521250248,9.980602033436298,0.027774780988693237,0.08545006811618805,0.07925960421562195,0.37732788920402527,1.3517921075843666,0.03216140053722747,0.09577906017259846,0.02077183686196804,0.25010544061660767,1.6070358753204346,170.1977081298828,170.19276428222656,2.467101812362671,2.611610174179077,394,94,1.0,0.32577886703816994,0.9999500200419471,0.0897600485859269,394,394,0,0.01,2.1130237579345703,1.6768476963043213,2.0508360862731934,0.9705693457402795,0.4333290159702301,8.166784286499023,0.14781205356121063,8.092968940734863,0.9909615164089519,0.5061845183372498
gpu_seed1103_ckpt300_optimizer_reset,1103,300,optimizer_reset,95,3.429985761642456,0.020150037068530566,0.006709575653076172,0.08422362024565544,0.000125,0.000125,2.5265830357869468,2.533292611440023,2.555225297808647,10.634736999869347,10.060710474848747,0.02792898193001747,0.08631178736686707,0.08010844141244888,0.3759206235408783,1.3423418140790395,0.03223732379724964,0.09682975213115895,0.020250143483281136,0.21645720303058624,1.577903151512146,170.19747924804688,170.1924285888672,2.7313146591186523,2.8851332664489746,395,95,1.0,0.3264530881711317,0.9999550180377524,0.09067028853734094,395,395,0,0.01,2.0531129837036133,1.7182074785232544,2.2485597133636475,1.0951953113200679,0.2992750406265259,8.158926010131836,0.14964278042316437,8.0838623046875,0.9907998055930264,0.5084812641143799
gpu_seed1103_ckpt300_optimizer_reset,1103,300,optimizer_reset,96,3.4428322315216064,0.020225505849526523,0.0323177178700762,0.40003832154027386,0.000125,0.000125,2.5320600668589273,2.499742348988851,2.582220070064068,10.721102930605412,10.142498463392258,0.026994772255420685,0.08636593073606491,0.08178798854351044,0.321372926235199,1.333283817066317,0.032308323366906165,0.09789778853645044,0.019521452486515045,0.19074788689613342,1.5332050323486328,170.19725036621094,170.1920928955078,2.7212069034576416,2.910778760910034,396,96,1.0,0.3271266350829606,0.9999595162339772,0.09157961824880367,396,396,0,0.01,1.884353518486023,1.8711975812911987,2.5801143646240234,1.369230528831786,0.056037936359643936,8.151182174682617,0.1516231745481491,8.07473373413086,0.9906211836621447,0.5111315250396729
gpu_seed1103_ckpt300_optimizer_reset,1103,300,optimizer_reset,97,3.4556632041931152,0.02030088358952985,0.058030128479003906,0.714073944864758,0.000125,0.000125,2.5388989448547363,2.4808688163757324,2.6091062128543854,10.80979373306036,10.225679032504559,0.026886142790317535,0.08869080245494843,0.08318056911230087,0.3501527011394501,1.324462448928541,0.03239222867510682,0.09914746740029773,0.020202212035655975,0.19299283623695374,1.4919236898422241,170.19700622558594,170.1917266845703,2.6036808490753174,2.7548468112945557,397,97,1.0,0.32779950844787764,0.9999635646105794,0.09248803863055488,397,397,0,0.01,1.7448097467422485,1.9559732675552368,2.4005138874053955,1.3758026580754965,0.1622896045446396,8.1434326171875,0.15291817486286163,8.066496849060059,0.9905524154561,0.5101295113563538
gpu_seed1103_ckpt300_optimizer_reset,1103,300,optimizer_reset,98,3.468111991882324,0.02037401611859193,0.05383141835530614,0.6652882143846561,0.000125,0.000125,2.5411580403645835,2.4873266220092773,2.6350047029554844,10.8980583101511,10.308810584247112,0.025898490101099014,0.0882645770907402,0.08313155174255371,0.3391439914703369,1.3161691848181867,0.03249862944039694,0.10041799474947818,0.020049314945936203,0.23429572582244873,1.459360957145691,170.19677734375,170.19137573242188,2.75989031791687,2.836217164993286,398,98,1.0,0.3284717089394298,0.9999672081495214,0.09339555059192428,398,398,0,0.01,1.577011227607727,1.9589221477508545,2.276386022567749,1.4434811767443827,0.18490087985992432,8.135750770568848,0.15358468890190125,8.058540344238281,0.9905097355475949,0.5097755789756775
gpu_seed1103_ckpt300_optimizer_reset,1103,300,optimizer_reset,99,3.480703592300415,0.02044798762541683,0.032488107681274414,0.4071800059198676,0.000125,0.000125,2.544581333796183,2.5120932261149087,2.661977458745241,10.986369892954826,10.39125694334507,0.026972755789756775,0.0883115828037262,0.08244635909795761,0.3629424273967743,1.3075631353917563,0.03261729239061151,0.10189336106718146,0.019090846180915833,0.2883017063140869,1.4432053565979004,170.1965789794922,170.19107055664062,2.721613883972168,2.82098126411438,399,99,1.0,0.3291432372304903,0.9999704873345694,0.09430215504133233,399,399,0,0.01,1.681982398033142,1.8609709739685059,2.060201644897461,1.224865163455558,0.3271196186542511,8.127870559692383,0.15572427213191986,8.0491361618042,0.9903130349688845,0.5127314329147339
gpu_seed1103_ckpt300_optimizer_reset,1103,300,optimizer_reset,100,3.4931788444519043,0.020521275624481704,0.015579064687093247,0.1954101813293434,6.25e-05,6.25e-05,2.536952257156372,2.521373192469279,2.688069399446249,11.071475848555565,10.470302201807499,0.026091940701007843,0.08510595560073853,0.07904525846242905,0.3773026466369629,1.299512149935642,0.03273570919843684,0.10306607665646776,0.018260981887578964,0.30605459213256836,1.4482429027557373,170.19638061523438,170.19081115722656,2.449199914932251,2.4944581985473633,400,100,1.0,0.3298140939932599,0.9999734386011124,0.09520785288629108,400,400,1,0.01,1.6217669248580933,1.7476340532302856,1.818507194519043,1.121312296264177,0.4194018840789795,8.120429992675781,0.15677312016487122,8.041028022766113,0.9902219500713294,0.513658881187439
